Copyright 1986-2020 Xilinx, Inc. All Rights Reserved.
-----------------------------------------------------------------------------------------------------------------------------------------------------------
| Tool Version : Vivado v.2020.1 (lin64) Build 2902540 Wed May 27 19:54:35 MDT 2020
| Date         : Sun Sep 21 22:52:05 2025
| Host         : orthanc running 64-bit Ubuntu 22.04.4 LTS
| Command      : report_utilization -hierarchical -file /home/jyoo/custom_v_2/custom-core-tool/reports/alubase/benches/525_x264_r/525_x264_r_util_hier.rpt
| Design       : top_bench__525_x264_r
| Device       : xcu200fsgd2104-2
| Design State : Optimized
-----------------------------------------------------------------------------------------------------------------------------------------------------------

Utilization Design Information

Table of Contents
-----------------
1. Utilization by Hierarchy

1. Utilization by Hierarchy
---------------------------

+----------------------------------------------+------------------------------------------------------+------------+------------+---------+------+-------+--------+--------+------+------------+
|                   Instance                   |                        Module                        | Total LUTs | Logic LUTs | LUTRAMs | SRLs |  FFs  | RAMB36 | RAMB18 | URAM | DSP Blocks |
+----------------------------------------------+------------------------------------------------------+------------+------------+---------+------+-------+--------+--------+------+------------+
| top_bench__525_x264_r                        |                                                (top) |       4361 |       4361 |       0 |    0 | 19816 |      0 |      0 |    0 |         24 |
|   (top_bench__525_x264_r)                    |                                                (top) |          0 |          0 |       0 |    0 |     0 |      0 |      0 |    0 |          0 |
|   u_525_x264_r                               |                               bench_core__525_x264_r |       4361 |       4361 |       0 |    0 | 19816 |      0 |      0 |    0 |         24 |
|     (u_525_x264_r)                           |                               bench_core__525_x264_r |       1280 |       1280 |       0 |    0 |     0 |      0 |      0 |    0 |          0 |
|     glen[0].core_i                           |                                       uop_block_wrap |         33 |         33 |       0 |    0 |   157 |      0 |      0 |    0 |          0 |
|       (glen[0].core_i)                       |                                       uop_block_wrap |          0 |          0 |       0 |    0 |    95 |      0 |      0 |    0 |          0 |
|       core                                   |                                            uop_block |         33 |         33 |       0 |    0 |    62 |      0 |      0 |    0 |          0 |
|         (core)                               |                                            uop_block |          1 |          1 |       0 |    0 |    31 |      0 |      0 |    0 |          0 |
|         g[0].g_normal.alu_i                  |                                     microop_unit__59 |         32 |         32 |       0 |    0 |    31 |      0 |      0 |    0 |          0 |
|     glen[100].core_i                         |                      uop_block_wrap__parameterized15 |          1 |          1 |       0 |    0 |    96 |      0 |      0 |    0 |          0 |
|       (glen[100].core_i)                     |                      uop_block_wrap__parameterized15 |          0 |          0 |       0 |    0 |    80 |      0 |      0 |    0 |          0 |
|       core                                   |                           uop_block__parameterized15 |          1 |          1 |       0 |    0 |    16 |      0 |      0 |    0 |          0 |
|         (core)                               |                           uop_block__parameterized15 |          1 |          1 |       0 |    0 |     0 |      0 |      0 |    0 |          0 |
|         g[1].g_normal.alu_i                  |                     microop_unit__parameterized11__9 |          0 |          0 |       0 |    0 |    16 |      0 |      0 |    0 |          0 |
|     glen[101].core_i                         |                   uop_block_wrap__parameterized15__7 |          1 |          1 |       0 |    0 |    96 |      0 |      0 |    0 |          0 |
|       (glen[101].core_i)                     |                   uop_block_wrap__parameterized15__7 |          0 |          0 |       0 |    0 |    80 |      0 |      0 |    0 |          0 |
|       core                                   |                        uop_block__parameterized15__7 |          1 |          1 |       0 |    0 |    16 |      0 |      0 |    0 |          0 |
|         (core)                               |                        uop_block__parameterized15__7 |          1 |          1 |       0 |    0 |     0 |      0 |      0 |    0 |          0 |
|         g[1].g_normal.alu_i                  |                    microop_unit__parameterized11__12 |          0 |          0 |       0 |    0 |    16 |      0 |      0 |    0 |          0 |
|     glen[102].core_i                         |                   uop_block_wrap__parameterized15__6 |          1 |          1 |       0 |    0 |    96 |      0 |      0 |    0 |          0 |
|       (glen[102].core_i)                     |                   uop_block_wrap__parameterized15__6 |          0 |          0 |       0 |    0 |    80 |      0 |      0 |    0 |          0 |
|       core                                   |                        uop_block__parameterized15__6 |          1 |          1 |       0 |    0 |    16 |      0 |      0 |    0 |          0 |
|         (core)                               |                        uop_block__parameterized15__6 |          1 |          1 |       0 |    0 |     0 |      0 |      0 |    0 |          0 |
|         g[1].g_normal.alu_i                  |                    microop_unit__parameterized11__11 |          0 |          0 |       0 |    0 |    16 |      0 |      0 |    0 |          0 |
|     glen[103].core_i                         |                   uop_block_wrap__parameterized15__5 |          1 |          1 |       0 |    0 |    96 |      0 |      0 |    0 |          0 |
|       (glen[103].core_i)                     |                   uop_block_wrap__parameterized15__5 |          0 |          0 |       0 |    0 |    80 |      0 |      0 |    0 |          0 |
|       core                                   |                        uop_block__parameterized15__5 |          1 |          1 |       0 |    0 |    16 |      0 |      0 |    0 |          0 |
|         (core)                               |                        uop_block__parameterized15__5 |          1 |          1 |       0 |    0 |     0 |      0 |      0 |    0 |          0 |
|         g[1].g_normal.alu_i                  |                    microop_unit__parameterized11__10 |          0 |          0 |       0 |    0 |    16 |      0 |      0 |    0 |          0 |
|     glen[104].core_i                         |                       uop_block_wrap__parameterized6 |          2 |          2 |       0 |    0 |   242 |      0 |      0 |    0 |          0 |
|       (glen[104].core_i)                     |                       uop_block_wrap__parameterized6 |          0 |          0 |       0 |    0 |   124 |      0 |      0 |    0 |          0 |
|       core                                   |                            uop_block__parameterized6 |          2 |          2 |       0 |    0 |   118 |      0 |      0 |    0 |          0 |
|         (core)                               |                            uop_block__parameterized6 |          1 |          1 |       0 |    0 |     0 |      0 |      0 |    0 |          0 |
|         g[0].g_normal.alu_i                  |                         microop_unit__parameterized7 |          1 |          1 |       0 |    0 |   118 |      0 |      0 |    0 |          0 |
|           (g[0].g_normal.alu_i)              |                         microop_unit__parameterized7 |          0 |          0 |       0 |    0 |    59 |      0 |      0 |    0 |          0 |
|           g_iadd.use_ip.int_addsub_i         |                                integer_addsub_HD6906 |          1 |          1 |       0 |    0 |    59 |      0 |      0 |    0 |          0 |
|             U0                               |               integer_addsubc_addsub_v12_0_14_HD6907 |          1 |          1 |       0 |    0 |    59 |      0 |      0 |    0 |          0 |
|               xst_addsub                     |           integer_addsubc_addsub_v12_0_14_viv_HD6908 |          1 |          1 |       0 |    0 |    59 |      0 |      0 |    0 |          0 |
|                 i_baseblox.i_baseblox_addsub |        integer_addsubc_addsub_v12_0_14_legacy_HD6909 |          1 |          1 |       0 |    0 |    59 |      0 |      0 |    0 |          0 |
|                   no_pipelining.the_addsub   | integer_addsubc_addsub_v12_0_14_fabric_legacy_HD6910 |          1 |          1 |       0 |    0 |    59 |      0 |      0 |    0 |          0 |
|                     i_lut6.i_lut6_addsub     |   integer_addsubc_addsub_v12_0_14_lut6_legacy_HD6911 |          1 |          1 |       0 |    0 |    59 |      0 |      0 |    0 |          0 |
|                       (i_lut6.i_lut6_addsub) |   integer_addsubc_addsub_v12_0_14_lut6_legacy_HD6911 |          1 |          1 |       0 |    0 |     0 |      0 |      0 |    0 |          0 |
|                       i_q.i_simple.qreg      |            integer_addsubc_reg_fd_v12_0_6_viv_HD6912 |          0 |          0 |       0 |    0 |    59 |      0 |      0 |    0 |          0 |
|     glen[105].core_i                         |                      uop_block_wrap__parameterized16 |          1 |          1 |       0 |    0 |    96 |      0 |      0 |    0 |          0 |
|       (glen[105].core_i)                     |                      uop_block_wrap__parameterized16 |          0 |          0 |       0 |    0 |    80 |      0 |      0 |    0 |          0 |
|       core                                   |                           uop_block__parameterized16 |          1 |          1 |       0 |    0 |    16 |      0 |      0 |    0 |          0 |
|         (core)                               |                           uop_block__parameterized16 |          1 |          1 |       0 |    0 |     0 |      0 |      0 |    0 |          0 |
|         g[1].g_normal.alu_i                  |                        microop_unit__parameterized11 |          0 |          0 |       0 |    0 |    16 |      0 |      0 |    0 |          0 |
|     glen[106].core_i                         |                   uop_block_wrap__parameterized16__5 |          1 |          1 |       0 |    0 |    96 |      0 |      0 |    0 |          0 |
|       (glen[106].core_i)                     |                   uop_block_wrap__parameterized16__5 |          0 |          0 |       0 |    0 |    80 |      0 |      0 |    0 |          0 |
|       core                                   |                        uop_block__parameterized16__5 |          1 |          1 |       0 |    0 |    16 |      0 |      0 |    0 |          0 |
|         (core)                               |                        uop_block__parameterized16__5 |          1 |          1 |       0 |    0 |     0 |      0 |      0 |    0 |          0 |
|         g[1].g_normal.alu_i                  |                    microop_unit__parameterized11__13 |          0 |          0 |       0 |    0 |    16 |      0 |      0 |    0 |          0 |
|     glen[107].core_i                         |                   uop_block_wrap__parameterized16__4 |          1 |          1 |       0 |    0 |    96 |      0 |      0 |    0 |          0 |
|       (glen[107].core_i)                     |                   uop_block_wrap__parameterized16__4 |          0 |          0 |       0 |    0 |    80 |      0 |      0 |    0 |          0 |
|       core                                   |                        uop_block__parameterized16__4 |          1 |          1 |       0 |    0 |    16 |      0 |      0 |    0 |          0 |
|         (core)                               |                        uop_block__parameterized16__4 |          1 |          1 |       0 |    0 |     0 |      0 |      0 |    0 |          0 |
|         g[1].g_normal.alu_i                  |                     microop_unit__parameterized11__8 |          0 |          0 |       0 |    0 |    16 |      0 |      0 |    0 |          0 |
|     glen[10].core_i                          |                                    uop_block_wrap__5 |         33 |         33 |       0 |    0 |   157 |      0 |      0 |    0 |          0 |
|       (glen[10].core_i)                      |                                    uop_block_wrap__5 |          0 |          0 |       0 |    0 |    95 |      0 |      0 |    0 |          0 |
|       core                                   |                                         uop_block__5 |         33 |         33 |       0 |    0 |    62 |      0 |      0 |    0 |          0 |
|         (core)                               |                                         uop_block__5 |          1 |          1 |       0 |    0 |    31 |      0 |      0 |    0 |          0 |
|         g[0].g_normal.alu_i                  |                                     microop_unit__13 |         32 |         32 |       0 |    0 |    31 |      0 |      0 |    0 |          0 |
|     glen[11].core_i                          |                                    uop_block_wrap__6 |         33 |         33 |       0 |    0 |   157 |      0 |      0 |    0 |          0 |
|       (glen[11].core_i)                      |                                    uop_block_wrap__6 |          0 |          0 |       0 |    0 |    95 |      0 |      0 |    0 |          0 |
|       core                                   |                                         uop_block__6 |         33 |         33 |       0 |    0 |    62 |      0 |      0 |    0 |          0 |
|         (core)                               |                                         uop_block__6 |          1 |          1 |       0 |    0 |    31 |      0 |      0 |    0 |          0 |
|         g[0].g_normal.alu_i                  |                                     microop_unit__14 |         32 |         32 |       0 |    0 |    31 |      0 |      0 |    0 |          0 |
|     glen[12].core_i                          |                                    uop_block_wrap__7 |         33 |         33 |       0 |    0 |   157 |      0 |      0 |    0 |          0 |
|       (glen[12].core_i)                      |                                    uop_block_wrap__7 |          0 |          0 |       0 |    0 |    95 |      0 |      0 |    0 |          0 |
|       core                                   |                                         uop_block__7 |         33 |         33 |       0 |    0 |    62 |      0 |      0 |    0 |          0 |
|         (core)                               |                                         uop_block__7 |          1 |          1 |       0 |    0 |    31 |      0 |      0 |    0 |          0 |
|         g[0].g_normal.alu_i                  |                                     microop_unit__15 |         32 |         32 |       0 |    0 |    31 |      0 |      0 |    0 |          0 |
|     glen[13].core_i                          |                                    uop_block_wrap__8 |         33 |         33 |       0 |    0 |   157 |      0 |      0 |    0 |          0 |
|       (glen[13].core_i)                      |                                    uop_block_wrap__8 |          0 |          0 |       0 |    0 |    95 |      0 |      0 |    0 |          0 |
|       core                                   |                                         uop_block__8 |         33 |         33 |       0 |    0 |    62 |      0 |      0 |    0 |          0 |
|         (core)                               |                                         uop_block__8 |          1 |          1 |       0 |    0 |    31 |      0 |      0 |    0 |          0 |
|         g[0].g_normal.alu_i                  |                                     microop_unit__16 |         32 |         32 |       0 |    0 |    31 |      0 |      0 |    0 |          0 |
|     glen[14].core_i                          |                    uop_block_wrap__parameterized0__1 |         33 |         33 |       0 |    0 |   192 |      0 |      0 |    0 |          0 |
|       (glen[14].core_i)                      |                    uop_block_wrap__parameterized0__1 |          0 |          0 |       0 |    0 |    96 |      0 |      0 |    0 |          0 |
|       core                                   |                         uop_block__parameterized0__1 |         33 |         33 |       0 |    0 |    96 |      0 |      0 |    0 |          0 |
|         (core)                               |                         uop_block__parameterized0__1 |          1 |          1 |       0 |    0 |    32 |      0 |      0 |    0 |          0 |
|         g[0].g_normal.alu_i                  |                                     microop_unit__39 |         32 |         32 |       0 |    0 |    32 |      0 |      0 |    0 |          0 |
|         g[1].g_normal.alu_i                  |                      microop_unit__parameterized0__3 |          0 |          0 |       0 |    0 |    32 |      0 |      0 |    0 |          0 |
|     glen[15].core_i                          |                       uop_block_wrap__parameterized1 |         33 |         33 |       0 |    0 |   224 |      0 |      0 |    0 |          0 |
|       (glen[15].core_i)                      |                       uop_block_wrap__parameterized1 |          0 |          0 |       0 |    0 |   128 |      0 |      0 |    0 |          0 |
|       core                                   |                            uop_block__parameterized1 |         33 |         33 |       0 |    0 |    96 |      0 |      0 |    0 |          0 |
|         (core)                               |                            uop_block__parameterized1 |          1 |          1 |       0 |    0 |    32 |      0 |      0 |    0 |          0 |
|         g[0].g_normal.alu_i                  |                                     microop_unit__43 |         32 |         32 |       0 |    0 |    32 |      0 |      0 |    0 |          0 |
|         g[1].g_normal.alu_i                  |                      microop_unit__parameterized1__4 |          0 |          0 |       0 |    0 |    32 |      0 |      0 |    0 |          0 |
|     glen[16].core_i                          |                    uop_block_wrap__parameterized2__1 |         33 |         33 |       0 |    0 |   160 |      0 |      0 |    0 |          0 |
|       (glen[16].core_i)                      |                    uop_block_wrap__parameterized2__1 |          0 |          0 |       0 |    0 |    96 |      0 |      0 |    0 |          0 |
|       core                                   |                         uop_block__parameterized2__1 |         33 |         33 |       0 |    0 |    64 |      0 |      0 |    0 |          0 |
|         (core)                               |                         uop_block__parameterized2__1 |          1 |          1 |       0 |    0 |     0 |      0 |      0 |    0 |          0 |
|         g[0].g_normal.alu_i                  |                      microop_unit__parameterized2__6 |          0 |          0 |       0 |    0 |    32 |      0 |      0 |    0 |          0 |
|         g[1].g_normal.alu_i                  |                      microop_unit__parameterized3__1 |         32 |         32 |       0 |    0 |    32 |      0 |      0 |    0 |          0 |
|     glen[17].core_i                          |            uop_block_wrap__parameterized3__xdcDup__1 |         65 |         65 |       0 |    0 |   384 |      0 |      0 |    0 |          0 |
|       (glen[17].core_i)                      |            uop_block_wrap__parameterized3__xdcDup__1 |          0 |          0 |       0 |    0 |   192 |      0 |      0 |    0 |          0 |
|       core                                   |                 uop_block__parameterized3__xdcDup__1 |         65 |         65 |       0 |    0 |   192 |      0 |      0 |    0 |          0 |
|         (core)                               |                 uop_block__parameterized3__xdcDup__1 |          1 |          1 |       0 |    0 |     0 |      0 |      0 |    0 |          0 |
|         g[0].g_normal.alu_i                  |                      microop_unit__parameterized4__7 |          0 |          0 |       0 |    0 |    64 |      0 |      0 |    0 |          0 |
|         g[1].g_normal.alu_i                  |              microop_unit__parameterized5__xdcDup__1 |         64 |         64 |       0 |    0 |   128 |      0 |      0 |    0 |          0 |
|           (g[1].g_normal.alu_i)              |              microop_unit__parameterized5__xdcDup__1 |          0 |          0 |       0 |    0 |    64 |      0 |      0 |    0 |          0 |
|           g_iadd.use_ip.int_addsub_i         |                                       integer_addsub |         64 |         64 |       0 |    0 |    64 |      0 |      0 |    0 |          0 |
|             U0                               |                      integer_addsubc_addsub_v12_0_14 |         64 |         64 |       0 |    0 |    64 |      0 |      0 |    0 |          0 |
|               xst_addsub                     |                  integer_addsubc_addsub_v12_0_14_viv |         64 |         64 |       0 |    0 |    64 |      0 |      0 |    0 |          0 |
|                 i_baseblox.i_baseblox_addsub |               integer_addsubc_addsub_v12_0_14_legacy |         64 |         64 |       0 |    0 |    64 |      0 |      0 |    0 |          0 |
|                   no_pipelining.the_addsub   |        integer_addsubc_addsub_v12_0_14_fabric_legacy |         64 |         64 |       0 |    0 |    64 |      0 |      0 |    0 |          0 |
|                     i_lut6.i_lut6_addsub     |          integer_addsubc_addsub_v12_0_14_lut6_legacy |         64 |         64 |       0 |    0 |    64 |      0 |      0 |    0 |          0 |
|                       (i_lut6.i_lut6_addsub) |          integer_addsubc_addsub_v12_0_14_lut6_legacy |         64 |         64 |       0 |    0 |     0 |      0 |      0 |    0 |          0 |
|                       i_q.i_simple.qreg      |                   integer_addsubc_reg_fd_v12_0_6_viv |          0 |          0 |       0 |    0 |    64 |      0 |      0 |    0 |          0 |
|     glen[18].core_i                          |                       uop_block_wrap__parameterized2 |         33 |         33 |       0 |    0 |   160 |      0 |      0 |    0 |          0 |
|       (glen[18].core_i)                      |                       uop_block_wrap__parameterized2 |          0 |          0 |       0 |    0 |    96 |      0 |      0 |    0 |          0 |
|       core                                   |                            uop_block__parameterized2 |         33 |         33 |       0 |    0 |    64 |      0 |      0 |    0 |          0 |
|         (core)                               |                            uop_block__parameterized2 |          1 |          1 |       0 |    0 |     0 |      0 |      0 |    0 |          0 |
|         g[0].g_normal.alu_i                  |                      microop_unit__parameterized2__7 |          0 |          0 |       0 |    0 |    32 |      0 |      0 |    0 |          0 |
|         g[1].g_normal.alu_i                  |                      microop_unit__parameterized3__2 |         32 |         32 |       0 |    0 |    32 |      0 |      0 |    0 |          0 |
|     glen[19].core_i                          |                    uop_block_wrap__parameterized4__1 |         33 |         33 |       0 |    0 |   224 |      0 |      0 |    0 |          0 |
|       (glen[19].core_i)                      |                    uop_block_wrap__parameterized4__1 |          0 |          0 |       0 |    0 |   128 |      0 |      0 |    0 |          0 |
|       core                                   |                         uop_block__parameterized4__1 |         33 |         33 |       0 |    0 |    96 |      0 |      0 |    0 |          0 |
|         (core)                               |                         uop_block__parameterized4__1 |          1 |          1 |       0 |    0 |    32 |      0 |      0 |    0 |          0 |
|         g[0].g_normal.alu_i                  |                                     microop_unit__40 |         32 |         32 |       0 |    0 |    32 |      0 |      0 |    0 |          0 |
|         g[1].g_normal.alu_i                  |                      microop_unit__parameterized6__4 |          0 |          0 |       0 |    0 |    32 |      0 |      0 |    0 |          0 |
|     glen[1].core_i                           |                                   uop_block_wrap__40 |         33 |         33 |       0 |    0 |   157 |      0 |      0 |    0 |          0 |
|       (glen[1].core_i)                       |                                   uop_block_wrap__40 |          0 |          0 |       0 |    0 |    95 |      0 |      0 |    0 |          0 |
|       core                                   |                                        uop_block__40 |         33 |         33 |       0 |    0 |    62 |      0 |      0 |    0 |          0 |
|         (core)                               |                                        uop_block__40 |          1 |          1 |       0 |    0 |    31 |      0 |      0 |    0 |          0 |
|         g[0].g_normal.alu_i                  |                                     microop_unit__44 |         32 |         32 |       0 |    0 |    31 |      0 |      0 |    0 |          0 |
|     glen[20].core_i                          |                    uop_block_wrap__parameterized4__2 |         33 |         33 |       0 |    0 |   224 |      0 |      0 |    0 |          0 |
|       (glen[20].core_i)                      |                    uop_block_wrap__parameterized4__2 |          0 |          0 |       0 |    0 |   128 |      0 |      0 |    0 |          0 |
|       core                                   |                         uop_block__parameterized4__2 |         33 |         33 |       0 |    0 |    96 |      0 |      0 |    0 |          0 |
|         (core)                               |                         uop_block__parameterized4__2 |          1 |          1 |       0 |    0 |    32 |      0 |      0 |    0 |          0 |
|         g[0].g_normal.alu_i                  |                                     microop_unit__41 |         32 |         32 |       0 |    0 |    32 |      0 |      0 |    0 |          0 |
|         g[1].g_normal.alu_i                  |                      microop_unit__parameterized6__5 |          0 |          0 |       0 |    0 |    32 |      0 |      0 |    0 |          0 |
|     glen[21].core_i                          |                                    uop_block_wrap__9 |         33 |         33 |       0 |    0 |   157 |      0 |      0 |    0 |          0 |
|       (glen[21].core_i)                      |                                    uop_block_wrap__9 |          0 |          0 |       0 |    0 |    95 |      0 |      0 |    0 |          0 |
|       core                                   |                                         uop_block__9 |         33 |         33 |       0 |    0 |    62 |      0 |      0 |    0 |          0 |
|         (core)                               |                                         uop_block__9 |          1 |          1 |       0 |    0 |    31 |      0 |      0 |    0 |          0 |
|         g[0].g_normal.alu_i                  |                                     microop_unit__17 |         32 |         32 |       0 |    0 |    31 |      0 |      0 |    0 |          0 |
|     glen[22].core_i                          |                                   uop_block_wrap__10 |         33 |         33 |       0 |    0 |   157 |      0 |      0 |    0 |          0 |
|       (glen[22].core_i)                      |                                   uop_block_wrap__10 |          0 |          0 |       0 |    0 |    95 |      0 |      0 |    0 |          0 |
|       core                                   |                                        uop_block__10 |         33 |         33 |       0 |    0 |    62 |      0 |      0 |    0 |          0 |
|         (core)                               |                                        uop_block__10 |          1 |          1 |       0 |    0 |    31 |      0 |      0 |    0 |          0 |
|         g[0].g_normal.alu_i                  |                                     microop_unit__18 |         32 |         32 |       0 |    0 |    31 |      0 |      0 |    0 |          0 |
|     glen[23].core_i                          |                                   uop_block_wrap__11 |         33 |         33 |       0 |    0 |   157 |      0 |      0 |    0 |          0 |
|       (glen[23].core_i)                      |                                   uop_block_wrap__11 |          0 |          0 |       0 |    0 |    95 |      0 |      0 |    0 |          0 |
|       core                                   |                                        uop_block__11 |         33 |         33 |       0 |    0 |    62 |      0 |      0 |    0 |          0 |
|         (core)                               |                                        uop_block__11 |          1 |          1 |       0 |    0 |    31 |      0 |      0 |    0 |          0 |
|         g[0].g_normal.alu_i                  |                                     microop_unit__19 |         32 |         32 |       0 |    0 |    31 |      0 |      0 |    0 |          0 |
|     glen[24].core_i                          |                                   uop_block_wrap__12 |         33 |         33 |       0 |    0 |   157 |      0 |      0 |    0 |          0 |
|       (glen[24].core_i)                      |                                   uop_block_wrap__12 |          0 |          0 |       0 |    0 |    95 |      0 |      0 |    0 |          0 |
|       core                                   |                                        uop_block__12 |         33 |         33 |       0 |    0 |    62 |      0 |      0 |    0 |          0 |
|         (core)                               |                                        uop_block__12 |          1 |          1 |       0 |    0 |    31 |      0 |      0 |    0 |          0 |
|         g[0].g_normal.alu_i                  |                                     microop_unit__20 |         32 |         32 |       0 |    0 |    31 |      0 |      0 |    0 |          0 |
|     glen[25].core_i                          |                                   uop_block_wrap__13 |         33 |         33 |       0 |    0 |   157 |      0 |      0 |    0 |          0 |
|       (glen[25].core_i)                      |                                   uop_block_wrap__13 |          0 |          0 |       0 |    0 |    95 |      0 |      0 |    0 |          0 |
|       core                                   |                                        uop_block__13 |         33 |         33 |       0 |    0 |    62 |      0 |      0 |    0 |          0 |
|         (core)                               |                                        uop_block__13 |          1 |          1 |       0 |    0 |    31 |      0 |      0 |    0 |          0 |
|         g[0].g_normal.alu_i                  |                                     microop_unit__21 |         32 |         32 |       0 |    0 |    31 |      0 |      0 |    0 |          0 |
|     glen[26].core_i                          |                                   uop_block_wrap__14 |         33 |         33 |       0 |    0 |   157 |      0 |      0 |    0 |          0 |
|       (glen[26].core_i)                      |                                   uop_block_wrap__14 |          0 |          0 |       0 |    0 |    95 |      0 |      0 |    0 |          0 |
|       core                                   |                                        uop_block__14 |         33 |         33 |       0 |    0 |    62 |      0 |      0 |    0 |          0 |
|         (core)                               |                                        uop_block__14 |          1 |          1 |       0 |    0 |    31 |      0 |      0 |    0 |          0 |
|         g[0].g_normal.alu_i                  |                                     microop_unit__22 |         32 |         32 |       0 |    0 |    31 |      0 |      0 |    0 |          0 |
|     glen[27].core_i                          |                                   uop_block_wrap__15 |         33 |         33 |       0 |    0 |   157 |      0 |      0 |    0 |          0 |
|       (glen[27].core_i)                      |                                   uop_block_wrap__15 |          0 |          0 |       0 |    0 |    95 |      0 |      0 |    0 |          0 |
|       core                                   |                                        uop_block__15 |         33 |         33 |       0 |    0 |    62 |      0 |      0 |    0 |          0 |
|         (core)                               |                                        uop_block__15 |          1 |          1 |       0 |    0 |    31 |      0 |      0 |    0 |          0 |
|         g[0].g_normal.alu_i                  |                                     microop_unit__23 |         32 |         32 |       0 |    0 |    31 |      0 |      0 |    0 |          0 |
|     glen[28].core_i                          |                                   uop_block_wrap__16 |         33 |         33 |       0 |    0 |   157 |      0 |      0 |    0 |          0 |
|       (glen[28].core_i)                      |                                   uop_block_wrap__16 |          0 |          0 |       0 |    0 |    95 |      0 |      0 |    0 |          0 |
|       core                                   |                                        uop_block__16 |         33 |         33 |       0 |    0 |    62 |      0 |      0 |    0 |          0 |
|         (core)                               |                                        uop_block__16 |          1 |          1 |       0 |    0 |    31 |      0 |      0 |    0 |          0 |
|         g[0].g_normal.alu_i                  |                                     microop_unit__24 |         32 |         32 |       0 |    0 |    31 |      0 |      0 |    0 |          0 |
|     glen[29].core_i                          |                    uop_block_wrap__parameterized5__1 |          1 |          1 |       0 |    0 |    81 |      0 |      0 |    0 |          0 |
|       (glen[29].core_i)                      |                    uop_block_wrap__parameterized5__1 |          0 |          0 |       0 |    0 |    54 |      0 |      0 |    0 |          0 |
|       core                                   |                         uop_block__parameterized5__1 |          1 |          1 |       0 |    0 |    27 |      0 |      0 |    0 |          0 |
|         (core)                               |                         uop_block__parameterized5__1 |          1 |          1 |       0 |    0 |     0 |      0 |      0 |    0 |          0 |
|         g[0].g_normal.alu_i                  |                      microop_unit__parameterized2__4 |          0 |          0 |       0 |    0 |    27 |      0 |      0 |    0 |          0 |
|     glen[2].core_i                           |                                   uop_block_wrap__39 |         33 |         33 |       0 |    0 |   157 |      0 |      0 |    0 |          0 |
|       (glen[2].core_i)                       |                                   uop_block_wrap__39 |          0 |          0 |       0 |    0 |    95 |      0 |      0 |    0 |          0 |
|       core                                   |                                        uop_block__39 |         33 |         33 |       0 |    0 |    62 |      0 |      0 |    0 |          0 |
|         (core)                               |                                        uop_block__39 |          1 |          1 |       0 |    0 |    31 |      0 |      0 |    0 |          0 |
|         g[0].g_normal.alu_i                  |                                     microop_unit__55 |         32 |         32 |       0 |    0 |    31 |      0 |      0 |    0 |          0 |
|     glen[30].core_i                          |            uop_block_wrap__parameterized6__xdcDup__1 |          2 |          2 |       0 |    0 |   242 |      0 |      0 |    0 |          0 |
|       (glen[30].core_i)                      |            uop_block_wrap__parameterized6__xdcDup__1 |          0 |          0 |       0 |    0 |   124 |      0 |      0 |    0 |          0 |
|       core                                   |                 uop_block__parameterized6__xdcDup__1 |          2 |          2 |       0 |    0 |   118 |      0 |      0 |    0 |          0 |
|         (core)                               |                 uop_block__parameterized6__xdcDup__1 |          1 |          1 |       0 |    0 |     0 |      0 |      0 |    0 |          0 |
|         g[0].g_normal.alu_i                  |              microop_unit__parameterized7__xdcDup__1 |          1 |          1 |       0 |    0 |   118 |      0 |      0 |    0 |          0 |
|           (g[0].g_normal.alu_i)              |              microop_unit__parameterized7__xdcDup__1 |          0 |          0 |       0 |    0 |    59 |      0 |      0 |    0 |          0 |
|           g_iadd.use_ip.int_addsub_i         |                                integer_addsub_HD6864 |          1 |          1 |       0 |    0 |    59 |      0 |      0 |    0 |          0 |
|             U0                               |               integer_addsubc_addsub_v12_0_14_HD6865 |          1 |          1 |       0 |    0 |    59 |      0 |      0 |    0 |          0 |
|               xst_addsub                     |           integer_addsubc_addsub_v12_0_14_viv_HD6866 |          1 |          1 |       0 |    0 |    59 |      0 |      0 |    0 |          0 |
|                 i_baseblox.i_baseblox_addsub |        integer_addsubc_addsub_v12_0_14_legacy_HD6867 |          1 |          1 |       0 |    0 |    59 |      0 |      0 |    0 |          0 |
|                   no_pipelining.the_addsub   | integer_addsubc_addsub_v12_0_14_fabric_legacy_HD6868 |          1 |          1 |       0 |    0 |    59 |      0 |      0 |    0 |          0 |
|                     i_lut6.i_lut6_addsub     |   integer_addsubc_addsub_v12_0_14_lut6_legacy_HD6869 |          1 |          1 |       0 |    0 |    59 |      0 |      0 |    0 |          0 |
|                       (i_lut6.i_lut6_addsub) |   integer_addsubc_addsub_v12_0_14_lut6_legacy_HD6869 |          1 |          1 |       0 |    0 |     0 |      0 |      0 |    0 |          0 |
|                       i_q.i_simple.qreg      |            integer_addsubc_reg_fd_v12_0_6_viv_HD6870 |          0 |          0 |       0 |    0 |    59 |      0 |      0 |    0 |          0 |
|     glen[31].core_i                          |                    uop_block_wrap__parameterized7__2 |          1 |          1 |       0 |    0 |   109 |      0 |      0 |    0 |          0 |
|       (glen[31].core_i)                      |                    uop_block_wrap__parameterized7__2 |          0 |          0 |       0 |    0 |    55 |      0 |      0 |    0 |          0 |
|       core                                   |                         uop_block__parameterized7__2 |          1 |          1 |       0 |    0 |    54 |      0 |      0 |    0 |          0 |
|         (core)                               |                         uop_block__parameterized7__2 |          1 |          1 |       0 |    0 |     0 |      0 |      0 |    0 |          0 |
|         g[0].g_normal.alu_i                  |                      microop_unit__parameterized2__8 |          0 |          0 |       0 |    0 |    27 |      0 |      0 |    0 |          0 |
|         g[1].g_normal.alu_i                  |                      microop_unit__parameterized8__2 |          0 |          0 |       0 |    0 |    27 |      0 |      0 |    0 |          0 |
|     glen[32].core_i                          |                    uop_block_wrap__parameterized8__1 |          1 |          1 |       0 |    0 |   154 |      0 |      0 |    0 |          0 |
|       (glen[32].core_i)                      |                    uop_block_wrap__parameterized8__1 |          0 |          0 |       0 |    0 |    93 |      0 |      0 |    0 |          0 |
|       core                                   |                         uop_block__parameterized8__1 |          1 |          1 |       0 |    0 |    61 |      0 |      0 |    0 |          0 |
|         (core)                               |                         uop_block__parameterized8__1 |          1 |          1 |       0 |    0 |     0 |      0 |      0 |    0 |          0 |
|         g[0].g_normal.alu_i                  |                      microop_unit__parameterized2__3 |          0 |          0 |       0 |    0 |    29 |      0 |      0 |    0 |          0 |
|         g[2].g_normal.alu_i                  |                      microop_unit__parameterized1__3 |          0 |          0 |       0 |    0 |    32 |      0 |      0 |    0 |          0 |
|     glen[33].core_i                          |                    uop_block_wrap__parameterized9__2 |         33 |         33 |       0 |    0 |   142 |      0 |      0 |    0 |          0 |
|       (glen[33].core_i)                      |                    uop_block_wrap__parameterized9__2 |          0 |          0 |       0 |    0 |    90 |      0 |      0 |    0 |          0 |
|       core                                   |                         uop_block__parameterized9__2 |         33 |         33 |       0 |    0 |    52 |      0 |      0 |    0 |          0 |
|         (core)                               |                         uop_block__parameterized9__2 |          1 |          1 |       0 |    0 |    26 |      0 |      0 |    0 |          0 |
|         g[0].g_normal.alu_i                  |                                     microop_unit__45 |         32 |         32 |       0 |    0 |    26 |      0 |      0 |    0 |          0 |
|     glen[34].core_i                          |                                   uop_block_wrap__17 |         33 |         33 |       0 |    0 |   157 |      0 |      0 |    0 |          0 |
|       (glen[34].core_i)                      |                                   uop_block_wrap__17 |          0 |          0 |       0 |    0 |    95 |      0 |      0 |    0 |          0 |
|       core                                   |                                        uop_block__17 |         33 |         33 |       0 |    0 |    62 |      0 |      0 |    0 |          0 |
|         (core)                               |                                        uop_block__17 |          1 |          1 |       0 |    0 |    31 |      0 |      0 |    0 |          0 |
|         g[0].g_normal.alu_i                  |                                     microop_unit__25 |         32 |         32 |       0 |    0 |    31 |      0 |      0 |    0 |          0 |
|     glen[35].core_i                          |                    uop_block_wrap__parameterized4__6 |         33 |         33 |       0 |    0 |   224 |      0 |      0 |    0 |          0 |
|       (glen[35].core_i)                      |                    uop_block_wrap__parameterized4__6 |          0 |          0 |       0 |    0 |   128 |      0 |      0 |    0 |          0 |
|       core                                   |                         uop_block__parameterized4__6 |         33 |         33 |       0 |    0 |    96 |      0 |      0 |    0 |          0 |
|         (core)                               |                         uop_block__parameterized4__6 |          1 |          1 |       0 |    0 |    32 |      0 |      0 |    0 |          0 |
|         g[0].g_normal.alu_i                  |                                     microop_unit__46 |         32 |         32 |       0 |    0 |    32 |      0 |      0 |    0 |          0 |
|         g[1].g_normal.alu_i                  |                      microop_unit__parameterized6__8 |          0 |          0 |       0 |    0 |    32 |      0 |      0 |    0 |          0 |
|     glen[36].core_i                          |                    uop_block_wrap__parameterized4__3 |         33 |         33 |       0 |    0 |   224 |      0 |      0 |    0 |          0 |
|       (glen[36].core_i)                      |                    uop_block_wrap__parameterized4__3 |          0 |          0 |       0 |    0 |   128 |      0 |      0 |    0 |          0 |
|       core                                   |                         uop_block__parameterized4__3 |         33 |         33 |       0 |    0 |    96 |      0 |      0 |    0 |          0 |
|         (core)                               |                         uop_block__parameterized4__3 |          1 |          1 |       0 |    0 |    32 |      0 |      0 |    0 |          0 |
|         g[0].g_normal.alu_i                  |                                     microop_unit__42 |         32 |         32 |       0 |    0 |    32 |      0 |      0 |    0 |          0 |
|         g[1].g_normal.alu_i                  |                      microop_unit__parameterized6__6 |          0 |          0 |       0 |    0 |    32 |      0 |      0 |    0 |          0 |
|     glen[37].core_i                          |                    uop_block_wrap__parameterized4__5 |         33 |         33 |       0 |    0 |   224 |      0 |      0 |    0 |          0 |
|       (glen[37].core_i)                      |                    uop_block_wrap__parameterized4__5 |          0 |          0 |       0 |    0 |   128 |      0 |      0 |    0 |          0 |
|       core                                   |                         uop_block__parameterized4__5 |         33 |         33 |       0 |    0 |    96 |      0 |      0 |    0 |          0 |
|         (core)                               |                         uop_block__parameterized4__5 |          1 |          1 |       0 |    0 |    32 |      0 |      0 |    0 |          0 |
|         g[0].g_normal.alu_i                  |                                     microop_unit__57 |         32 |         32 |       0 |    0 |    32 |      0 |      0 |    0 |          0 |
|         g[1].g_normal.alu_i                  |                      microop_unit__parameterized6__9 |          0 |          0 |       0 |    0 |    32 |      0 |      0 |    0 |          0 |
|     glen[38].core_i                          |                    uop_block_wrap__parameterized4__4 |         33 |         33 |       0 |    0 |   224 |      0 |      0 |    0 |          0 |
|       (glen[38].core_i)                      |                    uop_block_wrap__parameterized4__4 |          0 |          0 |       0 |    0 |   128 |      0 |      0 |    0 |          0 |
|       core                                   |                         uop_block__parameterized4__4 |         33 |         33 |       0 |    0 |    96 |      0 |      0 |    0 |          0 |
|         (core)                               |                         uop_block__parameterized4__4 |          1 |          1 |       0 |    0 |    32 |      0 |      0 |    0 |          0 |
|         g[0].g_normal.alu_i                  |                                      microop_unit__6 |         32 |         32 |       0 |    0 |    32 |      0 |      0 |    0 |          0 |
|         g[1].g_normal.alu_i                  |                      microop_unit__parameterized6__7 |          0 |          0 |       0 |    0 |    32 |      0 |      0 |    0 |          0 |
|     glen[39].core_i                          |                      uop_block_wrap__parameterized10 |         33 |         33 |       0 |    0 |   217 |      0 |      0 |    0 |          0 |
|       (glen[39].core_i)                      |                      uop_block_wrap__parameterized10 |          0 |          0 |       0 |    0 |   127 |      0 |      0 |    0 |          0 |
|       core                                   |                           uop_block__parameterized10 |         33 |         33 |       0 |    0 |    90 |      0 |      0 |    0 |          0 |
|         (core)                               |                           uop_block__parameterized10 |          1 |          1 |       0 |    0 |    30 |      0 |      0 |    0 |          0 |
|         g[0].g_normal.alu_i                  |                                     microop_unit__47 |         32 |         32 |       0 |    0 |    30 |      0 |      0 |    0 |          0 |
|         g[2].g_normal.alu_i                  |                     microop_unit__parameterized6__10 |          0 |          0 |       0 |    0 |    30 |      0 |      0 |    0 |          0 |
|     glen[3].core_i                           |                                   uop_block_wrap__38 |         33 |         33 |       0 |    0 |   157 |      0 |      0 |    0 |          0 |
|       (glen[3].core_i)                       |                                   uop_block_wrap__38 |          0 |          0 |       0 |    0 |    95 |      0 |      0 |    0 |          0 |
|       core                                   |                                        uop_block__38 |         33 |         33 |       0 |    0 |    62 |      0 |      0 |    0 |          0 |
|         (core)                               |                                        uop_block__38 |          1 |          1 |       0 |    0 |    31 |      0 |      0 |    0 |          0 |
|         g[0].g_normal.alu_i                  |                                     microop_unit__54 |         32 |         32 |       0 |    0 |    31 |      0 |      0 |    0 |          0 |
|     glen[40].core_i                          |                   uop_block_wrap__parameterized10__1 |         33 |         33 |       0 |    0 |   217 |      0 |      0 |    0 |          0 |
|       (glen[40].core_i)                      |                   uop_block_wrap__parameterized10__1 |          0 |          0 |       0 |    0 |   127 |      0 |      0 |    0 |          0 |
|       core                                   |                        uop_block__parameterized10__1 |         33 |         33 |       0 |    0 |    90 |      0 |      0 |    0 |          0 |
|         (core)                               |                        uop_block__parameterized10__1 |          1 |          1 |       0 |    0 |    30 |      0 |      0 |    0 |          0 |
|         g[0].g_normal.alu_i                  |                                      microop_unit__7 |         32 |         32 |       0 |    0 |    30 |      0 |      0 |    0 |          0 |
|         g[2].g_normal.alu_i                  |                      microop_unit__parameterized6__2 |          0 |          0 |       0 |    0 |    30 |      0 |      0 |    0 |          0 |
|     glen[41].core_i                          |                   uop_block_wrap__parameterized11__3 |         65 |         65 |       0 |    0 |   384 |      0 |      0 |    0 |          0 |
|       (glen[41].core_i)                      |                   uop_block_wrap__parameterized11__3 |          0 |          0 |       0 |    0 |   192 |      0 |      0 |    0 |          0 |
|       core                                   |                        uop_block__parameterized11__3 |         65 |         65 |       0 |    0 |   192 |      0 |      0 |    0 |          0 |
|         (core)                               |                        uop_block__parameterized11__3 |          1 |          1 |       0 |    0 |    64 |      0 |      0 |    0 |          0 |
|         g[0].g_normal.alu_i                  |                      microop_unit__parameterized9__4 |         64 |         64 |       0 |    0 |    64 |      0 |      0 |    0 |          0 |
|         g[1].g_normal.alu_i                  |                      microop_unit__parameterized4__8 |          0 |          0 |       0 |    0 |    64 |      0 |      0 |    0 |          0 |
|     glen[42].core_i                          |                   uop_block_wrap__parameterized11__1 |         65 |         65 |       0 |    0 |   384 |      0 |      0 |    0 |          0 |
|       (glen[42].core_i)                      |                   uop_block_wrap__parameterized11__1 |          0 |          0 |       0 |    0 |   192 |      0 |      0 |    0 |          0 |
|       core                                   |                        uop_block__parameterized11__1 |         65 |         65 |       0 |    0 |   192 |      0 |      0 |    0 |          0 |
|         (core)                               |                        uop_block__parameterized11__1 |          1 |          1 |       0 |    0 |    64 |      0 |      0 |    0 |          0 |
|         g[0].g_normal.alu_i                  |                      microop_unit__parameterized9__2 |         64 |         64 |       0 |    0 |    64 |      0 |      0 |    0 |          0 |
|         g[1].g_normal.alu_i                  |                      microop_unit__parameterized4__6 |          0 |          0 |       0 |    0 |    64 |      0 |      0 |    0 |          0 |
|     glen[43].core_i                          |                       uop_block_wrap__parameterized0 |         33 |         33 |       0 |    0 |   192 |      0 |      0 |    0 |          0 |
|       (glen[43].core_i)                      |                       uop_block_wrap__parameterized0 |          0 |          0 |       0 |    0 |    96 |      0 |      0 |    0 |          0 |
|       core                                   |                            uop_block__parameterized0 |         33 |         33 |       0 |    0 |    96 |      0 |      0 |    0 |          0 |
|         (core)                               |                            uop_block__parameterized0 |          1 |          1 |       0 |    0 |    32 |      0 |      0 |    0 |          0 |
|         g[0].g_normal.alu_i                  |                                     microop_unit__58 |         32 |         32 |       0 |    0 |    32 |      0 |      0 |    0 |          0 |
|         g[1].g_normal.alu_i                  |                      microop_unit__parameterized0__8 |          0 |          0 |       0 |    0 |    32 |      0 |      0 |    0 |          0 |
|     glen[44].core_i                          |                                   uop_block_wrap__18 |         33 |         33 |       0 |    0 |   157 |      0 |      0 |    0 |          0 |
|       (glen[44].core_i)                      |                                   uop_block_wrap__18 |          0 |          0 |       0 |    0 |    95 |      0 |      0 |    0 |          0 |
|       core                                   |                                        uop_block__18 |         33 |         33 |       0 |    0 |    62 |      0 |      0 |    0 |          0 |
|         (core)                               |                                        uop_block__18 |          1 |          1 |       0 |    0 |    31 |      0 |      0 |    0 |          0 |
|         g[0].g_normal.alu_i                  |                                     microop_unit__26 |         32 |         32 |       0 |    0 |    31 |      0 |      0 |    0 |          0 |
|     glen[45].core_i                          |                                   uop_block_wrap__35 |         33 |         33 |       0 |    0 |   157 |      0 |      0 |    0 |          0 |
|       (glen[45].core_i)                      |                                   uop_block_wrap__35 |          0 |          0 |       0 |    0 |    95 |      0 |      0 |    0 |          0 |
|       core                                   |                                        uop_block__35 |         33 |         33 |       0 |    0 |    62 |      0 |      0 |    0 |          0 |
|         (core)                               |                                        uop_block__35 |          1 |          1 |       0 |    0 |    31 |      0 |      0 |    0 |          0 |
|         g[0].g_normal.alu_i                  |                                     microop_unit__51 |         32 |         32 |       0 |    0 |    31 |      0 |      0 |    0 |          0 |
|     glen[46].core_i                          |                                   uop_block_wrap__19 |         33 |         33 |       0 |    0 |   157 |      0 |      0 |    0 |          0 |
|       (glen[46].core_i)                      |                                   uop_block_wrap__19 |          0 |          0 |       0 |    0 |    95 |      0 |      0 |    0 |          0 |
|       core                                   |                                        uop_block__19 |         33 |         33 |       0 |    0 |    62 |      0 |      0 |    0 |          0 |
|         (core)                               |                                        uop_block__19 |          1 |          1 |       0 |    0 |    31 |      0 |      0 |    0 |          0 |
|         g[0].g_normal.alu_i                  |                                     microop_unit__27 |         32 |         32 |       0 |    0 |    31 |      0 |      0 |    0 |          0 |
|     glen[47].core_i                          |                                   uop_block_wrap__34 |         33 |         33 |       0 |    0 |   157 |      0 |      0 |    0 |          0 |
|       (glen[47].core_i)                      |                                   uop_block_wrap__34 |          0 |          0 |       0 |    0 |    95 |      0 |      0 |    0 |          0 |
|       core                                   |                                        uop_block__34 |         33 |         33 |       0 |    0 |    62 |      0 |      0 |    0 |          0 |
|         (core)                               |                                        uop_block__34 |          1 |          1 |       0 |    0 |    31 |      0 |      0 |    0 |          0 |
|         g[0].g_normal.alu_i                  |                                     microop_unit__50 |         32 |         32 |       0 |    0 |    31 |      0 |      0 |    0 |          0 |
|     glen[48].core_i                          |                                   uop_block_wrap__20 |         33 |         33 |       0 |    0 |   157 |      0 |      0 |    0 |          0 |
|       (glen[48].core_i)                      |                                   uop_block_wrap__20 |          0 |          0 |       0 |    0 |    95 |      0 |      0 |    0 |          0 |
|       core                                   |                                        uop_block__20 |         33 |         33 |       0 |    0 |    62 |      0 |      0 |    0 |          0 |
|         (core)                               |                                        uop_block__20 |          1 |          1 |       0 |    0 |    31 |      0 |      0 |    0 |          0 |
|         g[0].g_normal.alu_i                  |                                     microop_unit__28 |         32 |         32 |       0 |    0 |    31 |      0 |      0 |    0 |          0 |
|     glen[49].core_i                          |                                   uop_block_wrap__33 |         33 |         33 |       0 |    0 |   157 |      0 |      0 |    0 |          0 |
|       (glen[49].core_i)                      |                                   uop_block_wrap__33 |          0 |          0 |       0 |    0 |    95 |      0 |      0 |    0 |          0 |
|       core                                   |                                        uop_block__33 |         33 |         33 |       0 |    0 |    62 |      0 |      0 |    0 |          0 |
|         (core)                               |                                        uop_block__33 |          1 |          1 |       0 |    0 |    31 |      0 |      0 |    0 |          0 |
|         g[0].g_normal.alu_i                  |                                     microop_unit__49 |         32 |         32 |       0 |    0 |    31 |      0 |      0 |    0 |          0 |
|     glen[4].core_i                           |                                   uop_block_wrap__37 |         33 |         33 |       0 |    0 |   157 |      0 |      0 |    0 |          0 |
|       (glen[4].core_i)                       |                                   uop_block_wrap__37 |          0 |          0 |       0 |    0 |    95 |      0 |      0 |    0 |          0 |
|       core                                   |                                        uop_block__37 |         33 |         33 |       0 |    0 |    62 |      0 |      0 |    0 |          0 |
|         (core)                               |                                        uop_block__37 |          1 |          1 |       0 |    0 |    31 |      0 |      0 |    0 |          0 |
|         g[0].g_normal.alu_i                  |                                     microop_unit__53 |         32 |         32 |       0 |    0 |    31 |      0 |      0 |    0 |          0 |
|     glen[50].core_i                          |                                   uop_block_wrap__21 |         33 |         33 |       0 |    0 |   157 |      0 |      0 |    0 |          0 |
|       (glen[50].core_i)                      |                                   uop_block_wrap__21 |          0 |          0 |       0 |    0 |    95 |      0 |      0 |    0 |          0 |
|       core                                   |                                        uop_block__21 |         33 |         33 |       0 |    0 |    62 |      0 |      0 |    0 |          0 |
|         (core)                               |                                        uop_block__21 |          1 |          1 |       0 |    0 |    31 |      0 |      0 |    0 |          0 |
|         g[0].g_normal.alu_i                  |                                     microop_unit__29 |         32 |         32 |       0 |    0 |    31 |      0 |      0 |    0 |          0 |
|     glen[51].core_i                          |                                   uop_block_wrap__32 |         33 |         33 |       0 |    0 |   157 |      0 |      0 |    0 |          0 |
|       (glen[51].core_i)                      |                                   uop_block_wrap__32 |          0 |          0 |       0 |    0 |    95 |      0 |      0 |    0 |          0 |
|       core                                   |                                        uop_block__32 |         33 |         33 |       0 |    0 |    62 |      0 |      0 |    0 |          0 |
|         (core)                               |                                        uop_block__32 |          1 |          1 |       0 |    0 |    31 |      0 |      0 |    0 |          0 |
|         g[0].g_normal.alu_i                  |                                     microop_unit__48 |         32 |         32 |       0 |    0 |    31 |      0 |      0 |    0 |          0 |
|     glen[52].core_i                          |           uop_block_wrap__parameterized12__xdcDup__1 |          1 |          1 |       0 |    0 |   256 |      0 |      0 |    0 |          0 |
|       (glen[52].core_i)                      |           uop_block_wrap__parameterized12__xdcDup__1 |          0 |          0 |       0 |    0 |   128 |      0 |      0 |    0 |          0 |
|       core                                   |                uop_block__parameterized12__xdcDup__1 |          1 |          1 |       0 |    0 |   128 |      0 |      0 |    0 |          0 |
|         (core)                               |                uop_block__parameterized12__xdcDup__1 |          1 |          1 |       0 |    0 |     0 |      0 |      0 |    0 |          0 |
|         g[2].g_normal.alu_i                  |                      microop_unit__parameterized1__2 |          0 |          0 |       0 |    0 |     0 |      0 |      0 |    0 |          0 |
|         g[3].g_normal.alu_i                  |              microop_unit__parameterized5__xdcDup__2 |          0 |          0 |       0 |    0 |   128 |      0 |      0 |    0 |          0 |
|           (g[3].g_normal.alu_i)              |              microop_unit__parameterized5__xdcDup__2 |          0 |          0 |       0 |    0 |    64 |      0 |      0 |    0 |          0 |
|           g_iadd.use_ip.int_addsub_i         |                                integer_addsub_HD6871 |          0 |          0 |       0 |    0 |    64 |      0 |      0 |    0 |          0 |
|             U0                               |               integer_addsubc_addsub_v12_0_14_HD6872 |          0 |          0 |       0 |    0 |    64 |      0 |      0 |    0 |          0 |
|               xst_addsub                     |           integer_addsubc_addsub_v12_0_14_viv_HD6873 |          0 |          0 |       0 |    0 |    64 |      0 |      0 |    0 |          0 |
|                 i_baseblox.i_baseblox_addsub |        integer_addsubc_addsub_v12_0_14_legacy_HD6874 |          0 |          0 |       0 |    0 |    64 |      0 |      0 |    0 |          0 |
|                   no_pipelining.the_addsub   | integer_addsubc_addsub_v12_0_14_fabric_legacy_HD6875 |          0 |          0 |       0 |    0 |    64 |      0 |      0 |    0 |          0 |
|                     i_lut6.i_lut6_addsub     |   integer_addsubc_addsub_v12_0_14_lut6_legacy_HD6876 |          0 |          0 |       0 |    0 |    64 |      0 |      0 |    0 |          0 |
|                       (i_lut6.i_lut6_addsub) |   integer_addsubc_addsub_v12_0_14_lut6_legacy_HD6876 |          0 |          0 |       0 |    0 |     0 |      0 |      0 |    0 |          0 |
|                       i_q.i_simple.qreg      |            integer_addsubc_reg_fd_v12_0_6_viv_HD6877 |          0 |          0 |       0 |    0 |    64 |      0 |      0 |    0 |          0 |
|     glen[53].core_i                          |                       uop_block_wrap__parameterized8 |          1 |          1 |       0 |    0 |   154 |      0 |      0 |    0 |          0 |
|       (glen[53].core_i)                      |                       uop_block_wrap__parameterized8 |          0 |          0 |       0 |    0 |    93 |      0 |      0 |    0 |          0 |
|       core                                   |                            uop_block__parameterized8 |          1 |          1 |       0 |    0 |    61 |      0 |      0 |    0 |          0 |
|         (core)                               |                            uop_block__parameterized8 |          1 |          1 |       0 |    0 |     0 |      0 |      0 |    0 |          0 |
|         g[0].g_normal.alu_i                  |                      microop_unit__parameterized2__9 |          0 |          0 |       0 |    0 |    29 |      0 |      0 |    0 |          0 |
|         g[2].g_normal.alu_i                  |                      microop_unit__parameterized1__5 |          0 |          0 |       0 |    0 |    32 |      0 |      0 |    0 |          0 |
|     glen[54].core_i                          |                   uop_block_wrap__parameterized13__1 |         65 |         65 |       0 |    0 |   312 |      0 |      0 |    0 |          0 |
|       (glen[54].core_i)                      |                   uop_block_wrap__parameterized13__1 |          0 |          0 |       0 |    0 |   190 |      0 |      0 |    0 |          0 |
|       core                                   |                        uop_block__parameterized13__1 |         65 |         65 |       0 |    0 |   122 |      0 |      0 |    0 |          0 |
|         (core)                               |                        uop_block__parameterized13__1 |          1 |          1 |       0 |    0 |    61 |      0 |      0 |    0 |          0 |
|         g[0].g_normal.alu_i                  |                      microop_unit__parameterized9__3 |         64 |         64 |       0 |    0 |    61 |      0 |      0 |    0 |          0 |
|     glen[55].core_i                          |                    uop_block_wrap__parameterized9__1 |         33 |         33 |       0 |    0 |   142 |      0 |      0 |    0 |          0 |
|       (glen[55].core_i)                      |                    uop_block_wrap__parameterized9__1 |          0 |          0 |       0 |    0 |    90 |      0 |      0 |    0 |          0 |
|       core                                   |                         uop_block__parameterized9__1 |         33 |         33 |       0 |    0 |    52 |      0 |      0 |    0 |          0 |
|         (core)                               |                         uop_block__parameterized9__1 |          1 |          1 |       0 |    0 |    26 |      0 |      0 |    0 |          0 |
|         g[0].g_normal.alu_i                  |                                     microop_unit__56 |         32 |         32 |       0 |    0 |    26 |      0 |      0 |    0 |          0 |
|     glen[56].core_i                          |                    uop_block_wrap__parameterized5__2 |          1 |          1 |       0 |    0 |    81 |      0 |      0 |    0 |          0 |
|       (glen[56].core_i)                      |                    uop_block_wrap__parameterized5__2 |          0 |          0 |       0 |    0 |    54 |      0 |      0 |    0 |          0 |
|       core                                   |                         uop_block__parameterized5__2 |          1 |          1 |       0 |    0 |    27 |      0 |      0 |    0 |          0 |
|         (core)                               |                         uop_block__parameterized5__2 |          1 |          1 |       0 |    0 |     0 |      0 |      0 |    0 |          0 |
|         g[0].g_normal.alu_i                  |                      microop_unit__parameterized2__5 |          0 |          0 |       0 |    0 |    27 |      0 |      0 |    0 |          0 |
|     glen[57].core_i                          |            uop_block_wrap__parameterized6__xdcDup__2 |          2 |          2 |       0 |    0 |   242 |      0 |      0 |    0 |          0 |
|       (glen[57].core_i)                      |            uop_block_wrap__parameterized6__xdcDup__2 |          0 |          0 |       0 |    0 |   124 |      0 |      0 |    0 |          0 |
|       core                                   |                 uop_block__parameterized6__xdcDup__2 |          2 |          2 |       0 |    0 |   118 |      0 |      0 |    0 |          0 |
|         (core)                               |                 uop_block__parameterized6__xdcDup__2 |          1 |          1 |       0 |    0 |     0 |      0 |      0 |    0 |          0 |
|         g[0].g_normal.alu_i                  |              microop_unit__parameterized7__xdcDup__2 |          1 |          1 |       0 |    0 |   118 |      0 |      0 |    0 |          0 |
|           (g[0].g_normal.alu_i)              |              microop_unit__parameterized7__xdcDup__2 |          0 |          0 |       0 |    0 |    59 |      0 |      0 |    0 |          0 |
|           g_iadd.use_ip.int_addsub_i         |                                integer_addsub_HD6899 |          1 |          1 |       0 |    0 |    59 |      0 |      0 |    0 |          0 |
|             U0                               |               integer_addsubc_addsub_v12_0_14_HD6900 |          1 |          1 |       0 |    0 |    59 |      0 |      0 |    0 |          0 |
|               xst_addsub                     |           integer_addsubc_addsub_v12_0_14_viv_HD6901 |          1 |          1 |       0 |    0 |    59 |      0 |      0 |    0 |          0 |
|                 i_baseblox.i_baseblox_addsub |        integer_addsubc_addsub_v12_0_14_legacy_HD6902 |          1 |          1 |       0 |    0 |    59 |      0 |      0 |    0 |          0 |
|                   no_pipelining.the_addsub   | integer_addsubc_addsub_v12_0_14_fabric_legacy_HD6903 |          1 |          1 |       0 |    0 |    59 |      0 |      0 |    0 |          0 |
|                     i_lut6.i_lut6_addsub     |   integer_addsubc_addsub_v12_0_14_lut6_legacy_HD6904 |          1 |          1 |       0 |    0 |    59 |      0 |      0 |    0 |          0 |
|                       (i_lut6.i_lut6_addsub) |   integer_addsubc_addsub_v12_0_14_lut6_legacy_HD6904 |          1 |          1 |       0 |    0 |     0 |      0 |      0 |    0 |          0 |
|                       i_q.i_simple.qreg      |            integer_addsubc_reg_fd_v12_0_6_viv_HD6905 |          0 |          0 |       0 |    0 |    59 |      0 |      0 |    0 |          0 |
|     glen[58].core_i                          |                    uop_block_wrap__parameterized7__1 |          1 |          1 |       0 |    0 |   109 |      0 |      0 |    0 |          0 |
|       (glen[58].core_i)                      |                    uop_block_wrap__parameterized7__1 |          0 |          0 |       0 |    0 |    55 |      0 |      0 |    0 |          0 |
|       core                                   |                         uop_block__parameterized7__1 |          1 |          1 |       0 |    0 |    54 |      0 |      0 |    0 |          0 |
|         (core)                               |                         uop_block__parameterized7__1 |          1 |          1 |       0 |    0 |     0 |      0 |      0 |    0 |          0 |
|         g[0].g_normal.alu_i                  |                      microop_unit__parameterized2__2 |          0 |          0 |       0 |    0 |    27 |      0 |      0 |    0 |          0 |
|         g[1].g_normal.alu_i                  |                      microop_unit__parameterized8__1 |          0 |          0 |       0 |    0 |    27 |      0 |      0 |    0 |          0 |
|     glen[59].core_i                          |                   uop_block_wrap__parameterized14__1 |        125 |        125 |       0 |    0 |   383 |      0 |      0 |    0 |         12 |
|       (glen[59].core_i)                      |                   uop_block_wrap__parameterized14__1 |          0 |          0 |       0 |    0 |    67 |      0 |      0 |    0 |          0 |
|       core                                   |                        uop_block__parameterized14__1 |        125 |        125 |       0 |    0 |   316 |      0 |      0 |    0 |         12 |
|         (core)                               |                        uop_block__parameterized14__1 |          1 |          1 |       0 |    0 |   134 |      0 |      0 |    0 |          0 |
|         g[0].g_normal.alu_i                  |                     microop_unit__parameterized2__10 |          0 |          0 |       0 |    0 |     3 |      0 |      0 |    0 |          0 |
|         g[10].g_normal.alu_i                 |                     microop_unit__parameterized10__2 |         15 |         15 |       0 |    0 |    17 |      0 |      0 |    0 |          3 |
|         g[11].g_normal.alu_i                 |                     microop_unit__parameterized10__3 |         15 |         15 |       0 |    0 |    17 |      0 |      0 |    0 |          3 |
|         g[12].g_normal.alu_i                 |                     microop_unit__parameterized10__4 |         15 |         15 |       0 |    0 |    17 |      0 |      0 |    0 |          3 |
|         g[1].g_normal.alu_i                  |                     microop_unit__parameterized2__11 |          0 |          0 |       0 |    0 |     3 |      0 |      0 |    0 |          0 |
|         g[2].g_normal.alu_i                  |                      microop_unit__parameterized8__3 |          0 |          0 |       0 |    0 |     3 |      0 |      0 |    0 |          0 |
|         g[3].g_normal.alu_i                  |                     microop_unit__parameterized2__12 |          0 |          0 |       0 |    0 |     3 |      0 |      0 |    0 |          0 |
|         g[4].g_normal.alu_i                  |                     microop_unit__parameterized2__13 |          0 |          0 |       0 |    0 |     3 |      0 |      0 |    0 |          0 |
|         g[5].g_normal.alu_i                  |                      microop_unit__parameterized8__4 |          0 |          0 |       0 |    0 |     3 |      0 |      0 |    0 |          0 |
|         g[6].g_normal.alu_i                  |                      microop_unit__parameterized3__3 |         32 |         32 |       0 |    0 |    32 |      0 |      0 |    0 |          0 |
|         g[7].g_normal.alu_i                  |                     microop_unit__parameterized2__14 |          0 |          0 |       0 |    0 |    32 |      0 |      0 |    0 |          0 |
|         g[8].g_normal.alu_i                  |                      microop_unit__parameterized3__4 |         32 |         32 |       0 |    0 |    32 |      0 |      0 |    0 |          0 |
|         g[9].g_normal.alu_i                  |                     microop_unit__parameterized10__1 |         15 |         15 |       0 |    0 |    17 |      0 |      0 |    0 |          3 |
|     glen[5].core_i                           |                                   uop_block_wrap__36 |         33 |         33 |       0 |    0 |   157 |      0 |      0 |    0 |          0 |
|       (glen[5].core_i)                       |                                   uop_block_wrap__36 |          0 |          0 |       0 |    0 |    95 |      0 |      0 |    0 |          0 |
|       core                                   |                                        uop_block__36 |         33 |         33 |       0 |    0 |    62 |      0 |      0 |    0 |          0 |
|         (core)                               |                                        uop_block__36 |          1 |          1 |       0 |    0 |    31 |      0 |      0 |    0 |          0 |
|         g[0].g_normal.alu_i                  |                                     microop_unit__52 |         32 |         32 |       0 |    0 |    31 |      0 |      0 |    0 |          0 |
|     glen[60].core_i                          |                    uop_block_wrap__parameterized5__3 |          1 |          1 |       0 |    0 |    81 |      0 |      0 |    0 |          0 |
|       (glen[60].core_i)                      |                    uop_block_wrap__parameterized5__3 |          0 |          0 |       0 |    0 |    54 |      0 |      0 |    0 |          0 |
|       core                                   |                         uop_block__parameterized5__3 |          1 |          1 |       0 |    0 |    27 |      0 |      0 |    0 |          0 |
|         (core)                               |                         uop_block__parameterized5__3 |          1 |          1 |       0 |    0 |     0 |      0 |      0 |    0 |          0 |
|         g[0].g_normal.alu_i                  |                      microop_unit__parameterized2__1 |          0 |          0 |       0 |    0 |    27 |      0 |      0 |    0 |          0 |
|     glen[61].core_i                          |                   uop_block_wrap__parameterized15__4 |          1 |          1 |       0 |    0 |    96 |      0 |      0 |    0 |          0 |
|       (glen[61].core_i)                      |                   uop_block_wrap__parameterized15__4 |          0 |          0 |       0 |    0 |    80 |      0 |      0 |    0 |          0 |
|       core                                   |                        uop_block__parameterized15__4 |          1 |          1 |       0 |    0 |    16 |      0 |      0 |    0 |          0 |
|         (core)                               |                        uop_block__parameterized15__4 |          1 |          1 |       0 |    0 |     0 |      0 |      0 |    0 |          0 |
|         g[1].g_normal.alu_i                  |                     microop_unit__parameterized11__6 |          0 |          0 |       0 |    0 |    16 |      0 |      0 |    0 |          0 |
|     glen[62].core_i                          |                   uop_block_wrap__parameterized15__1 |          1 |          1 |       0 |    0 |    96 |      0 |      0 |    0 |          0 |
|       (glen[62].core_i)                      |                   uop_block_wrap__parameterized15__1 |          0 |          0 |       0 |    0 |    80 |      0 |      0 |    0 |          0 |
|       core                                   |                        uop_block__parameterized15__1 |          1 |          1 |       0 |    0 |    16 |      0 |      0 |    0 |          0 |
|         (core)                               |                        uop_block__parameterized15__1 |          1 |          1 |       0 |    0 |     0 |      0 |      0 |    0 |          0 |
|         g[1].g_normal.alu_i                  |                     microop_unit__parameterized11__4 |          0 |          0 |       0 |    0 |    16 |      0 |      0 |    0 |          0 |
|     glen[63].core_i                          |                   uop_block_wrap__parameterized15__2 |          1 |          1 |       0 |    0 |    96 |      0 |      0 |    0 |          0 |
|       (glen[63].core_i)                      |                   uop_block_wrap__parameterized15__2 |          0 |          0 |       0 |    0 |    80 |      0 |      0 |    0 |          0 |
|       core                                   |                        uop_block__parameterized15__2 |          1 |          1 |       0 |    0 |    16 |      0 |      0 |    0 |          0 |
|         (core)                               |                        uop_block__parameterized15__2 |          1 |          1 |       0 |    0 |     0 |      0 |      0 |    0 |          0 |
|         g[1].g_normal.alu_i                  |                     microop_unit__parameterized11__5 |          0 |          0 |       0 |    0 |    16 |      0 |      0 |    0 |          0 |
|     glen[64].core_i                          |                   uop_block_wrap__parameterized15__3 |          1 |          1 |       0 |    0 |    96 |      0 |      0 |    0 |          0 |
|       (glen[64].core_i)                      |                   uop_block_wrap__parameterized15__3 |          0 |          0 |       0 |    0 |    80 |      0 |      0 |    0 |          0 |
|       core                                   |                        uop_block__parameterized15__3 |          1 |          1 |       0 |    0 |    16 |      0 |      0 |    0 |          0 |
|         (core)                               |                        uop_block__parameterized15__3 |          1 |          1 |       0 |    0 |     0 |      0 |      0 |    0 |          0 |
|         g[1].g_normal.alu_i                  |                     microop_unit__parameterized11__7 |          0 |          0 |       0 |    0 |    16 |      0 |      0 |    0 |          0 |
|     glen[65].core_i                          |            uop_block_wrap__parameterized6__xdcDup__3 |          2 |          2 |       0 |    0 |   242 |      0 |      0 |    0 |          0 |
|       (glen[65].core_i)                      |            uop_block_wrap__parameterized6__xdcDup__3 |          0 |          0 |       0 |    0 |   124 |      0 |      0 |    0 |          0 |
|       core                                   |                 uop_block__parameterized6__xdcDup__3 |          2 |          2 |       0 |    0 |   118 |      0 |      0 |    0 |          0 |
|         (core)                               |                 uop_block__parameterized6__xdcDup__3 |          1 |          1 |       0 |    0 |     0 |      0 |      0 |    0 |          0 |
|         g[0].g_normal.alu_i                  |              microop_unit__parameterized7__xdcDup__3 |          1 |          1 |       0 |    0 |   118 |      0 |      0 |    0 |          0 |
|           (g[0].g_normal.alu_i)              |              microop_unit__parameterized7__xdcDup__3 |          0 |          0 |       0 |    0 |    59 |      0 |      0 |    0 |          0 |
|           g_iadd.use_ip.int_addsub_i         |                                integer_addsub_HD6878 |          1 |          1 |       0 |    0 |    59 |      0 |      0 |    0 |          0 |
|             U0                               |               integer_addsubc_addsub_v12_0_14_HD6879 |          1 |          1 |       0 |    0 |    59 |      0 |      0 |    0 |          0 |
|               xst_addsub                     |           integer_addsubc_addsub_v12_0_14_viv_HD6880 |          1 |          1 |       0 |    0 |    59 |      0 |      0 |    0 |          0 |
|                 i_baseblox.i_baseblox_addsub |        integer_addsubc_addsub_v12_0_14_legacy_HD6881 |          1 |          1 |       0 |    0 |    59 |      0 |      0 |    0 |          0 |
|                   no_pipelining.the_addsub   | integer_addsubc_addsub_v12_0_14_fabric_legacy_HD6882 |          1 |          1 |       0 |    0 |    59 |      0 |      0 |    0 |          0 |
|                     i_lut6.i_lut6_addsub     |   integer_addsubc_addsub_v12_0_14_lut6_legacy_HD6883 |          1 |          1 |       0 |    0 |    59 |      0 |      0 |    0 |          0 |
|                       (i_lut6.i_lut6_addsub) |   integer_addsubc_addsub_v12_0_14_lut6_legacy_HD6883 |          1 |          1 |       0 |    0 |     0 |      0 |      0 |    0 |          0 |
|                       i_q.i_simple.qreg      |            integer_addsubc_reg_fd_v12_0_6_viv_HD6884 |          0 |          0 |       0 |    0 |    59 |      0 |      0 |    0 |          0 |
|     glen[66].core_i                          |                   uop_block_wrap__parameterized16__1 |          1 |          1 |       0 |    0 |    96 |      0 |      0 |    0 |          0 |
|       (glen[66].core_i)                      |                   uop_block_wrap__parameterized16__1 |          0 |          0 |       0 |    0 |    80 |      0 |      0 |    0 |          0 |
|       core                                   |                        uop_block__parameterized16__1 |          1 |          1 |       0 |    0 |    16 |      0 |      0 |    0 |          0 |
|         (core)                               |                        uop_block__parameterized16__1 |          1 |          1 |       0 |    0 |     0 |      0 |      0 |    0 |          0 |
|         g[1].g_normal.alu_i                  |                     microop_unit__parameterized11__2 |          0 |          0 |       0 |    0 |    16 |      0 |      0 |    0 |          0 |
|     glen[67].core_i                          |                   uop_block_wrap__parameterized16__2 |          1 |          1 |       0 |    0 |    96 |      0 |      0 |    0 |          0 |
|       (glen[67].core_i)                      |                   uop_block_wrap__parameterized16__2 |          0 |          0 |       0 |    0 |    80 |      0 |      0 |    0 |          0 |
|       core                                   |                        uop_block__parameterized16__2 |          1 |          1 |       0 |    0 |    16 |      0 |      0 |    0 |          0 |
|         (core)                               |                        uop_block__parameterized16__2 |          1 |          1 |       0 |    0 |     0 |      0 |      0 |    0 |          0 |
|         g[1].g_normal.alu_i                  |                     microop_unit__parameterized11__3 |          0 |          0 |       0 |    0 |    16 |      0 |      0 |    0 |          0 |
|     glen[68].core_i                          |                   uop_block_wrap__parameterized16__3 |          1 |          1 |       0 |    0 |    96 |      0 |      0 |    0 |          0 |
|       (glen[68].core_i)                      |                   uop_block_wrap__parameterized16__3 |          0 |          0 |       0 |    0 |    80 |      0 |      0 |    0 |          0 |
|       core                                   |                        uop_block__parameterized16__3 |          1 |          1 |       0 |    0 |    16 |      0 |      0 |    0 |          0 |
|         (core)                               |                        uop_block__parameterized16__3 |          1 |          1 |       0 |    0 |     0 |      0 |      0 |    0 |          0 |
|         g[1].g_normal.alu_i                  |                     microop_unit__parameterized11__1 |          0 |          0 |       0 |    0 |    16 |      0 |      0 |    0 |          0 |
|     glen[69].core_i                          |                                   uop_block_wrap__22 |         33 |         33 |       0 |    0 |   157 |      0 |      0 |    0 |          0 |
|       (glen[69].core_i)                      |                                   uop_block_wrap__22 |          0 |          0 |       0 |    0 |    95 |      0 |      0 |    0 |          0 |
|       core                                   |                                        uop_block__22 |         33 |         33 |       0 |    0 |    62 |      0 |      0 |    0 |          0 |
|         (core)                               |                                        uop_block__22 |          1 |          1 |       0 |    0 |    31 |      0 |      0 |    0 |          0 |
|         g[0].g_normal.alu_i                  |                                     microop_unit__30 |         32 |         32 |       0 |    0 |    31 |      0 |      0 |    0 |          0 |
|     glen[6].core_i                           |                                    uop_block_wrap__1 |         33 |         33 |       0 |    0 |   157 |      0 |      0 |    0 |          0 |
|       (glen[6].core_i)                       |                                    uop_block_wrap__1 |          0 |          0 |       0 |    0 |    95 |      0 |      0 |    0 |          0 |
|       core                                   |                                         uop_block__1 |         33 |         33 |       0 |    0 |    62 |      0 |      0 |    0 |          0 |
|         (core)                               |                                         uop_block__1 |          1 |          1 |       0 |    0 |    31 |      0 |      0 |    0 |          0 |
|         g[0].g_normal.alu_i                  |                                      microop_unit__9 |         32 |         32 |       0 |    0 |    31 |      0 |      0 |    0 |          0 |
|     glen[70].core_i                          |            uop_block_wrap__parameterized3__xdcDup__2 |         65 |         65 |       0 |    0 |   384 |      0 |      0 |    0 |          0 |
|       (glen[70].core_i)                      |            uop_block_wrap__parameterized3__xdcDup__2 |          0 |          0 |       0 |    0 |   192 |      0 |      0 |    0 |          0 |
|       core                                   |                 uop_block__parameterized3__xdcDup__2 |         65 |         65 |       0 |    0 |   192 |      0 |      0 |    0 |          0 |
|         (core)                               |                 uop_block__parameterized3__xdcDup__2 |          1 |          1 |       0 |    0 |     0 |      0 |      0 |    0 |          0 |
|         g[0].g_normal.alu_i                  |                      microop_unit__parameterized4__5 |          0 |          0 |       0 |    0 |    64 |      0 |      0 |    0 |          0 |
|         g[1].g_normal.alu_i                  |              microop_unit__parameterized5__xdcDup__3 |         64 |         64 |       0 |    0 |   128 |      0 |      0 |    0 |          0 |
|           (g[1].g_normal.alu_i)              |              microop_unit__parameterized5__xdcDup__3 |          0 |          0 |       0 |    0 |    64 |      0 |      0 |    0 |          0 |
|           g_iadd.use_ip.int_addsub_i         |                                integer_addsub_HD6885 |         64 |         64 |       0 |    0 |    64 |      0 |      0 |    0 |          0 |
|             U0                               |               integer_addsubc_addsub_v12_0_14_HD6886 |         64 |         64 |       0 |    0 |    64 |      0 |      0 |    0 |          0 |
|               xst_addsub                     |           integer_addsubc_addsub_v12_0_14_viv_HD6887 |         64 |         64 |       0 |    0 |    64 |      0 |      0 |    0 |          0 |
|                 i_baseblox.i_baseblox_addsub |        integer_addsubc_addsub_v12_0_14_legacy_HD6888 |         64 |         64 |       0 |    0 |    64 |      0 |      0 |    0 |          0 |
|                   no_pipelining.the_addsub   | integer_addsubc_addsub_v12_0_14_fabric_legacy_HD6889 |         64 |         64 |       0 |    0 |    64 |      0 |      0 |    0 |          0 |
|                     i_lut6.i_lut6_addsub     |   integer_addsubc_addsub_v12_0_14_lut6_legacy_HD6890 |         64 |         64 |       0 |    0 |    64 |      0 |      0 |    0 |          0 |
|                       (i_lut6.i_lut6_addsub) |   integer_addsubc_addsub_v12_0_14_lut6_legacy_HD6890 |         64 |         64 |       0 |    0 |     0 |      0 |      0 |    0 |          0 |
|                       i_q.i_simple.qreg      |            integer_addsubc_reg_fd_v12_0_6_viv_HD6891 |          0 |          0 |       0 |    0 |    64 |      0 |      0 |    0 |          0 |
|     glen[71].core_i                          |                                   uop_block_wrap__23 |         33 |         33 |       0 |    0 |   157 |      0 |      0 |    0 |          0 |
|       (glen[71].core_i)                      |                                   uop_block_wrap__23 |          0 |          0 |       0 |    0 |    95 |      0 |      0 |    0 |          0 |
|       core                                   |                                        uop_block__23 |         33 |         33 |       0 |    0 |    62 |      0 |      0 |    0 |          0 |
|         (core)                               |                                        uop_block__23 |          1 |          1 |       0 |    0 |    31 |      0 |      0 |    0 |          0 |
|         g[0].g_normal.alu_i                  |                                     microop_unit__31 |         32 |         32 |       0 |    0 |    31 |      0 |      0 |    0 |          0 |
|     glen[72].core_i                          |                    uop_block_wrap__parameterized0__2 |         33 |         33 |       0 |    0 |   192 |      0 |      0 |    0 |          0 |
|       (glen[72].core_i)                      |                    uop_block_wrap__parameterized0__2 |          0 |          0 |       0 |    0 |    96 |      0 |      0 |    0 |          0 |
|       core                                   |                         uop_block__parameterized0__2 |         33 |         33 |       0 |    0 |    96 |      0 |      0 |    0 |          0 |
|         (core)                               |                         uop_block__parameterized0__2 |          1 |          1 |       0 |    0 |    32 |      0 |      0 |    0 |          0 |
|         g[0].g_normal.alu_i                  |                                      microop_unit__4 |         32 |         32 |       0 |    0 |    32 |      0 |      0 |    0 |          0 |
|         g[1].g_normal.alu_i                  |                      microop_unit__parameterized0__1 |          0 |          0 |       0 |    0 |    32 |      0 |      0 |    0 |          0 |
|     glen[73].core_i                          |                       uop_block_wrap__parameterized3 |         65 |         65 |       0 |    0 |   384 |      0 |      0 |    0 |          0 |
|       (glen[73].core_i)                      |                       uop_block_wrap__parameterized3 |          0 |          0 |       0 |    0 |   192 |      0 |      0 |    0 |          0 |
|       core                                   |                            uop_block__parameterized3 |         65 |         65 |       0 |    0 |   192 |      0 |      0 |    0 |          0 |
|         (core)                               |                            uop_block__parameterized3 |          1 |          1 |       0 |    0 |     0 |      0 |      0 |    0 |          0 |
|         g[0].g_normal.alu_i                  |                      microop_unit__parameterized4__4 |          0 |          0 |       0 |    0 |    64 |      0 |      0 |    0 |          0 |
|         g[1].g_normal.alu_i                  |              microop_unit__parameterized5__xdcDup__4 |         64 |         64 |       0 |    0 |   128 |      0 |      0 |    0 |          0 |
|           (g[1].g_normal.alu_i)              |              microop_unit__parameterized5__xdcDup__4 |          0 |          0 |       0 |    0 |    64 |      0 |      0 |    0 |          0 |
|           g_iadd.use_ip.int_addsub_i         |                                integer_addsub_HD6892 |         64 |         64 |       0 |    0 |    64 |      0 |      0 |    0 |          0 |
|             U0                               |               integer_addsubc_addsub_v12_0_14_HD6893 |         64 |         64 |       0 |    0 |    64 |      0 |      0 |    0 |          0 |
|               xst_addsub                     |           integer_addsubc_addsub_v12_0_14_viv_HD6894 |         64 |         64 |       0 |    0 |    64 |      0 |      0 |    0 |          0 |
|                 i_baseblox.i_baseblox_addsub |        integer_addsubc_addsub_v12_0_14_legacy_HD6895 |         64 |         64 |       0 |    0 |    64 |      0 |      0 |    0 |          0 |
|                   no_pipelining.the_addsub   | integer_addsubc_addsub_v12_0_14_fabric_legacy_HD6896 |         64 |         64 |       0 |    0 |    64 |      0 |      0 |    0 |          0 |
|                     i_lut6.i_lut6_addsub     |   integer_addsubc_addsub_v12_0_14_lut6_legacy_HD6897 |         64 |         64 |       0 |    0 |    64 |      0 |      0 |    0 |          0 |
|                       (i_lut6.i_lut6_addsub) |   integer_addsubc_addsub_v12_0_14_lut6_legacy_HD6897 |         64 |         64 |       0 |    0 |     0 |      0 |      0 |    0 |          0 |
|                       i_q.i_simple.qreg      |            integer_addsubc_reg_fd_v12_0_6_viv_HD6898 |          0 |          0 |       0 |    0 |    64 |      0 |      0 |    0 |          0 |
|     glen[74].core_i                          |                                   uop_block_wrap__24 |         33 |         33 |       0 |    0 |   157 |      0 |      0 |    0 |          0 |
|       (glen[74].core_i)                      |                                   uop_block_wrap__24 |          0 |          0 |       0 |    0 |    95 |      0 |      0 |    0 |          0 |
|       core                                   |                                        uop_block__24 |         33 |         33 |       0 |    0 |    62 |      0 |      0 |    0 |          0 |
|         (core)                               |                                        uop_block__24 |          1 |          1 |       0 |    0 |    31 |      0 |      0 |    0 |          0 |
|         g[0].g_normal.alu_i                  |                                     microop_unit__32 |         32 |         32 |       0 |    0 |    31 |      0 |      0 |    0 |          0 |
|     glen[75].core_i                          |                                   uop_block_wrap__25 |         33 |         33 |       0 |    0 |   157 |      0 |      0 |    0 |          0 |
|       (glen[75].core_i)                      |                                   uop_block_wrap__25 |          0 |          0 |       0 |    0 |    95 |      0 |      0 |    0 |          0 |
|       core                                   |                                        uop_block__25 |         33 |         33 |       0 |    0 |    62 |      0 |      0 |    0 |          0 |
|         (core)                               |                                        uop_block__25 |          1 |          1 |       0 |    0 |    31 |      0 |      0 |    0 |          0 |
|         g[0].g_normal.alu_i                  |                                     microop_unit__33 |         32 |         32 |       0 |    0 |    31 |      0 |      0 |    0 |          0 |
|     glen[76].core_i                          |                                   uop_block_wrap__26 |         33 |         33 |       0 |    0 |   157 |      0 |      0 |    0 |          0 |
|       (glen[76].core_i)                      |                                   uop_block_wrap__26 |          0 |          0 |       0 |    0 |    95 |      0 |      0 |    0 |          0 |
|       core                                   |                                        uop_block__26 |         33 |         33 |       0 |    0 |    62 |      0 |      0 |    0 |          0 |
|         (core)                               |                                        uop_block__26 |          1 |          1 |       0 |    0 |    31 |      0 |      0 |    0 |          0 |
|         g[0].g_normal.alu_i                  |                                     microop_unit__34 |         32 |         32 |       0 |    0 |    31 |      0 |      0 |    0 |          0 |
|     glen[77].core_i                          |                                   uop_block_wrap__27 |         33 |         33 |       0 |    0 |   157 |      0 |      0 |    0 |          0 |
|       (glen[77].core_i)                      |                                   uop_block_wrap__27 |          0 |          0 |       0 |    0 |    95 |      0 |      0 |    0 |          0 |
|       core                                   |                                        uop_block__27 |         33 |         33 |       0 |    0 |    62 |      0 |      0 |    0 |          0 |
|         (core)                               |                                        uop_block__27 |          1 |          1 |       0 |    0 |    31 |      0 |      0 |    0 |          0 |
|         g[0].g_normal.alu_i                  |                                     microop_unit__35 |         32 |         32 |       0 |    0 |    31 |      0 |      0 |    0 |          0 |
|     glen[78].core_i                          |                                   uop_block_wrap__28 |         33 |         33 |       0 |    0 |   157 |      0 |      0 |    0 |          0 |
|       (glen[78].core_i)                      |                                   uop_block_wrap__28 |          0 |          0 |       0 |    0 |    95 |      0 |      0 |    0 |          0 |
|       core                                   |                                        uop_block__28 |         33 |         33 |       0 |    0 |    62 |      0 |      0 |    0 |          0 |
|         (core)                               |                                        uop_block__28 |          1 |          1 |       0 |    0 |    31 |      0 |      0 |    0 |          0 |
|         g[0].g_normal.alu_i                  |                                     microop_unit__36 |         32 |         32 |       0 |    0 |    31 |      0 |      0 |    0 |          0 |
|     glen[79].core_i                          |                                   uop_block_wrap__29 |         33 |         33 |       0 |    0 |   157 |      0 |      0 |    0 |          0 |
|       (glen[79].core_i)                      |                                   uop_block_wrap__29 |          0 |          0 |       0 |    0 |    95 |      0 |      0 |    0 |          0 |
|       core                                   |                                        uop_block__29 |         33 |         33 |       0 |    0 |    62 |      0 |      0 |    0 |          0 |
|         (core)                               |                                        uop_block__29 |          1 |          1 |       0 |    0 |    31 |      0 |      0 |    0 |          0 |
|         g[0].g_normal.alu_i                  |                                     microop_unit__37 |         32 |         32 |       0 |    0 |    31 |      0 |      0 |    0 |          0 |
|     glen[7].core_i                           |                                    uop_block_wrap__2 |         33 |         33 |       0 |    0 |   157 |      0 |      0 |    0 |          0 |
|       (glen[7].core_i)                       |                                    uop_block_wrap__2 |          0 |          0 |       0 |    0 |    95 |      0 |      0 |    0 |          0 |
|       core                                   |                                         uop_block__2 |         33 |         33 |       0 |    0 |    62 |      0 |      0 |    0 |          0 |
|         (core)                               |                                         uop_block__2 |          1 |          1 |       0 |    0 |    31 |      0 |      0 |    0 |          0 |
|         g[0].g_normal.alu_i                  |                                     microop_unit__10 |         32 |         32 |       0 |    0 |    31 |      0 |      0 |    0 |          0 |
|     glen[80].core_i                          |                                   uop_block_wrap__30 |         33 |         33 |       0 |    0 |   157 |      0 |      0 |    0 |          0 |
|       (glen[80].core_i)                      |                                   uop_block_wrap__30 |          0 |          0 |       0 |    0 |    95 |      0 |      0 |    0 |          0 |
|       core                                   |                                        uop_block__30 |         33 |         33 |       0 |    0 |    62 |      0 |      0 |    0 |          0 |
|         (core)                               |                                        uop_block__30 |          1 |          1 |       0 |    0 |    31 |      0 |      0 |    0 |          0 |
|         g[0].g_normal.alu_i                  |                                     microop_unit__38 |         32 |         32 |       0 |    0 |    31 |      0 |      0 |    0 |          0 |
|     glen[81].core_i                          |                                   uop_block_wrap__31 |         33 |         33 |       0 |    0 |   157 |      0 |      0 |    0 |          0 |
|       (glen[81].core_i)                      |                                   uop_block_wrap__31 |          0 |          0 |       0 |    0 |    95 |      0 |      0 |    0 |          0 |
|       core                                   |                                        uop_block__31 |         33 |         33 |       0 |    0 |    62 |      0 |      0 |    0 |          0 |
|         (core)                               |                                        uop_block__31 |          1 |          1 |       0 |    0 |    31 |      0 |      0 |    0 |          0 |
|         g[0].g_normal.alu_i                  |                                      microop_unit__3 |         32 |         32 |       0 |    0 |    31 |      0 |      0 |    0 |          0 |
|     glen[82].core_i                          |                   uop_block_wrap__parameterized10__2 |         33 |         33 |       0 |    0 |   217 |      0 |      0 |    0 |          0 |
|       (glen[82].core_i)                      |                   uop_block_wrap__parameterized10__2 |          0 |          0 |       0 |    0 |   127 |      0 |      0 |    0 |          0 |
|       core                                   |                        uop_block__parameterized10__2 |         33 |         33 |       0 |    0 |    90 |      0 |      0 |    0 |          0 |
|         (core)                               |                        uop_block__parameterized10__2 |          1 |          1 |       0 |    0 |    30 |      0 |      0 |    0 |          0 |
|         g[0].g_normal.alu_i                  |                                      microop_unit__8 |         32 |         32 |       0 |    0 |    30 |      0 |      0 |    0 |          0 |
|         g[2].g_normal.alu_i                  |                      microop_unit__parameterized6__3 |          0 |          0 |       0 |    0 |    30 |      0 |      0 |    0 |          0 |
|     glen[83].core_i                          |                   uop_block_wrap__parameterized10__3 |         33 |         33 |       0 |    0 |   217 |      0 |      0 |    0 |          0 |
|       (glen[83].core_i)                      |                   uop_block_wrap__parameterized10__3 |          0 |          0 |       0 |    0 |   127 |      0 |      0 |    0 |          0 |
|       core                                   |                        uop_block__parameterized10__3 |         33 |         33 |       0 |    0 |    90 |      0 |      0 |    0 |          0 |
|         (core)                               |                        uop_block__parameterized10__3 |          1 |          1 |       0 |    0 |    30 |      0 |      0 |    0 |          0 |
|         g[0].g_normal.alu_i                  |                                      microop_unit__2 |         32 |         32 |       0 |    0 |    30 |      0 |      0 |    0 |          0 |
|         g[2].g_normal.alu_i                  |                      microop_unit__parameterized6__1 |          0 |          0 |       0 |    0 |    30 |      0 |      0 |    0 |          0 |
|     glen[84].core_i                          |                   uop_block_wrap__parameterized11__2 |         65 |         65 |       0 |    0 |   384 |      0 |      0 |    0 |          0 |
|       (glen[84].core_i)                      |                   uop_block_wrap__parameterized11__2 |          0 |          0 |       0 |    0 |   192 |      0 |      0 |    0 |          0 |
|       core                                   |                        uop_block__parameterized11__2 |         65 |         65 |       0 |    0 |   192 |      0 |      0 |    0 |          0 |
|         (core)                               |                        uop_block__parameterized11__2 |          1 |          1 |       0 |    0 |    64 |      0 |      0 |    0 |          0 |
|         g[0].g_normal.alu_i                  |                      microop_unit__parameterized9__1 |         64 |         64 |       0 |    0 |    64 |      0 |      0 |    0 |          0 |
|         g[1].g_normal.alu_i                  |                      microop_unit__parameterized4__3 |          0 |          0 |       0 |    0 |    64 |      0 |      0 |    0 |          0 |
|     glen[85].core_i                          |                      uop_block_wrap__parameterized11 |         65 |         65 |       0 |    0 |   384 |      0 |      0 |    0 |          0 |
|       (glen[85].core_i)                      |                      uop_block_wrap__parameterized11 |          0 |          0 |       0 |    0 |   192 |      0 |      0 |    0 |          0 |
|       core                                   |                           uop_block__parameterized11 |         65 |         65 |       0 |    0 |   192 |      0 |      0 |    0 |          0 |
|         (core)                               |                           uop_block__parameterized11 |          1 |          1 |       0 |    0 |    64 |      0 |      0 |    0 |          0 |
|         g[0].g_normal.alu_i                  |                      microop_unit__parameterized9__5 |         64 |         64 |       0 |    0 |    64 |      0 |      0 |    0 |          0 |
|         g[1].g_normal.alu_i                  |                         microop_unit__parameterized4 |          0 |          0 |       0 |    0 |    64 |      0 |      0 |    0 |          0 |
|     glen[86].core_i                          |                       uop_block_wrap__parameterized4 |         33 |         33 |       0 |    0 |   224 |      0 |      0 |    0 |          0 |
|       (glen[86].core_i)                      |                       uop_block_wrap__parameterized4 |          0 |          0 |       0 |    0 |   128 |      0 |      0 |    0 |          0 |
|       core                                   |                            uop_block__parameterized4 |         33 |         33 |       0 |    0 |    96 |      0 |      0 |    0 |          0 |
|         (core)                               |                            uop_block__parameterized4 |          1 |          1 |       0 |    0 |    32 |      0 |      0 |    0 |          0 |
|         g[0].g_normal.alu_i                  |                                     microop_unit__60 |         32 |         32 |       0 |    0 |    32 |      0 |      0 |    0 |          0 |
|         g[1].g_normal.alu_i                  |                         microop_unit__parameterized6 |          0 |          0 |       0 |    0 |    32 |      0 |      0 |    0 |          0 |
|     glen[87].core_i                          |                    uop_block_wrap__parameterized4__9 |         33 |         33 |       0 |    0 |   224 |      0 |      0 |    0 |          0 |
|       (glen[87].core_i)                      |                    uop_block_wrap__parameterized4__9 |          0 |          0 |       0 |    0 |   128 |      0 |      0 |    0 |          0 |
|       core                                   |                         uop_block__parameterized4__9 |         33 |         33 |       0 |    0 |    96 |      0 |      0 |    0 |          0 |
|         (core)                               |                         uop_block__parameterized4__9 |          1 |          1 |       0 |    0 |    32 |      0 |      0 |    0 |          0 |
|         g[0].g_normal.alu_i                  |                                     microop_unit__65 |         32 |         32 |       0 |    0 |    32 |      0 |      0 |    0 |          0 |
|         g[1].g_normal.alu_i                  |                     microop_unit__parameterized6__13 |          0 |          0 |       0 |    0 |    32 |      0 |      0 |    0 |          0 |
|     glen[88].core_i                          |                      uop_block_wrap__parameterized12 |          1 |          1 |       0 |    0 |   256 |      0 |      0 |    0 |          0 |
|       (glen[88].core_i)                      |                      uop_block_wrap__parameterized12 |          0 |          0 |       0 |    0 |   128 |      0 |      0 |    0 |          0 |
|       core                                   |                           uop_block__parameterized12 |          1 |          1 |       0 |    0 |   128 |      0 |      0 |    0 |          0 |
|         (core)                               |                           uop_block__parameterized12 |          1 |          1 |       0 |    0 |     0 |      0 |      0 |    0 |          0 |
|         g[2].g_normal.alu_i                  |                         microop_unit__parameterized1 |          0 |          0 |       0 |    0 |     0 |      0 |      0 |    0 |          0 |
|         g[3].g_normal.alu_i                  |                         microop_unit__parameterized5 |          0 |          0 |       0 |    0 |   128 |      0 |      0 |    0 |          0 |
|           (g[3].g_normal.alu_i)              |                         microop_unit__parameterized5 |          0 |          0 |       0 |    0 |    64 |      0 |      0 |    0 |          0 |
|           g_iadd.use_ip.int_addsub_i         |                                integer_addsub_HD6920 |          0 |          0 |       0 |    0 |    64 |      0 |      0 |    0 |          0 |
|             U0                               |               integer_addsubc_addsub_v12_0_14_HD6921 |          0 |          0 |       0 |    0 |    64 |      0 |      0 |    0 |          0 |
|               xst_addsub                     |           integer_addsubc_addsub_v12_0_14_viv_HD6922 |          0 |          0 |       0 |    0 |    64 |      0 |      0 |    0 |          0 |
|                 i_baseblox.i_baseblox_addsub |        integer_addsubc_addsub_v12_0_14_legacy_HD6923 |          0 |          0 |       0 |    0 |    64 |      0 |      0 |    0 |          0 |
|                   no_pipelining.the_addsub   | integer_addsubc_addsub_v12_0_14_fabric_legacy_HD6924 |          0 |          0 |       0 |    0 |    64 |      0 |      0 |    0 |          0 |
|                     i_lut6.i_lut6_addsub     |   integer_addsubc_addsub_v12_0_14_lut6_legacy_HD6925 |          0 |          0 |       0 |    0 |    64 |      0 |      0 |    0 |          0 |
|                       (i_lut6.i_lut6_addsub) |   integer_addsubc_addsub_v12_0_14_lut6_legacy_HD6925 |          0 |          0 |       0 |    0 |     0 |      0 |      0 |    0 |          0 |
|                       i_q.i_simple.qreg      |            integer_addsubc_reg_fd_v12_0_6_viv_HD6926 |          0 |          0 |       0 |    0 |    64 |      0 |      0 |    0 |          0 |
|     glen[89].core_i                          |                   uop_block_wrap__parameterized11__4 |         65 |         65 |       0 |    0 |   384 |      0 |      0 |    0 |          0 |
|       (glen[89].core_i)                      |                   uop_block_wrap__parameterized11__4 |          0 |          0 |       0 |    0 |   192 |      0 |      0 |    0 |          0 |
|       core                                   |                        uop_block__parameterized11__4 |         65 |         65 |       0 |    0 |   192 |      0 |      0 |    0 |          0 |
|         (core)                               |                        uop_block__parameterized11__4 |          1 |          1 |       0 |    0 |    64 |      0 |      0 |    0 |          0 |
|         g[0].g_normal.alu_i                  |                      microop_unit__parameterized9__6 |         64 |         64 |       0 |    0 |    64 |      0 |      0 |    0 |          0 |
|         g[1].g_normal.alu_i                  |                      microop_unit__parameterized4__9 |          0 |          0 |       0 |    0 |    64 |      0 |      0 |    0 |          0 |
|     glen[8].core_i                           |                                    uop_block_wrap__3 |         33 |         33 |       0 |    0 |   157 |      0 |      0 |    0 |          0 |
|       (glen[8].core_i)                       |                                    uop_block_wrap__3 |          0 |          0 |       0 |    0 |    95 |      0 |      0 |    0 |          0 |
|       core                                   |                                         uop_block__3 |         33 |         33 |       0 |    0 |    62 |      0 |      0 |    0 |          0 |
|         (core)                               |                                         uop_block__3 |          1 |          1 |       0 |    0 |    31 |      0 |      0 |    0 |          0 |
|         g[0].g_normal.alu_i                  |                                     microop_unit__11 |         32 |         32 |       0 |    0 |    31 |      0 |      0 |    0 |          0 |
|     glen[90].core_i                          |                    uop_block_wrap__parameterized4__8 |         33 |         33 |       0 |    0 |   224 |      0 |      0 |    0 |          0 |
|       (glen[90].core_i)                      |                    uop_block_wrap__parameterized4__8 |          0 |          0 |       0 |    0 |   128 |      0 |      0 |    0 |          0 |
|       core                                   |                         uop_block__parameterized4__8 |         33 |         33 |       0 |    0 |    96 |      0 |      0 |    0 |          0 |
|         (core)                               |                         uop_block__parameterized4__8 |          1 |          1 |       0 |    0 |    32 |      0 |      0 |    0 |          0 |
|         g[0].g_normal.alu_i                  |                                     microop_unit__64 |         32 |         32 |       0 |    0 |    32 |      0 |      0 |    0 |          0 |
|         g[1].g_normal.alu_i                  |                     microop_unit__parameterized6__12 |          0 |          0 |       0 |    0 |    32 |      0 |      0 |    0 |          0 |
|     glen[91].core_i                          |                    uop_block_wrap__parameterized4__7 |         33 |         33 |       0 |    0 |   224 |      0 |      0 |    0 |          0 |
|       (glen[91].core_i)                      |                    uop_block_wrap__parameterized4__7 |          0 |          0 |       0 |    0 |   128 |      0 |      0 |    0 |          0 |
|       core                                   |                         uop_block__parameterized4__7 |         33 |         33 |       0 |    0 |    96 |      0 |      0 |    0 |          0 |
|         (core)                               |                         uop_block__parameterized4__7 |          1 |          1 |       0 |    0 |    32 |      0 |      0 |    0 |          0 |
|         g[0].g_normal.alu_i                  |                                     microop_unit__63 |         32 |         32 |       0 |    0 |    32 |      0 |      0 |    0 |          0 |
|         g[1].g_normal.alu_i                  |                     microop_unit__parameterized6__11 |          0 |          0 |       0 |    0 |    32 |      0 |      0 |    0 |          0 |
|     glen[92].core_i                          |                       uop_block_wrap__parameterized9 |         33 |         33 |       0 |    0 |   142 |      0 |      0 |    0 |          0 |
|       (glen[92].core_i)                      |                       uop_block_wrap__parameterized9 |          0 |          0 |       0 |    0 |    90 |      0 |      0 |    0 |          0 |
|       core                                   |                            uop_block__parameterized9 |         33 |         33 |       0 |    0 |    52 |      0 |      0 |    0 |          0 |
|         (core)                               |                            uop_block__parameterized9 |          1 |          1 |       0 |    0 |    26 |      0 |      0 |    0 |          0 |
|         g[0].g_normal.alu_i                  |                                         microop_unit |         32 |         32 |       0 |    0 |    26 |      0 |      0 |    0 |          0 |
|     glen[93].core_i                          |                       uop_block_wrap__parameterized5 |          1 |          1 |       0 |    0 |    81 |      0 |      0 |    0 |          0 |
|       (glen[93].core_i)                      |                       uop_block_wrap__parameterized5 |          0 |          0 |       0 |    0 |    54 |      0 |      0 |    0 |          0 |
|       core                                   |                            uop_block__parameterized5 |          1 |          1 |       0 |    0 |    27 |      0 |      0 |    0 |          0 |
|         (core)                               |                            uop_block__parameterized5 |          1 |          1 |       0 |    0 |     0 |      0 |      0 |    0 |          0 |
|         g[0].g_normal.alu_i                  |                     microop_unit__parameterized2__15 |          0 |          0 |       0 |    0 |    27 |      0 |      0 |    0 |          0 |
|     glen[94].core_i                          |            uop_block_wrap__parameterized6__xdcDup__4 |          2 |          2 |       0 |    0 |   242 |      0 |      0 |    0 |          0 |
|       (glen[94].core_i)                      |            uop_block_wrap__parameterized6__xdcDup__4 |          0 |          0 |       0 |    0 |   124 |      0 |      0 |    0 |          0 |
|       core                                   |                 uop_block__parameterized6__xdcDup__4 |          2 |          2 |       0 |    0 |   118 |      0 |      0 |    0 |          0 |
|         (core)                               |                 uop_block__parameterized6__xdcDup__4 |          1 |          1 |       0 |    0 |     0 |      0 |      0 |    0 |          0 |
|         g[0].g_normal.alu_i                  |              microop_unit__parameterized7__xdcDup__4 |          1 |          1 |       0 |    0 |   118 |      0 |      0 |    0 |          0 |
|           (g[0].g_normal.alu_i)              |              microop_unit__parameterized7__xdcDup__4 |          0 |          0 |       0 |    0 |    59 |      0 |      0 |    0 |          0 |
|           g_iadd.use_ip.int_addsub_i         |                                integer_addsub_HD6913 |          1 |          1 |       0 |    0 |    59 |      0 |      0 |    0 |          0 |
|             U0                               |               integer_addsubc_addsub_v12_0_14_HD6914 |          1 |          1 |       0 |    0 |    59 |      0 |      0 |    0 |          0 |
|               xst_addsub                     |           integer_addsubc_addsub_v12_0_14_viv_HD6915 |          1 |          1 |       0 |    0 |    59 |      0 |      0 |    0 |          0 |
|                 i_baseblox.i_baseblox_addsub |        integer_addsubc_addsub_v12_0_14_legacy_HD6916 |          1 |          1 |       0 |    0 |    59 |      0 |      0 |    0 |          0 |
|                   no_pipelining.the_addsub   | integer_addsubc_addsub_v12_0_14_fabric_legacy_HD6917 |          1 |          1 |       0 |    0 |    59 |      0 |      0 |    0 |          0 |
|                     i_lut6.i_lut6_addsub     |   integer_addsubc_addsub_v12_0_14_lut6_legacy_HD6918 |          1 |          1 |       0 |    0 |    59 |      0 |      0 |    0 |          0 |
|                       (i_lut6.i_lut6_addsub) |   integer_addsubc_addsub_v12_0_14_lut6_legacy_HD6918 |          1 |          1 |       0 |    0 |     0 |      0 |      0 |    0 |          0 |
|                       i_q.i_simple.qreg      |            integer_addsubc_reg_fd_v12_0_6_viv_HD6919 |          0 |          0 |       0 |    0 |    59 |      0 |      0 |    0 |          0 |
|     glen[95].core_i                          |                       uop_block_wrap__parameterized7 |          1 |          1 |       0 |    0 |   109 |      0 |      0 |    0 |          0 |
|       (glen[95].core_i)                      |                       uop_block_wrap__parameterized7 |          0 |          0 |       0 |    0 |    55 |      0 |      0 |    0 |          0 |
|       core                                   |                            uop_block__parameterized7 |          1 |          1 |       0 |    0 |    54 |      0 |      0 |    0 |          0 |
|         (core)                               |                            uop_block__parameterized7 |          1 |          1 |       0 |    0 |     0 |      0 |      0 |    0 |          0 |
|         g[0].g_normal.alu_i                  |                     microop_unit__parameterized2__16 |          0 |          0 |       0 |    0 |    27 |      0 |      0 |    0 |          0 |
|         g[1].g_normal.alu_i                  |                      microop_unit__parameterized8__5 |          0 |          0 |       0 |    0 |    27 |      0 |      0 |    0 |          0 |
|     glen[96].core_i                          |                      uop_block_wrap__parameterized13 |         65 |         65 |       0 |    0 |   312 |      0 |      0 |    0 |          0 |
|       (glen[96].core_i)                      |                      uop_block_wrap__parameterized13 |          0 |          0 |       0 |    0 |   190 |      0 |      0 |    0 |          0 |
|       core                                   |                           uop_block__parameterized13 |         65 |         65 |       0 |    0 |   122 |      0 |      0 |    0 |          0 |
|         (core)                               |                           uop_block__parameterized13 |          1 |          1 |       0 |    0 |    61 |      0 |      0 |    0 |          0 |
|         g[0].g_normal.alu_i                  |                         microop_unit__parameterized9 |         64 |         64 |       0 |    0 |    61 |      0 |      0 |    0 |          0 |
|     glen[97].core_i                          |                                   uop_block_wrap__41 |         33 |         33 |       0 |    0 |   157 |      0 |      0 |    0 |          0 |
|       (glen[97].core_i)                      |                                   uop_block_wrap__41 |          0 |          0 |       0 |    0 |    95 |      0 |      0 |    0 |          0 |
|       core                                   |                                        uop_block__41 |         33 |         33 |       0 |    0 |    62 |      0 |      0 |    0 |          0 |
|         (core)                               |                                        uop_block__41 |          1 |          1 |       0 |    0 |    31 |      0 |      0 |    0 |          0 |
|         g[0].g_normal.alu_i                  |                                     microop_unit__62 |         32 |         32 |       0 |    0 |    31 |      0 |      0 |    0 |          0 |
|     glen[98].core_i                          |                      uop_block_wrap__parameterized14 |        125 |        125 |       0 |    0 |   383 |      0 |      0 |    0 |         12 |
|       (glen[98].core_i)                      |                      uop_block_wrap__parameterized14 |          0 |          0 |       0 |    0 |    67 |      0 |      0 |    0 |          0 |
|       core                                   |                           uop_block__parameterized14 |        125 |        125 |       0 |    0 |   316 |      0 |      0 |    0 |         12 |
|         (core)                               |                           uop_block__parameterized14 |          1 |          1 |       0 |    0 |   134 |      0 |      0 |    0 |          0 |
|         g[0].g_normal.alu_i                  |                     microop_unit__parameterized2__17 |          0 |          0 |       0 |    0 |     3 |      0 |      0 |    0 |          0 |
|         g[10].g_normal.alu_i                 |                     microop_unit__parameterized10__6 |         15 |         15 |       0 |    0 |    17 |      0 |      0 |    0 |          3 |
|         g[11].g_normal.alu_i                 |                     microop_unit__parameterized10__7 |         15 |         15 |       0 |    0 |    17 |      0 |      0 |    0 |          3 |
|         g[12].g_normal.alu_i                 |                        microop_unit__parameterized10 |         15 |         15 |       0 |    0 |    17 |      0 |      0 |    0 |          3 |
|         g[1].g_normal.alu_i                  |                     microop_unit__parameterized2__18 |          0 |          0 |       0 |    0 |     3 |      0 |      0 |    0 |          0 |
|         g[2].g_normal.alu_i                  |                      microop_unit__parameterized8__6 |          0 |          0 |       0 |    0 |     3 |      0 |      0 |    0 |          0 |
|         g[3].g_normal.alu_i                  |                     microop_unit__parameterized2__19 |          0 |          0 |       0 |    0 |     3 |      0 |      0 |    0 |          0 |
|         g[4].g_normal.alu_i                  |                     microop_unit__parameterized2__20 |          0 |          0 |       0 |    0 |     3 |      0 |      0 |    0 |          0 |
|         g[5].g_normal.alu_i                  |                         microop_unit__parameterized8 |          0 |          0 |       0 |    0 |     3 |      0 |      0 |    0 |          0 |
|         g[6].g_normal.alu_i                  |                      microop_unit__parameterized3__5 |         32 |         32 |       0 |    0 |    32 |      0 |      0 |    0 |          0 |
|         g[7].g_normal.alu_i                  |                         microop_unit__parameterized2 |          0 |          0 |       0 |    0 |    32 |      0 |      0 |    0 |          0 |
|         g[8].g_normal.alu_i                  |                         microop_unit__parameterized3 |         32 |         32 |       0 |    0 |    32 |      0 |      0 |    0 |          0 |
|         g[9].g_normal.alu_i                  |                     microop_unit__parameterized10__5 |         15 |         15 |       0 |    0 |    17 |      0 |      0 |    0 |          3 |
|     glen[99].core_i                          |                    uop_block_wrap__parameterized5__4 |          1 |          1 |       0 |    0 |    81 |      0 |      0 |    0 |          0 |
|       (glen[99].core_i)                      |                    uop_block_wrap__parameterized5__4 |          0 |          0 |       0 |    0 |    54 |      0 |      0 |    0 |          0 |
|       core                                   |                         uop_block__parameterized5__4 |          1 |          1 |       0 |    0 |    27 |      0 |      0 |    0 |          0 |
|         (core)                               |                         uop_block__parameterized5__4 |          1 |          1 |       0 |    0 |     0 |      0 |      0 |    0 |          0 |
|         g[0].g_normal.alu_i                  |                     microop_unit__parameterized2__21 |          0 |          0 |       0 |    0 |    27 |      0 |      0 |    0 |          0 |
|     glen[9].core_i                           |                                    uop_block_wrap__4 |         33 |         33 |       0 |    0 |   157 |      0 |      0 |    0 |          0 |
|       (glen[9].core_i)                       |                                    uop_block_wrap__4 |          0 |          0 |       0 |    0 |    95 |      0 |      0 |    0 |          0 |
|       core                                   |                                         uop_block__4 |         33 |         33 |       0 |    0 |    62 |      0 |      0 |    0 |          0 |
|         (core)                               |                                         uop_block__4 |          1 |          1 |       0 |    0 |    31 |      0 |      0 |    0 |          0 |
|         g[0].g_normal.alu_i                  |                                     microop_unit__12 |         32 |         32 |       0 |    0 |    31 |      0 |      0 |    0 |          0 |
+----------------------------------------------+------------------------------------------------------+------------+------------+---------+------+-------+--------+--------+------+------------+


