Copyright 1986-2020 Xilinx, Inc. All Rights Reserved.
----------------------------------------------------------------------------------------------------------------------------------------------------------------
| Tool Version : Vivado v.2020.1 (lin64) Build 2902540 Wed May 27 19:54:35 MDT 2020
| Date         : Mon Oct 27 18:55:25 2025
| Host         : orthanc running 64-bit Ubuntu 22.04.4 LTS
| Command      : report_utilization -hierarchical -file /home/jyoo/custom_v_2/custom-core-tool/reports/synth_1p0pct/benches/503_bwaves_r/pre_impl_util_hier.rpt
| Design       : top_multi_len
| Device       : xcu200fsgd2104-2
| Design State : Synthesized
----------------------------------------------------------------------------------------------------------------------------------------------------------------

Utilization Design Information

Table of Contents
-----------------
1. Utilization by Hierarchy

1. Utilization by Hierarchy
---------------------------

+--------------------------------------------+-----------------------------------------------------+------------+------------+---------+------+-------+--------+--------+------+------------+
|                  Instance                  |                        Module                       | Total LUTs | Logic LUTs | LUTRAMs | SRLs |  FFs  | RAMB36 | RAMB18 | URAM | DSP Blocks |
+--------------------------------------------+-----------------------------------------------------+------------+------------+---------+------+-------+--------+--------+------+------------+
| top_multi_len                              |                                               (top) |       5098 |       5098 |       0 |    0 | 12355 |      8 |      0 |    0 |          0 |
|   (top_multi_len)                          |                                               (top) |        589 |        589 |       0 |    0 |  1401 |      0 |      0 |    0 |          0 |
|   g_has_mem.glen_mem[0].blk_i              |                                      uop_block_wrap |          4 |          4 |       0 |    0 |   107 |      0 |      0 |    0 |          0 |
|     (g_has_mem.glen_mem[0].blk_i)          |                                      uop_block_wrap |          1 |          1 |       0 |    0 |    42 |      0 |      0 |    0 |          0 |
|     core                                   |                                        uop_block_21 |          3 |          3 |       0 |    0 |    65 |      0 |      0 |    0 |          0 |
|       (core)                               |                                        uop_block_21 |          3 |          3 |       0 |    0 |     1 |      0 |      0 |    0 |          0 |
|       g[0].g_normal.alu_i                  |                                     microop_unit__1 |          0 |          0 |       0 |    0 |    32 |      0 |      0 |    0 |          0 |
|       g[1].g_normal.alu_i                  |                     microop_unit__parameterized0__1 |          0 |          0 |       0 |    0 |    32 |      0 |      0 |    0 |          0 |
|   g_has_mem.glen_mem[10].blk_i             |                      uop_block_wrap__parameterized6 |         76 |         76 |       0 |    0 |   271 |      0 |      0 |    0 |          0 |
|     (g_has_mem.glen_mem[10].blk_i)         |                      uop_block_wrap__parameterized6 |          5 |          5 |       0 |    0 |    77 |      0 |      0 |    0 |          0 |
|     core                                   |                        uop_block__parameterized6_20 |         71 |         71 |       0 |    0 |   194 |      0 |      0 |    0 |          0 |
|       (core)                               |                        uop_block__parameterized6_20 |          7 |          7 |       0 |    0 |     2 |      0 |      0 |    0 |          0 |
|       g[0].g_normal.alu_i                  |                    microop_unit__parameterized1__10 |         64 |         64 |       0 |    0 |    64 |      0 |      0 |    0 |          0 |
|       g[1].g_normal.alu_i                  |                    microop_unit__parameterized3__19 |          0 |          0 |       0 |    0 |    64 |      0 |      0 |    0 |          0 |
|       g[2].g_normal.alu_i                  |                    microop_unit__parameterized3__20 |          0 |          0 |       0 |    0 |    64 |      0 |      0 |    0 |          0 |
|   g_has_mem.glen_mem[11].blk_i             |                    uop_block_wrap__parameterized6_0 |         72 |         72 |       0 |    0 |   272 |      0 |      0 |    0 |          0 |
|     (g_has_mem.glen_mem[11].blk_i)         |                    uop_block_wrap__parameterized6_0 |          2 |          2 |       0 |    0 |    78 |      0 |      0 |    0 |          0 |
|     core                                   |                        uop_block__parameterized6_19 |         70 |         70 |       0 |    0 |   194 |      0 |      0 |    0 |          0 |
|       (core)                               |                        uop_block__parameterized6_19 |          6 |          6 |       0 |    0 |     2 |      0 |      0 |    0 |          0 |
|       g[0].g_normal.alu_i                  |                    microop_unit__parameterized1__12 |         64 |         64 |       0 |    0 |    64 |      0 |      0 |    0 |          0 |
|       g[1].g_normal.alu_i                  |                    microop_unit__parameterized3__25 |          0 |          0 |       0 |    0 |    64 |      0 |      0 |    0 |          0 |
|       g[2].g_normal.alu_i                  |                    microop_unit__parameterized3__24 |          0 |          0 |       0 |    0 |    64 |      0 |      0 |    0 |          0 |
|   g_has_mem.glen_mem[12].blk_i             |                    uop_block_wrap__parameterized6_1 |         74 |         74 |       0 |    0 |   272 |      0 |      0 |    0 |          0 |
|     (g_has_mem.glen_mem[12].blk_i)         |                    uop_block_wrap__parameterized6_1 |          3 |          3 |       0 |    0 |    78 |      0 |      0 |    0 |          0 |
|     core                                   |                        uop_block__parameterized6_18 |         71 |         71 |       0 |    0 |   194 |      0 |      0 |    0 |          0 |
|       (core)                               |                        uop_block__parameterized6_18 |          7 |          7 |       0 |    0 |     2 |      0 |      0 |    0 |          0 |
|       g[0].g_normal.alu_i                  |                    microop_unit__parameterized1__11 |         64 |         64 |       0 |    0 |    64 |      0 |      0 |    0 |          0 |
|       g[1].g_normal.alu_i                  |                    microop_unit__parameterized3__23 |          0 |          0 |       0 |    0 |    64 |      0 |      0 |    0 |          0 |
|       g[2].g_normal.alu_i                  |                    microop_unit__parameterized3__22 |          0 |          0 |       0 |    0 |    64 |      0 |      0 |    0 |          0 |
|   g_has_mem.glen_mem[13].blk_i             |                      uop_block_wrap__parameterized7 |          0 |          0 |       0 |    0 |   101 |      0 |      0 |    0 |          0 |
|     (g_has_mem.glen_mem[13].blk_i)         |                      uop_block_wrap__parameterized7 |          0 |          0 |       0 |    0 |    37 |      0 |      0 |    0 |          0 |
|     core                                   |                           uop_block__parameterized7 |          0 |          0 |       0 |    0 |    64 |      0 |      0 |    0 |          0 |
|       (core)                               |                           uop_block__parameterized7 |          0 |          0 |       0 |    0 |     0 |      0 |      0 |    0 |          0 |
|       g[0].g_normal.alu_i                  |                                        microop_unit |          0 |          0 |       0 |    0 |    32 |      0 |      0 |    0 |          0 |
|       g[1].g_normal.alu_i                  |                        microop_unit__parameterized0 |          0 |          0 |       0 |    0 |    32 |      0 |      0 |    0 |          0 |
|   g_has_mem.glen_mem[14].blk_i             |                      uop_block_wrap__parameterized8 |         32 |         32 |       0 |    0 |   102 |      0 |      0 |    0 |          0 |
|     (g_has_mem.glen_mem[14].blk_i)         |                      uop_block_wrap__parameterized8 |          0 |          0 |       0 |    0 |    38 |      0 |      0 |    0 |          0 |
|     core                                   |                           uop_block__parameterized8 |         32 |         32 |       0 |    0 |    64 |      0 |      0 |    0 |          0 |
|       (core)                               |                           uop_block__parameterized8 |          0 |          0 |       0 |    0 |     0 |      0 |      0 |    0 |          0 |
|       g[0].g_normal.alu_i                  |                        microop_unit__parameterized4 |         32 |         32 |       0 |    0 |    32 |      0 |      0 |    0 |          0 |
|       g[1].g_normal.alu_i                  |                        microop_unit__parameterized6 |          0 |          0 |       0 |    0 |    32 |      0 |      0 |    0 |          0 |
|   g_has_mem.glen_mem[15].blk_i             |                      uop_block_wrap__parameterized9 |         68 |         68 |       0 |    0 |   270 |      0 |      0 |    0 |          0 |
|     (g_has_mem.glen_mem[15].blk_i)         |                      uop_block_wrap__parameterized9 |          1 |          1 |       0 |    0 |    77 |      0 |      0 |    0 |          0 |
|     core                                   |                           uop_block__parameterized9 |         67 |         67 |       0 |    0 |   193 |      0 |      0 |    0 |          0 |
|       (core)                               |                           uop_block__parameterized9 |          3 |          3 |       0 |    0 |     1 |      0 |      0 |    0 |          0 |
|       g[0].g_normal.alu_i                  |            microop_unit__parameterized2__xdcDup__13 |         64 |         64 |       0 |    0 |   128 |      0 |      0 |    0 |          0 |
|         (g[0].g_normal.alu_i)              |            microop_unit__parameterized2__xdcDup__13 |          0 |          0 |       0 |    0 |    64 |      0 |      0 |    0 |          0 |
|         g_iadd.use_ip.u_addsub             |                                integer_addsub_HD823 |         64 |         64 |       0 |    0 |    64 |      0 |      0 |    0 |          0 |
|           (g_iadd.use_ip.u_addsub)         |                                integer_addsub_HD823 |          0 |          0 |       0 |    0 |     0 |      0 |      0 |    0 |          0 |
|           U0                               |               integer_addsubc_addsub_v12_0_14_HD824 |         64 |         64 |       0 |    0 |    64 |      0 |      0 |    0 |          0 |
|             (U0)                           |               integer_addsubc_addsub_v12_0_14_HD824 |          0 |          0 |       0 |    0 |     0 |      0 |      0 |    0 |          0 |
|             xst_addsub                     |           integer_addsubc_addsub_v12_0_14_viv_HD825 |         64 |         64 |       0 |    0 |    64 |      0 |      0 |    0 |          0 |
|               (xst_addsub)                 |           integer_addsubc_addsub_v12_0_14_viv_HD825 |          0 |          0 |       0 |    0 |     0 |      0 |      0 |    0 |          0 |
|               i_baseblox.i_baseblox_addsub |        integer_addsubc_addsub_v12_0_14_legacy_HD826 |         64 |         64 |       0 |    0 |    64 |      0 |      0 |    0 |          0 |
|                 no_pipelining.the_addsub   | integer_addsubc_addsub_v12_0_14_fabric_legacy_HD827 |         64 |         64 |       0 |    0 |    64 |      0 |      0 |    0 |          0 |
|                   i_lut6.i_lut6_addsub     |   integer_addsubc_addsub_v12_0_14_lut6_legacy_HD828 |         64 |         64 |       0 |    0 |    64 |      0 |      0 |    0 |          0 |
|                     (i_lut6.i_lut6_addsub) |   integer_addsubc_addsub_v12_0_14_lut6_legacy_HD828 |         64 |         64 |       0 |    0 |     0 |      0 |      0 |    0 |          0 |
|                     i_q.i_simple.qreg      |            integer_addsubc_reg_fd_v12_0_6_viv_HD829 |          0 |          0 |       0 |    0 |    64 |      0 |      0 |    0 |          0 |
|       g[1].g_normal.alu_i                  |                     microop_unit__parameterized3__9 |          0 |          0 |       0 |    0 |    64 |      0 |      0 |    0 |          0 |
|   g_has_mem.glen_mem[16].blk_i             |                     uop_block_wrap__parameterized10 |        266 |        266 |       0 |    0 |   719 |      0 |      0 |    0 |          0 |
|     (g_has_mem.glen_mem[16].blk_i)         |                     uop_block_wrap__parameterized10 |          3 |          3 |       0 |    0 |    76 |      0 |      0 |    0 |          0 |
|     core                                   |                          uop_block__parameterized10 |        263 |        263 |       0 |    0 |   643 |      0 |      0 |    0 |          0 |
|       (core)                               |                          uop_block__parameterized10 |          7 |          7 |       0 |    0 |     3 |      0 |      0 |    0 |          0 |
|       g[0].g_normal.alu_i                  |                    microop_unit__parameterized3__21 |          0 |          0 |       0 |    0 |    64 |      0 |      0 |    0 |          0 |
|       g[1].g_normal.alu_i                  |                    microop_unit__parameterized3__26 |          0 |          0 |       0 |    0 |    64 |      0 |      0 |    0 |          0 |
|       g[2].g_normal.alu_i                  |            microop_unit__parameterized2__xdcDup__14 |         64 |         64 |       0 |    0 |   128 |      0 |      0 |    0 |          0 |
|         (g[2].g_normal.alu_i)              |            microop_unit__parameterized2__xdcDup__14 |          0 |          0 |       0 |    0 |    64 |      0 |      0 |    0 |          0 |
|         g_iadd.use_ip.u_addsub             |                                integer_addsub_HD830 |         64 |         64 |       0 |    0 |    64 |      0 |      0 |    0 |          0 |
|           (g_iadd.use_ip.u_addsub)         |                                integer_addsub_HD830 |          0 |          0 |       0 |    0 |     0 |      0 |      0 |    0 |          0 |
|           U0                               |               integer_addsubc_addsub_v12_0_14_HD831 |         64 |         64 |       0 |    0 |    64 |      0 |      0 |    0 |          0 |
|             (U0)                           |               integer_addsubc_addsub_v12_0_14_HD831 |          0 |          0 |       0 |    0 |     0 |      0 |      0 |    0 |          0 |
|             xst_addsub                     |           integer_addsubc_addsub_v12_0_14_viv_HD832 |         64 |         64 |       0 |    0 |    64 |      0 |      0 |    0 |          0 |
|               (xst_addsub)                 |           integer_addsubc_addsub_v12_0_14_viv_HD832 |          0 |          0 |       0 |    0 |     0 |      0 |      0 |    0 |          0 |
|               i_baseblox.i_baseblox_addsub |        integer_addsubc_addsub_v12_0_14_legacy_HD833 |         64 |         64 |       0 |    0 |    64 |      0 |      0 |    0 |          0 |
|                 no_pipelining.the_addsub   | integer_addsubc_addsub_v12_0_14_fabric_legacy_HD834 |         64 |         64 |       0 |    0 |    64 |      0 |      0 |    0 |          0 |
|                   i_lut6.i_lut6_addsub     |   integer_addsubc_addsub_v12_0_14_lut6_legacy_HD835 |         64 |         64 |       0 |    0 |    64 |      0 |      0 |    0 |          0 |
|                     (i_lut6.i_lut6_addsub) |   integer_addsubc_addsub_v12_0_14_lut6_legacy_HD835 |         64 |         64 |       0 |    0 |     0 |      0 |      0 |    0 |          0 |
|                     i_q.i_simple.qreg      |            integer_addsubc_reg_fd_v12_0_6_viv_HD836 |          0 |          0 |       0 |    0 |    64 |      0 |      0 |    0 |          0 |
|       g[3].g_normal.alu_i                  |            microop_unit__parameterized2__xdcDup__15 |         64 |         64 |       0 |    0 |   128 |      0 |      0 |    0 |          0 |
|         (g[3].g_normal.alu_i)              |            microop_unit__parameterized2__xdcDup__15 |          0 |          0 |       0 |    0 |    64 |      0 |      0 |    0 |          0 |
|         g_iadd.use_ip.u_addsub             |                                integer_addsub_HD837 |         64 |         64 |       0 |    0 |    64 |      0 |      0 |    0 |          0 |
|           (g_iadd.use_ip.u_addsub)         |                                integer_addsub_HD837 |          0 |          0 |       0 |    0 |     0 |      0 |      0 |    0 |          0 |
|           U0                               |               integer_addsubc_addsub_v12_0_14_HD838 |         64 |         64 |       0 |    0 |    64 |      0 |      0 |    0 |          0 |
|             (U0)                           |               integer_addsubc_addsub_v12_0_14_HD838 |          0 |          0 |       0 |    0 |     0 |      0 |      0 |    0 |          0 |
|             xst_addsub                     |           integer_addsubc_addsub_v12_0_14_viv_HD839 |         64 |         64 |       0 |    0 |    64 |      0 |      0 |    0 |          0 |
|               (xst_addsub)                 |           integer_addsubc_addsub_v12_0_14_viv_HD839 |          0 |          0 |       0 |    0 |     0 |      0 |      0 |    0 |          0 |
|               i_baseblox.i_baseblox_addsub |        integer_addsubc_addsub_v12_0_14_legacy_HD840 |         64 |         64 |       0 |    0 |    64 |      0 |      0 |    0 |          0 |
|                 no_pipelining.the_addsub   | integer_addsubc_addsub_v12_0_14_fabric_legacy_HD841 |         64 |         64 |       0 |    0 |    64 |      0 |      0 |    0 |          0 |
|                   i_lut6.i_lut6_addsub     |   integer_addsubc_addsub_v12_0_14_lut6_legacy_HD842 |         64 |         64 |       0 |    0 |    64 |      0 |      0 |    0 |          0 |
|                     (i_lut6.i_lut6_addsub) |   integer_addsubc_addsub_v12_0_14_lut6_legacy_HD842 |         64 |         64 |       0 |    0 |     0 |      0 |      0 |    0 |          0 |
|                     i_q.i_simple.qreg      |            integer_addsubc_reg_fd_v12_0_6_viv_HD843 |          0 |          0 |       0 |    0 |    64 |      0 |      0 |    0 |          0 |
|       g[4].g_normal.alu_i                  |            microop_unit__parameterized2__xdcDup__16 |         64 |         64 |       0 |    0 |   128 |      0 |      0 |    0 |          0 |
|         (g[4].g_normal.alu_i)              |            microop_unit__parameterized2__xdcDup__16 |          0 |          0 |       0 |    0 |    64 |      0 |      0 |    0 |          0 |
|         g_iadd.use_ip.u_addsub             |                                integer_addsub_HD844 |         64 |         64 |       0 |    0 |    64 |      0 |      0 |    0 |          0 |
|           (g_iadd.use_ip.u_addsub)         |                                integer_addsub_HD844 |          0 |          0 |       0 |    0 |     0 |      0 |      0 |    0 |          0 |
|           U0                               |               integer_addsubc_addsub_v12_0_14_HD845 |         64 |         64 |       0 |    0 |    64 |      0 |      0 |    0 |          0 |
|             (U0)                           |               integer_addsubc_addsub_v12_0_14_HD845 |          0 |          0 |       0 |    0 |     0 |      0 |      0 |    0 |          0 |
|             xst_addsub                     |           integer_addsubc_addsub_v12_0_14_viv_HD846 |         64 |         64 |       0 |    0 |    64 |      0 |      0 |    0 |          0 |
|               (xst_addsub)                 |           integer_addsubc_addsub_v12_0_14_viv_HD846 |          0 |          0 |       0 |    0 |     0 |      0 |      0 |    0 |          0 |
|               i_baseblox.i_baseblox_addsub |        integer_addsubc_addsub_v12_0_14_legacy_HD847 |         64 |         64 |       0 |    0 |    64 |      0 |      0 |    0 |          0 |
|                 no_pipelining.the_addsub   | integer_addsubc_addsub_v12_0_14_fabric_legacy_HD848 |         64 |         64 |       0 |    0 |    64 |      0 |      0 |    0 |          0 |
|                   i_lut6.i_lut6_addsub     |   integer_addsubc_addsub_v12_0_14_lut6_legacy_HD849 |         64 |         64 |       0 |    0 |    64 |      0 |      0 |    0 |          0 |
|                     (i_lut6.i_lut6_addsub) |   integer_addsubc_addsub_v12_0_14_lut6_legacy_HD849 |         64 |         64 |       0 |    0 |     0 |      0 |      0 |    0 |          0 |
|                     i_q.i_simple.qreg      |            integer_addsubc_reg_fd_v12_0_6_viv_HD850 |          0 |          0 |       0 |    0 |    64 |      0 |      0 |    0 |          0 |
|       g[5].g_normal.alu_i                  |            microop_unit__parameterized2__xdcDup__17 |         64 |         64 |       0 |    0 |   128 |      0 |      0 |    0 |          0 |
|         (g[5].g_normal.alu_i)              |            microop_unit__parameterized2__xdcDup__17 |          0 |          0 |       0 |    0 |    64 |      0 |      0 |    0 |          0 |
|         g_iadd.use_ip.u_addsub             |                                integer_addsub_HD851 |         64 |         64 |       0 |    0 |    64 |      0 |      0 |    0 |          0 |
|           (g_iadd.use_ip.u_addsub)         |                                integer_addsub_HD851 |          0 |          0 |       0 |    0 |     0 |      0 |      0 |    0 |          0 |
|           U0                               |               integer_addsubc_addsub_v12_0_14_HD852 |         64 |         64 |       0 |    0 |    64 |      0 |      0 |    0 |          0 |
|             (U0)                           |               integer_addsubc_addsub_v12_0_14_HD852 |          0 |          0 |       0 |    0 |     0 |      0 |      0 |    0 |          0 |
|             xst_addsub                     |           integer_addsubc_addsub_v12_0_14_viv_HD853 |         64 |         64 |       0 |    0 |    64 |      0 |      0 |    0 |          0 |
|               (xst_addsub)                 |           integer_addsubc_addsub_v12_0_14_viv_HD853 |          0 |          0 |       0 |    0 |     0 |      0 |      0 |    0 |          0 |
|               i_baseblox.i_baseblox_addsub |        integer_addsubc_addsub_v12_0_14_legacy_HD854 |         64 |         64 |       0 |    0 |    64 |      0 |      0 |    0 |          0 |
|                 no_pipelining.the_addsub   | integer_addsubc_addsub_v12_0_14_fabric_legacy_HD855 |         64 |         64 |       0 |    0 |    64 |      0 |      0 |    0 |          0 |
|                   i_lut6.i_lut6_addsub     |   integer_addsubc_addsub_v12_0_14_lut6_legacy_HD856 |         64 |         64 |       0 |    0 |    64 |      0 |      0 |    0 |          0 |
|                     (i_lut6.i_lut6_addsub) |   integer_addsubc_addsub_v12_0_14_lut6_legacy_HD856 |         64 |         64 |       0 |    0 |     0 |      0 |      0 |    0 |          0 |
|                     i_q.i_simple.qreg      |            integer_addsubc_reg_fd_v12_0_6_viv_HD857 |          0 |          0 |       0 |    0 |    64 |      0 |      0 |    0 |          0 |
|   g_has_mem.glen_mem[17].blk_i             |           uop_block_wrap__parameterized0__xdcDup__2 |        131 |        131 |       0 |    0 |   267 |      0 |      0 |    0 |          0 |
|     (g_has_mem.glen_mem[17].blk_i)         |           uop_block_wrap__parameterized0__xdcDup__2 |          1 |          1 |       0 |    0 |    74 |      0 |      0 |    0 |          0 |
|     core                                   |                uop_block__parameterized0__xdcDup__2 |        130 |        130 |       0 |    0 |   193 |      0 |      0 |    0 |          0 |
|       (core)                               |                uop_block__parameterized0__xdcDup__2 |          2 |          2 |       0 |    0 |     1 |      0 |      0 |    0 |          0 |
|       g[0].g_normal.alu_i                  |                    microop_unit__parameterized1__13 |         64 |         64 |       0 |    0 |    64 |      0 |      0 |    0 |          0 |
|       g[1].g_normal.alu_i                  |            microop_unit__parameterized2__xdcDup__18 |         64 |         64 |       0 |    0 |   128 |      0 |      0 |    0 |          0 |
|         (g[1].g_normal.alu_i)              |            microop_unit__parameterized2__xdcDup__18 |          0 |          0 |       0 |    0 |    64 |      0 |      0 |    0 |          0 |
|         g_iadd.use_ip.u_addsub             |                                integer_addsub_HD858 |         64 |         64 |       0 |    0 |    64 |      0 |      0 |    0 |          0 |
|           (g_iadd.use_ip.u_addsub)         |                                integer_addsub_HD858 |          0 |          0 |       0 |    0 |     0 |      0 |      0 |    0 |          0 |
|           U0                               |               integer_addsubc_addsub_v12_0_14_HD859 |         64 |         64 |       0 |    0 |    64 |      0 |      0 |    0 |          0 |
|             (U0)                           |               integer_addsubc_addsub_v12_0_14_HD859 |          0 |          0 |       0 |    0 |     0 |      0 |      0 |    0 |          0 |
|             xst_addsub                     |           integer_addsubc_addsub_v12_0_14_viv_HD860 |         64 |         64 |       0 |    0 |    64 |      0 |      0 |    0 |          0 |
|               (xst_addsub)                 |           integer_addsubc_addsub_v12_0_14_viv_HD860 |          0 |          0 |       0 |    0 |     0 |      0 |      0 |    0 |          0 |
|               i_baseblox.i_baseblox_addsub |        integer_addsubc_addsub_v12_0_14_legacy_HD861 |         64 |         64 |       0 |    0 |    64 |      0 |      0 |    0 |          0 |
|                 no_pipelining.the_addsub   | integer_addsubc_addsub_v12_0_14_fabric_legacy_HD862 |         64 |         64 |       0 |    0 |    64 |      0 |      0 |    0 |          0 |
|                   i_lut6.i_lut6_addsub     |   integer_addsubc_addsub_v12_0_14_lut6_legacy_HD863 |         64 |         64 |       0 |    0 |    64 |      0 |      0 |    0 |          0 |
|                     (i_lut6.i_lut6_addsub) |   integer_addsubc_addsub_v12_0_14_lut6_legacy_HD863 |         64 |         64 |       0 |    0 |     0 |      0 |      0 |    0 |          0 |
|                     i_q.i_simple.qreg      |            integer_addsubc_reg_fd_v12_0_6_viv_HD864 |          0 |          0 |       0 |    0 |    64 |      0 |      0 |    0 |          0 |
|   g_has_mem.glen_mem[18].blk_i             |                      uop_block_wrap__parameterized0 |        131 |        131 |       0 |    0 |   272 |      0 |      0 |    0 |          0 |
|     (g_has_mem.glen_mem[18].blk_i)         |                      uop_block_wrap__parameterized0 |          1 |          1 |       0 |    0 |    79 |      0 |      0 |    0 |          0 |
|     core                                   |                           uop_block__parameterized0 |        130 |        130 |       0 |    0 |   193 |      0 |      0 |    0 |          0 |
|       (core)                               |                           uop_block__parameterized0 |          2 |          2 |       0 |    0 |     1 |      0 |      0 |    0 |          0 |
|       g[0].g_normal.alu_i                  |                    microop_unit__parameterized1__14 |         64 |         64 |       0 |    0 |    64 |      0 |      0 |    0 |          0 |
|       g[1].g_normal.alu_i                  |            microop_unit__parameterized2__xdcDup__19 |         64 |         64 |       0 |    0 |   128 |      0 |      0 |    0 |          0 |
|         (g[1].g_normal.alu_i)              |            microop_unit__parameterized2__xdcDup__19 |          0 |          0 |       0 |    0 |    64 |      0 |      0 |    0 |          0 |
|         g_iadd.use_ip.u_addsub             |                                integer_addsub_HD865 |         64 |         64 |       0 |    0 |    64 |      0 |      0 |    0 |          0 |
|           (g_iadd.use_ip.u_addsub)         |                                integer_addsub_HD865 |          0 |          0 |       0 |    0 |     0 |      0 |      0 |    0 |          0 |
|           U0                               |               integer_addsubc_addsub_v12_0_14_HD866 |         64 |         64 |       0 |    0 |    64 |      0 |      0 |    0 |          0 |
|             (U0)                           |               integer_addsubc_addsub_v12_0_14_HD866 |          0 |          0 |       0 |    0 |     0 |      0 |      0 |    0 |          0 |
|             xst_addsub                     |           integer_addsubc_addsub_v12_0_14_viv_HD867 |         64 |         64 |       0 |    0 |    64 |      0 |      0 |    0 |          0 |
|               (xst_addsub)                 |           integer_addsubc_addsub_v12_0_14_viv_HD867 |          0 |          0 |       0 |    0 |     0 |      0 |      0 |    0 |          0 |
|               i_baseblox.i_baseblox_addsub |        integer_addsubc_addsub_v12_0_14_legacy_HD868 |         64 |         64 |       0 |    0 |    64 |      0 |      0 |    0 |          0 |
|                 no_pipelining.the_addsub   | integer_addsubc_addsub_v12_0_14_fabric_legacy_HD869 |         64 |         64 |       0 |    0 |    64 |      0 |      0 |    0 |          0 |
|                   i_lut6.i_lut6_addsub     |   integer_addsubc_addsub_v12_0_14_lut6_legacy_HD870 |         64 |         64 |       0 |    0 |    64 |      0 |      0 |    0 |          0 |
|                     (i_lut6.i_lut6_addsub) |   integer_addsubc_addsub_v12_0_14_lut6_legacy_HD870 |         64 |         64 |       0 |    0 |     0 |      0 |      0 |    0 |          0 |
|                     i_q.i_simple.qreg      |            integer_addsubc_reg_fd_v12_0_6_viv_HD871 |          0 |          0 |       0 |    0 |    64 |      0 |      0 |    0 |          0 |
|   g_has_mem.glen_mem[19].blk_i             |                      uop_block_wrap__parameterized2 |         32 |         32 |       0 |    0 |   102 |      0 |      0 |    0 |          0 |
|     (g_has_mem.glen_mem[19].blk_i)         |                      uop_block_wrap__parameterized2 |          0 |          0 |       0 |    0 |    38 |      0 |      0 |    0 |          0 |
|     core                                   |                        uop_block__parameterized2_17 |         32 |         32 |       0 |    0 |    64 |      0 |      0 |    0 |          0 |
|       (core)                               |                        uop_block__parameterized2_17 |          0 |          0 |       0 |    0 |     0 |      0 |      0 |    0 |          0 |
|       g[0].g_normal.alu_i                  |                     microop_unit__parameterized4__4 |         32 |         32 |       0 |    0 |    32 |      0 |      0 |    0 |          0 |
|       g[1].g_normal.alu_i                  |                     microop_unit__parameterized5__3 |          0 |          0 |       0 |    0 |    32 |      0 |      0 |    0 |          0 |
|   g_has_mem.glen_mem[1].blk_i              |           uop_block_wrap__parameterized0__xdcDup__1 |        132 |        132 |       0 |    0 |   269 |      0 |      0 |    0 |          0 |
|     (g_has_mem.glen_mem[1].blk_i)          |           uop_block_wrap__parameterized0__xdcDup__1 |          2 |          2 |       0 |    0 |    76 |      0 |      0 |    0 |          0 |
|     core                                   |                uop_block__parameterized0__xdcDup__1 |        130 |        130 |       0 |    0 |   193 |      0 |      0 |    0 |          0 |
|       (core)                               |                uop_block__parameterized0__xdcDup__1 |          2 |          2 |       0 |    0 |     1 |      0 |      0 |    0 |          0 |
|       g[0].g_normal.alu_i                  |                     microop_unit__parameterized1__6 |         64 |         64 |       0 |    0 |    64 |      0 |      0 |    0 |          0 |
|       g[1].g_normal.alu_i                  |             microop_unit__parameterized2__xdcDup__1 |         64 |         64 |       0 |    0 |   128 |      0 |      0 |    0 |          0 |
|         (g[1].g_normal.alu_i)              |             microop_unit__parameterized2__xdcDup__1 |          0 |          0 |       0 |    0 |    64 |      0 |      0 |    0 |          0 |
|         g_iadd.use_ip.u_addsub             |                                integer_addsub_HD872 |         64 |         64 |       0 |    0 |    64 |      0 |      0 |    0 |          0 |
|           (g_iadd.use_ip.u_addsub)         |                                integer_addsub_HD872 |          0 |          0 |       0 |    0 |     0 |      0 |      0 |    0 |          0 |
|           U0                               |               integer_addsubc_addsub_v12_0_14_HD873 |         64 |         64 |       0 |    0 |    64 |      0 |      0 |    0 |          0 |
|             (U0)                           |               integer_addsubc_addsub_v12_0_14_HD873 |          0 |          0 |       0 |    0 |     0 |      0 |      0 |    0 |          0 |
|             xst_addsub                     |           integer_addsubc_addsub_v12_0_14_viv_HD874 |         64 |         64 |       0 |    0 |    64 |      0 |      0 |    0 |          0 |
|               (xst_addsub)                 |           integer_addsubc_addsub_v12_0_14_viv_HD874 |          0 |          0 |       0 |    0 |     0 |      0 |      0 |    0 |          0 |
|               i_baseblox.i_baseblox_addsub |        integer_addsubc_addsub_v12_0_14_legacy_HD875 |         64 |         64 |       0 |    0 |    64 |      0 |      0 |    0 |          0 |
|                 no_pipelining.the_addsub   | integer_addsubc_addsub_v12_0_14_fabric_legacy_HD876 |         64 |         64 |       0 |    0 |    64 |      0 |      0 |    0 |          0 |
|                   i_lut6.i_lut6_addsub     |   integer_addsubc_addsub_v12_0_14_lut6_legacy_HD877 |         64 |         64 |       0 |    0 |    64 |      0 |      0 |    0 |          0 |
|                     (i_lut6.i_lut6_addsub) |   integer_addsubc_addsub_v12_0_14_lut6_legacy_HD877 |         64 |         64 |       0 |    0 |     0 |      0 |      0 |    0 |          0 |
|                     i_q.i_simple.qreg      |            integer_addsubc_reg_fd_v12_0_6_viv_HD878 |          0 |          0 |       0 |    0 |    64 |      0 |      0 |    0 |          0 |
|   g_has_mem.glen_mem[20].blk_i             |                    uop_block_wrap__parameterized2_2 |         32 |         32 |       0 |    0 |   102 |      0 |      0 |    0 |          0 |
|     (g_has_mem.glen_mem[20].blk_i)         |                    uop_block_wrap__parameterized2_2 |          0 |          0 |       0 |    0 |    38 |      0 |      0 |    0 |          0 |
|     core                                   |                        uop_block__parameterized2_16 |         32 |         32 |       0 |    0 |    64 |      0 |      0 |    0 |          0 |
|       (core)                               |                        uop_block__parameterized2_16 |          0 |          0 |       0 |    0 |     0 |      0 |      0 |    0 |          0 |
|       g[0].g_normal.alu_i                  |                     microop_unit__parameterized4__3 |         32 |         32 |       0 |    0 |    32 |      0 |      0 |    0 |          0 |
|       g[1].g_normal.alu_i                  |                     microop_unit__parameterized5__2 |          0 |          0 |       0 |    0 |    32 |      0 |      0 |    0 |          0 |
|   g_has_mem.glen_mem[21].blk_i             |                     uop_block_wrap__parameterized11 |         71 |         71 |       0 |    0 |   398 |      0 |      0 |    0 |          0 |
|     (g_has_mem.glen_mem[21].blk_i)         |                     uop_block_wrap__parameterized11 |          1 |          1 |       0 |    0 |    76 |      0 |      0 |    0 |          0 |
|     core                                   |                          uop_block__parameterized11 |         70 |         70 |       0 |    0 |   322 |      0 |      0 |    0 |          0 |
|       (core)                               |                          uop_block__parameterized11 |          6 |          6 |       0 |    0 |     2 |      0 |      0 |    0 |          0 |
|       g[0].g_normal.alu_i                  |                    microop_unit__parameterized3__27 |          0 |          0 |       0 |    0 |    64 |      0 |      0 |    0 |          0 |
|       g[1].g_normal.alu_i                  |            microop_unit__parameterized2__xdcDup__20 |         64 |         64 |       0 |    0 |   128 |      0 |      0 |    0 |          0 |
|         (g[1].g_normal.alu_i)              |            microop_unit__parameterized2__xdcDup__20 |          0 |          0 |       0 |    0 |    64 |      0 |      0 |    0 |          0 |
|         g_iadd.use_ip.u_addsub             |                                integer_addsub_HD879 |         64 |         64 |       0 |    0 |    64 |      0 |      0 |    0 |          0 |
|           (g_iadd.use_ip.u_addsub)         |                                integer_addsub_HD879 |          0 |          0 |       0 |    0 |     0 |      0 |      0 |    0 |          0 |
|           U0                               |               integer_addsubc_addsub_v12_0_14_HD880 |         64 |         64 |       0 |    0 |    64 |      0 |      0 |    0 |          0 |
|             (U0)                           |               integer_addsubc_addsub_v12_0_14_HD880 |          0 |          0 |       0 |    0 |     0 |      0 |      0 |    0 |          0 |
|             xst_addsub                     |           integer_addsubc_addsub_v12_0_14_viv_HD881 |         64 |         64 |       0 |    0 |    64 |      0 |      0 |    0 |          0 |
|               (xst_addsub)                 |           integer_addsubc_addsub_v12_0_14_viv_HD881 |          0 |          0 |       0 |    0 |     0 |      0 |      0 |    0 |          0 |
|               i_baseblox.i_baseblox_addsub |        integer_addsubc_addsub_v12_0_14_legacy_HD882 |         64 |         64 |       0 |    0 |    64 |      0 |      0 |    0 |          0 |
|                 no_pipelining.the_addsub   | integer_addsubc_addsub_v12_0_14_fabric_legacy_HD883 |         64 |         64 |       0 |    0 |    64 |      0 |      0 |    0 |          0 |
|                   i_lut6.i_lut6_addsub     |   integer_addsubc_addsub_v12_0_14_lut6_legacy_HD884 |         64 |         64 |       0 |    0 |    64 |      0 |      0 |    0 |          0 |
|                     (i_lut6.i_lut6_addsub) |   integer_addsubc_addsub_v12_0_14_lut6_legacy_HD884 |         64 |         64 |       0 |    0 |     0 |      0 |      0 |    0 |          0 |
|                     i_q.i_simple.qreg      |            integer_addsubc_reg_fd_v12_0_6_viv_HD885 |          0 |          0 |       0 |    0 |    64 |      0 |      0 |    0 |          0 |
|       g[2].g_normal.alu_i                  |                    microop_unit__parameterized3__28 |          0 |          0 |       0 |    0 |    64 |      0 |      0 |    0 |          0 |
|       g[3].g_normal.alu_i                  |                    microop_unit__parameterized3__29 |          0 |          0 |       0 |    0 |    64 |      0 |      0 |    0 |          0 |
|   g_has_mem.glen_mem[22].blk_i             |                    uop_block_wrap__parameterized6_3 |         72 |         72 |       0 |    0 |   273 |      0 |      0 |    0 |          0 |
|     (g_has_mem.glen_mem[22].blk_i)         |                    uop_block_wrap__parameterized6_3 |          2 |          2 |       0 |    0 |    79 |      0 |      0 |    0 |          0 |
|     core                                   |                        uop_block__parameterized6_15 |         70 |         70 |       0 |    0 |   194 |      0 |      0 |    0 |          0 |
|       (core)                               |                        uop_block__parameterized6_15 |          6 |          6 |       0 |    0 |     2 |      0 |      0 |    0 |          0 |
|       g[0].g_normal.alu_i                  |                    microop_unit__parameterized1__15 |         64 |         64 |       0 |    0 |    64 |      0 |      0 |    0 |          0 |
|       g[1].g_normal.alu_i                  |                    microop_unit__parameterized3__30 |          0 |          0 |       0 |    0 |    64 |      0 |      0 |    0 |          0 |
|       g[2].g_normal.alu_i                  |                        microop_unit__parameterized3 |          0 |          0 |       0 |    0 |    64 |      0 |      0 |    0 |          0 |
|   g_has_mem.glen_mem[23].blk_i             |                     uop_block_wrap__parameterized12 |        128 |        128 |       0 |    0 |   262 |      0 |      0 |    0 |          0 |
|     (g_has_mem.glen_mem[23].blk_i)         |                     uop_block_wrap__parameterized12 |          0 |          0 |       0 |    0 |    70 |      0 |      0 |    0 |          0 |
|     core                                   |                          uop_block__parameterized12 |        128 |        128 |       0 |    0 |   192 |      0 |      0 |    0 |          0 |
|       (core)                               |                          uop_block__parameterized12 |          0 |          0 |       0 |    0 |     0 |      0 |      0 |    0 |          0 |
|       g[0].g_normal.alu_i                  |                        microop_unit__parameterized1 |         64 |         64 |       0 |    0 |    64 |      0 |      0 |    0 |          0 |
|       g[1].g_normal.alu_i                  |            microop_unit__parameterized2__xdcDup__21 |         64 |         64 |       0 |    0 |   128 |      0 |      0 |    0 |          0 |
|         (g[1].g_normal.alu_i)              |            microop_unit__parameterized2__xdcDup__21 |          0 |          0 |       0 |    0 |    64 |      0 |      0 |    0 |          0 |
|         g_iadd.use_ip.u_addsub             |                                      integer_addsub |         64 |         64 |       0 |    0 |    64 |      0 |      0 |    0 |          0 |
|           (g_iadd.use_ip.u_addsub)         |                                      integer_addsub |          0 |          0 |       0 |    0 |     0 |      0 |      0 |    0 |          0 |
|           U0                               |                     integer_addsubc_addsub_v12_0_14 |         64 |         64 |       0 |    0 |    64 |      0 |      0 |    0 |          0 |
|             (U0)                           |                     integer_addsubc_addsub_v12_0_14 |          0 |          0 |       0 |    0 |     0 |      0 |      0 |    0 |          0 |
|             xst_addsub                     |                 integer_addsubc_addsub_v12_0_14_viv |         64 |         64 |       0 |    0 |    64 |      0 |      0 |    0 |          0 |
|               (xst_addsub)                 |                 integer_addsubc_addsub_v12_0_14_viv |          0 |          0 |       0 |    0 |     0 |      0 |      0 |    0 |          0 |
|               i_baseblox.i_baseblox_addsub |              integer_addsubc_addsub_v12_0_14_legacy |         64 |         64 |       0 |    0 |    64 |      0 |      0 |    0 |          0 |
|                 no_pipelining.the_addsub   |       integer_addsubc_addsub_v12_0_14_fabric_legacy |         64 |         64 |       0 |    0 |    64 |      0 |      0 |    0 |          0 |
|                   i_lut6.i_lut6_addsub     |         integer_addsubc_addsub_v12_0_14_lut6_legacy |         64 |         64 |       0 |    0 |    64 |      0 |      0 |    0 |          0 |
|                     (i_lut6.i_lut6_addsub) |         integer_addsubc_addsub_v12_0_14_lut6_legacy |         64 |         64 |       0 |    0 |     0 |      0 |      0 |    0 |          0 |
|                     i_q.i_simple.qreg      |                  integer_addsubc_reg_fd_v12_0_6_viv |          0 |          0 |       0 |    0 |    64 |      0 |      0 |    0 |          0 |
|   g_has_mem.glen_mem[24].blk_i             |                    uop_block_wrap__parameterized6_4 |         72 |         72 |       0 |    0 |   271 |      0 |      0 |    0 |          0 |
|     (g_has_mem.glen_mem[24].blk_i)         |                    uop_block_wrap__parameterized6_4 |          3 |          3 |       0 |    0 |    77 |      0 |      0 |    0 |          0 |
|     core                                   |                           uop_block__parameterized6 |         69 |         69 |       0 |    0 |   194 |      0 |      0 |    0 |          0 |
|       (core)                               |                           uop_block__parameterized6 |          5 |          5 |       0 |    0 |     2 |      0 |      0 |    0 |          0 |
|       g[0].g_normal.alu_i                  |                     microop_unit__parameterized1__7 |         64 |         64 |       0 |    0 |    64 |      0 |      0 |    0 |          0 |
|       g[1].g_normal.alu_i                  |                    microop_unit__parameterized3__10 |          0 |          0 |       0 |    0 |    64 |      0 |      0 |    0 |          0 |
|       g[2].g_normal.alu_i                  |                    microop_unit__parameterized3__11 |          0 |          0 |       0 |    0 |    64 |      0 |      0 |    0 |          0 |
|   g_has_mem.glen_mem[25].blk_i             |                     uop_block_wrap__parameterized13 |          3 |          3 |       0 |    0 |   115 |      0 |      0 |    0 |          0 |
|     (g_has_mem.glen_mem[25].blk_i)         |                     uop_block_wrap__parameterized13 |          0 |          0 |       0 |    0 |    50 |      0 |      0 |    0 |          0 |
|     core                                   |                          uop_block__parameterized13 |          3 |          3 |       0 |    0 |    65 |      0 |      0 |    0 |          0 |
|       (core)                               |                          uop_block__parameterized13 |          3 |          3 |       0 |    0 |     1 |      0 |      0 |    0 |          0 |
|       g[0].g_normal.alu_i                  |                                     microop_unit__4 |          0 |          0 |       0 |    0 |    32 |      0 |      0 |    0 |          0 |
|       g[1].g_normal.alu_i                  |                     microop_unit__parameterized5__1 |          0 |          0 |       0 |    0 |    32 |      0 |      0 |    0 |          0 |
|   g_has_mem.glen_mem[26].blk_i             |                     uop_block_wrap__parameterized14 |         66 |         66 |       0 |    0 |   150 |      0 |      0 |    0 |          0 |
|     (g_has_mem.glen_mem[26].blk_i)         |                     uop_block_wrap__parameterized14 |          0 |          0 |       0 |    0 |    77 |      0 |      0 |    0 |          0 |
|     core                                   |                          uop_block__parameterized14 |         66 |         66 |       0 |    0 |    73 |      0 |      0 |    0 |          0 |
|       (core)                               |                          uop_block__parameterized14 |          2 |          2 |       0 |    0 |     1 |      0 |      0 |    0 |          0 |
|       g[0].g_normal.alu_i                  |                     microop_unit__parameterized1__8 |         64 |         64 |       0 |    0 |    64 |      0 |      0 |    0 |          0 |
|       g[1].g_normal.alu_i                  |                        microop_unit__parameterized7 |          0 |          0 |       0 |    0 |     8 |      0 |      0 |    0 |          0 |
|   g_has_mem.glen_mem[27].blk_i             |                     uop_block_wrap__parameterized15 |          0 |          0 |       0 |    0 |    77 |      0 |      0 |    0 |          0 |
|     (g_has_mem.glen_mem[27].blk_i)         |                     uop_block_wrap__parameterized15 |          0 |          0 |       0 |    0 |    37 |      0 |      0 |    0 |          0 |
|     core                                   |                          uop_block__parameterized15 |          0 |          0 |       0 |    0 |    40 |      0 |      0 |    0 |          0 |
|       (core)                               |                          uop_block__parameterized15 |          0 |          0 |       0 |    0 |     0 |      0 |      0 |    0 |          0 |
|       g[0].g_normal.alu_i                  |                        microop_unit__parameterized8 |          0 |          0 |       0 |    0 |     8 |      0 |      0 |    0 |          0 |
|       g[1].g_normal.alu_i                  |                                     microop_unit__5 |          0 |          0 |       0 |    0 |    32 |      0 |      0 |    0 |          0 |
|   g_has_mem.glen_mem[28].blk_i             |                     uop_block_wrap__parameterized16 |         42 |         42 |       0 |    0 |   148 |      0 |      0 |    0 |          0 |
|     (g_has_mem.glen_mem[28].blk_i)         |                     uop_block_wrap__parameterized16 |          4 |          4 |       0 |    0 |    50 |      0 |      0 |    0 |          0 |
|     core                                   |                          uop_block__parameterized16 |         38 |         38 |       0 |    0 |    98 |      0 |      0 |    0 |          0 |
|       (core)                               |                          uop_block__parameterized16 |          6 |          6 |       0 |    0 |     2 |      0 |      0 |    0 |          0 |
|       g[0].g_normal.alu_i                  |                                     microop_unit__6 |          0 |          0 |       0 |    0 |    32 |      0 |      0 |    0 |          0 |
|       g[1].g_normal.alu_i                  |                        microop_unit__parameterized9 |         32 |         32 |       0 |    0 |    32 |      0 |      0 |    0 |          0 |
|       g[2].g_normal.alu_i                  |                                     microop_unit__7 |          0 |          0 |       0 |    0 |    32 |      0 |      0 |    0 |          0 |
|   g_has_mem.glen_mem[29].blk_i             |           uop_block_wrap__parameterized4__xdcDup__2 |         72 |         72 |       0 |    0 |   272 |      0 |      0 |    0 |          0 |
|     (g_has_mem.glen_mem[29].blk_i)         |           uop_block_wrap__parameterized4__xdcDup__2 |          6 |          6 |       0 |    0 |    79 |      0 |      0 |    0 |          0 |
|     core                                   |                uop_block__parameterized4__xdcDup__2 |         66 |         66 |       0 |    0 |   193 |      0 |      0 |    0 |          0 |
|       (core)                               |                uop_block__parameterized4__xdcDup__2 |          2 |          2 |       0 |    0 |     1 |      0 |      0 |    0 |          0 |
|       g[0].g_normal.alu_i                  |                    microop_unit__parameterized3__12 |          0 |          0 |       0 |    0 |    64 |      0 |      0 |    0 |          0 |
|       g[1].g_normal.alu_i                  |            microop_unit__parameterized2__xdcDup__22 |         64 |         64 |       0 |    0 |   128 |      0 |      0 |    0 |          0 |
|         (g[1].g_normal.alu_i)              |            microop_unit__parameterized2__xdcDup__22 |          0 |          0 |       0 |    0 |    64 |      0 |      0 |    0 |          0 |
|         g_iadd.use_ip.u_addsub             |                                integer_addsub_HD886 |         64 |         64 |       0 |    0 |    64 |      0 |      0 |    0 |          0 |
|           (g_iadd.use_ip.u_addsub)         |                                integer_addsub_HD886 |          0 |          0 |       0 |    0 |     0 |      0 |      0 |    0 |          0 |
|           U0                               |               integer_addsubc_addsub_v12_0_14_HD887 |         64 |         64 |       0 |    0 |    64 |      0 |      0 |    0 |          0 |
|             (U0)                           |               integer_addsubc_addsub_v12_0_14_HD887 |          0 |          0 |       0 |    0 |     0 |      0 |      0 |    0 |          0 |
|             xst_addsub                     |           integer_addsubc_addsub_v12_0_14_viv_HD888 |         64 |         64 |       0 |    0 |    64 |      0 |      0 |    0 |          0 |
|               (xst_addsub)                 |           integer_addsubc_addsub_v12_0_14_viv_HD888 |          0 |          0 |       0 |    0 |     0 |      0 |      0 |    0 |          0 |
|               i_baseblox.i_baseblox_addsub |        integer_addsubc_addsub_v12_0_14_legacy_HD889 |         64 |         64 |       0 |    0 |    64 |      0 |      0 |    0 |          0 |
|                 no_pipelining.the_addsub   | integer_addsubc_addsub_v12_0_14_fabric_legacy_HD890 |         64 |         64 |       0 |    0 |    64 |      0 |      0 |    0 |          0 |
|                   i_lut6.i_lut6_addsub     |   integer_addsubc_addsub_v12_0_14_lut6_legacy_HD891 |         64 |         64 |       0 |    0 |    64 |      0 |      0 |    0 |          0 |
|                     (i_lut6.i_lut6_addsub) |   integer_addsubc_addsub_v12_0_14_lut6_legacy_HD891 |         64 |         64 |       0 |    0 |     0 |      0 |      0 |    0 |          0 |
|                     i_q.i_simple.qreg      |            integer_addsubc_reg_fd_v12_0_6_viv_HD892 |          0 |          0 |       0 |    0 |    64 |      0 |      0 |    0 |          0 |
|   g_has_mem.glen_mem[2].blk_i              |                      uop_block_wrap__parameterized1 |        334 |        334 |       0 |    0 |   787 |      0 |      0 |    0 |          0 |
|     (g_has_mem.glen_mem[2].blk_i)          |                      uop_block_wrap__parameterized1 |          5 |          5 |       0 |    0 |    80 |      0 |      0 |    0 |          0 |
|     core                                   |                           uop_block__parameterized1 |        329 |        329 |       0 |    0 |   707 |      0 |      0 |    0 |          0 |
|       (core)                               |                           uop_block__parameterized1 |          9 |          9 |       0 |    0 |     3 |      0 |      0 |    0 |          0 |
|       g[0].g_normal.alu_i                  |                     microop_unit__parameterized3__8 |          0 |          0 |       0 |    0 |    64 |      0 |      0 |    0 |          0 |
|       g[1].g_normal.alu_i                  |             microop_unit__parameterized2__xdcDup__2 |         64 |         64 |       0 |    0 |   128 |      0 |      0 |    0 |          0 |
|         (g[1].g_normal.alu_i)              |             microop_unit__parameterized2__xdcDup__2 |          0 |          0 |       0 |    0 |    64 |      0 |      0 |    0 |          0 |
|         g_iadd.use_ip.u_addsub             |                                integer_addsub_HD893 |         64 |         64 |       0 |    0 |    64 |      0 |      0 |    0 |          0 |
|           (g_iadd.use_ip.u_addsub)         |                                integer_addsub_HD893 |          0 |          0 |       0 |    0 |     0 |      0 |      0 |    0 |          0 |
|           U0                               |               integer_addsubc_addsub_v12_0_14_HD894 |         64 |         64 |       0 |    0 |    64 |      0 |      0 |    0 |          0 |
|             (U0)                           |               integer_addsubc_addsub_v12_0_14_HD894 |          0 |          0 |       0 |    0 |     0 |      0 |      0 |    0 |          0 |
|             xst_addsub                     |           integer_addsubc_addsub_v12_0_14_viv_HD895 |         64 |         64 |       0 |    0 |    64 |      0 |      0 |    0 |          0 |
|               (xst_addsub)                 |           integer_addsubc_addsub_v12_0_14_viv_HD895 |          0 |          0 |       0 |    0 |     0 |      0 |      0 |    0 |          0 |
|               i_baseblox.i_baseblox_addsub |        integer_addsubc_addsub_v12_0_14_legacy_HD896 |         64 |         64 |       0 |    0 |    64 |      0 |      0 |    0 |          0 |
|                 no_pipelining.the_addsub   | integer_addsubc_addsub_v12_0_14_fabric_legacy_HD897 |         64 |         64 |       0 |    0 |    64 |      0 |      0 |    0 |          0 |
|                   i_lut6.i_lut6_addsub     |   integer_addsubc_addsub_v12_0_14_lut6_legacy_HD898 |         64 |         64 |       0 |    0 |    64 |      0 |      0 |    0 |          0 |
|                     (i_lut6.i_lut6_addsub) |   integer_addsubc_addsub_v12_0_14_lut6_legacy_HD898 |         64 |         64 |       0 |    0 |     0 |      0 |      0 |    0 |          0 |
|                     i_q.i_simple.qreg      |            integer_addsubc_reg_fd_v12_0_6_viv_HD899 |          0 |          0 |       0 |    0 |    64 |      0 |      0 |    0 |          0 |
|       g[2].g_normal.alu_i                  |             microop_unit__parameterized2__xdcDup__3 |         64 |         64 |       0 |    0 |   128 |      0 |      0 |    0 |          0 |
|         (g[2].g_normal.alu_i)              |             microop_unit__parameterized2__xdcDup__3 |          0 |          0 |       0 |    0 |    64 |      0 |      0 |    0 |          0 |
|         g_iadd.use_ip.u_addsub             |                                integer_addsub_HD900 |         64 |         64 |       0 |    0 |    64 |      0 |      0 |    0 |          0 |
|           (g_iadd.use_ip.u_addsub)         |                                integer_addsub_HD900 |          0 |          0 |       0 |    0 |     0 |      0 |      0 |    0 |          0 |
|           U0                               |               integer_addsubc_addsub_v12_0_14_HD901 |         64 |         64 |       0 |    0 |    64 |      0 |      0 |    0 |          0 |
|             (U0)                           |               integer_addsubc_addsub_v12_0_14_HD901 |          0 |          0 |       0 |    0 |     0 |      0 |      0 |    0 |          0 |
|             xst_addsub                     |           integer_addsubc_addsub_v12_0_14_viv_HD902 |         64 |         64 |       0 |    0 |    64 |      0 |      0 |    0 |          0 |
|               (xst_addsub)                 |           integer_addsubc_addsub_v12_0_14_viv_HD902 |          0 |          0 |       0 |    0 |     0 |      0 |      0 |    0 |          0 |
|               i_baseblox.i_baseblox_addsub |        integer_addsubc_addsub_v12_0_14_legacy_HD903 |         64 |         64 |       0 |    0 |    64 |      0 |      0 |    0 |          0 |
|                 no_pipelining.the_addsub   | integer_addsubc_addsub_v12_0_14_fabric_legacy_HD904 |         64 |         64 |       0 |    0 |    64 |      0 |      0 |    0 |          0 |
|                   i_lut6.i_lut6_addsub     |   integer_addsubc_addsub_v12_0_14_lut6_legacy_HD905 |         64 |         64 |       0 |    0 |    64 |      0 |      0 |    0 |          0 |
|                     (i_lut6.i_lut6_addsub) |   integer_addsubc_addsub_v12_0_14_lut6_legacy_HD905 |         64 |         64 |       0 |    0 |     0 |      0 |      0 |    0 |          0 |
|                     i_q.i_simple.qreg      |            integer_addsubc_reg_fd_v12_0_6_viv_HD906 |          0 |          0 |       0 |    0 |    64 |      0 |      0 |    0 |          0 |
|       g[3].g_normal.alu_i                  |             microop_unit__parameterized2__xdcDup__4 |         64 |         64 |       0 |    0 |   128 |      0 |      0 |    0 |          0 |
|         (g[3].g_normal.alu_i)              |             microop_unit__parameterized2__xdcDup__4 |          0 |          0 |       0 |    0 |    64 |      0 |      0 |    0 |          0 |
|         g_iadd.use_ip.u_addsub             |                                integer_addsub_HD907 |         64 |         64 |       0 |    0 |    64 |      0 |      0 |    0 |          0 |
|           (g_iadd.use_ip.u_addsub)         |                                integer_addsub_HD907 |          0 |          0 |       0 |    0 |     0 |      0 |      0 |    0 |          0 |
|           U0                               |               integer_addsubc_addsub_v12_0_14_HD908 |         64 |         64 |       0 |    0 |    64 |      0 |      0 |    0 |          0 |
|             (U0)                           |               integer_addsubc_addsub_v12_0_14_HD908 |          0 |          0 |       0 |    0 |     0 |      0 |      0 |    0 |          0 |
|             xst_addsub                     |           integer_addsubc_addsub_v12_0_14_viv_HD909 |         64 |         64 |       0 |    0 |    64 |      0 |      0 |    0 |          0 |
|               (xst_addsub)                 |           integer_addsubc_addsub_v12_0_14_viv_HD909 |          0 |          0 |       0 |    0 |     0 |      0 |      0 |    0 |          0 |
|               i_baseblox.i_baseblox_addsub |        integer_addsubc_addsub_v12_0_14_legacy_HD910 |         64 |         64 |       0 |    0 |    64 |      0 |      0 |    0 |          0 |
|                 no_pipelining.the_addsub   | integer_addsubc_addsub_v12_0_14_fabric_legacy_HD911 |         64 |         64 |       0 |    0 |    64 |      0 |      0 |    0 |          0 |
|                   i_lut6.i_lut6_addsub     |   integer_addsubc_addsub_v12_0_14_lut6_legacy_HD912 |         64 |         64 |       0 |    0 |    64 |      0 |      0 |    0 |          0 |
|                     (i_lut6.i_lut6_addsub) |   integer_addsubc_addsub_v12_0_14_lut6_legacy_HD912 |         64 |         64 |       0 |    0 |     0 |      0 |      0 |    0 |          0 |
|                     i_q.i_simple.qreg      |            integer_addsubc_reg_fd_v12_0_6_viv_HD913 |          0 |          0 |       0 |    0 |    64 |      0 |      0 |    0 |          0 |
|       g[4].g_normal.alu_i                  |             microop_unit__parameterized2__xdcDup__5 |         64 |         64 |       0 |    0 |   128 |      0 |      0 |    0 |          0 |
|         (g[4].g_normal.alu_i)              |             microop_unit__parameterized2__xdcDup__5 |          0 |          0 |       0 |    0 |    64 |      0 |      0 |    0 |          0 |
|         g_iadd.use_ip.u_addsub             |                                integer_addsub_HD914 |         64 |         64 |       0 |    0 |    64 |      0 |      0 |    0 |          0 |
|           (g_iadd.use_ip.u_addsub)         |                                integer_addsub_HD914 |          0 |          0 |       0 |    0 |     0 |      0 |      0 |    0 |          0 |
|           U0                               |               integer_addsubc_addsub_v12_0_14_HD915 |         64 |         64 |       0 |    0 |    64 |      0 |      0 |    0 |          0 |
|             (U0)                           |               integer_addsubc_addsub_v12_0_14_HD915 |          0 |          0 |       0 |    0 |     0 |      0 |      0 |    0 |          0 |
|             xst_addsub                     |           integer_addsubc_addsub_v12_0_14_viv_HD916 |         64 |         64 |       0 |    0 |    64 |      0 |      0 |    0 |          0 |
|               (xst_addsub)                 |           integer_addsubc_addsub_v12_0_14_viv_HD916 |          0 |          0 |       0 |    0 |     0 |      0 |      0 |    0 |          0 |
|               i_baseblox.i_baseblox_addsub |        integer_addsubc_addsub_v12_0_14_legacy_HD917 |         64 |         64 |       0 |    0 |    64 |      0 |      0 |    0 |          0 |
|                 no_pipelining.the_addsub   | integer_addsubc_addsub_v12_0_14_fabric_legacy_HD918 |         64 |         64 |       0 |    0 |    64 |      0 |      0 |    0 |          0 |
|                   i_lut6.i_lut6_addsub     |   integer_addsubc_addsub_v12_0_14_lut6_legacy_HD919 |         64 |         64 |       0 |    0 |    64 |      0 |      0 |    0 |          0 |
|                     (i_lut6.i_lut6_addsub) |   integer_addsubc_addsub_v12_0_14_lut6_legacy_HD919 |         64 |         64 |       0 |    0 |     0 |      0 |      0 |    0 |          0 |
|                     i_q.i_simple.qreg      |            integer_addsubc_reg_fd_v12_0_6_viv_HD920 |          0 |          0 |       0 |    0 |    64 |      0 |      0 |    0 |          0 |
|       g[5].g_normal.alu_i                  |             microop_unit__parameterized2__xdcDup__6 |         64 |         64 |       0 |    0 |   128 |      0 |      0 |    0 |          0 |
|         (g[5].g_normal.alu_i)              |             microop_unit__parameterized2__xdcDup__6 |          0 |          0 |       0 |    0 |    64 |      0 |      0 |    0 |          0 |
|         g_iadd.use_ip.u_addsub             |                                integer_addsub_HD921 |         64 |         64 |       0 |    0 |    64 |      0 |      0 |    0 |          0 |
|           (g_iadd.use_ip.u_addsub)         |                                integer_addsub_HD921 |          0 |          0 |       0 |    0 |     0 |      0 |      0 |    0 |          0 |
|           U0                               |               integer_addsubc_addsub_v12_0_14_HD922 |         64 |         64 |       0 |    0 |    64 |      0 |      0 |    0 |          0 |
|             (U0)                           |               integer_addsubc_addsub_v12_0_14_HD922 |          0 |          0 |       0 |    0 |     0 |      0 |      0 |    0 |          0 |
|             xst_addsub                     |           integer_addsubc_addsub_v12_0_14_viv_HD923 |         64 |         64 |       0 |    0 |    64 |      0 |      0 |    0 |          0 |
|               (xst_addsub)                 |           integer_addsubc_addsub_v12_0_14_viv_HD923 |          0 |          0 |       0 |    0 |     0 |      0 |      0 |    0 |          0 |
|               i_baseblox.i_baseblox_addsub |        integer_addsubc_addsub_v12_0_14_legacy_HD924 |         64 |         64 |       0 |    0 |    64 |      0 |      0 |    0 |          0 |
|                 no_pipelining.the_addsub   | integer_addsubc_addsub_v12_0_14_fabric_legacy_HD925 |         64 |         64 |       0 |    0 |    64 |      0 |      0 |    0 |          0 |
|                   i_lut6.i_lut6_addsub     |   integer_addsubc_addsub_v12_0_14_lut6_legacy_HD926 |         64 |         64 |       0 |    0 |    64 |      0 |      0 |    0 |          0 |
|                     (i_lut6.i_lut6_addsub) |   integer_addsubc_addsub_v12_0_14_lut6_legacy_HD926 |         64 |         64 |       0 |    0 |     0 |      0 |      0 |    0 |          0 |
|                     i_q.i_simple.qreg      |            integer_addsubc_reg_fd_v12_0_6_viv_HD927 |          0 |          0 |       0 |    0 |    64 |      0 |      0 |    0 |          0 |
|   g_has_mem.glen_mem[30].blk_i             |                      uop_block_wrap__parameterized4 |         71 |         71 |       0 |    0 |   269 |      0 |      0 |    0 |          0 |
|     (g_has_mem.glen_mem[30].blk_i)         |                      uop_block_wrap__parameterized4 |          5 |          5 |       0 |    0 |    76 |      0 |      0 |    0 |          0 |
|     core                                   |                           uop_block__parameterized4 |         66 |         66 |       0 |    0 |   193 |      0 |      0 |    0 |          0 |
|       (core)                               |                           uop_block__parameterized4 |          2 |          2 |       0 |    0 |     1 |      0 |      0 |    0 |          0 |
|       g[0].g_normal.alu_i                  |                    microop_unit__parameterized3__13 |          0 |          0 |       0 |    0 |    64 |      0 |      0 |    0 |          0 |
|       g[1].g_normal.alu_i                  |            microop_unit__parameterized2__xdcDup__23 |         64 |         64 |       0 |    0 |   128 |      0 |      0 |    0 |          0 |
|         (g[1].g_normal.alu_i)              |            microop_unit__parameterized2__xdcDup__23 |          0 |          0 |       0 |    0 |    64 |      0 |      0 |    0 |          0 |
|         g_iadd.use_ip.u_addsub             |                                integer_addsub_HD928 |         64 |         64 |       0 |    0 |    64 |      0 |      0 |    0 |          0 |
|           (g_iadd.use_ip.u_addsub)         |                                integer_addsub_HD928 |          0 |          0 |       0 |    0 |     0 |      0 |      0 |    0 |          0 |
|           U0                               |               integer_addsubc_addsub_v12_0_14_HD929 |         64 |         64 |       0 |    0 |    64 |      0 |      0 |    0 |          0 |
|             (U0)                           |               integer_addsubc_addsub_v12_0_14_HD929 |          0 |          0 |       0 |    0 |     0 |      0 |      0 |    0 |          0 |
|             xst_addsub                     |           integer_addsubc_addsub_v12_0_14_viv_HD930 |         64 |         64 |       0 |    0 |    64 |      0 |      0 |    0 |          0 |
|               (xst_addsub)                 |           integer_addsubc_addsub_v12_0_14_viv_HD930 |          0 |          0 |       0 |    0 |     0 |      0 |      0 |    0 |          0 |
|               i_baseblox.i_baseblox_addsub |        integer_addsubc_addsub_v12_0_14_legacy_HD931 |         64 |         64 |       0 |    0 |    64 |      0 |      0 |    0 |          0 |
|                 no_pipelining.the_addsub   | integer_addsubc_addsub_v12_0_14_fabric_legacy_HD932 |         64 |         64 |       0 |    0 |    64 |      0 |      0 |    0 |          0 |
|                   i_lut6.i_lut6_addsub     |   integer_addsubc_addsub_v12_0_14_lut6_legacy_HD933 |         64 |         64 |       0 |    0 |    64 |      0 |      0 |    0 |          0 |
|                     (i_lut6.i_lut6_addsub) |   integer_addsubc_addsub_v12_0_14_lut6_legacy_HD933 |         64 |         64 |       0 |    0 |     0 |      0 |      0 |    0 |          0 |
|                     i_q.i_simple.qreg      |            integer_addsubc_reg_fd_v12_0_6_viv_HD934 |          0 |          0 |       0 |    0 |    64 |      0 |      0 |    0 |          0 |
|   g_has_mem.glen_mem[31].blk_i             |                                    uop_block_wrap_5 |          6 |          6 |       0 |    0 |   114 |      0 |      0 |    0 |          0 |
|     (g_has_mem.glen_mem[31].blk_i)         |                                    uop_block_wrap_5 |          3 |          3 |       0 |    0 |    49 |      0 |      0 |    0 |          0 |
|     core                                   |                                        uop_block_14 |          3 |          3 |       0 |    0 |    65 |      0 |      0 |    0 |          0 |
|       (core)                               |                                        uop_block_14 |          3 |          3 |       0 |    0 |     1 |      0 |      0 |    0 |          0 |
|       g[0].g_normal.alu_i                  |                                     microop_unit__2 |          0 |          0 |       0 |    0 |    32 |      0 |      0 |    0 |          0 |
|       g[1].g_normal.alu_i                  |                     microop_unit__parameterized0__2 |          0 |          0 |       0 |    0 |    32 |      0 |      0 |    0 |          0 |
|   g_has_mem.glen_mem[32].blk_i             |                                    uop_block_wrap_6 |          5 |          5 |       0 |    0 |   114 |      0 |      0 |    0 |          0 |
|     (g_has_mem.glen_mem[32].blk_i)         |                                    uop_block_wrap_6 |          1 |          1 |       0 |    0 |    49 |      0 |      0 |    0 |          0 |
|     core                                   |                                           uop_block |          4 |          4 |       0 |    0 |    65 |      0 |      0 |    0 |          0 |
|       (core)                               |                                           uop_block |          4 |          4 |       0 |    0 |     1 |      0 |      0 |    0 |          0 |
|       g[0].g_normal.alu_i                  |                                     microop_unit__3 |          0 |          0 |       0 |    0 |    32 |      0 |      0 |    0 |          0 |
|       g[1].g_normal.alu_i                  |                     microop_unit__parameterized0__3 |          0 |          0 |       0 |    0 |    32 |      0 |      0 |    0 |          0 |
|   g_has_mem.glen_mem[33].blk_i             |                     uop_block_wrap__parameterized17 |         68 |         68 |       0 |    0 |   204 |      0 |      0 |    0 |          0 |
|     (g_has_mem.glen_mem[33].blk_i)         |                     uop_block_wrap__parameterized17 |          1 |          1 |       0 |    0 |    75 |      0 |      0 |    0 |          0 |
|     core                                   |                          uop_block__parameterized17 |         67 |         67 |       0 |    0 |   129 |      0 |      0 |    0 |          0 |
|       (core)                               |                          uop_block__parameterized17 |          3 |          3 |       0 |    0 |     1 |      0 |      0 |    0 |          0 |
|       g[0].g_normal.alu_i                  |                     microop_unit__parameterized1__4 |         64 |         64 |       0 |    0 |    64 |      0 |      0 |    0 |          0 |
|       g[1].g_normal.alu_i                  |                     microop_unit__parameterized3__5 |          0 |          0 |       0 |    0 |    64 |      0 |      0 |    0 |          0 |
|   g_has_mem.glen_mem[34].blk_i             |                     uop_block_wrap__parameterized18 |        146 |        146 |       0 |    0 |   403 |      0 |      0 |    0 |          0 |
|     (g_has_mem.glen_mem[34].blk_i)         |                     uop_block_wrap__parameterized18 |         11 |         11 |       0 |    0 |    81 |      0 |      0 |    0 |          0 |
|     core                                   |                          uop_block__parameterized18 |        135 |        135 |       0 |    0 |   322 |      0 |      0 |    0 |          0 |
|       (core)                               |                          uop_block__parameterized18 |          7 |          7 |       0 |    0 |     2 |      0 |      0 |    0 |          0 |
|       g[0].g_normal.alu_i                  |                     microop_unit__parameterized1__3 |         64 |         64 |       0 |    0 |    64 |      0 |      0 |    0 |          0 |
|       g[1].g_normal.alu_i                  |                     microop_unit__parameterized3__3 |          0 |          0 |       0 |    0 |    64 |      0 |      0 |    0 |          0 |
|       g[2].g_normal.alu_i                  |                     microop_unit__parameterized3__4 |          0 |          0 |       0 |    0 |    64 |      0 |      0 |    0 |          0 |
|       g[3].g_normal.alu_i                  |                        microop_unit__parameterized2 |         64 |         64 |       0 |    0 |   128 |      0 |      0 |    0 |          0 |
|         (g[3].g_normal.alu_i)              |                        microop_unit__parameterized2 |          0 |          0 |       0 |    0 |    64 |      0 |      0 |    0 |          0 |
|         g_iadd.use_ip.u_addsub             |                                integer_addsub_HD935 |         64 |         64 |       0 |    0 |    64 |      0 |      0 |    0 |          0 |
|           (g_iadd.use_ip.u_addsub)         |                                integer_addsub_HD935 |          0 |          0 |       0 |    0 |     0 |      0 |      0 |    0 |          0 |
|           U0                               |               integer_addsubc_addsub_v12_0_14_HD936 |         64 |         64 |       0 |    0 |    64 |      0 |      0 |    0 |          0 |
|             (U0)                           |               integer_addsubc_addsub_v12_0_14_HD936 |          0 |          0 |       0 |    0 |     0 |      0 |      0 |    0 |          0 |
|             xst_addsub                     |           integer_addsubc_addsub_v12_0_14_viv_HD937 |         64 |         64 |       0 |    0 |    64 |      0 |      0 |    0 |          0 |
|               (xst_addsub)                 |           integer_addsubc_addsub_v12_0_14_viv_HD937 |          0 |          0 |       0 |    0 |     0 |      0 |      0 |    0 |          0 |
|               i_baseblox.i_baseblox_addsub |        integer_addsubc_addsub_v12_0_14_legacy_HD938 |         64 |         64 |       0 |    0 |    64 |      0 |      0 |    0 |          0 |
|                 no_pipelining.the_addsub   | integer_addsubc_addsub_v12_0_14_fabric_legacy_HD939 |         64 |         64 |       0 |    0 |    64 |      0 |      0 |    0 |          0 |
|                   i_lut6.i_lut6_addsub     |   integer_addsubc_addsub_v12_0_14_lut6_legacy_HD940 |         64 |         64 |       0 |    0 |    64 |      0 |      0 |    0 |          0 |
|                     (i_lut6.i_lut6_addsub) |   integer_addsubc_addsub_v12_0_14_lut6_legacy_HD940 |         64 |         64 |       0 |    0 |     0 |      0 |      0 |    0 |          0 |
|                     i_q.i_simple.qreg      |            integer_addsubc_reg_fd_v12_0_6_viv_HD941 |          0 |          0 |       0 |    0 |    64 |      0 |      0 |    0 |          0 |
|   g_has_mem.glen_mem[3].blk_i              |                    uop_block_wrap__parameterized2_7 |         32 |         32 |       0 |    0 |   102 |      0 |      0 |    0 |          0 |
|     (g_has_mem.glen_mem[3].blk_i)          |                    uop_block_wrap__parameterized2_7 |          0 |          0 |       0 |    0 |    38 |      0 |      0 |    0 |          0 |
|     core                                   |                        uop_block__parameterized2_13 |         32 |         32 |       0 |    0 |    64 |      0 |      0 |    0 |          0 |
|       (core)                               |                        uop_block__parameterized2_13 |          0 |          0 |       0 |    0 |     0 |      0 |      0 |    0 |          0 |
|       g[0].g_normal.alu_i                  |                     microop_unit__parameterized4__2 |         32 |         32 |       0 |    0 |    32 |      0 |      0 |    0 |          0 |
|       g[1].g_normal.alu_i                  |                        microop_unit__parameterized5 |          0 |          0 |       0 |    0 |    32 |      0 |      0 |    0 |          0 |
|   g_has_mem.glen_mem[4].blk_i              |                    uop_block_wrap__parameterized2_8 |         32 |         32 |       0 |    0 |   102 |      0 |      0 |    0 |          0 |
|     (g_has_mem.glen_mem[4].blk_i)          |                    uop_block_wrap__parameterized2_8 |          0 |          0 |       0 |    0 |    38 |      0 |      0 |    0 |          0 |
|     core                                   |                        uop_block__parameterized2_12 |         32 |         32 |       0 |    0 |    64 |      0 |      0 |    0 |          0 |
|       (core)                               |                        uop_block__parameterized2_12 |          0 |          0 |       0 |    0 |     0 |      0 |      0 |    0 |          0 |
|       g[0].g_normal.alu_i                  |                     microop_unit__parameterized4__7 |         32 |         32 |       0 |    0 |    32 |      0 |      0 |    0 |          0 |
|       g[1].g_normal.alu_i                  |                     microop_unit__parameterized5__6 |          0 |          0 |       0 |    0 |    32 |      0 |      0 |    0 |          0 |
|   g_has_mem.glen_mem[5].blk_i              |                    uop_block_wrap__parameterized2_9 |         32 |         32 |       0 |    0 |   102 |      0 |      0 |    0 |          0 |
|     (g_has_mem.glen_mem[5].blk_i)          |                    uop_block_wrap__parameterized2_9 |          0 |          0 |       0 |    0 |    38 |      0 |      0 |    0 |          0 |
|     core                                   |                        uop_block__parameterized2_11 |         32 |         32 |       0 |    0 |    64 |      0 |      0 |    0 |          0 |
|       (core)                               |                        uop_block__parameterized2_11 |          0 |          0 |       0 |    0 |     0 |      0 |      0 |    0 |          0 |
|       g[0].g_normal.alu_i                  |                     microop_unit__parameterized4__6 |         32 |         32 |       0 |    0 |    32 |      0 |      0 |    0 |          0 |
|       g[1].g_normal.alu_i                  |                     microop_unit__parameterized5__5 |          0 |          0 |       0 |    0 |    32 |      0 |      0 |    0 |          0 |
|   g_has_mem.glen_mem[6].blk_i              |                   uop_block_wrap__parameterized2_10 |         32 |         32 |       0 |    0 |   102 |      0 |      0 |    0 |          0 |
|     (g_has_mem.glen_mem[6].blk_i)          |                   uop_block_wrap__parameterized2_10 |          0 |          0 |       0 |    0 |    38 |      0 |      0 |    0 |          0 |
|     core                                   |                           uop_block__parameterized2 |         32 |         32 |       0 |    0 |    64 |      0 |      0 |    0 |          0 |
|       (core)                               |                           uop_block__parameterized2 |          0 |          0 |       0 |    0 |     0 |      0 |      0 |    0 |          0 |
|       g[0].g_normal.alu_i                  |                     microop_unit__parameterized4__5 |         32 |         32 |       0 |    0 |    32 |      0 |      0 |    0 |          0 |
|       g[1].g_normal.alu_i                  |                     microop_unit__parameterized5__4 |          0 |          0 |       0 |    0 |    32 |      0 |      0 |    0 |          0 |
|   g_has_mem.glen_mem[7].blk_i              |                      uop_block_wrap__parameterized3 |        138 |        138 |       0 |    0 |   338 |      0 |      0 |    0 |          0 |
|     (g_has_mem.glen_mem[7].blk_i)          |                      uop_block_wrap__parameterized3 |          3 |          3 |       0 |    0 |    80 |      0 |      0 |    0 |          0 |
|     core                                   |                           uop_block__parameterized3 |        135 |        135 |       0 |    0 |   258 |      0 |      0 |    0 |          0 |
|       (core)                               |                           uop_block__parameterized3 |          7 |          7 |       0 |    0 |     2 |      0 |      0 |    0 |          0 |
|       g[0].g_normal.alu_i                  |                     microop_unit__parameterized1__5 |         64 |         64 |       0 |    0 |    64 |      0 |      0 |    0 |          0 |
|       g[1].g_normal.alu_i                  |             microop_unit__parameterized2__xdcDup__7 |         64 |         64 |       0 |    0 |   128 |      0 |      0 |    0 |          0 |
|         (g[1].g_normal.alu_i)              |             microop_unit__parameterized2__xdcDup__7 |          0 |          0 |       0 |    0 |    64 |      0 |      0 |    0 |          0 |
|         g_iadd.use_ip.u_addsub             |                                integer_addsub_HD942 |         64 |         64 |       0 |    0 |    64 |      0 |      0 |    0 |          0 |
|           (g_iadd.use_ip.u_addsub)         |                                integer_addsub_HD942 |          0 |          0 |       0 |    0 |     0 |      0 |      0 |    0 |          0 |
|           U0                               |               integer_addsubc_addsub_v12_0_14_HD943 |         64 |         64 |       0 |    0 |    64 |      0 |      0 |    0 |          0 |
|             (U0)                           |               integer_addsubc_addsub_v12_0_14_HD943 |          0 |          0 |       0 |    0 |     0 |      0 |      0 |    0 |          0 |
|             xst_addsub                     |           integer_addsubc_addsub_v12_0_14_viv_HD944 |         64 |         64 |       0 |    0 |    64 |      0 |      0 |    0 |          0 |
|               (xst_addsub)                 |           integer_addsubc_addsub_v12_0_14_viv_HD944 |          0 |          0 |       0 |    0 |     0 |      0 |      0 |    0 |          0 |
|               i_baseblox.i_baseblox_addsub |        integer_addsubc_addsub_v12_0_14_legacy_HD945 |         64 |         64 |       0 |    0 |    64 |      0 |      0 |    0 |          0 |
|                 no_pipelining.the_addsub   | integer_addsubc_addsub_v12_0_14_fabric_legacy_HD946 |         64 |         64 |       0 |    0 |    64 |      0 |      0 |    0 |          0 |
|                   i_lut6.i_lut6_addsub     |   integer_addsubc_addsub_v12_0_14_lut6_legacy_HD947 |         64 |         64 |       0 |    0 |    64 |      0 |      0 |    0 |          0 |
|                     (i_lut6.i_lut6_addsub) |   integer_addsubc_addsub_v12_0_14_lut6_legacy_HD947 |         64 |         64 |       0 |    0 |     0 |      0 |      0 |    0 |          0 |
|                     i_q.i_simple.qreg      |            integer_addsubc_reg_fd_v12_0_6_viv_HD948 |          0 |          0 |       0 |    0 |    64 |      0 |      0 |    0 |          0 |
|       g[2].g_normal.alu_i                  |                     microop_unit__parameterized3__7 |          0 |          0 |       0 |    0 |    64 |      0 |      0 |    0 |          0 |
|   g_has_mem.glen_mem[8].blk_i              |           uop_block_wrap__parameterized4__xdcDup__1 |         70 |         70 |       0 |    0 |   270 |      0 |      0 |    0 |          0 |
|     (g_has_mem.glen_mem[8].blk_i)          |           uop_block_wrap__parameterized4__xdcDup__1 |          3 |          3 |       0 |    0 |    77 |      0 |      0 |    0 |          0 |
|     core                                   |                uop_block__parameterized4__xdcDup__1 |         67 |         67 |       0 |    0 |   193 |      0 |      0 |    0 |          0 |
|       (core)                               |                uop_block__parameterized4__xdcDup__1 |          3 |          3 |       0 |    0 |     1 |      0 |      0 |    0 |          0 |
|       g[0].g_normal.alu_i                  |                     microop_unit__parameterized3__6 |          0 |          0 |       0 |    0 |    64 |      0 |      0 |    0 |          0 |
|       g[1].g_normal.alu_i                  |             microop_unit__parameterized2__xdcDup__8 |         64 |         64 |       0 |    0 |   128 |      0 |      0 |    0 |          0 |
|         (g[1].g_normal.alu_i)              |             microop_unit__parameterized2__xdcDup__8 |          0 |          0 |       0 |    0 |    64 |      0 |      0 |    0 |          0 |
|         g_iadd.use_ip.u_addsub             |                                integer_addsub_HD949 |         64 |         64 |       0 |    0 |    64 |      0 |      0 |    0 |          0 |
|           (g_iadd.use_ip.u_addsub)         |                                integer_addsub_HD949 |          0 |          0 |       0 |    0 |     0 |      0 |      0 |    0 |          0 |
|           U0                               |               integer_addsubc_addsub_v12_0_14_HD950 |         64 |         64 |       0 |    0 |    64 |      0 |      0 |    0 |          0 |
|             (U0)                           |               integer_addsubc_addsub_v12_0_14_HD950 |          0 |          0 |       0 |    0 |     0 |      0 |      0 |    0 |          0 |
|             xst_addsub                     |           integer_addsubc_addsub_v12_0_14_viv_HD951 |         64 |         64 |       0 |    0 |    64 |      0 |      0 |    0 |          0 |
|               (xst_addsub)                 |           integer_addsubc_addsub_v12_0_14_viv_HD951 |          0 |          0 |       0 |    0 |     0 |      0 |      0 |    0 |          0 |
|               i_baseblox.i_baseblox_addsub |        integer_addsubc_addsub_v12_0_14_legacy_HD952 |         64 |         64 |       0 |    0 |    64 |      0 |      0 |    0 |          0 |
|                 no_pipelining.the_addsub   | integer_addsubc_addsub_v12_0_14_fabric_legacy_HD953 |         64 |         64 |       0 |    0 |    64 |      0 |      0 |    0 |          0 |
|                   i_lut6.i_lut6_addsub     |   integer_addsubc_addsub_v12_0_14_lut6_legacy_HD954 |         64 |         64 |       0 |    0 |    64 |      0 |      0 |    0 |          0 |
|                     (i_lut6.i_lut6_addsub) |   integer_addsubc_addsub_v12_0_14_lut6_legacy_HD954 |         64 |         64 |       0 |    0 |     0 |      0 |      0 |    0 |          0 |
|                     i_q.i_simple.qreg      |            integer_addsubc_reg_fd_v12_0_6_viv_HD955 |          0 |          0 |       0 |    0 |    64 |      0 |      0 |    0 |          0 |
|   g_has_mem.glen_mem[9].blk_i              |                      uop_block_wrap__parameterized5 |        368 |        368 |       0 |    0 |  1302 |      0 |      0 |    0 |          0 |
|     (g_has_mem.glen_mem[9].blk_i)          |                      uop_block_wrap__parameterized5 |          3 |          3 |       0 |    0 |    49 |      0 |      0 |    0 |          0 |
|     core                                   |                           uop_block__parameterized5 |        365 |        365 |       0 |    0 |  1253 |      0 |      0 |    0 |          0 |
|       (core)                               |                           uop_block__parameterized5 |         13 |         13 |       0 |    0 |     5 |      0 |      0 |    0 |          0 |
|       g[0].g_normal.alu_i                  |                     microop_unit__parameterized4__1 |         32 |         32 |       0 |    0 |    32 |      0 |      0 |    0 |          0 |
|       g[10].g_normal.alu_i                 |                     microop_unit__parameterized6__3 |          0 |          0 |       0 |    0 |    32 |      0 |      0 |    0 |          0 |
|       g[11].g_normal.alu_i                 |                    microop_unit__parameterized3__14 |          0 |          0 |       0 |    0 |    64 |      0 |      0 |    0 |          0 |
|       g[12].g_normal.alu_i                 |                    microop_unit__parameterized3__15 |          0 |          0 |       0 |    0 |    64 |      0 |      0 |    0 |          0 |
|       g[13].g_normal.alu_i                 |             microop_unit__parameterized2__xdcDup__9 |         64 |         64 |       0 |    0 |   128 |      0 |      0 |    0 |          0 |
|         (g[13].g_normal.alu_i)             |             microop_unit__parameterized2__xdcDup__9 |          0 |          0 |       0 |    0 |    64 |      0 |      0 |    0 |          0 |
|         g_iadd.use_ip.u_addsub             |                                integer_addsub_HD956 |         64 |         64 |       0 |    0 |    64 |      0 |      0 |    0 |          0 |
|           (g_iadd.use_ip.u_addsub)         |                                integer_addsub_HD956 |          0 |          0 |       0 |    0 |     0 |      0 |      0 |    0 |          0 |
|           U0                               |               integer_addsubc_addsub_v12_0_14_HD957 |         64 |         64 |       0 |    0 |    64 |      0 |      0 |    0 |          0 |
|             (U0)                           |               integer_addsubc_addsub_v12_0_14_HD957 |          0 |          0 |       0 |    0 |     0 |      0 |      0 |    0 |          0 |
|             xst_addsub                     |           integer_addsubc_addsub_v12_0_14_viv_HD958 |         64 |         64 |       0 |    0 |    64 |      0 |      0 |    0 |          0 |
|               (xst_addsub)                 |           integer_addsubc_addsub_v12_0_14_viv_HD958 |          0 |          0 |       0 |    0 |     0 |      0 |      0 |    0 |          0 |
|               i_baseblox.i_baseblox_addsub |        integer_addsubc_addsub_v12_0_14_legacy_HD959 |         64 |         64 |       0 |    0 |    64 |      0 |      0 |    0 |          0 |
|                 no_pipelining.the_addsub   | integer_addsubc_addsub_v12_0_14_fabric_legacy_HD960 |         64 |         64 |       0 |    0 |    64 |      0 |      0 |    0 |          0 |
|                   i_lut6.i_lut6_addsub     |   integer_addsubc_addsub_v12_0_14_lut6_legacy_HD961 |         64 |         64 |       0 |    0 |    64 |      0 |      0 |    0 |          0 |
|                     (i_lut6.i_lut6_addsub) |   integer_addsubc_addsub_v12_0_14_lut6_legacy_HD961 |         64 |         64 |       0 |    0 |     0 |      0 |      0 |    0 |          0 |
|                     i_q.i_simple.qreg      |            integer_addsubc_reg_fd_v12_0_6_viv_HD962 |          0 |          0 |       0 |    0 |    64 |      0 |      0 |    0 |          0 |
|       g[14].g_normal.alu_i                 |                    microop_unit__parameterized3__16 |          0 |          0 |       0 |    0 |    64 |      0 |      0 |    0 |          0 |
|       g[15].g_normal.alu_i                 |            microop_unit__parameterized2__xdcDup__10 |         64 |         64 |       0 |    0 |   128 |      0 |      0 |    0 |          0 |
|         (g[15].g_normal.alu_i)             |            microop_unit__parameterized2__xdcDup__10 |          0 |          0 |       0 |    0 |    64 |      0 |      0 |    0 |          0 |
|         g_iadd.use_ip.u_addsub             |                                integer_addsub_HD963 |         64 |         64 |       0 |    0 |    64 |      0 |      0 |    0 |          0 |
|           (g_iadd.use_ip.u_addsub)         |                                integer_addsub_HD963 |          0 |          0 |       0 |    0 |     0 |      0 |      0 |    0 |          0 |
|           U0                               |               integer_addsubc_addsub_v12_0_14_HD964 |         64 |         64 |       0 |    0 |    64 |      0 |      0 |    0 |          0 |
|             (U0)                           |               integer_addsubc_addsub_v12_0_14_HD964 |          0 |          0 |       0 |    0 |     0 |      0 |      0 |    0 |          0 |
|             xst_addsub                     |           integer_addsubc_addsub_v12_0_14_viv_HD965 |         64 |         64 |       0 |    0 |    64 |      0 |      0 |    0 |          0 |
|               (xst_addsub)                 |           integer_addsubc_addsub_v12_0_14_viv_HD965 |          0 |          0 |       0 |    0 |     0 |      0 |      0 |    0 |          0 |
|               i_baseblox.i_baseblox_addsub |        integer_addsubc_addsub_v12_0_14_legacy_HD966 |         64 |         64 |       0 |    0 |    64 |      0 |      0 |    0 |          0 |
|                 no_pipelining.the_addsub   | integer_addsubc_addsub_v12_0_14_fabric_legacy_HD967 |         64 |         64 |       0 |    0 |    64 |      0 |      0 |    0 |          0 |
|                   i_lut6.i_lut6_addsub     |   integer_addsubc_addsub_v12_0_14_lut6_legacy_HD968 |         64 |         64 |       0 |    0 |    64 |      0 |      0 |    0 |          0 |
|                     (i_lut6.i_lut6_addsub) |   integer_addsubc_addsub_v12_0_14_lut6_legacy_HD968 |         64 |         64 |       0 |    0 |     0 |      0 |      0 |    0 |          0 |
|                     i_q.i_simple.qreg      |            integer_addsubc_reg_fd_v12_0_6_viv_HD969 |          0 |          0 |       0 |    0 |    64 |      0 |      0 |    0 |          0 |
|       g[16].g_normal.alu_i                 |                    microop_unit__parameterized3__17 |          0 |          0 |       0 |    0 |    64 |      0 |      0 |    0 |          0 |
|       g[17].g_normal.alu_i                 |                    microop_unit__parameterized3__18 |          0 |          0 |       0 |    0 |    64 |      0 |      0 |    0 |          0 |
|       g[18].g_normal.alu_i                 |            microop_unit__parameterized2__xdcDup__11 |         64 |         64 |       0 |    0 |   128 |      0 |      0 |    0 |          0 |
|         (g[18].g_normal.alu_i)             |            microop_unit__parameterized2__xdcDup__11 |          0 |          0 |       0 |    0 |    64 |      0 |      0 |    0 |          0 |
|         g_iadd.use_ip.u_addsub             |                                integer_addsub_HD970 |         64 |         64 |       0 |    0 |    64 |      0 |      0 |    0 |          0 |
|           (g_iadd.use_ip.u_addsub)         |                                integer_addsub_HD970 |          0 |          0 |       0 |    0 |     0 |      0 |      0 |    0 |          0 |
|           U0                               |               integer_addsubc_addsub_v12_0_14_HD971 |         64 |         64 |       0 |    0 |    64 |      0 |      0 |    0 |          0 |
|             (U0)                           |               integer_addsubc_addsub_v12_0_14_HD971 |          0 |          0 |       0 |    0 |     0 |      0 |      0 |    0 |          0 |
|             xst_addsub                     |           integer_addsubc_addsub_v12_0_14_viv_HD972 |         64 |         64 |       0 |    0 |    64 |      0 |      0 |    0 |          0 |
|               (xst_addsub)                 |           integer_addsubc_addsub_v12_0_14_viv_HD972 |          0 |          0 |       0 |    0 |     0 |      0 |      0 |    0 |          0 |
|               i_baseblox.i_baseblox_addsub |        integer_addsubc_addsub_v12_0_14_legacy_HD973 |         64 |         64 |       0 |    0 |    64 |      0 |      0 |    0 |          0 |
|                 no_pipelining.the_addsub   | integer_addsubc_addsub_v12_0_14_fabric_legacy_HD974 |         64 |         64 |       0 |    0 |    64 |      0 |      0 |    0 |          0 |
|                   i_lut6.i_lut6_addsub     |   integer_addsubc_addsub_v12_0_14_lut6_legacy_HD975 |         64 |         64 |       0 |    0 |    64 |      0 |      0 |    0 |          0 |
|                     (i_lut6.i_lut6_addsub) |   integer_addsubc_addsub_v12_0_14_lut6_legacy_HD975 |         64 |         64 |       0 |    0 |     0 |      0 |      0 |    0 |          0 |
|                     i_q.i_simple.qreg      |            integer_addsubc_reg_fd_v12_0_6_viv_HD976 |          0 |          0 |       0 |    0 |    64 |      0 |      0 |    0 |          0 |
|       g[19].g_normal.alu_i                 |            microop_unit__parameterized2__xdcDup__12 |         64 |         64 |       0 |    0 |   128 |      0 |      0 |    0 |          0 |
|         (g[19].g_normal.alu_i)             |            microop_unit__parameterized2__xdcDup__12 |          0 |          0 |       0 |    0 |    64 |      0 |      0 |    0 |          0 |
|         g_iadd.use_ip.u_addsub             |                                integer_addsub_HD977 |         64 |         64 |       0 |    0 |    64 |      0 |      0 |    0 |          0 |
|           (g_iadd.use_ip.u_addsub)         |                                integer_addsub_HD977 |          0 |          0 |       0 |    0 |     0 |      0 |      0 |    0 |          0 |
|           U0                               |               integer_addsubc_addsub_v12_0_14_HD978 |         64 |         64 |       0 |    0 |    64 |      0 |      0 |    0 |          0 |
|             (U0)                           |               integer_addsubc_addsub_v12_0_14_HD978 |          0 |          0 |       0 |    0 |     0 |      0 |      0 |    0 |          0 |
|             xst_addsub                     |           integer_addsubc_addsub_v12_0_14_viv_HD979 |         64 |         64 |       0 |    0 |    64 |      0 |      0 |    0 |          0 |
|               (xst_addsub)                 |           integer_addsubc_addsub_v12_0_14_viv_HD979 |          0 |          0 |       0 |    0 |     0 |      0 |      0 |    0 |          0 |
|               i_baseblox.i_baseblox_addsub |        integer_addsubc_addsub_v12_0_14_legacy_HD980 |         64 |         64 |       0 |    0 |    64 |      0 |      0 |    0 |          0 |
|                 no_pipelining.the_addsub   | integer_addsubc_addsub_v12_0_14_fabric_legacy_HD981 |         64 |         64 |       0 |    0 |    64 |      0 |      0 |    0 |          0 |
|                   i_lut6.i_lut6_addsub     |   integer_addsubc_addsub_v12_0_14_lut6_legacy_HD982 |         64 |         64 |       0 |    0 |    64 |      0 |      0 |    0 |          0 |
|                     (i_lut6.i_lut6_addsub) |   integer_addsubc_addsub_v12_0_14_lut6_legacy_HD982 |         64 |         64 |       0 |    0 |     0 |      0 |      0 |    0 |          0 |
|                     i_q.i_simple.qreg      |            integer_addsubc_reg_fd_v12_0_6_viv_HD983 |          0 |          0 |       0 |    0 |    64 |      0 |      0 |    0 |          0 |
|       g[1].g_normal.alu_i                  |                     microop_unit__parameterized0__4 |          0 |          0 |       0 |    0 |    32 |      0 |      0 |    0 |          0 |
|       g[20].g_normal.alu_i                 |                     microop_unit__parameterized6__4 |          0 |          0 |       0 |    0 |    32 |      0 |      0 |    0 |          0 |
|       g[2].g_normal.alu_i                  |                                     microop_unit__8 |          0 |          0 |       0 |    0 |    32 |      0 |      0 |    0 |          0 |
|       g[3].g_normal.alu_i                  |                                     microop_unit__9 |          0 |          0 |       0 |    0 |    32 |      0 |      0 |    0 |          0 |
|       g[4].g_normal.alu_i                  |                     microop_unit__parameterized0__5 |          0 |          0 |       0 |    0 |    32 |      0 |      0 |    0 |          0 |
|       g[5].g_normal.alu_i                  |                     microop_unit__parameterized6__1 |          0 |          0 |       0 |    0 |    32 |      0 |      0 |    0 |          0 |
|       g[6].g_normal.alu_i                  |                     microop_unit__parameterized0__6 |          0 |          0 |       0 |    0 |    32 |      0 |      0 |    0 |          0 |
|       g[7].g_normal.alu_i                  |                     microop_unit__parameterized6__2 |          0 |          0 |       0 |    0 |    32 |      0 |      0 |    0 |          0 |
|       g[8].g_normal.alu_i                  |                     microop_unit__parameterized0__7 |          0 |          0 |       0 |    0 |    32 |      0 |      0 |    0 |          0 |
|       g[9].g_normal.alu_i                  |                     microop_unit__parameterized1__9 |         64 |         64 |       0 |    0 |    64 |      0 |      0 |    0 |          0 |
|   g_has_mem.u_pool                         |                                            spm_pool |       1599 |       1599 |       0 |    0 |  1653 |      8 |      0 |    0 |          0 |
|     (g_has_mem.u_pool)                     |                                            spm_pool |       1407 |       1407 |       0 |    0 |  1589 |      0 |      0 |    0 |          0 |
|     g_banks.gb[0].u_bank64                 |                                         spm_bank__1 |          5 |          5 |       0 |    0 |     2 |      1 |      0 |    0 |          0 |
|       (g_banks.gb[0].u_bank64)             |                                         spm_bank__1 |          1 |          1 |       0 |    0 |     2 |      0 |      0 |    0 |          0 |
|       u_mem                                |                                xpm_memory_sdpram_28 |          4 |          4 |       0 |    0 |     0 |      1 |      0 |    0 |          0 |
|         (u_mem)                            |                                xpm_memory_sdpram_28 |          4 |          4 |       0 |    0 |     0 |      0 |      0 |    0 |          0 |
|         xpm_memory_base_inst               |                                  xpm_memory_base__1 |          0 |          0 |       0 |    0 |     0 |      1 |      0 |    0 |          0 |
|     g_banks.gb[1].u_bank64                 |                                         spm_bank__2 |          5 |          5 |       0 |    0 |     2 |      1 |      0 |    0 |          0 |
|       (g_banks.gb[1].u_bank64)             |                                         spm_bank__2 |          1 |          1 |       0 |    0 |     2 |      0 |      0 |    0 |          0 |
|       u_mem                                |                                xpm_memory_sdpram_27 |          4 |          4 |       0 |    0 |     0 |      1 |      0 |    0 |          0 |
|         (u_mem)                            |                                xpm_memory_sdpram_27 |          4 |          4 |       0 |    0 |     0 |      0 |      0 |    0 |          0 |
|         xpm_memory_base_inst               |                                  xpm_memory_base__2 |          0 |          0 |       0 |    0 |     0 |      1 |      0 |    0 |          0 |
|     g_banks.gb[2].u_bank64                 |                                         spm_bank__3 |          5 |          5 |       0 |    0 |     2 |      1 |      0 |    0 |          0 |
|       (g_banks.gb[2].u_bank64)             |                                         spm_bank__3 |          1 |          1 |       0 |    0 |     2 |      0 |      0 |    0 |          0 |
|       u_mem                                |                                xpm_memory_sdpram_26 |          4 |          4 |       0 |    0 |     0 |      1 |      0 |    0 |          0 |
|         (u_mem)                            |                                xpm_memory_sdpram_26 |          4 |          4 |       0 |    0 |     0 |      0 |      0 |    0 |          0 |
|         xpm_memory_base_inst               |                                  xpm_memory_base__3 |          0 |          0 |       0 |    0 |     0 |      1 |      0 |    0 |          0 |
|     g_banks.gb[3].u_bank64                 |                                         spm_bank__4 |          5 |          5 |       0 |    0 |     2 |      1 |      0 |    0 |          0 |
|       (g_banks.gb[3].u_bank64)             |                                         spm_bank__4 |          1 |          1 |       0 |    0 |     2 |      0 |      0 |    0 |          0 |
|       u_mem                                |                                xpm_memory_sdpram_25 |          4 |          4 |       0 |    0 |     0 |      1 |      0 |    0 |          0 |
|         (u_mem)                            |                                xpm_memory_sdpram_25 |          4 |          4 |       0 |    0 |     0 |      0 |      0 |    0 |          0 |
|         xpm_memory_base_inst               |                                  xpm_memory_base__4 |          0 |          0 |       0 |    0 |     0 |      1 |      0 |    0 |          0 |
|     g_banks.gb[4].u_bank64                 |                                         spm_bank__5 |          5 |          5 |       0 |    0 |     2 |      1 |      0 |    0 |          0 |
|       (g_banks.gb[4].u_bank64)             |                                         spm_bank__5 |          1 |          1 |       0 |    0 |     2 |      0 |      0 |    0 |          0 |
|       u_mem                                |                                xpm_memory_sdpram_24 |          4 |          4 |       0 |    0 |     0 |      1 |      0 |    0 |          0 |
|         (u_mem)                            |                                xpm_memory_sdpram_24 |          4 |          4 |       0 |    0 |     0 |      0 |      0 |    0 |          0 |
|         xpm_memory_base_inst               |                                  xpm_memory_base__5 |          0 |          0 |       0 |    0 |     0 |      1 |      0 |    0 |          0 |
|     g_banks.gb[5].u_bank64                 |                                         spm_bank__6 |          5 |          5 |       0 |    0 |     2 |      1 |      0 |    0 |          0 |
|       (g_banks.gb[5].u_bank64)             |                                         spm_bank__6 |          1 |          1 |       0 |    0 |     2 |      0 |      0 |    0 |          0 |
|       u_mem                                |                                xpm_memory_sdpram_23 |          4 |          4 |       0 |    0 |     0 |      1 |      0 |    0 |          0 |
|         (u_mem)                            |                                xpm_memory_sdpram_23 |          4 |          4 |       0 |    0 |     0 |      0 |      0 |    0 |          0 |
|         xpm_memory_base_inst               |                                  xpm_memory_base__6 |          0 |          0 |       0 |    0 |     0 |      1 |      0 |    0 |          0 |
|     g_banks.gb[6].u_bank64                 |                                         spm_bank__7 |          5 |          5 |       0 |    0 |     2 |      1 |      0 |    0 |          0 |
|       (g_banks.gb[6].u_bank64)             |                                         spm_bank__7 |          1 |          1 |       0 |    0 |     2 |      0 |      0 |    0 |          0 |
|       u_mem                                |                                xpm_memory_sdpram_22 |          4 |          4 |       0 |    0 |     0 |      1 |      0 |    0 |          0 |
|         (u_mem)                            |                                xpm_memory_sdpram_22 |          4 |          4 |       0 |    0 |     0 |      0 |      0 |    0 |          0 |
|         xpm_memory_base_inst               |                                  xpm_memory_base__7 |          0 |          0 |       0 |    0 |     0 |      1 |      0 |    0 |          0 |
|     g_banks.gb[7].u_bank64                 |                                            spm_bank |          5 |          5 |       0 |    0 |     2 |      1 |      0 |    0 |          0 |
|       (g_banks.gb[7].u_bank64)             |                                            spm_bank |          1 |          1 |       0 |    0 |     2 |      0 |      0 |    0 |          0 |
|       u_mem                                |                                   xpm_memory_sdpram |          4 |          4 |       0 |    0 |     0 |      1 |      0 |    0 |          0 |
|         (u_mem)                            |                                   xpm_memory_sdpram |          4 |          4 |       0 |    0 |     0 |      0 |      0 |    0 |          0 |
|         xpm_memory_base_inst               |                                     xpm_memory_base |          0 |          0 |       0 |    0 |     0 |      1 |      0 |    0 |          0 |
|     u_rrA                                  |                                       rr_arbiter__1 |         76 |         76 |       0 |    0 |    24 |      0 |      0 |    0 |          0 |
|     u_rrB                                  |                                          rr_arbiter |         76 |         76 |       0 |    0 |    24 |      0 |      0 |    0 |          0 |
+--------------------------------------------+-----------------------------------------------------+------------+------------+---------+------+-------+--------+--------+------+------------+


