idx,stages,latency,critσ,combHits,dspHits,baseE,rawE,warE,wawE,flagWR,flagWAW,finalE
0,2,2,1.0,1,0,1,0,0,0,0,0,1
1,3,3,0.9428090415820634,2,0,3,0,0,0,0,0,3
2,2,2,0.0,1,0,1,0,0,0,0,0,1
3,2,2,1.0,1,0,1,0,0,0,0,0,1
4,1,1,0.0,0,0,1,0,0,0,0,0,1
5,1,1,0.0,0,0,1,0,0,0,0,0,1
6,1,1,0.0,0,0,2,0,0,0,0,0,2
7,3,3,0.0,2,0,6,2,1,0,0,2,11
8,2,2,0.0,1,0,1,0,0,0,0,0,1
9,2,2,1.0,1,0,1,0,0,0,0,0,1
10,2,2,1.0,1,0,1,0,0,0,0,0,1
11,1,1,0.0,0,0,1,0,0,0,0,0,1
12,5,5,0.4,3,1,5,1,0,1,0,0,7
13,2,2,1.0,1,0,1,0,0,0,0,0,1
14,2,2,0.0,1,0,1,0,0,0,0,0,1
15,2,2,1.0,1,0,1,0,0,0,0,0,1
16,1,1,0.0,0,0,1,0,0,0,0,0,1
17,2,2,1.0,1,0,2,0,0,0,0,0,1
18,1,1,0.0,0,0,1,0,0,0,0,0,1
19,2,2,1.0,1,0,1,0,0,0,0,0,1
20,2,2,1.0,1,0,1,0,0,0,0,0,1
21,2,2,0.5,1,0,2,0,0,1,0,0,3
22,1,1,0.0,0,0,1,0,0,0,0,0,1
23,2,2,1.0,1,0,1,0,0,0,0,0,1
24,2,2,1.0,1,0,1,0,0,0,0,0,1
25,3,3,0.9428090415820634,2,0,2,1,0,0,0,0,3
26,1,1,0.0,0,0,1,0,0,0,0,0,1
27,3,3,0.9428090415820634,2,0,5,1,0,1,0,0,7
28,11,11,0.899954085146515,5,0,12,20,12,6,0,0,50
29,2,2,0.5,1,0,2,0,0,0,0,0,2
30,1,1,0.0,0,0,1,0,0,0,0,0,1
31,2,2,0.0,1,0,3,1,0,1,1,0,6
32,4,4,0.4330127018922193,3,0,6,5,0,5,3,2,21
33,2,2,1.0,1,0,2,0,0,0,0,0,1
34,3,3,0.0,2,0,4,3,0,0,1,0,8
35,1,1,0.0,0,0,1,0,0,0,0,0,1
36,2,2,1.0,1,0,1,0,0,0,0,0,1
37,2,2,1.0,1,0,1,0,0,0,0,0,1
38,2,2,1.0,1,0,1,0,0,0,0,0,1
39,5,5,0.9797958971132712,3,0,4,1,1,1,0,0,7
40,2,2,1.0,1,0,1,0,0,0,0,0,1
41,2,2,1.0,1,0,1,0,0,0,0,0,1
42,2,2,1.0,1,0,1,0,0,0,0,0,1
43,1,1,0.0,0,0,2,0,0,0,0,1,3
44,2,2,0.0,1,0,1,0,0,0,0,0,1
45,4,4,0.8660254037844386,2,0,3,0,1,0,0,0,4
46,2,2,1.0,1,0,1,0,0,0,0,0,1
47,2,2,0.5,1,0,2,0,0,1,0,0,3
48,3,3,0.9428090415820634,2,0,3,0,0,0,0,0,3
49,3,3,0.9428090415820634,2,0,3,0,0,0,0,0,3
50,2,2,0.5,1,0,2,1,0,0,0,0,3
51,2,2,1.0,1,0,1,0,0,0,0,0,1
52,1,1,0.0,0,0,1,0,0,0,0,0,1
53,2,2,0.0,1,0,1,0,0,0,0,0,1
54,2,2,0.0,1,0,3,1,0,0,0,0,4
55,1,1,0.0,0,0,2,0,0,0,0,0,2
56,8,8,0.33071891388307384,6,0,23,30,10,6,0,35,104
57,2,2,1.0,1,0,1,0,0,0,0,0,1
58,2,2,1.0,1,0,1,0,0,0,0,0,1
59,1,1,0.0,0,0,1,0,0,0,0,0,1
60,6,6,0.7453559924999299,5,0,20,15,5,3,0,15,58
61,2,2,1.0,1,0,1,0,0,0,0,0,1
62,5,5,0.4,3,1,5,1,0,1,0,0,7
63,2,2,1.0,1,0,1,0,0,0,0,0,1
64,2,2,0.0,1,0,1,0,0,0,0,0,1
65,2,2,1.0,1,0,1,0,0,0,0,0,1
66,2,2,1.0,1,0,1,0,0,0,0,0,1
67,2,2,1.0,1,0,1,0,0,0,0,0,1
68,3,3,0.9428090415820634,2,0,3,0,0,0,0,0,3
69,10,10,0.6,9,0,26,41,36,5,0,0,108
70,3,3,0.9428090415820634,2,0,2,0,0,0,0,0,2
71,1,1,0.0,0,0,1,0,0,0,0,0,1
72,4,4,0.8660254037844386,3,0,3,0,0,0,0,0,3
73,5,5,0.9797958971132712,3,0,4,1,1,1,0,0,7
74,2,2,1.0,1,0,1,0,0,0,0,0,1
75,2,2,1.0,1,0,1,0,0,0,0,0,1
76,1,1,0.0,0,0,1,0,0,0,0,0,1
77,3,3,0.9428090415820634,2,0,3,0,0,0,0,0,3
78,2,2,1.0,1,0,1,0,0,0,0,0,1
79,2,2,1.0,1,0,1,0,0,0,0,0,1
80,1,1,0.0,0,0,1,0,0,0,0,0,1
81,2,2,1.0,1,0,1,0,0,0,0,0,1
82,1,1,0.0,0,0,2,0,0,0,0,1,3
83,2,2,1.0,1,0,1,0,0,0,0,0,1
84,2,2,1.0,1,0,1,0,0,0,0,0,1
85,2,2,1.0,1,0,1,0,0,0,0,0,1
86,1,1,0.0,0,0,1,0,0,0,0,0,1
87,2,2,1.0,1,0,2,0,0,0,0,0,1
88,2,2,0.0,1,0,1,0,0,0,0,0,1
89,1,1,0.0,0,0,1,0,0,0,0,0,1
90,1,1,0.0,0,0,1,0,0,0,0,0,1
91,2,2,1.0,1,0,1,0,0,0,0,0,1
92,2,2,1.0,1,0,1,0,0,0,0,0,1
93,3,3,0.9428090415820634,2,0,5,1,0,1,0,0,7
94,11,11,0.899954085146515,5,0,12,20,12,6,0,0,50
95,2,2,0.5,1,0,2,0,0,0,0,0,2
96,1,1,0.0,0,0,1,0,0,0,0,0,1
97,2,2,1.0,1,0,1,0,0,0,0,0,1
98,3,3,0.4714045207910317,2,0,4,0,0,0,0,0,3
99,2,2,0.0,1,0,1,0,0,0,0,0,1
100,2,2,0.0,1,0,1,0,0,0,0,0,1
101,1,1,0.0,0,0,1,0,0,0,0,0,1
102,1,1,0.0,0,0,1,0,0,0,0,0,1
103,2,2,1.0,1,0,1,0,0,0,0,0,1
104,2,2,1.0,1,0,2,0,0,0,0,0,1
105,1,1,0.0,0,0,1,0,0,0,0,0,1
106,2,2,1.0,1,0,1,0,0,0,0,0,1
107,2,2,1.0,1,0,1,0,0,0,0,0,1
108,8,8,0.33071891388307384,6,0,23,30,10,6,0,35,104
109,6,6,0.7453559924999299,5,0,20,15,5,3,0,15,58
110,2,2,0.5,1,0,2,0,0,1,0,0,3
111,1,1,0.0,0,0,1,0,0,0,0,0,1
112,3,3,0.9428090415820634,2,0,2,0,0,0,0,0,2
113,2,2,1.0,1,0,1,0,0,0,0,0,1
114,2,2,0.0,1,0,1,0,0,0,0,0,1
115,2,2,1.0,1,0,1,0,0,0,0,0,1
116,5,5,0.4,3,1,5,1,0,1,0,0,7
117,2,2,1.0,1,0,1,0,0,0,0,0,1
118,1,1,0.0,0,0,1,0,0,0,0,0,1
119,2,2,0.0,1,0,3,1,0,0,0,0,4
120,2,2,0.5,1,0,2,1,0,0,0,0,3
121,2,2,0.0,1,0,1,0,0,0,0,0,1
122,1,1,0.0,0,0,1,0,0,0,0,0,1
123,2,2,0.0,1,0,1,0,0,0,0,0,1
124,2,2,1.0,1,0,1,0,0,0,0,0,1
125,3,3,0.9428090415820634,2,0,2,1,0,0,0,0,3
126,1,1,0.0,0,0,2,0,0,0,0,0,2
127,1,1,0.0,0,0,1,0,0,0,0,0,1
128,1,1,0.0,0,0,2,0,0,0,0,1,3
129,1,1,0.0,0,0,2,0,0,0,0,1,3
130,1,1,0.0,0,0,1,0,0,0,0,0,1
131,5,5,0.8,3,0,4,0,1,1,0,0,6
132,2,2,1.0,1,0,1,0,0,0,0,0,1
133,3,3,0.9428090415820634,2,0,2,1,0,0,0,0,3
134,1,1,0.0,0,0,1,0,0,0,0,0,1
135,4,4,0.4330127018922193,2,1,3,0,0,0,0,0,3
136,2,2,0.0,1,0,2,0,0,0,0,0,2
137,2,2,1.0,1,0,1,0,0,0,0,0,1
138,2,2,0.0,1,0,1,0,0,0,0,0,1
139,2,2,1.0,1,0,3,3,0,0,0,0,6
140,4,4,0.0,3,0,5,1,0,0,0,0,6
141,1,1,0.0,0,0,1,0,0,0,0,0,1
142,1,1,0.0,0,0,1,0,0,0,0,0,1
143,2,2,1.0,1,0,1,0,0,0,0,0,1
144,2,2,1.0,1,0,3,2,0,0,0,1,6
145,1,1,0.0,0,0,1,0,0,0,0,0,1
146,1,1,0.0,0,0,2,1,0,0,0,0,3
147,1,1,0.0,0,0,1,0,0,0,0,0,1
148,2,2,0.0,1,0,1,0,0,0,0,0,1
149,3,3,0.9428090415820634,2,0,2,0,0,0,0,0,2
150,2,2,1.0,0,0,1,0,0,0,0,0,1
151,1,1,0.0,0,0,1,0,0,0,0,0,1
152,2,2,1.0,1,0,1,0,0,0,0,0,1
153,2,2,1.0,1,0,1,0,0,0,0,0,1
154,2,2,0.5,1,0,3,0,0,0,0,0,2
155,2,2,0.5,1,0,3,0,0,1,0,0,3
156,1,1,0.0,0,0,1,0,0,0,0,0,1
157,1,1,0.0,0,0,1,0,0,0,0,0,1
158,2,2,1.0,1,0,1,0,0,0,0,0,1
159,2,2,0.0,1,0,1,0,0,0,0,0,1
160,1,1,0.0,0,0,1,0,0,0,0,0,1
161,2,2,1.0,1,0,1,0,0,0,0,0,1
162,3,3,0.0,2,0,2,0,0,0,0,0,2
163,2,2,1.0,1,0,1,0,0,0,0,0,1
164,2,2,0.5,1,0,3,0,0,0,0,0,2
165,2,2,1.0,1,0,1,0,0,0,0,0,1
166,2,2,0.5,1,0,3,0,0,1,0,0,3
167,2,2,0.5,1,0,2,0,0,0,0,0,2
168,1,1,0.0,0,0,1,0,0,0,0,0,1
169,2,2,1.0,1,0,3,3,0,0,0,0,6
170,1,1,0.0,0,0,1,0,0,0,0,0,1
171,2,2,1.0,0,0,1,0,0,0,0,0,1
172,2,2,1.0,1,0,1,0,0,0,0,0,1
173,2,2,1.0,1,0,3,2,0,0,0,1,6
174,1,1,0.0,0,0,1,0,0,0,0,0,1
175,2,2,0.5,1,0,2,0,0,0,0,0,2
176,1,1,0.0,0,0,2,1,0,0,0,0,3
177,3,3,0.0,2,0,2,0,0,0,0,0,2
178,1,1,0.0,0,0,1,0,0,0,0,0,1
179,1,1,0.0,0,0,1,0,0,0,0,0,1
180,2,2,1.0,1,0,1,0,0,0,0,0,1
181,3,3,0.9428090415820634,2,0,4,0,0,0,0,1,5
182,3,3,0.9428090415820634,2,0,2,0,0,0,0,0,2
183,1,1,0.0,0,0,1,0,0,0,0,0,1
184,1,1,0.0,0,0,1,0,0,0,0,0,1
185,1,1,0.0,0,0,1,0,0,0,0,0,1
186,3,3,0.0,2,0,2,0,0,0,0,0,2
187,2,2,1.0,1,0,1,0,0,0,0,0,1
188,2,2,0.5,1,0,3,0,0,0,0,0,2
189,2,2,0.5,1,0,3,0,0,1,0,0,3
190,2,2,1.0,1,0,1,0,0,0,0,0,1
191,1,1,0.0,0,0,1,0,0,0,0,0,1
192,1,1,0.0,0,0,1,0,0,0,0,0,1
193,1,1,0.0,0,0,1,0,0,0,0,0,1
194,5,5,0.8,4,0,11,7,0,0,2,1,20
195,2,2,1.0,1,0,1,0,0,0,0,0,1
196,3,3,0.9428090415820634,2,0,2,0,0,0,0,0,2
197,3,3,0.9428090415820634,2,0,2,0,0,0,0,0,2
198,2,2,1.0,1,0,3,3,0,0,0,0,6
199,1,1,0.0,0,0,1,0,0,0,0,0,1
200,2,2,0.0,1,0,1,0,0,0,0,0,1
201,2,2,1.0,1,0,1,0,0,0,0,0,1
202,2,2,1.0,1,0,1,0,0,0,0,0,1
203,1,1,0.0,0,0,1,0,0,0,0,0,1
204,1,1,0.0,0,0,1,0,0,0,0,0,1
205,1,1,0.0,0,0,1,0,0,0,0,0,1
206,2,2,1.0,0,0,1,0,0,0,0,0,1
207,2,2,1.0,1,0,1,0,0,0,0,0,1
208,1,1,0.0,0,0,1,0,0,0,0,0,1
209,1,1,0.0,0,0,1,0,0,0,0,0,1
210,2,2,1.0,1,0,1,0,0,0,0,0,1
211,2,2,1.0,1,0,1,0,0,0,0,0,1
212,3,3,0.9428090415820634,2,0,2,0,0,0,0,0,2
213,1,1,0.0,0,0,1,0,0,0,0,0,1
214,4,4,0.0,3,0,5,1,0,0,0,0,6
215,2,2,0.0,1,0,1,0,0,0,0,0,1
216,2,2,1.0,1,0,1,0,0,0,0,0,1
217,2,2,1.0,1,0,1,0,0,0,0,0,1
218,1,1,0.0,0,0,1,0,0,0,0,0,1
219,2,2,0.0,1,0,1,0,0,0,0,0,1
220,2,2,1.0,1,0,3,3,0,0,0,0,6
221,1,1,0.0,0,0,1,0,0,0,0,0,1
222,2,2,1.0,1,0,1,0,0,0,0,0,1
223,2,2,1.0,1,0,3,2,0,0,0,1,6
224,1,1,0.0,0,0,1,0,0,0,0,0,1
225,1,1,0.0,0,0,1,0,0,0,0,0,1
226,1,1,0.0,0,0,2,1,0,0,0,0,3
227,1,1,0.0,0,0,1,0,0,0,0,0,1
228,1,1,0.0,0,0,1,0,0,0,0,0,1
229,2,2,1.0,1,0,1,0,0,0,0,0,1
230,3,3,0.9428090415820634,2,0,2,0,0,0,0,0,2
231,1,1,0.0,0,0,1,0,0,0,0,0,1
232,3,3,0.9428090415820634,2,0,2,0,0,0,0,0,2
233,2,2,1.0,1,0,1,0,0,0,0,0,1
234,2,2,0.5,1,0,3,0,0,0,0,0,2
235,2,2,0.5,1,0,3,0,0,1,0,0,3
236,2,2,1.0,1,0,1,0,0,0,0,0,1
237,2,2,0.5,1,0,2,0,0,0,0,0,2
238,4,4,0.82915619758885,1,1,3,0,1,0,0,0,4
239,2,2,1.0,1,0,1,0,0,0,0,0,1
240,4,4,0.0,3,0,3,0,0,1,0,0,4
241,2,2,1.0,1,0,1,0,0,0,0,0,1
242,3,3,0.9428090415820634,2,0,2,0,0,0,0,0,2
243,3,3,0.816496580927726,1,0,3,0,2,0,0,0,5
244,2,2,1.0,1,0,1,0,0,0,0,0,1
245,1,1,0.0,0,0,2,0,0,0,0,0,2
246,2,2,0.5,1,0,2,0,0,0,0,0,2
247,3,3,0.9428090415820634,2,0,2,0,0,0,0,0,2
248,1,1,0.0,0,0,1,0,0,0,0,0,1
249,3,3,0.9428090415820634,2,0,2,0,0,0,0,0,2
250,1,1,0.0,0,0,1,0,0,0,0,0,1
251,2,2,1.0,1,0,3,3,0,0,0,0,6
252,1,1,0.0,0,0,1,0,0,0,0,0,1
253,4,4,1.0,2,0,3,1,0,0,0,0,4
254,1,1,0.0,0,0,1,0,0,0,0,0,1
255,4,4,1.0,2,0,3,0,0,0,0,0,3
256,1,1,0.0,0,0,1,0,0,0,0,0,1
257,3,3,0.9428090415820634,2,0,2,1,0,0,0,0,3
258,3,3,0.9428090415820634,2,0,2,0,0,0,0,0,2
259,3,3,0.9428090415820634,2,0,2,0,0,0,0,0,2
260,1,1,0.0,0,0,1,0,0,0,0,0,1
261,2,2,1.0,1,0,1,0,0,0,0,0,1
262,1,1,0.0,0,0,1,0,0,0,0,0,1
263,2,2,0.5,1,0,3,0,0,0,0,0,2
264,2,2,0.5,1,0,3,0,0,1,0,0,3
265,3,3,0.0,2,0,2,0,0,0,0,0,2
266,1,1,0.0,0,0,1,0,0,0,0,0,1
267,2,2,1.0,0,0,1,0,0,0,0,0,1
268,1,1,0.0,0,0,2,1,0,0,0,0,3
269,2,2,1.0,1,0,1,0,0,0,0,0,1
270,2,2,1.0,1,0,3,2,0,0,0,1,6
271,2,2,0.0,1,0,1,0,0,0,0,0,1
272,14,14,0.0,13,0,14,15,0,0,0,0,29
273,19,19,0.7292845505553168,16,0,61,74,76,9,0,0,218
274,2,2,1.0,1,0,1,0,0,0,0,0,1
275,2,2,0.0,1,0,1,0,0,0,0,0,1
276,2,2,0.0,1,0,1,0,0,0,0,0,1
277,6,6,0.7453559924999299,1,0,5,0,0,0,0,10,15
278,2,2,1.0,1,0,1,0,0,0,0,0,1
279,2,2,1.0,1,0,1,0,0,0,0,0,1
280,2,2,1.0,1,0,1,0,0,0,0,0,1
281,2,2,1.0,1,0,1,0,0,0,0,0,1
282,2,2,1.0,1,0,1,0,0,0,0,0,1
283,2,2,1.0,1,0,1,0,0,0,0,0,1
284,3,3,0.9428090415820634,2,0,2,1,0,0,0,0,3
285,2,2,1.0,1,0,1,0,0,0,0,0,1
286,2,2,1.0,1,0,1,0,0,0,0,0,1
287,13,13,0.0,12,0,20,28,24,9,0,6,87
288,3,3,0.9428090415820634,1,0,2,0,0,0,0,0,2
289,3,3,0.9428090415820634,1,0,2,0,0,1,0,0,3
290,3,3,0.9428090415820634,1,0,2,0,0,0,0,0,2
291,1,1,0.0,0,0,1,0,0,0,0,0,1
292,2,2,1.0,1,0,1,0,0,0,0,0,1
293,2,2,1.0,1,0,1,0,0,0,0,0,1
294,1,1,0.0,0,0,1,0,0,0,0,0,1
295,4,4,0.8660254037844386,3,0,5,0,0,0,0,6,11
296,2,2,1.0,1,0,1,0,0,0,0,0,1
297,2,2,0.0,1,0,1,0,0,0,0,0,1
298,2,2,0.0,1,0,1,0,0,0,0,0,1
299,2,2,1.0,1,0,1,0,0,0,0,0,1
300,2,2,1.0,1,0,1,0,0,0,0,0,1
301,3,3,0.4714045207910317,1,0,3,1,0,0,0,0,4
302,3,3,0.9428090415820634,1,0,2,0,0,1,0,0,3
303,2,2,1.0,1,0,1,0,0,0,0,0,1
304,3,3,0.9428090415820634,1,0,2,0,0,0,0,0,2
305,2,2,1.0,1,0,1,0,0,0,0,0,1
306,2,2,0.0,1,0,1,0,0,0,0,0,1
307,2,2,0.0,1,0,1,0,0,0,0,0,1
308,1,1,0.0,0,0,1,0,0,0,0,0,1
309,2,2,0.5,1,0,2,1,0,0,0,0,3
310,2,2,0.0,1,0,1,0,0,0,0,0,1
311,4,4,1.0,2,0,3,0,0,0,0,0,3
312,3,3,0.9428090415820634,2,0,2,1,0,0,0,0,3
313,3,3,0.9428090415820634,2,0,2,0,0,0,0,0,2
314,3,3,0.9428090415820634,2,0,2,0,0,0,0,0,2
315,18,18,0.4581228472908512,17,0,59,272,122,11,0,0,454
316,2,2,1.0,1,0,1,0,0,0,0,0,1
317,2,2,1.0,1,0,1,0,0,0,0,0,1
318,2,2,1.0,1,0,1,0,0,0,0,0,1
319,2,2,1.0,1,0,1,0,0,0,0,0,1
320,2,2,1.0,1,0,1,0,0,0,0,0,1
321,4,4,1.0,2,0,3,0,0,0,0,0,3
322,39,39,0.777730814774518,23,4,61,431,252,52,0,114,910
323,2,2,1.0,1,0,1,0,0,0,0,0,1
324,2,2,1.0,1,0,1,0,0,0,0,0,1
325,1,1,0.0,0,0,1,0,0,0,0,0,1
326,3,3,0.4714045207910317,2,0,3,1,0,0,0,0,4
327,3,3,0.4714045207910317,2,0,3,1,1,1,0,0,6
328,3,3,0.9428090415820634,1,0,2,0,0,0,0,1,3
329,2,2,1.0,1,0,1,0,0,0,0,0,1
330,1,1,0.0,0,0,1,0,0,0,0,0,1
331,3,3,0.9428090415820634,2,0,2,0,0,0,0,0,2
332,2,2,1.0,1,0,1,0,0,0,0,0,1
333,2,2,1.0,1,0,1,0,0,0,0,0,1
334,2,2,1.0,1,0,1,0,0,0,0,0,1
335,2,2,1.0,1,0,1,0,0,0,0,0,1
336,2,2,1.0,1,0,1,0,0,0,0,0,1
337,2,2,1.0,1,0,1,0,0,0,0,0,1
338,2,2,0.5,1,0,2,1,0,0,0,0,3
339,4,4,0.0,3,0,5,1,0,0,0,1,7
340,3,3,0.9428090415820634,1,0,2,0,0,0,0,1,3
341,2,2,1.0,1,0,1,0,0,0,0,0,1
342,2,2,1.0,1,0,1,0,0,0,0,0,1
343,1,1,0.0,0,0,1,0,0,0,0,0,1
344,3,3,0.4714045207910317,2,0,3,1,0,0,0,0,4
345,10,10,0.7810249675906654,4,2,13,24,8,2,0,1,48
346,7,7,0.0,6,0,21,24,13,0,0,0,55
347,4,4,0.82915619758885,2,0,6,0,0,0,0,0,5
348,6,6,0.7637626158259734,4,0,6,4,1,0,0,0,11
349,7,7,0.7284313590846836,4,0,11,4,1,0,0,0,16
350,2,2,0.0,1,0,1,0,0,0,0,0,1
351,1,1,0.0,0,0,1,0,0,0,0,0,1
352,27,27,0.0,26,0,78,134,112,11,0,31,366
353,1,1,0.0,0,0,1,0,0,0,0,0,1
354,1,1,0.0,0,0,1,0,0,0,0,0,1
355,5,5,0.8,4,0,10,12,4,0,0,0,25
356,3,3,0.4714045207910317,1,0,4,0,0,0,0,0,4
357,15,15,0.24944382578492943,13,0,31,31,24,2,0,1,86
358,2,2,1.0,1,0,6,0,1,1,0,0,5
359,4,4,0.4330127018922193,3,0,11,14,7,0,0,0,30
360,3,3,0.816496580927726,1,0,4,0,0,0,0,0,3
361,5,5,0.8,4,0,10,9,5,0,0,0,23
362,3,3,0.4714045207910317,1,0,4,0,0,0,0,0,4
363,3,3,0.9428090415820634,2,0,2,1,0,0,0,0,3
364,4,4,0.82915619758885,2,0,5,1,0,0,0,0,6
365,1,1,0.0,0,0,1,0,0,0,0,0,1
366,4,4,0.8660254037844386,3,0,3,3,0,0,0,0,6
367,5,5,0.8,3,0,7,3,0,0,0,0,10
368,2,2,0.0,1,0,1,0,0,0,0,0,1
369,6,6,0.7453559924999299,5,0,14,9,1,0,0,0,22
370,5,5,0.8,3,0,9,3,0,0,0,1,12
371,2,2,0.5,1,0,2,0,0,0,0,1,3
372,2,2,0.0,1,0,1,0,0,0,0,0,1
373,14,14,0.0,13,0,14,15,0,0,0,0,29
374,2,2,1.0,1,0,1,0,0,0,0,0,1
375,2,2,1.0,1,0,1,0,0,0,0,0,1
376,3,3,0.9428090415820634,2,0,2,1,0,0,0,0,3
377,2,2,1.0,1,0,1,0,0,0,0,0,1
378,13,13,0.0,12,0,20,28,24,9,0,6,87
379,3,3,0.9428090415820634,1,0,2,0,0,0,0,0,2
380,3,3,0.9428090415820634,1,0,2,0,0,1,0,0,3
381,3,3,0.9428090415820634,1,0,2,0,0,0,0,0,2
382,6,6,0.7453559924999299,1,0,5,0,0,0,0,10,15
383,2,2,0.0,1,0,1,0,0,0,0,0,1
384,2,2,1.0,1,0,1,0,0,0,0,0,1
385,2,2,1.0,1,0,1,0,0,0,0,0,1
386,1,1,0.0,0,0,1,0,0,0,0,0,1
387,2,2,1.0,1,0,1,0,0,0,0,0,1
388,2,2,1.0,1,0,1,0,0,0,0,0,1
389,2,2,1.0,1,0,1,0,0,0,0,0,1
390,2,2,0.0,1,0,1,0,0,0,0,0,1
391,6,6,0.7453559924999299,5,0,14,9,1,0,0,0,22
392,5,5,0.8,3,0,9,3,0,0,0,1,12
393,2,2,0.5,1,0,2,0,0,0,0,1,3
394,1,1,0.0,0,0,1,0,0,0,0,0,1
395,2,2,1.0,1,0,1,0,0,0,0,0,1
396,4,4,0.8660254037844386,3,0,5,0,0,0,0,6,11
397,2,2,0.0,1,0,1,0,0,0,0,0,1
398,2,2,0.0,1,0,1,0,0,0,0,0,1
399,2,2,1.0,1,0,1,0,0,0,0,0,1
400,2,2,1.0,1,0,1,0,0,0,0,0,1
401,3,3,0.4714045207910317,1,0,3,1,0,0,0,0,4
402,3,3,0.9428090415820634,1,0,2,0,0,1,0,0,3
403,2,2,1.0,1,0,1,0,0,0,0,0,1
404,3,3,0.9428090415820634,1,0,2,0,0,0,0,0,2
405,2,2,0.0,1,0,1,0,0,0,0,0,1
406,2,2,1.0,1,0,1,0,0,0,0,0,1
407,2,2,0.0,1,0,1,0,0,0,0,0,1
408,1,1,0.0,0,0,1,0,0,0,0,0,1
409,2,2,0.5,1,0,2,1,0,0,0,0,3
410,2,2,0.0,1,0,1,0,0,0,0,0,1
411,4,4,1.0,2,0,3,0,0,0,0,0,3
412,3,3,0.9428090415820634,2,0,2,1,0,0,0,0,3
413,3,3,0.9428090415820634,2,0,2,0,0,0,0,0,2
414,3,3,0.9428090415820634,2,0,2,0,0,0,0,0,2
415,18,18,0.4581228472908512,17,0,59,272,122,11,0,0,454
416,2,2,1.0,1,0,1,0,0,0,0,0,1
417,2,2,1.0,1,0,1,0,0,0,0,0,1
418,2,2,1.0,1,0,1,0,0,0,0,0,1
419,2,2,1.0,1,0,1,0,0,0,0,0,1
420,2,2,1.0,1,0,1,0,0,0,0,0,1
421,4,4,1.0,2,0,3,0,0,0,0,0,3
422,39,39,0.777730814774518,23,4,61,431,252,52,0,114,910
423,2,2,1.0,1,0,1,0,0,0,0,0,1
424,2,2,1.0,1,0,1,0,0,0,0,0,1
425,1,1,0.0,0,0,1,0,0,0,0,0,1
426,3,3,0.4714045207910317,2,0,3,1,0,0,0,0,4
427,3,3,0.4714045207910317,2,0,3,1,1,1,0,0,6
428,3,3,0.9428090415820634,1,0,2,0,0,0,0,1,3
429,2,2,0.5,1,0,2,1,0,0,0,0,3
430,4,4,0.0,3,0,5,1,0,0,0,1,7
431,3,3,0.9428090415820634,1,0,2,0,0,0,0,1,3
432,2,2,1.0,1,0,1,0,0,0,0,0,1
433,2,2,0.0,1,0,1,0,0,0,0,0,1
434,1,1,0.0,0,0,1,0,0,0,0,0,1
435,2,2,0.5,1,0,2,1,0,0,0,0,3
436,1,1,0.0,0,0,1,0,0,0,0,0,1
437,2,2,1.0,1,0,1,0,0,0,0,0,1
438,3,3,0.9428090415820634,1,0,2,0,0,0,0,1,3
439,10,10,0.7810249675906654,4,2,13,24,8,2,0,1,48
440,7,7,0.0,6,0,21,24,13,0,0,0,55
441,4,4,0.82915619758885,2,0,6,0,0,0,0,0,5
442,1,1,0.0,0,0,1,0,0,0,0,0,1
443,1,1,0.0,0,0,1,0,0,0,0,0,1
444,1,1,0.0,0,0,1,0,0,0,0,0,1
445,27,27,0.0,26,0,78,134,112,11,0,31,366
446,15,15,0.24944382578492943,13,0,31,31,24,2,0,1,86
447,2,2,0.0,1,0,1,0,0,0,0,0,1
448,2,2,1.0,1,0,6,0,1,1,0,0,5
449,6,6,0.7637626158259734,4,0,6,4,1,0,0,0,11
450,7,7,0.7284313590846836,4,0,11,4,1,0,0,0,16
451,4,4,0.4330127018922193,3,0,11,14,7,0,0,0,30
452,3,3,0.816496580927726,1,0,4,0,0,0,0,0,3
453,5,5,0.8,4,0,10,9,5,0,0,0,23
454,3,3,0.4714045207910317,1,0,4,0,0,0,0,0,4
455,5,5,0.8,4,0,10,12,4,0,0,0,25
456,3,3,0.4714045207910317,1,0,4,0,0,0,0,0,4
457,4,4,0.8660254037844386,3,0,3,3,0,0,0,0,6
458,1,1,0.0,0,0,1,0,0,0,0,0,1
459,5,5,0.8,3,0,7,3,0,0,0,0,10
460,19,19,0.7292845505553168,16,0,61,74,76,9,0,0,218
461,2,2,1.0,1,0,1,0,0,0,0,0,1
462,2,2,0.0,1,0,1,0,0,0,0,0,1
463,3,3,0.9428090415820634,2,0,2,1,0,0,0,0,3
464,4,4,0.82915619758885,2,0,5,1,0,0,0,0,6
465,2,2,1.0,1,0,1,0,0,0,0,0,1
466,2,2,1.0,1,0,1,0,0,0,0,0,1
467,2,2,0.0,1,0,1,0,0,0,0,0,1
468,14,14,0.0,13,0,14,15,0,0,0,0,29
469,2,2,0.0,1,0,1,0,0,0,0,0,1
470,2,2,1.0,1,0,1,0,0,0,0,0,1
471,2,2,1.0,1,0,1,0,0,0,0,0,1
472,1,1,0.0,0,0,1,0,0,0,0,0,1
473,2,2,1.0,1,0,1,0,0,0,0,0,1
474,2,2,1.0,1,0,1,0,0,0,0,0,1
475,2,2,1.0,1,0,1,0,0,0,0,0,1
476,2,2,1.0,1,0,1,0,0,0,0,0,1
477,2,2,1.0,1,0,1,0,0,0,0,0,1
478,2,2,1.0,1,0,1,0,0,0,0,0,1
479,3,3,0.9428090415820634,2,0,2,1,0,0,0,0,3
480,2,2,1.0,1,0,1,0,0,0,0,0,1
481,13,13,0.0,12,0,20,28,24,9,0,6,87
482,3,3,0.9428090415820634,1,0,2,0,0,0,0,0,2
483,3,3,0.9428090415820634,1,0,2,0,0,1,0,0,3
484,3,3,0.9428090415820634,1,0,2,0,0,0,0,0,2
485,2,2,0.0,1,0,1,0,0,0,0,0,1
486,6,6,0.7453559924999299,5,0,14,9,1,0,0,0,22
487,7,7,0.0,6,0,21,24,13,0,0,0,55
488,5,5,0.8,3,0,9,3,0,0,0,1,12
489,2,2,0.5,1,0,2,0,0,0,0,1,3
490,4,4,0.8660254037844386,3,0,5,0,0,0,0,6,11
491,2,2,0.0,1,0,1,0,0,0,0,0,1
492,4,4,1.0,2,0,3,0,0,0,0,0,3
493,3,3,0.9428090415820634,2,0,2,1,0,0,0,0,3
494,3,3,0.9428090415820634,2,0,2,0,0,0,0,0,2
495,3,3,0.9428090415820634,2,0,2,0,0,0,0,0,2
496,18,18,0.4581228472908512,17,0,59,272,122,11,0,0,454
497,2,2,0.0,1,0,1,0,0,0,0,0,1
498,2,2,0.0,1,0,1,0,0,0,0,0,1
499,2,2,1.0,1,0,1,0,0,0,0,0,1
500,2,2,1.0,1,0,1,0,0,0,0,0,1
501,3,3,0.4714045207910317,1,0,3,1,0,0,0,0,4
502,3,3,0.9428090415820634,1,0,2,0,0,1,0,0,3
503,2,2,1.0,1,0,1,0,0,0,0,0,1
504,3,3,0.9428090415820634,1,0,2,0,0,0,0,0,2
505,2,2,1.0,1,0,1,0,0,0,0,0,1
506,4,4,0.82915619758885,2,0,6,0,0,0,0,0,5
507,2,2,0.0,1,0,1,0,0,0,0,0,1
508,1,1,0.0,0,0,1,0,0,0,0,0,1
509,2,2,0.5,1,0,2,1,0,0,0,0,3
510,2,2,1.0,1,0,1,0,0,0,0,0,1
511,2,2,1.0,1,0,1,0,0,0,0,0,1
512,1,1,0.0,0,0,1,0,0,0,0,0,1
513,3,3,0.4714045207910317,2,0,3,1,0,0,0,0,4
514,3,3,0.9428090415820634,1,0,2,0,0,0,0,1,3
515,2,2,1.0,1,0,1,0,0,0,0,0,1
516,2,2,1.0,1,0,1,0,0,0,0,0,1
517,2,2,1.0,1,0,1,0,0,0,0,0,1
518,2,2,1.0,1,0,1,0,0,0,0,0,1
519,4,4,1.0,2,0,3,0,0,0,0,0,3
520,39,39,0.777730814774518,23,4,61,431,252,52,0,114,910
521,2,2,0.5,1,0,2,1,0,0,0,0,3
522,4,4,0.0,3,0,5,1,0,0,0,1,7
523,3,3,0.9428090415820634,1,0,2,0,0,0,0,1,3
524,1,1,0.0,0,0,1,0,0,0,0,0,1
525,1,1,0.0,0,0,1,0,0,0,0,0,1
526,3,3,0.9428090415820634,1,0,2,0,0,0,0,1,3
527,2,2,1.0,1,0,1,0,0,0,0,0,1
528,2,2,0.0,1,0,1,0,0,0,0,0,1
529,1,1,0.0,0,0,1,0,0,0,0,0,1
530,1,1,0.0,0,0,1,0,0,0,0,0,1
531,2,2,0.5,1,0,2,1,0,0,0,0,3
532,2,2,1.0,1,0,1,0,0,0,0,0,1
533,2,2,1.0,1,0,1,0,0,0,0,0,1
534,1,1,0.0,0,0,1,0,0,0,0,0,1
535,3,3,0.4714045207910317,2,0,3,1,0,0,0,0,4
536,1,1,0.0,0,0,1,0,0,0,0,0,1
537,27,27,0.0,26,0,78,134,112,11,0,31,366
538,6,6,0.7453559924999299,1,0,5,0,0,0,0,10,15
539,2,2,1.0,1,0,1,0,0,0,0,0,1
540,1,1,0.0,0,0,1,0,0,0,0,0,1
541,2,2,0.0,1,0,1,0,0,0,0,0,1
542,2,2,1.0,1,0,1,0,0,0,0,0,1
543,3,3,0.4714045207910317,2,0,3,1,1,1,0,0,6
544,2,2,1.0,1,0,1,0,0,0,0,0,1
545,10,10,0.7810249675906654,4,2,13,24,8,2,0,1,48
546,15,15,0.24944382578492943,13,0,31,31,24,2,0,1,86
547,2,2,0.0,1,0,1,0,0,0,0,0,1
548,2,2,1.0,1,0,6,0,1,1,0,0,5
549,6,6,0.7637626158259734,4,0,6,4,1,0,0,0,11
550,7,7,0.7284313590846836,4,0,11,4,1,0,0,0,16
551,4,4,0.4330127018922193,3,0,11,14,7,0,0,0,30
552,3,3,0.816496580927726,1,0,4,0,0,0,0,0,3
553,5,5,0.8,4,0,10,12,4,0,0,0,25
554,3,3,0.4714045207910317,1,0,4,0,0,0,0,0,4
555,5,5,0.8,4,0,10,9,5,0,0,0,23
556,3,3,0.4714045207910317,1,0,4,0,0,0,0,0,4
557,3,3,0.9428090415820634,2,0,2,1,0,0,0,0,3
558,4,4,0.82915619758885,2,0,5,1,0,0,0,0,6
559,1,1,0.0,0,0,1,0,0,0,0,0,1
560,4,4,0.8660254037844386,3,0,3,3,0,0,0,0,6
561,5,5,0.8,3,0,7,3,0,0,0,0,10
562,2,2,1.0,1,0,1,0,0,0,0,0,1
563,2,2,1.0,1,0,1,0,0,0,0,0,1
564,2,2,0.0,1,0,1,0,0,0,0,0,1
565,19,19,0.7292845505553168,16,0,61,74,76,9,0,0,218
566,2,2,0.0,1,0,1,0,0,0,0,0,1
567,14,14,0.0,13,0,14,15,0,0,0,0,29
568,2,2,1.0,1,0,1,0,0,0,0,0,1
569,2,2,1.0,1,0,1,0,0,0,0,0,1
570,2,2,1.0,1,0,1,0,0,0,0,0,1
571,2,2,1.0,1,0,1,0,0,0,0,0,1
572,3,3,0.9428090415820634,2,0,2,1,0,0,0,0,3
573,2,2,1.0,1,0,1,0,0,0,0,0,1
574,13,13,0.0,12,0,20,28,24,9,0,6,87
575,3,3,0.9428090415820634,1,0,2,0,0,0,0,0,2
576,3,3,0.9428090415820634,1,0,2,0,0,1,0,0,3
577,3,3,0.9428090415820634,1,0,2,0,0,0,0,0,2
578,2,2,0.0,1,0,1,0,0,0,0,0,1
579,2,2,0.0,1,0,1,0,0,0,0,0,1
580,2,2,1.0,1,0,1,0,0,0,0,0,1
581,2,2,1.0,1,0,1,0,0,0,0,0,1
582,3,3,0.4714045207910317,1,0,3,1,0,0,0,0,4
583,3,3,0.9428090415820634,1,0,2,0,0,1,0,0,3
584,2,2,1.0,1,0,1,0,0,0,0,0,1
585,3,3,0.9428090415820634,1,0,2,0,0,0,0,0,2
586,2,2,0.0,1,0,1,0,0,0,0,0,1
587,6,6,0.7453559924999299,5,0,14,9,1,0,0,0,22
588,4,4,0.82915619758885,2,0,6,0,0,0,0,0,5
589,5,5,0.8,3,0,9,3,0,0,0,1,12
590,2,2,0.5,1,0,2,0,0,0,0,1,3
591,4,4,0.8660254037844386,3,0,5,0,0,0,0,6,11
592,2,2,0.0,1,0,1,0,0,0,0,0,1
593,4,4,1.0,2,0,3,0,0,0,0,0,3
594,3,3,0.9428090415820634,2,0,2,1,0,0,0,0,3
595,3,3,0.9428090415820634,2,0,2,0,0,0,0,0,2
596,3,3,0.9428090415820634,2,0,2,0,0,0,0,0,2
597,18,18,0.4581228472908512,17,0,59,272,122,11,0,0,454
598,2,2,0.0,1,0,1,0,0,0,0,0,1
599,2,2,1.0,1,0,1,0,0,0,0,0,1
600,2,2,1.0,1,0,1,0,0,0,0,0,1
601,1,1,0.0,0,0,1,0,0,0,0,0,1
602,2,2,1.0,1,0,1,0,0,0,0,0,1
603,2,2,1.0,1,0,1,0,0,0,0,0,1
604,2,2,1.0,1,0,1,0,0,0,0,0,1
605,2,2,0.0,1,0,1,0,0,0,0,0,1
606,1,1,0.0,0,0,1,0,0,0,0,0,1
607,7,7,0.0,6,0,21,24,13,0,0,0,55
608,2,2,0.5,1,0,2,1,0,0,0,0,3
609,2,2,1.0,1,0,1,0,0,0,0,0,1
610,1,1,0.0,0,0,1,0,0,0,0,0,1
611,3,3,0.9428090415820634,2,0,2,0,0,0,0,0,2
612,2,2,1.0,1,0,1,0,0,0,0,0,1
613,2,2,1.0,1,0,1,0,0,0,0,0,1
614,2,2,1.0,1,0,1,0,0,0,0,0,1
615,2,2,1.0,1,0,1,0,0,0,0,0,1
616,2,2,1.0,1,0,1,0,0,0,0,0,1
617,2,2,1.0,1,0,1,0,0,0,0,0,1
618,2,2,0.0,1,0,1,0,0,0,0,0,1
619,1,1,0.0,0,0,1,0,0,0,0,0,1
620,2,2,0.5,1,0,2,1,0,0,0,0,3
621,6,6,0.7637626158259734,4,0,6,4,1,0,0,0,11
622,3,3,0.9428090415820634,1,0,2,0,0,0,0,1,3
623,2,2,1.0,1,0,1,0,0,0,0,0,1
624,2,2,1.0,1,0,1,0,0,0,0,0,1
625,1,1,0.0,0,0,1,0,0,0,0,0,1
626,3,3,0.4714045207910317,2,0,3,1,0,0,0,0,4
627,2,2,0.5,1,0,2,1,0,0,0,0,3
628,4,4,0.0,3,0,5,1,0,0,0,1,7
629,7,7,0.7284313590846836,4,0,11,4,1,0,0,0,16
630,6,6,0.7453559924999299,1,0,5,0,0,0,0,10,15
631,2,2,1.0,1,0,1,0,0,0,0,0,1
632,1,1,0.0,0,0,1,0,0,0,0,0,1
633,2,2,0.0,1,0,1,0,0,0,0,0,1
634,2,2,1.0,1,0,1,0,0,0,0,0,1
635,3,3,0.4714045207910317,2,0,3,1,1,1,0,0,6
636,2,2,1.0,1,0,1,0,0,0,0,0,1
637,10,10,0.7810249675906654,4,2,13,24,8,2,0,1,48
638,4,4,0.4330127018922193,3,0,11,14,7,0,0,0,30
639,2,2,0.0,1,0,1,0,0,0,0,0,1
640,3,3,0.816496580927726,1,0,4,0,0,0,0,0,3
641,1,1,0.0,0,0,1,0,0,0,0,0,1
642,1,1,0.0,0,0,1,0,0,0,0,0,1
643,1,1,0.0,0,0,1,0,0,0,0,0,1
644,27,27,0.0,26,0,78,134,112,11,0,31,366
645,15,15,0.24944382578492943,13,0,31,31,24,2,0,1,86
646,2,2,1.0,1,0,6,0,1,1,0,0,5
647,5,5,0.8,4,0,10,9,5,0,0,0,23
648,3,3,0.4714045207910317,1,0,4,0,0,0,0,0,4
649,4,4,0.8660254037844386,3,0,3,3,0,0,0,0,6
650,5,5,0.8,3,0,7,3,0,0,0,0,10
651,19,19,0.7292845505553168,16,0,61,74,76,9,0,0,218
652,2,2,1.0,1,0,1,0,0,0,0,0,1
653,1,1,0.0,0,0,1,0,0,0,0,0,1
654,2,2,0.0,1,0,1,0,0,0,0,0,1
655,5,5,0.8,4,0,10,12,4,0,0,0,25
656,3,3,0.4714045207910317,1,0,4,0,0,0,0,0,4
657,3,3,0.9428090415820634,2,0,2,1,0,0,0,0,3
658,4,4,0.82915619758885,2,0,5,1,0,0,0,0,6
659,2,2,1.0,1,0,1,0,0,0,0,0,1
660,2,2,1.0,1,0,1,0,0,0,0,0,1
661,1,1,0.0,0,0,1,0,0,0,0,0,1
662,1,1,0.0,0,0,1,0,0,0,0,0,1
663,1,1,0.0,0,0,1,0,0,0,0,0,1
664,5,5,0.0,4,0,4,1,0,1,0,0,6
665,1,1,0.0,0,0,1,0,0,0,0,0,1
666,1,1,0.0,0,0,1,0,0,0,0,0,1
667,2,2,1.0,1,0,1,0,0,0,0,0,1
668,4,4,0.4330127018922193,3,0,4,1,0,2,0,0,7
669,2,2,1.0,1,0,1,0,0,0,0,0,1
670,1,1,0.0,0,0,1,0,0,0,0,0,1
671,1,1,0.0,0,0,2,0,0,0,0,0,2
672,2,2,0.5,1,0,2,0,0,0,0,0,2
673,3,3,0.4714045207910317,2,0,5,2,0,1,1,3,12
674,2,2,1.0,1,0,1,0,0,0,0,0,1
675,3,3,0.816496580927726,1,0,3,0,0,0,0,0,3
676,1,1,0.0,0,0,1,0,0,0,0,0,1
677,2,2,1.0,1,0,1,0,0,0,0,0,1
678,2,2,1.0,1,0,1,0,0,0,0,0,1
679,2,2,1.0,1,0,1,0,0,0,0,0,1
680,2,2,1.0,1,0,1,0,0,0,0,0,1
681,19,19,0.8931875130777442,10,0,44,73,73,9,11,84,293
682,3,3,0.816496580927726,1,0,3,0,0,0,0,0,3
683,2,2,1.0,1,0,1,0,0,0,0,0,1
684,1,1,0.0,0,0,1,0,0,0,0,0,1
685,4,4,0.5,2,1,5,3,0,0,0,0,8
686,3,3,0.9428090415820634,1,0,2,0,0,0,0,0,2
687,2,2,0.5,1,0,2,0,0,0,0,0,2
688,1,1,0.0,0,0,2,0,0,0,0,0,2
689,1,1,0.0,0,0,2,0,0,0,0,0,2
690,4,4,0.8660254037844386,2,0,3,1,0,0,0,0,4
691,2,2,1.0,1,0,1,0,0,0,0,0,1
692,2,2,1.0,1,0,1,0,0,0,0,0,1
693,2,2,1.0,1,0,1,0,0,0,0,0,1
694,2,2,1.0,1,0,1,0,0,0,0,0,1
695,2,2,1.0,1,0,1,0,0,0,0,0,1
696,2,2,1.0,1,0,1,0,0,0,0,0,1
697,1,1,0.0,0,0,1,0,0,0,0,0,1
698,2,2,1.0,1,0,1,0,0,0,0,0,1
699,2,2,1.0,1,0,1,0,0,0,0,0,1
700,2,2,0.5,1,0,2,1,0,0,0,0,3
701,2,2,1.0,1,0,1,0,0,0,0,0,1
702,2,2,1.0,1,0,1,0,0,0,0,0,1
703,2,2,0.5,1,0,2,0,0,1,0,0,3
704,2,2,0.0,1,0,1,0,0,0,0,0,1
705,2,2,0.5,0,1,1,0,0,0,0,0,1
706,2,2,0.0,1,0,1,0,0,0,0,0,1
707,2,2,1.0,1,0,1,0,0,0,0,0,1
708,1,1,0.0,0,0,1,0,0,0,0,0,1
709,4,4,0.8660254037844386,2,0,3,1,0,0,0,0,4
710,1,1,0.0,0,0,1,0,0,0,0,0,1
711,1,1,0.0,0,0,1,0,0,0,0,0,1
712,2,2,1.0,1,0,3,0,2,0,0,1,6
713,1,1,0.0,0,0,1,0,0,0,0,0,1
714,2,2,0.0,1,0,1,0,0,0,0,0,1
715,5,5,0.0,4,0,4,1,0,1,0,0,6
716,2,2,0.5,1,0,5,3,0,0,0,0,8
717,9,9,0.6285393610547089,7,0,8,0,2,8,0,0,18
718,3,3,0.9428090415820634,2,0,2,0,0,0,0,0,2
719,3,3,0.9428090415820634,2,0,2,0,0,0,0,0,2
720,2,2,1.0,0,0,1,0,0,0,0,0,1
721,2,2,1.0,1,0,1,0,0,0,0,0,1
722,2,2,1.0,1,0,1,0,0,0,0,0,1
723,2,2,1.0,1,0,1,0,0,0,0,0,1
724,2,2,1.0,1,0,1,0,0,0,0,0,1
725,2,2,1.0,1,0,1,0,0,0,0,0,1
726,2,2,1.0,1,0,1,0,0,0,0,0,1
727,2,2,1.0,1,0,1,0,0,0,0,0,1
728,1,1,0.0,0,0,1,0,0,0,0,0,1
729,1,1,0.0,0,0,1,0,0,0,0,0,1
730,1,1,0.0,0,0,1,0,0,0,0,0,1
731,1,1,0.0,0,0,1,0,0,0,0,0,1
732,2,2,0.5,1,0,2,0,0,0,0,0,2
733,2,2,1.0,1,0,1,0,0,0,0,0,1
734,2,2,1.0,1,0,1,0,0,0,0,0,1
735,3,3,0.9428090415820634,1,0,2,0,0,0,0,0,2
736,2,2,1.0,1,0,1,0,0,0,0,0,1
737,2,2,1.0,1,0,1,0,0,0,0,0,1
738,5,5,0.6324555320336759,1,2,5,1,1,0,0,2,9
739,2,2,1.0,1,0,1,0,0,0,0,0,1
740,5,5,0.8,3,0,5,4,1,1,0,0,11
741,2,2,1.5,1,0,1,0,0,0,0,0,1
742,5,5,0.4,4,0,5,0,0,0,0,1,6
743,5,5,0.4,4,0,5,0,0,0,0,1,6
744,5,5,0.4,4,0,5,0,0,0,0,1,6
745,5,5,0.4,4,0,5,0,0,0,0,1,6
746,4,4,0.8660254037844386,3,0,3,0,0,0,0,0,3
747,4,4,0.8660254037844386,3,0,3,0,0,0,0,0,3
748,1,1,0.0,0,0,1,0,0,0,0,0,1
749,1,1,0.0,0,0,1,0,0,0,0,0,1
750,1,1,0.0,0,0,1,0,0,0,0,0,1
751,27,27,0.0,26,0,78,134,112,11,0,31,366
752,2,2,1.5,1,0,1,0,0,0,0,0,1
753,15,15,0.24944382578492943,13,0,31,31,24,2,0,1,86
754,2,2,1.0,1,0,6,0,1,1,0,0,5
755,10,10,0.9797958971132712,6,0,9,3,3,3,0,0,18
756,2,2,0.0,1,0,1,0,0,0,0,0,1
757,2,2,0.0,1,0,1,0,0,0,0,0,1
758,2,2,0.0,1,0,1,0,0,0,0,0,1
759,2,2,0.0,1,0,1,0,0,0,0,0,1
760,2,2,0.0,1,0,1,0,0,0,0,0,1
761,7,7,0.989743318610787,4,0,6,3,3,3,0,0,15
762,7,7,0.989743318610787,4,0,6,3,3,3,0,0,15
763,1,1,0.0,0,0,1,0,0,0,0,0,1
764,3,3,0.9428090415820634,2,0,2,0,0,0,0,0,2
765,2,2,1.0,1,0,1,0,0,0,0,0,1
766,2,2,1.0,1,0,1,0,0,0,0,0,1
767,2,2,1.0,1,0,1,0,0,0,0,0,1
768,2,2,1.0,1,0,1,0,0,0,0,0,1
769,45,45,0.8816370855501054,31,0,60,114,42,17,0,0,229
770,4,4,0.5,4,0,3,3,0,0,0,0,6
771,3,3,0.9428090415820634,1,0,2,0,0,0,0,0,2
772,1,1,0.0,0,0,1,0,0,0,0,0,1
773,2,2,0.0,1,0,1,0,0,0,0,0,1
774,8,8,0.6614378277661477,7,0,12,6,1,0,0,1,20
775,1,1,0.0,0,0,1,0,0,0,0,0,1
776,13,13,0.7297563831157798,11,0,17,18,10,4,0,1,50
777,2,2,1.0,1,0,1,0,0,0,0,0,1
778,2,2,1.0,1,0,1,0,0,0,0,0,1
779,2,2,1.0,1,0,1,0,0,0,0,0,1
780,9,9,0.9938079899999065,5,0,8,6,6,6,0,0,26
781,3,3,0.9428090415820634,2,0,2,0,0,0,0,0,2
782,8,8,1.0,4,0,7,1,2,1,0,0,11
783,17,17,0.9982683969692435,9,0,16,3,3,3,0,0,25
784,9,9,0.9428090415820634,6,0,9,3,2,0,0,0,14
785,2,2,1.0,1,0,1,0,0,0,0,0,1
786,3,3,0.9428090415820634,1,0,3,0,0,1,0,0,3
787,35,35,0.27994168488950605,32,0,77,237,133,10,0,0,457
788,12,12,0.7453559924999299,10,0,12,8,2,2,0,0,23
789,278,278,0.49095119189418174,241,0,749,10317,8032,870,0,0,19968
790,2,2,0.0,1,0,1,0,0,0,0,0,1
791,16,16,0.8660254037844386,12,0,21,15,0,0,0,0,36
792,18,18,0.5,16,0,58,75,45,2,0,0,176
793,3,3,0.9428090415820634,2,0,2,0,0,0,0,0,2
794,13,13,0.9730085108210398,5,0,12,0,4,2,0,0,18
795,3,3,0.9428090415820634,2,0,2,0,0,0,0,0,2
796,3,3,0.9428090415820634,2,0,2,0,0,0,0,0,2
797,3,3,0.9428090415820634,2,0,2,0,0,0,0,0,2
798,6,6,1.0,3,0,5,0,1,1,0,0,7
799,27,27,0.9993138935727438,13,0,26,29,31,22,0,0,108
800,2,2,1.0,1,0,1,0,0,0,0,0,1
801,3,3,0.9428090415820634,2,0,2,0,0,0,0,0,2
802,2,2,1.0,1,0,1,0,0,0,0,0,1
803,2,2,1.0,1,0,1,0,0,0,0,0,1
804,9,9,0.9938079899999065,5,0,8,6,6,6,0,0,26
805,14,14,0.989743318610787,6,0,13,10,10,10,0,0,43
806,5,5,0.9797958971132712,3,0,4,1,1,1,0,0,7
807,7,7,0.989743318610787,3,0,6,1,1,1,0,0,9
808,2,2,0.0,1,0,1,0,0,0,0,0,1
809,4,4,1.0,2,0,3,0,0,0,0,0,3
810,3,3,0.9428090415820634,2,0,2,0,0,0,0,0,2
811,2,2,1.0,1,0,1,0,0,0,0,0,1
812,2,2,1.0,1,0,1,0,0,0,0,0,1
813,3,3,0.9428090415820634,2,0,2,0,0,0,0,0,2
814,38,38,0.9400300578679869,19,0,44,70,57,36,0,14,221
815,2,2,0.0,1,0,1,0,0,0,0,0,1
816,1383,1383,0.48822203767763706,1265,0,3903,324849,192366,39775,0,14,560897
817,2,2,1.0,1,0,1,0,0,0,0,0,1
818,2,2,0.0,1,0,1,0,0,0,0,0,1
819,1,1,0.0,0,0,1,0,0,0,0,0,1
820,2,2,1.0,1,0,1,0,0,0,0,0,1
821,2,2,0.0,1,0,1,0,0,0,0,0,1
822,1,1,0.0,0,0,1,0,0,0,0,0,1
823,2,2,1.0,1,0,1,0,0,0,0,0,1
824,1,1,0.0,0,0,1,0,0,0,0,0,1
825,1,1,0.0,0,0,2,0,0,0,0,0,1
826,14,14,0.6998542122237652,11,0,31,26,15,1,0,1,71
827,3,3,0.4714045207910317,2,0,3,1,0,0,0,0,4
828,2,2,1.5,1,0,1,0,0,0,0,0,1
829,2,2,1.0,1,0,1,0,0,0,0,0,1
830,2,2,1.0,1,0,1,0,0,0,0,0,1
831,2,2,1.0,1,0,1,0,0,0,0,0,1
832,2,2,1.0,1,0,1,0,0,0,0,0,1
833,4,4,0.8660254037844386,3,0,5,1,0,0,0,0,6
834,4,4,0.8660254037844386,3,0,5,1,0,0,0,0,6
835,4,4,0.8660254037844386,3,0,5,1,0,0,0,0,6
836,4,4,0.8660254037844386,3,0,5,1,0,0,0,0,6
837,4,4,0.8660254037844386,3,0,5,1,0,0,0,0,6
838,4,4,0.8660254037844386,3,0,5,0,1,0,0,0,6
839,2,2,0.0,1,0,1,0,0,0,0,0,1
840,2,2,1.0,1,0,1,0,0,0,0,0,1
841,2,2,1.5,1,0,1,0,0,0,0,0,1
842,2,2,1.0,1,0,1,0,0,0,0,0,1
843,2,2,1.0,1,0,1,0,0,0,0,0,1
844,3,3,0.9428090415820634,2,0,2,0,0,0,0,0,2
845,5,5,0.9797958971132712,3,0,4,1,1,1,0,0,7
846,7,7,0.989743318610787,4,0,6,3,3,3,0,0,15
847,5,5,0.9797958971132712,3,0,4,1,1,1,0,0,7
848,10,10,0.9797958971132712,6,0,9,0,0,0,0,0,9
849,2,2,0.0,1,0,1,0,0,0,0,0,1
850,2,2,0.0,1,0,1,0,0,0,0,0,1
851,2,2,1.0,1,0,1,0,0,0,0,0,1
852,2,2,0.0,1,0,1,0,0,0,0,0,1
853,2,2,0.0,1,0,1,0,0,0,0,0,1
854,2,2,1.0,1,0,1,0,0,0,0,0,1
855,2,2,0.0,1,0,1,0,0,0,0,0,1
856,2,2,0.0,1,0,1,0,0,0,0,0,1
857,2,2,0.0,1,0,1,0,0,0,0,0,1
858,2,2,0.0,1,0,1,0,0,0,0,0,1
859,3,3,0.9428090415820634,2,0,2,0,0,0,0,0,2
860,24,24,0.9090593428863095,17,0,38,62,41,1,0,0,142
861,2,2,1.0,1,0,1,0,0,0,0,0,1
862,2,2,1.0,1,0,1,0,0,0,0,0,1
863,2,2,1.0,1,0,1,0,0,0,0,0,1
864,2,2,1.0,1,0,1,0,0,0,0,0,1
865,2,2,1.0,1,0,1,0,0,0,0,0,1
866,2,2,1.0,1,0,1,0,0,0,0,0,1
867,2,2,0.0,1,0,1,0,0,0,0,0,1
868,3,3,0.0,2,0,10,3,0,0,0,0,10
869,7,7,0.989743318610787,4,0,8,2,1,1,0,0,12
870,4,4,0.4330127018922193,2,0,4,0,0,0,0,0,4
871,2,2,1.0,0,0,1,0,0,0,0,0,1
872,8,8,0.0,7,0,24,17,4,1,1,1,42
873,6,6,0.37267799624996495,5,0,16,20,11,2,0,14,60
874,7,7,0.3499271061118826,6,0,14,12,1,1,1,1,27
875,4,4,0.4330127018922193,2,0,4,0,0,0,0,0,4
876,3,3,0.4714045207910317,2,0,9,3,0,0,0,0,9
877,4,4,0.0,3,0,5,0,0,0,1,0,6
878,4,4,0.4330127018922193,3,0,8,6,0,0,0,3,15
879,3,3,0.0,2,0,10,3,0,0,0,0,10
880,4,4,0.4330127018922193,3,0,8,6,0,0,0,3,15
881,3,3,0.0,2,0,10,2,0,0,0,0,9
882,6,6,0.9428090415820634,3,0,7,2,3,3,0,0,15
883,2,2,1.0,1,0,1,0,0,0,0,0,1
884,6,6,0.8975274678557507,2,0,6,0,2,1,0,0,9
885,5,5,0.8,3,0,5,0,0,0,0,0,5
886,4,4,0.4330127018922193,2,0,4,0,0,0,0,0,4
887,2,2,1.0,0,0,1,0,0,0,0,0,1
888,6,6,0.0,5,0,21,9,1,0,0,0,25
889,6,6,0.37267799624996495,5,0,16,20,11,2,0,14,60
890,8,8,0.0,7,0,17,8,0,1,3,3,29
891,2,2,1.0,1,0,1,0,0,0,0,0,1
892,4,4,0.4330127018922193,2,0,4,0,0,0,0,0,4
893,4,4,0.4330127018922193,2,0,4,0,0,0,0,0,4
894,8,8,1.0,4,0,9,1,0,0,0,0,10
895,4,4,0.4330127018922193,2,0,4,0,0,0,0,0,4
896,2,2,1.0,0,0,1,0,0,0,0,0,1
897,2,2,0.0,1,0,1,0,0,0,0,0,1
898,2,2,1.0,0,0,1,0,0,0,0,0,1
899,4,4,0.0,3,0,11,4,0,0,0,0,12
900,6,6,0.7453559924999299,5,0,16,24,6,4,0,14,60
901,12,12,0.5527707983925667,11,0,36,18,2,1,3,3,54
902,3,3,0.0,2,0,10,3,0,0,0,0,9
903,2,2,1.0,1,0,1,0,0,0,0,0,1
904,2,2,0.0,1,0,8,2,0,0,0,0,7
905,4,4,0.4330127018922193,2,0,4,0,0,0,0,0,4
906,6,6,0.9428090415820634,3,0,7,2,3,3,0,0,15
907,5,5,0.8,3,0,5,0,0,0,0,0,5
908,6,6,0.8975274678557507,2,0,6,0,2,1,0,0,9
909,2,2,1.0,0,0,1,0,0,0,0,0,1
910,5,5,0.8,4,0,13,5,0,0,0,0,14
911,6,6,0.37267799624996495,5,0,16,20,11,2,0,14,60
912,8,8,0.0,7,0,17,8,0,1,3,3,29
913,2,2,0.0,1,0,1,0,0,0,0,0,1
914,3,3,0.4714045207910317,2,0,9,3,0,0,0,0,9
915,2,2,0.0,1,0,8,2,0,0,0,0,7
916,4,4,0.0,3,0,5,1,0,0,0,0,6
917,3,3,0.4714045207910317,2,0,3,1,0,0,0,0,4
918,3,3,0.4714045207910317,2,0,3,3,0,0,0,0,6
919,2,2,0.5,1,0,2,1,0,0,0,0,3
920,2,2,0.5,1,0,2,1,0,0,0,0,3
921,3,3,0.4714045207910317,2,0,9,3,0,0,0,0,9
922,3,3,0.9428090415820634,2,0,10,3,0,0,0,0,9
923,4,4,0.0,3,0,5,1,0,0,0,0,6
924,3,3,0.4714045207910317,2,0,3,1,0,0,0,0,4
925,3,3,0.4714045207910317,2,0,3,1,0,0,0,0,4
926,3,3,0.4714045207910317,2,0,9,3,0,0,0,0,9
927,2,2,0.0,1,0,8,2,0,0,0,0,7
928,4,4,0.0,3,0,5,1,0,0,0,0,6
929,3,3,0.4714045207910317,2,0,9,3,0,0,0,0,9
930,2,2,0.0,1,0,8,2,0,0,0,0,7
931,4,4,0.0,3,0,5,1,0,0,0,0,6
932,3,3,0.4714045207910317,2,0,3,1,0,0,0,0,4
933,3,3,0.4714045207910317,2,0,3,1,0,0,0,0,4
934,4,4,0.8660254037844386,3,0,8,2,0,0,0,0,7
935,2,2,1.0,0,0,1,0,0,0,0,0,1
936,9,9,0.9162456945817024,3,0,9,0,0,0,0,0,9
937,4,4,0.4330127018922193,2,0,4,0,0,1,0,0,5
938,4,4,0.4330127018922193,2,0,4,0,0,0,0,0,4
939,4,4,0.4330127018922193,2,0,4,0,0,0,0,0,4
940,2,2,1.0,0,0,1,0,0,0,0,0,1
941,2,2,1.0,0,0,1,0,0,0,0,0,1
942,4,4,0.0,3,0,11,4,0,0,0,0,12
943,4,4,0.0,3,0,11,4,0,0,0,0,12
944,30,30,0.5416025603090641,26,0,63,58,21,3,0,18,162
945,2,2,0.0,1,0,1,0,0,0,0,0,1
946,6,6,0.7453559924999299,5,0,16,24,6,4,0,14,60
947,6,6,0.7453559924999299,5,0,14,6,0,0,1,1,19
948,4,4,0.0,3,0,8,2,0,0,0,0,7
949,6,6,0.8975274678557507,3,0,6,1,1,1,0,0,9
950,6,6,0.8975274678557507,2,0,6,0,2,1,0,0,9
951,5,5,0.8,3,0,5,0,0,0,0,0,5
952,4,4,0.4330127018922193,2,0,4,0,0,0,0,0,4
953,2,2,1.0,0,0,1,0,0,0,0,0,1
954,2,2,1.0,0,0,1,0,0,0,0,0,1
955,4,4,0.0,3,0,11,4,0,0,0,0,12
956,2,2,1.0,0,0,1,0,0,0,0,0,1
957,4,4,0.4330127018922193,3,0,13,3,0,0,0,0,12
958,6,6,0.7453559924999299,5,0,16,24,6,4,0,14,60
959,6,6,0.37267799624996495,5,0,16,5,0,0,1,1,19
960,3,3,0.4714045207910317,2,0,9,3,0,0,0,0,9
961,2,2,0.0,1,0,8,2,0,0,0,0,7
962,4,4,0.0,3,0,5,1,0,0,0,0,6
963,3,3,0.4714045207910317,2,0,3,1,0,0,0,0,4
964,3,3,0.4714045207910317,2,0,3,1,0,0,0,0,4
965,3,3,0.4714045207910317,2,0,9,3,0,0,0,0,9
966,2,2,0.0,1,0,8,2,0,0,0,0,7
967,4,4,0.0,3,0,5,1,0,0,0,0,6
968,3,3,0.4714045207910317,2,0,3,1,0,0,0,0,4
969,3,3,0.4714045207910317,2,0,3,3,0,0,0,0,6
970,2,2,0.0,1,0,8,2,0,0,0,0,7
971,6,6,0.8975274678557507,3,0,6,0,1,1,0,0,8
972,4,4,0.4330127018922193,2,0,4,0,0,0,0,0,4
973,2,2,1.0,0,0,1,0,0,0,0,0,1
974,4,4,0.8660254037844386,2,0,3,1,0,0,0,0,4
975,5,5,0.8,3,0,5,0,0,0,0,0,5
976,5,5,0.8,3,0,5,0,0,0,0,0,5
977,2,2,1.0,0,0,1,0,0,0,0,0,1
978,2,2,1.0,0,0,1,0,0,0,0,0,1
979,5,5,0.8,4,0,13,5,0,0,0,0,14
980,6,6,0.7453559924999299,5,0,16,24,6,4,0,14,60
981,12,12,0.7592027982620249,9,0,28,17,3,2,3,3,49
982,4,4,0.4330127018922193,2,0,4,0,0,0,0,0,4
983,3,3,0.0,2,0,10,3,0,0,0,0,9
984,2,2,0.0,1,0,8,2,0,0,0,0,7
985,4,4,0.4330127018922193,2,0,4,0,0,0,0,0,4
986,2,2,1.0,0,0,1,0,0,0,0,0,1
987,6,6,0.8975274678557507,2,0,6,1,3,3,0,0,13
988,5,5,0.8,3,0,5,0,0,0,0,0,5
989,6,6,0.8975274678557507,2,0,6,0,2,1,0,0,9
990,2,2,1.0,0,0,1,0,0,0,0,0,1
991,2,2,1.0,0,0,1,0,0,0,0,0,1
992,5,5,0.8,4,0,13,4,0,0,0,0,14
993,3,3,0.4714045207910317,2,0,3,3,0,0,0,0,6
994,6,6,0.7453559924999299,5,0,16,24,6,4,0,14,60
995,8,8,0.0,7,0,17,8,0,1,3,3,29
996,2,2,1.0,1,0,1,0,0,0,0,0,1
997,2,2,1.0,1,0,1,0,0,0,0,0,1
998,2,2,1.0,1,0,1,0,0,0,0,0,1
999,2,2,1.0,1,0,1,0,0,0,0,0,1
1000,2,2,1.0,1,0,2,0,0,0,0,0,1
1001,2,2,1.0,0,0,1,0,0,0,0,0,1
1002,18,18,0.8314794192830981,14,0,40,30,25,3,0,0,90
1003,2,2,0.0,1,0,3,3,0,0,0,0,6
1004,2,2,1.0,1,0,1,0,0,0,0,0,1
1005,2,2,1.0,1,0,1,0,0,0,0,0,1
1006,2,2,1.0,1,0,1,0,0,0,0,0,1
1007,2,2,1.0,1,0,1,0,0,0,0,0,1
1008,3,3,0.0,2,0,10,3,0,0,0,0,9
1009,2,2,1.0,1,0,1,0,0,0,0,0,1
1010,2,2,0.0,1,0,8,2,0,0,0,0,7
1011,3,3,0.4714045207910317,2,0,3,1,0,0,0,0,4
1012,4,4,0.4330127018922193,2,0,4,0,0,0,0,0,4
1013,6,6,0.9428090415820634,3,0,7,2,3,3,0,0,15
1014,5,5,0.8,3,0,5,0,0,0,0,0,5
1015,6,6,0.8975274678557507,2,0,6,0,2,1,0,0,9
1016,2,2,1.0,0,0,1,0,0,0,0,0,1
1017,5,5,0.8,4,0,13,4,0,0,0,0,14
1018,6,6,0.37267799624996495,5,0,16,20,11,2,0,14,60
1019,8,8,0.0,7,0,17,8,0,1,3,3,29
1020,1,1,0.0,0,0,1,0,0,0,0,0,1
1021,1,1,0.0,0,0,1,0,0,0,0,0,1
1022,13,13,0.5756395979652218,11,0,34,34,30,2,0,0,98
1023,3,3,0.4714045207910317,2,0,9,3,0,0,0,0,9
1024,2,2,0.0,1,0,8,2,0,0,0,0,7
1025,4,4,0.0,3,0,5,1,0,0,0,0,6
1026,2,2,1.0,1,0,1,0,0,0,0,0,1
1027,4,4,0.0,3,0,8,2,0,0,0,0,7
1028,6,6,0.8975274678557507,3,0,6,0,0,0,0,0,6
1029,5,5,0.8,3,0,6,1,2,3,0,0,12
1030,6,6,0.8975274678557507,3,0,6,0,0,0,0,0,6
1031,4,4,0.4330127018922193,2,0,4,0,0,0,0,0,4
1032,29,29,0.549564739672732,25,0,63,55,18,3,0,18,156
1033,2,2,1.0,0,0,1,0,0,0,0,0,1
1034,8,8,0.6614378277661477,7,0,24,11,1,0,1,1,32
1035,6,6,0.37267799624996495,5,0,16,20,11,2,0,14,60
1036,6,6,0.37267799624996495,5,0,16,6,0,0,1,1,21
1037,4,4,0.4330127018922193,2,0,4,0,0,0,0,0,4
1038,3,3,0.4714045207910317,2,0,9,3,0,0,0,0,9
1039,4,4,0.0,3,0,5,0,0,0,1,0,6
1040,3,3,0.0,2,0,10,3,0,0,0,0,10
1041,4,4,0.4330127018922193,3,0,8,6,0,0,0,3,15
1042,4,4,0.4330127018922193,2,0,4,0,0,0,0,0,4
1043,3,3,0.4714045207910317,2,0,9,3,0,0,0,0,9
1044,4,4,0.0,3,0,5,0,0,0,1,0,6
1045,3,3,0.0,2,0,10,3,0,0,0,0,10
1046,4,4,0.4330127018922193,3,0,8,6,0,0,0,3,15
1047,4,4,0.4330127018922193,2,0,4,0,0,0,0,0,4
1048,3,3,0.4714045207910317,2,0,9,3,0,0,0,0,9
1049,4,4,0.0,3,0,5,0,0,0,1,0,6
1050,3,3,0.0,2,0,10,3,0,0,0,0,10
1051,4,4,0.4330127018922193,3,0,8,6,0,0,0,3,15
1052,2,2,1.0,1,0,1,0,0,0,0,0,1
1053,4,4,0.0,3,0,8,2,0,0,0,0,7
1054,2,2,1.0,1,0,1,0,0,0,0,0,1
1055,6,6,0.9428090415820634,3,0,7,2,3,3,0,0,15
1056,6,6,0.9428090415820634,4,0,7,1,0,0,0,0,8
1057,5,5,0.8,3,0,6,1,1,1,0,0,9
1058,4,4,0.4330127018922193,2,0,4,0,0,0,0,0,4
1059,4,4,0.4330127018922193,2,0,4,0,0,0,0,0,4
1060,10,10,0.6,9,0,27,13,1,1,3,3,42
1061,5,5,0.4,4,0,15,20,11,2,0,14,59
1062,4,4,0.8660254037844386,3,0,11,4,0,0,0,0,12
1063,4,4,0.4330127018922193,2,0,4,0,0,0,0,0,4
1064,3,3,0.4714045207910317,2,0,9,3,0,0,0,0,9
1065,4,4,0.0,3,0,5,0,0,0,1,0,6
1066,3,3,0.0,2,0,10,3,0,0,0,0,10
1067,4,4,0.4330127018922193,3,0,8,6,0,0,0,3,15
1068,3,3,0.4714045207910317,2,0,9,3,0,0,0,0,9
1069,2,2,0.5,1,0,2,1,0,0,0,0,3
1070,3,3,0.4714045207910317,2,0,9,3,0,0,0,0,9
1071,3,3,0.9428090415820634,2,0,10,3,0,0,0,0,9
1072,4,4,0.0,3,0,5,1,0,0,0,0,6
1073,2,2,0.5,1,0,2,1,0,0,0,0,3
1074,2,2,0.5,1,0,2,1,0,0,0,0,3
1075,4,4,0.0,3,0,5,0,0,0,1,0,6
1076,3,3,0.4714045207910317,2,0,9,3,0,0,0,0,9
1077,3,3,0.9428090415820634,2,0,10,3,0,0,0,0,9
1078,4,4,0.0,3,0,5,1,0,0,0,0,6
1079,2,2,0.5,1,0,2,1,0,0,0,0,3
1080,2,2,1.0,1,0,1,0,0,0,0,0,1
1081,3,3,0.9428090415820634,2,0,10,3,0,0,0,0,9
1082,5,5,0.8,3,0,5,0,0,0,0,0,5
1083,5,5,0.8,2,0,5,0,1,1,0,0,7
1084,2,2,0.0,1,0,1,0,0,0,0,0,1
1085,2,2,0.5,1,0,2,1,0,0,0,0,3
1086,2,2,0.0,1,0,3,3,0,0,0,0,6
1087,5,5,0.9797958971132712,2,0,4,3,2,1,0,0,10
1088,4,4,0.7071067811865476,3,0,4,3,0,0,0,0,7
1089,7,7,0.8329931278350429,5,0,6,1,1,1,0,0,9
1090,3,3,0.9428090415820634,2,0,2,0,0,0,0,0,2
1091,2,2,0.5,1,0,2,1,0,0,0,0,3
1092,4,4,0.7071067811865476,3,0,4,3,0,0,0,0,7
1093,5,5,0.8,4,0,10,9,5,0,0,0,23
1094,7,7,0.8329931278350429,5,0,6,1,1,1,0,0,9
1095,3,3,0.9428090415820634,2,0,2,0,0,0,0,0,2
1096,2,2,0.5,1,0,2,1,0,0,0,0,3
1097,5,5,0.9797958971132712,3,0,4,1,0,0,0,0,5
1098,3,3,0.4714045207910317,3,0,2,0,0,0,0,0,2
1099,2,2,0.0,1,0,1,0,0,0,0,0,1
1100,5,5,0.8,3,0,4,0,0,0,0,0,4
1101,1,1,0.0,0,0,1,0,0,0,0,0,1
1102,1,1,0.0,0,0,1,0,0,0,0,0,1
1103,2,2,0.0,1,0,1,0,0,0,0,0,1
1104,2,2,0.5,1,0,1,0,0,0,0,0,1
1105,5,5,0.8,4,0,4,0,0,0,0,0,4
1106,2,2,0.5,1,0,1,0,0,0,0,0,1
1107,3,3,0.0,2,0,2,0,0,0,0,0,2
1108,3,3,0.9428090415820634,2,0,2,1,0,0,0,0,3
1109,5,5,0.9797958971132712,3,0,4,1,0,0,0,0,5
1110,2,2,0.0,1,0,1,0,0,0,0,0,1
1111,1,1,0.0,0,0,2,1,0,0,0,0,3
1112,1,1,0.0,0,0,1,0,0,0,0,0,1
1113,3,3,0.0,2,0,4,1,0,0,0,0,5
1114,3,3,0.4714045207910317,2,0,3,0,0,0,0,0,3
1115,2,2,0.0,1,0,1,0,0,0,0,0,1
1116,2,2,0.0,1,0,1,0,0,0,0,0,1
1117,3,3,0.0,2,0,2,0,0,0,0,0,2
1118,2,2,1.0,1,0,2,1,0,0,0,0,3
1119,2,2,0.5,1,0,3,3,0,0,0,0,6
1120,6,6,0.7453559924999299,4,0,5,0,0,0,0,0,5
1121,6,6,0.37267799624996495,4,0,6,1,0,1,0,0,8
1122,3,3,0.9428090415820634,2,0,2,1,0,0,0,0,3
1123,3,3,0.9428090415820634,2,0,2,1,0,0,0,0,3
1124,1,1,0.0,0,0,1,0,0,0,0,0,1
1125,3,3,0.0,2,0,2,0,0,0,0,0,2
1126,6,6,0.7453559924999299,4,0,5,0,0,0,0,0,5
1127,6,6,0.37267799624996495,4,0,6,1,0,1,0,0,8
1128,2,2,0.0,1,0,1,0,0,0,0,0,1
1129,2,2,0.0,1,0,1,0,0,0,0,0,1
1130,2,2,0.0,1,0,1,0,0,0,0,0,1
1131,5,5,0.8,4,0,4,0,0,0,0,0,4
1132,1,1,0.0,0,0,1,0,0,0,0,0,1
1133,3,3,0.9428090415820634,1,0,2,0,0,0,0,0,2
1134,5,5,0.8,4,0,10,7,3,1,0,0,20
1135,1,1,0.0,0,0,1,0,0,0,0,0,1
1136,1,1,0.0,0,0,1,0,0,0,0,0,1
1137,2,2,1.0,1,0,1,0,0,0,0,0,1
1138,4,4,0.8660254037844386,3,0,3,1,0,0,0,0,4
1139,3,3,0.0,2,0,4,1,0,0,0,0,5
1140,1,1,0.0,0,0,2,1,0,0,0,0,3
1141,2,2,0.0,1,0,3,1,0,0,1,0,5
1142,2,2,1.0,1,0,1,0,0,0,0,0,1
1143,2,2,0.0,1,0,1,0,0,0,0,0,1
1144,2,2,0.5,0,0,2,0,0,0,0,0,2
1145,4,4,0.8660254037844386,2,0,3,0,0,0,0,0,3
1146,2,2,1.0,1,0,3,2,0,0,0,1,6
1147,2,2,0.5,1,0,2,1,0,0,0,0,3
1148,3,3,0.9428090415820634,1,0,2,0,0,0,0,0,2
1149,5,5,0.8,3,0,5,1,1,0,0,0,7
1150,3,3,0.9428090415820634,1,0,2,0,0,0,0,0,2
1151,2,2,0.0,1,0,3,3,0,0,0,0,6
1152,5,5,0.9797958971132712,2,0,4,3,2,1,0,0,10
1153,3,3,0.9428090415820634,1,0,2,0,0,0,0,0,2
1154,1,1,0.0,0,0,1,0,0,0,0,0,1
1155,1,1,0.0,0,0,1,0,0,0,0,0,1
1156,3,3,0.0,2,0,2,0,0,0,0,0,2
1157,2,2,0.0,1,0,1,0,0,0,0,0,1
1158,2,2,0.0,1,0,1,0,0,0,0,0,1
1159,3,3,0.0,2,0,2,0,0,0,0,0,2
1160,2,2,1.0,1,0,1,0,0,0,0,0,1
1161,2,2,1.0,1,0,1,0,0,0,0,0,1
1162,2,2,0.0,1,0,1,0,0,0,0,0,1
1163,2,2,1.0,1,0,1,0,0,0,0,0,1
1164,2,2,1.0,1,0,1,0,0,0,0,0,1
1165,2,2,1.0,1,0,1,0,0,0,0,0,1
1166,2,2,1.0,1,0,2,0,0,0,0,0,1
1167,4,4,0.8660254037844386,3,0,6,1,1,0,0,0,8
1168,3,3,0.9428090415820634,2,0,2,0,0,0,0,0,2
1169,3,3,0.0,2,0,3,0,0,0,0,0,3
1170,6,6,0.0,5,0,5,3,0,0,0,0,8
1171,3,3,0.0,2,0,2,0,0,0,0,0,2
1172,2,2,1.0,1,0,1,0,0,0,0,0,1
1173,3,3,0.9428090415820634,2,0,2,0,0,0,0,0,2
1174,3,3,0.9428090415820634,2,0,2,1,0,0,0,0,3
1175,2,2,0.5,0,1,1,0,0,0,0,0,1
1176,2,2,1.0,1,0,1,0,0,0,0,0,1
1177,3,3,0.9428090415820634,1,0,2,0,0,0,0,0,2
1178,3,3,0.9428090415820634,1,0,2,0,0,0,0,0,2
1179,5,5,0.8,3,0,5,0,1,0,0,0,6
1180,2,2,1.0,1,0,1,0,0,0,0,0,1
1181,2,2,1.0,1,0,1,0,0,0,0,0,1
1182,2,2,1.0,1,0,1,0,0,0,0,0,1
1183,16,16,0.33071891388307384,13,0,26,28,12,0,0,0,65
1184,2,2,1.0,1,0,2,0,0,0,0,0,1
1185,2,2,0.5,1,0,2,0,0,0,0,0,2
1186,2,2,1.0,1,0,1,0,0,0,0,0,1
1187,2,2,1.0,1,0,2,0,0,0,0,0,1
1188,4,4,0.8660254037844386,3,0,6,1,1,0,0,0,8
1189,2,2,0.5,1,0,2,0,0,0,0,0,2
1190,1,1,0.0,0,0,1,0,0,0,0,0,1
1191,1,1,0.0,0,0,2,1,0,0,0,0,3
1192,2,2,1.0,1,0,1,0,0,0,0,0,1
1193,1,1,0.0,0,0,1,0,0,0,0,0,1
1194,1,1,0.0,0,0,1,0,0,0,0,0,1
1195,2,2,0.0,1,0,3,0,0,0,0,0,3
1196,29,29,0.18246560765962694,28,0,48,226,23,15,0,0,312
1197,2,2,1.0,1,0,1,0,0,0,0,0,1
1198,2,2,0.0,1,0,1,0,0,0,0,0,1
1199,1,1,0.0,0,0,1,0,0,0,0,0,1
1200,1,1,0.0,0,0,1,0,0,0,0,0,1
1201,1,1,0.0,0,0,1,0,0,0,0,0,1
1202,2,2,0.5,0,1,1,0,0,0,0,0,1
1203,3,3,0.0,2,0,5,1,1,1,0,0,7
1204,1,1,0.0,0,0,1,0,0,0,0,0,1
1205,2,2,0.0,1,0,5,0,0,0,0,3,8
1206,1,1,0.0,0,0,1,0,0,0,0,0,1
1207,2,2,0.5,1,0,4,1,1,0,0,1,7
1208,1,1,0.0,0,0,1,0,0,0,0,0,1
1209,1,1,0.0,0,0,2,0,1,0,0,0,3
1210,3,3,0.4714045207910317,1,0,3,0,0,1,0,0,4
1211,2,2,1.0,1,0,1,0,0,0,0,0,1
1212,1,1,0.0,0,0,1,0,0,0,0,0,1
1213,2,2,1.0,0,0,1,0,0,0,0,0,1
1214,2,2,1.0,1,0,1,0,0,0,0,0,1
1215,2,2,0.5,1,0,2,1,0,0,0,0,3
1216,2,2,1.0,1,0,1,0,0,0,0,0,1
1217,2,2,1.0,1,0,1,0,0,0,0,0,1
1218,2,2,1.0,1,0,1,0,0,0,0,0,1
1219,2,2,1.0,1,0,1,0,0,0,0,0,1
1220,2,2,1.0,1,0,1,0,0,0,0,0,1
1221,2,2,1.0,1,0,1,0,0,0,0,0,1
1222,1,1,0.0,0,0,1,0,0,0,0,0,1
1223,2,2,0.5,1,0,2,1,0,0,0,0,3
1224,1,1,0.0,0,0,1,0,0,0,0,0,1
1225,1,1,0.0,0,0,1,0,0,0,0,0,1
1226,2,2,0.5,1,0,2,1,0,0,0,0,3
1227,2,2,1.0,1,0,1,0,0,0,0,0,1
1228,2,2,1.0,1,0,1,0,0,0,0,0,1
1229,1,1,0.0,0,0,1,0,0,0,0,0,1
1230,2,2,1.0,1,0,1,0,0,0,0,0,1
1231,1,1,0.0,0,0,1,0,0,0,0,0,1
1232,2,2,1.0,0,0,1,0,0,0,0,0,1
1233,2,2,1.0,1,0,1,0,0,0,0,0,1
1234,2,2,1.0,1,0,1,0,0,0,0,0,1
1235,2,2,1.0,1,0,1,0,0,0,0,0,1
1236,2,2,1.0,1,0,1,0,0,0,0,0,1
1237,2,2,1.0,1,0,1,0,0,0,0,0,1
1238,2,2,1.0,1,0,1,0,0,0,0,0,1
1239,2,2,1.0,1,0,1,0,0,0,0,0,1
1240,2,2,1.0,1,0,1,0,0,0,0,0,1
1241,2,2,1.0,1,0,1,0,0,0,0,0,1
1242,2,2,1.0,1,0,1,0,0,0,0,0,1
1243,2,2,1.0,1,0,1,0,0,0,0,0,1
1244,2,2,1.0,1,0,1,0,0,0,0,0,1
1245,2,2,1.0,1,0,1,0,0,0,0,0,1
1246,2,2,1.0,1,0,1,0,0,0,0,0,1
1247,2,2,1.0,1,0,1,0,0,0,0,0,1
1248,2,2,1.0,1,0,1,0,0,0,0,0,1
1249,2,2,1.0,1,0,1,0,0,0,0,0,1
1250,2,2,1.0,1,0,1,0,0,0,0,0,1
1251,2,2,1.0,1,0,1,0,0,0,0,0,1
1252,2,2,1.0,1,0,1,0,0,0,0,0,1
1253,2,2,1.0,1,0,1,0,0,0,0,0,1
1254,2,2,0.5,1,0,3,0,1,0,0,0,3
1255,2,2,1.0,1,0,1,0,0,0,0,0,1
1256,3,3,0.4714045207910317,2,0,7,0,0,0,0,0,5
1257,2,2,1.0,1,0,1,0,0,0,0,0,1
1258,2,2,0.0,1,0,1,0,0,0,0,0,1
1259,3,3,0.0,2,0,7,10,0,0,0,0,17
1260,102,102,0.4354751434218198,93,0,300,2580,1554,253,0,0,4687
1261,2,2,1.0,1,0,1,0,0,0,0,0,1
1262,2,2,0.0,1,0,1,0,0,0,0,0,1
1263,1,1,0.0,0,0,1,0,0,0,0,0,1
1264,2,2,0.5,1,0,2,1,0,0,0,0,3
1265,41,41,0.8861415670529244,30,0,59,213,80,10,0,0,362
1266,2,2,1.0,1,0,1,0,0,0,0,0,1
1267,2,2,1.0,1,0,1,0,0,0,0,0,1
1268,2,2,0.5,1,0,2,1,0,0,0,0,3
1269,4,4,0.8660254037844386,3,0,5,5,0,0,0,1,11
1270,2,2,0.5,1,0,2,1,0,0,0,0,3
1271,2,2,0.5,1,0,2,1,0,0,0,0,3
1272,2,2,1.0,1,0,1,0,0,0,0,0,1
1273,3,3,0.0,2,0,2,0,0,1,0,0,3
1274,2,2,0.5,1,0,2,1,0,0,0,0,3
1275,2,2,1.0,0,0,1,0,0,0,0,0,1
1276,2,2,1.0,1,0,1,0,0,0,0,0,1
1277,1,1,0.0,0,0,1,0,0,0,0,0,1
1278,2,2,1.0,1,0,1,0,0,0,0,0,1
1279,1,1,0.0,0,0,1,0,0,0,0,0,1
1280,4,4,0.7071067811865476,1,1,4,0,0,0,2,2,8
1281,2,2,0.0,1,0,1,0,0,0,0,0,1
1282,1,1,0.0,0,0,1,0,0,0,0,0,1
1283,3,3,0.0,2,0,2,0,0,0,0,0,2
1284,1,1,0.0,0,0,1,0,0,0,0,0,1
1285,2,2,1.0,1,0,1,0,0,0,0,0,1
1286,4,4,0.8660254037844386,3,0,5,5,3,1,0,0,14
1287,2,2,0.0,1,0,1,0,0,0,0,0,1
1288,3,3,0.816496580927726,1,0,3,3,0,0,0,0,6
1289,1,1,0.0,0,0,1,0,0,0,0,0,1
1290,1,1,0.0,0,0,2,1,0,0,0,0,3
1291,2,2,1.0,1,0,1,0,0,0,0,0,1
1292,2,2,1.0,1,0,1,0,0,0,0,0,1
1293,2,2,1.0,1,0,1,0,0,0,0,0,1
1294,2,2,1.0,1,0,1,0,0,0,0,0,1
1295,2,2,0.0,1,0,3,0,0,0,0,0,3
1296,1,1,0.0,0,0,2,1,0,0,0,0,3
1297,1,1,0.0,0,0,1,0,0,0,0,0,1
1298,3,3,0.0,2,0,4,1,0,0,0,0,5
1299,3,3,0.4714045207910317,2,0,3,0,0,0,0,0,3
1300,1,1,0.0,0,0,2,1,0,0,0,0,3
1301,1,1,0.0,0,0,2,1,0,0,0,0,3
1302,1,1,0.0,0,0,1,0,0,0,0,0,1
1303,2,2,0.0,1,0,1,0,0,0,0,0,1
1304,3,3,0.9428090415820634,2,0,3,0,0,0,0,0,3
1305,1,1,0.0,0,0,1,0,0,0,0,0,1
1306,1,1,0.0,0,0,1,0,0,0,0,0,1
1307,1,1,0.0,0,0,1,0,0,0,0,0,1
1308,2,2,1.0,1,0,1,0,0,0,0,0,1
1309,3,3,0.9428090415820634,2,0,2,0,0,0,0,0,2
1310,2,2,1.0,1,0,3,0,2,0,0,0,5
1311,2,2,1.0,1,0,1,0,0,0,0,0,1
1312,2,2,1.0,1,0,1,0,0,0,0,0,1
1313,2,2,1.0,1,0,1,0,0,0,0,0,1
1314,2,2,0.0,1,0,1,0,0,0,0,0,1
1315,2,2,1.0,1,0,1,0,0,0,0,0,1
1316,4,4,0.8660254037844386,3,0,3,1,0,0,0,0,4
1317,1,1,0.0,0,0,1,0,0,0,0,0,1
1318,2,2,0.0,1,0,3,0,0,0,0,0,3
1319,4,4,1.0,2,0,3,3,0,0,0,0,6
1320,18,18,0.5328701692569688,15,0,38,23,10,1,0,24,93
1321,1,1,0.0,0,0,2,1,0,0,0,0,3
1322,2,2,1.0,1,0,1,0,0,0,0,0,1
1323,2,2,0.0,1,0,1,0,0,0,0,0,1
1324,1,1,0.0,0,0,1,0,0,0,0,0,1
1325,1,1,0.0,0,0,1,0,0,0,0,0,1
1326,10,10,0.6403124237432849,8,0,24,19,15,2,0,1,59
1327,4,4,0.0,3,0,3,0,0,0,0,0,3
1328,3,3,0.9428090415820634,2,0,2,1,0,0,0,0,3
1329,4,4,0.8660254037844386,1,0,3,0,0,0,0,0,3
1330,2,2,1.0,1,0,1,0,0,0,0,0,1
1331,2,2,1.0,1,0,1,0,0,0,0,0,1
1332,2,2,1.0,1,0,1,0,0,0,0,0,1
1333,2,2,1.0,1,0,1,0,0,0,0,0,1
1334,2,2,1.0,1,0,1,0,0,0,0,0,1
1335,2,2,1.0,1,0,1,0,0,0,0,0,1
1336,3,3,0.816496580927726,1,0,3,0,0,0,0,0,3
1337,7,7,0.3499271061118826,6,0,10,3,1,0,0,0,13
1338,16,16,0.5590169943749475,13,0,33,19,6,1,0,18,74
1339,2,2,1.0,1,0,1,0,0,0,0,0,1
1340,2,2,1.0,1,0,4,0,0,0,1,0,4
1341,2,2,0.0,1,0,4,0,0,1,0,0,4
1342,2,2,1.0,1,0,1,0,0,0,0,0,1
1343,2,2,1.0,1,0,1,0,0,0,0,0,1
1344,2,2,0.0,1,0,1,0,0,0,0,0,1
1345,2,2,1.0,1,0,1,0,0,0,0,0,1
1346,5,5,0.8,4,0,4,1,0,0,0,0,5
1347,11,11,0.616575453011388,9,0,27,26,12,0,0,0,62
1348,3,3,0.9428090415820634,2,0,2,0,0,0,0,0,2
1349,1,1,0.0,0,0,1,0,0,0,0,0,1
1350,2,2,1.0,1,0,1,0,0,0,0,0,1
1351,2,2,1.0,1,0,1,0,0,0,0,0,1
1352,2,2,1.0,1,0,1,0,0,0,0,0,1
1353,1,1,0.0,0,0,1,0,0,0,0,0,1
1354,2,2,0.0,1,0,1,0,0,0,0,0,1
1355,1,1,0.0,0,0,3,0,0,0,0,0,2
1356,1,1,0.0,0,0,1,0,0,0,0,0,1
1357,1,1,0.0,0,0,1,0,0,0,0,0,1
1358,2,2,0.0,1,0,1,0,0,0,0,0,1
1359,2,2,0.0,1,0,1,0,0,0,0,0,1
1360,2,2,0.0,1,0,1,0,0,0,0,0,1
1361,1,1,0.0,0,0,1,0,0,0,0,0,1
1362,3,3,0.9428090415820634,2,0,3,0,0,0,0,0,3
1363,1,1,0.0,0,0,1,0,0,0,0,0,1
1364,1,1,0.0,0,0,1,0,0,0,0,0,1
1365,2,2,1.0,1,0,1,0,0,0,0,0,1
1366,9,9,0.816496580927726,6,0,13,21,3,2,3,8,50
1367,9,9,0.816496580927726,6,0,13,21,3,2,3,8,50
1368,9,9,0.816496580927726,6,0,13,21,3,2,3,8,50
1369,9,9,0.816496580927726,6,0,13,21,3,2,3,8,50
1370,9,9,0.816496580927726,6,0,13,21,3,2,3,8,50
1371,9,9,0.816496580927726,6,0,13,21,3,2,3,8,50
1372,4,4,0.4330127018922193,2,0,7,1,0,1,2,2,13
1373,2,2,0.0,1,0,1,0,0,0,0,0,1
1374,25,25,0.664529909033446,21,0,42,106,24,12,0,0,184
1375,4,4,0.4330127018922193,3,0,5,6,0,0,0,0,11
1376,4,4,0.4330127018922193,2,0,7,1,0,1,2,2,13
1377,1,1,0.0,0,0,1,0,0,0,0,0,1
1378,91,91,0.532938710021193,84,0,222,2555,1234,307,0,6,4323
1379,76,76,0.27600232846582934,73,0,252,1063,666,225,0,270,2469
1380,2,2,1.0,1,0,1,0,0,0,0,0,1
1381,2,2,1.0,1,0,1,0,0,0,0,0,1
1382,5,5,0.8,4,0,8,2,0,2,4,4,20
1383,2,2,1.0,1,0,1,0,0,0,0,0,1
1384,2,2,1.0,1,0,1,0,0,0,0,0,1
1385,2,2,1.0,1,0,1,0,0,0,0,0,1
1386,2,2,1.0,1,0,1,0,0,0,0,0,1
1387,2,2,1.0,1,0,1,0,0,0,0,0,1
1388,2,2,1.0,1,0,1,0,0,0,0,0,1
1389,2,2,1.0,1,0,1,0,0,0,0,0,1
1390,7,7,0.6998542122237652,5,0,6,0,0,3,0,0,9
1391,2,2,1.0,1,0,1,0,0,0,0,0,1
1392,2,2,1.0,1,0,1,0,0,0,0,0,1
1393,2,2,1.0,1,0,1,0,0,0,0,0,1
1394,4,4,0.0,3,0,3,0,0,3,0,0,6
1395,2,2,1.0,1,0,1,0,0,0,0,0,1
1396,2,2,1.0,1,0,1,0,0,0,0,0,1
1397,2,2,1.0,1,0,1,0,0,0,0,0,1
1398,2,2,1.0,1,0,1,0,0,0,0,0,1
1399,2,2,0.0,1,0,1,0,0,0,0,0,1
1400,2,2,0.0,1,0,1,0,0,0,0,0,1
1401,2,2,1.0,1,0,1,0,0,0,0,0,1
1402,113,113,0.30166478847892586,104,0,323,1418,1085,348,0,2791,5957
1403,3,3,0.0,2,0,5,6,0,0,0,0,11
1404,2,2,1.0,1,0,1,0,0,0,0,0,1
1405,3,3,0.9428090415820634,1,0,2,0,0,1,0,0,3
1406,28,28,0.6468132241526726,23,0,50,132,31,21,61,174,469
1407,2,2,0.0,1,0,1,0,0,0,0,0,1
1408,4,4,0.4330127018922193,3,0,5,6,0,0,0,0,11
1409,1,1,0.0,0,0,1,0,0,0,0,0,1
1410,2,2,1.0,1,0,1,0,0,0,0,0,1
1411,8,8,0.0,7,0,26,23,7,7,24,70,157
1412,1,1,0.0,0,0,1,0,0,0,0,0,1
1413,6,6,0.7453559924999299,5,0,13,9,3,2,9,15,51
1414,6,6,0.7453559924999299,4,0,12,10,0,1,11,22,56
1415,2,2,1.0,0,0,1,0,0,0,0,0,1
1416,5,5,0.0,4,0,15,10,3,1,9,21,59
1417,1,1,0.0,0,0,1,0,0,0,0,0,1
1418,8,8,0.33071891388307384,7,0,25,19,11,5,24,70,154
1419,7,7,0.7284313590846836,5,0,14,13,3,4,11,23,68
1420,42,42,0.3375582590180435,40,0,96,96,53,7,0,407,643
1421,2,2,1.0,1,0,1,0,0,0,0,0,1
1422,2,2,1.0,1,0,1,0,0,0,0,0,1
1423,2,2,1.0,1,0,1,0,0,0,0,0,1
1424,1,1,0.0,0,0,2,0,0,0,1,0,3
1425,6,6,0.7453559924999299,4,0,13,13,2,0,0,12,39
1426,3,3,0.9428090415820634,2,0,2,0,0,0,0,0,2
1427,3,3,0.9428090415820634,2,0,2,0,0,0,0,0,2
1428,2,2,0.5,1,0,2,0,0,0,0,1,3
1429,2,2,0.0,1,0,1,0,0,0,0,0,1
1430,2,2,1.0,1,0,3,1,0,0,1,0,5
1431,4,4,0.4330127018922193,3,0,4,1,0,0,0,0,5
1432,1,1,0.0,0,0,1,0,0,0,0,0,1
1433,75,75,0.6344201201797504,64,0,241,2021,948,162,0,0,3372
1434,2,2,1.0,1,0,1,0,0,0,0,0,1
1435,2,2,1.0,1,0,1,0,0,0,0,0,1
1436,3,3,0.9428090415820634,2,0,2,0,0,0,0,0,2
1437,2,2,1.0,1,0,1,0,0,0,0,0,1
1438,2,2,1.0,1,0,1,0,0,0,0,0,1
1439,2,2,1.0,1,0,1,0,0,0,0,0,1
1440,2,2,1.0,1,0,1,0,0,0,0,0,1
1441,2,2,1.0,1,0,1,0,0,0,0,0,1
1442,2,2,1.0,1,0,1,0,0,0,0,0,1
1443,1,1,0.0,0,0,1,0,0,0,0,0,1
1444,4,4,0.8660254037844386,2,0,3,1,0,0,0,0,4
1445,2,2,0.0,1,0,1,0,0,0,0,0,1
1446,1,1,0.0,0,0,1,0,0,0,0,0,1
1447,1,1,0.0,0,0,1,0,0,0,0,0,1
1448,2,2,0.5,1,0,4,4,1,0,0,0,9
1449,1,1,0.0,0,0,1,0,0,0,0,0,1
1450,1,1,0.0,0,0,1,0,0,0,0,0,1
1451,6,6,0.37267799624996495,5,0,10,4,1,4,4,4,27
1452,6,6,0.37267799624996495,4,0,7,9,3,1,0,0,20
1453,2,2,0.0,1,0,1,0,0,0,0,0,1
1454,1,1,0.0,0,0,2,1,0,0,0,0,3
1455,2,2,0.5,1,0,1,0,0,0,0,0,1
1456,2,2,1.0,1,0,1,0,0,0,0,0,1
1457,2,2,1.0,1,0,1,0,0,0,0,0,1
1458,3,3,0.9428090415820634,2,0,7,4,0,1,2,4,18
1459,3,3,0.0,2,0,7,4,0,1,2,4,18
1460,3,3,0.9428090415820634,2,0,7,4,0,1,2,4,18
1461,2,2,1.0,1,0,1,0,0,0,0,0,1
1462,3,3,0.0,2,0,7,4,0,1,2,4,18
1463,3,3,0.0,2,0,7,4,0,1,2,4,18
1464,3,3,0.0,2,0,7,4,0,1,2,4,18
1465,4,4,0.0,3,0,3,0,0,3,0,0,6
1466,2,2,1.0,1,0,1,0,0,0,0,0,1
1467,2,2,1.0,1,0,1,0,0,0,0,0,1
1468,9,9,0.816496580927726,6,0,13,21,3,2,3,8,50
1469,2,2,1.0,1,0,1,0,0,0,0,0,1
1470,2,2,1.0,1,0,1,0,0,0,0,0,1
1471,2,2,1.0,1,0,1,0,0,0,0,0,1
1472,76,76,0.27600232846582934,73,0,252,1063,666,225,0,270,2469
1473,2,2,1.0,1,0,1,0,0,0,0,0,1
1474,2,2,1.0,1,0,1,0,0,0,0,0,1
1475,3,3,0.9428090415820634,2,0,2,0,0,0,0,0,2
1476,1,1,0.0,0,0,1,0,0,0,0,0,1
1477,2,2,0.5,1,0,2,1,0,0,0,0,3
1478,2,2,0.5,1,0,2,0,0,0,0,0,2
1479,2,2,0.5,1,0,2,0,0,0,0,0,2
1480,2,2,0.5,1,0,2,0,0,0,0,0,2
1481,2,2,1.0,1,0,1,0,0,0,0,0,1
1482,2,2,1.0,1,0,1,0,0,0,0,0,1
1483,2,2,1.0,1,0,1,0,0,0,0,0,1
1484,2,2,0.5,1,0,2,1,0,0,0,0,3
1485,2,2,0.5,1,0,2,1,0,0,0,0,3
1486,2,2,1.0,1,0,1,0,0,0,0,0,1
1487,2,2,1.0,1,0,1,0,0,0,0,0,1
1488,2,2,1.0,1,0,1,0,0,0,0,0,1
1489,2,2,0.5,1,0,2,0,0,0,0,1,3
1490,2,2,1.0,1,0,1,0,0,0,0,0,1
1491,2,2,1.0,1,0,1,0,0,0,0,0,1
1492,2,2,1.0,1,0,1,0,0,0,0,0,1
1493,2,2,1.0,1,0,1,0,0,0,0,0,1
1494,2,2,1.0,1,0,1,0,0,0,0,0,1
1495,2,2,1.0,1,0,1,0,0,0,0,0,1
1496,2,2,1.0,1,0,1,0,0,0,0,0,1
1497,2,2,1.0,1,0,1,0,0,0,0,0,1
1498,2,2,1.0,1,0,1,0,0,0,0,0,1
1499,113,113,0.30166478847892586,104,0,323,1418,1085,348,0,2791,5957
1500,2,2,1.0,1,0,1,0,0,0,0,0,1
1501,2,2,1.0,1,0,1,0,0,0,0,0,1
1502,2,2,0.0,1,0,1,0,0,0,0,0,1
1503,2,2,1.0,0,0,1,0,0,0,0,0,1
1504,2,2,1.0,0,0,1,0,0,0,0,0,1
1505,2,2,1.0,0,0,1,0,0,0,0,0,1
1506,2,2,1.0,0,0,1,0,0,0,0,0,1
1507,2,2,1.0,0,0,1,0,0,0,0,0,1
1508,2,2,1.0,0,0,1,0,0,0,0,0,1
1509,2,2,1.0,0,0,1,0,0,0,0,0,1
1510,2,2,1.0,0,0,1,0,0,0,0,0,1
1511,2,2,1.0,0,0,1,0,0,0,0,0,1
1512,2,2,1.0,0,0,1,0,0,0,0,0,1
1513,2,2,1.0,0,0,1,0,0,0,0,0,1
1514,2,2,1.0,0,0,1,0,0,0,0,0,1
1515,2,2,0.5,1,0,2,0,0,0,0,1,3
1516,2,2,1.0,0,0,1,0,0,0,0,0,1
1517,182,182,0.3963667867444271,173,0,595,7356,3448,474,0,38,11895
1518,2,2,0.0,1,0,3,1,0,0,0,0,4
1519,26,26,0.5384615384615384,18,0,39,266,107,67,0,0,479
1520,7,7,0.9035079029052513,5,0,14,3,0,4,6,6,33
1521,2,2,1.0,1,0,3,1,0,0,0,0,4
1522,2,2,1.0,1,0,1,0,0,0,0,0,1
1523,2,2,1.0,1,0,1,0,0,0,0,0,1
1524,2,2,0.0,1,0,1,0,0,0,0,0,1
1525,1,1,0.0,0,0,2,1,0,0,0,0,3
1526,3,3,0.4714045207910317,1,1,3,3,0,0,0,0,6
1527,5,5,0.8,4,0,8,2,0,2,4,4,20
1528,1,1,0.0,0,0,1,0,0,0,0,0,1
1529,3,3,0.9428090415820634,2,0,2,0,0,0,0,0,2
1530,1,1,0.0,0,0,1,0,0,0,0,0,1
1531,7,7,0.0,6,0,8,1,1,1,0,3,14
1532,85,85,0.5734615344448913,56,0,159,3746,1728,830,0,0,6463
1533,6,6,0.37267799624996495,4,0,7,9,3,1,0,0,20
1534,4,4,0.4330127018922193,3,0,4,1,0,0,0,0,5
1535,2,2,1.0,1,0,1,0,0,0,0,0,1
1536,3,3,0.9428090415820634,2,0,2,0,0,0,0,0,2
1537,2,2,0.0,1,0,1,0,0,0,0,0,1
1538,25,25,0.664529909033446,21,0,42,106,24,12,0,0,184
1539,3,3,0.9428090415820634,2,0,2,0,0,0,0,0,2
1540,2,2,0.0,1,0,1,0,0,0,0,0,1
1541,2,2,0.0,1,0,1,0,0,0,0,0,1
1542,2,2,1.0,1,0,3,1,0,0,1,0,5
1543,1,1,0.0,0,0,1,0,0,0,0,0,1
1544,2,2,0.5,1,0,1,0,0,0,0,0,1
1545,1,1,0.0,0,0,2,0,0,0,1,0,3
1546,6,6,0.7453559924999299,4,0,13,13,2,0,0,12,39
1547,2,2,1.0,1,0,1,0,0,0,0,0,1
1548,2,2,1.0,1,0,1,0,0,0,0,0,1
1549,75,75,0.6344201201797504,64,0,241,2021,948,162,0,0,3372
1550,2,2,1.0,1,0,1,0,0,0,0,0,1
1551,3,3,0.9428090415820634,2,0,2,0,0,0,0,0,2
1552,13,13,0.7216024245882199,10,0,24,35,21,9,0,53,142
1553,16,16,0.33071891388307384,14,0,43,68,17,5,0,61,192
1554,1,1,0.0,0,0,1,0,0,0,0,0,1
1555,4,4,0.8660254037844386,2,0,3,1,0,0,0,0,4
1556,2,2,0.0,1,0,1,0,0,0,0,0,1
1557,1,1,0.0,0,0,1,0,0,0,0,0,1
1558,1,1,0.0,0,0,1,0,0,0,0,0,1
1559,2,2,0.5,1,0,4,4,1,0,0,0,9
1560,1,1,0.0,0,0,1,0,0,0,0,0,1
1561,1,1,0.0,0,0,1,0,0,0,0,0,1
1562,6,6,0.37267799624996495,5,0,10,4,1,4,4,4,27
1563,2,2,1.0,1,0,1,0,0,0,0,0,1
1564,33,33,0.7713892158398701,27,0,60,119,34,28,0,234,467
1565,5,5,0.9797958971132712,3,0,4,1,0,0,0,1,6
1566,7,7,0.4948716593053935,3,0,16,10,10,0,0,4,40
1567,4,4,0.0,3,0,10,16,6,1,0,8,41
1568,1,1,0.0,0,0,1,0,0,0,0,0,1
1569,5,5,0.8,4,0,8,2,0,2,4,4,20
1570,1,1,0.0,0,0,1,0,0,0,0,0,1
1571,1,1,0.0,0,0,2,1,0,0,0,0,3
1572,2,2,0.5,1,0,4,4,1,0,0,0,9
1573,1,1,0.0,0,0,2,1,0,0,0,0,3
1574,1,1,0.0,0,0,1,0,0,0,0,0,1
1575,1,1,0.0,0,0,1,0,0,0,0,0,1
1576,1,1,0.0,0,0,1,0,0,0,0,0,1
1577,1,1,0.0,0,0,1,0,0,0,0,0,1
1578,1,1,0.0,0,0,1,0,0,0,0,0,1
1579,1,1,0.0,0,0,1,0,0,0,0,0,1
1580,1,1,0.0,0,0,1,0,0,0,0,0,1
1581,1,1,0.0,0,0,1,0,0,0,0,0,1
1582,3,3,0.9428090415820634,2,0,4,1,0,0,1,0,6
1583,3,3,0.816496580927726,1,0,3,0,0,0,0,0,3
1584,2,2,1.0,1,0,1,0,0,0,0,0,1
1585,1,1,0.0,0,0,1,0,0,0,0,0,1
1586,2,2,1.0,1,0,1,0,0,0,0,0,1
1587,2,2,1.0,1,0,1,0,0,0,0,0,1
1588,2,2,1.0,1,0,1,0,0,0,0,0,1
1589,1,1,0.0,0,0,1,0,0,0,0,0,1
1590,2,2,1.0,1,0,1,0,0,0,0,0,1
1591,2,2,1.0,1,0,1,0,0,0,0,0,1
1592,2,2,1.0,1,0,1,0,0,0,0,0,1
1593,2,2,1.0,1,0,1,0,0,0,0,0,1
1594,113,113,0.30166478847892586,104,0,323,1418,1085,348,0,2791,5957
1595,2,2,1.0,1,0,1,0,0,0,0,0,1
1596,2,2,1.0,1,0,1,0,0,0,0,0,1
1597,2,2,1.0,1,0,1,0,0,0,0,0,1
1598,2,2,1.0,1,0,1,0,0,0,0,0,1
1599,2,2,0.0,1,0,1,0,0,0,0,0,1
1600,25,25,0.664529909033446,21,0,42,106,24,12,0,0,184
1601,3,3,0.9428090415820634,2,0,7,4,0,1,2,4,18
1602,3,3,0.0,2,0,7,4,0,1,2,4,18
1603,3,3,0.9428090415820634,2,0,7,4,0,1,2,4,18
1604,3,3,0.0,2,0,7,4,0,1,2,4,18
1605,3,3,0.0,2,0,7,4,0,1,2,4,18
1606,3,3,0.0,2,0,7,4,0,1,2,4,18
1607,2,2,1.0,1,0,1,0,0,0,0,0,1
1608,2,2,1.0,1,0,1,0,0,0,0,0,1
1609,91,91,0.532938710021193,84,0,222,2555,1234,307,0,6,4323
1610,76,76,0.27600232846582934,73,0,252,1063,666,225,0,270,2469
1611,1,1,0.0,0,0,1,0,0,0,0,0,1
1612,3,3,0.9428090415820634,2,0,2,0,0,0,0,0,2
1613,3,3,0.9428090415820634,2,0,2,0,0,0,0,0,2
1614,13,13,0.7216024245882199,10,0,24,35,21,9,0,53,142
1615,16,16,0.33071891388307384,14,0,43,68,17,5,0,61,192
1616,7,7,0.9035079029052513,5,0,14,3,0,4,6,6,33
1617,4,4,0.0,3,0,3,0,0,3,0,0,6
1618,2,2,1.0,1,0,1,0,0,0,0,0,1
1619,2,2,1.0,1,0,1,0,0,0,0,0,1
1620,70,70,0.5422929398886374,62,0,168,1343,642,148,0,3,2303
1621,2,2,0.5,1,0,2,1,0,0,0,0,3
1622,2,2,0.5,1,0,2,1,0,0,0,0,3
1623,2,2,0.5,1,0,2,0,0,0,0,1,3
1624,2,2,1.0,1,0,1,0,0,0,0,0,1
1625,2,2,1.0,1,0,1,0,0,0,0,0,1
1626,2,2,1.0,1,0,1,0,0,0,0,0,1
1627,2,2,1.0,1,0,1,0,0,0,0,0,1
1628,2,2,1.0,1,0,1,0,0,0,0,0,1
1629,2,2,1.0,1,0,1,0,0,0,0,0,1
1630,2,2,0.5,1,0,2,1,0,0,0,0,3
1631,2,2,0.5,1,0,2,0,0,0,0,0,2
1632,2,2,0.5,1,0,2,0,0,0,0,1,3
1633,2,2,0.5,1,0,2,0,0,0,0,0,2
1634,2,2,0.5,1,0,2,0,0,0,0,0,2
1635,2,2,0.0,1,0,1,0,0,0,0,0,1
1636,2,2,1.0,0,0,1,0,0,0,0,0,1
1637,2,2,1.0,0,0,1,0,0,0,0,0,1
1638,2,2,1.0,0,0,1,0,0,0,0,0,1
1639,2,2,1.0,0,0,1,0,0,0,0,0,1
1640,2,2,1.0,0,0,1,0,0,0,0,0,1
1641,2,2,1.0,0,0,1,0,0,0,0,0,1
1642,2,2,1.0,0,0,1,0,0,0,0,0,1
1643,2,2,1.0,0,0,1,0,0,0,0,0,1
1644,2,2,1.0,0,0,1,0,0,0,0,0,1
1645,2,2,1.0,0,0,1,0,0,0,0,0,1
1646,2,2,1.0,0,0,1,0,0,0,0,0,1
1647,2,2,1.0,0,0,1,0,0,0,0,0,1
1648,2,2,1.0,0,0,1,0,0,0,0,0,1
1649,182,182,0.3963667867444271,173,0,595,7356,3448,474,0,38,11895
1650,2,2,0.0,1,0,3,1,0,0,0,0,4
1651,2,2,1.0,1,0,1,0,0,0,0,0,1
1652,2,2,1.0,1,0,1,0,0,0,0,0,1
1653,26,26,0.5384615384615384,18,0,39,266,107,67,0,0,479
1654,6,6,0.37267799624996495,4,0,7,9,3,1,0,0,20
1655,2,2,1.0,1,0,3,1,0,0,1,0,5
1656,2,2,1.0,1,0,1,0,0,0,0,0,1
1657,3,3,0.4714045207910317,2,0,3,0,0,0,0,0,3
1658,1,1,0.0,0,0,1,0,0,0,0,0,1
1659,2,2,1.0,1,0,1,0,0,0,0,0,1
1660,2,2,0.5,1,0,2,0,0,0,0,0,2
1661,2,2,1.0,1,0,1,0,0,0,0,0,1
1662,3,3,0.9428090415820634,2,0,2,0,0,0,0,0,2
1663,4,4,0.4330127018922193,3,0,4,1,0,0,0,0,5
1664,3,3,0.9428090415820634,2,0,2,0,0,0,0,0,2
1665,1,1,0.0,0,0,2,0,0,0,1,0,3
1666,2,2,0.5,1,0,1,0,0,0,0,0,1
1667,6,6,0.7453559924999299,4,0,13,13,2,0,0,12,39
1668,2,2,1.0,1,0,1,0,0,0,0,0,1
1669,2,2,1.0,1,0,1,0,0,0,0,0,1
1670,2,2,1.0,1,0,1,0,0,0,0,0,1
1671,2,2,1.0,1,0,1,0,0,0,0,0,1
1672,1,1,0.0,0,0,1,0,0,0,0,0,1
1673,4,4,0.8660254037844386,2,0,3,1,0,0,0,0,4
1674,2,2,0.0,1,0,1,0,0,0,0,0,1
1675,1,1,0.0,0,0,1,0,0,0,0,0,1
1676,1,1,0.0,0,0,1,0,0,0,0,0,1
1677,2,2,0.5,1,0,4,4,1,0,0,0,9
1678,1,1,0.0,0,0,1,0,0,0,0,0,1
1679,1,1,0.0,0,0,1,0,0,0,0,0,1
1680,6,6,0.37267799624996495,5,0,10,4,1,4,4,4,27
1681,2,2,1.0,1,0,1,0,0,0,0,0,1
1682,75,75,0.6344201201797504,64,0,241,2021,948,162,0,0,3372
1683,2,2,1.0,1,0,1,0,0,0,0,0,1
1684,33,33,0.7713892158398701,27,0,60,119,34,28,0,234,467
1685,5,5,0.9797958971132712,3,0,4,1,0,0,0,1,6
1686,7,7,0.4948716593053935,3,0,16,10,10,0,0,4,40
1687,4,4,0.0,3,0,10,16,6,1,0,8,41
1688,5,5,0.8,4,0,8,2,0,2,4,4,20
1689,1,1,0.0,0,0,1,0,0,0,0,0,1
1690,1,1,0.0,0,0,1,0,0,0,0,0,1
1691,1,1,0.0,0,0,2,1,0,0,0,0,3
1692,2,2,0.5,1,0,4,4,1,0,0,0,9
1693,1,1,0.0,0,0,2,1,0,0,0,0,3
1694,1,1,0.0,0,0,1,0,0,0,0,0,1
1695,1,1,0.0,0,0,1,0,0,0,0,0,1
1696,1,1,0.0,0,0,1,0,0,0,0,0,1
1697,1,1,0.0,0,0,1,0,0,0,0,0,1
1698,1,1,0.0,0,0,1,0,0,0,0,0,1
1699,1,1,0.0,0,0,1,0,0,0,0,0,1
1700,1,1,0.0,0,0,1,0,0,0,0,0,1
1701,1,1,0.0,0,0,1,0,0,0,0,0,1
1702,3,3,0.9428090415820634,2,0,4,1,0,0,1,0,6
1703,3,3,0.816496580927726,1,0,3,0,0,0,0,0,3
1704,1,1,0.0,0,0,1,0,0,0,0,0,1
1705,2,2,0.0,1,0,1,0,0,0,0,0,1
1706,2,2,0.0,1,0,3,0,0,1,0,0,4
1707,1,1,0.0,0,0,1,0,0,0,0,0,1
1708,1,1,0.0,0,0,1,0,0,0,0,0,1
1709,2,2,0.0,1,0,1,0,0,0,0,0,1
1710,2,2,0.0,1,0,1,0,0,0,0,0,1
1711,2,2,0.0,1,0,1,0,0,0,0,0,1
1712,14,14,0.989743318610787,8,0,13,15,15,15,0,0,58
1713,6,6,1.0,3,0,5,2,1,0,0,0,8
1714,9,9,0.6849348892187751,6,0,12,28,13,3,0,0,56
1715,2,2,0.0,1,0,3,0,0,1,0,0,4
1716,1,1,0.0,0,0,2,0,0,1,0,0,3
1717,2,2,0.0,1,0,1,0,0,0,0,0,1
1718,3,3,0.0,2,0,3,0,0,0,0,0,3
1719,11,11,0.38569460791993504,9,0,21,12,10,1,0,0,44
1720,2,2,1.0,1,0,2,0,0,1,0,0,3
1721,2,2,1.0,0,0,1,0,0,0,0,0,1
1722,2,2,1.0,1,0,1,0,0,0,0,0,1
1723,1,1,0.0,0,0,2,0,1,0,0,0,3
1724,3,3,0.9428090415820634,1,0,2,0,0,0,0,0,2
1725,2,2,1.0,1,0,1,0,0,0,0,0,1
1726,2,2,1.0,1,0,1,0,0,0,0,0,1
1727,2,2,1.0,1,0,1,0,0,0,0,0,1
1728,2,2,1.0,1,0,3,0,0,0,0,0,3
1729,2,2,1.0,1,0,1,0,0,0,0,0,1
1730,2,2,1.0,1,0,1,0,0,0,0,0,1
1731,2,2,1.0,1,0,1,0,0,0,0,0,1
1732,2,2,1.0,1,0,1,0,0,0,0,0,1
1733,2,2,0.0,1,0,1,0,0,0,0,0,1
1734,2,2,0.5,1,0,2,0,0,0,0,0,2
1735,1,1,0.0,0,0,2,0,0,0,0,0,1
1736,2,2,1.0,1,0,1,0,0,0,0,0,1
1737,18,18,0.8906233078822998,12,0,19,56,34,10,0,0,119
1738,1,1,0.0,0,0,1,0,0,0,0,0,1
1739,2,2,0.0,1,0,1,0,0,0,0,0,1
1740,2,2,0.5,1,0,2,0,0,0,0,0,2
1741,2,2,1.0,1,0,1,0,0,0,0,0,1
1742,2,2,0.5,1,0,2,0,0,0,0,0,2
1743,2,2,0.5,1,0,2,0,0,0,0,0,2
1744,1,1,0.0,0,0,1,0,0,0,0,0,1
1745,3,3,0.9428090415820634,2,0,4,1,0,0,0,1,6
1746,2,2,1.0,1,0,1,0,0,0,0,0,1
1747,2,2,1.0,1,0,1,0,0,0,0,0,1
1748,2,2,1.0,1,0,1,0,0,0,0,0,1
1749,1,1,0.0,0,0,2,0,0,0,0,0,2
1750,2,2,1.0,1,0,1,0,0,0,0,0,1
1751,3,3,0.9428090415820634,2,0,4,6,0,0,0,0,10
1752,1,1,0.0,0,0,1,0,0,0,0,0,1
1753,3,3,0.9428090415820634,2,0,2,0,0,0,0,0,2
1754,3,3,0.9428090415820634,2,0,2,0,0,0,0,0,2
1755,3,3,0.9428090415820634,2,0,2,0,0,0,0,0,2
1756,2,2,1.0,1,0,1,0,0,0,0,0,1
1757,2,2,1.0,1,0,1,0,0,0,0,0,1
1758,2,2,1.0,1,0,1,0,0,0,0,0,1
1759,2,2,1.0,1,0,1,0,0,0,0,0,1
1760,5,5,0.4898979485566356,3,0,7,4,0,0,0,0,11
1761,1,1,0.0,0,0,1,0,0,0,0,0,1
1762,1,1,0.0,0,0,1,0,0,0,0,0,1
1763,2,2,1.0,1,0,1,0,0,0,0,0,1
1764,1,1,0.0,0,0,1,0,0,0,0,0,1
1765,1,1,0.0,0,0,1,0,0,0,0,0,1
1766,2,2,1.0,1,0,1,0,0,0,0,0,1
1767,2,2,1.0,1,0,1,0,0,0,0,0,1
1768,2,2,1.0,1,0,1,0,0,0,0,0,1
1769,2,2,1.0,1,0,1,0,0,0,0,0,1
1770,10,10,0.916515138991168,7,0,18,16,11,2,0,0,47
1771,5,5,0.7483314773547883,2,1,5,3,0,0,0,0,8
1772,5,5,0.8944271909999159,2,1,4,1,0,0,0,0,5
1773,2,2,1.0,1,0,1,0,0,0,0,0,1
1774,1,1,0.0,0,0,2,0,0,0,0,0,2
1775,2,2,1.0,1,0,1,0,0,0,0,0,1
1776,1,1,0.0,0,0,1,0,0,0,0,0,1
1777,14,14,0.6998542122237652,11,0,31,26,15,1,0,1,71
1778,1,1,0.0,0,0,2,0,0,0,0,0,1
1779,2,2,1.0,1,0,1,0,0,0,0,0,1
1780,19,19,0.6359497880839249,15,0,45,46,18,0,0,21,129
1781,5,5,0.4,4,0,5,6,0,0,0,0,11
1782,3,3,0.9428090415820634,2,0,2,0,0,0,0,0,2
1783,3,3,0.9428090415820634,2,0,2,1,0,0,0,0,3
1784,8,8,0.8660254037844386,3,2,7,6,0,0,0,1,14
1785,3,3,0.9428090415820634,2,0,2,0,0,0,0,0,2
1786,17,17,0.7624400821656306,14,0,41,28,26,4,0,0,99
1787,12,12,0.8498365855987975,7,0,26,21,15,2,0,0,64
1788,3,3,0.9428090415820634,2,0,2,0,0,0,0,0,2
1789,2,2,1.0,1,0,1,0,0,0,0,0,1
1790,3,3,0.4714045207910317,2,0,3,1,0,0,0,0,4
1791,6,6,0.0,5,0,8,6,2,1,0,0,17
1792,2,2,1.0,1,0,1,0,0,0,0,0,1
1793,3,3,0.9428090415820634,2,0,2,0,0,0,0,0,2
1794,2,2,0.5,1,0,2,1,0,0,0,0,3
1795,2,2,0.0,1,0,3,3,0,0,0,0,6
1796,3,3,0.9428090415820634,2,0,3,0,0,0,0,1,4
1797,2,2,0.0,1,0,1,0,0,0,0,0,1
1798,2,2,0.0,1,0,1,0,0,0,0,0,1
1799,8,8,0.9270248108869579,3,0,9,1,1,0,0,1,12
1800,1,1,0.0,0,0,1,0,0,0,0,0,1
1801,1,1,0.0,0,0,2,1,0,0,0,0,3
1802,1,1,0.0,0,0,1,0,0,0,0,0,1
1803,6,6,0.37267799624996495,4,1,12,11,3,1,0,3,30
1804,2,2,1.0,0,0,1,0,0,0,0,0,1
1805,4,4,0.0,3,0,9,5,0,0,0,0,14
1806,3,3,0.9428090415820634,2,0,6,3,0,0,0,0,9
1807,8,8,0.6614378277661477,7,0,9,8,0,0,0,6,23
1808,1,1,0.0,0,0,1,0,0,0,0,0,1
1809,3,3,0.0,2,0,2,0,0,0,0,0,2
1810,3,3,0.4714045207910317,1,0,5,4,1,0,0,1,11
1811,1,1,0.0,0,0,1,0,0,0,0,0,1
1812,2,2,0.5,1,0,2,1,0,0,0,0,3
1813,2,2,0.5,1,0,2,1,0,0,0,0,3
1814,2,2,0.0,1,0,3,1,0,0,0,0,4
1815,3,3,0.816496580927726,1,0,3,0,0,0,0,1,4
1816,15,15,0.8692269873603532,9,2,19,12,6,6,0,18,61
1817,6,6,0.37267799624996495,5,0,21,19,9,4,10,55,117
1818,1,1,0.0,0,0,3,0,0,0,0,0,3
1819,2,2,0.5,1,0,2,1,0,0,0,0,3
1820,2,2,1.0,1,0,1,0,0,0,0,0,1
1821,1,1,0.0,0,0,1,0,0,0,0,0,1
1822,1,1,0.0,0,0,1,0,0,0,0,0,1
1823,1,1,0.0,0,0,1,0,0,0,0,0,1
1824,3,3,0.9428090415820634,2,0,2,1,0,0,0,0,3
1825,2,2,1.0,1,0,1,0,0,0,0,0,1
1826,3,3,0.9428090415820634,2,0,2,1,0,0,0,0,3
1827,2,2,0.5,1,0,2,0,0,0,0,0,2
1828,2,2,1.0,0,0,1,0,0,0,0,0,1
1829,7,7,0.0,6,0,19,20,5,1,0,26,71
1830,4,4,0.8660254037844386,2,0,3,1,0,0,0,0,4
1831,1,1,0.0,0,0,1,0,0,0,0,0,1
1832,4,4,0.82915619758885,1,1,5,3,1,1,0,1,11
1833,3,3,0.9428090415820634,2,0,2,0,0,0,0,0,2
1834,1,1,0.0,0,0,1,0,0,0,0,0,1
1835,3,3,0.9428090415820634,2,0,2,1,0,0,0,0,3
1836,2,2,1.0,1,0,1,0,0,0,0,0,1
1837,2,2,0.0,1,0,1,0,0,0,0,0,1
1838,7,7,0.7284313590846836,4,0,9,7,0,1,0,3,20
1839,2,2,0.5,1,0,4,2,1,0,0,3,10
1840,2,2,1.0,1,0,1,0,0,0,0,0,1
1841,1,1,0.0,0,0,2,1,0,0,0,0,3
1842,1,1,0.0,0,0,1,0,0,0,0,0,1
1843,2,2,0.5,1,0,4,2,1,0,0,2,9
1844,10,10,0.806225774829855,7,0,12,4,3,3,0,0,22
1845,2,2,1.0,1,0,1,0,0,0,0,0,1
1846,1,1,0.0,0,0,1,0,0,0,0,0,1
1847,6,6,0.8975274678557507,3,0,6,0,1,1,0,1,9
1848,1,1,0.0,0,0,2,1,0,0,0,0,3
1849,1,1,0.0,0,0,2,1,0,0,0,0,3
1850,4,4,0.4330127018922193,3,0,5,0,0,0,0,0,5
1851,1,1,0.0,0,0,1,0,0,0,0,0,1
1852,2,2,1.0,1,0,3,3,0,0,0,0,6
1853,1,1,0.0,0,0,2,1,0,0,0,0,3
1854,2,2,1.0,1,0,3,3,0,0,0,0,6
1855,2,2,1.0,1,0,3,3,0,0,0,0,6
1856,1,1,0.0,0,0,1,0,0,0,0,0,1
1857,1,1,0.0,0,0,2,1,0,0,0,0,3
1858,2,2,1.0,1,0,1,0,0,0,0,0,1
1859,4,4,0.8660254037844386,3,0,5,0,0,0,0,0,5
1860,2,2,1.0,1,0,1,0,0,0,0,0,1
1861,2,2,1.0,1,0,1,0,0,0,0,0,1
1862,2,2,1.0,1,0,1,0,0,0,0,0,1
1863,2,2,1.0,1,0,1,0,0,0,0,0,1
1864,2,2,0.0,1,0,1,0,0,0,0,0,1
1865,3,3,0.9428090415820634,2,0,2,1,0,0,0,0,3
1866,3,3,0.9428090415820634,2,0,2,1,0,0,0,0,3
1867,2,2,0.5,1,0,2,0,0,0,0,0,2
1868,1,1,0.0,0,0,1,0,0,0,0,0,1
1869,1,1,0.0,0,0,1,0,0,0,0,0,1
1870,3,3,0.9428090415820634,2,0,2,1,0,0,0,0,3
1871,1,1,0.0,0,0,1,0,0,0,0,0,1
1872,3,3,0.4714045207910317,2,0,5,1,0,0,0,0,6
1873,8,8,0.8660254037844386,6,0,12,7,6,3,0,4,32
1874,1,1,0.0,0,0,1,0,0,0,0,0,1
1875,3,3,0.9428090415820634,2,0,2,1,0,0,0,0,3
1876,1,1,0.0,0,0,1,0,0,0,0,0,1
1877,1,1,0.0,0,0,1,0,0,0,0,0,1
1878,2,2,0.0,1,0,1,0,0,0,0,0,1
1879,2,2,1.0,1,0,1,0,0,0,0,0,1
1880,2,2,1.0,1,0,1,0,0,0,0,0,1
1881,2,2,1.0,0,0,1,0,0,0,0,0,1
1882,2,2,0.0,1,0,1,0,0,0,0,0,1
1883,2,2,0.5,1,0,3,0,0,0,0,0,2
1884,2,2,1.0,1,0,1,0,0,0,0,0,1
1885,3,3,0.4714045207910317,0,1,2,1,0,0,0,0,3
1886,1,1,0.0,0,0,1,0,0,0,0,0,1
1887,2,2,0.5,1,0,3,0,0,0,0,0,2
1888,2,2,1.0,1,0,1,0,0,0,0,0,1
1889,2,2,0.0,1,0,1,0,0,0,0,0,1
1890,1,1,0.0,0,0,1,0,0,0,0,0,1
1891,2,2,0.5,1,0,2,1,0,0,0,0,3
1892,3,3,0.816496580927726,1,0,3,1,0,0,0,0,4
1893,3,3,0.816496580927726,1,0,3,1,0,0,0,0,4
1894,3,3,0.816496580927726,1,0,3,1,0,0,0,0,4
1895,2,2,0.5,1,0,2,1,0,0,0,0,3
1896,10,10,0.0,9,0,20,32,21,9,0,0,82
1897,5,5,0.0,4,0,12,28,18,6,0,0,64
1898,2,2,1.0,1,0,1,0,0,0,0,0,1
1899,2,2,1.0,1,0,1,0,0,0,0,0,1
1900,1,1,0.0,0,0,1,0,0,0,0,0,1
1901,1,1,0.0,0,0,1,0,0,0,0,0,1
1902,1,1,0.0,0,0,1,0,0,0,0,0,1
1903,2,2,1.0,1,0,1,0,0,0,0,0,1
1904,2,2,0.5,1,0,2,0,0,1,0,0,3
1905,1,1,0.0,0,0,1,0,0,0,0,0,1
1906,2,2,0.5,0,1,1,0,0,0,0,0,1
1907,2,2,1.0,1,0,1,0,0,0,0,0,1
1908,9,9,0.8314794192830981,7,0,32,30,10,3,0,0,71
1909,1,1,0.0,0,0,1,0,0,0,0,0,1
1910,3,3,0.4714045207910317,2,0,3,0,0,0,0,0,3
1911,2,2,0.0,1,0,1,0,0,0,0,0,1
1912,3,3,0.9428090415820634,2,0,2,0,0,0,0,0,2
1913,3,3,0.9428090415820634,2,0,2,0,0,0,0,0,2
1914,5,5,0.9797958971132712,3,0,6,3,0,0,0,0,9
1915,2,2,1.0,1,0,1,0,0,0,0,0,1
1916,2,2,1.0,1,0,1,0,0,0,0,0,1
1917,2,2,0.0,1,0,1,0,0,0,0,0,1
1918,2,2,1.0,1,0,1,0,0,0,0,0,1
1919,2,2,0.5,1,0,3,0,0,0,0,0,2
1920,2,2,0.5,1,0,3,0,0,0,0,0,2
1921,2,2,0.5,1,0,3,0,0,0,0,0,2
1922,3,3,0.9428090415820634,2,0,3,0,0,0,0,0,3
1923,17,17,0.5455069703232767,14,0,39,41,20,2,0,0,102
1924,2,2,1.0,0,0,1,0,0,0,0,0,1
1925,1,1,0.0,0,0,1,0,0,0,0,0,1
1926,1,1,0.0,0,0,1,0,0,0,0,0,1
1927,2,2,1.0,1,0,1,0,0,0,0,0,1
1928,2,2,1.0,1,0,1,0,0,0,0,0,1
1929,2,2,1.0,1,0,1,0,0,0,0,0,1
1930,2,2,1.0,1,0,1,0,0,0,0,0,1
1931,5,5,0.8,3,0,7,4,7,3,2,2,25
1932,5,5,0.8,3,0,7,1,2,1,2,2,15
1933,26,26,0.48192169562083337,22,0,49,75,14,11,21,155,325
1934,2,2,0.0,1,0,1,0,0,0,0,0,1
1935,2,2,1.0,0,0,1,0,0,0,0,0,1
1936,2,2,1.0,1,0,4,1,1,1,0,0,6
1937,2,2,1.0,0,0,1,0,0,0,0,0,1
1938,2,2,0.5,0,1,1,0,0,0,0,0,1
1939,1,1,0.0,0,0,1,0,0,0,0,0,1
1940,4,4,1.0,2,0,3,0,1,0,0,0,4
1941,4,4,0.4330127018922193,3,0,7,4,0,0,0,6,17
1942,3,3,0.4714045207910317,2,0,7,1,0,0,0,3,11
1943,11,11,0.0,10,0,30,39,11,1,0,91,172
1944,3,3,0.4714045207910317,0,1,2,1,0,0,0,0,3
1945,1,1,0.0,0,0,1,0,0,0,0,0,1
1946,2,2,1.5,1,0,1,0,0,0,0,0,1
1947,2,2,1.0,1,0,1,0,0,0,0,0,1
1948,2,2,1.0,1,0,1,0,0,0,0,0,1
1949,20,20,0.4330127018922193,14,0,32,29,38,23,8,15,143
1950,5,5,0.4898979485566356,4,0,7,4,1,1,0,0,12
1951,2,2,0.0,1,0,3,1,0,0,0,0,4
1952,1,1,0.0,0,0,1,0,0,0,0,0,1
1953,9,9,0.6849348892187751,6,0,14,17,10,6,0,19,66
1954,4,4,1.0,2,0,3,0,0,1,0,0,4
1955,4,4,0.82915619758885,2,0,5,2,0,1,0,1,8
1956,1,1,0.0,0,0,1,0,0,0,0,0,1
1957,3,3,0.4714045207910317,1,0,3,1,0,0,0,1,5
1958,1,1,0.0,0,0,1,0,0,0,0,0,1
1959,2,2,1.0,1,0,1,0,0,0,0,0,1
1960,5,5,0.4,3,0,6,3,0,0,0,0,9
1961,3,3,0.9428090415820634,1,0,2,0,0,0,0,0,2
1962,13,13,0.8426500884694863,9,0,23,68,26,6,0,0,123
1963,2,2,0.5,0,0,2,0,0,0,0,0,2
1964,2,2,0.0,1,0,1,0,0,0,0,0,1
1965,2,2,0.5,1,0,2,1,0,0,0,0,3
1966,2,2,1.0,1,0,1,0,0,0,0,0,1
1967,2,2,1.0,1,0,1,0,0,0,0,0,1
1968,2,2,1.0,1,0,1,0,0,0,0,0,1
1969,2,2,0.0,1,0,1,0,0,0,0,0,1
1970,1,1,0.0,0,0,1,0,0,0,0,0,1
1971,1,1,0.0,0,0,1,0,0,0,0,0,1
1972,2,2,0.0,1,0,1,0,0,0,0,0,1
1973,2,2,1.0,1,0,1,0,0,0,0,0,1
1974,1,1,0.0,0,0,1,0,0,0,0,0,1
1975,1,1,0.0,0,0,1,0,0,0,0,0,1
1976,3,3,0.9428090415820634,1,0,2,1,0,0,0,0,3
1977,5,5,0.9797958971132712,3,0,4,4,1,0,0,0,9
1978,7,7,0.7284313590846836,5,0,15,6,0,0,0,0,18
1979,10,10,0.8,6,0,18,39,8,0,0,0,65
1980,1,1,0.0,0,0,1,0,0,0,0,0,1
1981,2,2,0.0,1,0,1,0,0,0,0,0,1
1982,2,2,1.0,0,0,1,0,0,0,0,0,1
1983,9,9,0.31426968052735443,7,0,21,35,15,0,0,0,71
1984,9,9,0.6666666666666666,7,0,15,4,2,2,0,0,20
1985,8,8,0.7071067811865476,5,0,10,4,7,0,0,0,21
1986,1,1,0.0,0,0,1,0,0,0,0,0,1
1987,1,1,0.0,0,0,1,0,0,0,0,0,1
1988,1,1,0.0,0,0,1,0,0,0,0,0,1
1989,8,8,0.6959705453537527,6,0,15,3,1,1,0,0,17
1990,12,12,0.5951190357119042,10,0,21,13,0,0,0,0,31
1991,19,19,0.6359497880839249,15,0,45,46,18,0,0,21,129
1992,2,2,1.0,1,0,1,0,0,0,0,0,1
1993,2,2,1.0,1,0,1,0,0,0,0,0,1
1994,2,2,0.5,1,0,2,1,0,0,0,0,3
1995,2,2,0.5,1,0,2,1,0,0,0,0,3
1996,9,9,0.8314794192830981,7,0,12,3,0,0,0,1,16
1997,14,14,0.6998542122237652,11,0,31,26,15,1,0,1,71
1998,1,1,0.0,0,0,2,0,0,0,0,0,1
1999,1,1,0.0,0,0,1,0,0,0,0,0,1
2000,1,1,0.0,0,0,1,0,0,0,0,0,1
2001,3,3,0.9428090415820634,1,0,2,0,0,0,0,0,2
2002,2,2,1.0,0,0,1,0,0,0,0,0,1
2003,10,10,0.6,9,0,14,12,3,0,0,0,28
2004,1,1,0.0,0,0,1,0,0,0,0,0,1
2005,2,2,1.0,1,0,1,0,0,0,0,0,1
2006,2,2,1.0,1,0,1,0,0,0,0,0,1
2007,2,2,1.0,1,0,1,0,0,0,0,0,1
2008,2,2,1.0,1,0,1,0,0,0,0,0,1
2009,2,2,1.0,1,0,1,0,0,0,0,0,1
2010,2,2,1.0,1,0,1,0,0,0,0,0,1
2011,15,15,0.49888765156985887,1,0,14,0,0,0,0,91,105
2012,1,1,0.0,0,0,1,0,0,0,0,0,1
2013,1,1,0.0,0,0,1,0,0,0,0,0,1
2014,2,2,1.0,1,0,1,0,0,0,0,0,1
2015,1,1,0.0,0,0,1,0,0,0,0,0,1
2016,1,1,0.0,0,0,1,0,0,0,0,0,1
2017,4,4,0.5,2,0,5,3,1,1,0,0,10
2018,2,2,1.0,1,0,1,0,0,0,0,0,1
2019,2,2,0.0,0,1,2,0,1,0,0,0,3
2020,2,2,1.0,1,0,1,0,0,0,0,0,1
2021,2,2,1.0,1,0,1,0,0,0,0,0,1
2022,15,15,0.49888765156985887,1,0,14,0,0,0,0,91,105
2023,2,2,1.0,1,0,1,0,0,0,0,0,1
2024,3,3,0.816496580927726,1,1,2,1,0,0,0,0,3
2025,2,2,0.0,0,1,2,0,1,0,0,0,3
2026,2,2,1.0,1,0,1,0,0,0,0,0,1
2027,3,3,0.816496580927726,1,1,2,0,1,0,0,0,3
2028,1,1,0.0,0,0,2,1,0,0,0,0,3
2029,2,2,1.0,1,0,1,0,0,0,0,0,1
2030,2,2,0.5,0,1,1,0,0,0,0,0,1
2031,2,2,1.0,1,0,1,0,0,0,0,0,1
2032,2,2,0.5,1,1,1,0,0,0,0,0,1
2033,2,2,1.0,1,0,1,0,0,0,0,0,1
2034,2,2,0.5,1,1,1,0,0,0,0,0,1
2035,2,2,1.0,1,0,1,0,0,0,0,0,1
2036,2,2,0.5,1,1,1,0,0,0,0,0,1
2037,2,2,1.0,1,0,1,0,0,0,0,0,1
2038,2,2,0.5,1,1,1,0,0,0,0,0,1
2039,2,2,1.0,1,0,1,0,0,0,0,0,1
2040,2,2,0.5,1,1,1,0,0,0,0,0,1
2041,2,2,1.0,1,0,1,0,0,0,0,0,1
2042,2,2,1.0,1,0,1,0,0,0,0,0,1
2043,2,2,1.0,1,0,1,0,0,0,0,0,1
2044,3,3,0.9428090415820634,2,0,2,1,0,0,0,0,3
2045,11,11,0.5749595745760689,1,0,10,0,0,0,0,45,55
2046,10,10,0.6,1,0,9,0,0,0,0,36,45
2047,2,2,0.5,0,1,1,0,0,0,0,0,1
2048,2,2,0.5,1,0,2,0,0,0,0,0,2
2049,2,2,0.0,1,0,3,1,0,0,0,0,4
2050,2,2,1.0,1,0,1,0,0,0,0,0,1
2051,9,9,0.6285393610547089,1,0,8,0,0,0,0,28,36
2052,2,2,1.0,1,0,1,0,0,0,0,0,1
2053,2,2,1.0,1,0,1,0,0,0,0,0,1
2054,12,12,0.5527707983925667,1,0,11,0,0,0,0,55,66
2055,2,2,1.0,1,0,1,0,0,0,0,0,1
2056,2,2,1.0,1,0,1,0,0,0,0,0,1
2057,2,2,1.0,1,0,1,0,0,0,0,0,1
2058,2,2,1.0,1,0,1,0,0,0,0,0,1
2059,2,2,1.0,1,0,1,0,0,0,0,0,1
2060,2,2,1.0,1,0,1,0,0,0,0,0,1
2061,13,13,0.532938710021193,1,0,12,0,0,0,0,66,78
2062,14,14,0.5150787536377128,1,0,13,0,0,0,0,78,91
2063,2,2,0.0,0,0,1,0,0,0,0,0,1
2064,2,2,0.0,0,0,1,0,0,0,0,0,1
2065,7,7,0.8329931278350429,3,2,8,4,1,0,0,3,16
2066,2,2,0.0,0,1,2,0,1,0,0,0,3
2067,2,2,1.0,1,0,1,0,0,0,0,0,1
2068,4,4,1.0,2,0,3,3,0,0,0,0,6
2069,2,2,1.0,1,0,1,0,0,0,0,0,1
2070,13,13,0.532938710021193,1,0,12,0,0,0,0,66,78
2071,2,2,1.0,1,0,1,0,0,0,0,0,1
2072,2,2,0.5,1,1,1,0,0,0,0,0,1
2073,12,12,0.5527707983925667,1,0,11,0,0,0,0,55,66
2074,4,4,0.5,2,0,5,3,1,1,0,0,10
2075,2,2,1.0,1,0,1,0,0,0,0,0,1
2076,2,2,0.5,1,1,1,0,0,0,0,0,1
2077,2,2,1.0,1,0,1,0,0,0,0,0,1
2078,14,14,0.5150787536377128,1,0,13,0,0,0,0,78,91
2079,4,4,0.82915619758885,2,0,4,1,0,0,0,0,5
2080,6,6,0.9428090415820634,4,0,11,13,4,0,0,0,28
2081,2,2,0.0,1,0,1,0,0,0,0,0,1
2082,3,3,0.9428090415820634,1,0,2,0,0,0,0,0,2
2083,42,42,0.5134252060201863,35,0,65,310,95,8,0,0,478
2084,2,2,1.0,1,0,1,0,0,0,0,0,1
2085,57,57,0.5441425410270464,50,0,96,275,99,25,0,19,514
2086,2,2,1.0,1,0,1,0,0,0,0,0,1
2087,2,2,1.0,1,0,1,0,0,0,0,0,1
2088,3,3,0.9428090415820634,1,0,2,0,0,0,0,1,3
2089,2,2,1.0,1,0,1,0,0,0,0,0,1
2090,2,2,1.0,1,0,1,0,0,0,0,0,1
2091,2,2,1.0,1,0,1,0,0,0,0,0,1
2092,3,3,0.9428090415820634,1,0,2,0,0,0,0,1,3
2093,2,2,1.0,1,0,1,0,0,0,0,0,1
2094,3,3,0.9428090415820634,1,0,2,0,0,0,0,1,3
2095,3,3,0.9428090415820634,1,0,2,0,0,0,0,1,3
2096,3,3,0.9428090415820634,1,0,2,0,0,0,0,1,3
2097,3,3,0.9428090415820634,1,0,2,0,0,0,0,1,3
2098,3,3,0.9428090415820634,1,0,2,0,0,0,0,1,3
2099,3,3,0.9428090415820634,1,0,2,0,0,0,0,1,3
2100,2,2,1.0,1,0,1,0,0,0,0,0,1
2101,2,2,0.0,1,0,1,0,0,0,0,0,1
2102,2,2,0.0,1,0,1,0,0,0,0,0,1
2103,2,2,0.5,1,0,2,1,0,0,0,0,3
2104,2,2,0.5,1,0,2,1,0,0,0,0,3
2105,2,2,0.5,1,0,2,1,0,0,0,0,3
2106,2,2,0.5,1,0,2,1,0,0,0,0,3
2107,2,2,0.0,1,0,1,0,0,0,0,0,1
2108,2,2,0.5,1,0,2,1,0,0,0,0,3
2109,2,2,0.5,1,0,2,1,0,0,0,0,3
2110,8,8,0.9270248108869579,4,0,8,4,3,3,0,0,18
2111,2,2,0.0,1,0,1,0,0,0,0,0,1
2112,3,3,0.9428090415820634,1,0,2,0,0,0,0,1,3
2113,3,3,0.9428090415820634,1,0,2,0,0,0,0,1,3
2114,2,2,1.0,1,0,1,0,0,0,0,0,1
2115,2,2,1.0,1,0,1,0,0,0,0,0,1
2116,2,2,1.0,1,0,1,0,0,0,0,0,1
2117,2,2,1.0,1,0,1,0,0,0,0,0,1
2118,4,4,0.8660254037844386,1,0,3,0,0,0,0,3,6
2119,2,2,1.0,1,0,1,0,0,0,0,0,1
2120,3,3,0.9428090415820634,1,0,2,0,0,0,0,1,3
2121,3,3,0.9428090415820634,1,0,2,0,0,0,0,1,3
2122,3,3,0.9428090415820634,1,0,2,0,0,0,0,1,3
2123,3,3,0.9428090415820634,1,0,2,0,0,0,0,1,3
2124,2,2,1.0,1,0,1,0,0,0,0,0,1
2125,3,3,0.9428090415820634,1,0,2,0,0,0,0,1,3
2126,2,2,1.0,1,0,1,0,0,0,0,0,1
2127,2,2,1.0,1,0,1,0,0,0,0,0,1
2128,2,2,1.0,1,0,1,0,0,0,0,0,1
2129,2,2,1.0,1,0,1,0,0,0,0,0,1
2130,3,3,0.9428090415820634,1,0,2,0,0,1,0,0,3
2131,3,3,0.9428090415820634,1,0,2,0,0,1,0,0,3
2132,31,31,0.46968450898583985,26,0,61,243,97,6,0,0,407
2133,27,27,0.4475202212442434,24,0,55,243,96,6,0,0,400
2134,2,2,0.0,1,0,1,0,0,0,0,0,1
2135,29,29,0.6578891044254798,22,0,54,367,109,6,0,0,536
2136,7,7,0.8806305718527109,4,0,7,2,0,0,0,1,10
2137,5,5,0.8,3,0,5,2,0,0,0,1,8
2138,5,5,0.9797958971132712,3,0,4,1,1,1,0,0,7
2139,34,34,0.708329092870135,29,0,56,300,91,4,0,0,451
2140,35,35,0.6577636818983622,29,0,56,302,91,6,0,0,455
2141,2,2,0.0,1,0,1,0,0,0,0,0,1
2142,2,2,1.0,1,0,1,0,0,0,0,0,1
2143,44,44,0.4040088371507086,39,0,76,97,49,23,0,116,361
2144,2,2,1.0,1,0,1,0,0,0,0,0,1
2145,2,2,1.0,1,0,1,0,0,0,0,0,1
2146,2,2,1.0,1,0,1,0,0,0,0,0,1
2147,2,2,1.0,1,0,1,0,0,0,0,0,1
2148,3,3,0.9428090415820634,1,0,2,0,0,0,0,1,3
2149,2,2,1.0,1,0,1,0,0,0,0,0,1
2150,2,2,1.0,1,0,1,0,0,0,0,0,1
2151,3,3,0.9428090415820634,1,0,2,0,0,0,0,1,3
2152,29,29,0.5932638115201812,22,0,55,383,117,6,0,0,561
2153,2,2,1.0,1,0,1,0,0,0,0,0,1
2154,3,3,0.9428090415820634,1,0,2,0,0,0,0,1,3
2155,2,2,1.0,1,0,1,0,0,0,0,0,1
2156,3,3,0.9428090415820634,1,0,2,0,0,0,0,1,3
2157,2,2,1.0,1,0,1,0,0,0,0,0,1
2158,5,5,0.8,1,0,4,0,0,0,0,6,10
2159,2,2,1.0,1,0,1,0,0,0,0,0,1
2160,3,3,0.9428090415820634,1,0,2,0,0,0,0,1,3
2161,2,2,1.0,1,0,1,0,0,0,0,0,1
2162,3,3,0.9428090415820634,1,0,2,0,0,0,0,1,3
2163,2,2,1.0,1,0,1,0,0,0,0,0,1
2164,2,2,1.0,1,0,1,0,0,0,0,0,1
2165,2,2,1.0,1,0,1,0,0,0,0,0,1
2166,2,2,1.0,1,0,1,0,0,0,0,0,1
2167,2,2,1.0,1,0,1,0,0,0,0,0,1
2168,5,5,0.4,4,0,7,3,0,0,0,8,18
2169,6,6,0.7637626158259734,4,0,8,6,3,1,0,12,30
2170,6,6,0.9428090415820634,4,0,11,13,4,0,0,0,28
2171,18,18,0.6666666666666666,14,0,24,75,26,4,0,0,129
2172,2,2,1.0,1,0,1,0,0,0,0,0,1
2173,7,7,0.7284313590846836,5,0,9,5,2,1,0,12,29
2174,3,3,0.9428090415820634,1,0,2,0,0,0,0,0,2
2175,3,3,0.9428090415820634,1,0,2,0,0,0,0,0,2
2176,3,3,0.9428090415820634,1,0,2,0,0,0,0,0,2
2177,3,3,0.4714045207910317,1,0,3,1,1,1,0,0,6
2178,3,3,0.9428090415820634,1,0,2,0,0,0,0,0,2
2179,3,3,0.9428090415820634,1,0,2,0,0,0,0,0,2
2180,3,3,0.9428090415820634,1,0,2,0,0,0,0,0,2
2181,3,3,0.4714045207910317,1,0,3,1,0,0,0,0,4
2182,7,7,0.7284313590846836,5,0,7,4,2,1,0,4,18
2183,2,2,1.0,1,0,1,0,0,0,0,0,1
2184,2,2,0.0,1,0,1,0,0,0,0,0,1
2185,4,4,0.8660254037844386,2,0,3,0,0,1,0,0,4
2186,1,1,0.0,0,0,2,0,0,0,0,1,3
2187,71,71,0.381063359393484,66,0,127,249,159,68,0,167,770
2188,2,2,0.0,1,0,1,0,0,0,0,0,1
2189,2,2,1.0,1,0,2,0,0,0,0,0,1
2190,2,2,0.0,1,0,1,0,0,0,0,0,1
2191,3,3,0.9428090415820634,1,0,2,0,0,0,0,0,2
2192,2,2,1.0,1,0,1,0,0,0,0,0,1
2193,5,5,0.8,3,0,5,2,0,0,0,1,8
2194,5,5,0.8,3,0,5,2,0,0,0,1,8
2195,2,2,0.0,1,0,1,0,0,0,0,0,1
2196,11,11,0.5749595745760689,10,0,11,11,3,2,0,0,27
2197,38,38,0.4685393109148646,35,0,66,294,108,7,0,0,475
2198,34,34,0.5128116404165498,30,0,57,294,106,7,0,0,464
2199,2,2,1.0,1,0,1,0,0,0,0,0,1
2200,3,3,0.9428090415820634,1,0,2,0,0,0,0,1,3
2201,3,3,0.9428090415820634,1,0,2,0,0,0,0,1,3
2202,2,2,1.0,1,0,1,0,0,0,0,0,1
2203,2,2,1.0,1,0,1,0,0,0,0,0,1
2204,2,2,1.0,1,0,1,0,0,0,0,0,1
2205,2,2,1.0,1,0,1,0,0,0,0,0,1
2206,2,2,1.0,1,0,1,0,0,0,0,0,1
2207,2,2,0.0,1,0,1,0,0,0,0,0,1
2208,3,3,0.9428090415820634,1,0,2,0,0,0,0,1,3
2209,3,3,0.9428090415820634,1,0,2,0,0,0,0,1,3
2210,3,3,0.9428090415820634,1,0,2,0,0,0,0,1,3
2211,3,3,0.9428090415820634,1,0,2,0,0,0,0,1,3
2212,3,3,0.9428090415820634,1,0,2,0,0,0,0,1,3
2213,3,3,0.9428090415820634,1,0,2,0,0,0,0,1,3
2214,2,2,1.0,1,0,1,0,0,0,0,0,1
2215,2,2,1.0,1,0,1,0,0,0,0,0,1
2216,2,2,0.0,1,0,1,0,0,0,0,0,1
2217,2,2,0.0,1,0,1,0,0,0,0,0,1
2218,2,2,0.0,1,0,1,0,0,0,0,0,1
2219,5,5,0.4898979485566356,3,0,6,5,3,1,0,1,16
2220,2,2,0.5,1,0,2,1,0,0,0,0,3
2221,2,2,0.5,1,0,2,1,0,0,0,0,3
2222,2,2,0.0,1,0,1,0,0,0,0,0,1
2223,2,2,0.5,1,0,2,1,0,0,0,0,3
2224,2,2,0.5,1,0,2,1,0,0,0,0,3
2225,8,8,0.9270248108869579,4,0,8,4,3,3,0,0,18
2226,2,2,0.0,1,0,1,0,0,0,0,0,1
2227,2,2,1.0,1,0,1,0,0,0,0,0,1
2228,2,2,0.0,1,0,1,0,0,0,0,0,1
2229,2,2,0.0,1,0,1,0,0,0,0,0,1
2230,22,22,0.7820295697311479,16,0,29,110,36,5,0,0,180
2231,2,2,0.0,1,0,1,0,0,0,0,0,1
2232,18,18,0.6502611061510902,15,0,26,83,12,1,0,0,122
2233,27,27,0.4475202212442434,24,0,55,243,96,6,0,0,400
2234,32,32,0.7880950133074057,24,0,53,271,105,8,0,0,437
2235,3,3,0.9428090415820634,1,0,2,0,0,0,0,0,2
2236,2,2,0.0,1,0,1,0,0,0,0,0,1
2237,2,2,0.0,1,0,1,0,0,0,0,0,1
2238,3,3,0.0,2,0,2,0,0,0,0,0,2
2239,2,2,0.0,1,0,1,0,0,0,0,0,1
2240,2,2,0.5,1,0,2,0,0,0,0,1,3
2241,35,35,0.6663945022680343,28,0,58,245,45,3,0,0,351
2242,34,34,0.5302281287447043,29,0,56,307,88,4,0,0,455
2243,4,4,0.8660254037844386,2,0,3,0,0,1,0,0,4
2244,3,3,0.9428090415820634,2,0,2,0,0,0,0,0,2
2245,11,11,0.7820295697311479,7,0,13,30,7,1,0,0,51
2246,34,34,0.5302281287447043,29,0,56,307,88,4,0,0,455
2247,2,2,1.0,1,0,1,0,0,0,0,0,1
2248,2,2,0.0,1,0,1,0,0,0,0,0,1
2249,1,1,0.0,0,0,1,0,0,0,0,0,1
2250,3,3,0.4714045207910317,1,0,3,1,0,0,0,0,4
2251,2,2,0.5,1,0,2,1,0,0,0,0,3
2252,12,12,0.6236095644623235,9,0,16,38,8,1,0,0,63
2253,13,13,0.737820234355803,10,0,16,38,8,1,0,0,63
2254,13,13,0.737820234355803,10,0,16,38,8,1,0,0,63
2255,3,3,0.9428090415820634,1,0,2,0,0,0,0,0,2
2256,12,12,0.7453559924999299,10,0,17,41,8,1,0,0,67
2257,2,2,1.0,1,0,2,0,0,0,0,0,1
2258,2,2,0.0,1,0,1,0,0,0,0,0,1
2259,7,7,0.7284313590846836,5,0,7,9,3,1,0,0,20
2260,4,4,0.4330127018922193,2,0,4,0,1,1,0,0,6
2261,7,7,0.7284313590846836,5,0,7,9,3,1,0,0,20
2262,3,3,0.9428090415820634,2,0,2,1,0,0,0,0,3
2263,16,16,0.9164298936634487,10,1,30,11,12,0,0,11,64
2264,2,2,0.5,1,1,1,0,0,0,0,0,1
2265,17,17,0.9411764705882353,10,1,32,11,12,0,0,11,66
2266,3,3,0.9428090415820634,1,0,2,0,0,0,0,0,2
2267,2,2,0.5,1,0,2,1,0,0,0,0,3
2268,1,1,0.0,0,0,1,0,0,0,0,0,1
2269,1,1,0.0,0,0,1,0,0,0,0,0,1
2270,1,1,0.0,0,0,1,0,0,0,0,0,1
2271,2,2,0.0,1,0,3,2,0,0,0,1,6
2272,2,2,0.5,1,0,2,0,0,0,0,0,2
2273,6,6,0.9428090415820634,4,0,11,13,4,0,0,0,28
2274,1,1,0.0,0,0,2,0,0,0,0,0,1
2275,39,39,0.6975113081402792,19,9,75,138,98,25,63,264,660
2276,18,18,0.7637626158259734,12,0,24,75,26,4,0,0,129
2277,17,17,0.6809315825170721,8,4,27,23,11,1,0,36,98
2278,3,3,1.247219128924647,2,1,2,1,0,0,0,0,3
2279,35,35,0.6477590885002648,19,9,77,149,95,18,62,263,661
2280,31,31,0.649981989664835,22,4,47,24,18,4,0,110,203
2281,1,1,0.0,0,0,2,1,0,0,0,0,3
2282,1,1,0.0,0,0,2,1,0,0,0,0,3
2283,2,2,0.5,1,1,1,0,0,0,0,0,1
2284,2,2,0.5,1,0,2,1,0,0,0,0,3
2285,1,1,0.0,0,0,1,0,0,0,0,0,1
2286,1,1,0.0,0,0,1,0,0,0,0,0,1
2287,2,2,1.0,1,0,3,2,1,0,0,0,6
2288,29,29,0.5297341895081799,26,0,56,89,35,11,0,43,234
2289,2,2,0.0,1,0,3,2,0,0,0,1,6
2290,2,2,0.5,1,0,2,0,0,0,0,0,2
2291,6,6,0.9428090415820634,4,0,11,13,4,0,0,0,28
2292,3,3,1.247219128924647,2,1,2,1,0,0,0,0,3
2293,2,2,1.0,1,0,1,0,0,0,0,0,1
2294,2,2,1.0,1,0,1,0,0,0,0,0,1
2295,3,3,0.9428090415820634,1,0,2,0,0,1,0,0,3
2296,3,3,0.9428090415820634,1,0,2,0,0,1,0,0,3
2297,3,3,0.9428090415820634,1,0,2,0,0,0,0,1,3
2298,35,35,0.6663945022680343,28,0,66,367,113,6,0,0,552
2299,3,3,0.9428090415820634,1,0,2,0,0,0,0,1,3
2300,2,2,1.0,1,0,1,0,0,0,0,0,1
2301,3,3,0.9428090415820634,1,0,2,0,0,0,0,1,3
2302,2,2,1.0,1,0,1,0,0,0,0,0,1
2303,4,4,0.8660254037844386,1,0,3,0,0,0,0,3,6
2304,2,2,1.0,1,0,1,0,0,0,0,0,1
2305,2,2,1.0,1,0,1,0,0,0,0,0,1
2306,3,3,0.9428090415820634,1,0,2,0,0,0,0,1,3
2307,3,3,0.9428090415820634,1,0,2,0,0,0,0,1,3
2308,3,3,0.9428090415820634,1,0,2,0,0,0,0,1,3
2309,3,3,0.9428090415820634,1,0,2,0,0,0,0,1,3
2310,3,3,0.9428090415820634,1,0,2,0,0,0,0,1,3
2311,2,2,1.0,1,0,1,0,0,0,0,0,1
2312,3,3,0.9428090415820634,1,0,2,0,0,0,0,1,3
2313,2,2,1.0,1,0,1,0,0,0,0,0,1
2314,2,2,1.0,1,0,1,0,0,0,0,0,1
2315,2,2,1.0,1,0,1,0,0,0,0,0,1
2316,3,3,0.9428090415820634,1,0,2,0,0,0,0,1,3
2317,2,2,0.0,1,0,1,0,0,0,0,0,1
2318,7,7,0.8806305718527109,4,0,7,2,0,0,0,1,10
2319,5,5,0.8,3,0,5,2,0,0,0,1,8
2320,5,5,0.9797958971132712,3,0,4,1,1,1,0,0,7
2321,3,3,0.9428090415820634,1,0,2,0,0,1,0,0,3
2322,3,3,0.9428090415820634,1,0,2,0,0,0,0,0,2
2323,35,35,0.612788873986492,28,0,67,383,121,6,0,0,577
2324,18,18,0.6666666666666666,14,0,24,75,26,4,0,0,129
2325,3,3,0.9428090415820634,1,0,2,0,0,0,0,1,3
2326,2,2,1.0,1,0,1,0,0,0,0,0,1
2327,3,3,0.9428090415820634,1,0,2,0,0,0,0,1,3
2328,2,2,1.0,1,0,1,0,0,0,0,0,1
2329,2,2,1.0,1,0,1,0,0,0,0,0,1
2330,4,4,0.8660254037844386,1,0,3,0,0,0,0,3,6
2331,2,2,1.0,1,0,1,0,0,0,0,0,1
2332,2,2,0.5,1,0,2,0,0,0,0,1,3
2333,2,2,1.0,1,0,1,0,0,0,0,0,1
2334,3,3,0.9428090415820634,1,0,2,0,0,0,0,1,3
2335,3,3,0.9428090415820634,1,0,2,0,0,0,0,1,3
2336,3,3,0.9428090415820634,1,0,2,0,0,0,0,1,3
2337,3,3,0.9428090415820634,1,0,2,0,0,0,0,1,3
2338,3,3,0.9428090415820634,1,0,2,0,0,0,0,1,3
2339,2,2,1.0,1,0,1,0,0,0,0,0,1
2340,3,3,0.9428090415820634,1,0,2,0,0,0,0,1,3
2341,2,2,1.0,1,0,1,0,0,0,0,0,1
2342,2,2,1.0,1,0,1,0,0,0,0,0,1
2343,2,2,1.0,1,0,1,0,0,0,0,0,1
2344,2,2,0.0,1,0,1,0,0,0,0,0,1
2345,7,7,0.7284313590846836,4,0,8,5,3,1,0,1,18
2346,2,2,1.0,1,0,1,0,0,0,0,0,1
2347,12,12,0.8660254037844386,9,0,17,39,8,1,0,0,65
2348,12,12,0.7453559924999299,10,0,17,41,8,1,0,0,67
2349,13,13,0.737820234355803,10,0,16,38,8,1,0,0,63
2350,13,13,0.737820234355803,10,0,16,38,8,1,0,0,63
2351,36,36,0.6400954789890507,31,0,64,300,92,4,0,0,460
2352,2,2,1.0,1,0,1,0,0,0,0,0,1
2353,2,2,0.0,1,0,3,0,0,0,0,3,6
2354,2,2,1.0,1,0,1,0,0,0,0,0,1
2355,5,5,0.4898979485566356,3,0,6,5,3,1,0,1,16
2356,5,5,0.8,3,0,5,2,0,0,0,1,8
2357,3,3,0.9428090415820634,1,0,2,0,0,1,0,0,3
2358,3,3,0.9428090415820634,1,0,2,0,0,1,0,0,3
2359,36,36,0.7130832029440798,28,0,60,271,106,8,0,0,445
2360,32,32,0.7880950133074057,24,0,53,271,105,8,0,0,437
2361,2,2,1.0,1,0,1,0,0,0,0,0,1
2362,2,2,0.5,1,0,2,0,0,0,0,1,3
2363,2,2,1.0,1,0,1,0,0,0,0,0,1
2364,2,2,0.5,1,0,2,0,0,0,0,1,3
2365,2,2,1.0,1,0,1,0,0,0,0,0,1
2366,2,2,1.0,1,0,1,0,0,0,0,0,1
2367,2,2,1.0,1,0,1,0,0,0,0,0,1
2368,3,3,0.9428090415820634,1,0,2,0,0,0,0,1,3
2369,2,2,1.0,1,0,1,0,0,0,0,0,1
2370,2,2,1.0,1,0,1,0,0,0,0,0,1
2371,2,2,1.0,1,0,1,0,0,0,0,0,1
2372,2,2,1.0,1,0,1,0,0,0,0,0,1
2373,2,2,1.0,1,0,1,0,0,0,0,0,1
2374,3,3,0.9428090415820634,1,0,2,0,0,0,0,1,3
2375,3,3,0.9428090415820634,1,0,2,0,0,0,0,1,3
2376,3,3,0.9428090415820634,1,0,2,0,0,0,0,1,3
2377,2,2,1.0,1,0,1,0,0,0,0,0,1
2378,2,2,1.0,1,0,1,0,0,0,0,0,1
2379,2,2,1.0,1,0,1,0,0,0,0,0,1
2380,2,2,0.0,1,0,1,0,0,0,0,0,1
2381,7,7,0.8806305718527109,4,0,7,2,0,0,0,1,10
2382,5,5,0.8,3,0,5,2,0,0,0,1,8
2383,2,2,1.0,1,0,2,0,0,0,0,0,1
2384,5,5,0.9797958971132712,3,0,4,1,1,1,0,0,7
2385,39,39,0.4037952755903493,35,0,66,288,113,8,0,0,475
2386,2,2,1.0,1,0,1,0,0,0,0,0,1
2387,2,2,1.0,1,0,1,0,0,0,0,0,1
2388,2,2,1.0,1,0,1,0,0,0,0,0,1
2389,2,2,1.0,1,0,1,0,0,0,0,0,1
2390,2,2,0.5,1,0,2,1,0,0,0,0,3
2391,3,3,0.4714045207910317,1,0,3,1,1,0,0,0,5
2392,3,3,0.4714045207910317,1,0,3,1,0,0,0,0,4
2393,4,4,0.8660254037844386,2,0,3,0,0,3,0,0,6
2394,3,3,0.9428090415820634,1,0,2,0,0,0,0,0,2
2395,3,3,0.9428090415820634,1,0,2,0,0,0,0,0,2
2396,3,3,0.9428090415820634,1,0,2,0,0,0,0,0,2
2397,3,3,0.9428090415820634,1,0,2,0,0,0,0,0,2
2398,3,3,0.4714045207910317,1,0,3,1,1,1,0,0,6
2399,3,3,0.4714045207910317,1,0,3,1,1,0,0,0,5
2400,1,1,0.0,0,0,1,0,0,0,0,0,1
2401,4,4,0.8660254037844386,3,0,3,1,0,0,0,0,4
2402,8,8,0.4330127018922193,6,0,10,7,2,1,0,0,20
2403,8,8,0.4330127018922193,6,0,10,7,2,1,0,0,20
2404,15,15,0.5734883511361751,12,0,19,26,7,4,0,0,56
2405,3,3,0.9428090415820634,2,0,2,0,0,0,0,0,2
2406,3,3,0.9428090415820634,2,0,2,0,0,0,0,0,2
2407,2,2,0.0,1,0,1,0,0,0,0,0,1
2408,12,12,0.37267799624996495,10,0,19,22,9,2,0,0,52
2409,2,2,1.0,1,0,1,0,0,0,0,0,1
2410,2,2,1.0,1,0,1,0,0,0,0,0,1
2411,2,2,1.0,1,0,1,0,0,0,0,0,1
2412,24,24,0.5204164998665332,19,0,57,89,62,11,0,0,219
2413,11,11,0.616575453011388,9,0,11,10,0,0,0,0,21
2414,7,7,0.0,6,0,12,10,6,1,0,0,29
2415,1,1,0.0,0,0,1,0,0,0,0,0,1
2416,1,1,0.0,0,0,1,0,0,0,0,0,1
2417,1,1,0.0,0,0,1,0,0,0,0,0,1
2418,27,27,0.0,26,0,78,134,112,11,0,31,366
2419,15,15,0.24944382578492943,13,0,31,31,24,2,0,1,86
2420,2,2,1.0,1,0,6,0,1,1,0,0,5
2421,11,11,0.7713892158398701,9,0,10,14,0,0,0,0,24
2422,3,3,0.9428090415820634,2,0,2,0,0,0,0,0,2
2423,3,3,0.9428090415820634,2,0,2,0,0,0,0,0,2
2424,7,7,0.0,6,0,12,10,6,1,0,0,29
2425,7,7,0.6998542122237652,6,0,6,6,0,0,0,0,12
2426,5,5,0.8,4,0,4,2,1,1,0,0,8
2427,3,3,0.9428090415820634,2,0,2,0,0,0,0,0,2
2428,2,2,0.0,1,0,1,0,0,0,0,0,1
2429,2,2,0.0,1,0,1,0,0,0,0,0,1
2430,20,20,0.7262919523166975,16,0,36,103,23,0,0,1,163
2431,7,7,0.7284313590846836,5,0,7,7,0,0,0,0,14
2432,14,14,0.6998542122237652,11,0,31,26,15,1,0,1,71
2433,5,5,0.9797958971132712,3,0,8,3,0,0,0,0,9
2434,10,10,0.916515138991168,7,0,9,7,5,1,0,0,22
2435,26,26,0.6760921473556517,20,0,42,103,30,5,0,0,176
2436,3,3,0.9428090415820634,2,0,2,0,0,0,0,0,2
2437,3,3,0.9428090415820634,2,0,2,0,0,0,0,0,2
2438,6,6,0.7453559924999299,5,0,5,4,1,1,0,0,11
2439,7,7,0.9035079029052513,5,0,6,3,2,0,0,0,11
2440,7,7,0.0,6,0,12,10,6,1,0,0,29
2441,3,3,0.9428090415820634,2,0,2,0,0,0,0,0,2
2442,3,3,0.9428090415820634,2,0,2,0,0,0,0,0,2
2443,2,2,0.0,1,0,1,0,0,0,0,0,1
2444,2,2,1.0,1,0,1,0,0,0,0,0,1
2445,2,2,1.0,1,0,1,0,0,0,0,0,1
2446,3,3,0.0,2,0,4,1,0,0,0,1,6
2447,6,6,0.37267799624996495,5,0,6,6,0,0,0,0,12
2448,5,5,0.8,4,0,4,1,0,0,0,0,5
2449,3,3,0.9428090415820634,2,0,2,0,0,0,0,0,2
2450,2,2,1.0,1,0,1,0,0,0,0,0,1
2451,2,2,1.0,1,0,1,0,0,0,0,0,1
2452,3,3,0.4714045207910317,2,0,3,3,0,0,0,0,6
2453,2,2,1.0,1,0,1,0,0,0,0,0,1
2454,2,2,1.0,1,0,1,0,0,0,0,0,1
2455,2,2,1.0,1,0,1,0,0,0,0,0,1
2456,2,2,0.5,1,0,2,0,0,0,0,0,2
2457,2,2,1.0,0,0,1,0,0,0,0,0,1
2458,2,2,1.0,0,0,1,0,0,0,0,0,1
2459,2,2,0.0,1,0,1,0,0,0,0,0,1
2460,2,2,1.0,1,0,1,0,0,0,0,0,1
2461,5,5,0.8,4,0,7,2,1,0,0,0,10
2462,3,3,0.9428090415820634,2,0,2,0,0,0,0,0,2
2463,4,4,0.8660254037844386,3,0,3,1,0,0,0,0,4
2464,6,6,0.7637626158259734,4,0,6,5,2,1,0,0,14
2465,3,3,0.4714045207910317,2,0,3,3,0,0,0,0,6
2466,4,4,0.8660254037844386,3,0,3,1,0,0,0,0,4
2467,6,6,0.7637626158259734,4,0,6,5,2,1,0,0,14
2468,4,4,0.8660254037844386,3,0,3,1,0,0,0,0,4
2469,4,4,0.8660254037844386,3,0,3,1,0,0,0,0,4
2470,5,5,0.8,4,0,4,3,0,0,0,0,7
2471,3,3,0.9428090415820634,2,0,2,0,0,0,0,0,2
2472,7,7,0.9035079029052513,5,0,6,3,2,0,0,0,11
2473,3,3,0.9428090415820634,2,0,2,0,0,0,0,0,2
2474,5,5,0.8,4,0,4,3,0,0,0,0,7
2475,7,7,0.9035079029052513,5,0,6,3,2,0,0,0,11
2476,4,4,0.8660254037844386,3,0,3,3,0,0,0,0,6
2477,4,4,0.8660254037844386,3,0,3,3,0,0,0,0,6
2478,4,4,0.8660254037844386,3,0,3,1,0,0,0,0,4
2479,4,4,0.8660254037844386,3,0,3,3,0,0,0,0,6
2480,4,4,0.8660254037844386,3,0,3,3,0,0,0,0,6
2481,2,2,0.0,1,0,1,0,0,0,0,0,1
2482,3,3,0.0,2,0,4,1,0,0,1,0,6
2483,5,5,0.8,3,0,5,2,2,1,0,1,11
2484,3,3,0.4714045207910317,2,0,6,0,1,1,0,1,8
2485,2,2,0.0,1,0,6,1,0,1,1,1,10
2486,5,5,0.8,4,0,6,0,0,0,0,0,6
2487,2,2,0.5,0,1,1,0,0,0,0,0,1
2488,2,2,1.0,1,0,1,0,0,0,0,0,1
2489,2,2,1.0,1,0,1,0,0,0,0,0,1
2490,1,1,0.0,0,0,1,0,0,0,0,0,1
2491,6,6,0.9428090415820634,4,0,11,6,3,1,1,6,27
2492,1,1,0.0,0,0,1,0,0,0,0,0,1
2493,3,3,0.816496580927726,1,1,2,0,0,0,0,0,2
2494,1,1,0.0,0,0,1,0,0,0,0,0,1
2495,4,4,0.4330127018922193,2,0,4,3,0,0,0,0,7
2496,4,4,0.8660254037844386,3,0,3,1,0,0,0,0,4
2497,2,2,1.0,1,0,3,1,0,1,0,1,6
2498,3,3,0.9428090415820634,2,0,2,0,0,0,0,0,2
2499,2,2,0.5,1,0,2,0,0,0,0,0,2
2500,3,3,0.0,2,0,4,0,0,0,0,0,4
2501,2,2,0.0,1,0,1,0,0,0,0,0,1
2502,4,4,0.82915619758885,1,1,3,0,1,0,0,0,4
2503,3,3,0.4714045207910317,2,0,5,2,1,0,0,0,8
2504,2,2,0.5,1,0,4,2,0,0,0,3,9
2505,2,2,1.5,1,1,1,0,0,0,0,0,1
2506,2,2,0.5,1,0,2,1,0,0,0,0,3
2507,1,1,0.0,0,0,1,0,0,0,0,0,1
2508,3,3,0.9428090415820634,2,0,4,2,1,0,0,2,9
2509,5,5,0.4,3,0,6,1,0,0,0,5,12
2510,2,2,1.0,1,0,1,0,0,0,0,0,1
2511,2,2,1.0,1,0,1,0,0,0,0,0,1
2512,1,1,0.0,0,0,1,0,0,0,0,0,1
2513,1,1,0.0,0,0,1,0,0,0,0,0,1
2514,6,6,0.37267799624996495,5,0,8,10,2,1,0,2,23
2515,3,3,0.9428090415820634,2,0,3,0,0,0,0,0,3
2516,3,3,0.0,2,0,6,4,0,0,0,6,16
2517,3,3,0.4714045207910317,2,0,3,0,0,0,0,0,3
2518,3,3,0.0,2,0,5,1,0,1,0,0,7
2519,2,2,1.0,1,0,1,0,0,0,0,0,1
2520,2,2,1.0,1,0,3,2,0,0,0,1,6
2521,2,2,1.0,1,0,1,0,0,0,0,0,1
2522,7,7,0.7284313590846836,5,0,11,12,7,2,0,6,38
2523,2,2,1.0,1,0,1,0,0,0,0,0,1
2524,2,2,1.0,1,0,1,0,0,0,0,0,1
2525,10,10,0.6,9,0,26,41,36,5,0,0,108
2526,1,1,0.0,0,0,2,0,0,0,0,0,2
2527,2,2,1.0,1,0,1,0,0,0,0,0,1
2528,2,2,1.0,1,0,1,0,0,0,0,0,1
2529,1,1,0.0,0,0,1,0,0,0,0,0,1
2530,2,2,0.0,1,0,1,0,0,0,0,0,1
2531,1,1,0.0,0,0,1,0,0,0,0,0,1
2532,2,2,1.0,1,0,1,0,0,0,0,0,1
2533,3,3,0.4714045207910317,2,0,3,2,0,0,0,0,5
2534,1,1,0.0,0,0,1,0,0,0,0,0,1
2535,2,2,1.0,1,0,2,0,0,0,0,0,1
2536,3,3,0.0,2,0,2,1,0,0,0,0,3
2537,2,2,1.0,0,0,1,0,0,0,0,0,1
2538,2,2,0.5,1,0,5,1,0,1,0,1,8
2539,3,3,0.0,2,0,6,4,0,0,0,6,16
2540,2,2,1.0,1,0,1,0,0,0,0,0,1
2541,3,3,0.9428090415820634,2,0,2,0,0,0,0,0,2
2542,2,2,1.0,1,0,1,0,0,0,0,0,1
2543,3,3,0.0,2,0,4,1,0,0,1,0,6
2544,1,1,0.0,0,0,1,0,0,0,0,0,1
2545,4,4,0.4330127018922193,2,0,4,3,0,0,0,0,7
2546,5,5,0.0,4,0,10,3,0,0,0,4,17
2547,1,1,0.0,0,0,1,0,0,0,0,0,1
2548,2,2,1.0,1,0,1,0,0,0,0,0,1
2549,1,1,0.0,0,0,1,0,0,0,0,0,1
2550,6,6,0.7453559924999299,5,0,11,6,5,2,0,3,27
2551,2,2,1.0,1,0,3,0,0,0,0,0,3
2552,2,2,0.5,1,0,2,1,0,0,0,0,3
2553,2,2,1.0,1,0,1,0,0,0,0,0,1
2554,2,2,0.0,1,0,4,0,0,0,0,1,4
2555,3,3,0.9428090415820634,2,0,8,2,1,0,0,6,17
2556,5,5,0.4898979485566356,3,0,9,2,1,0,0,3,15
2557,2,2,1.0,1,0,1,0,0,0,0,0,1
2558,1,1,0.0,0,0,2,0,0,0,0,0,2
2559,13,13,0.5756395979652218,11,0,17,14,2,2,0,29,64
2560,2,2,0.5,0,0,2,0,0,0,0,0,2
2561,2,2,1.0,1,0,1,0,0,0,0,0,1
2562,1,1,0.0,0,0,1,0,0,0,0,0,1
2563,10,10,0.6633249580710799,7,0,17,17,14,4,2,6,60
2564,2,2,1.0,1,0,1,0,0,0,0,0,1
2565,2,2,1.0,1,0,1,0,0,0,0,0,1
2566,2,2,1.0,1,0,1,0,0,0,0,0,1
2567,1,1,0.0,0,0,3,0,0,0,0,0,3
2568,2,2,1.0,1,0,1,0,0,0,0,0,1
2569,2,2,1.0,1,0,1,0,0,0,0,0,1
2570,10,10,0.6633249580710799,7,0,17,17,14,4,2,6,60
2571,2,2,1.0,1,0,1,0,0,0,0,0,1
2572,2,2,1.0,1,0,1,0,0,0,0,0,1
2573,2,2,0.5,0,1,1,0,0,0,0,0,1
2574,5,5,0.8,3,0,5,2,2,1,0,1,11
2575,3,3,0.4714045207910317,2,0,6,0,1,1,0,1,8
2576,2,2,0.0,1,0,6,1,0,1,1,1,10
2577,5,5,0.8,4,0,6,0,0,0,0,0,6
2578,2,2,0.0,1,0,4,0,0,0,0,1,4
2579,2,2,1.0,1,0,1,0,0,0,0,0,1
2580,2,2,1.0,1,0,1,0,0,0,0,0,1
2581,1,1,0.0,0,0,3,0,0,0,0,0,3
2582,2,2,0.0,1,0,1,0,0,0,0,0,1
2583,2,2,1.0,1,0,1,0,0,0,0,0,1
2584,2,2,1.0,1,0,1,0,0,0,0,0,1
2585,1,1,0.0,0,0,2,0,0,0,0,0,2
2586,6,6,0.9428090415820634,4,0,11,6,3,1,1,6,27
2587,1,1,0.0,0,0,1,0,0,0,0,0,1
2588,3,3,0.816496580927726,1,1,2,0,0,0,0,0,2
2589,1,1,0.0,0,0,1,0,0,0,0,0,1
2590,4,4,0.4330127018922193,2,0,4,3,0,0,0,0,7
2591,1,1,0.0,0,0,2,0,0,0,0,0,2
2592,2,2,0.5,0,0,2,0,0,0,0,0,2
2593,1,1,0.0,0,0,1,0,0,0,0,0,1
2594,3,3,0.0,2,0,4,2,0,0,0,0,6
2595,1,1,0.0,0,0,1,0,0,0,0,0,1
2596,4,4,0.82915619758885,2,0,4,1,0,0,0,0,5
2597,2,2,1.0,1,0,1,0,0,0,0,0,1
2598,2,2,1.0,1,0,1,0,0,0,0,0,1
2599,1,1,0.0,0,0,1,0,0,0,0,0,1
2600,3,3,0.0,2,0,4,1,0,0,1,0,6
2601,2,2,0.5,1,0,2,0,0,0,0,0,2
2602,3,3,0.0,2,0,4,0,0,0,0,0,4
2603,2,2,0.0,1,0,1,0,0,0,0,0,1
2604,4,4,0.82915619758885,1,1,3,0,1,0,0,0,4
2605,3,3,0.4714045207910317,2,0,5,2,1,0,0,0,8
2606,3,3,0.4714045207910317,2,0,3,1,0,0,0,0,4
2607,3,3,0.9428090415820634,2,0,2,1,0,0,0,0,3
2608,4,4,0.8660254037844386,3,0,4,0,0,0,0,0,4
2609,1,1,0.0,0,0,1,0,0,0,0,0,1
2610,1,1,0.0,0,0,1,0,0,0,0,0,1
2611,2,2,1.0,1,0,1,0,0,0,0,0,1
2612,2,2,0.5,1,0,5,1,0,1,0,1,8
2613,1,1,0.0,0,0,1,0,0,0,0,0,1
2614,3,3,0.0,2,0,2,1,0,0,0,0,3
2615,2,2,0.0,1,0,1,0,0,0,0,0,1
2616,3,3,0.9428090415820634,2,0,2,0,0,0,0,0,2
2617,2,2,1.0,1,0,1,0,0,0,0,0,1
2618,2,2,0.0,1,0,4,0,0,0,0,1,4
2619,1,1,0.0,0,0,2,0,0,0,0,0,2
2620,2,2,0.5,0,0,2,0,0,0,0,0,2
2621,2,2,1.0,1,0,1,0,0,0,0,0,1
2622,2,2,1.0,0,0,1,0,0,0,0,0,1
2623,1,1,0.0,0,0,1,0,0,0,0,0,1
2624,3,3,0.9428090415820634,2,0,2,0,0,0,0,0,2
2625,3,3,0.0,2,0,4,1,0,0,1,0,6
2626,1,1,0.0,0,0,1,0,0,0,0,0,1
2627,10,10,0.6,9,0,26,41,36,5,0,0,108
2628,4,4,0.4330127018922193,2,0,4,3,0,0,0,0,7
2629,3,3,0.9428090415820634,2,0,3,0,0,0,0,0,3
2630,1,1,0.0,0,0,1,0,0,0,0,0,1
2631,2,2,1.0,1,0,1,0,0,0,0,0,1
2632,2,2,1.0,1,0,3,0,0,0,0,0,3
2633,2,2,0.5,1,0,2,1,0,0,0,0,3
2634,5,5,0.0,4,0,10,3,0,0,0,4,17
2635,6,6,0.7453559924999299,5,0,11,6,5,2,0,3,27
2636,1,1,0.0,0,0,1,0,0,0,0,0,1
2637,1,1,0.0,0,0,1,0,0,0,0,0,1
2638,13,13,0.5756395979652218,11,0,17,14,2,2,0,29,64
2639,1,1,0.0,0,0,1,0,0,0,0,0,1
2640,2,2,1.0,1,0,1,0,0,0,0,0,1
2641,5,5,0.4898979485566356,3,0,9,2,1,0,0,3,15
2642,2,2,1.0,1,0,1,0,0,0,0,0,1
2643,3,3,0.4714045207910317,2,0,3,0,0,0,0,0,3
2644,3,3,0.0,2,0,5,1,0,1,0,0,7
2645,2,2,1.0,1,0,1,0,0,0,0,0,1
2646,2,2,1.0,1,0,3,2,0,0,0,1,6
2647,2,2,1.0,1,0,1,0,0,0,0,0,1
2648,7,7,0.7284313590846836,5,0,11,12,7,2,0,6,38
2649,2,2,0.0,1,0,1,0,0,0,0,0,1
2650,2,2,0.5,0,0,2,0,0,0,0,0,2
2651,3,3,0.0,2,0,6,4,0,0,0,6,16
2652,2,2,1.0,1,0,1,0,0,0,0,0,1
2653,5,5,0.8,3,0,5,2,2,1,0,1,11
2654,3,3,0.4714045207910317,2,0,6,0,1,1,0,1,8
2655,2,2,0.0,1,0,6,1,0,1,1,1,10
2656,5,5,0.8,4,0,6,0,0,0,0,0,6
2657,10,10,0.6633249580710799,7,0,17,17,14,4,2,6,60
2658,2,2,1.0,1,0,1,0,0,0,0,0,1
2659,2,2,1.0,1,0,1,0,0,0,0,0,1
2660,2,2,1.0,1,0,1,0,0,0,0,0,1
2661,2,2,0.5,0,1,1,0,0,0,0,0,1
2662,1,1,0.0,0,0,3,0,0,0,0,0,3
2663,1,1,0.0,0,0,2,0,0,0,0,0,2
2664,1,1,0.0,0,0,1,0,0,0,0,0,1
2665,2,2,1.0,1,0,1,0,0,0,0,0,1
2666,2,2,1.0,1,0,1,0,0,0,0,0,1
2667,2,2,1.0,1,0,1,0,0,0,0,0,1
2668,2,2,1.0,1,0,1,0,0,0,0,0,1
2669,6,6,0.9428090415820634,4,0,11,6,3,1,1,6,27
2670,1,1,0.0,0,0,1,0,0,0,0,0,1
2671,3,3,0.816496580927726,1,1,2,0,0,0,0,0,2
2672,1,1,0.0,0,0,1,0,0,0,0,0,1
2673,4,4,0.4330127018922193,2,0,4,3,0,0,0,0,7
2674,2,2,1.0,1,0,1,0,0,0,0,0,1
2675,1,1,0.0,0,0,1,0,0,0,0,0,1
2676,3,3,0.0,2,0,4,2,0,0,0,0,6
2677,1,1,0.0,0,0,1,0,0,0,0,0,1
2678,4,4,0.82915619758885,2,0,4,1,0,0,0,0,5
2679,2,2,1.0,1,0,1,0,0,0,0,0,1
2680,4,4,0.8660254037844386,3,0,3,1,0,0,0,0,4
2681,2,2,1.0,1,0,3,1,0,1,0,1,6
2682,2,2,0.5,1,0,2,0,0,0,0,0,2
2683,3,3,0.0,2,0,4,0,0,0,0,0,4
2684,2,2,0.0,1,0,1,0,0,0,0,0,1
2685,4,4,0.82915619758885,1,1,3,0,1,0,0,0,4
2686,3,3,0.4714045207910317,2,0,5,2,1,0,0,0,8
2687,3,3,0.0,2,0,4,1,0,0,1,0,6
2688,3,3,0.4714045207910317,2,0,3,1,0,0,0,0,4
2689,3,3,0.9428090415820634,2,0,2,1,0,0,0,0,3
2690,4,4,0.8660254037844386,3,0,4,0,0,0,0,0,4
2691,1,1,0.0,0,0,1,0,0,0,0,0,1
2692,7,7,0.0,6,0,12,1,0,0,0,0,13
2693,3,3,0.0,2,0,4,1,0,0,0,1,6
2694,1,1,0.0,0,0,1,0,0,0,0,0,1
2695,2,2,0.5,1,0,4,2,0,0,0,3,9
2696,2,2,1.5,1,1,1,0,0,0,0,0,1
2697,2,2,0.5,1,0,2,1,0,0,0,0,3
2698,2,2,1.0,0,0,1,0,0,0,0,0,1
2699,2,2,0.5,1,0,5,1,0,1,0,1,8
2700,1,1,0.0,0,0,1,0,0,0,0,0,1
2701,3,3,0.0,2,0,2,1,0,0,0,0,3
2702,3,3,0.9428090415820634,2,0,2,0,0,0,0,0,2
2703,3,3,0.0,2,0,4,1,0,0,1,0,6
2704,1,1,0.0,0,0,1,0,0,0,0,0,1
2705,2,2,1.0,1,0,1,0,0,0,0,0,1
2706,2,2,0.0,1,0,4,0,0,0,0,1,4
2707,1,1,0.0,0,0,2,0,0,0,0,0,2
2708,2,2,0.5,0,0,2,0,0,0,0,0,2
2709,3,3,0.9428090415820634,2,0,3,0,0,0,0,0,3
2710,4,4,0.4330127018922193,2,0,4,3,0,0,0,0,7
2711,1,1,0.0,0,0,1,0,0,0,0,0,1
2712,1,1,0.0,0,0,1,0,0,0,0,0,1
2713,1,1,0.0,0,0,1,0,0,0,0,0,1
2714,1,1,0.0,0,0,1,0,0,0,0,0,1
2715,2,2,1.0,1,0,1,0,0,0,0,0,1
2716,5,5,0.0,4,0,10,3,0,0,0,4,17
2717,3,3,0.9428090415820634,2,0,2,0,0,0,0,0,2
2718,6,6,0.7453559924999299,5,0,11,6,5,2,0,3,27
2719,2,2,1.0,1,0,1,0,0,0,0,0,1
2720,5,5,0.4898979485566356,3,0,9,2,1,0,0,3,15
2721,2,2,1.0,1,0,1,0,0,0,0,0,1
2722,2,2,1.0,1,0,3,0,0,0,0,0,3
2723,2,2,0.5,1,0,2,1,0,0,0,0,3
2724,3,3,0.9428090415820634,2,0,8,2,1,0,0,6,17
2725,3,3,0.4714045207910317,2,0,3,0,0,0,0,0,3
2726,2,2,0.0,1,0,4,0,0,0,0,1,4
2727,10,10,0.6,9,0,26,41,36,5,0,0,108
2728,1,1,0.0,0,0,1,0,0,0,0,0,1
2729,3,3,0.9428090415820634,2,0,4,2,1,0,0,2,9
2730,5,5,0.4,3,0,6,1,0,0,0,5,12
2731,1,1,0.0,0,0,2,0,0,0,0,0,2
2732,13,13,0.5756395979652218,11,0,17,14,2,2,0,29,64
2733,1,1,0.0,0,0,1,0,0,0,0,0,1
2734,2,2,1.0,1,0,1,0,0,0,0,0,1
2735,2,2,1.0,1,0,1,0,0,0,0,0,1
2736,2,2,0.0,1,0,1,0,0,0,0,0,1
2737,4,4,0.8660254037844386,2,0,3,0,1,0,0,0,4
2738,2,2,1.0,1,0,1,0,0,0,0,0,1
2739,3,3,0.9428090415820634,2,0,3,0,0,0,0,0,3
2740,2,2,0.0,1,0,1,0,0,0,0,0,1
2741,2,2,1.0,1,0,1,0,0,0,0,0,1
2742,1,1,0.0,0,0,1,0,0,0,0,0,1
2743,1,1,0.0,0,0,1,0,0,0,0,0,1
2744,2,2,1.0,1,0,1,0,0,0,0,0,1
2745,1,1,0.0,0,0,2,0,0,0,0,0,2
2746,2,2,0.0,1,0,1,0,0,0,0,0,1
2747,3,3,0.0,2,0,6,2,1,0,0,2,11
2748,2,2,1.0,1,0,1,0,0,0,0,0,1
2749,5,5,0.4,3,1,5,1,0,1,0,0,7
2750,2,2,1.0,1,0,1,0,0,0,0,0,1
2751,1,1,0.0,0,0,1,0,0,0,0,0,1
2752,2,2,0.0,1,0,1,0,0,0,0,0,1
2753,1,1,0.0,0,0,1,0,0,0,0,0,1
2754,2,2,1.0,1,0,2,0,0,0,0,0,1
2755,1,1,0.0,0,0,1,0,0,0,0,0,1
2756,2,2,1.0,1,0,1,0,0,0,0,0,1
2757,2,2,1.0,1,0,1,0,0,0,0,0,1
2758,2,2,0.5,1,0,2,0,0,1,0,0,3
2759,1,1,0.0,0,0,1,0,0,0,0,0,1
2760,4,4,0.4330127018922193,3,0,6,5,0,5,3,2,21
2761,2,2,1.0,1,0,2,0,0,0,0,0,1
2762,3,3,0.0,2,0,4,3,0,0,1,0,8
2763,2,2,1.0,1,0,1,0,0,0,0,0,1
2764,2,2,1.0,1,0,1,0,0,0,0,0,1
2765,3,3,0.9428090415820634,2,0,2,1,0,0,0,0,3
2766,1,1,0.0,0,0,1,0,0,0,0,0,1
2767,2,2,0.0,1,0,3,1,0,1,1,0,6
2768,3,3,0.9428090415820634,2,0,5,1,0,1,0,0,7
2769,11,11,0.899954085146515,5,0,12,20,12,6,0,0,50
2770,2,2,0.5,1,0,2,0,0,0,0,0,2
2771,1,1,0.0,0,0,1,0,0,0,0,0,1
2772,2,2,1.0,1,0,1,0,0,0,0,0,1
2773,2,2,1.0,1,0,1,0,0,0,0,0,1
2774,1,1,0.0,0,0,1,0,0,0,0,0,1
2775,2,2,1.0,1,0,1,0,0,0,0,0,1
2776,5,5,0.9797958971132712,3,0,4,1,1,1,0,0,7
2777,2,2,1.0,1,0,1,0,0,0,0,0,1
2778,2,2,1.0,1,0,1,0,0,0,0,0,1
2779,2,2,1.0,1,0,1,0,0,0,0,0,1
2780,1,1,0.0,0,0,2,0,0,0,0,1,3
2781,1,1,0.0,0,0,1,0,0,0,0,0,1
2782,1,1,0.0,0,0,2,0,0,0,0,1,3
2783,2,2,1.0,1,0,1,0,0,0,0,0,1
2784,3,3,0.9428090415820634,2,0,3,0,0,0,0,0,3
2785,2,2,0.5,1,0,2,1,0,0,0,0,3
2786,2,2,1.0,1,0,1,0,0,0,0,0,1
2787,2,2,0.0,1,0,3,1,0,0,0,0,4
2788,1,1,0.0,0,0,2,0,0,0,0,0,2
2789,2,2,1.0,1,0,1,0,0,0,0,0,1
2790,2,2,1.0,1,0,2,0,0,0,0,0,1
2791,1,1,0.0,0,0,1,0,0,0,0,0,1
2792,2,2,1.0,1,0,1,0,0,0,0,0,1
2793,5,5,0.9797958971132712,3,0,4,1,1,1,0,0,7
2794,2,2,1.0,1,0,1,0,0,0,0,0,1
2795,1,1,0.0,0,0,2,0,0,0,0,1,3
2796,2,2,0.5,1,0,2,0,0,1,0,0,3
2797,2,2,1.0,1,0,1,0,0,0,0,0,1
2798,2,2,1.0,1,0,1,0,0,0,0,0,1
2799,2,2,1.0,1,0,1,0,0,0,0,0,1
2800,5,5,0.4,3,1,5,1,0,1,0,0,7
2801,2,2,1.0,1,0,1,0,0,0,0,0,1
2802,8,8,0.33071891388307384,6,0,23,30,10,6,0,35,104
2803,2,2,0.0,1,0,1,0,0,0,0,0,1
2804,6,6,0.7453559924999299,5,0,20,15,5,3,0,15,58
2805,2,2,1.0,1,0,1,0,0,0,0,0,1
2806,1,1,0.0,0,0,1,0,0,0,0,0,1
2807,3,3,0.9428090415820634,2,0,3,0,0,0,0,0,3
2808,2,2,1.0,1,0,1,0,0,0,0,0,1
2809,2,2,1.0,1,0,1,0,0,0,0,0,1
2810,1,1,0.0,0,0,1,0,0,0,0,0,1
2811,2,2,1.0,1,0,1,0,0,0,0,0,1
2812,3,3,0.9428090415820634,2,0,3,0,0,0,0,0,3
2813,10,10,0.6,9,0,26,41,36,5,0,0,108
2814,1,1,0.0,0,0,1,0,0,0,0,0,1
2815,4,4,0.8660254037844386,3,0,3,0,0,0,0,0,3
2816,2,2,1.0,1,0,1,0,0,0,0,0,1
2817,3,3,0.9428090415820634,2,0,2,0,0,0,0,0,2
2818,2,2,1.0,1,0,1,0,0,0,0,0,1
2819,1,1,0.0,0,0,1,0,0,0,0,0,1
2820,2,2,1.0,1,0,1,0,0,0,0,0,1
2821,1,1,0.0,0,0,1,0,0,0,0,0,1
2822,2,2,0.0,1,0,1,0,0,0,0,0,1
2823,2,2,1.0,1,0,1,0,0,0,0,0,1
2824,1,1,0.0,0,0,1,0,0,0,0,0,1
2825,3,3,0.9428090415820634,2,0,3,0,0,0,0,0,3
2826,2,2,1.0,1,0,1,0,0,0,0,0,1
2827,1,1,0.0,0,0,1,0,0,0,0,0,1
2828,2,2,0.0,1,0,3,1,0,0,0,0,4
2829,2,2,0.5,1,0,2,1,0,0,0,0,3
2830,2,2,0.0,1,0,1,0,0,0,0,0,1
2831,2,2,1.0,1,0,1,0,0,0,0,0,1
2832,3,3,0.9428090415820634,2,0,2,1,0,0,0,0,3
2833,1,1,0.0,0,0,2,0,0,0,0,0,2
2834,1,1,0.0,0,0,1,0,0,0,0,0,1
2835,1,1,0.0,0,0,1,0,0,0,0,0,1
2836,2,2,0.0,1,0,1,0,0,0,0,0,1
2837,1,1,0.0,0,0,2,0,0,0,0,1,3
2838,1,1,0.0,0,0,2,0,0,0,0,1,3
2839,1,1,0.0,0,0,1,0,0,0,0,0,1
2840,5,5,0.8,3,0,4,0,1,1,0,0,6
2841,3,3,0.4714045207910317,2,0,4,0,0,0,0,0,3
2842,2,2,1.0,1,0,1,0,0,0,0,0,1
2843,2,2,0.0,1,0,1,0,0,0,0,0,1
2844,1,1,0.0,0,0,1,0,0,0,0,0,1
2845,1,1,0.0,0,0,1,0,0,0,0,0,1
2846,2,2,1.0,1,0,1,0,0,0,0,0,1
2847,1,1,0.0,0,0,1,0,0,0,0,0,1
2848,2,2,1.0,1,0,1,0,0,0,0,0,1
2849,2,2,1.0,1,0,2,0,0,0,0,0,1
2850,2,2,1.0,1,0,1,0,0,0,0,0,1
2851,1,1,0.0,0,0,1,0,0,0,0,0,1
2852,2,2,0.5,1,0,2,0,0,1,0,0,3
2853,2,2,1.0,1,0,1,0,0,0,0,0,1
2854,3,3,0.9428090415820634,2,0,2,1,0,0,0,0,3
2855,1,1,0.0,0,0,1,0,0,0,0,0,1
2856,3,3,0.9428090415820634,2,0,5,1,0,1,0,0,7
2857,11,11,0.899954085146515,5,0,12,20,12,6,0,0,50
2858,2,2,0.5,1,0,2,0,0,0,0,0,2
2859,1,1,0.0,0,0,1,0,0,0,0,0,1
2860,2,2,1.0,1,0,1,0,0,0,0,0,1
2861,3,3,0.4714045207910317,2,0,6,3,1,0,0,3,13
2862,3,3,0.9428090415820634,2,0,2,0,0,0,0,0,2
2863,2,2,1.0,1,0,1,0,0,0,0,0,1
2864,2,2,1.0,1,0,1,0,0,0,0,0,1
2865,2,2,1.0,1,0,1,0,0,0,0,0,1
2866,8,8,0.33071891388307384,6,0,23,30,10,6,0,35,104
2867,5,5,0.4,3,1,5,1,0,1,0,0,7
2868,2,2,1.0,1,0,1,0,0,0,0,0,1
2869,2,2,0.0,1,0,1,0,0,0,0,0,1
2870,10,10,0.6,9,0,26,41,36,5,0,0,108
2871,6,6,0.7453559924999299,5,0,20,15,5,3,0,15,58
2872,2,2,1.0,1,0,1,0,0,0,0,0,1
2873,5,5,0.9797958971132712,3,0,4,1,1,1,0,0,7
2874,2,2,1.0,1,0,1,0,0,0,0,0,1
2875,2,2,1.0,1,0,1,0,0,0,0,0,1
2876,1,1,0.0,0,0,2,0,0,0,0,1,3
2877,2,2,1.0,1,0,1,0,0,0,0,0,1
2878,1,1,0.0,0,0,1,0,0,0,0,0,1
2879,1,1,0.0,0,0,1,0,0,0,0,0,1
2880,1,1,0.0,0,0,1,0,0,0,0,0,1
2881,5,5,0.8,4,0,11,7,0,0,2,1,20
2882,2,2,1.0,1,0,1,0,0,0,0,0,1
2883,3,3,0.9428090415820634,2,0,2,0,0,0,0,0,2
2884,1,1,0.0,0,0,1,0,0,0,0,0,1
2885,3,3,0.9428090415820634,2,0,2,0,0,0,0,0,2
2886,2,2,1.0,1,0,3,3,0,0,0,0,6
2887,3,3,0.9428090415820634,2,0,2,0,0,0,0,0,2
2888,1,1,0.0,0,0,1,0,0,0,0,0,1
2889,1,1,0.0,0,0,1,0,0,0,0,0,1
2890,2,2,1.0,1,0,1,0,0,0,0,0,1
2891,2,2,1.0,1,0,3,2,0,0,0,1,6
2892,1,1,0.0,0,0,1,0,0,0,0,0,1
2893,2,2,1.0,1,0,1,0,0,0,0,0,1
2894,2,2,1.0,1,0,1,0,0,0,0,0,1
2895,3,3,0.4714045207910317,2,0,3,2,0,0,0,1,6
2896,2,2,1.0,1,0,1,0,0,0,0,0,1
2897,2,2,0.0,1,0,1,0,0,0,0,0,1
2898,2,2,0.0,1,0,1,0,0,0,0,0,1
2899,2,2,1.0,1,0,1,0,0,0,0,0,1
2900,1,1,0.0,0,0,1,0,0,0,0,0,1
2901,1,1,0.0,0,0,1,0,0,0,0,0,1
2902,1,1,0.0,0,0,1,0,0,0,0,0,1
2903,2,2,1.0,1,0,3,3,0,0,0,0,6
2904,1,1,0.0,0,0,1,0,0,0,0,0,1
2905,3,3,0.0,2,0,2,0,0,0,0,0,2
2906,2,2,1.0,1,0,1,0,0,0,0,0,1
2907,2,2,1.0,1,0,3,2,0,0,0,1,6
2908,2,2,0.5,1,0,2,0,0,0,0,0,2
2909,2,2,1.0,0,0,1,0,0,0,0,0,1
2910,1,1,0.0,0,0,1,0,0,0,0,0,1
2911,3,3,0.0,2,0,2,0,0,0,0,0,2
2912,1,1,0.0,0,0,1,0,0,0,0,0,1
2913,1,1,0.0,0,0,1,0,0,0,0,0,1
2914,2,2,1.0,1,0,1,0,0,0,0,0,1
2915,2,2,1.0,1,0,1,0,0,0,0,0,1
2916,2,2,1.0,1,0,1,0,0,0,0,0,1
2917,1,1,0.0,0,0,1,0,0,0,0,0,1
2918,2,2,0.5,1,0,2,0,0,0,0,0,2
2919,1,1,0.0,0,0,2,1,0,0,0,0,3
2920,1,1,0.0,0,0,1,0,0,0,0,0,1
2921,2,2,1.0,1,0,1,0,0,0,0,0,1
2922,2,2,0.0,1,0,1,0,0,0,0,0,1
2923,1,1,0.0,0,0,1,0,0,0,0,0,1
2924,2,2,1.0,1,0,3,3,0,0,0,0,6
2925,1,1,0.0,0,0,1,0,0,0,0,0,1
2926,1,1,0.0,0,0,1,0,0,0,0,0,1
2927,1,1,0.0,0,0,1,0,0,0,0,0,1
2928,1,1,0.0,0,0,1,0,0,0,0,0,1
2929,1,1,0.0,0,0,2,1,0,0,0,0,3
2930,1,1,0.0,0,0,1,0,0,0,0,0,1
2931,2,2,1.0,0,0,1,0,0,0,0,0,1
2932,1,1,0.0,0,0,1,0,0,0,0,0,1
2933,1,1,0.0,0,0,1,0,0,0,0,0,1
2934,1,1,0.0,0,0,1,0,0,0,0,0,1
2935,2,2,1.0,1,0,1,0,0,0,0,0,1
2936,3,3,0.9428090415820634,2,0,2,0,0,0,0,0,2
2937,2,2,1.0,1,0,1,0,0,0,0,0,1
2938,2,2,1.0,1,0,3,2,0,0,0,1,6
2939,2,2,0.0,1,0,1,0,0,0,0,0,1
2940,4,4,0.4330127018922193,3,0,11,14,7,0,0,0,30
2941,1,1,0.0,0,0,1,0,0,0,0,0,1
2942,6,6,0.7453559924999299,1,0,5,0,0,0,0,10,15
2943,2,2,1.0,1,0,1,0,0,0,0,0,1
2944,1,1,0.0,0,0,1,0,0,0,0,0,1
2945,2,2,0.0,1,0,1,0,0,0,0,0,1
2946,2,2,1.0,1,0,1,0,0,0,0,0,1
2947,3,3,0.4714045207910317,2,0,3,1,1,1,0,0,6
2948,2,2,1.0,1,0,1,0,0,0,0,0,1
2949,10,10,0.7810249675906654,4,2,13,24,8,2,0,1,48
2950,18,18,0.4581228472908512,17,0,59,272,122,11,0,0,454
2951,2,2,0.0,1,0,1,0,0,0,0,0,1
2952,2,2,1.0,1,0,1,0,0,0,0,0,1
2953,2,2,1.0,1,0,1,0,0,0,0,0,1
2954,2,2,1.0,1,0,1,0,0,0,0,0,1
2955,3,3,0.9428090415820634,2,0,2,1,0,0,0,0,3
2956,2,2,0.0,1,0,1,0,0,0,0,0,1
2957,1,1,0.0,0,0,1,0,0,0,0,0,1
2958,2,2,1.0,1,0,1,0,0,0,0,0,1
2959,2,2,1.0,1,0,1,0,0,0,0,0,1
2960,15,15,0.24944382578492943,13,0,31,31,24,2,0,1,86
2961,2,2,1.0,1,0,6,0,1,1,0,0,5
2962,2,2,1.0,1,0,1,0,0,0,0,0,1
2963,2,2,0.0,1,0,1,0,0,0,0,0,1
2964,1,1,0.0,0,0,1,0,0,0,0,0,1
2965,2,2,0.5,1,0,2,1,0,0,0,0,3
2966,2,2,0.0,1,0,1,0,0,0,0,0,1
2967,2,2,0.0,1,0,1,0,0,0,0,0,1
2968,2,2,1.0,1,0,1,0,0,0,0,0,1
2969,2,2,1.0,1,0,1,0,0,0,0,0,1
2970,3,3,0.4714045207910317,1,0,3,1,0,0,0,0,4
2971,3,3,0.9428090415820634,1,0,2,0,0,1,0,0,3
2972,2,2,1.0,1,0,1,0,0,0,0,0,1
2973,3,3,0.9428090415820634,1,0,2,0,0,0,0,0,2
2974,3,3,0.9428090415820634,1,0,2,0,0,0,0,1,3
2975,1,1,0.0,0,0,1,0,0,0,0,0,1
2976,3,3,0.4714045207910317,2,0,3,1,0,0,0,0,4
2977,3,3,0.9428090415820634,1,0,2,0,0,0,0,1,3
2978,4,4,0.82915619758885,2,0,5,1,0,0,0,0,6
2979,2,2,0.0,1,0,1,0,0,0,0,0,1
2980,4,4,1.0,2,0,3,0,0,0,0,0,3
2981,3,3,0.9428090415820634,2,0,2,1,0,0,0,0,3
2982,3,3,0.9428090415820634,2,0,2,0,0,0,0,0,2
2983,3,3,0.9428090415820634,2,0,2,0,0,0,0,0,2
2984,2,2,1.0,1,0,1,0,0,0,0,0,1
2985,3,3,0.9428090415820634,1,0,2,0,0,0,0,1,3
2986,2,2,0.5,1,0,2,1,0,0,0,0,3
2987,4,4,0.0,3,0,5,1,0,0,0,1,7
2988,3,3,0.9428090415820634,1,0,2,0,0,0,0,1,3
2989,2,2,1.0,1,0,1,0,0,0,0,0,1
2990,2,2,1.0,1,0,1,0,0,0,0,0,1
2991,1,1,0.0,0,0,1,0,0,0,0,0,1
2992,3,3,0.4714045207910317,2,0,3,1,0,0,0,0,4
2993,3,3,0.9428090415820634,1,0,2,0,0,0,0,1,3
2994,2,2,1.0,1,0,1,0,0,0,0,0,1
2995,2,2,1.0,1,0,1,0,0,0,0,0,1
2996,1,1,0.0,0,0,1,0,0,0,0,0,1
2997,3,3,0.4714045207910317,2,0,3,1,0,0,0,0,4
2998,2,2,0.0,1,0,1,0,0,0,0,0,1
2999,3,3,0.9428090415820634,1,0,2,0,0,0,0,1,3
3000,2,2,0.5,1,0,2,1,0,0,0,0,3
3001,4,4,0.0,3,0,5,1,0,0,0,1,7
3002,5,5,0.8,3,0,7,3,0,0,0,0,10
3003,4,4,0.8660254037844386,3,0,3,3,0,0,0,0,6
3004,3,3,0.4714045207910317,1,0,4,0,0,0,0,0,4
3005,14,14,0.0,13,0,14,15,0,0,0,0,29
3006,5,5,0.8,4,0,10,12,4,0,0,0,25
3007,5,5,0.8,4,0,10,9,5,0,0,0,23
3008,3,3,0.4714045207910317,1,0,4,0,0,0,0,0,4
3009,2,2,0.0,1,0,1,0,0,0,0,0,1
3010,7,7,0.7284313590846836,4,0,11,4,1,0,0,0,16
3011,6,6,0.7637626158259734,4,0,6,4,1,0,0,0,11
3012,7,7,0.0,6,0,21,24,13,0,0,0,55
3013,4,4,0.82915619758885,2,0,6,0,0,0,0,0,5
3014,5,5,0.8,3,0,9,3,0,0,0,1,12
3015,2,2,0.5,1,0,2,0,0,0,0,1,3
3016,2,2,0.0,1,0,1,0,0,0,0,0,1
3017,6,6,0.7453559924999299,5,0,14,9,1,0,0,0,22
3018,3,3,0.816496580927726,1,0,4,0,0,0,0,0,3
3019,2,2,0.0,1,0,1,0,0,0,0,0,1
3020,4,4,1.0,2,0,3,0,0,0,0,0,3
3021,3,3,0.9428090415820634,2,0,2,1,0,0,0,0,3
3022,3,3,0.9428090415820634,2,0,2,0,0,0,0,0,2
3023,3,3,0.9428090415820634,2,0,2,0,0,0,0,0,2
3024,2,2,1.0,1,0,1,0,0,0,0,0,1
3025,2,2,1.0,1,0,1,0,0,0,0,0,1
3026,2,2,1.0,1,0,1,0,0,0,0,0,1
3027,2,2,1.0,1,0,1,0,0,0,0,0,1
3028,3,3,0.9428090415820634,2,0,2,1,0,0,0,0,3
3029,2,2,1.0,1,0,1,0,0,0,0,0,1
3030,13,13,0.0,12,0,20,28,24,9,0,6,87
3031,3,3,0.9428090415820634,1,0,2,0,0,0,0,0,2
3032,3,3,0.9428090415820634,1,0,2,0,0,1,0,0,3
3033,3,3,0.9428090415820634,1,0,2,0,0,0,0,0,2
3034,1,1,0.0,0,0,1,0,0,0,0,0,1
3035,1,1,0.0,0,0,1,0,0,0,0,0,1
3036,1,1,0.0,0,0,1,0,0,0,0,0,1
3037,27,27,0.0,26,0,78,134,112,11,0,31,366
3038,2,2,1.0,1,0,6,0,1,1,0,0,5
3039,2,2,1.0,1,0,1,0,0,0,0,0,1
3040,2,2,1.0,1,0,1,0,0,0,0,0,1
3041,2,2,1.0,1,0,1,0,0,0,0,0,1
3042,2,2,1.0,1,0,1,0,0,0,0,0,1
3043,2,2,1.0,1,0,1,0,0,0,0,0,1
3044,3,3,0.9428090415820634,2,0,2,1,0,0,0,0,3
3045,2,2,1.0,1,0,1,0,0,0,0,0,1
3046,13,13,0.0,12,0,20,28,24,9,0,6,87
3047,3,3,0.9428090415820634,1,0,2,0,0,0,0,0,2
3048,3,3,0.9428090415820634,1,0,2,0,0,1,0,0,3
3049,3,3,0.9428090415820634,1,0,2,0,0,0,0,0,2
3050,2,2,1.0,1,0,1,0,0,0,0,0,1
3051,2,2,0.0,1,0,1,0,0,0,0,0,1
3052,2,2,0.0,1,0,1,0,0,0,0,0,1
3053,2,2,0.0,1,0,1,0,0,0,0,0,1
3054,2,2,1.0,1,0,1,0,0,0,0,0,1
3055,2,2,1.0,1,0,1,0,0,0,0,0,1
3056,3,3,0.4714045207910317,1,0,3,1,0,0,0,0,4
3057,3,3,0.9428090415820634,1,0,2,0,0,1,0,0,3
3058,2,2,1.0,1,0,1,0,0,0,0,0,1
3059,3,3,0.9428090415820634,1,0,2,0,0,0,0,0,2
3060,2,2,0.0,1,0,1,0,0,0,0,0,1
3061,2,2,1.0,1,0,1,0,0,0,0,0,1
3062,2,2,1.0,1,0,1,0,0,0,0,0,1
3063,1,1,0.0,0,0,1,0,0,0,0,0,1
3064,2,2,1.0,1,0,1,0,0,0,0,0,1
3065,2,2,1.0,1,0,1,0,0,0,0,0,1
3066,2,2,1.0,1,0,1,0,0,0,0,0,1
3067,2,2,0.0,1,0,1,0,0,0,0,0,1
3068,1,1,0.0,0,0,1,0,0,0,0,0,1
3069,5,5,0.8,4,0,10,9,5,0,0,0,23
3070,2,2,0.5,1,0,2,1,0,0,0,0,3
3071,3,3,0.9428090415820634,1,0,2,0,0,0,0,1,3
3072,2,2,0.5,1,0,2,1,0,0,0,0,3
3073,4,4,0.0,3,0,5,1,0,0,0,1,7
3074,3,3,0.9428090415820634,1,0,2,0,0,0,0,1,3
3075,2,2,1.0,1,0,1,0,0,0,0,0,1
3076,2,2,1.0,1,0,1,0,0,0,0,0,1
3077,1,1,0.0,0,0,1,0,0,0,0,0,1
3078,3,3,0.4714045207910317,2,0,3,1,0,0,0,0,4
3079,3,3,0.4714045207910317,1,0,4,0,0,0,0,0,4
3080,3,3,0.9428090415820634,1,0,2,0,0,0,0,1,3
3081,2,2,1.0,1,0,1,0,0,0,0,0,1
3082,2,2,1.0,1,0,1,0,0,0,0,0,1
3083,1,1,0.0,0,0,1,0,0,0,0,0,1
3084,3,3,0.4714045207910317,2,0,3,1,0,0,0,0,4
3085,3,3,0.9428090415820634,1,0,2,0,0,0,0,1,3
3086,2,2,0.5,1,0,2,1,0,0,0,0,3
3087,4,4,0.0,3,0,5,1,0,0,0,1,7
3088,3,3,0.4714045207910317,2,0,3,1,0,0,0,0,4
3089,3,3,0.9428090415820634,1,0,2,0,0,0,0,1,3
3090,3,3,0.9428090415820634,1,0,2,0,0,0,0,1,3
3091,1,1,0.0,0,0,1,0,0,0,0,0,1
3092,3,3,0.9428090415820634,1,0,2,0,0,0,0,1,3
3093,2,2,1.0,1,0,1,0,0,0,0,0,1
3094,2,2,1.0,1,0,1,0,0,0,0,0,1
3095,1,1,0.0,0,0,1,0,0,0,0,0,1
3096,2,2,0.0,1,0,1,0,0,0,0,0,1
3097,1,1,0.0,0,0,1,0,0,0,0,0,1
3098,3,3,0.4714045207910317,2,0,3,1,0,0,0,0,4
3099,3,3,0.4714045207910317,1,0,4,0,0,0,0,0,4
3100,5,5,0.8,4,0,10,12,4,0,0,0,25
3101,14,14,0.0,13,0,14,15,0,0,0,0,29
3102,7,7,0.7284313590846836,4,0,11,4,1,0,0,0,16
3103,6,6,0.7637626158259734,4,0,6,4,1,0,0,0,11
3104,3,3,0.9428090415820634,2,0,2,1,0,0,0,0,3
3105,4,4,0.82915619758885,2,0,5,1,0,0,0,0,6
3106,2,2,0.0,1,0,1,0,0,0,0,0,1
3107,3,3,0.816496580927726,1,0,4,0,0,0,0,0,3
3108,4,4,0.8660254037844386,3,0,3,3,0,0,0,0,6
3109,4,4,0.4330127018922193,3,0,11,14,7,0,0,0,30
3110,4,4,0.82915619758885,2,0,6,0,0,0,0,0,5
3111,7,7,0.0,6,0,21,24,13,0,0,0,55
3112,2,2,0.0,1,0,1,0,0,0,0,0,1
3113,6,6,0.7453559924999299,5,0,14,9,1,0,0,0,22
3114,5,5,0.8,3,0,9,3,0,0,0,1,12
3115,2,2,0.5,1,0,2,0,0,0,0,1,3
3116,4,4,0.8660254037844386,3,0,5,0,0,0,0,6,11
3117,1,1,0.0,0,0,1,0,0,0,0,0,1
3118,1,1,0.0,0,0,1,0,0,0,0,0,1
3119,1,1,0.0,0,0,1,0,0,0,0,0,1
3120,27,27,0.0,26,0,78,134,112,11,0,31,366
3121,6,6,0.7453559924999299,1,0,5,0,0,0,0,10,15
3122,2,2,1.0,1,0,1,0,0,0,0,0,1
3123,5,5,0.8,3,0,7,3,0,0,0,0,10
3124,1,1,0.0,0,0,1,0,0,0,0,0,1
3125,2,2,0.0,1,0,1,0,0,0,0,0,1
3126,2,2,1.0,1,0,1,0,0,0,0,0,1
3127,3,3,0.4714045207910317,2,0,3,1,1,1,0,0,6
3128,2,2,1.0,1,0,1,0,0,0,0,0,1
3129,10,10,0.7810249675906654,4,2,13,24,8,2,0,1,48
3130,15,15,0.24944382578492943,13,0,31,31,24,2,0,1,86
3131,2,2,0.5,1,0,2,0,0,0,0,0,2
3132,2,2,1.0,1,0,1,0,0,0,0,0,1
3133,2,2,1.0,1,0,1,0,0,0,0,0,1
3134,1,1,0.0,0,0,1,0,0,0,0,0,1
3135,1,1,0.0,0,0,1,0,0,0,0,0,1
3136,1,1,0.0,0,0,1,0,0,0,0,0,1
3137,2,2,1.0,1,0,1,0,0,0,0,0,1
3138,2,2,1.0,1,0,1,0,0,0,0,0,1
3139,1,1,0.0,0,0,1,0,0,0,0,0,1
3140,1,1,0.0,0,0,2,0,0,0,0,0,2
3141,1,1,0.0,0,0,1,0,0,0,0,0,1
3142,1,1,0.0,0,0,1,0,0,0,0,0,1
3143,2,2,0.5,1,0,2,0,0,0,0,0,2
3144,3,3,0.4714045207910317,2,0,5,2,0,1,1,3,12
3145,2,2,1.0,1,0,1,0,0,0,0,0,1
3146,3,3,0.816496580927726,1,0,3,0,0,0,0,0,3
3147,1,1,0.0,0,0,1,0,0,0,0,0,1
3148,5,5,0.0,4,0,4,1,0,1,0,0,6
3149,4,4,0.8660254037844386,2,0,3,1,0,0,0,0,4
3150,2,2,1.0,1,0,1,0,0,0,0,0,1
3151,2,2,1.0,1,0,1,0,0,0,0,0,1
3152,2,2,1.0,1,0,1,0,0,0,0,0,1
3153,19,19,0.8931875130777442,10,0,44,73,73,9,11,84,293
3154,3,3,0.816496580927726,1,0,3,0,0,0,0,0,3
3155,4,4,0.5,2,1,5,3,0,0,0,0,8
3156,1,1,0.0,0,0,1,0,0,0,0,0,1
3157,4,4,0.4330127018922193,3,0,4,1,0,2,0,0,7
3158,2,2,1.0,1,0,1,0,0,0,0,0,1
3159,2,2,1.0,1,0,1,0,0,0,0,0,1
3160,1,1,0.0,0,0,1,0,0,0,0,0,1
3161,2,2,0.5,1,0,2,1,0,0,0,0,3
3162,2,2,1.0,1,0,1,0,0,0,0,0,1
3163,2,2,1.0,1,0,1,0,0,0,0,0,1
3164,2,2,0.5,1,0,2,0,0,1,0,0,3
3165,2,2,1.0,1,0,1,0,0,0,0,0,1
3166,2,2,1.0,1,0,1,0,0,0,0,0,1
3167,3,3,0.9428090415820634,1,0,2,0,0,0,0,0,2
3168,2,2,1.0,1,0,1,0,0,0,0,0,1
3169,2,2,1.0,1,0,1,0,0,0,0,0,1
3170,2,2,1.0,1,0,3,0,2,0,0,1,6
3171,2,2,0.5,1,0,5,3,0,0,0,0,8
3172,9,9,0.6285393610547089,7,0,8,0,2,8,0,0,18
3173,2,2,0.0,1,0,1,0,0,0,0,0,1
3174,1,1,0.0,0,0,1,0,0,0,0,0,1
3175,1,1,0.0,0,0,1,0,0,0,0,0,1
3176,5,5,0.6324555320336759,1,2,5,1,1,0,0,2,9
3177,2,2,1.0,1,0,1,0,0,0,0,0,1
3178,2,2,1.0,1,0,1,0,0,0,0,0,1
3179,2,2,1.0,1,0,1,0,0,0,0,0,1
3180,2,2,1.0,1,0,1,0,0,0,0,0,1
3181,2,2,1.0,1,0,1,0,0,0,0,0,1
3182,3,3,0.9428090415820634,2,0,2,0,0,0,0,0,2
3183,3,3,0.9428090415820634,2,0,2,0,0,0,0,0,2
3184,2,2,1.0,0,0,1,0,0,0,0,0,1
3185,2,2,0.0,1,0,1,0,0,0,0,0,1
3186,2,2,0.5,0,1,1,0,0,0,0,0,1
3187,5,5,0.0,4,0,4,1,0,1,0,0,6
3188,1,1,0.0,0,0,1,0,0,0,0,0,1
3189,1,1,0.0,0,0,1,0,0,0,0,0,1
3190,1,1,0.0,0,0,1,0,0,0,0,0,1
3191,2,2,1.0,1,0,1,0,0,0,0,0,1
3192,2,2,1.0,1,0,1,0,0,0,0,0,1
3193,3,3,0.9428090415820634,1,0,2,0,0,0,0,0,2
3194,2,2,1.0,1,0,1,0,0,0,0,0,1
3195,2,2,1.0,1,0,1,0,0,0,0,0,1
3196,2,2,1.0,1,0,1,0,0,0,0,0,1
3197,2,2,1.0,1,0,1,0,0,0,0,0,1
3198,1,1,0.0,0,0,1,0,0,0,0,0,1
3199,1,1,0.0,0,0,1,0,0,0,0,0,1
3200,2,2,1.0,1,0,1,0,0,0,0,0,1
3201,3,3,0.9428090415820634,2,0,2,0,0,0,0,0,2
3202,5,5,0.9797958971132712,3,0,4,1,1,1,0,0,7
3203,7,7,0.989743318610787,4,0,6,3,3,3,0,0,15
3204,5,5,0.9797958971132712,3,0,4,1,1,1,0,0,7
3205,10,10,0.9797958971132712,6,0,9,0,0,0,0,0,9
3206,2,2,0.0,1,0,1,0,0,0,0,0,1
3207,1,1,0.0,0,0,1,0,0,0,0,0,1
3208,3,3,0.9428090415820634,2,0,2,0,0,0,0,0,2
3209,2,2,1.0,1,0,1,0,0,0,0,0,1
3210,2,2,1.0,1,0,1,0,0,0,0,0,1
3211,2,2,1.0,1,0,1,0,0,0,0,0,1
3212,2,2,1.0,1,0,1,0,0,0,0,0,1
3213,45,45,0.8816370855501054,31,0,60,114,42,17,0,0,229
3214,10,10,0.9797958971132712,6,0,9,3,3,3,0,0,18
3215,2,2,0.0,1,0,1,0,0,0,0,0,1
3216,2,2,0.0,1,0,1,0,0,0,0,0,1
3217,2,2,0.0,1,0,1,0,0,0,0,0,1
3218,2,2,0.0,1,0,1,0,0,0,0,0,1
3219,2,2,0.0,1,0,1,0,0,0,0,0,1
3220,7,7,0.989743318610787,4,0,6,3,3,3,0,0,15
3221,7,7,0.989743318610787,4,0,6,3,3,3,0,0,15
3222,1,1,0.0,0,0,1,0,0,0,0,0,1
3223,1,1,0.0,0,0,1,0,0,0,0,0,1
3224,1,1,0.0,0,0,1,0,0,0,0,0,1
3225,27,27,0.0,26,0,78,134,112,11,0,31,366
3226,15,15,0.24944382578492943,13,0,31,31,24,2,0,1,86
3227,2,2,1.0,1,0,6,0,1,1,0,0,5
3228,18,18,0.5,16,0,58,75,45,2,0,0,176
3229,4,4,0.8660254037844386,3,0,3,0,0,0,0,0,3
3230,5,5,0.4,4,0,5,0,0,0,0,1,6
3231,5,5,0.4,4,0,5,0,0,0,0,1,6
3232,5,5,0.4,4,0,5,0,0,0,0,1,6
3233,5,5,0.4,4,0,5,0,0,0,0,1,6
3234,19,19,0.6359497880839249,15,0,45,46,18,0,0,21,129
3235,16,16,0.8660254037844386,12,0,21,15,0,0,0,0,36
3236,9,9,0.9428090415820634,6,0,9,3,2,0,0,0,14
3237,2,2,1.0,1,0,1,0,0,0,0,0,1
3238,3,3,0.9428090415820634,1,0,3,0,0,1,0,0,3
3239,35,35,0.27994168488950605,32,0,77,237,133,10,0,0,457
3240,12,12,0.7453559924999299,10,0,12,8,2,2,0,0,23
3241,2,2,1.0,1,0,1,0,0,0,0,0,1
3242,2,2,1.0,1,0,1,0,0,0,0,0,1
3243,2,2,1.5,1,0,1,0,0,0,0,0,1
3244,2,2,1.0,1,0,1,0,0,0,0,0,1
3245,9,9,0.9938079899999065,5,0,8,6,6,6,0,0,26
3246,3,3,0.9428090415820634,2,0,2,0,0,0,0,0,2
3247,8,8,1.0,4,0,7,1,2,1,0,0,11
3248,17,17,0.9982683969692435,9,0,16,3,3,3,0,0,25
3249,278,278,0.49095119189418174,241,0,749,10317,8032,870,0,0,19968
3250,2,2,0.0,1,0,1,0,0,0,0,0,1
3251,7,7,0.9035079029052513,4,0,7,2,2,0,0,0,11
3252,2,2,1.0,1,0,1,0,0,0,0,0,1
3253,21,21,0.7126966450997984,17,0,50,57,36,1,0,0,144
3254,2,2,1.0,1,0,1,0,0,0,0,0,1
3255,2,2,1.0,1,0,1,0,0,0,0,0,1
3256,2,2,1.5,1,0,1,0,0,0,0,0,1
3257,5,5,0.9797958971132712,3,0,4,0,0,0,0,0,4
3258,18,18,1.0,9,0,17,6,8,6,0,0,37
3259,3,3,0.9428090415820634,2,0,2,0,0,0,0,0,2
3260,4,4,0.8660254037844386,3,0,3,0,0,0,0,0,3
3261,2,2,1.0,1,0,1,0,0,0,0,0,1
3262,2,2,0.0,1,0,1,0,0,0,0,0,1
3263,1,1,0.0,0,0,1,0,0,0,0,0,1
3264,2,2,1.0,1,0,1,0,0,0,0,0,1
3265,2,2,1.0,1,0,1,0,0,0,0,0,1
3266,2,2,1.0,1,0,1,0,0,0,0,0,1
3267,2,2,1.0,1,0,1,0,0,0,0,0,1
3268,2,2,1.0,1,0,1,0,0,0,0,0,1
3269,2,2,1.0,1,0,1,0,0,0,0,0,1
3270,2,2,0.0,1,0,1,0,0,0,0,0,1
3271,2,2,1.0,1,0,1,0,0,0,0,0,1
3272,2,2,0.0,1,0,1,0,0,0,0,0,1
3273,2,2,0.0,1,0,1,0,0,0,0,0,1
3274,2,2,1.0,1,0,1,0,0,0,0,0,1
3275,2,2,0.0,1,0,1,0,0,0,0,0,1
3276,2,2,0.0,1,0,1,0,0,0,0,0,1
3277,2,2,0.0,1,0,1,0,0,0,0,0,1
3278,2,2,0.0,1,0,1,0,0,0,0,0,1
3279,3,3,0.9428090415820634,2,0,2,0,0,0,0,0,2
3280,3,3,0.4714045207910317,2,0,3,1,0,0,0,0,4
3281,24,24,0.9090593428863095,17,0,38,62,41,1,0,0,142
3282,2,2,1.5,1,0,1,0,0,0,0,0,1
3283,2,2,1.5,1,0,1,0,0,0,0,0,1
3284,2,2,0.0,1,0,1,0,0,0,0,0,1
3285,1,1,0.0,0,0,1,0,0,0,0,0,1
3286,2,2,1.0,1,0,1,0,0,0,0,0,1
3287,1,1,0.0,0,0,1,0,0,0,0,0,1
3288,5,5,0.8,3,0,5,4,1,1,0,0,11
3289,14,14,0.6998542122237652,11,0,31,26,15,1,0,1,71
3290,1,1,0.0,0,0,2,0,0,0,0,0,1
3291,2,2,1.0,1,0,1,0,0,0,0,0,1
3292,2,2,0.0,1,0,1,0,0,0,0,0,1
3293,1,1,0.0,0,0,1,0,0,0,0,0,1
3294,2,2,1.0,1,0,1,0,0,0,0,0,1
3295,2,2,1.0,1,0,1,0,0,0,0,0,1
3296,2,2,1.0,1,0,1,0,0,0,0,0,1
3297,2,2,1.0,1,0,1,0,0,0,0,0,1
3298,2,2,1.0,1,0,1,0,0,0,0,0,1
3299,2,2,1.0,1,0,1,0,0,0,0,0,1
3300,2,2,1.0,1,0,1,0,0,0,0,0,1
3301,4,4,0.8660254037844386,3,0,5,1,0,0,0,0,6
3302,4,4,0.8660254037844386,3,0,5,1,0,0,0,0,6
3303,4,4,0.8660254037844386,3,0,5,1,0,0,0,0,6
3304,4,4,0.8660254037844386,3,0,5,1,0,0,0,0,6
3305,4,4,0.8660254037844386,3,0,5,1,0,0,0,0,6
3306,4,4,0.8660254037844386,3,0,5,0,1,0,0,0,6
3307,2,2,0.0,1,0,1,0,0,0,0,0,1
3308,2,2,1.0,1,0,1,0,0,0,0,0,1
3309,2,2,1.0,1,0,1,0,0,0,0,0,1
3310,2,2,1.0,1,0,1,0,0,0,0,0,1
3311,2,2,1.0,1,0,1,0,0,0,0,0,1
3312,2,2,1.0,1,0,1,0,0,0,0,0,1
3313,2,2,1.0,1,0,1,0,0,0,0,0,1
3314,2,2,0.5,1,0,2,1,0,0,0,0,3
3315,4,4,0.8660254037844386,3,0,5,5,0,0,0,1,11
3316,2,2,0.5,1,0,2,1,0,0,0,0,3
3317,2,2,1.0,1,0,1,0,0,0,0,0,1
3318,2,2,0.5,1,0,2,1,0,0,0,0,3
3319,2,2,1.0,1,0,1,0,0,0,0,0,1
3320,3,3,0.0,2,0,2,0,0,1,0,0,3
3321,2,2,0.5,1,0,2,1,0,0,0,0,3
3322,2,2,1.0,1,0,1,0,0,0,0,0,1
3323,2,2,0.0,1,0,1,0,0,0,0,0,1
3324,3,3,0.9428090415820634,1,0,2,0,0,0,0,0,2
3325,2,2,0.0,1,0,1,0,0,0,0,0,1
3326,2,2,0.0,1,0,1,0,0,0,0,0,1
3327,4,4,0.0,3,0,11,19,2,1,0,7,39
3328,3,3,0.9428090415820634,1,0,2,0,0,0,0,0,2
3329,2,2,1.0,1,0,1,0,0,0,0,0,1
3330,1,1,0.0,0,0,3,1,0,0,0,0,3
3331,2,2,1.0,1,0,1,0,0,0,0,0,1
3332,2,2,1.0,1,0,1,0,0,0,0,0,1
3333,2,2,0.5,1,0,2,1,0,0,0,0,3
3334,2,2,1.0,1,0,1,0,0,0,0,0,1
3335,4,4,0.8660254037844386,3,0,5,5,0,0,0,1,11
3336,2,2,0.5,1,0,2,1,0,0,0,0,3
3337,2,2,0.5,1,0,2,1,0,0,0,0,3
3338,2,2,1.0,1,0,1,0,0,0,0,0,1
3339,3,3,0.0,2,0,2,0,0,1,0,0,3
3340,2,2,0.5,1,0,2,1,0,0,0,0,3
3341,2,2,1.0,1,0,1,0,0,0,0,0,1
3342,2,2,1.0,1,0,1,0,0,0,0,0,1
3343,2,2,1.0,1,0,1,0,0,0,0,0,1
3344,2,2,0.5,1,0,2,1,0,0,0,0,3
3345,4,4,0.8660254037844386,3,0,5,5,0,0,0,1,11
3346,2,2,0.5,1,0,2,1,0,0,0,0,3
3347,2,2,0.5,1,0,2,1,0,0,0,0,3
3348,2,2,1.0,1,0,1,0,0,0,0,0,1
3349,2,2,1.0,1,0,1,0,0,0,0,0,1
3350,3,3,0.0,2,0,2,0,0,1,0,0,3
3351,2,2,0.5,1,0,2,1,0,0,0,0,3
3352,2,2,0.0,1,0,1,0,0,0,0,0,1
3353,2,2,1.0,1,0,1,0,0,0,0,0,1
3354,2,2,1.0,1,0,1,0,0,0,0,0,1
3355,2,2,1.0,1,0,1,0,0,0,0,0,1
3356,1,1,0.0,0,0,1,0,0,0,0,0,1
3357,2,2,0.5,1,0,2,1,0,0,0,0,3
3358,2,2,1.0,1,0,1,0,0,0,0,0,1
3359,2,2,1.0,1,0,1,0,0,0,0,0,1
3360,2,2,1.0,1,0,1,0,0,0,0,0,1
3361,41,41,0.8861415670529244,30,0,59,213,80,10,0,0,362
3362,1,1,0.0,0,0,1,0,0,0,0,0,1
3363,2,2,0.0,1,0,1,0,0,0,0,0,1
3364,29,29,0.18246560765962694,28,0,48,226,23,15,0,0,312
3365,2,2,1.0,1,0,1,0,0,0,0,0,1
3366,2,2,1.0,1,0,1,0,0,0,0,0,1
3367,1,1,0.0,0,0,1,0,0,0,0,0,1
3368,2,2,1.0,1,0,1,0,0,0,0,0,1
3369,2,2,1.0,1,0,1,0,0,0,0,0,1
3370,2,2,1.0,1,0,1,0,0,0,0,0,1
3371,2,2,1.0,1,0,1,0,0,0,0,0,1
3372,2,2,1.0,1,0,1,0,0,0,0,0,1
3373,2,2,1.0,1,0,1,0,0,0,0,0,1
3374,2,2,1.0,1,0,1,0,0,0,0,0,1
3375,2,2,1.0,1,0,1,0,0,0,0,0,1
3376,2,2,0.5,1,0,3,0,1,0,0,0,3
3377,2,2,1.0,1,0,1,0,0,0,0,0,1
3378,3,3,0.4714045207910317,2,0,7,0,0,0,0,0,5
3379,2,2,1.0,1,0,1,0,0,0,0,0,1
3380,2,2,0.0,1,0,1,0,0,0,0,0,1
3381,3,3,0.0,2,0,7,10,0,0,0,0,17
3382,2,2,1.0,1,0,1,0,0,0,0,0,1
3383,102,102,0.4354751434218198,93,0,300,2580,1554,253,0,0,4687
3384,2,2,1.0,1,0,1,0,0,0,0,0,1
3385,2,2,0.0,1,0,1,0,0,0,0,0,1
3386,1,1,0.0,0,0,1,0,0,0,0,0,1
3387,2,2,0.5,1,0,2,1,0,0,0,0,3
3388,2,2,1.0,1,0,1,0,0,0,0,0,1
3389,2,2,1.0,1,0,1,0,0,0,0,0,1
3390,2,2,0.0,1,0,1,0,0,0,0,0,1
3391,1,1,0.0,0,0,1,0,0,0,0,0,1
3392,2,2,1.0,1,0,1,0,0,0,0,0,1
3393,2,2,1.0,1,0,1,0,0,0,0,0,1
3394,2,2,0.0,1,0,1,0,0,0,0,0,1
3395,1,1,0.0,0,0,1,0,0,0,0,0,1
3396,2,2,0.5,1,0,2,1,0,0,0,0,3
3397,2,2,0.5,1,0,2,1,0,0,0,0,3
3398,1,1,0.0,0,0,1,0,0,0,0,0,1
3399,3,3,0.0,2,0,2,0,0,0,0,0,2
3400,2,2,1.0,1,0,1,0,0,0,0,0,1
3401,2,2,1.0,1,0,1,0,0,0,0,0,1
3402,2,2,1.0,1,0,1,0,0,0,0,0,1
3403,1,1,0.0,0,0,2,1,0,0,0,0,3
3404,2,2,1.0,1,0,1,0,0,0,0,0,1
3405,2,2,0.0,1,0,3,0,0,0,0,0,3
3406,1,1,0.0,0,0,1,0,0,0,0,0,1
3407,3,3,0.9428090415820634,2,0,2,1,0,0,0,0,3
3408,2,2,0.0,1,0,1,0,0,0,0,0,1
3409,2,2,1.0,1,0,1,0,0,0,0,0,1
3410,2,2,1.0,1,0,1,0,0,0,0,0,1
3411,1,1,0.0,0,0,1,0,0,0,0,0,1
3412,1,1,0.0,0,0,2,1,0,0,0,0,3
3413,1,1,0.0,0,0,1,0,0,0,0,0,1
3414,3,3,0.9428090415820634,2,0,3,0,0,0,0,0,3
3415,2,2,0.0,1,0,1,0,0,0,0,0,1
3416,1,1,0.0,0,0,1,0,0,0,0,0,1
3417,1,1,0.0,0,0,1,0,0,0,0,0,1
3418,1,1,0.0,0,0,1,0,0,0,0,0,1
3419,2,2,1.0,1,0,1,0,0,0,0,0,1
3420,2,2,1.0,1,0,3,0,2,0,0,0,5
3421,2,2,1.0,1,0,1,0,0,0,0,0,1
3422,3,3,0.9428090415820634,2,0,2,0,0,0,0,0,2
3423,2,2,0.0,1,0,1,0,0,0,0,0,1
3424,3,3,0.816496580927726,1,0,3,3,0,0,0,0,6
3425,4,4,0.8660254037844386,3,0,5,5,3,1,0,0,14
3426,11,11,0.616575453011388,9,0,27,26,12,0,0,0,62
3427,1,1,0.0,0,0,1,0,0,0,0,0,1
3428,5,5,0.8,4,0,4,3,0,0,0,0,7
3429,3,3,0.9428090415820634,2,0,2,0,0,0,0,0,2
3430,4,4,0.8660254037844386,3,0,3,0,0,0,0,0,3
3431,2,2,0.0,1,0,1,0,0,0,0,0,1
3432,4,4,0.8660254037844386,3,0,3,0,0,0,0,0,3
3433,1,1,0.0,0,0,1,0,0,0,0,0,1
3434,1,1,0.0,0,0,1,0,0,0,0,0,1
3435,2,2,0.0,1,0,1,0,0,0,0,0,1
3436,4,4,0.8660254037844386,2,0,4,1,0,0,0,0,4
3437,2,2,1.0,1,0,1,0,0,0,0,0,1
3438,3,3,0.9428090415820634,1,0,2,1,0,0,0,0,3
3439,3,3,0.0,2,0,2,0,0,0,0,0,2
3440,3,3,0.9428090415820634,1,0,2,1,0,0,0,0,3
3441,4,4,0.8660254037844386,3,0,3,0,0,0,0,0,3
3442,1,1,0.0,0,0,1,0,0,0,0,0,1
3443,1,1,0.0,0,0,2,1,0,0,0,0,3
3444,2,2,1.0,1,0,1,0,0,0,0,0,1
3445,1,1,0.0,0,0,1,0,0,0,0,0,1
3446,18,18,0.5328701692569688,15,0,38,23,10,1,0,24,93
3447,2,2,0.0,1,0,1,0,0,0,0,0,1
3448,1,1,0.0,0,0,1,0,0,0,0,0,1
3449,2,2,1.0,1,0,1,0,0,0,0,0,1
3450,2,2,0.0,1,0,1,0,0,0,0,0,1
3451,2,2,1.0,1,0,1,0,0,0,0,0,1
3452,4,4,0.8660254037844386,1,0,3,0,0,0,0,0,3
3453,10,10,0.6403124237432849,8,0,24,19,15,2,0,1,59
3454,2,2,0.0,1,0,1,0,0,0,0,0,1
3455,2,2,1.0,1,0,1,0,0,0,0,0,1
3456,3,3,0.816496580927726,1,0,3,0,0,0,0,0,3
3457,4,4,0.0,3,0,3,0,0,0,0,0,3
3458,3,3,0.9428090415820634,2,0,2,1,0,0,0,0,3
3459,2,2,1.0,1,0,1,0,0,0,0,0,1
3460,2,2,1.0,1,0,1,0,0,0,0,0,1
3461,2,2,1.0,1,0,1,0,0,0,0,0,1
3462,2,2,1.0,1,0,1,0,0,0,0,0,1
3463,16,16,0.5590169943749475,13,0,33,19,6,1,0,18,74
3464,2,2,1.0,1,0,1,0,0,0,0,0,1
3465,2,2,1.0,1,0,1,0,0,0,0,0,1
3466,5,5,0.8,4,0,4,1,0,0,0,0,5
3467,4,4,0.8660254037844386,3,0,3,1,0,0,0,0,4
3468,7,7,0.3499271061118826,6,0,10,3,1,0,0,0,13
3469,3,3,0.9428090415820634,2,0,2,0,0,0,0,0,2
3470,2,2,1.0,1,0,4,0,0,0,1,0,4
3471,2,2,0.0,1,0,4,0,0,1,0,0,4
3472,2,2,1.0,1,0,1,0,0,0,0,0,1
3473,2,2,1.0,1,0,1,0,0,0,0,0,1
3474,5,5,0.8,4,0,4,1,0,0,0,0,5
3475,3,3,0.9428090415820634,2,0,3,0,0,0,0,0,3
3476,1,1,0.0,0,0,1,0,0,0,0,0,1
3477,2,2,1.0,1,0,1,0,0,0,0,0,1
3478,2,2,0.0,1,0,1,0,0,0,0,0,1
3479,2,2,1.0,1,0,1,0,0,0,0,0,1
3480,2,2,1.0,1,0,1,0,0,0,0,0,1
3481,1,1,0.0,0,0,1,0,0,0,0,0,1
3482,1,1,0.0,0,0,1,0,0,0,0,0,1
3483,1,1,0.0,0,0,1,0,0,0,0,0,1
3484,2,2,0.0,1,0,1,0,0,0,0,0,1
3485,2,2,0.0,1,0,1,0,0,0,0,0,1
3486,2,2,0.0,1,0,1,0,0,0,0,0,1
3487,2,2,0.0,1,0,1,0,0,0,0,0,1
3488,1,1,0.0,0,0,3,0,0,0,0,0,2
3489,1,1,0.0,0,0,1,0,0,0,0,0,1
3490,3,3,0.9428090415820634,2,0,3,0,0,0,0,0,3
3491,1,1,0.0,0,0,1,0,0,0,0,0,1
3492,2,2,1.0,1,0,1,0,0,0,0,0,1
3493,3,3,0.9428090415820634,2,0,7,4,0,1,2,4,18
3494,3,3,0.0,2,0,7,4,0,1,2,4,18
3495,3,3,0.9428090415820634,2,0,7,4,0,1,2,4,18
3496,3,3,0.0,2,0,7,4,0,1,2,4,18
3497,3,3,0.0,2,0,7,4,0,1,2,4,18
3498,3,3,0.0,2,0,7,4,0,1,2,4,18
3499,4,4,0.0,3,0,3,0,0,3,0,0,6
3500,2,2,1.0,1,0,1,0,0,0,0,0,1
3501,2,2,1.0,1,0,1,0,0,0,0,0,1
3502,5,5,0.4,4,0,9,3,0,1,3,3,19
3503,5,5,0.0,4,0,10,10,4,2,3,3,32
3504,6,6,0.37267799624996495,5,0,10,9,2,2,3,3,29
3505,6,6,0.37267799624996495,5,0,10,9,2,2,3,3,29
3506,4,4,0.4330127018922193,3,0,5,6,0,0,0,0,11
3507,4,4,0.4330127018922193,2,0,7,1,0,1,2,2,13
3508,2,2,1.0,1,0,1,0,0,0,0,0,1
3509,4,4,0.4330127018922193,2,0,7,1,0,1,2,2,13
3510,1,1,0.0,0,0,1,0,0,0,0,0,1
3511,5,5,0.8,4,0,8,2,0,2,4,4,20
3512,91,91,0.532938710021193,84,0,222,2555,1234,307,0,6,4323
3513,1,1,0.0,0,0,1,0,0,0,0,0,1
3514,2,2,1.0,1,0,1,0,0,0,0,0,1
3515,2,2,1.0,1,0,1,0,0,0,0,0,1
3516,3,3,0.9428090415820634,2,0,2,0,0,0,0,0,2
3517,5,5,0.4,4,0,9,3,0,1,3,3,19
3518,2,2,1.0,1,0,1,0,0,0,0,0,1
3519,5,5,0.0,4,0,10,10,4,2,3,3,32
3520,6,6,0.37267799624996495,5,0,10,9,2,2,3,3,29
3521,6,6,0.37267799624996495,5,0,10,9,2,2,3,3,29
3522,4,4,0.4330127018922193,3,0,5,6,0,0,0,0,11
3523,3,3,0.0,2,0,5,6,0,0,0,0,11
3524,2,2,1.0,1,0,1,0,0,0,0,0,1
3525,113,113,0.30166478847892586,104,0,323,1418,1085,348,0,2791,5957
3526,3,3,0.9428090415820634,1,0,2,0,0,1,0,0,3
3527,28,28,0.6468132241526726,23,0,50,132,31,21,61,174,469
3528,2,2,0.0,1,0,1,0,0,0,0,0,1
3529,2,2,0.0,1,0,1,0,0,0,0,0,1
3530,2,2,1.0,1,0,1,0,0,0,0,0,1
3531,2,2,1.0,1,0,1,0,0,0,0,0,1
3532,5,5,0.6324555320336759,4,0,8,7,1,1,2,4,23
3533,5,5,0.6324555320336759,4,0,8,7,1,1,2,4,23
3534,5,5,0.6324555320336759,4,0,8,7,1,1,2,4,23
3535,5,5,0.6324555320336759,4,0,8,7,1,1,2,4,23
3536,5,5,0.6324555320336759,4,0,8,7,1,1,2,4,23
3537,5,5,0.6324555320336759,4,0,8,7,1,1,2,4,23
3538,5,5,0.6324555320336759,4,0,8,7,1,1,2,4,23
3539,2,2,1.0,1,0,1,0,0,0,0,0,1
3540,76,76,0.27600232846582934,73,0,252,1063,666,225,0,270,2469
3541,2,2,1.0,1,0,1,0,0,0,0,0,1
3542,1,1,0.0,0,0,1,0,0,0,0,0,1
3543,6,6,0.37267799624996495,4,0,7,9,3,1,0,0,20
3544,1,1,0.0,0,0,2,0,0,0,1,0,3
3545,6,6,0.7453559924999299,4,0,13,13,2,0,0,12,39
3546,2,2,1.0,1,0,1,0,0,0,0,0,1
3547,2,2,0.5,1,0,1,0,0,0,0,0,1
3548,2,2,1.0,1,0,1,0,0,0,0,0,1
3549,2,2,1.0,1,0,1,0,0,0,0,0,1
3550,2,2,0.5,1,0,2,0,0,0,0,1,3
3551,2,2,1.0,1,0,1,0,0,0,0,0,1
3552,2,2,1.0,1,0,1,0,0,0,0,0,1
3553,2,2,1.0,1,0,1,0,0,0,0,0,1
3554,2,2,1.0,1,0,1,0,0,0,0,0,1
3555,2,2,1.0,1,0,1,0,0,0,0,0,1
3556,2,2,1.0,1,0,1,0,0,0,0,0,1
3557,2,2,1.0,1,0,1,0,0,0,0,0,1
3558,2,2,1.0,1,0,1,0,0,0,0,0,1
3559,2,2,1.0,1,0,1,0,0,0,0,0,1
3560,3,3,0.9428090415820634,2,0,2,0,0,0,0,0,2
3561,2,2,1.0,1,0,3,1,0,0,1,0,5
3562,1,1,0.0,0,0,1,0,0,0,0,0,1
3563,2,2,0.0,1,0,1,0,0,0,0,0,1
3564,75,75,0.6344201201797504,64,0,241,2021,948,162,0,0,3372
3565,1,1,0.0,0,0,1,0,0,0,0,0,1
3566,4,4,0.8660254037844386,2,0,3,1,0,0,0,0,4
3567,2,2,0.0,1,0,1,0,0,0,0,0,1
3568,1,1,0.0,0,0,1,0,0,0,0,0,1
3569,1,1,0.0,0,0,1,0,0,0,0,0,1
3570,2,2,0.5,1,0,4,4,1,0,0,0,9
3571,1,1,0.0,0,0,1,0,0,0,0,0,1
3572,1,1,0.0,0,0,1,0,0,0,0,0,1
3573,6,6,0.37267799624996495,5,0,10,4,1,4,4,4,27
3574,3,3,0.9428090415820634,2,0,2,0,0,0,0,0,2
3575,4,4,0.0,3,0,3,0,0,3,0,0,6
3576,2,2,1.0,1,0,1,0,0,0,0,0,1
3577,2,2,1.0,1,0,1,0,0,0,0,0,1
3578,4,4,0.4330127018922193,3,0,4,1,0,0,0,0,5
3579,2,2,0.0,1,0,1,0,0,0,0,0,1
3580,1,1,0.0,0,0,2,1,0,0,0,0,3
3581,2,2,1.0,1,0,1,0,0,0,0,0,1
3582,2,2,1.0,1,0,1,0,0,0,0,0,1
3583,3,3,0.9428090415820634,2,0,2,0,0,0,0,0,2
3584,2,2,0.0,1,0,1,0,0,0,0,0,1
3585,25,25,0.664529909033446,21,0,42,106,24,12,0,0,184
3586,2,2,1.0,1,0,1,0,0,0,0,0,1
3587,2,2,1.0,1,0,1,0,0,0,0,0,1
3588,3,3,0.9428090415820634,2,0,2,0,0,0,0,0,2
3589,2,2,1.0,1,0,1,0,0,0,0,0,1
3590,2,2,1.0,1,0,1,0,0,0,0,0,1
3591,2,2,1.0,1,0,1,0,0,0,0,0,1
3592,76,76,0.27600232846582934,73,0,252,1063,666,225,0,270,2469
3593,2,2,1.0,1,0,1,0,0,0,0,0,1
3594,2,2,1.0,1,0,1,0,0,0,0,0,1
3595,3,3,0.9428090415820634,2,0,2,0,0,0,0,0,2
3596,1,1,0.0,0,0,1,0,0,0,0,0,1
3597,2,2,0.5,1,0,2,1,0,0,0,0,3
3598,2,2,0.5,1,0,2,0,0,0,0,0,2
3599,2,2,0.5,1,0,2,0,0,0,0,0,2
3600,2,2,0.5,1,0,2,0,0,0,0,0,2
3601,2,2,1.0,1,0,1,0,0,0,0,0,1
3602,2,2,1.0,1,0,1,0,0,0,0,0,1
3603,2,2,1.0,1,0,1,0,0,0,0,0,1
3604,2,2,0.5,1,0,2,1,0,0,0,0,3
3605,2,2,0.5,1,0,2,1,0,0,0,0,3
3606,2,2,1.0,1,0,1,0,0,0,0,0,1
3607,2,2,1.0,1,0,1,0,0,0,0,0,1
3608,2,2,1.0,1,0,1,0,0,0,0,0,1
3609,2,2,0.5,1,0,2,0,0,0,0,1,3
3610,2,2,1.0,1,0,1,0,0,0,0,0,1
3611,2,2,1.0,1,0,1,0,0,0,0,0,1
3612,2,2,1.0,1,0,1,0,0,0,0,0,1
3613,2,2,1.0,1,0,1,0,0,0,0,0,1
3614,2,2,1.0,1,0,1,0,0,0,0,0,1
3615,2,2,1.0,1,0,1,0,0,0,0,0,1
3616,2,2,1.0,1,0,1,0,0,0,0,0,1
3617,2,2,1.0,1,0,1,0,0,0,0,0,1
3618,2,2,1.0,1,0,1,0,0,0,0,0,1
3619,113,113,0.30166478847892586,104,0,323,1418,1085,348,0,2791,5957
3620,2,2,1.0,1,0,1,0,0,0,0,0,1
3621,2,2,1.0,1,0,1,0,0,0,0,0,1
3622,2,2,0.0,1,0,1,0,0,0,0,0,1
3623,2,2,1.0,0,0,1,0,0,0,0,0,1
3624,2,2,1.0,0,0,1,0,0,0,0,0,1
3625,2,2,1.0,0,0,1,0,0,0,0,0,1
3626,2,2,1.0,0,0,1,0,0,0,0,0,1
3627,2,2,1.0,0,0,1,0,0,0,0,0,1
3628,2,2,1.0,0,0,1,0,0,0,0,0,1
3629,2,2,1.0,0,0,1,0,0,0,0,0,1
3630,2,2,1.0,0,0,1,0,0,0,0,0,1
3631,2,2,1.0,0,0,1,0,0,0,0,0,1
3632,2,2,1.0,0,0,1,0,0,0,0,0,1
3633,2,2,1.0,0,0,1,0,0,0,0,0,1
3634,2,2,1.0,0,0,1,0,0,0,0,0,1
3635,2,2,0.5,1,0,2,0,0,0,0,1,3
3636,2,2,1.0,0,0,1,0,0,0,0,0,1
3637,182,182,0.3963667867444271,173,0,595,7356,3448,474,0,38,11895
3638,2,2,0.0,1,0,3,1,0,0,0,0,4
3639,26,26,0.5384615384615384,18,0,39,266,107,67,0,0,479
3640,7,7,0.9035079029052513,5,0,14,3,0,4,6,6,33
3641,2,2,1.0,1,0,3,1,0,0,0,0,4
3642,2,2,1.0,1,0,1,0,0,0,0,0,1
3643,2,2,1.0,1,0,1,0,0,0,0,0,1
3644,2,2,0.0,1,0,1,0,0,0,0,0,1
3645,1,1,0.0,0,0,2,1,0,0,0,0,3
3646,5,5,0.6324555320336759,4,0,8,7,1,1,2,4,23
3647,5,5,0.6324555320336759,4,0,8,7,1,1,2,4,23
3648,5,5,0.6324555320336759,4,0,8,7,1,1,2,4,23
3649,5,5,0.6324555320336759,4,0,8,7,1,1,2,4,23
3650,5,5,0.6324555320336759,4,0,8,7,1,1,2,4,23
3651,5,5,0.6324555320336759,4,0,8,7,1,1,2,4,23
3652,5,5,0.6324555320336759,4,0,8,7,1,1,2,4,23
3653,5,5,0.6324555320336759,4,0,8,7,1,1,2,4,23
3654,3,3,0.9428090415820634,2,0,2,0,0,0,0,0,2
3655,5,5,0.6324555320336759,4,0,8,7,1,1,2,4,23
3656,5,5,0.6324555320336759,4,0,8,7,1,1,2,4,23
3657,5,5,0.6324555320336759,4,0,8,7,1,1,2,4,23
3658,5,5,0.6324555320336759,4,0,8,7,1,1,2,4,23
3659,5,5,0.6324555320336759,4,0,8,7,1,1,2,4,23
3660,5,5,0.6324555320336759,4,0,8,7,1,1,2,4,23
3661,5,5,0.6324555320336759,4,0,8,7,1,1,2,4,23
3662,6,6,0.37267799624996495,4,0,7,9,3,1,0,0,20
3663,4,4,0.4330127018922193,3,0,4,1,0,0,0,0,5
3664,3,3,0.4714045207910317,1,1,3,3,0,0,0,0,6
3665,5,5,0.8,4,0,8,2,0,2,4,4,20
3666,1,1,0.0,0,0,1,0,0,0,0,0,1
3667,1,1,0.0,0,0,1,0,0,0,0,0,1
3668,7,7,0.0,6,0,8,1,1,1,0,3,14
3669,3,3,0.9428090415820634,2,0,2,0,0,0,0,0,2
3670,85,85,0.5734615344448913,56,0,159,3746,1728,830,0,0,6463
3671,2,2,1.0,1,0,1,0,0,0,0,0,1
3672,3,3,0.9428090415820634,2,0,2,0,0,0,0,0,2
3673,2,2,0.0,1,0,1,0,0,0,0,0,1
3674,25,25,0.664529909033446,21,0,42,106,24,12,0,0,184
3675,2,2,1.0,1,0,3,1,0,0,1,0,5
3676,1,1,0.0,0,0,1,0,0,0,0,0,1
3677,2,2,0.5,1,0,1,0,0,0,0,0,1
3678,1,1,0.0,0,0,2,0,0,0,1,0,3
3679,6,6,0.7453559924999299,4,0,13,13,2,0,0,12,39
3680,2,2,1.0,1,0,1,0,0,0,0,0,1
3681,2,2,1.0,1,0,1,0,0,0,0,0,1
3682,75,75,0.6344201201797504,64,0,241,2021,948,162,0,0,3372
3683,2,2,1.0,1,0,1,0,0,0,0,0,1
3684,3,3,0.9428090415820634,2,0,2,0,0,0,0,0,2
3685,13,13,0.7216024245882199,10,0,24,35,21,9,0,53,142
3686,16,16,0.33071891388307384,14,0,43,68,17,5,0,61,192
3687,1,1,0.0,0,0,1,0,0,0,0,0,1
3688,4,4,0.8660254037844386,2,0,3,1,0,0,0,0,4
3689,2,2,0.0,1,0,1,0,0,0,0,0,1
3690,1,1,0.0,0,0,1,0,0,0,0,0,1
3691,1,1,0.0,0,0,1,0,0,0,0,0,1
3692,2,2,0.5,1,0,4,4,1,0,0,0,9
3693,1,1,0.0,0,0,1,0,0,0,0,0,1
3694,1,1,0.0,0,0,1,0,0,0,0,0,1
3695,6,6,0.37267799624996495,5,0,10,4,1,4,4,4,27
3696,2,2,1.0,1,0,1,0,0,0,0,0,1
3697,33,33,0.7713892158398701,27,0,60,119,34,28,0,234,467
3698,5,5,0.9797958971132712,3,0,4,1,0,0,0,1,6
3699,7,7,0.4948716593053935,3,0,16,10,10,0,0,4,40
3700,4,4,0.0,3,0,10,16,6,1,0,8,41
3701,1,1,0.0,0,0,1,0,0,0,0,0,1
3702,5,5,0.8,4,0,8,2,0,2,4,4,20
3703,1,1,0.0,0,0,1,0,0,0,0,0,1
3704,1,1,0.0,0,0,2,1,0,0,0,0,3
3705,2,2,0.5,1,0,4,4,1,0,0,0,9
3706,1,1,0.0,0,0,2,1,0,0,0,0,3
3707,1,1,0.0,0,0,1,0,0,0,0,0,1
3708,1,1,0.0,0,0,1,0,0,0,0,0,1
3709,1,1,0.0,0,0,1,0,0,0,0,0,1
3710,1,1,0.0,0,0,1,0,0,0,0,0,1
3711,1,1,0.0,0,0,1,0,0,0,0,0,1
3712,1,1,0.0,0,0,1,0,0,0,0,0,1
3713,1,1,0.0,0,0,1,0,0,0,0,0,1
3714,1,1,0.0,0,0,1,0,0,0,0,0,1
3715,3,3,0.9428090415820634,2,0,4,1,0,0,1,0,6
3716,3,3,0.816496580927726,1,0,3,0,0,0,0,0,3
3717,2,2,1.0,1,0,1,0,0,0,0,0,1
3718,1,1,0.0,0,0,1,0,0,0,0,0,1
3719,2,2,1.0,1,0,1,0,0,0,0,0,1
3720,2,2,1.0,1,0,1,0,0,0,0,0,1
3721,2,2,1.0,1,0,1,0,0,0,0,0,1
3722,1,1,0.0,0,0,1,0,0,0,0,0,1
3723,2,2,1.0,1,0,1,0,0,0,0,0,1
3724,2,2,1.0,1,0,1,0,0,0,0,0,1
3725,2,2,1.0,1,0,1,0,0,0,0,0,1
3726,2,2,1.0,1,0,1,0,0,0,0,0,1
3727,113,113,0.30166478847892586,104,0,323,1418,1085,348,0,2791,5957
3728,2,2,1.0,1,0,1,0,0,0,0,0,1
3729,2,2,1.0,1,0,1,0,0,0,0,0,1
3730,2,2,1.0,1,0,1,0,0,0,0,0,1
3731,2,2,1.0,1,0,1,0,0,0,0,0,1
3732,2,2,0.0,1,0,1,0,0,0,0,0,1
3733,25,25,0.664529909033446,21,0,42,106,24,12,0,0,184
3734,3,3,0.9428090415820634,2,0,7,4,0,1,2,4,18
3735,3,3,0.0,2,0,7,4,0,1,2,4,18
3736,3,3,0.9428090415820634,2,0,7,4,0,1,2,4,18
3737,3,3,0.0,2,0,7,4,0,1,2,4,18
3738,3,3,0.0,2,0,7,4,0,1,2,4,18
3739,3,3,0.0,2,0,7,4,0,1,2,4,18
3740,2,2,1.0,1,0,1,0,0,0,0,0,1
3741,2,2,1.0,1,0,1,0,0,0,0,0,1
3742,91,91,0.532938710021193,84,0,222,2555,1234,307,0,6,4323
3743,76,76,0.27600232846582934,73,0,252,1063,666,225,0,270,2469
3744,1,1,0.0,0,0,1,0,0,0,0,0,1
3745,3,3,0.9428090415820634,2,0,2,0,0,0,0,0,2
3746,3,3,0.9428090415820634,2,0,2,0,0,0,0,0,2
3747,13,13,0.7216024245882199,10,0,24,35,21,9,0,53,142
3748,16,16,0.33071891388307384,14,0,43,68,17,5,0,61,192
3749,7,7,0.9035079029052513,5,0,14,3,0,4,6,6,33
3750,4,4,0.0,3,0,3,0,0,3,0,0,6
3751,2,2,1.0,1,0,1,0,0,0,0,0,1
3752,2,2,1.0,1,0,1,0,0,0,0,0,1
3753,70,70,0.5422929398886374,62,0,168,1343,642,148,0,3,2303
3754,2,2,0.5,1,0,2,1,0,0,0,0,3
3755,2,2,0.5,1,0,2,1,0,0,0,0,3
3756,2,2,0.5,1,0,2,0,0,0,0,1,3
3757,2,2,1.0,1,0,1,0,0,0,0,0,1
3758,2,2,1.0,1,0,1,0,0,0,0,0,1
3759,2,2,1.0,1,0,1,0,0,0,0,0,1
3760,2,2,1.0,1,0,1,0,0,0,0,0,1
3761,2,2,1.0,1,0,1,0,0,0,0,0,1
3762,2,2,1.0,1,0,1,0,0,0,0,0,1
3763,2,2,0.5,1,0,2,1,0,0,0,0,3
3764,2,2,0.5,1,0,2,0,0,0,0,0,2
3765,2,2,0.5,1,0,2,0,0,0,0,1,3
3766,2,2,0.5,1,0,2,0,0,0,0,0,2
3767,2,2,0.5,1,0,2,0,0,0,0,0,2
3768,2,2,0.0,1,0,1,0,0,0,0,0,1
3769,2,2,1.0,0,0,1,0,0,0,0,0,1
3770,2,2,1.0,0,0,1,0,0,0,0,0,1
3771,2,2,1.0,0,0,1,0,0,0,0,0,1
3772,2,2,1.0,0,0,1,0,0,0,0,0,1
3773,2,2,1.0,0,0,1,0,0,0,0,0,1
3774,2,2,1.0,0,0,1,0,0,0,0,0,1
3775,2,2,1.0,0,0,1,0,0,0,0,0,1
3776,2,2,1.0,0,0,1,0,0,0,0,0,1
3777,2,2,1.0,0,0,1,0,0,0,0,0,1
3778,2,2,1.0,0,0,1,0,0,0,0,0,1
3779,2,2,1.0,0,0,1,0,0,0,0,0,1
3780,2,2,1.0,0,0,1,0,0,0,0,0,1
3781,2,2,1.0,0,0,1,0,0,0,0,0,1
3782,182,182,0.3963667867444271,173,0,595,7356,3448,474,0,38,11895
3783,2,2,0.0,1,0,3,1,0,0,0,0,4
3784,2,2,1.0,1,0,1,0,0,0,0,0,1
3785,2,2,1.0,1,0,1,0,0,0,0,0,1
3786,26,26,0.5384615384615384,18,0,39,266,107,67,0,0,479
3787,6,6,0.37267799624996495,4,0,7,9,3,1,0,0,20
3788,2,2,1.0,1,0,3,1,0,0,1,0,5
3789,2,2,1.0,1,0,1,0,0,0,0,0,1
3790,3,3,0.4714045207910317,2,0,3,0,0,0,0,0,3
3791,1,1,0.0,0,0,1,0,0,0,0,0,1
3792,2,2,1.0,1,0,1,0,0,0,0,0,1
3793,2,2,0.5,1,0,2,0,0,0,0,0,2
3794,2,2,1.0,1,0,1,0,0,0,0,0,1
3795,3,3,0.9428090415820634,2,0,2,0,0,0,0,0,2
3796,4,4,0.4330127018922193,3,0,4,1,0,0,0,0,5
3797,3,3,0.9428090415820634,2,0,2,0,0,0,0,0,2
3798,2,2,0.5,1,0,1,0,0,0,0,0,1
3799,1,1,0.0,0,0,2,0,0,0,1,0,3
3800,6,6,0.7453559924999299,4,0,13,13,2,0,0,12,39
3801,2,2,1.0,1,0,1,0,0,0,0,0,1
3802,2,2,1.0,1,0,1,0,0,0,0,0,1
3803,2,2,1.0,1,0,1,0,0,0,0,0,1
3804,2,2,1.0,1,0,1,0,0,0,0,0,1
3805,1,1,0.0,0,0,1,0,0,0,0,0,1
3806,4,4,0.8660254037844386,2,0,3,1,0,0,0,0,4
3807,2,2,0.0,1,0,1,0,0,0,0,0,1
3808,1,1,0.0,0,0,1,0,0,0,0,0,1
3809,1,1,0.0,0,0,1,0,0,0,0,0,1
3810,2,2,0.5,1,0,4,4,1,0,0,0,9
3811,1,1,0.0,0,0,1,0,0,0,0,0,1
3812,1,1,0.0,0,0,1,0,0,0,0,0,1
3813,6,6,0.37267799624996495,5,0,10,4,1,4,4,4,27
3814,2,2,1.0,1,0,1,0,0,0,0,0,1
3815,75,75,0.6344201201797504,64,0,241,2021,948,162,0,0,3372
3816,2,2,1.0,1,0,1,0,0,0,0,0,1
3817,33,33,0.7713892158398701,27,0,60,119,34,28,0,234,467
3818,5,5,0.9797958971132712,3,0,4,1,0,0,0,1,6
3819,7,7,0.4948716593053935,3,0,16,10,10,0,0,4,40
3820,4,4,0.0,3,0,10,16,6,1,0,8,41
3821,5,5,0.8,4,0,8,2,0,2,4,4,20
3822,1,1,0.0,0,0,1,0,0,0,0,0,1
3823,1,1,0.0,0,0,1,0,0,0,0,0,1
3824,1,1,0.0,0,0,2,1,0,0,0,0,3
3825,2,2,0.5,1,0,4,4,1,0,0,0,9
3826,1,1,0.0,0,0,2,1,0,0,0,0,3
3827,1,1,0.0,0,0,1,0,0,0,0,0,1
3828,1,1,0.0,0,0,1,0,0,0,0,0,1
3829,1,1,0.0,0,0,1,0,0,0,0,0,1
3830,1,1,0.0,0,0,1,0,0,0,0,0,1
3831,1,1,0.0,0,0,1,0,0,0,0,0,1
3832,1,1,0.0,0,0,1,0,0,0,0,0,1
3833,1,1,0.0,0,0,1,0,0,0,0,0,1
3834,1,1,0.0,0,0,1,0,0,0,0,0,1
3835,3,3,0.9428090415820634,2,0,4,1,0,0,1,0,6
3836,3,3,0.816496580927726,1,0,3,0,0,0,0,0,3
3837,1,1,0.0,0,0,1,0,0,0,0,0,1
3838,2,2,1.0,1,0,1,0,0,0,0,0,1
3839,13,13,0.8426500884694863,10,0,27,32,19,1,0,1,78
3840,15,15,0.8844332774281066,11,0,30,32,19,1,0,1,81
3841,2,2,0.5,1,0,2,1,0,0,0,0,3
3842,2,2,0.5,1,0,2,0,0,0,0,0,2
3843,2,2,1.0,1,0,1,0,0,0,0,0,1
3844,2,2,1.0,1,0,1,0,0,0,0,0,1
3845,2,2,1.0,1,0,1,0,0,0,0,0,1
3846,2,2,1.0,1,0,1,0,0,0,0,0,1
3847,8,8,0.6614378277661477,7,0,15,4,15,1,0,0,35
3848,3,3,0.4714045207910317,2,0,3,0,0,1,0,0,4
3849,4,4,0.8660254037844386,3,0,15,6,4,0,0,0,23
3850,1,1,0.0,0,0,1,0,0,0,0,0,1
3851,7,7,0.8806305718527109,4,0,8,7,0,0,0,0,15
3852,1,1,0.0,0,0,1,0,0,0,0,0,1
3853,1,1,0.0,0,0,1,0,0,0,0,0,1
3854,2,2,0.0,1,0,1,0,0,0,0,0,1
3855,4,4,0.8660254037844386,3,0,9,9,4,0,0,0,21
3856,2,2,1.0,1,0,1,0,0,0,0,0,1
3857,2,2,1.0,1,0,1,0,0,0,0,0,1
3858,5,5,0.7483314773547883,1,1,5,3,0,1,0,0,9
3859,2,2,1.0,1,0,1,0,0,0,0,0,1
3860,1,1,0.0,0,0,1,0,0,0,0,0,1
3861,2,2,1.0,1,0,1,0,0,0,0,0,1
3862,1,1,0.0,0,0,1,0,0,0,0,0,1
3863,1,1,0.0,0,0,1,0,0,0,0,0,1
3864,2,2,1.0,1,0,6,0,1,1,0,0,5
3865,15,15,0.24944382578492943,13,0,31,31,24,2,0,1,86
3866,1,1,0.0,0,0,1,0,0,0,0,0,1
3867,27,27,0.0,26,0,78,134,112,11,0,31,366
3868,2,2,1.0,1,0,1,0,0,0,0,0,1
3869,1,1,0.0,0,0,1,0,0,0,0,0,1
3870,14,14,0.6998542122237652,11,0,31,26,15,1,0,1,71
3871,1,1,0.0,0,0,2,0,0,0,0,0,1
3872,1,1,0.0,0,0,1,0,0,0,0,0,1
3873,2,2,1.0,1,0,1,0,0,0,0,0,1
3874,2,2,1.0,1,0,1,0,0,0,0,0,1
3875,2,2,0.0,1,0,1,0,0,0,0,0,1
3876,3,3,0.816496580927726,1,0,3,3,0,0,0,0,6
3877,2,2,1.0,1,0,1,0,0,0,0,0,1
3878,3,3,0.816496580927726,1,0,3,3,0,0,0,0,6
3879,2,2,0.0,0,0,1,0,0,0,0,0,1
3880,2,2,1.0,1,0,1,0,0,0,0,0,1
3881,2,2,0.0,0,0,1,0,0,0,0,0,1
3882,9,9,0.6666666666666666,7,0,20,18,8,0,0,0,45
3883,4,4,0.8660254037844386,3,0,3,1,0,0,0,0,4
3884,2,2,1.0,1,0,1,0,0,0,0,0,1
3885,2,2,1.0,1,0,1,0,0,0,0,0,1
3886,2,2,1.0,1,0,1,0,0,0,0,0,1
3887,2,2,1.0,1,0,1,0,0,0,0,0,1
3888,2,2,1.0,1,0,1,0,0,0,0,0,1
3889,3,3,0.9428090415820634,2,0,2,1,0,0,0,0,3
3890,3,3,0.9428090415820634,2,0,2,1,0,0,0,0,3
3891,4,4,0.8660254037844386,3,0,3,1,0,0,0,0,4
3892,2,2,1.0,1,0,1,0,0,0,0,0,1
3893,2,2,0.5,0,0,2,0,0,0,0,0,2
3894,2,2,0.0,1,0,1,0,0,0,0,0,1
3895,3,3,0.4714045207910317,1,0,3,0,0,1,0,0,4
3896,6,6,1.3437096247164249,4,3,5,2,0,0,0,1,8
3897,8,8,1.3169567191065923,5,3,7,2,0,0,0,1,10
3898,1,1,0.0,0,0,1,0,0,0,0,0,1
3899,2,2,0.0,0,0,1,0,0,0,0,0,1
3900,2,2,0.0,1,0,1,0,0,0,0,0,1
3901,1,1,0.0,0,0,1,0,0,0,0,0,1
3902,1,1,0.0,0,0,1,0,0,0,0,0,1
3903,6,6,0.37267799624996495,4,1,12,11,3,1,0,3,30
3904,3,3,0.4714045207910317,2,0,5,1,0,0,0,0,6
3905,8,8,0.8660254037844386,6,0,12,7,6,3,0,4,32
3906,1,1,0.0,0,0,1,0,0,0,0,0,1
3907,3,3,0.0,2,0,2,0,0,0,0,0,2
3908,3,3,0.4714045207910317,1,0,5,4,1,0,0,1,11
3909,1,1,0.0,0,0,1,0,0,0,0,0,1
3910,1,1,0.0,0,0,1,0,0,0,0,0,1
3911,4,4,0.82915619758885,1,1,5,3,1,1,0,1,11
3912,3,3,0.9428090415820634,2,0,2,0,0,0,0,0,2
3913,2,2,0.5,1,0,2,1,0,0,0,0,3
3914,2,2,1.0,1,0,1,0,0,0,0,0,1
3915,2,2,0.5,1,0,2,1,0,0,0,0,3
3916,2,2,0.0,1,0,3,1,0,0,0,0,4
3917,6,6,0.37267799624996495,5,0,21,19,9,4,10,55,117
3918,3,3,0.816496580927726,1,0,3,0,0,0,0,1,4
3919,1,1,0.0,0,0,3,0,0,0,0,0,3
3920,2,2,0.5,1,0,2,1,0,0,0,0,3
3921,2,2,1.0,0,0,1,0,0,0,0,0,1
3922,7,7,0.0,6,0,19,20,5,1,0,26,71
3923,2,2,1.0,1,0,1,0,0,0,0,0,1
3924,15,15,0.8692269873603532,9,2,19,12,6,6,0,18,61
3925,2,2,1.0,1,0,1,0,0,0,0,0,1
3926,5,5,0.8,2,0,5,1,0,0,0,0,6
3927,3,3,0.9428090415820634,2,0,3,0,0,0,0,1,4
3928,2,2,1.0,1,0,1,0,0,0,0,0,1
3929,2,2,0.0,1,0,1,0,0,0,0,0,1
3930,7,7,0.7284313590846836,4,0,9,7,0,1,0,3,20
3931,2,2,1.0,1,0,1,0,0,0,0,0,1
3932,1,1,0.0,0,0,2,1,0,0,0,0,3
3933,2,2,1.0,1,0,1,0,0,0,0,0,1
3934,2,2,1.0,1,0,1,0,0,0,0,0,1
3935,2,2,1.0,0,0,1,0,0,0,0,0,1
3936,2,2,0.0,1,0,1,0,0,0,0,0,1
3937,8,8,0.9270248108869579,3,0,9,1,1,0,0,1,12
3938,1,1,0.0,0,0,1,0,0,0,0,0,1
3939,1,1,0.0,0,0,2,1,0,0,0,0,3
3940,1,1,0.0,0,0,1,0,0,0,0,0,1
3941,2,2,0.5,1,0,4,2,1,0,0,3,10
3942,2,2,1.0,0,0,1,0,0,0,0,0,1
3943,4,4,0.0,3,0,9,5,0,0,0,0,14
3944,3,3,0.9428090415820634,2,0,6,3,0,0,0,0,9
3945,8,8,0.6614378277661477,7,0,9,8,0,0,0,6,23
3946,1,1,0.0,0,0,1,0,0,0,0,0,1
3947,1,1,0.0,0,0,1,0,0,0,0,0,1
3948,2,2,1.0,1,0,3,3,0,0,0,0,6
3949,1,1,0.0,0,0,2,1,0,0,0,0,3
3950,2,2,1.0,1,0,3,3,0,0,0,0,6
3951,2,2,1.0,1,0,3,3,0,0,0,0,6
3952,1,1,0.0,0,0,1,0,0,0,0,0,1
3953,1,1,0.0,0,0,2,1,0,0,0,0,3
3954,1,1,0.0,0,0,1,0,0,0,0,0,1
3955,2,2,1.0,1,0,1,0,0,0,0,0,1
3956,4,4,0.8660254037844386,3,0,5,0,0,0,0,0,5
3957,2,2,1.0,1,0,1,0,0,0,0,0,1
3958,2,2,1.0,1,0,1,0,0,0,0,0,1
3959,2,2,1.0,1,0,1,0,0,0,0,0,1
3960,2,2,1.0,1,0,1,0,0,0,0,0,1
3961,2,2,0.0,1,0,1,0,0,0,0,0,1
3962,3,3,0.9428090415820634,2,0,2,1,0,0,0,0,3
3963,3,3,0.9428090415820634,2,0,2,1,0,0,0,0,3
3964,1,1,0.0,0,0,1,0,0,0,0,0,1
3965,2,2,0.5,1,0,2,0,0,0,0,0,2
3966,1,1,0.0,0,0,1,0,0,0,0,0,1
3967,2,2,0.5,1,0,4,2,1,0,0,2,9
3968,10,10,0.806225774829855,7,0,12,4,3,3,0,0,22
3969,2,2,1.0,1,0,1,0,0,0,0,0,1
3970,1,1,0.0,0,0,1,0,0,0,0,0,1
3971,6,6,0.8975274678557507,3,0,6,0,1,1,0,1,9
3972,1,1,0.0,0,0,2,1,0,0,0,0,3
3973,1,1,0.0,0,0,2,1,0,0,0,0,3
3974,2,2,0.0,1,0,1,0,0,0,0,0,1
3975,4,4,0.4330127018922193,3,0,5,0,0,0,0,0,5
3976,1,1,0.0,0,0,1,0,0,0,0,0,1
3977,3,3,0.9428090415820634,2,0,2,1,0,0,0,0,3
3978,3,3,0.9428090415820634,2,0,2,1,0,0,0,0,3
3979,2,2,1.0,0,0,1,0,0,0,0,0,1
3980,1,1,0.0,0,0,1,0,0,0,0,0,1
3981,1,1,0.0,0,0,1,0,0,0,0,0,1
3982,2,2,0.0,1,0,1,0,0,0,0,0,1
3983,2,2,1.0,0,0,1,0,0,0,0,0,1
3984,5,5,0.8,3,0,7,4,7,3,2,2,25
3985,5,5,0.8,3,0,7,1,2,1,2,2,15
3986,26,26,0.48192169562083337,22,0,49,75,14,11,21,155,325
3987,2,2,1.0,1,0,4,1,1,1,0,0,6
3988,2,2,1.0,0,0,1,0,0,0,0,0,1
3989,2,2,0.5,0,1,1,0,0,0,0,0,1
3990,1,1,0.0,0,0,1,0,0,0,0,0,1
3991,4,4,0.4330127018922193,3,0,7,4,0,0,0,6,17
3992,4,4,1.0,2,0,3,0,1,0,0,0,4
3993,3,3,0.4714045207910317,2,0,7,1,0,0,0,3,11
3994,11,11,0.0,10,0,30,39,11,1,0,91,172
3995,3,3,0.4714045207910317,0,1,2,1,0,0,0,0,3
3996,1,1,0.0,0,0,1,0,0,0,0,0,1
3997,2,2,1.5,1,0,1,0,0,0,0,0,1
3998,2,2,1.0,1,0,1,0,0,0,0,0,1
3999,2,2,1.0,1,0,1,0,0,0,0,0,1
4000,20,20,0.4330127018922193,14,0,32,29,38,23,8,15,143
4001,5,5,0.4898979485566356,4,0,7,4,1,1,0,0,12
4002,2,2,0.0,1,0,3,1,0,0,0,0,4
4003,1,1,0.0,0,0,1,0,0,0,0,0,1
4004,9,9,0.6849348892187751,6,0,14,17,10,6,0,19,66
4005,4,4,1.0,2,0,3,0,0,1,0,0,4
4006,4,4,0.82915619758885,2,0,5,2,0,1,0,1,8
4007,1,1,0.0,0,0,1,0,0,0,0,0,1
4008,3,3,0.4714045207910317,1,0,3,1,0,0,0,1,5
4009,1,1,0.0,0,0,1,0,0,0,0,0,1
4010,2,2,0.0,1,0,1,0,0,0,0,0,1
4011,2,2,1.0,1,0,1,0,0,0,0,0,1
4012,1,1,0.0,0,0,1,0,0,0,0,0,1
4013,1,1,0.0,0,0,1,0,0,0,0,0,1
4014,3,3,0.9428090415820634,1,0,2,1,0,0,0,0,3
4015,5,5,0.9797958971132712,3,0,4,4,1,0,0,0,9
4016,8,8,0.6614378277661477,7,0,8,3,0,0,0,0,11
4017,2,2,1.0,1,0,1,0,0,0,0,0,1
4018,3,3,0.9428090415820634,1,0,2,0,0,0,0,0,2
4019,2,2,0.0,1,0,1,0,0,0,0,0,1
4020,2,2,0.0,1,0,1,0,0,0,0,0,1
4021,2,2,0.0,1,0,1,0,0,0,0,0,1
4022,2,2,1.0,1,0,1,0,0,0,0,0,1
4023,2,2,0.0,1,0,1,0,0,0,0,0,1
4024,2,2,0.0,1,0,1,0,0,0,0,0,1
4025,131,131,0.6888863616902887,107,0,294,4103,2896,549,0,11,7851
4026,3,3,0.4714045207910317,2,0,2,0,0,0,0,0,2
4027,2,2,0.0,1,0,4,0,0,1,0,0,5
4028,2,2,1.0,1,0,1,0,0,0,0,0,1
4029,2,2,1.0,1,0,1,0,0,0,0,0,1
4030,2,2,1.0,1,0,1,0,0,0,0,0,1
4031,2,2,1.0,1,0,1,0,0,0,0,0,1
4032,2,2,1.0,1,0,1,0,0,0,0,0,1
4033,2,2,1.0,1,0,1,0,0,0,0,0,1
4034,2,2,1.0,1,0,1,0,0,0,0,0,1
4035,50,50,0.4472135954999579,41,4,138,319,290,94,0,98,928
4036,2,2,0.5,1,0,2,1,0,0,0,0,3
4037,2,2,1.0,1,0,1,0,0,0,0,0,1
4038,1,1,0.0,0,0,1,0,0,0,0,0,1
4039,1,1,0.0,0,0,1,0,0,0,0,0,1
4040,3,3,0.9428090415820634,1,0,2,0,0,0,0,0,2
4041,10,10,0.6,9,0,14,12,3,0,0,0,28
4042,1,1,0.0,0,0,1,0,0,0,0,0,1
4043,2,2,0.5,1,0,2,1,0,0,0,0,3
4044,2,2,0.5,1,0,2,1,0,0,0,0,3
4045,2,2,1.0,1,0,1,0,0,0,0,0,1
4046,2,2,1.0,1,0,1,0,0,0,0,0,1
4047,14,14,0.6998542122237652,11,0,31,26,15,1,0,1,71
4048,8,8,0.6959705453537527,6,0,15,3,1,1,0,0,17
4049,1,1,0.0,0,0,2,0,0,0,0,0,1
4050,9,9,0.8314794192830981,7,0,12,3,0,0,0,1,16
4051,13,13,0.8426500884694863,9,0,23,68,26,6,0,0,123
4052,5,5,0.4,3,0,6,3,0,0,0,0,9
4053,1,1,0.0,0,0,1,0,0,0,0,0,1
4054,9,9,0.6666666666666666,7,0,15,4,2,2,0,0,20
4055,8,8,0.7071067811865476,5,0,10,4,7,0,0,0,21
4056,2,2,0.0,1,0,1,0,0,0,0,0,1
4057,2,2,1.0,0,0,1,0,0,0,0,0,1
4058,9,9,0.31426968052735443,7,0,21,35,15,0,0,0,71
4059,2,2,1.0,0,0,1,0,0,0,0,0,1
4060,1,1,0.0,0,0,1,0,0,0,0,0,1
4061,1,1,0.0,0,0,1,0,0,0,0,0,1
4062,2,2,1.0,1,0,1,0,0,0,0,0,1
4063,2,2,1.0,1,0,1,0,0,0,0,0,1
4064,2,2,1.0,1,0,1,0,0,0,0,0,1
4065,2,2,1.0,1,0,1,0,0,0,0,0,1
4066,2,2,1.0,1,0,1,0,0,0,0,0,1
4067,2,2,1.0,1,0,1,0,0,0,0,0,1
4068,7,7,0.7284313590846836,5,0,15,6,0,0,0,0,18
4069,3,3,0.9428090415820634,1,0,2,0,0,0,0,0,2
4070,10,10,0.8,6,0,18,39,8,0,0,0,65
4071,1,1,0.0,0,0,1,0,0,0,0,0,1
4072,12,12,0.5951190357119042,10,0,21,13,0,0,0,0,31
4073,2,2,0.0,1,0,1,0,0,0,0,0,1
4074,1,1,0.0,0,0,1,0,0,0,0,0,1
4075,1,1,0.0,0,0,1,0,0,0,0,0,1
4076,2,2,1.0,1,0,1,0,0,0,0,0,1
4077,2,2,1.0,1,0,1,0,0,0,0,0,1
4078,19,19,0.6359497880839249,15,0,45,46,18,0,0,21,129
4079,2,2,0.0,1,0,1,0,0,0,0,0,1
4080,2,2,0.5,1,1,1,0,0,0,0,0,1
4081,2,2,1.0,1,0,1,0,0,0,0,0,1
4082,14,14,0.5150787536377128,1,0,13,0,0,0,0,78,91
4083,4,4,0.82915619758885,2,0,4,1,0,0,0,0,5
4084,2,2,1.0,1,0,1,0,0,0,0,0,1
4085,15,15,0.49888765156985887,1,0,14,0,0,0,0,91,105
4086,1,1,0.0,0,0,1,0,0,0,0,0,1
4087,1,1,0.0,0,0,1,0,0,0,0,0,1
4088,2,2,1.0,1,0,1,0,0,0,0,0,1
4089,1,1,0.0,0,0,1,0,0,0,0,0,1
4090,1,1,0.0,0,0,1,0,0,0,0,0,1
4091,2,2,1.0,1,0,1,0,0,0,0,0,1
4092,3,3,0.816496580927726,1,1,2,1,0,0,0,0,3
4093,3,3,0.9428090415820634,2,0,2,1,0,0,0,0,3
4094,2,2,1.0,1,0,1,0,0,0,0,0,1
4095,2,2,1.0,1,0,1,0,0,0,0,0,1
4096,2,2,1.0,1,0,1,0,0,0,0,0,1
4097,3,3,0.9428090415820634,2,0,2,1,0,0,0,0,3
4098,10,10,0.6,1,0,9,0,0,0,0,36,45
4099,11,11,0.5749595745760689,1,0,10,0,0,0,0,45,55
4100,2,2,0.5,0,1,1,0,0,0,0,0,1
4101,2,2,0.5,1,0,2,0,0,0,0,0,2
4102,2,2,0.0,1,0,3,1,0,0,0,0,4
4103,2,2,1.0,1,0,1,0,0,0,0,0,1
4104,9,9,0.6285393610547089,1,0,8,0,0,0,0,28,36
4105,2,2,1.0,1,0,1,0,0,0,0,0,1
4106,2,2,1.0,1,0,1,0,0,0,0,0,1
4107,2,2,1.0,1,0,1,0,0,0,0,0,1
4108,12,12,0.5527707983925667,1,0,11,0,0,0,0,55,66
4109,2,2,1.0,1,0,1,0,0,0,0,0,1
4110,2,2,1.0,1,0,1,0,0,0,0,0,1
4111,2,2,1.0,1,0,1,0,0,0,0,0,1
4112,2,2,1.0,1,0,1,0,0,0,0,0,1
4113,2,2,1.0,1,0,1,0,0,0,0,0,1
4114,13,13,0.532938710021193,1,0,12,0,0,0,0,66,78
4115,14,14,0.5150787536377128,1,0,13,0,0,0,0,78,91
4116,2,2,0.0,0,0,1,0,0,0,0,0,1
4117,2,2,0.0,0,0,1,0,0,0,0,0,1
4118,7,7,0.8329931278350429,3,2,8,4,1,0,0,3,16
4119,4,4,0.5,2,0,5,3,1,1,0,0,10
4120,2,2,0.0,0,1,2,0,1,0,0,0,3
4121,2,2,1.0,1,0,1,0,0,0,0,0,1
4122,4,4,1.0,2,0,3,3,0,0,0,0,6
4123,2,2,1.0,1,0,1,0,0,0,0,0,1
4124,13,13,0.532938710021193,1,0,12,0,0,0,0,66,78
4125,2,2,1.0,1,0,1,0,0,0,0,0,1
4126,2,2,0.5,1,1,1,0,0,0,0,0,1
4127,12,12,0.5527707983925667,1,0,11,0,0,0,0,55,66
4128,2,2,1.0,1,0,1,0,0,0,0,0,1
4129,29,29,0.5932638115201812,22,0,55,383,117,6,0,0,561
4130,2,2,1.0,1,0,1,0,0,0,0,0,1
4131,57,57,0.5441425410270464,50,0,96,275,99,25,0,19,514
4132,2,2,1.0,1,0,1,0,0,0,0,0,1
4133,2,2,1.0,1,0,1,0,0,0,0,0,1
4134,3,3,0.9428090415820634,1,0,2,0,0,0,0,1,3
4135,2,2,1.0,1,0,1,0,0,0,0,0,1
4136,2,2,1.0,1,0,1,0,0,0,0,0,1
4137,2,2,1.0,1,0,1,0,0,0,0,0,1
4138,3,3,0.9428090415820634,1,0,2,0,0,0,0,1,3
4139,2,2,1.0,1,0,1,0,0,0,0,0,1
4140,3,3,0.9428090415820634,1,0,2,0,0,0,0,1,3
4141,3,3,0.9428090415820634,1,0,2,0,0,0,0,1,3
4142,3,3,0.9428090415820634,1,0,2,0,0,0,0,1,3
4143,3,3,0.9428090415820634,1,0,2,0,0,0,0,1,3
4144,3,3,0.9428090415820634,1,0,2,0,0,0,0,1,3
4145,3,3,0.9428090415820634,1,0,2,0,0,0,0,1,3
4146,2,2,1.0,1,0,1,0,0,0,0,0,1
4147,2,2,1.0,1,0,1,0,0,0,0,0,1
4148,2,2,1.0,1,0,1,0,0,0,0,0,1
4149,2,2,1.0,1,0,1,0,0,0,0,0,1
4150,2,2,0.5,1,0,2,1,0,0,0,0,3
4151,3,3,0.4714045207910317,1,0,3,1,1,0,0,0,5
4152,3,3,0.4714045207910317,1,0,3,1,0,0,0,0,4
4153,4,4,0.8660254037844386,2,0,3,0,0,3,0,0,6
4154,3,3,0.9428090415820634,1,0,2,0,0,0,0,0,2
4155,3,3,0.9428090415820634,1,0,2,0,0,0,0,0,2
4156,3,3,0.9428090415820634,1,0,2,0,0,0,0,0,2
4157,2,2,1.0,1,0,2,0,0,0,0,0,1
4158,3,3,0.9428090415820634,1,0,2,0,0,0,0,0,2
4159,3,3,0.4714045207910317,1,0,3,1,1,1,0,0,6
4160,3,3,0.4714045207910317,1,0,3,1,1,0,0,0,5
4161,3,3,0.9428090415820634,1,0,2,0,0,0,0,0,2
4162,42,42,0.5134252060201863,35,0,65,310,95,8,0,0,478
4163,39,39,0.4037952755903493,35,0,66,288,113,8,0,0,475
4164,35,35,0.5062870041905528,31,0,57,288,111,8,0,0,464
4165,2,2,1.0,1,0,1,0,0,0,0,0,1
4166,2,2,0.0,1,0,1,0,0,0,0,0,1
4167,2,2,0.0,1,0,1,0,0,0,0,0,1
4168,2,2,0.5,1,0,2,1,0,0,0,0,3
4169,2,2,0.5,1,0,2,1,0,0,0,0,3
4170,2,2,0.5,1,0,2,1,0,0,0,0,3
4171,2,2,0.5,1,0,2,1,0,0,0,0,3
4172,2,2,0.0,1,0,1,0,0,0,0,0,1
4173,2,2,0.0,1,0,1,0,0,0,0,0,1
4174,2,2,0.5,1,0,2,1,0,0,0,0,3
4175,2,2,0.5,1,0,2,1,0,0,0,0,3
4176,8,8,0.9270248108869579,4,0,8,4,3,3,0,0,18
4177,2,2,0.0,1,0,1,0,0,0,0,0,1
4178,34,34,0.5302281287447043,29,0,56,307,88,4,0,0,455
4179,2,2,1.0,1,0,1,0,0,0,0,0,1
4180,2,2,0.5,1,0,2,0,0,0,0,1,3
4181,2,2,1.0,1,0,1,0,0,0,0,0,1
4182,2,2,0.5,1,0,2,0,0,0,0,1,3
4183,2,2,1.0,1,0,1,0,0,0,0,0,1
4184,2,2,1.0,1,0,1,0,0,0,0,0,1
4185,2,2,1.0,1,0,1,0,0,0,0,0,1
4186,3,3,0.9428090415820634,1,0,2,0,0,0,0,1,3
4187,2,2,1.0,1,0,1,0,0,0,0,0,1
4188,2,2,1.0,1,0,1,0,0,0,0,0,1
4189,2,2,1.0,1,0,1,0,0,0,0,0,1
4190,2,2,1.0,1,0,1,0,0,0,0,0,1
4191,2,2,1.0,1,0,1,0,0,0,0,0,1
4192,3,3,0.9428090415820634,1,0,2,0,0,0,0,1,3
4193,3,3,0.9428090415820634,1,0,2,0,0,0,0,1,3
4194,3,3,0.9428090415820634,1,0,2,0,0,0,0,1,3
4195,2,2,1.0,1,0,1,0,0,0,0,0,1
4196,2,2,1.0,1,0,1,0,0,0,0,0,1
4197,2,2,1.0,1,0,1,0,0,0,0,0,1
4198,3,3,0.9428090415820634,1,0,2,0,0,1,0,0,3
4199,3,3,0.9428090415820634,1,0,2,0,0,1,0,0,3
4200,36,36,0.7130832029440798,28,0,60,271,106,8,0,0,445
4201,2,2,0.0,1,0,1,0,0,0,0,0,1
4202,7,7,0.8806305718527109,4,0,7,2,0,0,0,1,10
4203,5,5,0.8,3,0,5,2,0,0,0,1,8
4204,5,5,0.9797958971132712,3,0,4,1,1,1,0,0,7
4205,1,1,0.0,0,0,1,0,0,0,0,0,1
4206,1,1,0.0,0,0,1,0,0,0,0,0,1
4207,1,1,0.0,0,0,1,0,0,0,0,0,1
4208,34,34,0.5302281287447043,29,0,56,307,88,4,0,0,455
4209,2,2,0.0,1,0,1,0,0,0,0,0,1
4210,18,18,0.6666666666666666,14,0,24,75,26,4,0,0,129
4211,18,18,0.6502611061510902,15,0,26,83,12,1,0,0,122
4212,2,2,0.0,1,0,1,0,0,0,0,0,1
4213,3,3,0.0,2,0,2,0,0,0,0,0,2
4214,2,2,0.0,1,0,1,0,0,0,0,0,1
4215,2,2,0.5,1,0,2,0,0,0,0,1,3
4216,35,35,0.6663945022680343,28,0,58,245,45,3,0,0,351
4217,2,2,0.0,1,0,1,0,0,0,0,0,1
4218,29,29,0.6578891044254798,22,0,54,367,109,6,0,0,536
4219,2,2,1.0,1,0,1,0,0,0,0,0,1
4220,2,2,0.0,1,0,1,0,0,0,0,0,1
4221,2,2,0.0,1,0,1,0,0,0,0,0,1
4222,2,2,1.0,1,0,1,0,0,0,0,0,1
4223,3,3,0.9428090415820634,1,0,2,0,0,0,0,0,2
4224,4,4,0.8660254037844386,2,0,3,0,0,1,0,0,4
4225,3,3,0.4714045207910317,1,0,3,1,0,0,0,0,4
4226,3,3,0.9428090415820634,1,0,2,0,0,0,0,0,2
4227,4,4,0.4330127018922193,2,0,4,0,1,1,0,0,6
4228,3,3,0.9428090415820634,1,0,2,0,0,0,0,0,2
4229,18,18,0.7637626158259734,12,0,24,75,26,4,0,0,129
4230,29,29,0.5297341895081799,26,0,56,89,35,11,0,43,234
4231,3,3,0.9428090415820634,1,0,2,0,0,0,0,1,3
4232,3,3,0.9428090415820634,1,0,2,0,0,0,0,1,3
4233,3,3,0.9428090415820634,1,0,2,0,0,0,0,1,3
4234,3,3,0.9428090415820634,1,0,2,0,0,0,0,1,3
4235,3,3,0.9428090415820634,1,0,2,0,0,0,0,1,3
4236,27,27,0.4475202212442434,24,0,55,243,96,6,0,0,400
4237,2,2,1.0,1,0,1,0,0,0,0,0,1
4238,2,2,1.0,1,0,1,0,0,0,0,0,1
4239,2,2,0.0,1,0,3,0,0,0,0,3,6
4240,2,2,1.0,1,0,1,0,0,0,0,0,1
4241,18,18,0.6666666666666666,14,0,24,75,26,4,0,0,129
4242,5,5,0.4898979485566356,3,0,6,5,3,1,0,1,16
4243,5,5,0.8,3,0,5,2,0,0,0,1,8
4244,13,13,0.737820234355803,10,0,16,38,8,1,0,0,63
4245,13,13,0.737820234355803,10,0,16,38,8,1,0,0,63
4246,12,12,0.7453559924999299,10,0,17,41,8,1,0,0,67
4247,2,2,1.0,1,0,1,0,0,0,0,0,1
4248,2,2,0.0,1,0,1,0,0,0,0,0,1
4249,1,1,0.0,0,0,1,0,0,0,0,0,1
4250,34,34,0.708329092870135,29,0,56,300,91,4,0,0,451
4251,2,2,0.5,1,0,2,1,0,0,0,0,3
4252,12,12,0.6236095644623235,9,0,16,38,8,1,0,0,63
4253,2,2,1.0,1,0,1,0,0,0,0,0,1
4254,2,2,1.0,1,0,1,0,0,0,0,0,1
4255,5,5,0.4,4,0,7,3,0,0,0,8,18
4256,6,6,0.7637626158259734,4,0,8,6,3,1,0,12,30
4257,2,2,1.0,1,0,1,0,0,0,0,0,1
4258,7,7,0.7284313590846836,5,0,9,5,2,1,0,12,29
4259,3,3,0.9428090415820634,1,0,2,0,0,0,0,0,2
4260,3,3,0.9428090415820634,1,0,2,0,0,0,0,0,2
4261,3,3,0.9428090415820634,1,0,2,0,0,0,0,0,2
4262,3,3,0.4714045207910317,1,0,3,1,1,1,0,0,6
4263,3,3,0.9428090415820634,1,0,2,0,0,0,0,0,2
4264,3,3,0.9428090415820634,1,0,2,0,0,0,0,0,2
4265,3,3,0.9428090415820634,1,0,2,0,0,0,0,0,2
4266,3,3,0.4714045207910317,1,0,3,1,0,0,0,0,4
4267,7,7,0.7284313590846836,5,0,7,4,2,1,0,4,18
4268,34,34,0.5128116404165498,30,0,57,294,106,7,0,0,464
4269,2,2,1.0,1,0,1,0,0,0,0,0,1
4270,2,2,0.0,1,0,1,0,0,0,0,0,1
4271,4,4,0.8660254037844386,2,0,3,0,0,1,0,0,4
4272,1,1,0.0,0,0,2,0,0,0,0,1,3
4273,71,71,0.381063359393484,66,0,127,249,159,68,0,167,770
4274,2,2,0.0,1,0,1,0,0,0,0,0,1
4275,2,2,1.0,1,0,1,0,0,0,0,0,1
4276,44,44,0.4040088371507086,39,0,76,97,49,23,0,116,361
4277,2,2,1.0,1,0,1,0,0,0,0,0,1
4278,2,2,1.0,1,0,1,0,0,0,0,0,1
4279,2,2,1.0,1,0,1,0,0,0,0,0,1
4280,2,2,1.0,1,0,1,0,0,0,0,0,1
4281,3,3,0.9428090415820634,1,0,2,0,0,0,0,1,3
4282,2,2,1.0,1,0,1,0,0,0,0,0,1
4283,2,2,1.0,1,0,1,0,0,0,0,0,1
4284,3,3,0.9428090415820634,1,0,2,0,0,0,0,1,3
4285,2,2,1.0,1,0,1,0,0,0,0,0,1
4286,3,3,0.9428090415820634,1,0,2,0,0,0,0,1,3
4287,2,2,1.0,1,0,1,0,0,0,0,0,1
4288,2,2,1.0,1,0,1,0,0,0,0,0,1
4289,3,3,0.9428090415820634,1,0,2,0,0,0,0,1,3
4290,2,2,1.0,1,0,1,0,0,0,0,0,1
4291,5,5,0.8,1,0,4,0,0,0,0,6,10
4292,2,2,1.0,1,0,1,0,0,0,0,0,1
4293,3,3,0.9428090415820634,1,0,2,0,0,0,0,1,3
4294,2,2,1.0,1,0,1,0,0,0,0,0,1
4295,3,3,0.9428090415820634,1,0,2,0,0,0,0,1,3
4296,2,2,1.0,1,0,1,0,0,0,0,0,1
4297,2,2,1.0,1,0,1,0,0,0,0,0,1
4298,3,3,0.9428090415820634,1,0,2,0,0,1,0,0,3
4299,2,2,1.0,1,0,1,0,0,0,0,0,1
4300,2,2,0.0,1,0,1,0,0,0,0,0,1
4301,2,2,1.0,1,0,2,0,0,0,0,0,1
4302,2,2,0.0,1,0,1,0,0,0,0,0,1
4303,3,3,0.9428090415820634,1,0,2,0,0,0,0,0,2
4304,3,3,0.9428090415820634,1,0,2,0,0,1,0,0,3
4305,5,5,0.8,3,0,5,2,0,0,0,1,8
4306,5,5,0.8,3,0,5,2,0,0,0,1,8
4307,12,12,0.8660254037844386,9,0,17,39,8,1,0,0,65
4308,1,1,0.0,0,0,1,0,0,0,0,0,1
4309,1,1,0.0,0,0,1,0,0,0,0,0,1
4310,31,31,0.46968450898583985,26,0,61,243,97,6,0,0,407
4311,12,12,0.7453559924999299,10,0,17,41,8,1,0,0,67
4312,13,13,0.737820234355803,10,0,16,38,8,1,0,0,63
4313,13,13,0.737820234355803,10,0,16,38,8,1,0,0,63
4314,1,1,0.0,0,0,1,0,0,0,0,0,1
4315,3,3,0.9428090415820634,1,0,2,0,0,1,0,0,3
4316,3,3,0.9428090415820634,1,0,2,0,0,1,0,0,3
4317,35,35,0.6663945022680343,28,0,66,367,113,6,0,0,552
4318,3,3,0.9428090415820634,1,0,2,0,0,0,0,1,3
4319,2,2,1.0,1,0,1,0,0,0,0,0,1
4320,3,3,0.9428090415820634,1,0,2,0,0,0,0,1,3
4321,2,2,1.0,1,0,1,0,0,0,0,0,1
4322,4,4,0.8660254037844386,1,0,3,0,0,0,0,3,6
4323,2,2,1.0,1,0,1,0,0,0,0,0,1
4324,2,2,1.0,1,0,1,0,0,0,0,0,1
4325,3,3,0.9428090415820634,1,0,2,0,0,0,0,1,3
4326,3,3,0.9428090415820634,1,0,2,0,0,0,0,1,3
4327,3,3,0.9428090415820634,1,0,2,0,0,0,0,1,3
4328,3,3,0.9428090415820634,1,0,2,0,0,0,0,1,3
4329,2,2,1.0,1,0,1,0,0,0,0,0,1
4330,3,3,0.9428090415820634,1,0,2,0,0,0,0,1,3
4331,2,2,1.0,1,0,1,0,0,0,0,0,1
4332,2,2,1.0,1,0,1,0,0,0,0,0,1
4333,2,2,1.0,1,0,1,0,0,0,0,0,1
4334,3,3,0.9428090415820634,1,0,2,0,0,0,0,1,3
4335,2,2,0.0,1,0,1,0,0,0,0,0,1
4336,7,7,0.8806305718527109,4,0,7,2,0,0,0,1,10
4337,5,5,0.8,3,0,5,2,0,0,0,1,8
4338,5,5,0.9797958971132712,3,0,4,1,1,1,0,0,7
4339,36,36,0.6400954789890507,31,0,64,300,92,4,0,0,460
4340,2,2,1.0,1,0,1,0,0,0,0,0,1
4341,3,3,0.9428090415820634,1,0,2,0,0,0,0,1,3
4342,3,3,0.9428090415820634,1,0,2,0,0,0,0,1,3
4343,3,3,0.9428090415820634,1,0,2,0,0,0,0,1,3
4344,2,2,1.0,1,0,1,0,0,0,0,0,1
4345,2,2,1.0,1,0,1,0,0,0,0,0,1
4346,2,2,1.0,1,0,1,0,0,0,0,0,1
4347,2,2,1.0,1,0,1,0,0,0,0,0,1
4348,2,2,1.0,1,0,1,0,0,0,0,0,1
4349,2,2,1.0,1,0,1,0,0,0,0,0,1
4350,2,2,1.0,1,0,1,0,0,0,0,0,1
4351,2,2,1.0,1,0,1,0,0,0,0,0,1
4352,2,2,1.0,1,0,1,0,0,0,0,0,1
4353,2,2,1.0,1,0,1,0,0,0,0,0,1
4354,2,2,1.0,1,0,1,0,0,0,0,0,1
4355,3,3,0.9428090415820634,1,0,2,0,0,0,0,1,3
4356,3,3,0.9428090415820634,1,0,2,0,0,0,0,1,3
4357,3,3,0.9428090415820634,1,0,2,0,0,0,0,1,3
4358,2,2,1.0,1,0,1,0,0,0,0,0,1
4359,3,3,0.9428090415820634,1,0,2,0,0,0,0,1,3
4360,3,3,0.9428090415820634,1,0,2,0,0,0,0,1,3
4361,3,3,0.9428090415820634,1,0,2,0,0,0,0,1,3
4362,2,2,1.0,1,0,1,0,0,0,0,0,1
4363,2,2,1.0,1,0,1,0,0,0,0,0,1
4364,3,3,0.9428090415820634,1,0,2,0,0,0,0,1,3
4365,2,2,1.0,1,0,1,0,0,0,0,0,1
4366,2,2,1.0,1,0,1,0,0,0,0,0,1
4367,2,2,1.0,1,0,1,0,0,0,0,0,1
4368,2,2,0.0,1,0,1,0,0,0,0,0,1
4369,2,2,0.0,1,0,1,0,0,0,0,0,1
4370,5,5,0.4898979485566356,3,0,6,5,3,1,0,1,16
4371,5,5,0.4898979485566356,3,0,6,5,3,1,0,1,16
4372,2,2,0.5,1,0,2,1,0,0,0,0,3
4373,6,6,0.9428090415820634,4,0,11,13,4,0,0,0,28
4374,2,2,1.0,1,0,1,0,0,0,0,0,1
4375,2,2,0.5,1,0,2,1,0,0,0,0,3
4376,2,2,0.0,1,0,1,0,0,0,0,0,1
4377,2,2,0.0,1,0,1,0,0,0,0,0,1
4378,3,3,0.4714045207910317,2,0,9,7,6,3,0,0,25
4379,1,1,0.0,0,0,1,0,0,0,0,0,1
4380,2,2,0.5,0,0,2,1,0,0,0,0,3
4381,2,2,1.0,1,0,1,0,0,0,0,0,1
4382,4,4,0.8660254037844386,1,0,3,0,0,0,0,3,6
4383,2,2,1.0,1,0,1,0,0,0,0,0,1
4384,3,3,0.9428090415820634,1,0,2,0,0,0,0,1,3
4385,3,3,0.9428090415820634,1,0,2,0,0,0,0,1,3
4386,3,3,0.9428090415820634,1,0,2,0,0,0,0,1,3
4387,3,3,0.9428090415820634,1,0,2,0,0,0,0,1,3
4388,2,2,1.0,1,0,1,0,0,0,0,0,1
4389,3,3,0.9428090415820634,1,0,2,0,0,0,0,1,3
4390,2,2,1.0,1,0,1,0,0,0,0,0,1
4391,2,2,1.0,1,0,1,0,0,0,0,0,1
4392,2,2,1.0,1,0,1,0,0,0,0,0,1
4393,2,2,0.0,1,0,1,0,0,0,0,0,1
4394,7,7,0.8806305718527109,4,0,7,2,0,0,0,1,10
4395,5,5,0.8,3,0,5,2,0,0,0,1,8
4396,5,5,0.9797958971132712,3,0,4,1,1,1,0,0,7
4397,27,27,0.4475202212442434,24,0,55,243,96,6,0,0,400
4398,6,6,0.9428090415820634,4,0,11,13,4,0,0,0,28
4399,1,1,0.0,0,0,1,0,0,0,0,0,1
4400,32,32,0.7880950133074057,24,0,53,271,105,8,0,0,437
4401,35,35,0.6577636818983622,29,0,56,302,91,6,0,0,455
4402,32,32,0.7880950133074057,24,0,53,271,105,8,0,0,437
4403,2,2,1.0,1,0,1,0,0,0,0,0,1
4404,3,3,0.9428090415820634,1,0,2,0,0,0,0,1,3
4405,3,3,0.9428090415820634,1,0,2,0,0,0,0,1,3
4406,2,2,1.0,1,0,1,0,0,0,0,0,1
4407,2,2,1.0,1,0,1,0,0,0,0,0,1
4408,2,2,1.0,1,0,1,0,0,0,0,0,1
4409,2,2,1.0,1,0,1,0,0,0,0,0,1
4410,2,2,1.0,1,0,1,0,0,0,0,0,1
4411,3,3,0.9428090415820634,1,0,2,0,0,0,0,1,3
4412,3,3,0.9428090415820634,1,0,2,0,0,0,0,1,3
4413,1,1,0.0,0,0,1,0,0,0,0,0,1
4414,3,3,0.9428090415820634,1,0,2,0,0,0,0,1,3
4415,3,3,0.9428090415820634,1,0,2,0,0,0,0,1,3
4416,3,3,0.9428090415820634,1,0,2,0,0,0,0,1,3
4417,3,3,0.9428090415820634,1,0,2,0,0,0,0,1,3
4418,2,2,1.0,1,0,1,0,0,0,0,0,1
4419,2,2,1.0,1,0,1,0,0,0,0,0,1
4420,38,38,0.4685393109148646,35,0,66,294,108,7,0,0,475
4421,2,2,0.0,1,0,1,0,0,0,0,0,1
4422,2,2,0.0,1,0,1,0,0,0,0,0,1
4423,5,5,0.4898979485566356,3,0,6,5,3,1,0,1,16
4424,2,2,0.5,1,0,2,1,0,0,0,0,3
4425,2,2,0.5,1,0,2,1,0,0,0,0,3
4426,2,2,0.0,1,0,1,0,0,0,0,0,1
4427,2,2,0.5,1,0,2,1,0,0,0,0,3
4428,2,2,0.5,1,0,2,1,0,0,0,0,3
4429,8,8,0.9270248108869579,4,0,8,4,3,3,0,0,18
4430,2,2,0.0,1,0,1,0,0,0,0,0,1
4431,2,2,1.0,1,0,1,0,0,0,0,0,1
4432,3,3,0.4714045207910317,2,0,3,3,0,0,0,0,6
4433,3,3,0.4714045207910317,2,0,3,3,0,0,0,0,6
4434,6,6,0.37267799624996495,5,0,6,6,0,0,0,0,12
4435,5,5,0.8,4,0,4,1,0,0,0,0,5
4436,2,2,1.0,1,0,1,0,0,0,0,0,1
4437,7,7,0.9035079029052513,5,0,6,3,2,0,0,0,11
4438,6,6,0.7453559924999299,5,0,5,4,1,1,0,0,11
4439,4,4,0.8660254037844386,3,0,3,3,0,0,0,0,6
4440,2,2,1.0,1,0,1,0,0,0,0,0,1
4441,4,4,0.8660254037844386,3,0,3,3,0,0,0,0,6
4442,4,4,0.8660254037844386,3,0,3,1,0,0,0,0,4
4443,2,2,1.0,0,0,1,0,0,0,0,0,1
4444,2,2,1.0,0,0,1,0,0,0,0,0,1
4445,7,7,0.7284313590846836,5,0,7,9,3,1,0,0,20
4446,2,2,1.0,1,0,1,0,0,0,0,0,1
4447,4,4,0.8660254037844386,3,0,3,3,0,0,0,0,6
4448,2,2,0.0,1,0,1,0,0,0,0,0,1
4449,2,2,0.0,1,0,1,0,0,0,0,0,1
4450,2,2,0.5,1,0,2,0,0,0,0,0,2
4451,4,4,0.8660254037844386,3,0,3,3,0,0,0,0,6
4452,2,2,0.0,1,0,1,0,0,0,0,0,1
4453,5,5,0.4,4,0,6,6,0,0,0,0,12
4454,11,11,0.7713892158398701,9,0,14,12,1,1,0,0,28
4455,4,4,0.8660254037844386,3,0,3,1,0,0,0,0,4
4456,4,4,0.8660254037844386,3,0,3,3,0,0,0,0,6
4457,4,4,0.8660254037844386,3,0,3,3,0,0,0,0,6
4458,2,2,0.0,1,0,1,0,0,0,0,0,1
4459,2,2,0.0,1,0,1,0,0,0,0,0,1
4460,4,4,0.8660254037844386,3,0,3,3,0,0,0,0,6
4461,4,4,0.8660254037844386,3,0,3,3,0,0,0,0,6
4462,4,4,0.8660254037844386,3,0,3,3,0,0,0,0,6
4463,4,4,0.8660254037844386,3,0,3,3,0,0,0,0,6
4464,5,5,0.4,4,0,6,6,0,0,0,0,12
4465,4,4,0.8660254037844386,3,0,3,1,0,0,0,0,4
4466,26,26,0.6760921473556517,20,0,42,103,30,5,0,0,176
4467,19,19,0.22329687826943606,18,0,36,41,27,9,0,0,113
4468,5,5,0.9797958971132712,3,0,4,1,1,1,0,0,7
4469,2,2,0.0,1,0,1,0,0,0,0,0,1
4470,11,11,0.7713892158398701,9,0,18,14,7,1,0,0,40
4471,25,25,0.5425863986500215,23,0,34,148,50,16,0,0,246
4472,20,20,0.714142842854285,17,0,29,148,65,7,0,0,247
4473,14,14,0.5890150893739515,11,0,19,44,31,21,0,0,115
4474,9,9,0.0,8,0,10,10,3,3,0,0,26
4475,9,9,0.0,8,0,10,6,1,1,0,0,18
4476,3,3,0.9428090415820634,2,0,2,0,0,0,0,0,2
4477,11,11,0.7713892158398701,9,0,10,14,0,0,0,0,24
4478,3,3,0.9428090415820634,2,0,2,0,0,0,0,0,2
4479,7,7,0.0,6,0,12,10,6,1,0,0,29
4480,3,3,0.9428090415820634,2,0,2,0,0,0,0,0,2
4481,3,3,0.9428090415820634,2,0,2,0,0,0,0,0,2
4482,7,7,0.0,6,0,12,10,6,1,0,0,29
4483,1,1,0.0,0,0,1,0,0,0,0,0,1
4484,10,10,0.916515138991168,7,0,9,7,5,1,0,0,22
4485,2,2,0.0,1,0,1,0,0,0,0,0,1
4486,6,6,0.9428090415820634,4,0,5,6,0,0,0,0,11
4487,6,6,0.9428090415820634,4,0,5,6,0,0,0,0,11
4488,5,5,0.4,4,0,6,3,0,0,0,0,9
4489,3,3,0.4714045207910317,2,0,3,1,0,0,0,0,4
4490,5,5,0.4,4,0,6,3,0,0,0,0,9
4491,3,3,0.9428090415820634,2,0,2,0,0,0,0,0,2
4492,4,4,0.8660254037844386,3,0,3,1,0,0,0,0,4
4493,2,2,1.0,1,0,6,0,1,1,0,0,5
4494,1,1,0.0,0,0,1,0,0,0,0,0,1
4495,27,27,0.0,26,0,78,134,112,11,0,31,366
4496,15,15,0.24944382578492943,13,0,31,31,24,2,0,1,86
4497,1,1,0.0,0,0,1,0,0,0,0,0,1
4498,1,1,0.0,0,0,1,0,0,0,0,0,1
4499,8,8,0.6614378277661477,7,0,7,10,3,1,0,0,21
4500,3,3,0.9428090415820634,2,0,2,0,0,0,0,0,2
4501,3,3,0.9428090415820634,2,0,2,0,0,0,0,0,2
4502,2,2,1.0,1,0,1,0,0,0,0,0,1
4503,7,7,0.0,6,0,12,10,6,1,0,0,29
4504,7,7,0.0,6,0,12,10,6,1,0,0,29
4505,14,14,0.6998542122237652,11,0,31,26,15,1,0,1,71
4506,3,3,0.9428090415820634,2,0,2,0,0,0,0,0,2
4507,3,3,0.9428090415820634,2,0,2,0,0,0,0,0,2
4508,1,1,0.0,0,0,1,0,0,0,0,0,1
4509,1,1,0.0,0,0,1,0,0,0,0,0,1
4510,2,2,0.0,1,0,1,0,0,0,0,0,1
4511,2,2,1.0,1,0,1,0,0,0,0,0,1
4512,2,2,0.0,1,0,1,0,0,0,0,0,1
4513,1,1,0.0,0,0,1,0,0,0,0,0,1
4514,2,2,0.5,1,0,2,1,0,0,0,0,3
4515,2,2,1.0,0,0,1,0,0,0,0,0,1
4516,13,13,0.5756395979652218,11,0,17,14,2,2,0,29,64
4517,3,3,0.0,2,0,5,1,0,1,0,0,7
4518,2,2,1.0,1,0,1,0,0,0,0,0,1
4519,2,2,1.0,1,0,3,2,0,0,0,1,6
4520,2,2,1.0,1,0,1,0,0,0,0,0,1
4521,7,7,0.7284313590846836,5,0,11,12,7,2,0,6,38
4522,2,2,1.0,1,0,1,0,0,0,0,0,1
4523,2,2,1.0,1,0,1,0,0,0,0,0,1
4524,2,2,1.0,1,0,1,0,0,0,0,0,1
4525,1,1,0.0,0,0,1,0,0,0,0,0,1
4526,2,2,1.0,1,0,3,0,0,0,0,0,3
4527,2,2,0.5,1,0,2,1,0,0,0,0,3
4528,2,2,1.0,1,0,1,0,0,0,0,0,1
4529,3,3,0.0,2,0,6,4,0,0,0,6,16
4530,2,2,1.0,1,0,1,0,0,0,0,0,1
4531,2,2,0.5,1,0,2,0,0,0,0,0,2
4532,2,2,1.0,1,0,1,0,0,0,0,0,1
4533,1,1,0.0,0,0,1,0,0,0,0,0,1
4534,1,1,0.0,0,0,1,0,0,0,0,0,1
4535,1,1,0.0,0,0,2,1,0,0,0,0,3
4536,5,5,0.4898979485566356,3,0,9,2,1,0,0,3,15
4537,2,2,1.0,1,0,1,0,0,0,0,0,1
4538,5,5,0.8,3,0,5,2,2,1,0,1,11
4539,3,3,0.4714045207910317,2,0,6,0,1,1,0,1,8
4540,2,2,0.0,1,0,6,1,0,1,1,1,10
4541,5,5,0.8,4,0,6,0,0,0,0,0,6
4542,1,1,0.0,0,0,3,0,0,0,0,0,3
4543,10,10,0.6633249580710799,7,0,17,17,14,4,2,6,60
4544,2,2,1.0,1,0,1,0,0,0,0,0,1
4545,2,2,0.5,0,1,1,0,0,0,0,0,1
4546,1,1,0.0,0,0,1,0,0,0,0,0,1
4547,3,3,0.9428090415820634,2,0,3,0,0,0,0,0,3
4548,1,1,0.0,0,0,1,0,0,0,0,0,1
4549,5,5,0.8,3,0,5,2,2,1,0,1,11
4550,2,2,0.0,1,0,4,0,0,0,0,1,4
4551,2,2,0.0,1,0,6,1,0,1,1,1,10
4552,2,2,0.5,0,0,2,0,0,0,0,0,2
4553,11,11,0.38569460791993504,9,0,15,18,15,7,0,23,78
4554,3,3,0.9428090415820634,2,0,2,0,0,0,0,0,2
4555,2,2,1.0,1,0,1,0,0,0,0,0,1
4556,4,4,0.8660254037844386,1,0,3,0,0,0,0,0,3
4557,2,2,1.0,1,0,1,0,0,0,0,0,1
4558,2,2,1.0,1,0,1,0,0,0,0,0,1
4559,2,2,1.0,1,0,1,0,0,0,0,0,1
4560,2,2,0.0,1,0,4,0,0,0,0,1,4
4561,1,1,0.0,0,0,2,0,0,0,0,0,2
4562,2,2,0.5,0,0,2,0,0,0,0,0,2
4563,2,2,0.0,1,0,4,0,0,0,0,1,4
4564,1,1,0.0,0,0,1,0,0,0,0,0,1
4565,3,3,0.9428090415820634,2,0,4,2,1,0,0,2,9
4566,5,5,0.4,3,0,6,1,0,0,0,5,12
4567,2,2,1.0,1,0,1,0,0,0,0,0,1
4568,5,5,0.0,4,0,10,3,0,0,0,4,17
4569,1,1,0.0,0,0,2,0,0,0,0,0,2
4570,1,1,0.0,0,0,1,0,0,0,0,0,1
4571,3,3,0.0,2,0,2,1,0,0,0,0,3
4572,6,6,0.7453559924999299,5,0,11,6,5,2,0,3,27
4573,2,2,0.5,1,0,5,1,0,1,0,1,8
4574,2,2,0.5,0,0,2,0,0,0,0,0,2
4575,3,3,0.9428090415820634,2,0,2,0,0,0,0,0,2
4576,3,3,0.9428090415820634,2,0,8,2,1,0,0,6,17
4577,3,3,0.0,2,0,4,1,0,0,1,0,6
4578,1,1,0.0,0,0,1,0,0,0,0,0,1
4579,3,3,0.0,2,0,4,1,0,0,1,0,6
4580,1,1,0.0,0,0,1,0,0,0,0,0,1
4581,4,4,0.4330127018922193,2,0,4,3,0,0,0,0,7
4582,3,3,0.0,2,0,6,4,0,0,0,6,16
4583,2,2,1.0,1,0,1,0,0,0,0,0,1
4584,2,2,0.5,0,0,2,0,0,0,0,0,2
4585,5,5,0.8,3,0,5,2,2,1,0,1,11
4586,3,3,0.4714045207910317,2,0,6,0,1,1,0,1,8
4587,2,2,0.0,1,0,6,1,0,1,1,1,10
4588,5,5,0.8,4,0,6,0,0,0,0,0,6
4589,10,10,0.6633249580710799,7,0,17,17,14,4,2,6,60
4590,2,2,1.0,1,0,1,0,0,0,0,0,1
4591,2,2,1.0,1,0,1,0,0,0,0,0,1
4592,2,2,1.0,1,0,1,0,0,0,0,0,1
4593,1,1,0.0,0,0,3,0,0,0,0,0,3
4594,2,2,0.5,0,1,1,0,0,0,0,0,1
4595,3,3,0.0,2,0,4,1,0,0,1,0,6
4596,4,4,0.8660254037844386,3,0,3,1,0,0,0,0,4
4597,2,2,1.0,1,0,3,1,0,1,0,1,6
4598,2,2,1.0,1,0,3,2,0,0,0,1,6
4599,1,1,0.0,0,0,1,0,0,0,0,0,1
4600,1,1,0.0,0,0,1,0,0,0,0,0,1
4601,2,2,0.5,1,0,2,0,0,0,0,0,2
4602,3,3,0.0,2,0,4,0,0,0,0,0,4
4603,2,2,0.0,1,0,1,0,0,0,0,0,1
4604,4,4,0.82915619758885,1,1,3,0,1,0,0,0,4
4605,3,3,0.4714045207910317,2,0,5,2,1,0,0,0,8
4606,2,2,1.0,1,0,1,0,0,0,0,0,1
4607,2,2,1.0,1,0,1,0,0,0,0,0,1
4608,6,6,0.9428090415820634,4,0,11,6,3,1,1,6,27
4609,1,1,0.0,0,0,1,0,0,0,0,0,1
4610,3,3,0.816496580927726,1,1,2,0,0,0,0,0,2
4611,1,1,0.0,0,0,1,0,0,0,0,0,1
4612,4,4,0.4330127018922193,2,0,4,3,0,0,0,0,7
4613,2,2,1.0,1,0,3,2,0,0,0,1,6
4614,2,2,0.5,1,0,4,2,0,0,0,3,9
4615,2,2,1.5,1,1,1,0,0,0,0,0,1
4616,2,2,0.5,1,0,2,1,0,0,0,0,3
4617,2,2,1.0,1,0,1,0,0,0,0,0,1
4618,2,2,1.0,1,0,1,0,0,0,0,0,1
4619,3,3,0.9428090415820634,2,0,2,1,0,0,0,0,3
4620,2,2,1.0,1,0,3,2,0,0,0,1,6
4621,1,1,0.0,0,0,1,0,0,0,0,0,1
4622,1,1,0.0,0,0,1,0,0,0,0,0,1
4623,3,3,0.0,2,0,2,1,0,0,0,0,3
4624,2,2,0.5,1,0,5,1,0,1,0,1,8
4625,3,3,0.9428090415820634,2,0,3,0,0,0,0,0,3
4626,3,3,0.0,2,0,4,1,0,0,1,0,6
4627,1,1,0.0,0,0,1,0,0,0,0,0,1
4628,2,2,0.0,1,0,1,0,0,0,0,0,1
4629,3,3,0.9428090415820634,2,0,2,0,0,0,0,0,2
4630,2,2,1.0,1,0,1,0,0,0,0,0,1
4631,3,3,0.0,2,0,6,4,0,0,0,6,16
4632,2,2,1.0,1,0,1,0,0,0,0,0,1
4633,10,10,0.6,9,0,26,41,36,5,0,0,108
4634,2,2,1.0,0,0,1,0,0,0,0,0,1
4635,3,3,0.9428090415820634,2,0,8,2,1,0,0,6,17
4636,1,1,0.0,0,0,1,0,0,0,0,0,1
4637,1,1,0.0,0,0,1,0,0,0,0,0,1
4638,4,4,0.4330127018922193,2,0,4,3,0,0,0,0,7
4639,5,5,0.0,4,0,10,3,0,0,0,4,17
4640,2,2,1.0,1,0,3,0,0,0,0,0,3
4641,2,2,0.5,1,0,2,1,0,0,0,0,3
4642,6,6,0.7453559924999299,5,0,11,6,5,2,0,3,27
4643,2,2,1.0,1,0,1,0,0,0,0,0,1
4644,3,3,0.9428090415820634,2,0,2,0,0,0,0,0,2
4645,1,1,0.0,0,0,1,0,0,0,0,0,1
4646,3,3,0.9428090415820634,2,0,4,2,1,0,0,2,9
4647,2,2,1.0,1,0,1,0,0,0,0,0,1
4648,5,5,0.4,3,0,6,1,0,0,0,5,12
4649,5,5,0.4898979485566356,3,0,9,2,1,0,0,3,15
4650,2,2,1.0,1,0,1,0,0,0,0,0,1
4651,3,3,0.0,2,0,5,1,0,1,0,0,7
4652,2,2,1.0,1,0,1,0,0,0,0,0,1
4653,2,2,1.0,1,0,3,2,0,0,0,1,6
4654,2,2,0.0,1,0,4,0,0,0,0,1,4
4655,2,2,1.0,1,0,1,0,0,0,0,0,1
4656,7,7,0.7284313590846836,5,0,11,12,7,2,0,6,38
4657,2,2,1.0,1,0,1,0,0,0,0,0,1
4658,2,2,1.0,1,0,1,0,0,0,0,0,1
4659,2,2,0.0,1,0,1,0,0,0,0,0,1
4660,1,1,0.0,0,0,2,0,0,0,0,0,2
4661,13,13,0.5756395979652218,11,0,17,14,2,2,0,29,64
4662,2,2,1.0,1,0,1,0,0,0,0,0,1
4663,1,1,0.0,0,0,1,0,0,0,0,0,1
