Copyright 1986-2020 Xilinx, Inc. All Rights Reserved.
----------------------------------------------------------------------------------------------------------------------------------------------------------------------------
| Tool Version : Vivado v.2020.1 (lin64) Build 2902540 Wed May 27 19:54:35 MDT 2020
| Date         : Mon Sep 22 17:50:30 2025
| Host         : orthanc running 64-bit Ubuntu 22.04.4 LTS
| Command      : report_utilization -hierarchical -file /home/jyoo/custom_v_2/custom-core-tool/reports/memory_wo_simd/benches/648_exchange2_s/648_exchange2_s_util_hier.rpt
| Design       : top_bench__648_exchange2_s
| Device       : xcu200fsgd2104-2
| Design State : Optimized
----------------------------------------------------------------------------------------------------------------------------------------------------------------------------

Utilization Design Information

Table of Contents
-----------------
1. Utilization by Hierarchy

1. Utilization by Hierarchy
---------------------------

+-----------------------------------------------------------------------------------+-------------------------------------------------------+------------+------------+---------+------+-------+--------+--------+------+------------+
|                                      Instance                                     |                         Module                        | Total LUTs | Logic LUTs | LUTRAMs | SRLs |  FFs  | RAMB36 | RAMB18 | URAM | DSP Blocks |
+-----------------------------------------------------------------------------------+-------------------------------------------------------+------------+------------+---------+------+-------+--------+--------+------+------------+
| top_bench__648_exchange2_s                                                        |                                                 (top) |       2856 |       1939 |       0 |  917 | 21826 |      0 |      0 |    0 |         70 |
|   (top_bench__648_exchange2_s)                                                    |                                                 (top) |          0 |          0 |       0 |    0 |     0 |      0 |      0 |    0 |          0 |
|   u_648_exchange2_s                                                               |                           bench_core__648_exchange2_s |       2856 |       1939 |       0 |  917 | 21826 |      0 |      0 |    0 |         70 |
|     (u_648_exchange2_s)                                                           |                           bench_core__648_exchange2_s |        608 |        608 |       0 |    0 |     0 |      0 |      0 |    0 |          0 |
|     glen[0].core_i                                                                |                             uop_block_wrap__xdcDup__1 |        132 |          1 |       0 |  131 |   602 |      0 |      0 |    0 |         10 |
|       (glen[0].core_i)                                                            |                             uop_block_wrap__xdcDup__1 |          0 |          0 |       0 |    0 |   160 |      0 |      0 |    0 |          0 |
|       core                                                                        |                                  uop_block__xdcDup__1 |        132 |          1 |       0 |  131 |   442 |      0 |      0 |    0 |         10 |
|         (core)                                                                    |                                  uop_block__xdcDup__1 |          1 |          1 |       0 |    0 |    64 |      0 |      0 |    0 |          0 |
|         g[0].g_normal.alu_i                                                       |                                       microop_unit__3 |          0 |          0 |       0 |    0 |    32 |      0 |      0 |    0 |          0 |
|         g[1].g_normal.alu_i                                                       |               microop_unit__parameterized0__xdcDup__1 |        131 |          0 |       0 |  131 |   346 |      0 |      0 |    0 |         10 |
|           (g[1].g_normal.alu_i)                                                   |               microop_unit__parameterized0__xdcDup__1 |          0 |          0 |       0 |    0 |    64 |      0 |      0 |    0 |          0 |
|           g_imul.mul64_ip.mul_i                                                   |                                   integer_mul_HD20650 |        131 |          0 |       0 |  131 |   282 |      0 |      0 |    0 |         10 |
|             U0                                                                    |                  integer_mulmult_gen_v12_0_16_HD20651 |        131 |          0 |       0 |  131 |   282 |      0 |      0 |    0 |         10 |
|               i_mult                                                              |              integer_mulmult_gen_v12_0_16_viv_HD20652 |        131 |          0 |       0 |  131 |   282 |      0 |      0 |    0 |         10 |
|                 gDSP.gDSP_only.iDSP                                               |                                integer_muldsp_HD20653 |        131 |          0 |       0 |  131 |   282 |      0 |      0 |    0 |         10 |
|                   (gDSP.gDSP_only.iDSP)                                           |                                integer_muldsp_HD20653 |          0 |          0 |       0 |    0 |     0 |      0 |      0 |    0 |         10 |
|                   use_prim.appDSP48[0].bppDSP48[0].need_output_delay.output_delay |        integer_muldelay_line__parameterized16_HD20654 |          9 |          0 |       0 |    9 |    17 |      0 |      0 |    0 |          0 |
|                   use_prim.appDSP48[0].bppDSP48[2].need_output_delay.output_delay |        integer_muldelay_line__parameterized18_HD20655 |          9 |          0 |       0 |    9 |    17 |      0 |      0 |    0 |          0 |
|                   use_prim.appDSP48[1].bppDSP48[0].need_output_delay.output_delay |        integer_muldelay_line__parameterized19_HD20656 |          9 |          0 |       0 |    9 |    17 |      0 |      0 |    0 |          0 |
|                   use_prim.appDSP48[3].bppDSP48[0].need_output_delay.output_delay |        integer_muldelay_line__parameterized21_HD20658 |          7 |          0 |       0 |    7 |    13 |      0 |      0 |    0 |          0 |
|                   use_prim.iAdelx[0].iAdely[2].use_delay_line.Adelay              |         integer_muldelay_line__parameterized0_HD20660 |          9 |          0 |       0 |    9 |    17 |      0 |      0 |    0 |          0 |
|                   use_prim.iAdelx[1].iAdely[1].use_delay_line.Adelay              |         integer_muldelay_line__parameterized1_HD20661 |          9 |          0 |       0 |    9 |    17 |      0 |      0 |    0 |          0 |
|                   use_prim.iAdelx[1].iAdely[2].use_delay_line.Adelay              |         integer_muldelay_line__parameterized2_HD20662 |          9 |          0 |       0 |    9 |    17 |      0 |      0 |    0 |          0 |
|                   use_prim.iAdelx[2].iAdely[0].use_delay_line.Adelay              |         integer_muldelay_line__parameterized4_HD20664 |          0 |          0 |       0 |    0 |    17 |      0 |      0 |    0 |          0 |
|                   use_prim.iAdelx[2].iAdely[1].use_delay_line.Adelay              |         integer_muldelay_line__parameterized5_HD20665 |          9 |          0 |       0 |    9 |    17 |      0 |      0 |    0 |          0 |
|                   use_prim.iAdelx[3].iAdely[0].use_delay_line.Adelay              |         integer_muldelay_line__parameterized8_HD20668 |          7 |          0 |       0 |    7 |    13 |      0 |      0 |    0 |          0 |
|                   use_prim.iBdelx[0].iBdely[2].need_delay_line.Bdelay             |       integer_muldelay_line__parameterized0_0_HD20670 |          9 |          0 |       0 |    9 |    17 |      0 |      0 |    0 |          0 |
|                   use_prim.iBdelx[0].iBdely[3].need_delay_line.Bdelay             |        integer_muldelay_line__parameterized10_HD20671 |          9 |          0 |       0 |    9 |    18 |      0 |      0 |    0 |          0 |
|                   use_prim.iBdelx[1].iBdely[0].need_delay_line.Bdelay             |       integer_muldelay_line__parameterized4_1_HD20672 |          0 |          0 |       0 |    0 |    17 |      0 |      0 |    0 |          0 |
|                   use_prim.iBdelx[1].iBdely[1].need_delay_line.Bdelay             |       integer_muldelay_line__parameterized1_2_HD20673 |          9 |          0 |       0 |    9 |    17 |      0 |      0 |    0 |          0 |
|                   use_prim.iBdelx[1].iBdely[2].need_delay_line.Bdelay             |       integer_muldelay_line__parameterized2_3_HD20674 |          9 |          0 |       0 |    9 |    17 |      0 |      0 |    0 |          0 |
|                   use_prim.iBdelx[2].iBdely[1].need_delay_line.Bdelay             |       integer_muldelay_line__parameterized5_5_HD20676 |          9 |          0 |       0 |    9 |    17 |      0 |      0 |    0 |          0 |
|                   use_prim.iBdelx[3].iBdely[0].need_delay_line.Bdelay             |        integer_muldelay_line__parameterized11_HD20678 |          9 |          0 |       0 |    9 |    17 |      0 |      0 |    0 |          0 |
|     glen[10].core_i                                                               |                        uop_block_wrap__parameterized8 |         65 |         65 |       0 |    0 |   160 |      0 |      0 |    0 |          0 |
|       (glen[10].core_i)                                                           |                        uop_block_wrap__parameterized8 |          0 |          0 |       0 |    0 |    96 |      0 |      0 |    0 |          0 |
|       core                                                                        |                             uop_block__parameterized8 |         65 |         65 |       0 |    0 |    64 |      0 |      0 |    0 |          0 |
|         (core)                                                                    |                             uop_block__parameterized8 |          1 |          1 |       0 |    0 |     0 |      0 |      0 |    0 |          0 |
|         g[0].g_normal.alu_i                                                       |                       microop_unit__parameterized5__3 |         31 |         31 |       0 |    0 |    32 |      0 |      0 |    0 |          0 |
|         g[1].g_normal.alu_i                                                       |                          microop_unit__parameterized8 |         33 |         33 |       0 |    0 |    32 |      0 |      0 |    0 |          0 |
|     glen[11].core_i                                                               |                     uop_block_wrap__parameterized3__1 |          1 |          1 |       0 |    0 |   320 |      0 |      0 |    0 |          0 |
|       (glen[11].core_i)                                                           |                     uop_block_wrap__parameterized3__1 |          0 |          0 |       0 |    0 |   128 |      0 |      0 |    0 |          0 |
|       core                                                                        |                          uop_block__parameterized3__1 |          1 |          1 |       0 |    0 |   192 |      0 |      0 |    0 |          0 |
|         (core)                                                                    |                          uop_block__parameterized3__1 |          1 |          1 |       0 |    0 |    64 |      0 |      0 |    0 |          0 |
|         g[0].g_normal.alu_i                                                       |                       microop_unit__parameterized2__9 |          0 |          0 |       0 |    0 |    64 |      0 |      0 |    0 |          0 |
|         g[1].g_normal.alu_i                                                       |                       microop_unit__parameterized2__8 |          0 |          0 |       0 |    0 |    64 |      0 |      0 |    0 |          0 |
|     glen[12].core_i                                                               |                        uop_block_wrap__parameterized9 |        132 |          1 |       0 |  131 |   794 |      0 |      0 |    0 |         10 |
|       (glen[12].core_i)                                                           |                        uop_block_wrap__parameterized9 |          0 |          0 |       0 |    0 |   192 |      0 |      0 |    0 |          0 |
|       core                                                                        |                             uop_block__parameterized9 |        132 |          1 |       0 |  131 |   602 |      0 |      0 |    0 |         10 |
|         (core)                                                                    |                             uop_block__parameterized9 |          1 |          1 |       0 |    0 |   128 |      0 |      0 |    0 |          0 |
|         g[0].g_normal.alu_i                                                       |                      microop_unit__parameterized2__18 |          0 |          0 |       0 |    0 |    64 |      0 |      0 |    0 |          0 |
|         g[1].g_normal.alu_i                                                       |               microop_unit__parameterized0__xdcDup__2 |        131 |          0 |       0 |  131 |   346 |      0 |      0 |    0 |         10 |
|           (g[1].g_normal.alu_i)                                                   |               microop_unit__parameterized0__xdcDup__2 |          0 |          0 |       0 |    0 |    64 |      0 |      0 |    0 |          0 |
|           g_imul.mul64_ip.mul_i                                                   |                                   integer_mul_HD20618 |        131 |          0 |       0 |  131 |   282 |      0 |      0 |    0 |         10 |
|             U0                                                                    |                  integer_mulmult_gen_v12_0_16_HD20619 |        131 |          0 |       0 |  131 |   282 |      0 |      0 |    0 |         10 |
|               i_mult                                                              |              integer_mulmult_gen_v12_0_16_viv_HD20620 |        131 |          0 |       0 |  131 |   282 |      0 |      0 |    0 |         10 |
|                 gDSP.gDSP_only.iDSP                                               |                                integer_muldsp_HD20621 |        131 |          0 |       0 |  131 |   282 |      0 |      0 |    0 |         10 |
|                   (gDSP.gDSP_only.iDSP)                                           |                                integer_muldsp_HD20621 |          0 |          0 |       0 |    0 |     0 |      0 |      0 |    0 |         10 |
|                   use_prim.appDSP48[0].bppDSP48[0].need_output_delay.output_delay |        integer_muldelay_line__parameterized16_HD20622 |          9 |          0 |       0 |    9 |    17 |      0 |      0 |    0 |          0 |
|                   use_prim.appDSP48[0].bppDSP48[2].need_output_delay.output_delay |        integer_muldelay_line__parameterized18_HD20623 |          9 |          0 |       0 |    9 |    17 |      0 |      0 |    0 |          0 |
|                   use_prim.appDSP48[1].bppDSP48[0].need_output_delay.output_delay |        integer_muldelay_line__parameterized19_HD20624 |          9 |          0 |       0 |    9 |    17 |      0 |      0 |    0 |          0 |
|                   use_prim.appDSP48[3].bppDSP48[0].need_output_delay.output_delay |        integer_muldelay_line__parameterized21_HD20626 |          7 |          0 |       0 |    7 |    13 |      0 |      0 |    0 |          0 |
|                   use_prim.iAdelx[0].iAdely[2].use_delay_line.Adelay              |         integer_muldelay_line__parameterized0_HD20628 |          9 |          0 |       0 |    9 |    17 |      0 |      0 |    0 |          0 |
|                   use_prim.iAdelx[1].iAdely[1].use_delay_line.Adelay              |         integer_muldelay_line__parameterized1_HD20629 |          9 |          0 |       0 |    9 |    17 |      0 |      0 |    0 |          0 |
|                   use_prim.iAdelx[1].iAdely[2].use_delay_line.Adelay              |         integer_muldelay_line__parameterized2_HD20630 |          9 |          0 |       0 |    9 |    17 |      0 |      0 |    0 |          0 |
|                   use_prim.iAdelx[2].iAdely[0].use_delay_line.Adelay              |         integer_muldelay_line__parameterized4_HD20632 |          0 |          0 |       0 |    0 |    17 |      0 |      0 |    0 |          0 |
|                   use_prim.iAdelx[2].iAdely[1].use_delay_line.Adelay              |         integer_muldelay_line__parameterized5_HD20633 |          9 |          0 |       0 |    9 |    17 |      0 |      0 |    0 |          0 |
|                   use_prim.iAdelx[3].iAdely[0].use_delay_line.Adelay              |         integer_muldelay_line__parameterized8_HD20636 |          7 |          0 |       0 |    7 |    13 |      0 |      0 |    0 |          0 |
|                   use_prim.iBdelx[0].iBdely[2].need_delay_line.Bdelay             |       integer_muldelay_line__parameterized0_0_HD20638 |          9 |          0 |       0 |    9 |    17 |      0 |      0 |    0 |          0 |
|                   use_prim.iBdelx[0].iBdely[3].need_delay_line.Bdelay             |        integer_muldelay_line__parameterized10_HD20639 |          9 |          0 |       0 |    9 |    18 |      0 |      0 |    0 |          0 |
|                   use_prim.iBdelx[1].iBdely[0].need_delay_line.Bdelay             |       integer_muldelay_line__parameterized4_1_HD20640 |          0 |          0 |       0 |    0 |    17 |      0 |      0 |    0 |          0 |
|                   use_prim.iBdelx[1].iBdely[1].need_delay_line.Bdelay             |       integer_muldelay_line__parameterized1_2_HD20641 |          9 |          0 |       0 |    9 |    17 |      0 |      0 |    0 |          0 |
|                   use_prim.iBdelx[1].iBdely[2].need_delay_line.Bdelay             |       integer_muldelay_line__parameterized2_3_HD20642 |          9 |          0 |       0 |    9 |    17 |      0 |      0 |    0 |          0 |
|                   use_prim.iBdelx[2].iBdely[1].need_delay_line.Bdelay             |       integer_muldelay_line__parameterized5_5_HD20644 |          9 |          0 |       0 |    9 |    17 |      0 |      0 |    0 |          0 |
|                   use_prim.iBdelx[3].iBdely[0].need_delay_line.Bdelay             |        integer_muldelay_line__parameterized11_HD20646 |          9 |          0 |       0 |    9 |    17 |      0 |      0 |    0 |          0 |
|         g[2].g_normal.alu_i                                                       |                      microop_unit__parameterized2__19 |          0 |          0 |       0 |    0 |    64 |      0 |      0 |    0 |          0 |
|     glen[13].core_i                                                               |                       uop_block_wrap__parameterized10 |         33 |         33 |       0 |    0 |   256 |      0 |      0 |    0 |          0 |
|       (glen[13].core_i)                                                           |                       uop_block_wrap__parameterized10 |          0 |          0 |       0 |    0 |    96 |      0 |      0 |    0 |          0 |
|       core                                                                        |                            uop_block__parameterized10 |         33 |         33 |       0 |    0 |   160 |      0 |      0 |    0 |          0 |
|         (core)                                                                    |                            uop_block__parameterized10 |          1 |          1 |       0 |    0 |    64 |      0 |      0 |    0 |          0 |
|         g[0].g_normal.alu_i                                                       |                       microop_unit__parameterized4__7 |          0 |          0 |       0 |    0 |    32 |      0 |      0 |    0 |          0 |
|         g[1].g_normal.alu_i                                                       |                       microop_unit__parameterized9__1 |         32 |         32 |       0 |    0 |    32 |      0 |      0 |    0 |          0 |
|         g[2].g_normal.alu_i                                                       |                      microop_unit__parameterized4__18 |          0 |          0 |       0 |    0 |    32 |      0 |      0 |    0 |          0 |
|     glen[14].core_i                                                               |                    uop_block_wrap__parameterized11__7 |          1 |          1 |       0 |    0 |   160 |      0 |      0 |    0 |          0 |
|       (glen[14].core_i)                                                           |                    uop_block_wrap__parameterized11__7 |          0 |          0 |       0 |    0 |    64 |      0 |      0 |    0 |          0 |
|       core                                                                        |                         uop_block__parameterized11__7 |          1 |          1 |       0 |    0 |    96 |      0 |      0 |    0 |          0 |
|         (core)                                                                    |                         uop_block__parameterized11__7 |          1 |          1 |       0 |    0 |    32 |      0 |      0 |    0 |          0 |
|         g[0].g_normal.alu_i                                                       |                      microop_unit__parameterized4__23 |          0 |          0 |       0 |    0 |    32 |      0 |      0 |    0 |          0 |
|         g[1].g_normal.alu_i                                                       |                      microop_unit__parameterized4__24 |          0 |          0 |       0 |    0 |    32 |      0 |      0 |    0 |          0 |
|     glen[15].core_i                                                               |                    uop_block_wrap__parameterized11__2 |          1 |          1 |       0 |    0 |   160 |      0 |      0 |    0 |          0 |
|       (glen[15].core_i)                                                           |                    uop_block_wrap__parameterized11__2 |          0 |          0 |       0 |    0 |    64 |      0 |      0 |    0 |          0 |
|       core                                                                        |                         uop_block__parameterized11__2 |          1 |          1 |       0 |    0 |    96 |      0 |      0 |    0 |          0 |
|         (core)                                                                    |                         uop_block__parameterized11__2 |          1 |          1 |       0 |    0 |    32 |      0 |      0 |    0 |          0 |
|         g[0].g_normal.alu_i                                                       |                      microop_unit__parameterized4__11 |          0 |          0 |       0 |    0 |    32 |      0 |      0 |    0 |          0 |
|         g[1].g_normal.alu_i                                                       |                      microop_unit__parameterized4__10 |          0 |          0 |       0 |    0 |    32 |      0 |      0 |    0 |          0 |
|     glen[16].core_i                                                               |                     uop_block_wrap__parameterized3__2 |          1 |          1 |       0 |    0 |   320 |      0 |      0 |    0 |          0 |
|       (glen[16].core_i)                                                           |                     uop_block_wrap__parameterized3__2 |          0 |          0 |       0 |    0 |   128 |      0 |      0 |    0 |          0 |
|       core                                                                        |                          uop_block__parameterized3__2 |          1 |          1 |       0 |    0 |   192 |      0 |      0 |    0 |          0 |
|         (core)                                                                    |                          uop_block__parameterized3__2 |          1 |          1 |       0 |    0 |    64 |      0 |      0 |    0 |          0 |
|         g[0].g_normal.alu_i                                                       |                      microop_unit__parameterized2__11 |          0 |          0 |       0 |    0 |    64 |      0 |      0 |    0 |          0 |
|         g[1].g_normal.alu_i                                                       |                      microop_unit__parameterized2__10 |          0 |          0 |       0 |    0 |    64 |      0 |      0 |    0 |          0 |
|     glen[17].core_i                                                               |                       uop_block_wrap__parameterized12 |         33 |         33 |       0 |    0 |   256 |      0 |      0 |    0 |          0 |
|       (glen[17].core_i)                                                           |                       uop_block_wrap__parameterized12 |          0 |          0 |       0 |    0 |    96 |      0 |      0 |    0 |          0 |
|       core                                                                        |                            uop_block__parameterized12 |         33 |         33 |       0 |    0 |   160 |      0 |      0 |    0 |          0 |
|         (core)                                                                    |                            uop_block__parameterized12 |          1 |          1 |       0 |    0 |    64 |      0 |      0 |    0 |          0 |
|         g[0].g_normal.alu_i                                                       |                       microop_unit__parameterized4__5 |          0 |          0 |       0 |    0 |    32 |      0 |      0 |    0 |          0 |
|         g[1].g_normal.alu_i                                                       |                      microop_unit__parameterized3__32 |         32 |         32 |       0 |    0 |    32 |      0 |      0 |    0 |          0 |
|         g[2].g_normal.alu_i                                                       |                       microop_unit__parameterized4__6 |          0 |          0 |       0 |    0 |    32 |      0 |      0 |    0 |          0 |
|     glen[18].core_i                                                               |                       uop_block_wrap__parameterized13 |         19 |         19 |       0 |    0 |   672 |      0 |      0 |    0 |          0 |
|       (glen[18].core_i)                                                           |                       uop_block_wrap__parameterized13 |          0 |          0 |       0 |    0 |    64 |      0 |      0 |    0 |          0 |
|       core                                                                        |                            uop_block__parameterized13 |         19 |         19 |       0 |    0 |   608 |      0 |      0 |    0 |          0 |
|         (core)                                                                    |                            uop_block__parameterized13 |          1 |          1 |       0 |    0 |   288 |      0 |      0 |    0 |          0 |
|         g[0].g_normal.alu_i                                                       |                      microop_unit__parameterized2__20 |          0 |          0 |       0 |    0 |    32 |      0 |      0 |    0 |          0 |
|         g[1].g_normal.alu_i                                                       |                      microop_unit__parameterized3__63 |          2 |          2 |       0 |    0 |    32 |      0 |      0 |    0 |          0 |
|         g[2].g_normal.alu_i                                                       |                      microop_unit__parameterized3__64 |          2 |          2 |       0 |    0 |    32 |      0 |      0 |    0 |          0 |
|         g[3].g_normal.alu_i                                                       |                      microop_unit__parameterized3__65 |          2 |          2 |       0 |    0 |    32 |      0 |      0 |    0 |          0 |
|         g[4].g_normal.alu_i                                                       |                      microop_unit__parameterized3__66 |          2 |          2 |       0 |    0 |    32 |      0 |      0 |    0 |          0 |
|         g[5].g_normal.alu_i                                                       |                      microop_unit__parameterized3__67 |          2 |          2 |       0 |    0 |    32 |      0 |      0 |    0 |          0 |
|         g[6].g_normal.alu_i                                                       |                      microop_unit__parameterized3__68 |          2 |          2 |       0 |    0 |    32 |      0 |      0 |    0 |          0 |
|         g[7].g_normal.alu_i                                                       |                      microop_unit__parameterized3__69 |          2 |          2 |       0 |    0 |    32 |      0 |      0 |    0 |          0 |
|         g[8].g_normal.alu_i                                                       |                      microop_unit__parameterized3__70 |          2 |          2 |       0 |    0 |    32 |      0 |      0 |    0 |          0 |
|         g[9].g_normal.alu_i                                                       |                      microop_unit__parameterized3__71 |          2 |          2 |       0 |    0 |    32 |      0 |      0 |    0 |          0 |
|     glen[19].core_i                                                               |                       uop_block_wrap__parameterized14 |         21 |         21 |       0 |    0 |   736 |      0 |      0 |    0 |          0 |
|       (glen[19].core_i)                                                           |                       uop_block_wrap__parameterized14 |          0 |          0 |       0 |    0 |    64 |      0 |      0 |    0 |          0 |
|       core                                                                        |                            uop_block__parameterized14 |         21 |         21 |       0 |    0 |   672 |      0 |      0 |    0 |          0 |
|         (core)                                                                    |                            uop_block__parameterized14 |          1 |          1 |       0 |    0 |   320 |      0 |      0 |    0 |          0 |
|         g[0].g_normal.alu_i                                                       |                      microop_unit__parameterized2__12 |          0 |          0 |       0 |    0 |    32 |      0 |      0 |    0 |          0 |
|         g[10].g_normal.alu_i                                                      |                      microop_unit__parameterized3__29 |          2 |          2 |       0 |    0 |    32 |      0 |      0 |    0 |          0 |
|         g[1].g_normal.alu_i                                                       |                      microop_unit__parameterized3__20 |          2 |          2 |       0 |    0 |    32 |      0 |      0 |    0 |          0 |
|         g[2].g_normal.alu_i                                                       |                      microop_unit__parameterized3__21 |          2 |          2 |       0 |    0 |    32 |      0 |      0 |    0 |          0 |
|         g[3].g_normal.alu_i                                                       |                      microop_unit__parameterized3__22 |          2 |          2 |       0 |    0 |    32 |      0 |      0 |    0 |          0 |
|         g[4].g_normal.alu_i                                                       |                      microop_unit__parameterized3__23 |          2 |          2 |       0 |    0 |    32 |      0 |      0 |    0 |          0 |
|         g[5].g_normal.alu_i                                                       |                      microop_unit__parameterized3__24 |          2 |          2 |       0 |    0 |    32 |      0 |      0 |    0 |          0 |
|         g[6].g_normal.alu_i                                                       |                      microop_unit__parameterized3__25 |          2 |          2 |       0 |    0 |    32 |      0 |      0 |    0 |          0 |
|         g[7].g_normal.alu_i                                                       |                      microop_unit__parameterized3__26 |          2 |          2 |       0 |    0 |    32 |      0 |      0 |    0 |          0 |
|         g[8].g_normal.alu_i                                                       |                      microop_unit__parameterized3__27 |          2 |          2 |       0 |    0 |    32 |      0 |      0 |    0 |          0 |
|         g[9].g_normal.alu_i                                                       |                      microop_unit__parameterized3__28 |          2 |          2 |       0 |    0 |    32 |      0 |      0 |    0 |          0 |
|     glen[1].core_i                                                                |                     uop_block_wrap__parameterized0__1 |         65 |         65 |       0 |    0 |   384 |      0 |      0 |    0 |          0 |
|       (glen[1].core_i)                                                            |                     uop_block_wrap__parameterized0__1 |          0 |          0 |       0 |    0 |   192 |      0 |      0 |    0 |          0 |
|       core                                                                        |                          uop_block__parameterized0__1 |         65 |         65 |       0 |    0 |   192 |      0 |      0 |    0 |          0 |
|         (core)                                                                    |                          uop_block__parameterized0__1 |          1 |          1 |       0 |    0 |    64 |      0 |      0 |    0 |          0 |
|         g[0].g_normal.alu_i                                                       |                       microop_unit__parameterized1__1 |         64 |         64 |       0 |    0 |    64 |      0 |      0 |    0 |          0 |
|         g[1].g_normal.alu_i                                                       |                      microop_unit__parameterized2__13 |          0 |          0 |       0 |    0 |    64 |      0 |      0 |    0 |          0 |
|     glen[20].core_i                                                               |                       uop_block_wrap__parameterized15 |        132 |          1 |       0 |  131 |   666 |      0 |      0 |    0 |         10 |
|       (glen[20].core_i)                                                           |                       uop_block_wrap__parameterized15 |          0 |          0 |       0 |    0 |   192 |      0 |      0 |    0 |          0 |
|       core                                                                        |                            uop_block__parameterized15 |        132 |          1 |       0 |  131 |   474 |      0 |      0 |    0 |         10 |
|         (core)                                                                    |                            uop_block__parameterized15 |          1 |          1 |       0 |    0 |    64 |      0 |      0 |    0 |          0 |
|         g[0].g_normal.alu_i                                                       |                      microop_unit__parameterized2__21 |          0 |          0 |       0 |    0 |    64 |      0 |      0 |    0 |          0 |
|         g[1].g_normal.alu_i                                                       |               microop_unit__parameterized0__xdcDup__3 |        131 |          0 |       0 |  131 |   346 |      0 |      0 |    0 |         10 |
|           (g[1].g_normal.alu_i)                                                   |               microop_unit__parameterized0__xdcDup__3 |          0 |          0 |       0 |    0 |    64 |      0 |      0 |    0 |          0 |
|           g_imul.mul64_ip.mul_i                                                   |                                   integer_mul_HD20586 |        131 |          0 |       0 |  131 |   282 |      0 |      0 |    0 |         10 |
|             U0                                                                    |                  integer_mulmult_gen_v12_0_16_HD20587 |        131 |          0 |       0 |  131 |   282 |      0 |      0 |    0 |         10 |
|               i_mult                                                              |              integer_mulmult_gen_v12_0_16_viv_HD20588 |        131 |          0 |       0 |  131 |   282 |      0 |      0 |    0 |         10 |
|                 gDSP.gDSP_only.iDSP                                               |                                integer_muldsp_HD20589 |        131 |          0 |       0 |  131 |   282 |      0 |      0 |    0 |         10 |
|                   (gDSP.gDSP_only.iDSP)                                           |                                integer_muldsp_HD20589 |          0 |          0 |       0 |    0 |     0 |      0 |      0 |    0 |         10 |
|                   use_prim.appDSP48[0].bppDSP48[0].need_output_delay.output_delay |        integer_muldelay_line__parameterized16_HD20590 |          9 |          0 |       0 |    9 |    17 |      0 |      0 |    0 |          0 |
|                   use_prim.appDSP48[0].bppDSP48[2].need_output_delay.output_delay |        integer_muldelay_line__parameterized18_HD20591 |          9 |          0 |       0 |    9 |    17 |      0 |      0 |    0 |          0 |
|                   use_prim.appDSP48[1].bppDSP48[0].need_output_delay.output_delay |        integer_muldelay_line__parameterized19_HD20592 |          9 |          0 |       0 |    9 |    17 |      0 |      0 |    0 |          0 |
|                   use_prim.appDSP48[3].bppDSP48[0].need_output_delay.output_delay |        integer_muldelay_line__parameterized21_HD20594 |          7 |          0 |       0 |    7 |    13 |      0 |      0 |    0 |          0 |
|                   use_prim.iAdelx[0].iAdely[2].use_delay_line.Adelay              |         integer_muldelay_line__parameterized0_HD20596 |          9 |          0 |       0 |    9 |    17 |      0 |      0 |    0 |          0 |
|                   use_prim.iAdelx[1].iAdely[1].use_delay_line.Adelay              |         integer_muldelay_line__parameterized1_HD20597 |          9 |          0 |       0 |    9 |    17 |      0 |      0 |    0 |          0 |
|                   use_prim.iAdelx[1].iAdely[2].use_delay_line.Adelay              |         integer_muldelay_line__parameterized2_HD20598 |          9 |          0 |       0 |    9 |    17 |      0 |      0 |    0 |          0 |
|                   use_prim.iAdelx[2].iAdely[0].use_delay_line.Adelay              |         integer_muldelay_line__parameterized4_HD20600 |          0 |          0 |       0 |    0 |    17 |      0 |      0 |    0 |          0 |
|                   use_prim.iAdelx[2].iAdely[1].use_delay_line.Adelay              |         integer_muldelay_line__parameterized5_HD20601 |          9 |          0 |       0 |    9 |    17 |      0 |      0 |    0 |          0 |
|                   use_prim.iAdelx[3].iAdely[0].use_delay_line.Adelay              |         integer_muldelay_line__parameterized8_HD20604 |          7 |          0 |       0 |    7 |    13 |      0 |      0 |    0 |          0 |
|                   use_prim.iBdelx[0].iBdely[2].need_delay_line.Bdelay             |       integer_muldelay_line__parameterized0_0_HD20606 |          9 |          0 |       0 |    9 |    17 |      0 |      0 |    0 |          0 |
|                   use_prim.iBdelx[0].iBdely[3].need_delay_line.Bdelay             |        integer_muldelay_line__parameterized10_HD20607 |          9 |          0 |       0 |    9 |    18 |      0 |      0 |    0 |          0 |
|                   use_prim.iBdelx[1].iBdely[0].need_delay_line.Bdelay             |       integer_muldelay_line__parameterized4_1_HD20608 |          0 |          0 |       0 |    0 |    17 |      0 |      0 |    0 |          0 |
|                   use_prim.iBdelx[1].iBdely[1].need_delay_line.Bdelay             |       integer_muldelay_line__parameterized1_2_HD20609 |          9 |          0 |       0 |    9 |    17 |      0 |      0 |    0 |          0 |
|                   use_prim.iBdelx[1].iBdely[2].need_delay_line.Bdelay             |       integer_muldelay_line__parameterized2_3_HD20610 |          9 |          0 |       0 |    9 |    17 |      0 |      0 |    0 |          0 |
|                   use_prim.iBdelx[2].iBdely[1].need_delay_line.Bdelay             |       integer_muldelay_line__parameterized5_5_HD20612 |          9 |          0 |       0 |    9 |    17 |      0 |      0 |    0 |          0 |
|                   use_prim.iBdelx[3].iBdely[0].need_delay_line.Bdelay             |        integer_muldelay_line__parameterized11_HD20614 |          9 |          0 |       0 |    9 |    17 |      0 |      0 |    0 |          0 |
|     glen[21].core_i                                                               |                       uop_block_wrap__parameterized16 |         65 |         65 |       0 |    0 |   512 |      0 |      0 |    0 |          0 |
|       (glen[21].core_i)                                                           |                       uop_block_wrap__parameterized16 |          0 |          0 |       0 |    0 |   192 |      0 |      0 |    0 |          0 |
|       core                                                                        |                            uop_block__parameterized16 |         65 |         65 |       0 |    0 |   320 |      0 |      0 |    0 |          0 |
|         (core)                                                                    |                            uop_block__parameterized16 |          1 |          1 |       0 |    0 |    64 |      0 |      0 |    0 |          0 |
|         g[0].g_normal.alu_i                                                       |                       microop_unit__parameterized2__5 |          0 |          0 |       0 |    0 |    64 |      0 |      0 |    0 |          0 |
|         g[1].g_normal.alu_i                                                       |                       microop_unit__parameterized2__6 |          0 |          0 |       0 |    0 |    64 |      0 |      0 |    0 |          0 |
|         g[2].g_normal.alu_i                                                       |              microop_unit__parameterized10__xdcDup__1 |         64 |         64 |       0 |    0 |   128 |      0 |      0 |    0 |          0 |
|           (g[2].g_normal.alu_i)                                                   |              microop_unit__parameterized10__xdcDup__1 |          0 |          0 |       0 |    0 |    64 |      0 |      0 |    0 |          0 |
|           g_iadd.use_ip.u_addsub                                                  |                                        integer_addsub |         64 |         64 |       0 |    0 |    64 |      0 |      0 |    0 |          0 |
|             U0                                                                    |                       integer_addsubc_addsub_v12_0_14 |         64 |         64 |       0 |    0 |    64 |      0 |      0 |    0 |          0 |
|               xst_addsub                                                          |                   integer_addsubc_addsub_v12_0_14_viv |         64 |         64 |       0 |    0 |    64 |      0 |      0 |    0 |          0 |
|                 i_baseblox.i_baseblox_addsub                                      |                integer_addsubc_addsub_v12_0_14_legacy |         64 |         64 |       0 |    0 |    64 |      0 |      0 |    0 |          0 |
|                   no_pipelining.the_addsub                                        |         integer_addsubc_addsub_v12_0_14_fabric_legacy |         64 |         64 |       0 |    0 |    64 |      0 |      0 |    0 |          0 |
|                     i_lut6.i_lut6_addsub                                          |           integer_addsubc_addsub_v12_0_14_lut6_legacy |         64 |         64 |       0 |    0 |    64 |      0 |      0 |    0 |          0 |
|                       (i_lut6.i_lut6_addsub)                                      |           integer_addsubc_addsub_v12_0_14_lut6_legacy |         64 |         64 |       0 |    0 |     0 |      0 |      0 |    0 |          0 |
|                       i_q.i_simple.qreg                                           |                    integer_addsubc_reg_fd_v12_0_6_viv |          0 |          0 |       0 |    0 |    64 |      0 |      0 |    0 |          0 |
|     glen[22].core_i                                                               |                       uop_block_wrap__parameterized17 |        129 |        129 |       0 |    0 |   640 |      0 |      0 |    0 |          0 |
|       (glen[22].core_i)                                                           |                       uop_block_wrap__parameterized17 |          0 |          0 |       0 |    0 |   192 |      0 |      0 |    0 |          0 |
|       core                                                                        |                            uop_block__parameterized17 |        129 |        129 |       0 |    0 |   448 |      0 |      0 |    0 |          0 |
|         (core)                                                                    |                            uop_block__parameterized17 |          1 |          1 |       0 |    0 |    64 |      0 |      0 |    0 |          0 |
|         g[0].g_normal.alu_i                                                       |                      microop_unit__parameterized2__22 |          0 |          0 |       0 |    0 |    64 |      0 |      0 |    0 |          0 |
|         g[1].g_normal.alu_i                                                       |                      microop_unit__parameterized2__23 |          0 |          0 |       0 |    0 |    64 |      0 |      0 |    0 |          0 |
|         g[2].g_normal.alu_i                                                       |              microop_unit__parameterized10__xdcDup__2 |         64 |         64 |       0 |    0 |   128 |      0 |      0 |    0 |          0 |
|           (g[2].g_normal.alu_i)                                                   |              microop_unit__parameterized10__xdcDup__2 |          0 |          0 |       0 |    0 |    64 |      0 |      0 |    0 |          0 |
|           g_iadd.use_ip.u_addsub                                                  |                                integer_addsub_HD20751 |         64 |         64 |       0 |    0 |    64 |      0 |      0 |    0 |          0 |
|             U0                                                                    |               integer_addsubc_addsub_v12_0_14_HD20752 |         64 |         64 |       0 |    0 |    64 |      0 |      0 |    0 |          0 |
|               xst_addsub                                                          |           integer_addsubc_addsub_v12_0_14_viv_HD20753 |         64 |         64 |       0 |    0 |    64 |      0 |      0 |    0 |          0 |
|                 i_baseblox.i_baseblox_addsub                                      |        integer_addsubc_addsub_v12_0_14_legacy_HD20754 |         64 |         64 |       0 |    0 |    64 |      0 |      0 |    0 |          0 |
|                   no_pipelining.the_addsub                                        | integer_addsubc_addsub_v12_0_14_fabric_legacy_HD20755 |         64 |         64 |       0 |    0 |    64 |      0 |      0 |    0 |          0 |
|                     i_lut6.i_lut6_addsub                                          |   integer_addsubc_addsub_v12_0_14_lut6_legacy_HD20756 |         64 |         64 |       0 |    0 |    64 |      0 |      0 |    0 |          0 |
|                       (i_lut6.i_lut6_addsub)                                      |   integer_addsubc_addsub_v12_0_14_lut6_legacy_HD20756 |         64 |         64 |       0 |    0 |     0 |      0 |      0 |    0 |          0 |
|                       i_q.i_simple.qreg                                           |            integer_addsubc_reg_fd_v12_0_6_viv_HD20757 |          0 |          0 |       0 |    0 |    64 |      0 |      0 |    0 |          0 |
|         g[3].g_normal.alu_i                                                       |              microop_unit__parameterized11__xdcDup__1 |         64 |         64 |       0 |    0 |   128 |      0 |      0 |    0 |          0 |
|           (g[3].g_normal.alu_i)                                                   |              microop_unit__parameterized11__xdcDup__1 |          0 |          0 |       0 |    0 |    64 |      0 |      0 |    0 |          0 |
|           g_iadd.use_ip.u_addsub                                                  |                                integer_addsub_HD20758 |         64 |         64 |       0 |    0 |    64 |      0 |      0 |    0 |          0 |
|             U0                                                                    |               integer_addsubc_addsub_v12_0_14_HD20759 |         64 |         64 |       0 |    0 |    64 |      0 |      0 |    0 |          0 |
|               xst_addsub                                                          |           integer_addsubc_addsub_v12_0_14_viv_HD20760 |         64 |         64 |       0 |    0 |    64 |      0 |      0 |    0 |          0 |
|                 i_baseblox.i_baseblox_addsub                                      |        integer_addsubc_addsub_v12_0_14_legacy_HD20761 |         64 |         64 |       0 |    0 |    64 |      0 |      0 |    0 |          0 |
|                   no_pipelining.the_addsub                                        | integer_addsubc_addsub_v12_0_14_fabric_legacy_HD20762 |         64 |         64 |       0 |    0 |    64 |      0 |      0 |    0 |          0 |
|                     i_lut6.i_lut6_addsub                                          |   integer_addsubc_addsub_v12_0_14_lut6_legacy_HD20763 |         64 |         64 |       0 |    0 |    64 |      0 |      0 |    0 |          0 |
|                       (i_lut6.i_lut6_addsub)                                      |   integer_addsubc_addsub_v12_0_14_lut6_legacy_HD20763 |         64 |         64 |       0 |    0 |     0 |      0 |      0 |    0 |          0 |
|                       i_q.i_simple.qreg                                           |            integer_addsubc_reg_fd_v12_0_6_viv_HD20764 |          0 |          0 |       0 |    0 |    64 |      0 |      0 |    0 |          0 |
|     glen[23].core_i                                                               |                    uop_block_wrap__parameterized11__3 |          1 |          1 |       0 |    0 |   160 |      0 |      0 |    0 |          0 |
|       (glen[23].core_i)                                                           |                    uop_block_wrap__parameterized11__3 |          0 |          0 |       0 |    0 |    64 |      0 |      0 |    0 |          0 |
|       core                                                                        |                         uop_block__parameterized11__3 |          1 |          1 |       0 |    0 |    96 |      0 |      0 |    0 |          0 |
|         (core)                                                                    |                         uop_block__parameterized11__3 |          1 |          1 |       0 |    0 |    32 |      0 |      0 |    0 |          0 |
|         g[0].g_normal.alu_i                                                       |                      microop_unit__parameterized4__13 |          0 |          0 |       0 |    0 |    32 |      0 |      0 |    0 |          0 |
|         g[1].g_normal.alu_i                                                       |                      microop_unit__parameterized4__12 |          0 |          0 |       0 |    0 |    32 |      0 |      0 |    0 |          0 |
|     glen[24].core_i                                                               |                       uop_block_wrap__parameterized18 |         17 |         17 |       0 |    0 |   608 |      0 |      0 |    0 |          0 |
|       (glen[24].core_i)                                                           |                       uop_block_wrap__parameterized18 |          0 |          0 |       0 |    0 |    64 |      0 |      0 |    0 |          0 |
|       core                                                                        |                            uop_block__parameterized18 |         17 |         17 |       0 |    0 |   544 |      0 |      0 |    0 |          0 |
|         (core)                                                                    |                            uop_block__parameterized18 |          1 |          1 |       0 |    0 |   256 |      0 |      0 |    0 |          0 |
|         g[0].g_normal.alu_i                                                       |                       microop_unit__parameterized2__4 |          0 |          0 |       0 |    0 |    32 |      0 |      0 |    0 |          0 |
|         g[1].g_normal.alu_i                                                       |                      microop_unit__parameterized3__12 |          2 |          2 |       0 |    0 |    32 |      0 |      0 |    0 |          0 |
|         g[2].g_normal.alu_i                                                       |                      microop_unit__parameterized3__13 |          2 |          2 |       0 |    0 |    32 |      0 |      0 |    0 |          0 |
|         g[3].g_normal.alu_i                                                       |                      microop_unit__parameterized3__14 |          2 |          2 |       0 |    0 |    32 |      0 |      0 |    0 |          0 |
|         g[4].g_normal.alu_i                                                       |                      microop_unit__parameterized3__15 |          2 |          2 |       0 |    0 |    32 |      0 |      0 |    0 |          0 |
|         g[5].g_normal.alu_i                                                       |                      microop_unit__parameterized3__16 |          2 |          2 |       0 |    0 |    32 |      0 |      0 |    0 |          0 |
|         g[6].g_normal.alu_i                                                       |                      microop_unit__parameterized3__17 |          2 |          2 |       0 |    0 |    32 |      0 |      0 |    0 |          0 |
|         g[7].g_normal.alu_i                                                       |                      microop_unit__parameterized3__18 |          2 |          2 |       0 |    0 |    32 |      0 |      0 |    0 |          0 |
|         g[8].g_normal.alu_i                                                       |                      microop_unit__parameterized3__19 |          2 |          2 |       0 |    0 |    32 |      0 |      0 |    0 |          0 |
|     glen[25].core_i                                                               |                     uop_block_wrap__parameterized3__3 |          1 |          1 |       0 |    0 |   320 |      0 |      0 |    0 |          0 |
|       (glen[25].core_i)                                                           |                     uop_block_wrap__parameterized3__3 |          0 |          0 |       0 |    0 |   128 |      0 |      0 |    0 |          0 |
|       core                                                                        |                          uop_block__parameterized3__3 |          1 |          1 |       0 |    0 |   192 |      0 |      0 |    0 |          0 |
|         (core)                                                                    |                          uop_block__parameterized3__3 |          1 |          1 |       0 |    0 |    64 |      0 |      0 |    0 |          0 |
|         g[0].g_normal.alu_i                                                       |                       microop_unit__parameterized2__2 |          0 |          0 |       0 |    0 |    64 |      0 |      0 |    0 |          0 |
|         g[1].g_normal.alu_i                                                       |                       microop_unit__parameterized2__3 |          0 |          0 |       0 |    0 |    64 |      0 |      0 |    0 |          0 |
|     glen[26].core_i                                                               |                    uop_block_wrap__parameterized11__4 |          1 |          1 |       0 |    0 |   160 |      0 |      0 |    0 |          0 |
|       (glen[26].core_i)                                                           |                    uop_block_wrap__parameterized11__4 |          0 |          0 |       0 |    0 |    64 |      0 |      0 |    0 |          0 |
|       core                                                                        |                         uop_block__parameterized11__4 |          1 |          1 |       0 |    0 |    96 |      0 |      0 |    0 |          0 |
|         (core)                                                                    |                         uop_block__parameterized11__4 |          1 |          1 |       0 |    0 |    32 |      0 |      0 |    0 |          0 |
|         g[0].g_normal.alu_i                                                       |                      microop_unit__parameterized4__15 |          0 |          0 |       0 |    0 |    32 |      0 |      0 |    0 |          0 |
|         g[1].g_normal.alu_i                                                       |                      microop_unit__parameterized4__14 |          0 |          0 |       0 |    0 |    32 |      0 |      0 |    0 |          0 |
|     glen[27].core_i                                                               |                        uop_block_wrap__parameterized3 |          1 |          1 |       0 |    0 |   320 |      0 |      0 |    0 |          0 |
|       (glen[27].core_i)                                                           |                        uop_block_wrap__parameterized3 |          0 |          0 |       0 |    0 |   128 |      0 |      0 |    0 |          0 |
|       core                                                                        |                             uop_block__parameterized3 |          1 |          1 |       0 |    0 |   192 |      0 |      0 |    0 |          0 |
|         (core)                                                                    |                             uop_block__parameterized3 |          1 |          1 |       0 |    0 |    64 |      0 |      0 |    0 |          0 |
|         g[0].g_normal.alu_i                                                       |                      microop_unit__parameterized2__24 |          0 |          0 |       0 |    0 |    64 |      0 |      0 |    0 |          0 |
|         g[1].g_normal.alu_i                                                       |                      microop_unit__parameterized2__25 |          0 |          0 |       0 |    0 |    64 |      0 |      0 |    0 |          0 |
|     glen[28].core_i                                                               |                    uop_block_wrap__parameterized19__1 |         23 |         23 |       0 |    0 |   800 |      0 |      0 |    0 |          0 |
|       (glen[28].core_i)                                                           |                    uop_block_wrap__parameterized19__1 |          0 |          0 |       0 |    0 |    64 |      0 |      0 |    0 |          0 |
|       core                                                                        |                         uop_block__parameterized19__1 |         23 |         23 |       0 |    0 |   736 |      0 |      0 |    0 |          0 |
|         (core)                                                                    |                         uop_block__parameterized19__1 |          1 |          1 |       0 |    0 |   352 |      0 |      0 |    0 |          0 |
|         g[0].g_normal.alu_i                                                       |                       microop_unit__parameterized2__1 |          0 |          0 |       0 |    0 |    32 |      0 |      0 |    0 |          0 |
|         g[10].g_normal.alu_i                                                      |                      microop_unit__parameterized3__10 |          2 |          2 |       0 |    0 |    32 |      0 |      0 |    0 |          0 |
|         g[11].g_normal.alu_i                                                      |                      microop_unit__parameterized3__11 |          2 |          2 |       0 |    0 |    32 |      0 |      0 |    0 |          0 |
|         g[1].g_normal.alu_i                                                       |                       microop_unit__parameterized3__1 |          2 |          2 |       0 |    0 |    32 |      0 |      0 |    0 |          0 |
|         g[2].g_normal.alu_i                                                       |                       microop_unit__parameterized3__2 |          2 |          2 |       0 |    0 |    32 |      0 |      0 |    0 |          0 |
|         g[3].g_normal.alu_i                                                       |                       microop_unit__parameterized3__3 |          2 |          2 |       0 |    0 |    32 |      0 |      0 |    0 |          0 |
|         g[4].g_normal.alu_i                                                       |                       microop_unit__parameterized3__4 |          2 |          2 |       0 |    0 |    32 |      0 |      0 |    0 |          0 |
|         g[5].g_normal.alu_i                                                       |                       microop_unit__parameterized3__5 |          2 |          2 |       0 |    0 |    32 |      0 |      0 |    0 |          0 |
|         g[6].g_normal.alu_i                                                       |                       microop_unit__parameterized3__6 |          2 |          2 |       0 |    0 |    32 |      0 |      0 |    0 |          0 |
|         g[7].g_normal.alu_i                                                       |                       microop_unit__parameterized3__7 |          2 |          2 |       0 |    0 |    32 |      0 |      0 |    0 |          0 |
|         g[8].g_normal.alu_i                                                       |                       microop_unit__parameterized3__8 |          2 |          2 |       0 |    0 |    32 |      0 |      0 |    0 |          0 |
|         g[9].g_normal.alu_i                                                       |                       microop_unit__parameterized3__9 |          2 |          2 |       0 |    0 |    32 |      0 |      0 |    0 |          0 |
|     glen[29].core_i                                                               |                       uop_block_wrap__parameterized11 |          1 |          1 |       0 |    0 |   160 |      0 |      0 |    0 |          0 |
|       (glen[29].core_i)                                                           |                       uop_block_wrap__parameterized11 |          0 |          0 |       0 |    0 |    64 |      0 |      0 |    0 |          0 |
|       core                                                                        |                            uop_block__parameterized11 |          1 |          1 |       0 |    0 |    96 |      0 |      0 |    0 |          0 |
|         (core)                                                                    |                            uop_block__parameterized11 |          1 |          1 |       0 |    0 |    32 |      0 |      0 |    0 |          0 |
|         g[0].g_normal.alu_i                                                       |                      microop_unit__parameterized4__25 |          0 |          0 |       0 |    0 |    32 |      0 |      0 |    0 |          0 |
|         g[1].g_normal.alu_i                                                       |                      microop_unit__parameterized4__26 |          0 |          0 |       0 |    0 |    32 |      0 |      0 |    0 |          0 |
|     glen[2].core_i                                                                |                     uop_block_wrap__parameterized1__1 |         27 |         27 |       0 |    0 |   928 |      0 |      0 |    0 |          0 |
|       (glen[2].core_i)                                                            |                     uop_block_wrap__parameterized1__1 |          0 |          0 |       0 |    0 |    64 |      0 |      0 |    0 |          0 |
|       core                                                                        |                          uop_block__parameterized1__1 |         27 |         27 |       0 |    0 |   864 |      0 |      0 |    0 |          0 |
|         (core)                                                                    |                          uop_block__parameterized1__1 |          1 |          1 |       0 |    0 |   416 |      0 |      0 |    0 |          0 |
|         g[0].g_normal.alu_i                                                       |                      microop_unit__parameterized2__14 |          0 |          0 |       0 |    0 |    32 |      0 |      0 |    0 |          0 |
|         g[10].g_normal.alu_i                                                      |                      microop_unit__parameterized3__43 |          2 |          2 |       0 |    0 |    32 |      0 |      0 |    0 |          0 |
|         g[11].g_normal.alu_i                                                      |                      microop_unit__parameterized3__44 |          2 |          2 |       0 |    0 |    32 |      0 |      0 |    0 |          0 |
|         g[12].g_normal.alu_i                                                      |                      microop_unit__parameterized3__45 |          2 |          2 |       0 |    0 |    32 |      0 |      0 |    0 |          0 |
|         g[13].g_normal.alu_i                                                      |                      microop_unit__parameterized3__46 |          2 |          2 |       0 |    0 |    32 |      0 |      0 |    0 |          0 |
|         g[1].g_normal.alu_i                                                       |                      microop_unit__parameterized3__34 |          2 |          2 |       0 |    0 |    32 |      0 |      0 |    0 |          0 |
|         g[2].g_normal.alu_i                                                       |                      microop_unit__parameterized3__35 |          2 |          2 |       0 |    0 |    32 |      0 |      0 |    0 |          0 |
|         g[3].g_normal.alu_i                                                       |                      microop_unit__parameterized3__36 |          2 |          2 |       0 |    0 |    32 |      0 |      0 |    0 |          0 |
|         g[4].g_normal.alu_i                                                       |                      microop_unit__parameterized3__37 |          2 |          2 |       0 |    0 |    32 |      0 |      0 |    0 |          0 |
|         g[5].g_normal.alu_i                                                       |                      microop_unit__parameterized3__38 |          2 |          2 |       0 |    0 |    32 |      0 |      0 |    0 |          0 |
|         g[6].g_normal.alu_i                                                       |                      microop_unit__parameterized3__39 |          2 |          2 |       0 |    0 |    32 |      0 |      0 |    0 |          0 |
|         g[7].g_normal.alu_i                                                       |                      microop_unit__parameterized3__40 |          2 |          2 |       0 |    0 |    32 |      0 |      0 |    0 |          0 |
|         g[8].g_normal.alu_i                                                       |                      microop_unit__parameterized3__41 |          2 |          2 |       0 |    0 |    32 |      0 |      0 |    0 |          0 |
|         g[9].g_normal.alu_i                                                       |                      microop_unit__parameterized3__42 |          2 |          2 |       0 |    0 |    32 |      0 |      0 |    0 |          0 |
|     glen[30].core_i                                                               |                    uop_block_wrap__parameterized11__5 |          1 |          1 |       0 |    0 |   160 |      0 |      0 |    0 |          0 |
|       (glen[30].core_i)                                                           |                    uop_block_wrap__parameterized11__5 |          0 |          0 |       0 |    0 |    64 |      0 |      0 |    0 |          0 |
|       core                                                                        |                         uop_block__parameterized11__5 |          1 |          1 |       0 |    0 |    96 |      0 |      0 |    0 |          0 |
|         (core)                                                                    |                         uop_block__parameterized11__5 |          1 |          1 |       0 |    0 |    32 |      0 |      0 |    0 |          0 |
|         g[0].g_normal.alu_i                                                       |                      microop_unit__parameterized4__17 |          0 |          0 |       0 |    0 |    32 |      0 |      0 |    0 |          0 |
|         g[1].g_normal.alu_i                                                       |                      microop_unit__parameterized4__16 |          0 |          0 |       0 |    0 |    32 |      0 |      0 |    0 |          0 |
|     glen[31].core_i                                                               |                     uop_block_wrap__parameterized3__6 |          1 |          1 |       0 |    0 |   320 |      0 |      0 |    0 |          0 |
|       (glen[31].core_i)                                                           |                     uop_block_wrap__parameterized3__6 |          0 |          0 |       0 |    0 |   128 |      0 |      0 |    0 |          0 |
|       core                                                                        |                          uop_block__parameterized3__6 |          1 |          1 |       0 |    0 |   192 |      0 |      0 |    0 |          0 |
|         (core)                                                                    |                          uop_block__parameterized3__6 |          1 |          1 |       0 |    0 |    64 |      0 |      0 |    0 |          0 |
|         g[0].g_normal.alu_i                                                       |                      microop_unit__parameterized2__30 |          0 |          0 |       0 |    0 |    64 |      0 |      0 |    0 |          0 |
|         g[1].g_normal.alu_i                                                       |                      microop_unit__parameterized2__29 |          0 |          0 |       0 |    0 |    64 |      0 |      0 |    0 |          0 |
|     glen[32].core_i                                                               |                    uop_block_wrap__parameterized11__6 |          1 |          1 |       0 |    0 |   160 |      0 |      0 |    0 |          0 |
|       (glen[32].core_i)                                                           |                    uop_block_wrap__parameterized11__6 |          0 |          0 |       0 |    0 |    64 |      0 |      0 |    0 |          0 |
|       core                                                                        |                         uop_block__parameterized11__6 |          1 |          1 |       0 |    0 |    96 |      0 |      0 |    0 |          0 |
|         (core)                                                                    |                         uop_block__parameterized11__6 |          1 |          1 |       0 |    0 |    32 |      0 |      0 |    0 |          0 |
|         g[0].g_normal.alu_i                                                       |                       microop_unit__parameterized4__1 |          0 |          0 |       0 |    0 |    32 |      0 |      0 |    0 |          0 |
|         g[1].g_normal.alu_i                                                       |                       microop_unit__parameterized4__2 |          0 |          0 |       0 |    0 |    32 |      0 |      0 |    0 |          0 |
|     glen[33].core_i                                                               |                     uop_block_wrap__parameterized3__5 |          1 |          1 |       0 |    0 |   320 |      0 |      0 |    0 |          0 |
|       (glen[33].core_i)                                                           |                     uop_block_wrap__parameterized3__5 |          0 |          0 |       0 |    0 |   128 |      0 |      0 |    0 |          0 |
|       core                                                                        |                          uop_block__parameterized3__5 |          1 |          1 |       0 |    0 |   192 |      0 |      0 |    0 |          0 |
|         (core)                                                                    |                          uop_block__parameterized3__5 |          1 |          1 |       0 |    0 |    64 |      0 |      0 |    0 |          0 |
|         g[0].g_normal.alu_i                                                       |                      microop_unit__parameterized2__28 |          0 |          0 |       0 |    0 |    64 |      0 |      0 |    0 |          0 |
|         g[1].g_normal.alu_i                                                       |                      microop_unit__parameterized2__27 |          0 |          0 |       0 |    0 |    64 |      0 |      0 |    0 |          0 |
|     glen[34].core_i                                                               |                       uop_block_wrap__parameterized20 |         25 |         25 |       0 |    0 |   864 |      0 |      0 |    0 |          0 |
|       (glen[34].core_i)                                                           |                       uop_block_wrap__parameterized20 |          0 |          0 |       0 |    0 |    64 |      0 |      0 |    0 |          0 |
|       core                                                                        |                            uop_block__parameterized20 |         25 |         25 |       0 |    0 |   800 |      0 |      0 |    0 |          0 |
|         (core)                                                                    |                            uop_block__parameterized20 |          1 |          1 |       0 |    0 |   384 |      0 |      0 |    0 |          0 |
|         g[0].g_normal.alu_i                                                       |                      microop_unit__parameterized2__32 |          0 |          0 |       0 |    0 |    32 |      0 |      0 |    0 |          0 |
|         g[10].g_normal.alu_i                                                      |                      microop_unit__parameterized3__94 |          2 |          2 |       0 |    0 |    32 |      0 |      0 |    0 |          0 |
|         g[11].g_normal.alu_i                                                      |                      microop_unit__parameterized3__95 |          2 |          2 |       0 |    0 |    32 |      0 |      0 |    0 |          0 |
|         g[12].g_normal.alu_i                                                      |                      microop_unit__parameterized3__96 |          2 |          2 |       0 |    0 |    32 |      0 |      0 |    0 |          0 |
|         g[1].g_normal.alu_i                                                       |                      microop_unit__parameterized3__85 |          2 |          2 |       0 |    0 |    32 |      0 |      0 |    0 |          0 |
|         g[2].g_normal.alu_i                                                       |                      microop_unit__parameterized3__86 |          2 |          2 |       0 |    0 |    32 |      0 |      0 |    0 |          0 |
|         g[3].g_normal.alu_i                                                       |                      microop_unit__parameterized3__87 |          2 |          2 |       0 |    0 |    32 |      0 |      0 |    0 |          0 |
|         g[4].g_normal.alu_i                                                       |                      microop_unit__parameterized3__88 |          2 |          2 |       0 |    0 |    32 |      0 |      0 |    0 |          0 |
|         g[5].g_normal.alu_i                                                       |                      microop_unit__parameterized3__89 |          2 |          2 |       0 |    0 |    32 |      0 |      0 |    0 |          0 |
|         g[6].g_normal.alu_i                                                       |                      microop_unit__parameterized3__90 |          2 |          2 |       0 |    0 |    32 |      0 |      0 |    0 |          0 |
|         g[7].g_normal.alu_i                                                       |                      microop_unit__parameterized3__91 |          2 |          2 |       0 |    0 |    32 |      0 |      0 |    0 |          0 |
|         g[8].g_normal.alu_i                                                       |                      microop_unit__parameterized3__92 |          2 |          2 |       0 |    0 |    32 |      0 |      0 |    0 |          0 |
|         g[9].g_normal.alu_i                                                       |                      microop_unit__parameterized3__93 |          2 |          2 |       0 |    0 |    32 |      0 |      0 |    0 |          0 |
|     glen[35].core_i                                                               |                        uop_block_wrap__parameterized1 |         27 |         27 |       0 |    0 |   928 |      0 |      0 |    0 |          0 |
|       (glen[35].core_i)                                                           |                        uop_block_wrap__parameterized1 |          0 |          0 |       0 |    0 |    64 |      0 |      0 |    0 |          0 |
|       core                                                                        |                             uop_block__parameterized1 |         27 |         27 |       0 |    0 |   864 |      0 |      0 |    0 |          0 |
|         (core)                                                                    |                             uop_block__parameterized1 |          1 |          1 |       0 |    0 |   416 |      0 |      0 |    0 |          0 |
|         g[0].g_normal.alu_i                                                       |                      microop_unit__parameterized2__26 |          0 |          0 |       0 |    0 |    32 |      0 |      0 |    0 |          0 |
|         g[10].g_normal.alu_i                                                      |                      microop_unit__parameterized3__81 |          2 |          2 |       0 |    0 |    32 |      0 |      0 |    0 |          0 |
|         g[11].g_normal.alu_i                                                      |                      microop_unit__parameterized3__82 |          2 |          2 |       0 |    0 |    32 |      0 |      0 |    0 |          0 |
|         g[12].g_normal.alu_i                                                      |                      microop_unit__parameterized3__83 |          2 |          2 |       0 |    0 |    32 |      0 |      0 |    0 |          0 |
|         g[13].g_normal.alu_i                                                      |                      microop_unit__parameterized3__84 |          2 |          2 |       0 |    0 |    32 |      0 |      0 |    0 |          0 |
|         g[1].g_normal.alu_i                                                       |                      microop_unit__parameterized3__72 |          2 |          2 |       0 |    0 |    32 |      0 |      0 |    0 |          0 |
|         g[2].g_normal.alu_i                                                       |                      microop_unit__parameterized3__73 |          2 |          2 |       0 |    0 |    32 |      0 |      0 |    0 |          0 |
|         g[3].g_normal.alu_i                                                       |                      microop_unit__parameterized3__74 |          2 |          2 |       0 |    0 |    32 |      0 |      0 |    0 |          0 |
|         g[4].g_normal.alu_i                                                       |                      microop_unit__parameterized3__75 |          2 |          2 |       0 |    0 |    32 |      0 |      0 |    0 |          0 |
|         g[5].g_normal.alu_i                                                       |                      microop_unit__parameterized3__76 |          2 |          2 |       0 |    0 |    32 |      0 |      0 |    0 |          0 |
|         g[6].g_normal.alu_i                                                       |                      microop_unit__parameterized3__77 |          2 |          2 |       0 |    0 |    32 |      0 |      0 |    0 |          0 |
|         g[7].g_normal.alu_i                                                       |                      microop_unit__parameterized3__78 |          2 |          2 |       0 |    0 |    32 |      0 |      0 |    0 |          0 |
|         g[8].g_normal.alu_i                                                       |                      microop_unit__parameterized3__79 |          2 |          2 |       0 |    0 |    32 |      0 |      0 |    0 |          0 |
|         g[9].g_normal.alu_i                                                       |                      microop_unit__parameterized3__80 |          2 |          2 |       0 |    0 |    32 |      0 |      0 |    0 |          0 |
|     glen[36].core_i                                                               |                        uop_block_wrap__parameterized7 |         33 |         33 |       0 |    0 |   145 |      0 |      0 |    0 |          0 |
|       (glen[36].core_i)                                                           |                        uop_block_wrap__parameterized7 |          0 |          0 |       0 |    0 |    96 |      0 |      0 |    0 |          0 |
|       core                                                                        |                             uop_block__parameterized7 |         33 |         33 |       0 |    0 |    49 |      0 |      0 |    0 |          0 |
|         (core)                                                                    |                             uop_block__parameterized7 |          1 |          1 |       0 |    0 |    24 |      0 |      0 |    0 |          0 |
|         g[0].g_normal.alu_i                                                       |                          microop_unit__parameterized5 |         32 |         32 |       0 |    0 |    24 |      0 |      0 |    0 |          0 |
|         g[1].g_normal.alu_i                                                       |                          microop_unit__parameterized6 |          0 |          0 |       0 |    0 |     1 |      0 |      0 |    0 |          0 |
|     glen[37].core_i                                                               |                     uop_block_wrap__parameterized7__2 |         33 |         33 |       0 |    0 |   145 |      0 |      0 |    0 |          0 |
|       (glen[37].core_i)                                                           |                     uop_block_wrap__parameterized7__2 |          0 |          0 |       0 |    0 |    96 |      0 |      0 |    0 |          0 |
|       core                                                                        |                          uop_block__parameterized7__2 |         33 |         33 |       0 |    0 |    49 |      0 |      0 |    0 |          0 |
|         (core)                                                                    |                          uop_block__parameterized7__2 |          1 |          1 |       0 |    0 |    24 |      0 |      0 |    0 |          0 |
|         g[0].g_normal.alu_i                                                       |                       microop_unit__parameterized5__4 |         32 |         32 |       0 |    0 |    24 |      0 |      0 |    0 |          0 |
|         g[1].g_normal.alu_i                                                       |                       microop_unit__parameterized6__3 |          0 |          0 |       0 |    0 |     1 |      0 |      0 |    0 |          0 |
|     glen[38].core_i                                                               |                       uop_block_wrap__parameterized21 |        455 |        193 |       0 |  262 |  1908 |      0 |      0 |    0 |         20 |
|       (glen[38].core_i)                                                           |                       uop_block_wrap__parameterized21 |          0 |          0 |       0 |    0 |   192 |      0 |      0 |    0 |          0 |
|       core                                                                        |                            uop_block__parameterized21 |        455 |        193 |       0 |  262 |  1716 |      0 |      0 |    0 |         20 |
|         (core)                                                                    |                            uop_block__parameterized21 |          1 |          1 |       0 |    0 |   384 |      0 |      0 |    0 |          0 |
|         g[0].g_normal.alu_i                                                       |                      microop_unit__parameterized2__33 |          0 |          0 |       0 |    0 |    64 |      0 |      0 |    0 |          0 |
|         g[1].g_normal.alu_i                                                       |                      microop_unit__parameterized2__34 |          0 |          0 |       0 |    0 |    64 |      0 |      0 |    0 |          0 |
|         g[2].g_normal.alu_i                                                       |                      microop_unit__parameterized2__35 |          0 |          0 |       0 |    0 |    64 |      0 |      0 |    0 |          0 |
|         g[3].g_normal.alu_i                                                       |                         microop_unit__parameterized10 |         64 |         64 |       0 |    0 |   128 |      0 |      0 |    0 |          0 |
|           (g[3].g_normal.alu_i)                                                   |                         microop_unit__parameterized10 |          0 |          0 |       0 |    0 |    64 |      0 |      0 |    0 |          0 |
|           g_iadd.use_ip.u_addsub                                                  |                                integer_addsub_HD20765 |         64 |         64 |       0 |    0 |    64 |      0 |      0 |    0 |          0 |
|             U0                                                                    |               integer_addsubc_addsub_v12_0_14_HD20766 |         64 |         64 |       0 |    0 |    64 |      0 |      0 |    0 |          0 |
|               xst_addsub                                                          |           integer_addsubc_addsub_v12_0_14_viv_HD20767 |         64 |         64 |       0 |    0 |    64 |      0 |      0 |    0 |          0 |
|                 i_baseblox.i_baseblox_addsub                                      |        integer_addsubc_addsub_v12_0_14_legacy_HD20768 |         64 |         64 |       0 |    0 |    64 |      0 |      0 |    0 |          0 |
|                   no_pipelining.the_addsub                                        | integer_addsubc_addsub_v12_0_14_fabric_legacy_HD20769 |         64 |         64 |       0 |    0 |    64 |      0 |      0 |    0 |          0 |
|                     i_lut6.i_lut6_addsub                                          |   integer_addsubc_addsub_v12_0_14_lut6_legacy_HD20770 |         64 |         64 |       0 |    0 |    64 |      0 |      0 |    0 |          0 |
|                       (i_lut6.i_lut6_addsub)                                      |   integer_addsubc_addsub_v12_0_14_lut6_legacy_HD20770 |         64 |         64 |       0 |    0 |     0 |      0 |      0 |    0 |          0 |
|                       i_q.i_simple.qreg                                           |            integer_addsubc_reg_fd_v12_0_6_viv_HD20771 |          0 |          0 |       0 |    0 |    64 |      0 |      0 |    0 |          0 |
|         g[4].g_normal.alu_i                                                       |                      microop_unit__parameterized2__36 |          0 |          0 |       0 |    0 |    64 |      0 |      0 |    0 |          0 |
|         g[5].g_normal.alu_i                                                       |               microop_unit__parameterized0__xdcDup__4 |        131 |          0 |       0 |  131 |   346 |      0 |      0 |    0 |         10 |
|           (g[5].g_normal.alu_i)                                                   |               microop_unit__parameterized0__xdcDup__4 |          0 |          0 |       0 |    0 |    64 |      0 |      0 |    0 |          0 |
|           g_imul.mul64_ip.mul_i                                                   |                                   integer_mul_HD20682 |        131 |          0 |       0 |  131 |   282 |      0 |      0 |    0 |         10 |
|             U0                                                                    |                  integer_mulmult_gen_v12_0_16_HD20683 |        131 |          0 |       0 |  131 |   282 |      0 |      0 |    0 |         10 |
|               i_mult                                                              |              integer_mulmult_gen_v12_0_16_viv_HD20684 |        131 |          0 |       0 |  131 |   282 |      0 |      0 |    0 |         10 |
|                 gDSP.gDSP_only.iDSP                                               |                                integer_muldsp_HD20685 |        131 |          0 |       0 |  131 |   282 |      0 |      0 |    0 |         10 |
|                   (gDSP.gDSP_only.iDSP)                                           |                                integer_muldsp_HD20685 |          0 |          0 |       0 |    0 |     0 |      0 |      0 |    0 |         10 |
|                   use_prim.appDSP48[0].bppDSP48[0].need_output_delay.output_delay |        integer_muldelay_line__parameterized16_HD20686 |          9 |          0 |       0 |    9 |    17 |      0 |      0 |    0 |          0 |
|                   use_prim.appDSP48[0].bppDSP48[2].need_output_delay.output_delay |        integer_muldelay_line__parameterized18_HD20687 |          9 |          0 |       0 |    9 |    17 |      0 |      0 |    0 |          0 |
|                   use_prim.appDSP48[1].bppDSP48[0].need_output_delay.output_delay |        integer_muldelay_line__parameterized19_HD20688 |          9 |          0 |       0 |    9 |    17 |      0 |      0 |    0 |          0 |
|                   use_prim.appDSP48[3].bppDSP48[0].need_output_delay.output_delay |        integer_muldelay_line__parameterized21_HD20690 |          7 |          0 |       0 |    7 |    13 |      0 |      0 |    0 |          0 |
|                   use_prim.iAdelx[0].iAdely[2].use_delay_line.Adelay              |         integer_muldelay_line__parameterized0_HD20692 |          9 |          0 |       0 |    9 |    17 |      0 |      0 |    0 |          0 |
|                   use_prim.iAdelx[1].iAdely[1].use_delay_line.Adelay              |         integer_muldelay_line__parameterized1_HD20693 |          9 |          0 |       0 |    9 |    17 |      0 |      0 |    0 |          0 |
|                   use_prim.iAdelx[1].iAdely[2].use_delay_line.Adelay              |         integer_muldelay_line__parameterized2_HD20694 |          9 |          0 |       0 |    9 |    17 |      0 |      0 |    0 |          0 |
|                   use_prim.iAdelx[2].iAdely[0].use_delay_line.Adelay              |         integer_muldelay_line__parameterized4_HD20696 |          0 |          0 |       0 |    0 |    17 |      0 |      0 |    0 |          0 |
|                   use_prim.iAdelx[2].iAdely[1].use_delay_line.Adelay              |         integer_muldelay_line__parameterized5_HD20697 |          9 |          0 |       0 |    9 |    17 |      0 |      0 |    0 |          0 |
|                   use_prim.iAdelx[3].iAdely[0].use_delay_line.Adelay              |         integer_muldelay_line__parameterized8_HD20700 |          7 |          0 |       0 |    7 |    13 |      0 |      0 |    0 |          0 |
|                   use_prim.iBdelx[0].iBdely[2].need_delay_line.Bdelay             |       integer_muldelay_line__parameterized0_0_HD20702 |          9 |          0 |       0 |    9 |    17 |      0 |      0 |    0 |          0 |
|                   use_prim.iBdelx[0].iBdely[3].need_delay_line.Bdelay             |        integer_muldelay_line__parameterized10_HD20703 |          9 |          0 |       0 |    9 |    18 |      0 |      0 |    0 |          0 |
|                   use_prim.iBdelx[1].iBdely[0].need_delay_line.Bdelay             |       integer_muldelay_line__parameterized4_1_HD20704 |          0 |          0 |       0 |    0 |    17 |      0 |      0 |    0 |          0 |
|                   use_prim.iBdelx[1].iBdely[1].need_delay_line.Bdelay             |       integer_muldelay_line__parameterized1_2_HD20705 |          9 |          0 |       0 |    9 |    17 |      0 |      0 |    0 |          0 |
|                   use_prim.iBdelx[1].iBdely[2].need_delay_line.Bdelay             |       integer_muldelay_line__parameterized2_3_HD20706 |          9 |          0 |       0 |    9 |    17 |      0 |      0 |    0 |          0 |
|                   use_prim.iBdelx[2].iBdely[1].need_delay_line.Bdelay             |       integer_muldelay_line__parameterized5_5_HD20708 |          9 |          0 |       0 |    9 |    17 |      0 |      0 |    0 |          0 |
|                   use_prim.iBdelx[3].iBdely[0].need_delay_line.Bdelay             |        integer_muldelay_line__parameterized11_HD20710 |          9 |          0 |       0 |    9 |    17 |      0 |      0 |    0 |          0 |
|         g[6].g_normal.alu_i                                                       |              microop_unit__parameterized11__xdcDup__2 |         64 |         64 |       0 |    0 |   128 |      0 |      0 |    0 |          0 |
|           (g[6].g_normal.alu_i)                                                   |              microop_unit__parameterized11__xdcDup__2 |          0 |          0 |       0 |    0 |    64 |      0 |      0 |    0 |          0 |
|           g_iadd.use_ip.u_addsub                                                  |                                integer_addsub_HD20772 |         64 |         64 |       0 |    0 |    64 |      0 |      0 |    0 |          0 |
|             U0                                                                    |               integer_addsubc_addsub_v12_0_14_HD20773 |         64 |         64 |       0 |    0 |    64 |      0 |      0 |    0 |          0 |
|               xst_addsub                                                          |           integer_addsubc_addsub_v12_0_14_viv_HD20774 |         64 |         64 |       0 |    0 |    64 |      0 |      0 |    0 |          0 |
|                 i_baseblox.i_baseblox_addsub                                      |        integer_addsubc_addsub_v12_0_14_legacy_HD20775 |         64 |         64 |       0 |    0 |    64 |      0 |      0 |    0 |          0 |
|                   no_pipelining.the_addsub                                        | integer_addsubc_addsub_v12_0_14_fabric_legacy_HD20776 |         64 |         64 |       0 |    0 |    64 |      0 |      0 |    0 |          0 |
|                     i_lut6.i_lut6_addsub                                          |   integer_addsubc_addsub_v12_0_14_lut6_legacy_HD20777 |         64 |         64 |       0 |    0 |    64 |      0 |      0 |    0 |          0 |
|                       (i_lut6.i_lut6_addsub)                                      |   integer_addsubc_addsub_v12_0_14_lut6_legacy_HD20777 |         64 |         64 |       0 |    0 |     0 |      0 |      0 |    0 |          0 |
|                       i_q.i_simple.qreg                                           |            integer_addsubc_reg_fd_v12_0_6_viv_HD20778 |          0 |          0 |       0 |    0 |    64 |      0 |      0 |    0 |          0 |
|         g[7].g_normal.alu_i                                                       |               microop_unit__parameterized0__xdcDup__5 |        131 |          0 |       0 |  131 |   346 |      0 |      0 |    0 |         10 |
|           (g[7].g_normal.alu_i)                                                   |               microop_unit__parameterized0__xdcDup__5 |          0 |          0 |       0 |    0 |    64 |      0 |      0 |    0 |          0 |
|           g_imul.mul64_ip.mul_i                                                   |                                   integer_mul_HD20714 |        131 |          0 |       0 |  131 |   282 |      0 |      0 |    0 |         10 |
|             U0                                                                    |                  integer_mulmult_gen_v12_0_16_HD20715 |        131 |          0 |       0 |  131 |   282 |      0 |      0 |    0 |         10 |
|               i_mult                                                              |              integer_mulmult_gen_v12_0_16_viv_HD20716 |        131 |          0 |       0 |  131 |   282 |      0 |      0 |    0 |         10 |
|                 gDSP.gDSP_only.iDSP                                               |                                integer_muldsp_HD20717 |        131 |          0 |       0 |  131 |   282 |      0 |      0 |    0 |         10 |
|                   (gDSP.gDSP_only.iDSP)                                           |                                integer_muldsp_HD20717 |          0 |          0 |       0 |    0 |     0 |      0 |      0 |    0 |         10 |
|                   use_prim.appDSP48[0].bppDSP48[0].need_output_delay.output_delay |        integer_muldelay_line__parameterized16_HD20718 |          9 |          0 |       0 |    9 |    17 |      0 |      0 |    0 |          0 |
|                   use_prim.appDSP48[0].bppDSP48[2].need_output_delay.output_delay |        integer_muldelay_line__parameterized18_HD20719 |          9 |          0 |       0 |    9 |    17 |      0 |      0 |    0 |          0 |
|                   use_prim.appDSP48[1].bppDSP48[0].need_output_delay.output_delay |        integer_muldelay_line__parameterized19_HD20720 |          9 |          0 |       0 |    9 |    17 |      0 |      0 |    0 |          0 |
|                   use_prim.appDSP48[3].bppDSP48[0].need_output_delay.output_delay |        integer_muldelay_line__parameterized21_HD20722 |          7 |          0 |       0 |    7 |    13 |      0 |      0 |    0 |          0 |
|                   use_prim.iAdelx[0].iAdely[2].use_delay_line.Adelay              |         integer_muldelay_line__parameterized0_HD20724 |          9 |          0 |       0 |    9 |    17 |      0 |      0 |    0 |          0 |
|                   use_prim.iAdelx[1].iAdely[1].use_delay_line.Adelay              |         integer_muldelay_line__parameterized1_HD20725 |          9 |          0 |       0 |    9 |    17 |      0 |      0 |    0 |          0 |
|                   use_prim.iAdelx[1].iAdely[2].use_delay_line.Adelay              |         integer_muldelay_line__parameterized2_HD20726 |          9 |          0 |       0 |    9 |    17 |      0 |      0 |    0 |          0 |
|                   use_prim.iAdelx[2].iAdely[0].use_delay_line.Adelay              |         integer_muldelay_line__parameterized4_HD20728 |          0 |          0 |       0 |    0 |    17 |      0 |      0 |    0 |          0 |
|                   use_prim.iAdelx[2].iAdely[1].use_delay_line.Adelay              |         integer_muldelay_line__parameterized5_HD20729 |          9 |          0 |       0 |    9 |    17 |      0 |      0 |    0 |          0 |
|                   use_prim.iAdelx[3].iAdely[0].use_delay_line.Adelay              |         integer_muldelay_line__parameterized8_HD20732 |          7 |          0 |       0 |    7 |    13 |      0 |      0 |    0 |          0 |
|                   use_prim.iBdelx[0].iBdely[2].need_delay_line.Bdelay             |       integer_muldelay_line__parameterized0_0_HD20734 |          9 |          0 |       0 |    9 |    17 |      0 |      0 |    0 |          0 |
|                   use_prim.iBdelx[0].iBdely[3].need_delay_line.Bdelay             |        integer_muldelay_line__parameterized10_HD20735 |          9 |          0 |       0 |    9 |    18 |      0 |      0 |    0 |          0 |
|                   use_prim.iBdelx[1].iBdely[0].need_delay_line.Bdelay             |       integer_muldelay_line__parameterized4_1_HD20736 |          0 |          0 |       0 |    0 |    17 |      0 |      0 |    0 |          0 |
|                   use_prim.iBdelx[1].iBdely[1].need_delay_line.Bdelay             |       integer_muldelay_line__parameterized1_2_HD20737 |          9 |          0 |       0 |    9 |    17 |      0 |      0 |    0 |          0 |
|                   use_prim.iBdelx[1].iBdely[2].need_delay_line.Bdelay             |       integer_muldelay_line__parameterized2_3_HD20738 |          9 |          0 |       0 |    9 |    17 |      0 |      0 |    0 |          0 |
|                   use_prim.iBdelx[2].iBdely[1].need_delay_line.Bdelay             |       integer_muldelay_line__parameterized5_5_HD20740 |          9 |          0 |       0 |    9 |    17 |      0 |      0 |    0 |          0 |
|                   use_prim.iBdelx[3].iBdely[0].need_delay_line.Bdelay             |        integer_muldelay_line__parameterized11_HD20742 |          9 |          0 |       0 |    9 |    17 |      0 |      0 |    0 |          0 |
|         g[8].g_normal.alu_i                                                       |                         microop_unit__parameterized11 |         64 |         64 |       0 |    0 |   128 |      0 |      0 |    0 |          0 |
|           (g[8].g_normal.alu_i)                                                   |                         microop_unit__parameterized11 |          0 |          0 |       0 |    0 |    64 |      0 |      0 |    0 |          0 |
|           g_iadd.use_ip.u_addsub                                                  |                                integer_addsub_HD20779 |         64 |         64 |       0 |    0 |    64 |      0 |      0 |    0 |          0 |
|             U0                                                                    |               integer_addsubc_addsub_v12_0_14_HD20780 |         64 |         64 |       0 |    0 |    64 |      0 |      0 |    0 |          0 |
|               xst_addsub                                                          |           integer_addsubc_addsub_v12_0_14_viv_HD20781 |         64 |         64 |       0 |    0 |    64 |      0 |      0 |    0 |          0 |
|                 i_baseblox.i_baseblox_addsub                                      |        integer_addsubc_addsub_v12_0_14_legacy_HD20782 |         64 |         64 |       0 |    0 |    64 |      0 |      0 |    0 |          0 |
|                   no_pipelining.the_addsub                                        | integer_addsubc_addsub_v12_0_14_fabric_legacy_HD20783 |         64 |         64 |       0 |    0 |    64 |      0 |      0 |    0 |          0 |
|                     i_lut6.i_lut6_addsub                                          |   integer_addsubc_addsub_v12_0_14_lut6_legacy_HD20784 |         64 |         64 |       0 |    0 |    64 |      0 |      0 |    0 |          0 |
|                       (i_lut6.i_lut6_addsub)                                      |   integer_addsubc_addsub_v12_0_14_lut6_legacy_HD20784 |         64 |         64 |       0 |    0 |     0 |      0 |      0 |    0 |          0 |
|                       i_q.i_simple.qreg                                           |            integer_addsubc_reg_fd_v12_0_6_viv_HD20785 |          0 |          0 |       0 |    0 |    64 |      0 |      0 |    0 |          0 |
|     glen[39].core_i                                                               |                       uop_block_wrap__parameterized22 |         65 |         65 |       0 |    0 |   416 |      0 |      0 |    0 |          0 |
|       (glen[39].core_i)                                                           |                       uop_block_wrap__parameterized22 |          0 |          0 |       0 |    0 |   128 |      0 |      0 |    0 |          0 |
|       core                                                                        |                            uop_block__parameterized22 |         65 |         65 |       0 |    0 |   288 |      0 |      0 |    0 |          0 |
|         (core)                                                                    |                            uop_block__parameterized22 |          1 |          1 |       0 |    0 |    96 |      0 |      0 |    0 |          0 |
|         g[0].g_normal.alu_i                                                       |                      microop_unit__parameterized4__27 |          0 |          0 |       0 |    0 |    32 |      0 |      0 |    0 |          0 |
|         g[1].g_normal.alu_i                                                       |                      microop_unit__parameterized4__28 |          0 |          0 |       0 |    0 |    32 |      0 |      0 |    0 |          0 |
|         g[2].g_normal.alu_i                                                       |                          microop_unit__parameterized4 |          0 |          0 |       0 |    0 |    32 |      0 |      0 |    0 |          0 |
|         g[3].g_normal.alu_i                                                       |                       microop_unit__parameterized9__2 |         32 |         32 |       0 |    0 |    32 |      0 |      0 |    0 |          0 |
|         g[4].g_normal.alu_i                                                       |                          microop_unit__parameterized9 |         32 |         32 |       0 |    0 |    32 |      0 |      0 |    0 |          0 |
|         g[5].g_normal.alu_i                                                       |                                          microop_unit |          0 |          0 |       0 |    0 |    32 |      0 |      0 |    0 |          0 |
|     glen[3].core_i                                                                |                        uop_block_wrap__parameterized2 |         33 |         33 |       0 |    0 |   352 |      0 |      0 |    0 |          0 |
|       (glen[3].core_i)                                                            |                        uop_block_wrap__parameterized2 |          0 |          0 |       0 |    0 |    96 |      0 |      0 |    0 |          0 |
|       core                                                                        |                             uop_block__parameterized2 |         33 |         33 |       0 |    0 |   256 |      0 |      0 |    0 |          0 |
|         (core)                                                                    |                             uop_block__parameterized2 |          1 |          1 |       0 |    0 |    96 |      0 |      0 |    0 |          0 |
|         g[0].g_normal.alu_i                                                       |                      microop_unit__parameterized4__19 |          0 |          0 |       0 |    0 |    32 |      0 |      0 |    0 |          0 |
|         g[1].g_normal.alu_i                                                       |                      microop_unit__parameterized4__20 |          0 |          0 |       0 |    0 |    32 |      0 |      0 |    0 |          0 |
|         g[2].g_normal.alu_i                                                       |                      microop_unit__parameterized3__47 |         32 |         32 |       0 |    0 |    32 |      0 |      0 |    0 |          0 |
|         g[3].g_normal.alu_i                                                       |                      microop_unit__parameterized4__21 |          0 |          0 |       0 |    0 |    32 |      0 |      0 |    0 |          0 |
|         g[4].g_normal.alu_i                                                       |                      microop_unit__parameterized4__22 |          0 |          0 |       0 |    0 |    32 |      0 |      0 |    0 |          0 |
|     glen[40].core_i                                                               |                       uop_block_wrap__parameterized23 |        132 |          1 |       0 |  131 |   666 |      0 |      0 |    0 |         10 |
|       (glen[40].core_i)                                                           |                       uop_block_wrap__parameterized23 |          0 |          0 |       0 |    0 |   160 |      0 |      0 |    0 |          0 |
|       core                                                                        |                            uop_block__parameterized23 |        132 |          1 |       0 |  131 |   506 |      0 |      0 |    0 |         10 |
|         (core)                                                                    |                            uop_block__parameterized23 |          1 |          1 |       0 |    0 |    64 |      0 |      0 |    0 |          0 |
|         g[0].g_normal.alu_i                                                       |                         microop_unit__parameterized12 |          0 |          0 |       0 |    0 |    32 |      0 |      0 |    0 |          0 |
|         g[1].g_normal.alu_i                                                       |                       microop_unit__parameterized2__7 |          0 |          0 |       0 |    0 |    64 |      0 |      0 |    0 |          0 |
|         g[2].g_normal.alu_i                                                       |               microop_unit__parameterized0__xdcDup__6 |        131 |          0 |       0 |  131 |   346 |      0 |      0 |    0 |         10 |
|           (g[2].g_normal.alu_i)                                                   |               microop_unit__parameterized0__xdcDup__6 |          0 |          0 |       0 |    0 |    64 |      0 |      0 |    0 |          0 |
|           g_imul.mul64_ip.mul_i                                                   |                                   integer_mul_HD20554 |        131 |          0 |       0 |  131 |   282 |      0 |      0 |    0 |         10 |
|             U0                                                                    |                  integer_mulmult_gen_v12_0_16_HD20555 |        131 |          0 |       0 |  131 |   282 |      0 |      0 |    0 |         10 |
|               i_mult                                                              |              integer_mulmult_gen_v12_0_16_viv_HD20556 |        131 |          0 |       0 |  131 |   282 |      0 |      0 |    0 |         10 |
|                 gDSP.gDSP_only.iDSP                                               |                                integer_muldsp_HD20557 |        131 |          0 |       0 |  131 |   282 |      0 |      0 |    0 |         10 |
|                   (gDSP.gDSP_only.iDSP)                                           |                                integer_muldsp_HD20557 |          0 |          0 |       0 |    0 |     0 |      0 |      0 |    0 |         10 |
|                   use_prim.appDSP48[0].bppDSP48[0].need_output_delay.output_delay |        integer_muldelay_line__parameterized16_HD20558 |          9 |          0 |       0 |    9 |    17 |      0 |      0 |    0 |          0 |
|                   use_prim.appDSP48[0].bppDSP48[2].need_output_delay.output_delay |        integer_muldelay_line__parameterized18_HD20559 |          9 |          0 |       0 |    9 |    17 |      0 |      0 |    0 |          0 |
|                   use_prim.appDSP48[1].bppDSP48[0].need_output_delay.output_delay |        integer_muldelay_line__parameterized19_HD20560 |          9 |          0 |       0 |    9 |    17 |      0 |      0 |    0 |          0 |
|                   use_prim.appDSP48[3].bppDSP48[0].need_output_delay.output_delay |        integer_muldelay_line__parameterized21_HD20562 |          7 |          0 |       0 |    7 |    13 |      0 |      0 |    0 |          0 |
|                   use_prim.iAdelx[0].iAdely[2].use_delay_line.Adelay              |         integer_muldelay_line__parameterized0_HD20564 |          9 |          0 |       0 |    9 |    17 |      0 |      0 |    0 |          0 |
|                   use_prim.iAdelx[1].iAdely[1].use_delay_line.Adelay              |         integer_muldelay_line__parameterized1_HD20565 |          9 |          0 |       0 |    9 |    17 |      0 |      0 |    0 |          0 |
|                   use_prim.iAdelx[1].iAdely[2].use_delay_line.Adelay              |         integer_muldelay_line__parameterized2_HD20566 |          9 |          0 |       0 |    9 |    17 |      0 |      0 |    0 |          0 |
|                   use_prim.iAdelx[2].iAdely[0].use_delay_line.Adelay              |         integer_muldelay_line__parameterized4_HD20568 |          0 |          0 |       0 |    0 |    17 |      0 |      0 |    0 |          0 |
|                   use_prim.iAdelx[2].iAdely[1].use_delay_line.Adelay              |         integer_muldelay_line__parameterized5_HD20569 |          9 |          0 |       0 |    9 |    17 |      0 |      0 |    0 |          0 |
|                   use_prim.iAdelx[3].iAdely[0].use_delay_line.Adelay              |         integer_muldelay_line__parameterized8_HD20572 |          7 |          0 |       0 |    7 |    13 |      0 |      0 |    0 |          0 |
|                   use_prim.iBdelx[0].iBdely[2].need_delay_line.Bdelay             |       integer_muldelay_line__parameterized0_0_HD20574 |          9 |          0 |       0 |    9 |    17 |      0 |      0 |    0 |          0 |
|                   use_prim.iBdelx[0].iBdely[3].need_delay_line.Bdelay             |        integer_muldelay_line__parameterized10_HD20575 |          9 |          0 |       0 |    9 |    18 |      0 |      0 |    0 |          0 |
|                   use_prim.iBdelx[1].iBdely[0].need_delay_line.Bdelay             |       integer_muldelay_line__parameterized4_1_HD20576 |          0 |          0 |       0 |    0 |    17 |      0 |      0 |    0 |          0 |
|                   use_prim.iBdelx[1].iBdely[1].need_delay_line.Bdelay             |       integer_muldelay_line__parameterized1_2_HD20577 |          9 |          0 |       0 |    9 |    17 |      0 |      0 |    0 |          0 |
|                   use_prim.iBdelx[1].iBdely[2].need_delay_line.Bdelay             |       integer_muldelay_line__parameterized2_3_HD20578 |          9 |          0 |       0 |    9 |    17 |      0 |      0 |    0 |          0 |
|                   use_prim.iBdelx[2].iBdely[1].need_delay_line.Bdelay             |       integer_muldelay_line__parameterized5_5_HD20580 |          9 |          0 |       0 |    9 |    17 |      0 |      0 |    0 |          0 |
|                   use_prim.iBdelx[3].iBdely[0].need_delay_line.Bdelay             |        integer_muldelay_line__parameterized11_HD20582 |          9 |          0 |       0 |    9 |    17 |      0 |      0 |    0 |          0 |
|     glen[41].core_i                                                               |                        uop_block_wrap__parameterized0 |         65 |         65 |       0 |    0 |   384 |      0 |      0 |    0 |          0 |
|       (glen[41].core_i)                                                           |                        uop_block_wrap__parameterized0 |          0 |          0 |       0 |    0 |   192 |      0 |      0 |    0 |          0 |
|       core                                                                        |                             uop_block__parameterized0 |         65 |         65 |       0 |    0 |   192 |      0 |      0 |    0 |          0 |
|         (core)                                                                    |                             uop_block__parameterized0 |          1 |          1 |       0 |    0 |    64 |      0 |      0 |    0 |          0 |
|         g[0].g_normal.alu_i                                                       |                          microop_unit__parameterized1 |         64 |         64 |       0 |    0 |    64 |      0 |      0 |    0 |          0 |
|         g[1].g_normal.alu_i                                                       |                      microop_unit__parameterized2__31 |          0 |          0 |       0 |    0 |    64 |      0 |      0 |    0 |          0 |
|     glen[42].core_i                                                               |                       uop_block_wrap__parameterized24 |         65 |         65 |       0 |    0 |   320 |      0 |      0 |    0 |          0 |
|       (glen[42].core_i)                                                           |                       uop_block_wrap__parameterized24 |          0 |          0 |       0 |    0 |    96 |      0 |      0 |    0 |          0 |
|       core                                                                        |                            uop_block__parameterized24 |         65 |         65 |       0 |    0 |   224 |      0 |      0 |    0 |          0 |
|         (core)                                                                    |                            uop_block__parameterized24 |          1 |          1 |       0 |    0 |    96 |      0 |      0 |    0 |          0 |
|         g[0].g_normal.alu_i                                                       |                       microop_unit__parameterized4__3 |          0 |          0 |       0 |    0 |    32 |      0 |      0 |    0 |          0 |
|         g[1].g_normal.alu_i                                                       |                      microop_unit__parameterized3__30 |         32 |         32 |       0 |    0 |    32 |      0 |      0 |    0 |          0 |
|         g[2].g_normal.alu_i                                                       |                      microop_unit__parameterized3__31 |         32 |         32 |       0 |    0 |    32 |      0 |      0 |    0 |          0 |
|         g[3].g_normal.alu_i                                                       |                       microop_unit__parameterized4__4 |          0 |          0 |       0 |    0 |    32 |      0 |      0 |    0 |          0 |
|     glen[43].core_i                                                               |                    uop_block_wrap__parameterized11__9 |          1 |          1 |       0 |    0 |   160 |      0 |      0 |    0 |          0 |
|       (glen[43].core_i)                                                           |                    uop_block_wrap__parameterized11__9 |          0 |          0 |       0 |    0 |    64 |      0 |      0 |    0 |          0 |
|       core                                                                        |                         uop_block__parameterized11__9 |          1 |          1 |       0 |    0 |    96 |      0 |      0 |    0 |          0 |
|         (core)                                                                    |                         uop_block__parameterized11__9 |          1 |          1 |       0 |    0 |    32 |      0 |      0 |    0 |          0 |
|         g[0].g_normal.alu_i                                                       |                      microop_unit__parameterized4__32 |          0 |          0 |       0 |    0 |    32 |      0 |      0 |    0 |          0 |
|         g[1].g_normal.alu_i                                                       |                      microop_unit__parameterized4__31 |          0 |          0 |       0 |    0 |    32 |      0 |      0 |    0 |          0 |
|     glen[44].core_i                                                               |                    uop_block_wrap__parameterized20__1 |         25 |         25 |       0 |    0 |   864 |      0 |      0 |    0 |          0 |
|       (glen[44].core_i)                                                           |                    uop_block_wrap__parameterized20__1 |          0 |          0 |       0 |    0 |    64 |      0 |      0 |    0 |          0 |
|       core                                                                        |                         uop_block__parameterized20__1 |         25 |         25 |       0 |    0 |   800 |      0 |      0 |    0 |          0 |
|         (core)                                                                    |                         uop_block__parameterized20__1 |          1 |          1 |       0 |    0 |   384 |      0 |      0 |    0 |          0 |
|         g[0].g_normal.alu_i                                                       |                      microop_unit__parameterized2__37 |          0 |          0 |       0 |    0 |    32 |      0 |      0 |    0 |          0 |
|         g[10].g_normal.alu_i                                                      |                     microop_unit__parameterized3__109 |          2 |          2 |       0 |    0 |    32 |      0 |      0 |    0 |          0 |
|         g[11].g_normal.alu_i                                                      |                     microop_unit__parameterized3__108 |          2 |          2 |       0 |    0 |    32 |      0 |      0 |    0 |          0 |
|         g[12].g_normal.alu_i                                                      |                     microop_unit__parameterized3__107 |          2 |          2 |       0 |    0 |    32 |      0 |      0 |    0 |          0 |
|         g[1].g_normal.alu_i                                                       |                     microop_unit__parameterized3__118 |          2 |          2 |       0 |    0 |    32 |      0 |      0 |    0 |          0 |
|         g[2].g_normal.alu_i                                                       |                     microop_unit__parameterized3__117 |          2 |          2 |       0 |    0 |    32 |      0 |      0 |    0 |          0 |
|         g[3].g_normal.alu_i                                                       |                     microop_unit__parameterized3__116 |          2 |          2 |       0 |    0 |    32 |      0 |      0 |    0 |          0 |
|         g[4].g_normal.alu_i                                                       |                     microop_unit__parameterized3__115 |          2 |          2 |       0 |    0 |    32 |      0 |      0 |    0 |          0 |
|         g[5].g_normal.alu_i                                                       |                     microop_unit__parameterized3__114 |          2 |          2 |       0 |    0 |    32 |      0 |      0 |    0 |          0 |
|         g[6].g_normal.alu_i                                                       |                     microop_unit__parameterized3__113 |          2 |          2 |       0 |    0 |    32 |      0 |      0 |    0 |          0 |
|         g[7].g_normal.alu_i                                                       |                     microop_unit__parameterized3__112 |          2 |          2 |       0 |    0 |    32 |      0 |      0 |    0 |          0 |
|         g[8].g_normal.alu_i                                                       |                     microop_unit__parameterized3__111 |          2 |          2 |       0 |    0 |    32 |      0 |      0 |    0 |          0 |
|         g[9].g_normal.alu_i                                                       |                     microop_unit__parameterized3__110 |          2 |          2 |       0 |    0 |    32 |      0 |      0 |    0 |          0 |
|     glen[45].core_i                                                               |                    uop_block_wrap__parameterized11__8 |          1 |          1 |       0 |    0 |   160 |      0 |      0 |    0 |          0 |
|       (glen[45].core_i)                                                           |                    uop_block_wrap__parameterized11__8 |          0 |          0 |       0 |    0 |    64 |      0 |      0 |    0 |          0 |
|       core                                                                        |                         uop_block__parameterized11__8 |          1 |          1 |       0 |    0 |    96 |      0 |      0 |    0 |          0 |
|         (core)                                                                    |                         uop_block__parameterized11__8 |          1 |          1 |       0 |    0 |    32 |      0 |      0 |    0 |          0 |
|         g[0].g_normal.alu_i                                                       |                      microop_unit__parameterized4__30 |          0 |          0 |       0 |    0 |    32 |      0 |      0 |    0 |          0 |
|         g[1].g_normal.alu_i                                                       |                      microop_unit__parameterized4__29 |          0 |          0 |       0 |    0 |    32 |      0 |      0 |    0 |          0 |
|     glen[46].core_i                                                               |                                        uop_block_wrap |        132 |          1 |       0 |  131 |   602 |      0 |      0 |    0 |         10 |
|       (glen[46].core_i)                                                           |                                        uop_block_wrap |          0 |          0 |       0 |    0 |   160 |      0 |      0 |    0 |          0 |
|       core                                                                        |                                             uop_block |        132 |          1 |       0 |  131 |   442 |      0 |      0 |    0 |         10 |
|         (core)                                                                    |                                             uop_block |          1 |          1 |       0 |    0 |    64 |      0 |      0 |    0 |          0 |
|         g[0].g_normal.alu_i                                                       |                                       microop_unit__2 |          0 |          0 |       0 |    0 |    32 |      0 |      0 |    0 |          0 |
|         g[1].g_normal.alu_i                                                       |                          microop_unit__parameterized0 |        131 |          0 |       0 |  131 |   346 |      0 |      0 |    0 |         10 |
|           (g[1].g_normal.alu_i)                                                   |                          microop_unit__parameterized0 |          0 |          0 |       0 |    0 |    64 |      0 |      0 |    0 |          0 |
|           g_imul.mul64_ip.mul_i                                                   |                                           integer_mul |        131 |          0 |       0 |  131 |   282 |      0 |      0 |    0 |         10 |
|             U0                                                                    |                          integer_mulmult_gen_v12_0_16 |        131 |          0 |       0 |  131 |   282 |      0 |      0 |    0 |         10 |
|               i_mult                                                              |                      integer_mulmult_gen_v12_0_16_viv |        131 |          0 |       0 |  131 |   282 |      0 |      0 |    0 |         10 |
|                 gDSP.gDSP_only.iDSP                                               |                                        integer_muldsp |        131 |          0 |       0 |  131 |   282 |      0 |      0 |    0 |         10 |
|                   (gDSP.gDSP_only.iDSP)                                           |                                        integer_muldsp |          0 |          0 |       0 |    0 |     0 |      0 |      0 |    0 |         10 |
|                   use_prim.appDSP48[0].bppDSP48[0].need_output_delay.output_delay |                integer_muldelay_line__parameterized16 |          9 |          0 |       0 |    9 |    17 |      0 |      0 |    0 |          0 |
|                   use_prim.appDSP48[0].bppDSP48[2].need_output_delay.output_delay |                integer_muldelay_line__parameterized18 |          9 |          0 |       0 |    9 |    17 |      0 |      0 |    0 |          0 |
|                   use_prim.appDSP48[1].bppDSP48[0].need_output_delay.output_delay |                integer_muldelay_line__parameterized19 |          9 |          0 |       0 |    9 |    17 |      0 |      0 |    0 |          0 |
|                   use_prim.appDSP48[3].bppDSP48[0].need_output_delay.output_delay |                integer_muldelay_line__parameterized21 |          7 |          0 |       0 |    7 |    13 |      0 |      0 |    0 |          0 |
|                   use_prim.iAdelx[0].iAdely[2].use_delay_line.Adelay              |                 integer_muldelay_line__parameterized0 |          9 |          0 |       0 |    9 |    17 |      0 |      0 |    0 |          0 |
|                   use_prim.iAdelx[1].iAdely[1].use_delay_line.Adelay              |                 integer_muldelay_line__parameterized1 |          9 |          0 |       0 |    9 |    17 |      0 |      0 |    0 |          0 |
|                   use_prim.iAdelx[1].iAdely[2].use_delay_line.Adelay              |                 integer_muldelay_line__parameterized2 |          9 |          0 |       0 |    9 |    17 |      0 |      0 |    0 |          0 |
|                   use_prim.iAdelx[2].iAdely[0].use_delay_line.Adelay              |                 integer_muldelay_line__parameterized4 |          0 |          0 |       0 |    0 |    17 |      0 |      0 |    0 |          0 |
|                   use_prim.iAdelx[2].iAdely[1].use_delay_line.Adelay              |                 integer_muldelay_line__parameterized5 |          9 |          0 |       0 |    9 |    17 |      0 |      0 |    0 |          0 |
|                   use_prim.iAdelx[3].iAdely[0].use_delay_line.Adelay              |                 integer_muldelay_line__parameterized8 |          7 |          0 |       0 |    7 |    13 |      0 |      0 |    0 |          0 |
|                   use_prim.iBdelx[0].iBdely[2].need_delay_line.Bdelay             |               integer_muldelay_line__parameterized0_0 |          9 |          0 |       0 |    9 |    17 |      0 |      0 |    0 |          0 |
|                   use_prim.iBdelx[0].iBdely[3].need_delay_line.Bdelay             |                integer_muldelay_line__parameterized10 |          9 |          0 |       0 |    9 |    18 |      0 |      0 |    0 |          0 |
|                   use_prim.iBdelx[1].iBdely[0].need_delay_line.Bdelay             |               integer_muldelay_line__parameterized4_1 |          0 |          0 |       0 |    0 |    17 |      0 |      0 |    0 |          0 |
|                   use_prim.iBdelx[1].iBdely[1].need_delay_line.Bdelay             |               integer_muldelay_line__parameterized1_2 |          9 |          0 |       0 |    9 |    17 |      0 |      0 |    0 |          0 |
|                   use_prim.iBdelx[1].iBdely[2].need_delay_line.Bdelay             |               integer_muldelay_line__parameterized2_3 |          9 |          0 |       0 |    9 |    17 |      0 |      0 |    0 |          0 |
|                   use_prim.iBdelx[2].iBdely[1].need_delay_line.Bdelay             |               integer_muldelay_line__parameterized5_5 |          9 |          0 |       0 |    9 |    17 |      0 |      0 |    0 |          0 |
|                   use_prim.iBdelx[3].iBdely[0].need_delay_line.Bdelay             |                integer_muldelay_line__parameterized11 |          9 |          0 |       0 |    9 |    17 |      0 |      0 |    0 |          0 |
|     glen[47].core_i                                                               |                       uop_block_wrap__parameterized19 |         23 |         23 |       0 |    0 |   800 |      0 |      0 |    0 |          0 |
|       (glen[47].core_i)                                                           |                       uop_block_wrap__parameterized19 |          0 |          0 |       0 |    0 |    64 |      0 |      0 |    0 |          0 |
|       core                                                                        |                            uop_block__parameterized19 |         23 |         23 |       0 |    0 |   736 |      0 |      0 |    0 |          0 |
|         (core)                                                                    |                            uop_block__parameterized19 |          1 |          1 |       0 |    0 |   352 |      0 |      0 |    0 |          0 |
|         g[0].g_normal.alu_i                                                       |                          microop_unit__parameterized2 |          0 |          0 |       0 |    0 |    32 |      0 |      0 |    0 |          0 |
|         g[10].g_normal.alu_i                                                      |                     microop_unit__parameterized3__106 |          2 |          2 |       0 |    0 |    32 |      0 |      0 |    0 |          0 |
|         g[11].g_normal.alu_i                                                      |                          microop_unit__parameterized3 |          2 |          2 |       0 |    0 |    32 |      0 |      0 |    0 |          0 |
|         g[1].g_normal.alu_i                                                       |                      microop_unit__parameterized3__97 |          2 |          2 |       0 |    0 |    32 |      0 |      0 |    0 |          0 |
|         g[2].g_normal.alu_i                                                       |                      microop_unit__parameterized3__98 |          2 |          2 |       0 |    0 |    32 |      0 |      0 |    0 |          0 |
|         g[3].g_normal.alu_i                                                       |                      microop_unit__parameterized3__99 |          2 |          2 |       0 |    0 |    32 |      0 |      0 |    0 |          0 |
|         g[4].g_normal.alu_i                                                       |                     microop_unit__parameterized3__100 |          2 |          2 |       0 |    0 |    32 |      0 |      0 |    0 |          0 |
|         g[5].g_normal.alu_i                                                       |                     microop_unit__parameterized3__101 |          2 |          2 |       0 |    0 |    32 |      0 |      0 |    0 |          0 |
|         g[6].g_normal.alu_i                                                       |                     microop_unit__parameterized3__102 |          2 |          2 |       0 |    0 |    32 |      0 |      0 |    0 |          0 |
|         g[7].g_normal.alu_i                                                       |                     microop_unit__parameterized3__103 |          2 |          2 |       0 |    0 |    32 |      0 |      0 |    0 |          0 |
|         g[8].g_normal.alu_i                                                       |                     microop_unit__parameterized3__104 |          2 |          2 |       0 |    0 |    32 |      0 |      0 |    0 |          0 |
|         g[9].g_normal.alu_i                                                       |                     microop_unit__parameterized3__105 |          2 |          2 |       0 |    0 |    32 |      0 |      0 |    0 |          0 |
|     glen[48].core_i                                                               |                    uop_block_wrap__parameterized11__1 |          1 |          1 |       0 |    0 |   160 |      0 |      0 |    0 |          0 |
|       (glen[48].core_i)                                                           |                    uop_block_wrap__parameterized11__1 |          0 |          0 |       0 |    0 |    64 |      0 |      0 |    0 |          0 |
|       core                                                                        |                         uop_block__parameterized11__1 |          1 |          1 |       0 |    0 |    96 |      0 |      0 |    0 |          0 |
|         (core)                                                                    |                         uop_block__parameterized11__1 |          1 |          1 |       0 |    0 |    32 |      0 |      0 |    0 |          0 |
|         g[0].g_normal.alu_i                                                       |                       microop_unit__parameterized4__9 |          0 |          0 |       0 |    0 |    32 |      0 |      0 |    0 |          0 |
|         g[1].g_normal.alu_i                                                       |                       microop_unit__parameterized4__8 |          0 |          0 |       0 |    0 |    32 |      0 |      0 |    0 |          0 |
|     glen[4].core_i                                                                |                     uop_block_wrap__parameterized3__4 |          1 |          1 |       0 |    0 |   320 |      0 |      0 |    0 |          0 |
|       (glen[4].core_i)                                                            |                     uop_block_wrap__parameterized3__4 |          0 |          0 |       0 |    0 |   128 |      0 |      0 |    0 |          0 |
|       core                                                                        |                          uop_block__parameterized3__4 |          1 |          1 |       0 |    0 |   192 |      0 |      0 |    0 |          0 |
|         (core)                                                                    |                          uop_block__parameterized3__4 |          1 |          1 |       0 |    0 |    64 |      0 |      0 |    0 |          0 |
|         g[0].g_normal.alu_i                                                       |                      microop_unit__parameterized2__15 |          0 |          0 |       0 |    0 |    64 |      0 |      0 |    0 |          0 |
|         g[1].g_normal.alu_i                                                       |                      microop_unit__parameterized2__16 |          0 |          0 |       0 |    0 |    64 |      0 |      0 |    0 |          0 |
|     glen[5].core_i                                                                |                        uop_block_wrap__parameterized4 |         29 |         29 |       0 |    0 |   992 |      0 |      0 |    0 |          0 |
|       (glen[5].core_i)                                                            |                        uop_block_wrap__parameterized4 |          0 |          0 |       0 |    0 |    64 |      0 |      0 |    0 |          0 |
|       core                                                                        |                             uop_block__parameterized4 |         29 |         29 |       0 |    0 |   928 |      0 |      0 |    0 |          0 |
|         (core)                                                                    |                             uop_block__parameterized4 |          1 |          1 |       0 |    0 |   448 |      0 |      0 |    0 |          0 |
|         g[0].g_normal.alu_i                                                       |                      microop_unit__parameterized2__17 |          0 |          0 |       0 |    0 |    32 |      0 |      0 |    0 |          0 |
|         g[10].g_normal.alu_i                                                      |                      microop_unit__parameterized3__57 |          2 |          2 |       0 |    0 |    32 |      0 |      0 |    0 |          0 |
|         g[11].g_normal.alu_i                                                      |                      microop_unit__parameterized3__58 |          2 |          2 |       0 |    0 |    32 |      0 |      0 |    0 |          0 |
|         g[12].g_normal.alu_i                                                      |                      microop_unit__parameterized3__59 |          2 |          2 |       0 |    0 |    32 |      0 |      0 |    0 |          0 |
|         g[13].g_normal.alu_i                                                      |                      microop_unit__parameterized3__60 |          2 |          2 |       0 |    0 |    32 |      0 |      0 |    0 |          0 |
|         g[14].g_normal.alu_i                                                      |                      microop_unit__parameterized3__61 |          2 |          2 |       0 |    0 |    32 |      0 |      0 |    0 |          0 |
|         g[1].g_normal.alu_i                                                       |                      microop_unit__parameterized3__48 |          2 |          2 |       0 |    0 |    32 |      0 |      0 |    0 |          0 |
|         g[2].g_normal.alu_i                                                       |                      microop_unit__parameterized3__49 |          2 |          2 |       0 |    0 |    32 |      0 |      0 |    0 |          0 |
|         g[3].g_normal.alu_i                                                       |                      microop_unit__parameterized3__50 |          2 |          2 |       0 |    0 |    32 |      0 |      0 |    0 |          0 |
|         g[4].g_normal.alu_i                                                       |                      microop_unit__parameterized3__51 |          2 |          2 |       0 |    0 |    32 |      0 |      0 |    0 |          0 |
|         g[5].g_normal.alu_i                                                       |                      microop_unit__parameterized3__52 |          2 |          2 |       0 |    0 |    32 |      0 |      0 |    0 |          0 |
|         g[6].g_normal.alu_i                                                       |                      microop_unit__parameterized3__53 |          2 |          2 |       0 |    0 |    32 |      0 |      0 |    0 |          0 |
|         g[7].g_normal.alu_i                                                       |                      microop_unit__parameterized3__54 |          2 |          2 |       0 |    0 |    32 |      0 |      0 |    0 |          0 |
|         g[8].g_normal.alu_i                                                       |                      microop_unit__parameterized3__55 |          2 |          2 |       0 |    0 |    32 |      0 |      0 |    0 |          0 |
|         g[9].g_normal.alu_i                                                       |                      microop_unit__parameterized3__56 |          2 |          2 |       0 |    0 |    32 |      0 |      0 |    0 |          0 |
|     glen[6].core_i                                                                |                        uop_block_wrap__parameterized5 |         33 |         33 |       0 |    0 |   121 |      0 |      0 |    0 |          0 |
|       (glen[6].core_i)                                                            |                        uop_block_wrap__parameterized5 |          0 |          0 |       0 |    0 |    96 |      0 |      0 |    0 |          0 |
|       core                                                                        |                             uop_block__parameterized5 |         33 |         33 |       0 |    0 |    25 |      0 |      0 |    0 |          0 |
|         (core)                                                                    |                             uop_block__parameterized5 |          1 |          1 |       0 |    0 |     0 |      0 |      0 |    0 |          0 |
|         g[0].g_normal.alu_i                                                       |                       microop_unit__parameterized5__1 |         32 |         32 |       0 |    0 |    24 |      0 |      0 |    0 |          0 |
|         g[1].g_normal.alu_i                                                       |                       microop_unit__parameterized6__1 |          0 |          0 |       0 |    0 |     1 |      0 |      0 |    0 |          0 |
|     glen[7].core_i                                                                |                        uop_block_wrap__parameterized6 |         65 |         65 |       0 |    0 |   160 |      0 |      0 |    0 |          0 |
|       (glen[7].core_i)                                                            |                        uop_block_wrap__parameterized6 |          0 |          0 |       0 |    0 |    96 |      0 |      0 |    0 |          0 |
|       core                                                                        |                             uop_block__parameterized6 |         65 |         65 |       0 |    0 |    64 |      0 |      0 |    0 |          0 |
|         (core)                                                                    |                             uop_block__parameterized6 |          1 |          1 |       0 |    0 |     0 |      0 |      0 |    0 |          0 |
|         g[0].g_normal.alu_i                                                       |                          microop_unit__parameterized7 |         32 |         32 |       0 |    0 |    32 |      0 |      0 |    0 |          0 |
|         g[1].g_normal.alu_i                                                       |                      microop_unit__parameterized3__62 |         32 |         32 |       0 |    0 |    32 |      0 |      0 |    0 |          0 |
|     glen[8].core_i                                                                |                     uop_block_wrap__parameterized7__1 |         33 |         33 |       0 |    0 |   145 |      0 |      0 |    0 |          0 |
|       (glen[8].core_i)                                                            |                     uop_block_wrap__parameterized7__1 |          0 |          0 |       0 |    0 |    96 |      0 |      0 |    0 |          0 |
|       core                                                                        |                          uop_block__parameterized7__1 |         33 |         33 |       0 |    0 |    49 |      0 |      0 |    0 |          0 |
|         (core)                                                                    |                          uop_block__parameterized7__1 |          1 |          1 |       0 |    0 |    24 |      0 |      0 |    0 |          0 |
|         g[0].g_normal.alu_i                                                       |                       microop_unit__parameterized5__2 |         32 |         32 |       0 |    0 |    24 |      0 |      0 |    0 |          0 |
|         g[1].g_normal.alu_i                                                       |                       microop_unit__parameterized6__2 |          0 |          0 |       0 |    0 |     1 |      0 |      0 |    0 |          0 |
|     glen[9].core_i                                                                |                     uop_block_wrap__parameterized6__1 |         65 |         65 |       0 |    0 |   160 |      0 |      0 |    0 |          0 |
|       (glen[9].core_i)                                                            |                     uop_block_wrap__parameterized6__1 |          0 |          0 |       0 |    0 |    96 |      0 |      0 |    0 |          0 |
|       core                                                                        |                          uop_block__parameterized6__1 |         65 |         65 |       0 |    0 |    64 |      0 |      0 |    0 |          0 |
|         (core)                                                                    |                          uop_block__parameterized6__1 |          1 |          1 |       0 |    0 |     0 |      0 |      0 |    0 |          0 |
|         g[0].g_normal.alu_i                                                       |                       microop_unit__parameterized7__1 |         32 |         32 |       0 |    0 |    32 |      0 |      0 |    0 |          0 |
|         g[1].g_normal.alu_i                                                       |                      microop_unit__parameterized3__33 |         32 |         32 |       0 |    0 |    32 |      0 |      0 |    0 |          0 |
+-----------------------------------------------------------------------------------+-------------------------------------------------------+------------+------------+---------+------+-------+--------+--------+------+------------+


