Copyright 1986-2020 Xilinx, Inc. All Rights Reserved.
-------------------------------------------------------------------------------------------------------------------------------------------------------------------
| Tool Version : Vivado v.2020.1 (lin64) Build 2902540 Wed May 27 19:54:35 MDT 2020
| Date         : Mon Oct 27 19:42:18 2025
| Host         : orthanc running 64-bit Ubuntu 22.04.4 LTS
| Command      : report_utilization -hierarchical -file /home/jyoo/custom_v_2/custom-core-tool/reports/synth_1p0pct/benches/648_exchange2_s/pre_impl_util_hier.rpt
| Design       : top_multi_len
| Device       : xcu200fsgd2104-2
| Design State : Synthesized
-------------------------------------------------------------------------------------------------------------------------------------------------------------------

Utilization Design Information

Table of Contents
-----------------
1. Utilization by Hierarchy

1. Utilization by Hierarchy
---------------------------

+---------------------------------------------------------------------------------+-------------------------------------------------------+------------+------------+---------+------+-------+--------+--------+------+------------+
|                                     Instance                                    |                         Module                        | Total LUTs | Logic LUTs | LUTRAMs | SRLs |  FFs  | RAMB36 | RAMB18 | URAM | DSP Blocks |
+---------------------------------------------------------------------------------+-------------------------------------------------------+------------+------------+---------+------+-------+--------+--------+------+------------+
| top_multi_len                                                                   |                                                 (top) |       6732 |       6075 |       0 |  657 | 13085 |      8 |      0 |    0 |         48 |
|   (top_multi_len)                                                               |                                                 (top) |        711 |        711 |       0 |    0 |  1645 |      0 |      0 |    0 |          0 |
|   g_has_mem.glen_mem[0].blk_i                                                   |                                        uop_block_wrap |        223 |          4 |       0 |  219 |   653 |      0 |      0 |    0 |         16 |
|     (g_has_mem.glen_mem[0].blk_i)                                               |                                        uop_block_wrap |          1 |          1 |       0 |    0 |    75 |      0 |      0 |    0 |          0 |
|     core                                                                        |                                             uop_block |        222 |          3 |       0 |  219 |   578 |      0 |      0 |    0 |         16 |
|       (core)                                                                    |                                             uop_block |          3 |          3 |       0 |    0 |     1 |      0 |      0 |    0 |          0 |
|       g[0].g_normal.alu_i                                                       |                                          microop_unit |          0 |          0 |       0 |    0 |    32 |      0 |      0 |    0 |          0 |
|       g[1].g_normal.alu_i                                                       |               microop_unit__parameterized0__xdcDup__1 |        219 |          0 |       0 |  219 |   545 |      0 |      0 |    0 |         16 |
|         (g[1].g_normal.alu_i)                                                   |               microop_unit__parameterized0__xdcDup__1 |          0 |          0 |       0 |    0 |    64 |      0 |      0 |    0 |          0 |
|         g_imul.mul64_ip.mul_i                                                   |                                           integer_mul |        219 |          0 |       0 |  219 |   481 |      0 |      0 |    0 |         16 |
|           (g_imul.mul64_ip.mul_i)                                               |                                           integer_mul |          0 |          0 |       0 |    0 |     0 |      0 |      0 |    0 |          0 |
|           U0                                                                    |                          integer_mulmult_gen_v12_0_16 |        219 |          0 |       0 |  219 |   481 |      0 |      0 |    0 |         16 |
|             (U0)                                                                |                          integer_mulmult_gen_v12_0_16 |          0 |          0 |       0 |    0 |     0 |      0 |      0 |    0 |          0 |
|             i_mult                                                              |                      integer_mulmult_gen_v12_0_16_viv |        219 |          0 |       0 |  219 |   481 |      0 |      0 |    0 |         16 |
|               (i_mult)                                                          |                      integer_mulmult_gen_v12_0_16_viv |          0 |          0 |       0 |    0 |     0 |      0 |      0 |    0 |          0 |
|               gDSP.gDSP_only.iDSP                                               |                                        integer_muldsp |        219 |          0 |       0 |  219 |   481 |      0 |      0 |    0 |         16 |
|                 (gDSP.gDSP_only.iDSP)                                           |                                        integer_muldsp |          0 |          0 |       0 |    0 |     0 |      0 |      0 |    0 |         16 |
|                 use_prim.appDSP48[0].bppDSP48[0].need_output_delay.output_delay |                integer_muldelay_line__parameterized16 |          9 |          0 |       0 |    9 |    17 |      0 |      0 |    0 |          0 |
|                 use_prim.appDSP48[0].bppDSP48[2].need_output_delay.output_delay |                integer_muldelay_line__parameterized18 |          9 |          0 |       0 |    9 |    17 |      0 |      0 |    0 |          0 |
|                 use_prim.appDSP48[1].bppDSP48[0].need_output_delay.output_delay |                integer_muldelay_line__parameterized19 |          9 |          0 |       0 |    9 |    17 |      0 |      0 |    0 |          0 |
|                 use_prim.appDSP48[1].bppDSP48[3].need_output_delay.output_delay |                integer_muldelay_line__parameterized20 |          9 |          0 |       0 |    9 |    17 |      0 |      0 |    0 |          0 |
|                 use_prim.appDSP48[3].bppDSP48[0].need_output_delay.output_delay |                integer_muldelay_line__parameterized21 |          9 |          0 |       0 |    9 |    17 |      0 |      0 |    0 |          0 |
|                 use_prim.appDSP48[3].bppDSP48[2].need_output_delay.output_delay |                integer_muldelay_line__parameterized22 |          0 |          0 |       0 |    0 |    17 |      0 |      0 |    0 |          0 |
|                 use_prim.iAdelx[0].iAdely[2].use_delay_line.Adelay              |                 integer_muldelay_line__parameterized0 |          9 |          0 |       0 |    9 |    18 |      0 |      0 |    0 |          0 |
|                 use_prim.iAdelx[1].iAdely[1].use_delay_line.Adelay              |                 integer_muldelay_line__parameterized1 |          9 |          0 |       0 |    9 |    18 |      0 |      0 |    0 |          0 |
|                 use_prim.iAdelx[1].iAdely[2].use_delay_line.Adelay              |                 integer_muldelay_line__parameterized2 |          9 |          0 |       0 |    9 |    18 |      0 |      0 |    0 |          0 |
|                 use_prim.iAdelx[1].iAdely[3].use_delay_line.Adelay              |                 integer_muldelay_line__parameterized3 |          9 |          0 |       0 |    9 |    18 |      0 |      0 |    0 |          0 |
|                 use_prim.iAdelx[2].iAdely[0].use_delay_line.Adelay              |                 integer_muldelay_line__parameterized4 |          0 |          0 |       0 |    0 |    17 |      0 |      0 |    0 |          0 |
|                 use_prim.iAdelx[2].iAdely[1].use_delay_line.Adelay              |                 integer_muldelay_line__parameterized5 |          9 |          0 |       0 |    9 |    18 |      0 |      0 |    0 |          0 |
|                 use_prim.iAdelx[2].iAdely[2].use_delay_line.Adelay              |                 integer_muldelay_line__parameterized6 |          9 |          0 |       0 |    9 |    18 |      0 |      0 |    0 |          0 |
|                 use_prim.iAdelx[2].iAdely[3].use_delay_line.Adelay              |                 integer_muldelay_line__parameterized7 |          9 |          0 |       0 |    9 |    18 |      0 |      0 |    0 |          0 |
|                 use_prim.iAdelx[3].iAdely[0].use_delay_line.Adelay              |                 integer_muldelay_line__parameterized8 |          7 |          0 |       0 |    7 |    13 |      0 |      0 |    0 |          0 |
|                 use_prim.iAdelx[3].iAdely[2].use_delay_line.Adelay              |                 integer_muldelay_line__parameterized9 |          7 |          0 |       0 |    7 |    13 |      0 |      0 |    0 |          0 |
|                 use_prim.iBdelx[0].iBdely[2].need_delay_line.Bdelay             |               integer_muldelay_line__parameterized0_0 |          9 |          0 |       0 |    9 |    18 |      0 |      0 |    0 |          0 |
|                 use_prim.iBdelx[0].iBdely[3].need_delay_line.Bdelay             |                integer_muldelay_line__parameterized10 |          9 |          0 |       0 |    9 |    18 |      0 |      0 |    0 |          0 |
|                 use_prim.iBdelx[1].iBdely[0].need_delay_line.Bdelay             |               integer_muldelay_line__parameterized4_1 |          0 |          0 |       0 |    0 |    17 |      0 |      0 |    0 |          0 |
|                 use_prim.iBdelx[1].iBdely[1].need_delay_line.Bdelay             |               integer_muldelay_line__parameterized1_2 |          9 |          0 |       0 |    9 |    18 |      0 |      0 |    0 |          0 |
|                 use_prim.iBdelx[1].iBdely[2].need_delay_line.Bdelay             |               integer_muldelay_line__parameterized2_3 |          9 |          0 |       0 |    9 |    18 |      0 |      0 |    0 |          0 |
|                 use_prim.iBdelx[1].iBdely[3].need_delay_line.Bdelay             |               integer_muldelay_line__parameterized3_4 |          9 |          0 |       0 |    9 |    18 |      0 |      0 |    0 |          0 |
|                 use_prim.iBdelx[2].iBdely[1].need_delay_line.Bdelay             |               integer_muldelay_line__parameterized5_5 |          9 |          0 |       0 |    9 |    18 |      0 |      0 |    0 |          0 |
|                 use_prim.iBdelx[2].iBdely[2].need_delay_line.Bdelay             |               integer_muldelay_line__parameterized6_6 |          9 |          0 |       0 |    9 |    18 |      0 |      0 |    0 |          0 |
|                 use_prim.iBdelx[3].iBdely[0].need_delay_line.Bdelay             |                integer_muldelay_line__parameterized11 |          9 |          0 |       0 |    9 |    18 |      0 |      0 |    0 |          0 |
|                 use_prim.iBdelx[3].iBdely[1].need_delay_line.Bdelay             |                integer_muldelay_line__parameterized12 |          9 |          0 |       0 |    9 |    18 |      0 |      0 |    0 |          0 |
|                 use_prim.iBdelx[3].iBdely[2].need_delay_line.Bdelay             |                integer_muldelay_line__parameterized13 |          9 |          0 |       0 |    9 |    18 |      0 |      0 |    0 |          0 |
|                 use_prim.iBdelx[3].iBdely[3].need_delay_line.Bdelay             |                integer_muldelay_line__parameterized14 |          7 |          0 |       0 |    7 |    13 |      0 |      0 |    0 |          0 |
|   g_has_mem.glen_mem[10].blk_i                                                  |                        uop_block_wrap__parameterized7 |         68 |         68 |       0 |    0 |   113 |      0 |      0 |    0 |          0 |
|     (g_has_mem.glen_mem[10].blk_i)                                              |                        uop_block_wrap__parameterized7 |          0 |          0 |       0 |    0 |    48 |      0 |      0 |    0 |          0 |
|     core                                                                        |                             uop_block__parameterized7 |         68 |         68 |       0 |    0 |    65 |      0 |      0 |    0 |          0 |
|       (core)                                                                    |                             uop_block__parameterized7 |          3 |          3 |       0 |    0 |     1 |      0 |      0 |    0 |          0 |
|       g[0].g_normal.alu_i                                                       |                          microop_unit__parameterized5 |         32 |         32 |       0 |    0 |    32 |      0 |      0 |    0 |          0 |
|       g[1].g_normal.alu_i                                                       |                          microop_unit__parameterized8 |         33 |         33 |       0 |    0 |    32 |      0 |      0 |    0 |          0 |
|   g_has_mem.glen_mem[11].blk_i                                                  |                        uop_block_wrap__parameterized3 |          5 |          5 |       0 |    0 |   207 |      0 |      0 |    0 |          0 |
|     (g_has_mem.glen_mem[11].blk_i)                                              |                        uop_block_wrap__parameterized3 |          2 |          2 |       0 |    0 |    78 |      0 |      0 |    0 |          0 |
|     core                                                                        |                          uop_block__parameterized3_25 |          3 |          3 |       0 |    0 |   129 |      0 |      0 |    0 |          0 |
|       (core)                                                                    |                          uop_block__parameterized3_25 |          3 |          3 |       0 |    0 |     1 |      0 |      0 |    0 |          0 |
|       g[0].g_normal.alu_i                                                       |                      microop_unit__parameterized2__28 |          0 |          0 |       0 |    0 |    64 |      0 |      0 |    0 |          0 |
|       g[1].g_normal.alu_i                                                       |                      microop_unit__parameterized2__27 |          0 |          0 |       0 |    0 |    64 |      0 |      0 |    0 |          0 |
|   g_has_mem.glen_mem[12].blk_i                                                  |                        uop_block_wrap__parameterized8 |        229 |         10 |       0 |  219 |   753 |      0 |      0 |    0 |         16 |
|     (g_has_mem.glen_mem[12].blk_i)                                              |                        uop_block_wrap__parameterized8 |          3 |          3 |       0 |    0 |    78 |      0 |      0 |    0 |          0 |
|     core                                                                        |                             uop_block__parameterized8 |        226 |          7 |       0 |  219 |   675 |      0 |      0 |    0 |         16 |
|       (core)                                                                    |                             uop_block__parameterized8 |          7 |          7 |       0 |    0 |     2 |      0 |      0 |    0 |          0 |
|       g[0].g_normal.alu_i                                                       |                      microop_unit__parameterized2__26 |          0 |          0 |       0 |    0 |    64 |      0 |      0 |    0 |          0 |
|       g[1].g_normal.alu_i                                                       |               microop_unit__parameterized0__xdcDup__2 |        219 |          0 |       0 |  219 |   545 |      0 |      0 |    0 |         16 |
|         (g[1].g_normal.alu_i)                                                   |               microop_unit__parameterized0__xdcDup__2 |          0 |          0 |       0 |    0 |    64 |      0 |      0 |    0 |          0 |
|         g_imul.mul64_ip.mul_i                                                   |                                   integer_mul_HD11442 |        219 |          0 |       0 |  219 |   481 |      0 |      0 |    0 |         16 |
|           (g_imul.mul64_ip.mul_i)                                               |                                   integer_mul_HD11442 |          0 |          0 |       0 |    0 |     0 |      0 |      0 |    0 |          0 |
|           U0                                                                    |                  integer_mulmult_gen_v12_0_16_HD11443 |        219 |          0 |       0 |  219 |   481 |      0 |      0 |    0 |         16 |
|             (U0)                                                                |                  integer_mulmult_gen_v12_0_16_HD11443 |          0 |          0 |       0 |    0 |     0 |      0 |      0 |    0 |          0 |
|             i_mult                                                              |              integer_mulmult_gen_v12_0_16_viv_HD11444 |        219 |          0 |       0 |  219 |   481 |      0 |      0 |    0 |         16 |
|               (i_mult)                                                          |              integer_mulmult_gen_v12_0_16_viv_HD11444 |          0 |          0 |       0 |    0 |     0 |      0 |      0 |    0 |          0 |
|               gDSP.gDSP_only.iDSP                                               |                                integer_muldsp_HD11445 |        219 |          0 |       0 |  219 |   481 |      0 |      0 |    0 |         16 |
|                 (gDSP.gDSP_only.iDSP)                                           |                                integer_muldsp_HD11445 |          0 |          0 |       0 |    0 |     0 |      0 |      0 |    0 |         16 |
|                 use_prim.appDSP48[0].bppDSP48[0].need_output_delay.output_delay |        integer_muldelay_line__parameterized16_HD11446 |          9 |          0 |       0 |    9 |    17 |      0 |      0 |    0 |          0 |
|                 use_prim.appDSP48[0].bppDSP48[2].need_output_delay.output_delay |        integer_muldelay_line__parameterized18_HD11447 |          9 |          0 |       0 |    9 |    17 |      0 |      0 |    0 |          0 |
|                 use_prim.appDSP48[1].bppDSP48[0].need_output_delay.output_delay |        integer_muldelay_line__parameterized19_HD11448 |          9 |          0 |       0 |    9 |    17 |      0 |      0 |    0 |          0 |
|                 use_prim.appDSP48[1].bppDSP48[3].need_output_delay.output_delay |        integer_muldelay_line__parameterized20_HD11449 |          9 |          0 |       0 |    9 |    17 |      0 |      0 |    0 |          0 |
|                 use_prim.appDSP48[3].bppDSP48[0].need_output_delay.output_delay |        integer_muldelay_line__parameterized21_HD11450 |          9 |          0 |       0 |    9 |    17 |      0 |      0 |    0 |          0 |
|                 use_prim.appDSP48[3].bppDSP48[2].need_output_delay.output_delay |        integer_muldelay_line__parameterized22_HD11451 |          0 |          0 |       0 |    0 |    17 |      0 |      0 |    0 |          0 |
|                 use_prim.iAdelx[0].iAdely[2].use_delay_line.Adelay              |         integer_muldelay_line__parameterized0_HD11452 |          9 |          0 |       0 |    9 |    18 |      0 |      0 |    0 |          0 |
|                 use_prim.iAdelx[1].iAdely[1].use_delay_line.Adelay              |         integer_muldelay_line__parameterized1_HD11453 |          9 |          0 |       0 |    9 |    18 |      0 |      0 |    0 |          0 |
|                 use_prim.iAdelx[1].iAdely[2].use_delay_line.Adelay              |         integer_muldelay_line__parameterized2_HD11454 |          9 |          0 |       0 |    9 |    18 |      0 |      0 |    0 |          0 |
|                 use_prim.iAdelx[1].iAdely[3].use_delay_line.Adelay              |         integer_muldelay_line__parameterized3_HD11455 |          9 |          0 |       0 |    9 |    18 |      0 |      0 |    0 |          0 |
|                 use_prim.iAdelx[2].iAdely[0].use_delay_line.Adelay              |         integer_muldelay_line__parameterized4_HD11456 |          0 |          0 |       0 |    0 |    17 |      0 |      0 |    0 |          0 |
|                 use_prim.iAdelx[2].iAdely[1].use_delay_line.Adelay              |         integer_muldelay_line__parameterized5_HD11457 |          9 |          0 |       0 |    9 |    18 |      0 |      0 |    0 |          0 |
|                 use_prim.iAdelx[2].iAdely[2].use_delay_line.Adelay              |         integer_muldelay_line__parameterized6_HD11458 |          9 |          0 |       0 |    9 |    18 |      0 |      0 |    0 |          0 |
|                 use_prim.iAdelx[2].iAdely[3].use_delay_line.Adelay              |         integer_muldelay_line__parameterized7_HD11459 |          9 |          0 |       0 |    9 |    18 |      0 |      0 |    0 |          0 |
|                 use_prim.iAdelx[3].iAdely[0].use_delay_line.Adelay              |         integer_muldelay_line__parameterized8_HD11460 |          7 |          0 |       0 |    7 |    13 |      0 |      0 |    0 |          0 |
|                 use_prim.iAdelx[3].iAdely[2].use_delay_line.Adelay              |         integer_muldelay_line__parameterized9_HD11461 |          7 |          0 |       0 |    7 |    13 |      0 |      0 |    0 |          0 |
|                 use_prim.iBdelx[0].iBdely[2].need_delay_line.Bdelay             |       integer_muldelay_line__parameterized0_0_HD11462 |          9 |          0 |       0 |    9 |    18 |      0 |      0 |    0 |          0 |
|                 use_prim.iBdelx[0].iBdely[3].need_delay_line.Bdelay             |        integer_muldelay_line__parameterized10_HD11463 |          9 |          0 |       0 |    9 |    18 |      0 |      0 |    0 |          0 |
|                 use_prim.iBdelx[1].iBdely[0].need_delay_line.Bdelay             |       integer_muldelay_line__parameterized4_1_HD11464 |          0 |          0 |       0 |    0 |    17 |      0 |      0 |    0 |          0 |
|                 use_prim.iBdelx[1].iBdely[1].need_delay_line.Bdelay             |       integer_muldelay_line__parameterized1_2_HD11465 |          9 |          0 |       0 |    9 |    18 |      0 |      0 |    0 |          0 |
|                 use_prim.iBdelx[1].iBdely[2].need_delay_line.Bdelay             |       integer_muldelay_line__parameterized2_3_HD11466 |          9 |          0 |       0 |    9 |    18 |      0 |      0 |    0 |          0 |
|                 use_prim.iBdelx[1].iBdely[3].need_delay_line.Bdelay             |       integer_muldelay_line__parameterized3_4_HD11467 |          9 |          0 |       0 |    9 |    18 |      0 |      0 |    0 |          0 |
|                 use_prim.iBdelx[2].iBdely[1].need_delay_line.Bdelay             |       integer_muldelay_line__parameterized5_5_HD11468 |          9 |          0 |       0 |    9 |    18 |      0 |      0 |    0 |          0 |
|                 use_prim.iBdelx[2].iBdely[2].need_delay_line.Bdelay             |       integer_muldelay_line__parameterized6_6_HD11469 |          9 |          0 |       0 |    9 |    18 |      0 |      0 |    0 |          0 |
|                 use_prim.iBdelx[3].iBdely[0].need_delay_line.Bdelay             |        integer_muldelay_line__parameterized11_HD11470 |          9 |          0 |       0 |    9 |    18 |      0 |      0 |    0 |          0 |
|                 use_prim.iBdelx[3].iBdely[1].need_delay_line.Bdelay             |        integer_muldelay_line__parameterized12_HD11471 |          9 |          0 |       0 |    9 |    18 |      0 |      0 |    0 |          0 |
|                 use_prim.iBdelx[3].iBdely[2].need_delay_line.Bdelay             |        integer_muldelay_line__parameterized13_HD11472 |          9 |          0 |       0 |    9 |    18 |      0 |      0 |    0 |          0 |
|                 use_prim.iBdelx[3].iBdely[3].need_delay_line.Bdelay             |        integer_muldelay_line__parameterized14_HD11473 |          7 |          0 |       0 |    7 |    13 |      0 |      0 |    0 |          0 |
|       g[2].g_normal.alu_i                                                       |                          microop_unit__parameterized2 |          0 |          0 |       0 |    0 |    64 |      0 |      0 |    0 |          0 |
|   g_has_mem.glen_mem[13].blk_i                                                  |                        uop_block_wrap__parameterized9 |         40 |         40 |       0 |    0 |   148 |      0 |      0 |    0 |          0 |
|     (g_has_mem.glen_mem[13].blk_i)                                              |                        uop_block_wrap__parameterized9 |          2 |          2 |       0 |    0 |    50 |      0 |      0 |    0 |          0 |
|     core                                                                        |                             uop_block__parameterized9 |         38 |         38 |       0 |    0 |    98 |      0 |      0 |    0 |          0 |
|       (core)                                                                    |                             uop_block__parameterized9 |          6 |          6 |       0 |    0 |     2 |      0 |      0 |    0 |          0 |
|       g[0].g_normal.alu_i                                                       |                      microop_unit__parameterized4__17 |          0 |          0 |       0 |    0 |    32 |      0 |      0 |    0 |          0 |
|       g[1].g_normal.alu_i                                                       |                          microop_unit__parameterized9 |         32 |         32 |       0 |    0 |    32 |      0 |      0 |    0 |          0 |
|       g[2].g_normal.alu_i                                                       |                      microop_unit__parameterized4__18 |          0 |          0 |       0 |    0 |    32 |      0 |      0 |    0 |          0 |
|   g_has_mem.glen_mem[14].blk_i                                                  |                       uop_block_wrap__parameterized10 |          5 |          5 |       0 |    0 |   115 |      0 |      0 |    0 |          0 |
|     (g_has_mem.glen_mem[14].blk_i)                                              |                       uop_block_wrap__parameterized10 |          2 |          2 |       0 |    0 |    50 |      0 |      0 |    0 |          0 |
|     core                                                                        |                         uop_block__parameterized10_24 |          3 |          3 |       0 |    0 |    65 |      0 |      0 |    0 |          0 |
|       (core)                                                                    |                         uop_block__parameterized10_24 |          3 |          3 |       0 |    0 |     1 |      0 |      0 |    0 |          0 |
|       g[0].g_normal.alu_i                                                       |                      microop_unit__parameterized4__19 |          0 |          0 |       0 |    0 |    32 |      0 |      0 |    0 |          0 |
|       g[1].g_normal.alu_i                                                       |                          microop_unit__parameterized4 |          0 |          0 |       0 |    0 |    32 |      0 |      0 |    0 |          0 |
|   g_has_mem.glen_mem[15].blk_i                                                  |                     uop_block_wrap__parameterized10_0 |          7 |          7 |       0 |    0 |   115 |      0 |      0 |    0 |          0 |
|     (g_has_mem.glen_mem[15].blk_i)                                              |                     uop_block_wrap__parameterized10_0 |          4 |          4 |       0 |    0 |    50 |      0 |      0 |    0 |          0 |
|     core                                                                        |                         uop_block__parameterized10_23 |          3 |          3 |       0 |    0 |    65 |      0 |      0 |    0 |          0 |
|       (core)                                                                    |                         uop_block__parameterized10_23 |          3 |          3 |       0 |    0 |     1 |      0 |      0 |    0 |          0 |
|       g[0].g_normal.alu_i                                                       |                      microop_unit__parameterized4__21 |          0 |          0 |       0 |    0 |    32 |      0 |      0 |    0 |          0 |
|       g[1].g_normal.alu_i                                                       |                      microop_unit__parameterized4__20 |          0 |          0 |       0 |    0 |    32 |      0 |      0 |    0 |          0 |
|   g_has_mem.glen_mem[16].blk_i                                                  |                      uop_block_wrap__parameterized3_1 |          4 |          4 |       0 |    0 |   206 |      0 |      0 |    0 |          0 |
|     (g_has_mem.glen_mem[16].blk_i)                                              |                      uop_block_wrap__parameterized3_1 |          1 |          1 |       0 |    0 |    77 |      0 |      0 |    0 |          0 |
|     core                                                                        |                          uop_block__parameterized3_22 |          3 |          3 |       0 |    0 |   129 |      0 |      0 |    0 |          0 |
|       (core)                                                                    |                          uop_block__parameterized3_22 |          3 |          3 |       0 |    0 |     1 |      0 |      0 |    0 |          0 |
|       g[0].g_normal.alu_i                                                       |                      microop_unit__parameterized2__10 |          0 |          0 |       0 |    0 |    64 |      0 |      0 |    0 |          0 |
|       g[1].g_normal.alu_i                                                       |                      microop_unit__parameterized2__11 |          0 |          0 |       0 |    0 |    64 |      0 |      0 |    0 |          0 |
|   g_has_mem.glen_mem[17].blk_i                                                  |                       uop_block_wrap__parameterized11 |         39 |         39 |       0 |    0 |   148 |      0 |      0 |    0 |          0 |
|     (g_has_mem.glen_mem[17].blk_i)                                              |                       uop_block_wrap__parameterized11 |          1 |          1 |       0 |    0 |    50 |      0 |      0 |    0 |          0 |
|     core                                                                        |                            uop_block__parameterized11 |         38 |         38 |       0 |    0 |    98 |      0 |      0 |    0 |          0 |
|       (core)                                                                    |                            uop_block__parameterized11 |          6 |          6 |       0 |    0 |     2 |      0 |      0 |    0 |          0 |
|       g[0].g_normal.alu_i                                                       |                       microop_unit__parameterized4__1 |          0 |          0 |       0 |    0 |    32 |      0 |      0 |    0 |          0 |
|       g[1].g_normal.alu_i                                                       |                       microop_unit__parameterized3__1 |         32 |         32 |       0 |    0 |    32 |      0 |      0 |    0 |          0 |
|       g[2].g_normal.alu_i                                                       |                       microop_unit__parameterized4__2 |          0 |          0 |       0 |    0 |    32 |      0 |      0 |    0 |          0 |
|   g_has_mem.glen_mem[18].blk_i                                                  |                       uop_block_wrap__parameterized12 |        303 |        303 |       0 |    0 |   436 |      0 |      0 |    0 |          0 |
|     (g_has_mem.glen_mem[18].blk_i)                                              |                       uop_block_wrap__parameterized12 |          4 |          4 |       0 |    0 |    80 |      0 |      0 |    0 |          0 |
|     core                                                                        |                            uop_block__parameterized12 |        299 |        299 |       0 |    0 |   356 |      0 |      0 |    0 |          0 |
|       (core)                                                                    |                            uop_block__parameterized12 |         11 |         11 |       0 |    0 |     4 |      0 |      0 |    0 |          0 |
|       g[0].g_normal.alu_i                                                       |                      microop_unit__parameterized2__12 |          0 |          0 |       0 |    0 |    64 |      0 |      0 |    0 |          0 |
|       g[1].g_normal.alu_i                                                       |                      microop_unit__parameterized3__27 |         32 |         32 |       0 |    0 |    32 |      0 |      0 |    0 |          0 |
|       g[2].g_normal.alu_i                                                       |                      microop_unit__parameterized3__28 |         32 |         32 |       0 |    0 |    32 |      0 |      0 |    0 |          0 |
|       g[3].g_normal.alu_i                                                       |                      microop_unit__parameterized3__29 |         32 |         32 |       0 |    0 |    32 |      0 |      0 |    0 |          0 |
|       g[4].g_normal.alu_i                                                       |                      microop_unit__parameterized3__30 |         32 |         32 |       0 |    0 |    32 |      0 |      0 |    0 |          0 |
|       g[5].g_normal.alu_i                                                       |                      microop_unit__parameterized3__31 |         32 |         32 |       0 |    0 |    32 |      0 |      0 |    0 |          0 |
|       g[6].g_normal.alu_i                                                       |                      microop_unit__parameterized3__32 |         32 |         32 |       0 |    0 |    32 |      0 |      0 |    0 |          0 |
|       g[7].g_normal.alu_i                                                       |                      microop_unit__parameterized3__33 |         32 |         32 |       0 |    0 |    32 |      0 |      0 |    0 |          0 |
|       g[8].g_normal.alu_i                                                       |                      microop_unit__parameterized3__34 |         32 |         32 |       0 |    0 |    32 |      0 |      0 |    0 |          0 |
|       g[9].g_normal.alu_i                                                       |                      microop_unit__parameterized3__35 |         32 |         32 |       0 |    0 |    32 |      0 |      0 |    0 |          0 |
|   g_has_mem.glen_mem[19].blk_i                                                  |                       uop_block_wrap__parameterized13 |        334 |        334 |       0 |    0 |   463 |      0 |      0 |    0 |          0 |
|     (g_has_mem.glen_mem[19].blk_i)                                              |                       uop_block_wrap__parameterized13 |          3 |          3 |       0 |    0 |    75 |      0 |      0 |    0 |          0 |
|     core                                                                        |                            uop_block__parameterized13 |        331 |        331 |       0 |    0 |   388 |      0 |      0 |    0 |          0 |
|       (core)                                                                    |                            uop_block__parameterized13 |         11 |         11 |       0 |    0 |     4 |      0 |      0 |    0 |          0 |
|       g[0].g_normal.alu_i                                                       |                      microop_unit__parameterized2__13 |          0 |          0 |       0 |    0 |    64 |      0 |      0 |    0 |          0 |
|       g[10].g_normal.alu_i                                                      |                      microop_unit__parameterized3__45 |         32 |         32 |       0 |    0 |    32 |      0 |      0 |    0 |          0 |
|       g[1].g_normal.alu_i                                                       |                      microop_unit__parameterized3__36 |         32 |         32 |       0 |    0 |    32 |      0 |      0 |    0 |          0 |
|       g[2].g_normal.alu_i                                                       |                      microop_unit__parameterized3__37 |         32 |         32 |       0 |    0 |    32 |      0 |      0 |    0 |          0 |
|       g[3].g_normal.alu_i                                                       |                      microop_unit__parameterized3__38 |         32 |         32 |       0 |    0 |    32 |      0 |      0 |    0 |          0 |
|       g[4].g_normal.alu_i                                                       |                      microop_unit__parameterized3__39 |         32 |         32 |       0 |    0 |    32 |      0 |      0 |    0 |          0 |
|       g[5].g_normal.alu_i                                                       |                      microop_unit__parameterized3__40 |         32 |         32 |       0 |    0 |    32 |      0 |      0 |    0 |          0 |
|       g[6].g_normal.alu_i                                                       |                      microop_unit__parameterized3__41 |         32 |         32 |       0 |    0 |    32 |      0 |      0 |    0 |          0 |
|       g[7].g_normal.alu_i                                                       |                      microop_unit__parameterized3__42 |         32 |         32 |       0 |    0 |    32 |      0 |      0 |    0 |          0 |
|       g[8].g_normal.alu_i                                                       |                      microop_unit__parameterized3__43 |         32 |         32 |       0 |    0 |    32 |      0 |      0 |    0 |          0 |
|       g[9].g_normal.alu_i                                                       |                      microop_unit__parameterized3__44 |         32 |         32 |       0 |    0 |    32 |      0 |      0 |    0 |          0 |
|   g_has_mem.glen_mem[1].blk_i                                                   |                        uop_block_wrap__parameterized0 |         69 |         69 |       0 |    0 |   206 |      0 |      0 |    0 |          0 |
|     (g_has_mem.glen_mem[1].blk_i)                                               |                        uop_block_wrap__parameterized0 |          2 |          2 |       0 |    0 |    77 |      0 |      0 |    0 |          0 |
|     core                                                                        |                             uop_block__parameterized0 |         67 |         67 |       0 |    0 |   129 |      0 |      0 |    0 |          0 |
|       (core)                                                                    |                             uop_block__parameterized0 |          3 |          3 |       0 |    0 |     1 |      0 |      0 |    0 |          0 |
|       g[0].g_normal.alu_i                                                       |                          microop_unit__parameterized1 |         64 |         64 |       0 |    0 |    64 |      0 |      0 |    0 |          0 |
|       g[1].g_normal.alu_i                                                       |                       microop_unit__parameterized2__4 |          0 |          0 |       0 |    0 |    64 |      0 |      0 |    0 |          0 |
|   g_has_mem.glen_mem[20].blk_i                                                  |                       uop_block_wrap__parameterized14 |        220 |          1 |       0 |  219 |   679 |      0 |      0 |    0 |         16 |
|     (g_has_mem.glen_mem[20].blk_i)                                              |                       uop_block_wrap__parameterized14 |          1 |          1 |       0 |    0 |    70 |      0 |      0 |    0 |          0 |
|     core                                                                        |                            uop_block__parameterized14 |        219 |          0 |       0 |  219 |   609 |      0 |      0 |    0 |         16 |
|       (core)                                                                    |                            uop_block__parameterized14 |          0 |          0 |       0 |    0 |     0 |      0 |      0 |    0 |          0 |
|       g[0].g_normal.alu_i                                                       |                      microop_unit__parameterized2__20 |          0 |          0 |       0 |    0 |    64 |      0 |      0 |    0 |          0 |
|       g[1].g_normal.alu_i                                                       |                          microop_unit__parameterized0 |        219 |          0 |       0 |  219 |   545 |      0 |      0 |    0 |         16 |
|         (g[1].g_normal.alu_i)                                                   |                          microop_unit__parameterized0 |          0 |          0 |       0 |    0 |    64 |      0 |      0 |    0 |          0 |
|         g_imul.mul64_ip.mul_i                                                   |                                   integer_mul_HD11474 |        219 |          0 |       0 |  219 |   481 |      0 |      0 |    0 |         16 |
|           (g_imul.mul64_ip.mul_i)                                               |                                   integer_mul_HD11474 |          0 |          0 |       0 |    0 |     0 |      0 |      0 |    0 |          0 |
|           U0                                                                    |                  integer_mulmult_gen_v12_0_16_HD11475 |        219 |          0 |       0 |  219 |   481 |      0 |      0 |    0 |         16 |
|             (U0)                                                                |                  integer_mulmult_gen_v12_0_16_HD11475 |          0 |          0 |       0 |    0 |     0 |      0 |      0 |    0 |          0 |
|             i_mult                                                              |              integer_mulmult_gen_v12_0_16_viv_HD11476 |        219 |          0 |       0 |  219 |   481 |      0 |      0 |    0 |         16 |
|               (i_mult)                                                          |              integer_mulmult_gen_v12_0_16_viv_HD11476 |          0 |          0 |       0 |    0 |     0 |      0 |      0 |    0 |          0 |
|               gDSP.gDSP_only.iDSP                                               |                                integer_muldsp_HD11477 |        219 |          0 |       0 |  219 |   481 |      0 |      0 |    0 |         16 |
|                 (gDSP.gDSP_only.iDSP)                                           |                                integer_muldsp_HD11477 |          0 |          0 |       0 |    0 |     0 |      0 |      0 |    0 |         16 |
|                 use_prim.appDSP48[0].bppDSP48[0].need_output_delay.output_delay |        integer_muldelay_line__parameterized16_HD11478 |          9 |          0 |       0 |    9 |    17 |      0 |      0 |    0 |          0 |
|                 use_prim.appDSP48[0].bppDSP48[2].need_output_delay.output_delay |        integer_muldelay_line__parameterized18_HD11479 |          9 |          0 |       0 |    9 |    17 |      0 |      0 |    0 |          0 |
|                 use_prim.appDSP48[1].bppDSP48[0].need_output_delay.output_delay |        integer_muldelay_line__parameterized19_HD11480 |          9 |          0 |       0 |    9 |    17 |      0 |      0 |    0 |          0 |
|                 use_prim.appDSP48[1].bppDSP48[3].need_output_delay.output_delay |        integer_muldelay_line__parameterized20_HD11481 |          9 |          0 |       0 |    9 |    17 |      0 |      0 |    0 |          0 |
|                 use_prim.appDSP48[3].bppDSP48[0].need_output_delay.output_delay |        integer_muldelay_line__parameterized21_HD11482 |          9 |          0 |       0 |    9 |    17 |      0 |      0 |    0 |          0 |
|                 use_prim.appDSP48[3].bppDSP48[2].need_output_delay.output_delay |        integer_muldelay_line__parameterized22_HD11483 |          0 |          0 |       0 |    0 |    17 |      0 |      0 |    0 |          0 |
|                 use_prim.iAdelx[0].iAdely[2].use_delay_line.Adelay              |         integer_muldelay_line__parameterized0_HD11484 |          9 |          0 |       0 |    9 |    18 |      0 |      0 |    0 |          0 |
|                 use_prim.iAdelx[1].iAdely[1].use_delay_line.Adelay              |         integer_muldelay_line__parameterized1_HD11485 |          9 |          0 |       0 |    9 |    18 |      0 |      0 |    0 |          0 |
|                 use_prim.iAdelx[1].iAdely[2].use_delay_line.Adelay              |         integer_muldelay_line__parameterized2_HD11486 |          9 |          0 |       0 |    9 |    18 |      0 |      0 |    0 |          0 |
|                 use_prim.iAdelx[1].iAdely[3].use_delay_line.Adelay              |         integer_muldelay_line__parameterized3_HD11487 |          9 |          0 |       0 |    9 |    18 |      0 |      0 |    0 |          0 |
|                 use_prim.iAdelx[2].iAdely[0].use_delay_line.Adelay              |         integer_muldelay_line__parameterized4_HD11488 |          0 |          0 |       0 |    0 |    17 |      0 |      0 |    0 |          0 |
|                 use_prim.iAdelx[2].iAdely[1].use_delay_line.Adelay              |         integer_muldelay_line__parameterized5_HD11489 |          9 |          0 |       0 |    9 |    18 |      0 |      0 |    0 |          0 |
|                 use_prim.iAdelx[2].iAdely[2].use_delay_line.Adelay              |         integer_muldelay_line__parameterized6_HD11490 |          9 |          0 |       0 |    9 |    18 |      0 |      0 |    0 |          0 |
|                 use_prim.iAdelx[2].iAdely[3].use_delay_line.Adelay              |         integer_muldelay_line__parameterized7_HD11491 |          9 |          0 |       0 |    9 |    18 |      0 |      0 |    0 |          0 |
|                 use_prim.iAdelx[3].iAdely[0].use_delay_line.Adelay              |         integer_muldelay_line__parameterized8_HD11492 |          7 |          0 |       0 |    7 |    13 |      0 |      0 |    0 |          0 |
|                 use_prim.iAdelx[3].iAdely[2].use_delay_line.Adelay              |         integer_muldelay_line__parameterized9_HD11493 |          7 |          0 |       0 |    7 |    13 |      0 |      0 |    0 |          0 |
|                 use_prim.iBdelx[0].iBdely[2].need_delay_line.Bdelay             |       integer_muldelay_line__parameterized0_0_HD11494 |          9 |          0 |       0 |    9 |    18 |      0 |      0 |    0 |          0 |
|                 use_prim.iBdelx[0].iBdely[3].need_delay_line.Bdelay             |        integer_muldelay_line__parameterized10_HD11495 |          9 |          0 |       0 |    9 |    18 |      0 |      0 |    0 |          0 |
|                 use_prim.iBdelx[1].iBdely[0].need_delay_line.Bdelay             |       integer_muldelay_line__parameterized4_1_HD11496 |          0 |          0 |       0 |    0 |    17 |      0 |      0 |    0 |          0 |
|                 use_prim.iBdelx[1].iBdely[1].need_delay_line.Bdelay             |       integer_muldelay_line__parameterized1_2_HD11497 |          9 |          0 |       0 |    9 |    18 |      0 |      0 |    0 |          0 |
|                 use_prim.iBdelx[1].iBdely[2].need_delay_line.Bdelay             |       integer_muldelay_line__parameterized2_3_HD11498 |          9 |          0 |       0 |    9 |    18 |      0 |      0 |    0 |          0 |
|                 use_prim.iBdelx[1].iBdely[3].need_delay_line.Bdelay             |       integer_muldelay_line__parameterized3_4_HD11499 |          9 |          0 |       0 |    9 |    18 |      0 |      0 |    0 |          0 |
|                 use_prim.iBdelx[2].iBdely[1].need_delay_line.Bdelay             |       integer_muldelay_line__parameterized5_5_HD11500 |          9 |          0 |       0 |    9 |    18 |      0 |      0 |    0 |          0 |
|                 use_prim.iBdelx[2].iBdely[2].need_delay_line.Bdelay             |       integer_muldelay_line__parameterized6_6_HD11501 |          9 |          0 |       0 |    9 |    18 |      0 |      0 |    0 |          0 |
|                 use_prim.iBdelx[3].iBdely[0].need_delay_line.Bdelay             |        integer_muldelay_line__parameterized11_HD11502 |          9 |          0 |       0 |    9 |    18 |      0 |      0 |    0 |          0 |
|                 use_prim.iBdelx[3].iBdely[1].need_delay_line.Bdelay             |        integer_muldelay_line__parameterized12_HD11503 |          9 |          0 |       0 |    9 |    18 |      0 |      0 |    0 |          0 |
|                 use_prim.iBdelx[3].iBdely[2].need_delay_line.Bdelay             |        integer_muldelay_line__parameterized13_HD11504 |          9 |          0 |       0 |    9 |    18 |      0 |      0 |    0 |          0 |
|                 use_prim.iBdelx[3].iBdely[3].need_delay_line.Bdelay             |        integer_muldelay_line__parameterized14_HD11505 |          7 |          0 |       0 |    7 |    13 |      0 |      0 |    0 |          0 |
|   g_has_mem.glen_mem[21].blk_i                                                  |                       uop_block_wrap__parameterized15 |         70 |         70 |       0 |    0 |   333 |      0 |      0 |    0 |          0 |
|     (g_has_mem.glen_mem[21].blk_i)                                              |                       uop_block_wrap__parameterized15 |          0 |          0 |       0 |    0 |    75 |      0 |      0 |    0 |          0 |
|     core                                                                        |                            uop_block__parameterized15 |         70 |         70 |       0 |    0 |   258 |      0 |      0 |    0 |          0 |
|       (core)                                                                    |                            uop_block__parameterized15 |          6 |          6 |       0 |    0 |     2 |      0 |      0 |    0 |          0 |
|       g[0].g_normal.alu_i                                                       |                      microop_unit__parameterized2__14 |          0 |          0 |       0 |    0 |    64 |      0 |      0 |    0 |          0 |
|       g[1].g_normal.alu_i                                                       |                      microop_unit__parameterized2__15 |          0 |          0 |       0 |    0 |    64 |      0 |      0 |    0 |          0 |
|       g[2].g_normal.alu_i                                                       |              microop_unit__parameterized10__xdcDup__1 |         64 |         64 |       0 |    0 |   128 |      0 |      0 |    0 |          0 |
|         (g[2].g_normal.alu_i)                                                   |              microop_unit__parameterized10__xdcDup__1 |          0 |          0 |       0 |    0 |    64 |      0 |      0 |    0 |          0 |
|         g_iadd.use_ip.u_addsub                                                  |                                        integer_addsub |         64 |         64 |       0 |    0 |    64 |      0 |      0 |    0 |          0 |
|           (g_iadd.use_ip.u_addsub)                                              |                                        integer_addsub |          0 |          0 |       0 |    0 |     0 |      0 |      0 |    0 |          0 |
|           U0                                                                    |                       integer_addsubc_addsub_v12_0_14 |         64 |         64 |       0 |    0 |    64 |      0 |      0 |    0 |          0 |
|             (U0)                                                                |                       integer_addsubc_addsub_v12_0_14 |          0 |          0 |       0 |    0 |     0 |      0 |      0 |    0 |          0 |
|             xst_addsub                                                          |                   integer_addsubc_addsub_v12_0_14_viv |         64 |         64 |       0 |    0 |    64 |      0 |      0 |    0 |          0 |
|               (xst_addsub)                                                      |                   integer_addsubc_addsub_v12_0_14_viv |          0 |          0 |       0 |    0 |     0 |      0 |      0 |    0 |          0 |
|               i_baseblox.i_baseblox_addsub                                      |                integer_addsubc_addsub_v12_0_14_legacy |         64 |         64 |       0 |    0 |    64 |      0 |      0 |    0 |          0 |
|                 no_pipelining.the_addsub                                        |         integer_addsubc_addsub_v12_0_14_fabric_legacy |         64 |         64 |       0 |    0 |    64 |      0 |      0 |    0 |          0 |
|                   i_lut6.i_lut6_addsub                                          |           integer_addsubc_addsub_v12_0_14_lut6_legacy |         64 |         64 |       0 |    0 |    64 |      0 |      0 |    0 |          0 |
|                     (i_lut6.i_lut6_addsub)                                      |           integer_addsubc_addsub_v12_0_14_lut6_legacy |         64 |         64 |       0 |    0 |     0 |      0 |      0 |    0 |          0 |
|                     i_q.i_simple.qreg                                           |                    integer_addsubc_reg_fd_v12_0_6_viv |          0 |          0 |       0 |    0 |    64 |      0 |      0 |    0 |          0 |
|   g_has_mem.glen_mem[22].blk_i                                                  |                       uop_block_wrap__parameterized16 |        134 |        134 |       0 |    0 |   464 |      0 |      0 |    0 |          0 |
|     (g_has_mem.glen_mem[22].blk_i)                                              |                       uop_block_wrap__parameterized16 |          0 |          0 |       0 |    0 |    78 |      0 |      0 |    0 |          0 |
|     core                                                                        |                            uop_block__parameterized16 |        134 |        134 |       0 |    0 |   386 |      0 |      0 |    0 |          0 |
|       (core)                                                                    |                            uop_block__parameterized16 |          6 |          6 |       0 |    0 |     2 |      0 |      0 |    0 |          0 |
|       g[0].g_normal.alu_i                                                       |                      microop_unit__parameterized2__16 |          0 |          0 |       0 |    0 |    64 |      0 |      0 |    0 |          0 |
|       g[1].g_normal.alu_i                                                       |                      microop_unit__parameterized2__19 |          0 |          0 |       0 |    0 |    64 |      0 |      0 |    0 |          0 |
|       g[2].g_normal.alu_i                                                       |                         microop_unit__parameterized10 |         64 |         64 |       0 |    0 |   128 |      0 |      0 |    0 |          0 |
|         (g[2].g_normal.alu_i)                                                   |                         microop_unit__parameterized10 |          0 |          0 |       0 |    0 |    64 |      0 |      0 |    0 |          0 |
|         g_iadd.use_ip.u_addsub                                                  |                                integer_addsub_HD11508 |         64 |         64 |       0 |    0 |    64 |      0 |      0 |    0 |          0 |
|           (g_iadd.use_ip.u_addsub)                                              |                                integer_addsub_HD11508 |          0 |          0 |       0 |    0 |     0 |      0 |      0 |    0 |          0 |
|           U0                                                                    |               integer_addsubc_addsub_v12_0_14_HD11509 |         64 |         64 |       0 |    0 |    64 |      0 |      0 |    0 |          0 |
|             (U0)                                                                |               integer_addsubc_addsub_v12_0_14_HD11509 |          0 |          0 |       0 |    0 |     0 |      0 |      0 |    0 |          0 |
|             xst_addsub                                                          |           integer_addsubc_addsub_v12_0_14_viv_HD11510 |         64 |         64 |       0 |    0 |    64 |      0 |      0 |    0 |          0 |
|               (xst_addsub)                                                      |           integer_addsubc_addsub_v12_0_14_viv_HD11510 |          0 |          0 |       0 |    0 |     0 |      0 |      0 |    0 |          0 |
|               i_baseblox.i_baseblox_addsub                                      |        integer_addsubc_addsub_v12_0_14_legacy_HD11511 |         64 |         64 |       0 |    0 |    64 |      0 |      0 |    0 |          0 |
|                 no_pipelining.the_addsub                                        | integer_addsubc_addsub_v12_0_14_fabric_legacy_HD11512 |         64 |         64 |       0 |    0 |    64 |      0 |      0 |    0 |          0 |
|                   i_lut6.i_lut6_addsub                                          |   integer_addsubc_addsub_v12_0_14_lut6_legacy_HD11513 |         64 |         64 |       0 |    0 |    64 |      0 |      0 |    0 |          0 |
|                     (i_lut6.i_lut6_addsub)                                      |   integer_addsubc_addsub_v12_0_14_lut6_legacy_HD11513 |         64 |         64 |       0 |    0 |     0 |      0 |      0 |    0 |          0 |
|                     i_q.i_simple.qreg                                           |            integer_addsubc_reg_fd_v12_0_6_viv_HD11514 |          0 |          0 |       0 |    0 |    64 |      0 |      0 |    0 |          0 |
|       g[3].g_normal.alu_i                                                       |                         microop_unit__parameterized11 |         64 |         64 |       0 |    0 |   128 |      0 |      0 |    0 |          0 |
|         (g[3].g_normal.alu_i)                                                   |                         microop_unit__parameterized11 |          0 |          0 |       0 |    0 |    64 |      0 |      0 |    0 |          0 |
|         g_iadd.use_ip.u_addsub                                                  |                                integer_addsub_HD11515 |         64 |         64 |       0 |    0 |    64 |      0 |      0 |    0 |          0 |
|           (g_iadd.use_ip.u_addsub)                                              |                                integer_addsub_HD11515 |          0 |          0 |       0 |    0 |     0 |      0 |      0 |    0 |          0 |
|           U0                                                                    |               integer_addsubc_addsub_v12_0_14_HD11516 |         64 |         64 |       0 |    0 |    64 |      0 |      0 |    0 |          0 |
|             (U0)                                                                |               integer_addsubc_addsub_v12_0_14_HD11516 |          0 |          0 |       0 |    0 |     0 |      0 |      0 |    0 |          0 |
|             xst_addsub                                                          |           integer_addsubc_addsub_v12_0_14_viv_HD11517 |         64 |         64 |       0 |    0 |    64 |      0 |      0 |    0 |          0 |
|               (xst_addsub)                                                      |           integer_addsubc_addsub_v12_0_14_viv_HD11517 |          0 |          0 |       0 |    0 |     0 |      0 |      0 |    0 |          0 |
|               i_baseblox.i_baseblox_addsub                                      |        integer_addsubc_addsub_v12_0_14_legacy_HD11518 |         64 |         64 |       0 |    0 |    64 |      0 |      0 |    0 |          0 |
|                 no_pipelining.the_addsub                                        | integer_addsubc_addsub_v12_0_14_fabric_legacy_HD11519 |         64 |         64 |       0 |    0 |    64 |      0 |      0 |    0 |          0 |
|                   i_lut6.i_lut6_addsub                                          |   integer_addsubc_addsub_v12_0_14_lut6_legacy_HD11520 |         64 |         64 |       0 |    0 |    64 |      0 |      0 |    0 |          0 |
|                     (i_lut6.i_lut6_addsub)                                      |   integer_addsubc_addsub_v12_0_14_lut6_legacy_HD11520 |         64 |         64 |       0 |    0 |     0 |      0 |      0 |    0 |          0 |
|                     i_q.i_simple.qreg                                           |            integer_addsubc_reg_fd_v12_0_6_viv_HD11521 |          0 |          0 |       0 |    0 |    64 |      0 |      0 |    0 |          0 |
|   g_has_mem.glen_mem[23].blk_i                                                  |                     uop_block_wrap__parameterized10_2 |          4 |          4 |       0 |    0 |   115 |      0 |      0 |    0 |          0 |
|     (g_has_mem.glen_mem[23].blk_i)                                              |                     uop_block_wrap__parameterized10_2 |          1 |          1 |       0 |    0 |    50 |      0 |      0 |    0 |          0 |
|     core                                                                        |                         uop_block__parameterized10_21 |          3 |          3 |       0 |    0 |    65 |      0 |      0 |    0 |          0 |
|       (core)                                                                    |                         uop_block__parameterized10_21 |          3 |          3 |       0 |    0 |     1 |      0 |      0 |    0 |          0 |
|       g[0].g_normal.alu_i                                                       |                       microop_unit__parameterized4__7 |          0 |          0 |       0 |    0 |    32 |      0 |      0 |    0 |          0 |
|       g[1].g_normal.alu_i                                                       |                       microop_unit__parameterized4__8 |          0 |          0 |       0 |    0 |    32 |      0 |      0 |    0 |          0 |
|   g_has_mem.glen_mem[24].blk_i                                                  |                       uop_block_wrap__parameterized17 |        274 |        274 |       0 |    0 |   401 |      0 |      0 |    0 |          0 |
|     (g_has_mem.glen_mem[24].blk_i)                                              |                       uop_block_wrap__parameterized17 |          7 |          7 |       0 |    0 |    77 |      0 |      0 |    0 |          0 |
|     core                                                                        |                            uop_block__parameterized17 |        267 |        267 |       0 |    0 |   324 |      0 |      0 |    0 |          0 |
|       (core)                                                                    |                            uop_block__parameterized17 |         11 |         11 |       0 |    0 |     4 |      0 |      0 |    0 |          0 |
|       g[0].g_normal.alu_i                                                       |                      microop_unit__parameterized2__21 |          0 |          0 |       0 |    0 |    64 |      0 |      0 |    0 |          0 |
|       g[1].g_normal.alu_i                                                       |                      microop_unit__parameterized3__47 |         32 |         32 |       0 |    0 |    32 |      0 |      0 |    0 |          0 |
|       g[2].g_normal.alu_i                                                       |                      microop_unit__parameterized3__48 |         32 |         32 |       0 |    0 |    32 |      0 |      0 |    0 |          0 |
|       g[3].g_normal.alu_i                                                       |                      microop_unit__parameterized3__49 |         32 |         32 |       0 |    0 |    32 |      0 |      0 |    0 |          0 |
|       g[4].g_normal.alu_i                                                       |                      microop_unit__parameterized3__50 |         32 |         32 |       0 |    0 |    32 |      0 |      0 |    0 |          0 |
|       g[5].g_normal.alu_i                                                       |                      microop_unit__parameterized3__51 |         32 |         32 |       0 |    0 |    32 |      0 |      0 |    0 |          0 |
|       g[6].g_normal.alu_i                                                       |                      microop_unit__parameterized3__52 |         32 |         32 |       0 |    0 |    32 |      0 |      0 |    0 |          0 |
|       g[7].g_normal.alu_i                                                       |                      microop_unit__parameterized3__53 |         32 |         32 |       0 |    0 |    32 |      0 |      0 |    0 |          0 |
|       g[8].g_normal.alu_i                                                       |                      microop_unit__parameterized3__54 |         32 |         32 |       0 |    0 |    32 |      0 |      0 |    0 |          0 |
|   g_has_mem.glen_mem[25].blk_i                                                  |                       uop_block_wrap__parameterized18 |          3 |          3 |       0 |    0 |   203 |      0 |      0 |    0 |          0 |
|     (g_has_mem.glen_mem[25].blk_i)                                              |                       uop_block_wrap__parameterized18 |          0 |          0 |       0 |    0 |    74 |      0 |      0 |    0 |          0 |
|     core                                                                        |                            uop_block__parameterized18 |          3 |          3 |       0 |    0 |   129 |      0 |      0 |    0 |          0 |
|       (core)                                                                    |                            uop_block__parameterized18 |          3 |          3 |       0 |    0 |     1 |      0 |      0 |    0 |          0 |
|       g[0].g_normal.alu_i                                                       |                       microop_unit__parameterized2__1 |          0 |          0 |       0 |    0 |    64 |      0 |      0 |    0 |          0 |
|       g[1].g_normal.alu_i                                                       |                       microop_unit__parameterized2__2 |          0 |          0 |       0 |    0 |    64 |      0 |      0 |    0 |          0 |
|   g_has_mem.glen_mem[26].blk_i                                                  |                     uop_block_wrap__parameterized10_3 |          4 |          4 |       0 |    0 |   115 |      0 |      0 |    0 |          0 |
|     (g_has_mem.glen_mem[26].blk_i)                                              |                     uop_block_wrap__parameterized10_3 |          1 |          1 |       0 |    0 |    50 |      0 |      0 |    0 |          0 |
|     core                                                                        |                         uop_block__parameterized10_20 |          3 |          3 |       0 |    0 |    65 |      0 |      0 |    0 |          0 |
|       (core)                                                                    |                         uop_block__parameterized10_20 |          3 |          3 |       0 |    0 |     1 |      0 |      0 |    0 |          0 |
|       g[0].g_normal.alu_i                                                       |                       microop_unit__parameterized4__3 |          0 |          0 |       0 |    0 |    32 |      0 |      0 |    0 |          0 |
|       g[1].g_normal.alu_i                                                       |                       microop_unit__parameterized4__4 |          0 |          0 |       0 |    0 |    32 |      0 |      0 |    0 |          0 |
|   g_has_mem.glen_mem[27].blk_i                                                  |                      uop_block_wrap__parameterized3_4 |          4 |          4 |       0 |    0 |   207 |      0 |      0 |    0 |          0 |
|     (g_has_mem.glen_mem[27].blk_i)                                              |                      uop_block_wrap__parameterized3_4 |          1 |          1 |       0 |    0 |    78 |      0 |      0 |    0 |          0 |
|     core                                                                        |                          uop_block__parameterized3_19 |          3 |          3 |       0 |    0 |   129 |      0 |      0 |    0 |          0 |
|       (core)                                                                    |                          uop_block__parameterized3_19 |          3 |          3 |       0 |    0 |     1 |      0 |      0 |    0 |          0 |
|       g[0].g_normal.alu_i                                                       |                      microop_unit__parameterized2__18 |          0 |          0 |       0 |    0 |    64 |      0 |      0 |    0 |          0 |
|       g[1].g_normal.alu_i                                                       |                      microop_unit__parameterized2__17 |          0 |          0 |       0 |    0 |    64 |      0 |      0 |    0 |          0 |
|   g_has_mem.glen_mem[28].blk_i                                                  |                       uop_block_wrap__parameterized19 |        367 |        367 |       0 |    0 |   495 |      0 |      0 |    0 |          0 |
|     (g_has_mem.glen_mem[28].blk_i)                                              |                       uop_block_wrap__parameterized19 |          4 |          4 |       0 |    0 |    75 |      0 |      0 |    0 |          0 |
|     core                                                                        |                            uop_block__parameterized19 |        363 |        363 |       0 |    0 |   420 |      0 |      0 |    0 |          0 |
|       (core)                                                                    |                            uop_block__parameterized19 |         11 |         11 |       0 |    0 |     4 |      0 |      0 |    0 |          0 |
|       g[0].g_normal.alu_i                                                       |                      microop_unit__parameterized2__22 |          0 |          0 |       0 |    0 |    64 |      0 |      0 |    0 |          0 |
|       g[10].g_normal.alu_i                                                      |                      microop_unit__parameterized3__64 |         32 |         32 |       0 |    0 |    32 |      0 |      0 |    0 |          0 |
|       g[11].g_normal.alu_i                                                      |                      microop_unit__parameterized3__65 |         32 |         32 |       0 |    0 |    32 |      0 |      0 |    0 |          0 |
|       g[1].g_normal.alu_i                                                       |                      microop_unit__parameterized3__55 |         32 |         32 |       0 |    0 |    32 |      0 |      0 |    0 |          0 |
|       g[2].g_normal.alu_i                                                       |                      microop_unit__parameterized3__56 |         32 |         32 |       0 |    0 |    32 |      0 |      0 |    0 |          0 |
|       g[3].g_normal.alu_i                                                       |                      microop_unit__parameterized3__57 |         32 |         32 |       0 |    0 |    32 |      0 |      0 |    0 |          0 |
|       g[4].g_normal.alu_i                                                       |                      microop_unit__parameterized3__58 |         32 |         32 |       0 |    0 |    32 |      0 |      0 |    0 |          0 |
|       g[5].g_normal.alu_i                                                       |                      microop_unit__parameterized3__59 |         32 |         32 |       0 |    0 |    32 |      0 |      0 |    0 |          0 |
|       g[6].g_normal.alu_i                                                       |                      microop_unit__parameterized3__60 |         32 |         32 |       0 |    0 |    32 |      0 |      0 |    0 |          0 |
|       g[7].g_normal.alu_i                                                       |                      microop_unit__parameterized3__61 |         32 |         32 |       0 |    0 |    32 |      0 |      0 |    0 |          0 |
|       g[8].g_normal.alu_i                                                       |                      microop_unit__parameterized3__62 |         32 |         32 |       0 |    0 |    32 |      0 |      0 |    0 |          0 |
|       g[9].g_normal.alu_i                                                       |                      microop_unit__parameterized3__63 |         32 |         32 |       0 |    0 |    32 |      0 |      0 |    0 |          0 |
|   g_has_mem.glen_mem[29].blk_i                                                  |                     uop_block_wrap__parameterized10_5 |          7 |          7 |       0 |    0 |   115 |      0 |      0 |    0 |          0 |
|     (g_has_mem.glen_mem[29].blk_i)                                              |                     uop_block_wrap__parameterized10_5 |          4 |          4 |       0 |    0 |    50 |      0 |      0 |    0 |          0 |
|     core                                                                        |                         uop_block__parameterized10_18 |          3 |          3 |       0 |    0 |    65 |      0 |      0 |    0 |          0 |
|       (core)                                                                    |                         uop_block__parameterized10_18 |          3 |          3 |       0 |    0 |     1 |      0 |      0 |    0 |          0 |
|       g[0].g_normal.alu_i                                                       |                       microop_unit__parameterized4__9 |          0 |          0 |       0 |    0 |    32 |      0 |      0 |    0 |          0 |
|       g[1].g_normal.alu_i                                                       |                      microop_unit__parameterized4__12 |          0 |          0 |       0 |    0 |    32 |      0 |      0 |    0 |          0 |
|   g_has_mem.glen_mem[2].blk_i                                                   |                        uop_block_wrap__parameterized1 |        432 |        432 |       0 |    0 |   564 |      0 |      0 |    0 |          0 |
|     (g_has_mem.glen_mem[2].blk_i)                                               |                        uop_block_wrap__parameterized1 |          5 |          5 |       0 |    0 |    80 |      0 |      0 |    0 |          0 |
|     core                                                                        |                             uop_block__parameterized1 |        427 |        427 |       0 |    0 |   484 |      0 |      0 |    0 |          0 |
|       (core)                                                                    |                             uop_block__parameterized1 |         11 |         11 |       0 |    0 |     4 |      0 |      0 |    0 |          0 |
|       g[0].g_normal.alu_i                                                       |                       microop_unit__parameterized2__3 |          0 |          0 |       0 |    0 |    64 |      0 |      0 |    0 |          0 |
|       g[10].g_normal.alu_i                                                      |                      microop_unit__parameterized3__11 |         32 |         32 |       0 |    0 |    32 |      0 |      0 |    0 |          0 |
|       g[11].g_normal.alu_i                                                      |                      microop_unit__parameterized3__12 |         32 |         32 |       0 |    0 |    32 |      0 |      0 |    0 |          0 |
|       g[12].g_normal.alu_i                                                      |                      microop_unit__parameterized3__13 |         32 |         32 |       0 |    0 |    32 |      0 |      0 |    0 |          0 |
|       g[13].g_normal.alu_i                                                      |                      microop_unit__parameterized3__14 |         32 |         32 |       0 |    0 |    32 |      0 |      0 |    0 |          0 |
|       g[1].g_normal.alu_i                                                       |                       microop_unit__parameterized3__2 |         32 |         32 |       0 |    0 |    32 |      0 |      0 |    0 |          0 |
|       g[2].g_normal.alu_i                                                       |                       microop_unit__parameterized3__3 |         32 |         32 |       0 |    0 |    32 |      0 |      0 |    0 |          0 |
|       g[3].g_normal.alu_i                                                       |                       microop_unit__parameterized3__4 |         32 |         32 |       0 |    0 |    32 |      0 |      0 |    0 |          0 |
|       g[4].g_normal.alu_i                                                       |                       microop_unit__parameterized3__5 |         32 |         32 |       0 |    0 |    32 |      0 |      0 |    0 |          0 |
|       g[5].g_normal.alu_i                                                       |                       microop_unit__parameterized3__6 |         32 |         32 |       0 |    0 |    32 |      0 |      0 |    0 |          0 |
|       g[6].g_normal.alu_i                                                       |                       microop_unit__parameterized3__7 |         32 |         32 |       0 |    0 |    32 |      0 |      0 |    0 |          0 |
|       g[7].g_normal.alu_i                                                       |                       microop_unit__parameterized3__8 |         32 |         32 |       0 |    0 |    32 |      0 |      0 |    0 |          0 |
|       g[8].g_normal.alu_i                                                       |                       microop_unit__parameterized3__9 |         32 |         32 |       0 |    0 |    32 |      0 |      0 |    0 |          0 |
|       g[9].g_normal.alu_i                                                       |                      microop_unit__parameterized3__10 |         32 |         32 |       0 |    0 |    32 |      0 |      0 |    0 |          0 |
|   g_has_mem.glen_mem[30].blk_i                                                  |                     uop_block_wrap__parameterized10_6 |          4 |          4 |       0 |    0 |   115 |      0 |      0 |    0 |          0 |
|     (g_has_mem.glen_mem[30].blk_i)                                              |                     uop_block_wrap__parameterized10_6 |          1 |          1 |       0 |    0 |    50 |      0 |      0 |    0 |          0 |
|     core                                                                        |                         uop_block__parameterized10_17 |          3 |          3 |       0 |    0 |    65 |      0 |      0 |    0 |          0 |
|       (core)                                                                    |                         uop_block__parameterized10_17 |          3 |          3 |       0 |    0 |     1 |      0 |      0 |    0 |          0 |
|       g[0].g_normal.alu_i                                                       |                      microop_unit__parameterized4__11 |          0 |          0 |       0 |    0 |    32 |      0 |      0 |    0 |          0 |
|       g[1].g_normal.alu_i                                                       |                      microop_unit__parameterized4__10 |          0 |          0 |       0 |    0 |    32 |      0 |      0 |    0 |          0 |
|   g_has_mem.glen_mem[31].blk_i                                                  |                      uop_block_wrap__parameterized3_7 |          4 |          4 |       0 |    0 |   206 |      0 |      0 |    0 |          0 |
|     (g_has_mem.glen_mem[31].blk_i)                                              |                      uop_block_wrap__parameterized3_7 |          1 |          1 |       0 |    0 |    77 |      0 |      0 |    0 |          0 |
|     core                                                                        |                          uop_block__parameterized3_16 |          3 |          3 |       0 |    0 |   129 |      0 |      0 |    0 |          0 |
|       (core)                                                                    |                          uop_block__parameterized3_16 |          3 |          3 |       0 |    0 |     1 |      0 |      0 |    0 |          0 |
|       g[0].g_normal.alu_i                                                       |                       microop_unit__parameterized2__8 |          0 |          0 |       0 |    0 |    64 |      0 |      0 |    0 |          0 |
|       g[1].g_normal.alu_i                                                       |                       microop_unit__parameterized2__7 |          0 |          0 |       0 |    0 |    64 |      0 |      0 |    0 |          0 |
|   g_has_mem.glen_mem[32].blk_i                                                  |                     uop_block_wrap__parameterized10_8 |          3 |          3 |       0 |    0 |   115 |      0 |      0 |    0 |          0 |
|     (g_has_mem.glen_mem[32].blk_i)                                              |                     uop_block_wrap__parameterized10_8 |          0 |          0 |       0 |    0 |    50 |      0 |      0 |    0 |          0 |
|     core                                                                        |                            uop_block__parameterized10 |          3 |          3 |       0 |    0 |    65 |      0 |      0 |    0 |          0 |
|       (core)                                                                    |                            uop_block__parameterized10 |          3 |          3 |       0 |    0 |     1 |      0 |      0 |    0 |          0 |
|       g[0].g_normal.alu_i                                                       |                       microop_unit__parameterized4__5 |          0 |          0 |       0 |    0 |    32 |      0 |      0 |    0 |          0 |
|       g[1].g_normal.alu_i                                                       |                       microop_unit__parameterized4__6 |          0 |          0 |       0 |    0 |    32 |      0 |      0 |    0 |          0 |
|   g_has_mem.glen_mem[33].blk_i                                                  |                      uop_block_wrap__parameterized3_9 |          6 |          6 |       0 |    0 |   204 |      0 |      0 |    0 |          0 |
|     (g_has_mem.glen_mem[33].blk_i)                                              |                      uop_block_wrap__parameterized3_9 |          3 |          3 |       0 |    0 |    75 |      0 |      0 |    0 |          0 |
|     core                                                                        |                          uop_block__parameterized3_15 |          3 |          3 |       0 |    0 |   129 |      0 |      0 |    0 |          0 |
|       (core)                                                                    |                          uop_block__parameterized3_15 |          3 |          3 |       0 |    0 |     1 |      0 |      0 |    0 |          0 |
|       g[0].g_normal.alu_i                                                       |                       microop_unit__parameterized2__6 |          0 |          0 |       0 |    0 |    64 |      0 |      0 |    0 |          0 |
|       g[1].g_normal.alu_i                                                       |                       microop_unit__parameterized2__9 |          0 |          0 |       0 |    0 |    64 |      0 |      0 |    0 |          0 |
|   g_has_mem.glen_mem[34].blk_i                                                  |                       uop_block_wrap__parameterized20 |        402 |        402 |       0 |    0 |   533 |      0 |      0 |    0 |          0 |
|     (g_has_mem.glen_mem[34].blk_i)                                              |                       uop_block_wrap__parameterized20 |          6 |          6 |       0 |    0 |    81 |      0 |      0 |    0 |          0 |
|     core                                                                        |                            uop_block__parameterized20 |        396 |        396 |       0 |    0 |   452 |      0 |      0 |    0 |          0 |
|       (core)                                                                    |                            uop_block__parameterized20 |         12 |         12 |       0 |    0 |     4 |      0 |      0 |    0 |          0 |
|       g[0].g_normal.alu_i                                                       |                       microop_unit__parameterized2__5 |          0 |          0 |       0 |    0 |    64 |      0 |      0 |    0 |          0 |
|       g[10].g_normal.alu_i                                                      |                      microop_unit__parameterized3__24 |         32 |         32 |       0 |    0 |    32 |      0 |      0 |    0 |          0 |
|       g[11].g_normal.alu_i                                                      |                      microop_unit__parameterized3__25 |         32 |         32 |       0 |    0 |    32 |      0 |      0 |    0 |          0 |
|       g[12].g_normal.alu_i                                                      |                      microop_unit__parameterized3__26 |         32 |         32 |       0 |    0 |    32 |      0 |      0 |    0 |          0 |
|       g[1].g_normal.alu_i                                                       |                      microop_unit__parameterized3__15 |         32 |         32 |       0 |    0 |    32 |      0 |      0 |    0 |          0 |
|       g[2].g_normal.alu_i                                                       |                      microop_unit__parameterized3__16 |         32 |         32 |       0 |    0 |    32 |      0 |      0 |    0 |          0 |
|       g[3].g_normal.alu_i                                                       |                      microop_unit__parameterized3__17 |         32 |         32 |       0 |    0 |    32 |      0 |      0 |    0 |          0 |
|       g[4].g_normal.alu_i                                                       |                      microop_unit__parameterized3__18 |         32 |         32 |       0 |    0 |    32 |      0 |      0 |    0 |          0 |
|       g[5].g_normal.alu_i                                                       |                      microop_unit__parameterized3__19 |         32 |         32 |       0 |    0 |    32 |      0 |      0 |    0 |          0 |
|       g[6].g_normal.alu_i                                                       |                      microop_unit__parameterized3__20 |         32 |         32 |       0 |    0 |    32 |      0 |      0 |    0 |          0 |
|       g[7].g_normal.alu_i                                                       |                      microop_unit__parameterized3__21 |         32 |         32 |       0 |    0 |    32 |      0 |      0 |    0 |          0 |
|       g[8].g_normal.alu_i                                                       |                      microop_unit__parameterized3__22 |         32 |         32 |       0 |    0 |    32 |      0 |      0 |    0 |          0 |
|       g[9].g_normal.alu_i                                                       |                      microop_unit__parameterized3__23 |         32 |         32 |       0 |    0 |    32 |      0 |      0 |    0 |          0 |
|   g_has_mem.glen_mem[3].blk_i                                                   |                        uop_block_wrap__parameterized2 |         45 |         45 |       0 |    0 |   211 |      0 |      0 |    0 |          0 |
|     (g_has_mem.glen_mem[3].blk_i)                                               |                        uop_block_wrap__parameterized2 |          4 |          4 |       0 |    0 |    48 |      0 |      0 |    0 |          0 |
|     core                                                                        |                             uop_block__parameterized2 |         41 |         41 |       0 |    0 |   163 |      0 |      0 |    0 |          0 |
|       (core)                                                                    |                             uop_block__parameterized2 |          9 |          9 |       0 |    0 |     3 |      0 |      0 |    0 |          0 |
|       g[0].g_normal.alu_i                                                       |                      microop_unit__parameterized4__13 |          0 |          0 |       0 |    0 |    32 |      0 |      0 |    0 |          0 |
|       g[1].g_normal.alu_i                                                       |                      microop_unit__parameterized4__14 |          0 |          0 |       0 |    0 |    32 |      0 |      0 |    0 |          0 |
|       g[2].g_normal.alu_i                                                       |                      microop_unit__parameterized3__66 |         32 |         32 |       0 |    0 |    32 |      0 |      0 |    0 |          0 |
|       g[3].g_normal.alu_i                                                       |                      microop_unit__parameterized4__15 |          0 |          0 |       0 |    0 |    32 |      0 |      0 |    0 |          0 |
|       g[4].g_normal.alu_i                                                       |                      microop_unit__parameterized4__16 |          0 |          0 |       0 |    0 |    32 |      0 |      0 |    0 |          0 |
|   g_has_mem.glen_mem[4].blk_i                                                   |                     uop_block_wrap__parameterized3_10 |          5 |          5 |       0 |    0 |   204 |      0 |      0 |    0 |          0 |
|     (g_has_mem.glen_mem[4].blk_i)                                               |                     uop_block_wrap__parameterized3_10 |          2 |          2 |       0 |    0 |    75 |      0 |      0 |    0 |          0 |
|     core                                                                        |                             uop_block__parameterized3 |          3 |          3 |       0 |    0 |   129 |      0 |      0 |    0 |          0 |
|       (core)                                                                    |                             uop_block__parameterized3 |          3 |          3 |       0 |    0 |     1 |      0 |      0 |    0 |          0 |
|       g[0].g_normal.alu_i                                                       |                      microop_unit__parameterized2__23 |          0 |          0 |       0 |    0 |    64 |      0 |      0 |    0 |          0 |
|       g[1].g_normal.alu_i                                                       |                      microop_unit__parameterized2__24 |          0 |          0 |       0 |    0 |    64 |      0 |      0 |    0 |          0 |
|   g_has_mem.glen_mem[5].blk_i                                                   |                        uop_block_wrap__parameterized4 |        461 |        461 |       0 |    0 |   592 |      0 |      0 |    0 |          0 |
|     (g_has_mem.glen_mem[5].blk_i)                                               |                        uop_block_wrap__parameterized4 |          2 |          2 |       0 |    0 |    76 |      0 |      0 |    0 |          0 |
|     core                                                                        |                             uop_block__parameterized4 |        459 |        459 |       0 |    0 |   516 |      0 |      0 |    0 |          0 |
|       (core)                                                                    |                             uop_block__parameterized4 |         11 |         11 |       0 |    0 |     4 |      0 |      0 |    0 |          0 |
|       g[0].g_normal.alu_i                                                       |                      microop_unit__parameterized2__25 |          0 |          0 |       0 |    0 |    64 |      0 |      0 |    0 |          0 |
|       g[10].g_normal.alu_i                                                      |                      microop_unit__parameterized3__76 |         32 |         32 |       0 |    0 |    32 |      0 |      0 |    0 |          0 |
|       g[11].g_normal.alu_i                                                      |                      microop_unit__parameterized3__77 |         32 |         32 |       0 |    0 |    32 |      0 |      0 |    0 |          0 |
|       g[12].g_normal.alu_i                                                      |                      microop_unit__parameterized3__78 |         32 |         32 |       0 |    0 |    32 |      0 |      0 |    0 |          0 |
|       g[13].g_normal.alu_i                                                      |                      microop_unit__parameterized3__79 |         32 |         32 |       0 |    0 |    32 |      0 |      0 |    0 |          0 |
|       g[14].g_normal.alu_i                                                      |                      microop_unit__parameterized3__80 |         32 |         32 |       0 |    0 |    32 |      0 |      0 |    0 |          0 |
|       g[1].g_normal.alu_i                                                       |                      microop_unit__parameterized3__67 |         32 |         32 |       0 |    0 |    32 |      0 |      0 |    0 |          0 |
|       g[2].g_normal.alu_i                                                       |                      microop_unit__parameterized3__68 |         32 |         32 |       0 |    0 |    32 |      0 |      0 |    0 |          0 |
|       g[3].g_normal.alu_i                                                       |                      microop_unit__parameterized3__69 |         32 |         32 |       0 |    0 |    32 |      0 |      0 |    0 |          0 |
|       g[4].g_normal.alu_i                                                       |                      microop_unit__parameterized3__70 |         32 |         32 |       0 |    0 |    32 |      0 |      0 |    0 |          0 |
|       g[5].g_normal.alu_i                                                       |                      microop_unit__parameterized3__71 |         32 |         32 |       0 |    0 |    32 |      0 |      0 |    0 |          0 |
|       g[6].g_normal.alu_i                                                       |                      microop_unit__parameterized3__72 |         32 |         32 |       0 |    0 |    32 |      0 |      0 |    0 |          0 |
|       g[7].g_normal.alu_i                                                       |                      microop_unit__parameterized3__73 |         32 |         32 |       0 |    0 |    32 |      0 |      0 |    0 |          0 |
|       g[8].g_normal.alu_i                                                       |                      microop_unit__parameterized3__74 |         32 |         32 |       0 |    0 |    32 |      0 |      0 |    0 |          0 |
|       g[9].g_normal.alu_i                                                       |                      microop_unit__parameterized3__75 |         32 |         32 |       0 |    0 |    32 |      0 |      0 |    0 |          0 |
|   g_has_mem.glen_mem[6].blk_i                                                   |                        uop_block_wrap__parameterized5 |         37 |         37 |       0 |    0 |    80 |      0 |      0 |    0 |          0 |
|     (g_has_mem.glen_mem[6].blk_i)                                               |                        uop_block_wrap__parameterized5 |          2 |          2 |       0 |    0 |    46 |      0 |      0 |    0 |          0 |
|     core                                                                        |                          uop_block__parameterized5_14 |         35 |         35 |       0 |    0 |    34 |      0 |      0 |    0 |          0 |
|       (core)                                                                    |                          uop_block__parameterized5_14 |          3 |          3 |       0 |    0 |     1 |      0 |      0 |    0 |          0 |
|       g[0].g_normal.alu_i                                                       |                       microop_unit__parameterized5__1 |         32 |         32 |       0 |    0 |    32 |      0 |      0 |    0 |          0 |
|       g[1].g_normal.alu_i                                                       |                       microop_unit__parameterized6__1 |          0 |          0 |       0 |    0 |     1 |      0 |      0 |    0 |          0 |
|   g_has_mem.glen_mem[7].blk_i                                                   |                        uop_block_wrap__parameterized6 |         69 |         69 |       0 |    0 |   101 |      0 |      0 |    0 |          0 |
|     (g_has_mem.glen_mem[7].blk_i)                                               |                        uop_block_wrap__parameterized6 |          5 |          5 |       0 |    0 |    37 |      0 |      0 |    0 |          0 |
|     core                                                                        |                          uop_block__parameterized6_13 |         64 |         64 |       0 |    0 |    64 |      0 |      0 |    0 |          0 |
|       (core)                                                                    |                          uop_block__parameterized6_13 |          0 |          0 |       0 |    0 |     0 |      0 |      0 |    0 |          0 |
|       g[0].g_normal.alu_i                                                       |                       microop_unit__parameterized7__1 |         32 |         32 |       0 |    0 |    32 |      0 |      0 |    0 |          0 |
|       g[1].g_normal.alu_i                                                       |                      microop_unit__parameterized3__46 |         32 |         32 |       0 |    0 |    32 |      0 |      0 |    0 |          0 |
|   g_has_mem.glen_mem[8].blk_i                                                   |                     uop_block_wrap__parameterized5_11 |         36 |         36 |       0 |    0 |    82 |      0 |      0 |    0 |          0 |
|     (g_has_mem.glen_mem[8].blk_i)                                               |                     uop_block_wrap__parameterized5_11 |          1 |          1 |       0 |    0 |    48 |      0 |      0 |    0 |          0 |
|     core                                                                        |                             uop_block__parameterized5 |         35 |         35 |       0 |    0 |    34 |      0 |      0 |    0 |          0 |
|       (core)                                                                    |                             uop_block__parameterized5 |          3 |          3 |       0 |    0 |     1 |      0 |      0 |    0 |          0 |
|       g[0].g_normal.alu_i                                                       |                       microop_unit__parameterized5__2 |         32 |         32 |       0 |    0 |    32 |      0 |      0 |    0 |          0 |
|       g[1].g_normal.alu_i                                                       |                          microop_unit__parameterized6 |          0 |          0 |       0 |    0 |     1 |      0 |      0 |    0 |          0 |
|   g_has_mem.glen_mem[9].blk_i                                                   |                     uop_block_wrap__parameterized6_12 |         64 |         64 |       0 |    0 |   101 |      0 |      0 |    0 |          0 |
|     (g_has_mem.glen_mem[9].blk_i)                                               |                     uop_block_wrap__parameterized6_12 |          0 |          0 |       0 |    0 |    37 |      0 |      0 |    0 |          0 |
|     core                                                                        |                             uop_block__parameterized6 |         64 |         64 |       0 |    0 |    64 |      0 |      0 |    0 |          0 |
|       (core)                                                                    |                             uop_block__parameterized6 |          0 |          0 |       0 |    0 |     0 |      0 |      0 |    0 |          0 |
|       g[0].g_normal.alu_i                                                       |                          microop_unit__parameterized7 |         32 |         32 |       0 |    0 |    32 |      0 |      0 |    0 |          0 |
|       g[1].g_normal.alu_i                                                       |                          microop_unit__parameterized3 |         32 |         32 |       0 |    0 |    32 |      0 |      0 |    0 |          0 |
|   g_has_mem.u_pool                                                              |                                              spm_pool |       2040 |       2040 |       0 |    0 |  1642 |      8 |      0 |    0 |          0 |
|     (g_has_mem.u_pool)                                                          |                                              spm_pool |       1848 |       1848 |       0 |    0 |  1578 |      0 |      0 |    0 |          0 |
|     g_banks.gb[0].u_bank64                                                      |                                           spm_bank__1 |          5 |          5 |       0 |    0 |     2 |      1 |      0 |    0 |          0 |
|       (g_banks.gb[0].u_bank64)                                                  |                                           spm_bank__1 |          1 |          1 |       0 |    0 |     2 |      0 |      0 |    0 |          0 |
|       u_mem                                                                     |                                  xpm_memory_sdpram_32 |          4 |          4 |       0 |    0 |     0 |      1 |      0 |    0 |          0 |
|         (u_mem)                                                                 |                                  xpm_memory_sdpram_32 |          4 |          4 |       0 |    0 |     0 |      0 |      0 |    0 |          0 |
|         xpm_memory_base_inst                                                    |                                    xpm_memory_base__1 |          0 |          0 |       0 |    0 |     0 |      1 |      0 |    0 |          0 |
|     g_banks.gb[1].u_bank64                                                      |                                           spm_bank__2 |          5 |          5 |       0 |    0 |     2 |      1 |      0 |    0 |          0 |
|       (g_banks.gb[1].u_bank64)                                                  |                                           spm_bank__2 |          1 |          1 |       0 |    0 |     2 |      0 |      0 |    0 |          0 |
|       u_mem                                                                     |                                  xpm_memory_sdpram_31 |          4 |          4 |       0 |    0 |     0 |      1 |      0 |    0 |          0 |
|         (u_mem)                                                                 |                                  xpm_memory_sdpram_31 |          4 |          4 |       0 |    0 |     0 |      0 |      0 |    0 |          0 |
|         xpm_memory_base_inst                                                    |                                    xpm_memory_base__2 |          0 |          0 |       0 |    0 |     0 |      1 |      0 |    0 |          0 |
|     g_banks.gb[2].u_bank64                                                      |                                           spm_bank__3 |          5 |          5 |       0 |    0 |     2 |      1 |      0 |    0 |          0 |
|       (g_banks.gb[2].u_bank64)                                                  |                                           spm_bank__3 |          1 |          1 |       0 |    0 |     2 |      0 |      0 |    0 |          0 |
|       u_mem                                                                     |                                  xpm_memory_sdpram_30 |          4 |          4 |       0 |    0 |     0 |      1 |      0 |    0 |          0 |
|         (u_mem)                                                                 |                                  xpm_memory_sdpram_30 |          4 |          4 |       0 |    0 |     0 |      0 |      0 |    0 |          0 |
|         xpm_memory_base_inst                                                    |                                    xpm_memory_base__3 |          0 |          0 |       0 |    0 |     0 |      1 |      0 |    0 |          0 |
|     g_banks.gb[3].u_bank64                                                      |                                           spm_bank__4 |          5 |          5 |       0 |    0 |     2 |      1 |      0 |    0 |          0 |
|       (g_banks.gb[3].u_bank64)                                                  |                                           spm_bank__4 |          1 |          1 |       0 |    0 |     2 |      0 |      0 |    0 |          0 |
|       u_mem                                                                     |                                  xpm_memory_sdpram_29 |          4 |          4 |       0 |    0 |     0 |      1 |      0 |    0 |          0 |
|         (u_mem)                                                                 |                                  xpm_memory_sdpram_29 |          4 |          4 |       0 |    0 |     0 |      0 |      0 |    0 |          0 |
|         xpm_memory_base_inst                                                    |                                    xpm_memory_base__4 |          0 |          0 |       0 |    0 |     0 |      1 |      0 |    0 |          0 |
|     g_banks.gb[4].u_bank64                                                      |                                           spm_bank__5 |          5 |          5 |       0 |    0 |     2 |      1 |      0 |    0 |          0 |
|       (g_banks.gb[4].u_bank64)                                                  |                                           spm_bank__5 |          1 |          1 |       0 |    0 |     2 |      0 |      0 |    0 |          0 |
|       u_mem                                                                     |                                  xpm_memory_sdpram_28 |          4 |          4 |       0 |    0 |     0 |      1 |      0 |    0 |          0 |
|         (u_mem)                                                                 |                                  xpm_memory_sdpram_28 |          4 |          4 |       0 |    0 |     0 |      0 |      0 |    0 |          0 |
|         xpm_memory_base_inst                                                    |                                    xpm_memory_base__5 |          0 |          0 |       0 |    0 |     0 |      1 |      0 |    0 |          0 |
|     g_banks.gb[5].u_bank64                                                      |                                           spm_bank__6 |          5 |          5 |       0 |    0 |     2 |      1 |      0 |    0 |          0 |
|       (g_banks.gb[5].u_bank64)                                                  |                                           spm_bank__6 |          1 |          1 |       0 |    0 |     2 |      0 |      0 |    0 |          0 |
|       u_mem                                                                     |                                  xpm_memory_sdpram_27 |          4 |          4 |       0 |    0 |     0 |      1 |      0 |    0 |          0 |
|         (u_mem)                                                                 |                                  xpm_memory_sdpram_27 |          4 |          4 |       0 |    0 |     0 |      0 |      0 |    0 |          0 |
|         xpm_memory_base_inst                                                    |                                    xpm_memory_base__6 |          0 |          0 |       0 |    0 |     0 |      1 |      0 |    0 |          0 |
|     g_banks.gb[6].u_bank64                                                      |                                           spm_bank__7 |          5 |          5 |       0 |    0 |     2 |      1 |      0 |    0 |          0 |
|       (g_banks.gb[6].u_bank64)                                                  |                                           spm_bank__7 |          1 |          1 |       0 |    0 |     2 |      0 |      0 |    0 |          0 |
|       u_mem                                                                     |                                  xpm_memory_sdpram_26 |          4 |          4 |       0 |    0 |     0 |      1 |      0 |    0 |          0 |
|         (u_mem)                                                                 |                                  xpm_memory_sdpram_26 |          4 |          4 |       0 |    0 |     0 |      0 |      0 |    0 |          0 |
|         xpm_memory_base_inst                                                    |                                    xpm_memory_base__7 |          0 |          0 |       0 |    0 |     0 |      1 |      0 |    0 |          0 |
|     g_banks.gb[7].u_bank64                                                      |                                              spm_bank |          5 |          5 |       0 |    0 |     2 |      1 |      0 |    0 |          0 |
|       (g_banks.gb[7].u_bank64)                                                  |                                              spm_bank |          1 |          1 |       0 |    0 |     2 |      0 |      0 |    0 |          0 |
|       u_mem                                                                     |                                     xpm_memory_sdpram |          4 |          4 |       0 |    0 |     0 |      1 |      0 |    0 |          0 |
|         (u_mem)                                                                 |                                     xpm_memory_sdpram |          4 |          4 |       0 |    0 |     0 |      0 |      0 |    0 |          0 |
|         xpm_memory_base_inst                                                    |                                       xpm_memory_base |          0 |          0 |       0 |    0 |     0 |      1 |      0 |    0 |          0 |
|     u_rrA                                                                       |                                         rr_arbiter__1 |         76 |         76 |       0 |    0 |    24 |      0 |      0 |    0 |          0 |
|     u_rrB                                                                       |                                            rr_arbiter |         76 |         76 |       0 |    0 |    24 |      0 |      0 |    0 |          0 |
+---------------------------------------------------------------------------------+-------------------------------------------------------+------------+------------+---------+------+-------+--------+--------+------+------------+


