Copyright 1986-2020 Xilinx, Inc. All Rights Reserved.
----------------------------------------------------------------------------------------------------------------------------------------------------------------
| Tool Version : Vivado v.2020.1 (lin64) Build 2902540 Wed May 27 19:54:35 MDT 2020
| Date         : Mon Oct 27 19:25:52 2025
| Host         : orthanc running 64-bit Ubuntu 22.04.4 LTS
| Command      : report_utilization -hierarchical -file /home/jyoo/custom_v_2/custom-core-tool/reports/synth_1p0pct/benches/603_bwaves_s/pre_impl_util_hier.rpt
| Design       : top_multi_len
| Device       : xcu200fsgd2104-2
| Design State : Synthesized
----------------------------------------------------------------------------------------------------------------------------------------------------------------

Utilization Design Information

Table of Contents
-----------------
1. Utilization by Hierarchy

1. Utilization by Hierarchy
---------------------------

+---------------------------------------------------------------------------------+------------------------------------------------------+------------+------------+---------+------+-------+--------+--------+------+------------+
|                                     Instance                                    |                        Module                        | Total LUTs | Logic LUTs | LUTRAMs | SRLs |  FFs  | RAMB36 | RAMB18 | URAM | DSP Blocks |
+---------------------------------------------------------------------------------+------------------------------------------------------+------------+------------+---------+------+-------+--------+--------+------+------------+
| top_multi_len                                                                   |                                                (top) |       6311 |       5873 |       0 |  438 | 14754 |      8 |      0 |    0 |         32 |
|   (top_multi_len)                                                               |                                                (top) |        637 |        637 |       0 |    0 |  1503 |      0 |      0 |    0 |          0 |
|   g_has_mem.glen_mem[0].blk_i                                                   |                                       uop_block_wrap |        330 |        330 |       0 |    0 |   783 |      0 |      0 |    0 |          0 |
|     (g_has_mem.glen_mem[0].blk_i)                                               |                                       uop_block_wrap |          2 |          2 |       0 |    0 |    76 |      0 |      0 |    0 |          0 |
|     core                                                                        |                                            uop_block |        328 |        328 |       0 |    0 |   707 |      0 |      0 |    0 |          0 |
|       (core)                                                                    |                                            uop_block |          8 |          8 |       0 |    0 |     3 |      0 |      0 |    0 |          0 |
|       g[0].g_normal.alu_i                                                       |                                     microop_unit__10 |          0 |          0 |       0 |    0 |    64 |      0 |      0 |    0 |          0 |
|       g[1].g_normal.alu_i                                                       |              microop_unit__parameterized0__xdcDup__1 |         64 |         64 |       0 |    0 |   128 |      0 |      0 |    0 |          0 |
|         (g[1].g_normal.alu_i)                                                   |              microop_unit__parameterized0__xdcDup__1 |          0 |          0 |       0 |    0 |    64 |      0 |      0 |    0 |          0 |
|         g_iadd.use_ip.u_addsub                                                  |                                       integer_addsub |         64 |         64 |       0 |    0 |    64 |      0 |      0 |    0 |          0 |
|           (g_iadd.use_ip.u_addsub)                                              |                                       integer_addsub |          0 |          0 |       0 |    0 |     0 |      0 |      0 |    0 |          0 |
|           U0                                                                    |                      integer_addsubc_addsub_v12_0_14 |         64 |         64 |       0 |    0 |    64 |      0 |      0 |    0 |          0 |
|             (U0)                                                                |                      integer_addsubc_addsub_v12_0_14 |          0 |          0 |       0 |    0 |     0 |      0 |      0 |    0 |          0 |
|             xst_addsub                                                          |                  integer_addsubc_addsub_v12_0_14_viv |         64 |         64 |       0 |    0 |    64 |      0 |      0 |    0 |          0 |
|               (xst_addsub)                                                      |                  integer_addsubc_addsub_v12_0_14_viv |          0 |          0 |       0 |    0 |     0 |      0 |      0 |    0 |          0 |
|               i_baseblox.i_baseblox_addsub                                      |               integer_addsubc_addsub_v12_0_14_legacy |         64 |         64 |       0 |    0 |    64 |      0 |      0 |    0 |          0 |
|                 no_pipelining.the_addsub                                        |        integer_addsubc_addsub_v12_0_14_fabric_legacy |         64 |         64 |       0 |    0 |    64 |      0 |      0 |    0 |          0 |
|                   i_lut6.i_lut6_addsub                                          |          integer_addsubc_addsub_v12_0_14_lut6_legacy |         64 |         64 |       0 |    0 |    64 |      0 |      0 |    0 |          0 |
|                     (i_lut6.i_lut6_addsub)                                      |          integer_addsubc_addsub_v12_0_14_lut6_legacy |         64 |         64 |       0 |    0 |     0 |      0 |      0 |    0 |          0 |
|                     i_q.i_simple.qreg                                           |                   integer_addsubc_reg_fd_v12_0_6_viv |          0 |          0 |       0 |    0 |    64 |      0 |      0 |    0 |          0 |
|       g[2].g_normal.alu_i                                                       |              microop_unit__parameterized0__xdcDup__2 |         64 |         64 |       0 |    0 |   128 |      0 |      0 |    0 |          0 |
|         (g[2].g_normal.alu_i)                                                   |              microop_unit__parameterized0__xdcDup__2 |          0 |          0 |       0 |    0 |    64 |      0 |      0 |    0 |          0 |
|         g_iadd.use_ip.u_addsub                                                  |                                integer_addsub_HD7813 |         64 |         64 |       0 |    0 |    64 |      0 |      0 |    0 |          0 |
|           (g_iadd.use_ip.u_addsub)                                              |                                integer_addsub_HD7813 |          0 |          0 |       0 |    0 |     0 |      0 |      0 |    0 |          0 |
|           U0                                                                    |               integer_addsubc_addsub_v12_0_14_HD7814 |         64 |         64 |       0 |    0 |    64 |      0 |      0 |    0 |          0 |
|             (U0)                                                                |               integer_addsubc_addsub_v12_0_14_HD7814 |          0 |          0 |       0 |    0 |     0 |      0 |      0 |    0 |          0 |
|             xst_addsub                                                          |           integer_addsubc_addsub_v12_0_14_viv_HD7815 |         64 |         64 |       0 |    0 |    64 |      0 |      0 |    0 |          0 |
|               (xst_addsub)                                                      |           integer_addsubc_addsub_v12_0_14_viv_HD7815 |          0 |          0 |       0 |    0 |     0 |      0 |      0 |    0 |          0 |
|               i_baseblox.i_baseblox_addsub                                      |        integer_addsubc_addsub_v12_0_14_legacy_HD7816 |         64 |         64 |       0 |    0 |    64 |      0 |      0 |    0 |          0 |
|                 no_pipelining.the_addsub                                        | integer_addsubc_addsub_v12_0_14_fabric_legacy_HD7817 |         64 |         64 |       0 |    0 |    64 |      0 |      0 |    0 |          0 |
|                   i_lut6.i_lut6_addsub                                          |   integer_addsubc_addsub_v12_0_14_lut6_legacy_HD7818 |         64 |         64 |       0 |    0 |    64 |      0 |      0 |    0 |          0 |
|                     (i_lut6.i_lut6_addsub)                                      |   integer_addsubc_addsub_v12_0_14_lut6_legacy_HD7818 |         64 |         64 |       0 |    0 |     0 |      0 |      0 |    0 |          0 |
|                     i_q.i_simple.qreg                                           |            integer_addsubc_reg_fd_v12_0_6_viv_HD7819 |          0 |          0 |       0 |    0 |    64 |      0 |      0 |    0 |          0 |
|       g[3].g_normal.alu_i                                                       |              microop_unit__parameterized0__xdcDup__3 |         64 |         64 |       0 |    0 |   128 |      0 |      0 |    0 |          0 |
|         (g[3].g_normal.alu_i)                                                   |              microop_unit__parameterized0__xdcDup__3 |          0 |          0 |       0 |    0 |    64 |      0 |      0 |    0 |          0 |
|         g_iadd.use_ip.u_addsub                                                  |                                integer_addsub_HD7820 |         64 |         64 |       0 |    0 |    64 |      0 |      0 |    0 |          0 |
|           (g_iadd.use_ip.u_addsub)                                              |                                integer_addsub_HD7820 |          0 |          0 |       0 |    0 |     0 |      0 |      0 |    0 |          0 |
|           U0                                                                    |               integer_addsubc_addsub_v12_0_14_HD7821 |         64 |         64 |       0 |    0 |    64 |      0 |      0 |    0 |          0 |
|             (U0)                                                                |               integer_addsubc_addsub_v12_0_14_HD7821 |          0 |          0 |       0 |    0 |     0 |      0 |      0 |    0 |          0 |
|             xst_addsub                                                          |           integer_addsubc_addsub_v12_0_14_viv_HD7822 |         64 |         64 |       0 |    0 |    64 |      0 |      0 |    0 |          0 |
|               (xst_addsub)                                                      |           integer_addsubc_addsub_v12_0_14_viv_HD7822 |          0 |          0 |       0 |    0 |     0 |      0 |      0 |    0 |          0 |
|               i_baseblox.i_baseblox_addsub                                      |        integer_addsubc_addsub_v12_0_14_legacy_HD7823 |         64 |         64 |       0 |    0 |    64 |      0 |      0 |    0 |          0 |
|                 no_pipelining.the_addsub                                        | integer_addsubc_addsub_v12_0_14_fabric_legacy_HD7824 |         64 |         64 |       0 |    0 |    64 |      0 |      0 |    0 |          0 |
|                   i_lut6.i_lut6_addsub                                          |   integer_addsubc_addsub_v12_0_14_lut6_legacy_HD7825 |         64 |         64 |       0 |    0 |    64 |      0 |      0 |    0 |          0 |
|                     (i_lut6.i_lut6_addsub)                                      |   integer_addsubc_addsub_v12_0_14_lut6_legacy_HD7825 |         64 |         64 |       0 |    0 |     0 |      0 |      0 |    0 |          0 |
|                     i_q.i_simple.qreg                                           |            integer_addsubc_reg_fd_v12_0_6_viv_HD7826 |          0 |          0 |       0 |    0 |    64 |      0 |      0 |    0 |          0 |
|       g[4].g_normal.alu_i                                                       |              microop_unit__parameterized0__xdcDup__4 |         64 |         64 |       0 |    0 |   128 |      0 |      0 |    0 |          0 |
|         (g[4].g_normal.alu_i)                                                   |              microop_unit__parameterized0__xdcDup__4 |          0 |          0 |       0 |    0 |    64 |      0 |      0 |    0 |          0 |
|         g_iadd.use_ip.u_addsub                                                  |                                integer_addsub_HD7827 |         64 |         64 |       0 |    0 |    64 |      0 |      0 |    0 |          0 |
|           (g_iadd.use_ip.u_addsub)                                              |                                integer_addsub_HD7827 |          0 |          0 |       0 |    0 |     0 |      0 |      0 |    0 |          0 |
|           U0                                                                    |               integer_addsubc_addsub_v12_0_14_HD7828 |         64 |         64 |       0 |    0 |    64 |      0 |      0 |    0 |          0 |
|             (U0)                                                                |               integer_addsubc_addsub_v12_0_14_HD7828 |          0 |          0 |       0 |    0 |     0 |      0 |      0 |    0 |          0 |
|             xst_addsub                                                          |           integer_addsubc_addsub_v12_0_14_viv_HD7829 |         64 |         64 |       0 |    0 |    64 |      0 |      0 |    0 |          0 |
|               (xst_addsub)                                                      |           integer_addsubc_addsub_v12_0_14_viv_HD7829 |          0 |          0 |       0 |    0 |     0 |      0 |      0 |    0 |          0 |
|               i_baseblox.i_baseblox_addsub                                      |        integer_addsubc_addsub_v12_0_14_legacy_HD7830 |         64 |         64 |       0 |    0 |    64 |      0 |      0 |    0 |          0 |
|                 no_pipelining.the_addsub                                        | integer_addsubc_addsub_v12_0_14_fabric_legacy_HD7831 |         64 |         64 |       0 |    0 |    64 |      0 |      0 |    0 |          0 |
|                   i_lut6.i_lut6_addsub                                          |   integer_addsubc_addsub_v12_0_14_lut6_legacy_HD7832 |         64 |         64 |       0 |    0 |    64 |      0 |      0 |    0 |          0 |
|                     (i_lut6.i_lut6_addsub)                                      |   integer_addsubc_addsub_v12_0_14_lut6_legacy_HD7832 |         64 |         64 |       0 |    0 |     0 |      0 |      0 |    0 |          0 |
|                     i_q.i_simple.qreg                                           |            integer_addsubc_reg_fd_v12_0_6_viv_HD7833 |          0 |          0 |       0 |    0 |    64 |      0 |      0 |    0 |          0 |
|       g[5].g_normal.alu_i                                                       |              microop_unit__parameterized0__xdcDup__5 |         64 |         64 |       0 |    0 |   128 |      0 |      0 |    0 |          0 |
|         (g[5].g_normal.alu_i)                                                   |              microop_unit__parameterized0__xdcDup__5 |          0 |          0 |       0 |    0 |    64 |      0 |      0 |    0 |          0 |
|         g_iadd.use_ip.u_addsub                                                  |                                integer_addsub_HD7834 |         64 |         64 |       0 |    0 |    64 |      0 |      0 |    0 |          0 |
|           (g_iadd.use_ip.u_addsub)                                              |                                integer_addsub_HD7834 |          0 |          0 |       0 |    0 |     0 |      0 |      0 |    0 |          0 |
|           U0                                                                    |               integer_addsubc_addsub_v12_0_14_HD7835 |         64 |         64 |       0 |    0 |    64 |      0 |      0 |    0 |          0 |
|             (U0)                                                                |               integer_addsubc_addsub_v12_0_14_HD7835 |          0 |          0 |       0 |    0 |     0 |      0 |      0 |    0 |          0 |
|             xst_addsub                                                          |           integer_addsubc_addsub_v12_0_14_viv_HD7836 |         64 |         64 |       0 |    0 |    64 |      0 |      0 |    0 |          0 |
|               (xst_addsub)                                                      |           integer_addsubc_addsub_v12_0_14_viv_HD7836 |          0 |          0 |       0 |    0 |     0 |      0 |      0 |    0 |          0 |
|               i_baseblox.i_baseblox_addsub                                      |        integer_addsubc_addsub_v12_0_14_legacy_HD7837 |         64 |         64 |       0 |    0 |    64 |      0 |      0 |    0 |          0 |
|                 no_pipelining.the_addsub                                        | integer_addsubc_addsub_v12_0_14_fabric_legacy_HD7838 |         64 |         64 |       0 |    0 |    64 |      0 |      0 |    0 |          0 |
|                   i_lut6.i_lut6_addsub                                          |   integer_addsubc_addsub_v12_0_14_lut6_legacy_HD7839 |         64 |         64 |       0 |    0 |    64 |      0 |      0 |    0 |          0 |
|                     (i_lut6.i_lut6_addsub)                                      |   integer_addsubc_addsub_v12_0_14_lut6_legacy_HD7839 |         64 |         64 |       0 |    0 |     0 |      0 |      0 |    0 |          0 |
|                     i_q.i_simple.qreg                                           |            integer_addsubc_reg_fd_v12_0_6_viv_HD7840 |          0 |          0 |       0 |    0 |    64 |      0 |      0 |    0 |          0 |
|   g_has_mem.glen_mem[10].blk_i                                                  |                       uop_block_wrap__parameterized8 |         32 |         32 |       0 |    0 |   102 |      0 |      0 |    0 |          0 |
|     (g_has_mem.glen_mem[10].blk_i)                                              |                       uop_block_wrap__parameterized8 |          0 |          0 |       0 |    0 |    38 |      0 |      0 |    0 |          0 |
|     core                                                                        |                            uop_block__parameterized8 |         32 |         32 |       0 |    0 |    64 |      0 |      0 |    0 |          0 |
|       (core)                                                                    |                            uop_block__parameterized8 |          0 |          0 |       0 |    0 |     0 |      0 |      0 |    0 |          0 |
|       g[0].g_normal.alu_i                                                       |                      microop_unit__parameterized4__3 |         32 |         32 |       0 |    0 |    32 |      0 |      0 |    0 |          0 |
|       g[1].g_normal.alu_i                                                       |                         microop_unit__parameterized8 |          0 |          0 |       0 |    0 |    32 |      0 |      0 |    0 |          0 |
|   g_has_mem.glen_mem[11].blk_i                                                  |                       uop_block_wrap__parameterized9 |          8 |          8 |       0 |    0 |   115 |      0 |      0 |    0 |          0 |
|     (g_has_mem.glen_mem[11].blk_i)                                              |                       uop_block_wrap__parameterized9 |          5 |          5 |       0 |    0 |    50 |      0 |      0 |    0 |          0 |
|     core                                                                        |                            uop_block__parameterized9 |          3 |          3 |       0 |    0 |    65 |      0 |      0 |    0 |          0 |
|       (core)                                                                    |                            uop_block__parameterized9 |          3 |          3 |       0 |    0 |     1 |      0 |      0 |    0 |          0 |
|       g[0].g_normal.alu_i                                                       |                      microop_unit__parameterized1__5 |          0 |          0 |       0 |    0 |    32 |      0 |      0 |    0 |          0 |
|       g[1].g_normal.alu_i                                                       |                      microop_unit__parameterized5__1 |          0 |          0 |       0 |    0 |    32 |      0 |      0 |    0 |          0 |
|   g_has_mem.glen_mem[12].blk_i                                                  |                      uop_block_wrap__parameterized10 |         68 |         68 |       0 |    0 |   150 |      0 |      0 |    0 |          0 |
|     (g_has_mem.glen_mem[12].blk_i)                                              |                      uop_block_wrap__parameterized10 |          2 |          2 |       0 |    0 |    77 |      0 |      0 |    0 |          0 |
|     core                                                                        |                           uop_block__parameterized10 |         66 |         66 |       0 |    0 |    73 |      0 |      0 |    0 |          0 |
|       (core)                                                                    |                           uop_block__parameterized10 |          2 |          2 |       0 |    0 |     1 |      0 |      0 |    0 |          0 |
|       g[0].g_normal.alu_i                                                       |                      microop_unit__parameterized7__4 |         64 |         64 |       0 |    0 |    64 |      0 |      0 |    0 |          0 |
|       g[1].g_normal.alu_i                                                       |                         microop_unit__parameterized9 |          0 |          0 |       0 |    0 |     8 |      0 |      0 |    0 |          0 |
|   g_has_mem.glen_mem[13].blk_i                                                  |                      uop_block_wrap__parameterized11 |          0 |          0 |       0 |    0 |    77 |      0 |      0 |    0 |          0 |
|     (g_has_mem.glen_mem[13].blk_i)                                              |                      uop_block_wrap__parameterized11 |          0 |          0 |       0 |    0 |    37 |      0 |      0 |    0 |          0 |
|     core                                                                        |                           uop_block__parameterized11 |          0 |          0 |       0 |    0 |    40 |      0 |      0 |    0 |          0 |
|       (core)                                                                    |                           uop_block__parameterized11 |          0 |          0 |       0 |    0 |     0 |      0 |      0 |    0 |          0 |
|       g[0].g_normal.alu_i                                                       |                        microop_unit__parameterized10 |          0 |          0 |       0 |    0 |     8 |      0 |      0 |    0 |          0 |
|       g[1].g_normal.alu_i                                                       |                     microop_unit__parameterized1__10 |          0 |          0 |       0 |    0 |    32 |      0 |      0 |    0 |          0 |
|   g_has_mem.glen_mem[14].blk_i                                                  |                      uop_block_wrap__parameterized12 |         40 |         40 |       0 |    0 |   148 |      0 |      0 |    0 |          0 |
|     (g_has_mem.glen_mem[14].blk_i)                                              |                      uop_block_wrap__parameterized12 |          1 |          1 |       0 |    0 |    50 |      0 |      0 |    0 |          0 |
|     core                                                                        |                           uop_block__parameterized12 |         39 |         39 |       0 |    0 |    98 |      0 |      0 |    0 |          0 |
|       (core)                                                                    |                           uop_block__parameterized12 |          7 |          7 |       0 |    0 |     2 |      0 |      0 |    0 |          0 |
|       g[0].g_normal.alu_i                                                       |                      microop_unit__parameterized1__3 |          0 |          0 |       0 |    0 |    32 |      0 |      0 |    0 |          0 |
|       g[1].g_normal.alu_i                                                       |                      microop_unit__parameterized3__1 |         32 |         32 |       0 |    0 |    32 |      0 |      0 |    0 |          0 |
|       g[2].g_normal.alu_i                                                       |                      microop_unit__parameterized1__4 |          0 |          0 |       0 |    0 |    32 |      0 |      0 |    0 |          0 |
|   g_has_mem.glen_mem[15].blk_i                                                  |            uop_block_wrap__parameterized6__xdcDup__2 |        132 |        132 |       0 |    0 |   269 |      0 |      0 |    0 |          0 |
|     (g_has_mem.glen_mem[15].blk_i)                                              |            uop_block_wrap__parameterized6__xdcDup__2 |          2 |          2 |       0 |    0 |    76 |      0 |      0 |    0 |          0 |
|     core                                                                        |                 uop_block__parameterized6__xdcDup__2 |        130 |        130 |       0 |    0 |   193 |      0 |      0 |    0 |          0 |
|       (core)                                                                    |                 uop_block__parameterized6__xdcDup__2 |          2 |          2 |       0 |    0 |     1 |      0 |      0 |    0 |          0 |
|       g[0].g_normal.alu_i                                                       |                      microop_unit__parameterized7__3 |         64 |         64 |       0 |    0 |    64 |      0 |      0 |    0 |          0 |
|       g[1].g_normal.alu_i                                                       |             microop_unit__parameterized0__xdcDup__12 |         64 |         64 |       0 |    0 |   128 |      0 |      0 |    0 |          0 |
|         (g[1].g_normal.alu_i)                                                   |             microop_unit__parameterized0__xdcDup__12 |          0 |          0 |       0 |    0 |    64 |      0 |      0 |    0 |          0 |
|         g_iadd.use_ip.u_addsub                                                  |                                integer_addsub_HD7841 |         64 |         64 |       0 |    0 |    64 |      0 |      0 |    0 |          0 |
|           (g_iadd.use_ip.u_addsub)                                              |                                integer_addsub_HD7841 |          0 |          0 |       0 |    0 |     0 |      0 |      0 |    0 |          0 |
|           U0                                                                    |               integer_addsubc_addsub_v12_0_14_HD7842 |         64 |         64 |       0 |    0 |    64 |      0 |      0 |    0 |          0 |
|             (U0)                                                                |               integer_addsubc_addsub_v12_0_14_HD7842 |          0 |          0 |       0 |    0 |     0 |      0 |      0 |    0 |          0 |
|             xst_addsub                                                          |           integer_addsubc_addsub_v12_0_14_viv_HD7843 |         64 |         64 |       0 |    0 |    64 |      0 |      0 |    0 |          0 |
|               (xst_addsub)                                                      |           integer_addsubc_addsub_v12_0_14_viv_HD7843 |          0 |          0 |       0 |    0 |     0 |      0 |      0 |    0 |          0 |
|               i_baseblox.i_baseblox_addsub                                      |        integer_addsubc_addsub_v12_0_14_legacy_HD7844 |         64 |         64 |       0 |    0 |    64 |      0 |      0 |    0 |          0 |
|                 no_pipelining.the_addsub                                        | integer_addsubc_addsub_v12_0_14_fabric_legacy_HD7845 |         64 |         64 |       0 |    0 |    64 |      0 |      0 |    0 |          0 |
|                   i_lut6.i_lut6_addsub                                          |   integer_addsubc_addsub_v12_0_14_lut6_legacy_HD7846 |         64 |         64 |       0 |    0 |    64 |      0 |      0 |    0 |          0 |
|                     (i_lut6.i_lut6_addsub)                                      |   integer_addsubc_addsub_v12_0_14_lut6_legacy_HD7846 |         64 |         64 |       0 |    0 |     0 |      0 |      0 |    0 |          0 |
|                     i_q.i_simple.qreg                                           |            integer_addsubc_reg_fd_v12_0_6_viv_HD7847 |          0 |          0 |       0 |    0 |    64 |      0 |      0 |    0 |          0 |
|   g_has_mem.glen_mem[16].blk_i                                                  |                       uop_block_wrap__parameterized6 |        134 |        134 |       0 |    0 |   269 |      0 |      0 |    0 |          0 |
|     (g_has_mem.glen_mem[16].blk_i)                                              |                       uop_block_wrap__parameterized6 |          4 |          4 |       0 |    0 |    76 |      0 |      0 |    0 |          0 |
|     core                                                                        |                            uop_block__parameterized6 |        130 |        130 |       0 |    0 |   193 |      0 |      0 |    0 |          0 |
|       (core)                                                                    |                            uop_block__parameterized6 |          2 |          2 |       0 |    0 |     1 |      0 |      0 |    0 |          0 |
|       g[0].g_normal.alu_i                                                       |                      microop_unit__parameterized7__6 |         64 |         64 |       0 |    0 |    64 |      0 |      0 |    0 |          0 |
|       g[1].g_normal.alu_i                                                       |             microop_unit__parameterized0__xdcDup__13 |         64 |         64 |       0 |    0 |   128 |      0 |      0 |    0 |          0 |
|         (g[1].g_normal.alu_i)                                                   |             microop_unit__parameterized0__xdcDup__13 |          0 |          0 |       0 |    0 |    64 |      0 |      0 |    0 |          0 |
|         g_iadd.use_ip.u_addsub                                                  |                                integer_addsub_HD7848 |         64 |         64 |       0 |    0 |    64 |      0 |      0 |    0 |          0 |
|           (g_iadd.use_ip.u_addsub)                                              |                                integer_addsub_HD7848 |          0 |          0 |       0 |    0 |     0 |      0 |      0 |    0 |          0 |
|           U0                                                                    |               integer_addsubc_addsub_v12_0_14_HD7849 |         64 |         64 |       0 |    0 |    64 |      0 |      0 |    0 |          0 |
|             (U0)                                                                |               integer_addsubc_addsub_v12_0_14_HD7849 |          0 |          0 |       0 |    0 |     0 |      0 |      0 |    0 |          0 |
|             xst_addsub                                                          |           integer_addsubc_addsub_v12_0_14_viv_HD7850 |         64 |         64 |       0 |    0 |    64 |      0 |      0 |    0 |          0 |
|               (xst_addsub)                                                      |           integer_addsubc_addsub_v12_0_14_viv_HD7850 |          0 |          0 |       0 |    0 |     0 |      0 |      0 |    0 |          0 |
|               i_baseblox.i_baseblox_addsub                                      |        integer_addsubc_addsub_v12_0_14_legacy_HD7851 |         64 |         64 |       0 |    0 |    64 |      0 |      0 |    0 |          0 |
|                 no_pipelining.the_addsub                                        | integer_addsubc_addsub_v12_0_14_fabric_legacy_HD7852 |         64 |         64 |       0 |    0 |    64 |      0 |      0 |    0 |          0 |
|                   i_lut6.i_lut6_addsub                                          |   integer_addsubc_addsub_v12_0_14_lut6_legacy_HD7853 |         64 |         64 |       0 |    0 |    64 |      0 |      0 |    0 |          0 |
|                     (i_lut6.i_lut6_addsub)                                      |   integer_addsubc_addsub_v12_0_14_lut6_legacy_HD7853 |         64 |         64 |       0 |    0 |     0 |      0 |      0 |    0 |          0 |
|                     i_q.i_simple.qreg                                           |            integer_addsubc_reg_fd_v12_0_6_viv_HD7854 |          0 |          0 |       0 |    0 |    64 |      0 |      0 |    0 |          0 |
|   g_has_mem.glen_mem[17].blk_i                                                  |                      uop_block_wrap__parameterized13 |         32 |         32 |       0 |    0 |   102 |      0 |      0 |    0 |          0 |
|     (g_has_mem.glen_mem[17].blk_i)                                              |                      uop_block_wrap__parameterized13 |          0 |          0 |       0 |    0 |    38 |      0 |      0 |    0 |          0 |
|     core                                                                        |                        uop_block__parameterized13_11 |         32 |         32 |       0 |    0 |    64 |      0 |      0 |    0 |          0 |
|       (core)                                                                    |                        uop_block__parameterized13_11 |          0 |          0 |       0 |    0 |     0 |      0 |      0 |    0 |          0 |
|       g[0].g_normal.alu_i                                                       |                      microop_unit__parameterized4__5 |         32 |         32 |       0 |    0 |    32 |      0 |      0 |    0 |          0 |
|       g[1].g_normal.alu_i                                                       |                         microop_unit__parameterized5 |          0 |          0 |       0 |    0 |    32 |      0 |      0 |    0 |          0 |
|   g_has_mem.glen_mem[18].blk_i                                                  |                    uop_block_wrap__parameterized13_0 |         32 |         32 |       0 |    0 |   102 |      0 |      0 |    0 |          0 |
|     (g_has_mem.glen_mem[18].blk_i)                                              |                    uop_block_wrap__parameterized13_0 |          0 |          0 |       0 |    0 |    38 |      0 |      0 |    0 |          0 |
|     core                                                                        |                           uop_block__parameterized13 |         32 |         32 |       0 |    0 |    64 |      0 |      0 |    0 |          0 |
|       (core)                                                                    |                           uop_block__parameterized13 |          0 |          0 |       0 |    0 |     0 |      0 |      0 |    0 |          0 |
|       g[0].g_normal.alu_i                                                       |                      microop_unit__parameterized4__4 |         32 |         32 |       0 |    0 |    32 |      0 |      0 |    0 |          0 |
|       g[1].g_normal.alu_i                                                       |                      microop_unit__parameterized5__4 |          0 |          0 |       0 |    0 |    32 |      0 |      0 |    0 |          0 |
|   g_has_mem.glen_mem[19].blk_i                                                  |                      uop_block_wrap__parameterized14 |         70 |         70 |       0 |    0 |   397 |      0 |      0 |    0 |          0 |
|     (g_has_mem.glen_mem[19].blk_i)                                              |                      uop_block_wrap__parameterized14 |          0 |          0 |       0 |    0 |    75 |      0 |      0 |    0 |          0 |
|     core                                                                        |                           uop_block__parameterized14 |         70 |         70 |       0 |    0 |   322 |      0 |      0 |    0 |          0 |
|       (core)                                                                    |                           uop_block__parameterized14 |          6 |          6 |       0 |    0 |     2 |      0 |      0 |    0 |          0 |
|       g[0].g_normal.alu_i                                                       |                                     microop_unit__20 |          0 |          0 |       0 |    0 |    64 |      0 |      0 |    0 |          0 |
|       g[1].g_normal.alu_i                                                       |             microop_unit__parameterized0__xdcDup__14 |         64 |         64 |       0 |    0 |   128 |      0 |      0 |    0 |          0 |
|         (g[1].g_normal.alu_i)                                                   |             microop_unit__parameterized0__xdcDup__14 |          0 |          0 |       0 |    0 |    64 |      0 |      0 |    0 |          0 |
|         g_iadd.use_ip.u_addsub                                                  |                                integer_addsub_HD7855 |         64 |         64 |       0 |    0 |    64 |      0 |      0 |    0 |          0 |
|           (g_iadd.use_ip.u_addsub)                                              |                                integer_addsub_HD7855 |          0 |          0 |       0 |    0 |     0 |      0 |      0 |    0 |          0 |
|           U0                                                                    |               integer_addsubc_addsub_v12_0_14_HD7856 |         64 |         64 |       0 |    0 |    64 |      0 |      0 |    0 |          0 |
|             (U0)                                                                |               integer_addsubc_addsub_v12_0_14_HD7856 |          0 |          0 |       0 |    0 |     0 |      0 |      0 |    0 |          0 |
|             xst_addsub                                                          |           integer_addsubc_addsub_v12_0_14_viv_HD7857 |         64 |         64 |       0 |    0 |    64 |      0 |      0 |    0 |          0 |
|               (xst_addsub)                                                      |           integer_addsubc_addsub_v12_0_14_viv_HD7857 |          0 |          0 |       0 |    0 |     0 |      0 |      0 |    0 |          0 |
|               i_baseblox.i_baseblox_addsub                                      |        integer_addsubc_addsub_v12_0_14_legacy_HD7858 |         64 |         64 |       0 |    0 |    64 |      0 |      0 |    0 |          0 |
|                 no_pipelining.the_addsub                                        | integer_addsubc_addsub_v12_0_14_fabric_legacy_HD7859 |         64 |         64 |       0 |    0 |    64 |      0 |      0 |    0 |          0 |
|                   i_lut6.i_lut6_addsub                                          |   integer_addsubc_addsub_v12_0_14_lut6_legacy_HD7860 |         64 |         64 |       0 |    0 |    64 |      0 |      0 |    0 |          0 |
|                     (i_lut6.i_lut6_addsub)                                      |   integer_addsubc_addsub_v12_0_14_lut6_legacy_HD7860 |         64 |         64 |       0 |    0 |     0 |      0 |      0 |    0 |          0 |
|                     i_q.i_simple.qreg                                           |            integer_addsubc_reg_fd_v12_0_6_viv_HD7861 |          0 |          0 |       0 |    0 |    64 |      0 |      0 |    0 |          0 |
|       g[2].g_normal.alu_i                                                       |                                     microop_unit__21 |          0 |          0 |       0 |    0 |    64 |      0 |      0 |    0 |          0 |
|       g[3].g_normal.alu_i                                                       |                                     microop_unit__22 |          0 |          0 |       0 |    0 |    64 |      0 |      0 |    0 |          0 |
|   g_has_mem.glen_mem[1].blk_i                                                   |                       uop_block_wrap__parameterized0 |         76 |         76 |       0 |    0 |   270 |      0 |      0 |    0 |          0 |
|     (g_has_mem.glen_mem[1].blk_i)                                               |                       uop_block_wrap__parameterized0 |          9 |          9 |       0 |    0 |    77 |      0 |      0 |    0 |          0 |
|     core                                                                        |                            uop_block__parameterized0 |         67 |         67 |       0 |    0 |   193 |      0 |      0 |    0 |          0 |
|       (core)                                                                    |                            uop_block__parameterized0 |          3 |          3 |       0 |    0 |     1 |      0 |      0 |    0 |          0 |
|       g[0].g_normal.alu_i                                                       |                                     microop_unit__11 |          0 |          0 |       0 |    0 |    64 |      0 |      0 |    0 |          0 |
|       g[1].g_normal.alu_i                                                       |              microop_unit__parameterized0__xdcDup__6 |         64 |         64 |       0 |    0 |   128 |      0 |      0 |    0 |          0 |
|         (g[1].g_normal.alu_i)                                                   |              microop_unit__parameterized0__xdcDup__6 |          0 |          0 |       0 |    0 |    64 |      0 |      0 |    0 |          0 |
|         g_iadd.use_ip.u_addsub                                                  |                                integer_addsub_HD7862 |         64 |         64 |       0 |    0 |    64 |      0 |      0 |    0 |          0 |
|           (g_iadd.use_ip.u_addsub)                                              |                                integer_addsub_HD7862 |          0 |          0 |       0 |    0 |     0 |      0 |      0 |    0 |          0 |
|           U0                                                                    |               integer_addsubc_addsub_v12_0_14_HD7863 |         64 |         64 |       0 |    0 |    64 |      0 |      0 |    0 |          0 |
|             (U0)                                                                |               integer_addsubc_addsub_v12_0_14_HD7863 |          0 |          0 |       0 |    0 |     0 |      0 |      0 |    0 |          0 |
|             xst_addsub                                                          |           integer_addsubc_addsub_v12_0_14_viv_HD7864 |         64 |         64 |       0 |    0 |    64 |      0 |      0 |    0 |          0 |
|               (xst_addsub)                                                      |           integer_addsubc_addsub_v12_0_14_viv_HD7864 |          0 |          0 |       0 |    0 |     0 |      0 |      0 |    0 |          0 |
|               i_baseblox.i_baseblox_addsub                                      |        integer_addsubc_addsub_v12_0_14_legacy_HD7865 |         64 |         64 |       0 |    0 |    64 |      0 |      0 |    0 |          0 |
|                 no_pipelining.the_addsub                                        | integer_addsubc_addsub_v12_0_14_fabric_legacy_HD7866 |         64 |         64 |       0 |    0 |    64 |      0 |      0 |    0 |          0 |
|                   i_lut6.i_lut6_addsub                                          |   integer_addsubc_addsub_v12_0_14_lut6_legacy_HD7867 |         64 |         64 |       0 |    0 |    64 |      0 |      0 |    0 |          0 |
|                     (i_lut6.i_lut6_addsub)                                      |   integer_addsubc_addsub_v12_0_14_lut6_legacy_HD7867 |         64 |         64 |       0 |    0 |     0 |      0 |      0 |    0 |          0 |
|                     i_q.i_simple.qreg                                           |            integer_addsubc_reg_fd_v12_0_6_viv_HD7868 |          0 |          0 |       0 |    0 |    64 |      0 |      0 |    0 |          0 |
|   g_has_mem.glen_mem[20].blk_i                                                  |                      uop_block_wrap__parameterized15 |         74 |         74 |       0 |    0 |   269 |      0 |      0 |    0 |          0 |
|     (g_has_mem.glen_mem[20].blk_i)                                              |                      uop_block_wrap__parameterized15 |          3 |          3 |       0 |    0 |    75 |      0 |      0 |    0 |          0 |
|     core                                                                        |                        uop_block__parameterized15_10 |         71 |         71 |       0 |    0 |   194 |      0 |      0 |    0 |          0 |
|       (core)                                                                    |                        uop_block__parameterized15_10 |          7 |          7 |       0 |    0 |     2 |      0 |      0 |    0 |          0 |
|       g[0].g_normal.alu_i                                                       |                      microop_unit__parameterized7__7 |         64 |         64 |       0 |    0 |    64 |      0 |      0 |    0 |          0 |
|       g[1].g_normal.alu_i                                                       |                                     microop_unit__23 |          0 |          0 |       0 |    0 |    64 |      0 |      0 |    0 |          0 |
|       g[2].g_normal.alu_i                                                       |                                     microop_unit__24 |          0 |          0 |       0 |    0 |    64 |      0 |      0 |    0 |          0 |
|   g_has_mem.glen_mem[21].blk_i                                                  |                      uop_block_wrap__parameterized16 |        128 |        128 |       0 |    0 |   262 |      0 |      0 |    0 |          0 |
|     (g_has_mem.glen_mem[21].blk_i)                                              |                      uop_block_wrap__parameterized16 |          0 |          0 |       0 |    0 |    70 |      0 |      0 |    0 |          0 |
|     core                                                                        |                           uop_block__parameterized16 |        128 |        128 |       0 |    0 |   192 |      0 |      0 |    0 |          0 |
|       (core)                                                                    |                           uop_block__parameterized16 |          0 |          0 |       0 |    0 |     0 |      0 |      0 |    0 |          0 |
|       g[0].g_normal.alu_i                                                       |                      microop_unit__parameterized7__9 |         64 |         64 |       0 |    0 |    64 |      0 |      0 |    0 |          0 |
|       g[1].g_normal.alu_i                                                       |             microop_unit__parameterized0__xdcDup__15 |         64 |         64 |       0 |    0 |   128 |      0 |      0 |    0 |          0 |
|         (g[1].g_normal.alu_i)                                                   |             microop_unit__parameterized0__xdcDup__15 |          0 |          0 |       0 |    0 |    64 |      0 |      0 |    0 |          0 |
|         g_iadd.use_ip.u_addsub                                                  |                                integer_addsub_HD7869 |         64 |         64 |       0 |    0 |    64 |      0 |      0 |    0 |          0 |
|           (g_iadd.use_ip.u_addsub)                                              |                                integer_addsub_HD7869 |          0 |          0 |       0 |    0 |     0 |      0 |      0 |    0 |          0 |
|           U0                                                                    |               integer_addsubc_addsub_v12_0_14_HD7870 |         64 |         64 |       0 |    0 |    64 |      0 |      0 |    0 |          0 |
|             (U0)                                                                |               integer_addsubc_addsub_v12_0_14_HD7870 |          0 |          0 |       0 |    0 |     0 |      0 |      0 |    0 |          0 |
|             xst_addsub                                                          |           integer_addsubc_addsub_v12_0_14_viv_HD7871 |         64 |         64 |       0 |    0 |    64 |      0 |      0 |    0 |          0 |
|               (xst_addsub)                                                      |           integer_addsubc_addsub_v12_0_14_viv_HD7871 |          0 |          0 |       0 |    0 |     0 |      0 |      0 |    0 |          0 |
|               i_baseblox.i_baseblox_addsub                                      |        integer_addsubc_addsub_v12_0_14_legacy_HD7872 |         64 |         64 |       0 |    0 |    64 |      0 |      0 |    0 |          0 |
|                 no_pipelining.the_addsub                                        | integer_addsubc_addsub_v12_0_14_fabric_legacy_HD7873 |         64 |         64 |       0 |    0 |    64 |      0 |      0 |    0 |          0 |
|                   i_lut6.i_lut6_addsub                                          |   integer_addsubc_addsub_v12_0_14_lut6_legacy_HD7874 |         64 |         64 |       0 |    0 |    64 |      0 |      0 |    0 |          0 |
|                     (i_lut6.i_lut6_addsub)                                      |   integer_addsubc_addsub_v12_0_14_lut6_legacy_HD7874 |         64 |         64 |       0 |    0 |     0 |      0 |      0 |    0 |          0 |
|                     i_q.i_simple.qreg                                           |            integer_addsubc_reg_fd_v12_0_6_viv_HD7875 |          0 |          0 |       0 |    0 |    64 |      0 |      0 |    0 |          0 |
|   g_has_mem.glen_mem[22].blk_i                                                  |                    uop_block_wrap__parameterized15_1 |         73 |         73 |       0 |    0 |   273 |      0 |      0 |    0 |          0 |
|     (g_has_mem.glen_mem[22].blk_i)                                              |                    uop_block_wrap__parameterized15_1 |          2 |          2 |       0 |    0 |    79 |      0 |      0 |    0 |          0 |
|     core                                                                        |                           uop_block__parameterized15 |         71 |         71 |       0 |    0 |   194 |      0 |      0 |    0 |          0 |
|       (core)                                                                    |                           uop_block__parameterized15 |          7 |          7 |       0 |    0 |     2 |      0 |      0 |    0 |          0 |
|       g[0].g_normal.alu_i                                                       |                      microop_unit__parameterized7__8 |         64 |         64 |       0 |    0 |    64 |      0 |      0 |    0 |          0 |
|       g[1].g_normal.alu_i                                                       |                                     microop_unit__26 |          0 |          0 |       0 |    0 |    64 |      0 |      0 |    0 |          0 |
|       g[2].g_normal.alu_i                                                       |                                     microop_unit__25 |          0 |          0 |       0 |    0 |    64 |      0 |      0 |    0 |          0 |
|   g_has_mem.glen_mem[23].blk_i                                                  |           uop_block_wrap__parameterized17__xdcDup__1 |        136 |        136 |       0 |    0 |   402 |      0 |      0 |    0 |          0 |
|     (g_has_mem.glen_mem[23].blk_i)                                              |           uop_block_wrap__parameterized17__xdcDup__1 |          1 |          1 |       0 |    0 |    80 |      0 |      0 |    0 |          0 |
|     core                                                                        |                uop_block__parameterized17__xdcDup__1 |        135 |        135 |       0 |    0 |   322 |      0 |      0 |    0 |          0 |
|       (core)                                                                    |                uop_block__parameterized17__xdcDup__1 |          7 |          7 |       0 |    0 |     2 |      0 |      0 |    0 |          0 |
|       g[0].g_normal.alu_i                                                       |                                     microop_unit__27 |          0 |          0 |       0 |    0 |    64 |      0 |      0 |    0 |          0 |
|       g[1].g_normal.alu_i                                                       |             microop_unit__parameterized0__xdcDup__16 |         64 |         64 |       0 |    0 |   128 |      0 |      0 |    0 |          0 |
|         (g[1].g_normal.alu_i)                                                   |             microop_unit__parameterized0__xdcDup__16 |          0 |          0 |       0 |    0 |    64 |      0 |      0 |    0 |          0 |
|         g_iadd.use_ip.u_addsub                                                  |                                integer_addsub_HD7876 |         64 |         64 |       0 |    0 |    64 |      0 |      0 |    0 |          0 |
|           (g_iadd.use_ip.u_addsub)                                              |                                integer_addsub_HD7876 |          0 |          0 |       0 |    0 |     0 |      0 |      0 |    0 |          0 |
|           U0                                                                    |               integer_addsubc_addsub_v12_0_14_HD7877 |         64 |         64 |       0 |    0 |    64 |      0 |      0 |    0 |          0 |
|             (U0)                                                                |               integer_addsubc_addsub_v12_0_14_HD7877 |          0 |          0 |       0 |    0 |     0 |      0 |      0 |    0 |          0 |
|             xst_addsub                                                          |           integer_addsubc_addsub_v12_0_14_viv_HD7878 |         64 |         64 |       0 |    0 |    64 |      0 |      0 |    0 |          0 |
|               (xst_addsub)                                                      |           integer_addsubc_addsub_v12_0_14_viv_HD7878 |          0 |          0 |       0 |    0 |     0 |      0 |      0 |    0 |          0 |
|               i_baseblox.i_baseblox_addsub                                      |        integer_addsubc_addsub_v12_0_14_legacy_HD7879 |         64 |         64 |       0 |    0 |    64 |      0 |      0 |    0 |          0 |
|                 no_pipelining.the_addsub                                        | integer_addsubc_addsub_v12_0_14_fabric_legacy_HD7880 |         64 |         64 |       0 |    0 |    64 |      0 |      0 |    0 |          0 |
|                   i_lut6.i_lut6_addsub                                          |   integer_addsubc_addsub_v12_0_14_lut6_legacy_HD7881 |         64 |         64 |       0 |    0 |    64 |      0 |      0 |    0 |          0 |
|                     (i_lut6.i_lut6_addsub)                                      |   integer_addsubc_addsub_v12_0_14_lut6_legacy_HD7881 |         64 |         64 |       0 |    0 |     0 |      0 |      0 |    0 |          0 |
|                     i_q.i_simple.qreg                                           |            integer_addsubc_reg_fd_v12_0_6_viv_HD7882 |          0 |          0 |       0 |    0 |    64 |      0 |      0 |    0 |          0 |
|       g[2].g_normal.alu_i                                                       |             microop_unit__parameterized0__xdcDup__17 |         64 |         64 |       0 |    0 |   128 |      0 |      0 |    0 |          0 |
|         (g[2].g_normal.alu_i)                                                   |             microop_unit__parameterized0__xdcDup__17 |          0 |          0 |       0 |    0 |    64 |      0 |      0 |    0 |          0 |
|         g_iadd.use_ip.u_addsub                                                  |                                integer_addsub_HD7883 |         64 |         64 |       0 |    0 |    64 |      0 |      0 |    0 |          0 |
|           (g_iadd.use_ip.u_addsub)                                              |                                integer_addsub_HD7883 |          0 |          0 |       0 |    0 |     0 |      0 |      0 |    0 |          0 |
|           U0                                                                    |               integer_addsubc_addsub_v12_0_14_HD7884 |         64 |         64 |       0 |    0 |    64 |      0 |      0 |    0 |          0 |
|             (U0)                                                                |               integer_addsubc_addsub_v12_0_14_HD7884 |          0 |          0 |       0 |    0 |     0 |      0 |      0 |    0 |          0 |
|             xst_addsub                                                          |           integer_addsubc_addsub_v12_0_14_viv_HD7885 |         64 |         64 |       0 |    0 |    64 |      0 |      0 |    0 |          0 |
|               (xst_addsub)                                                      |           integer_addsubc_addsub_v12_0_14_viv_HD7885 |          0 |          0 |       0 |    0 |     0 |      0 |      0 |    0 |          0 |
|               i_baseblox.i_baseblox_addsub                                      |        integer_addsubc_addsub_v12_0_14_legacy_HD7886 |         64 |         64 |       0 |    0 |    64 |      0 |      0 |    0 |          0 |
|                 no_pipelining.the_addsub                                        | integer_addsubc_addsub_v12_0_14_fabric_legacy_HD7887 |         64 |         64 |       0 |    0 |    64 |      0 |      0 |    0 |          0 |
|                   i_lut6.i_lut6_addsub                                          |   integer_addsubc_addsub_v12_0_14_lut6_legacy_HD7888 |         64 |         64 |       0 |    0 |    64 |      0 |      0 |    0 |          0 |
|                     (i_lut6.i_lut6_addsub)                                      |   integer_addsubc_addsub_v12_0_14_lut6_legacy_HD7888 |         64 |         64 |       0 |    0 |     0 |      0 |      0 |    0 |          0 |
|                     i_q.i_simple.qreg                                           |            integer_addsubc_reg_fd_v12_0_6_viv_HD7889 |          0 |          0 |       0 |    0 |    64 |      0 |      0 |    0 |          0 |
|   g_has_mem.glen_mem[24].blk_i                                                  |           uop_block_wrap__parameterized18__xdcDup__1 |         64 |         64 |       0 |    0 |   198 |      0 |      0 |    0 |          0 |
|     (g_has_mem.glen_mem[24].blk_i)                                              |           uop_block_wrap__parameterized18__xdcDup__1 |          0 |          0 |       0 |    0 |    70 |      0 |      0 |    0 |          0 |
|     core                                                                        |                uop_block__parameterized18__xdcDup__1 |         64 |         64 |       0 |    0 |   128 |      0 |      0 |    0 |          0 |
|       (core)                                                                    |                uop_block__parameterized18__xdcDup__1 |          0 |          0 |       0 |    0 |     0 |      0 |      0 |    0 |          0 |
|       g[0].g_normal.alu_i                                                       |             microop_unit__parameterized11__xdcDup__1 |         64 |         64 |       0 |    0 |   128 |      0 |      0 |    0 |          0 |
|         (g[0].g_normal.alu_i)                                                   |             microop_unit__parameterized11__xdcDup__1 |          0 |          0 |       0 |    0 |    64 |      0 |      0 |    0 |          0 |
|         g_iadd.use_ip.u_addsub                                                  |                                integer_addsub_HD7890 |         64 |         64 |       0 |    0 |    64 |      0 |      0 |    0 |          0 |
|           (g_iadd.use_ip.u_addsub)                                              |                                integer_addsub_HD7890 |          0 |          0 |       0 |    0 |     0 |      0 |      0 |    0 |          0 |
|           U0                                                                    |               integer_addsubc_addsub_v12_0_14_HD7891 |         64 |         64 |       0 |    0 |    64 |      0 |      0 |    0 |          0 |
|             (U0)                                                                |               integer_addsubc_addsub_v12_0_14_HD7891 |          0 |          0 |       0 |    0 |     0 |      0 |      0 |    0 |          0 |
|             xst_addsub                                                          |           integer_addsubc_addsub_v12_0_14_viv_HD7892 |         64 |         64 |       0 |    0 |    64 |      0 |      0 |    0 |          0 |
|               (xst_addsub)                                                      |           integer_addsubc_addsub_v12_0_14_viv_HD7892 |          0 |          0 |       0 |    0 |     0 |      0 |      0 |    0 |          0 |
|               i_baseblox.i_baseblox_addsub                                      |        integer_addsubc_addsub_v12_0_14_legacy_HD7893 |         64 |         64 |       0 |    0 |    64 |      0 |      0 |    0 |          0 |
|                 no_pipelining.the_addsub                                        | integer_addsubc_addsub_v12_0_14_fabric_legacy_HD7894 |         64 |         64 |       0 |    0 |    64 |      0 |      0 |    0 |          0 |
|                   i_lut6.i_lut6_addsub                                          |   integer_addsubc_addsub_v12_0_14_lut6_legacy_HD7895 |         64 |         64 |       0 |    0 |    64 |      0 |      0 |    0 |          0 |
|                     (i_lut6.i_lut6_addsub)                                      |   integer_addsubc_addsub_v12_0_14_lut6_legacy_HD7895 |         64 |         64 |       0 |    0 |     0 |      0 |      0 |    0 |          0 |
|                     i_q.i_simple.qreg                                           |            integer_addsubc_reg_fd_v12_0_6_viv_HD7896 |          0 |          0 |       0 |    0 |    64 |      0 |      0 |    0 |          0 |
|   g_has_mem.glen_mem[25].blk_i                                                  |           uop_block_wrap__parameterized19__xdcDup__1 |         69 |         69 |       0 |    0 |   396 |      0 |      0 |    0 |          0 |
|     (g_has_mem.glen_mem[25].blk_i)                                              |           uop_block_wrap__parameterized19__xdcDup__1 |          0 |          0 |       0 |    0 |    74 |      0 |      0 |    0 |          0 |
|     core                                                                        |                uop_block__parameterized19__xdcDup__1 |         69 |         69 |       0 |    0 |   322 |      0 |      0 |    0 |          0 |
|       (core)                                                                    |                uop_block__parameterized19__xdcDup__1 |          5 |          5 |       0 |    0 |     2 |      0 |      0 |    0 |          0 |
|       g[0].g_normal.alu_i                                                       |                                      microop_unit__7 |          0 |          0 |       0 |    0 |    64 |      0 |      0 |    0 |          0 |
|       g[1].g_normal.alu_i                                                       |                                      microop_unit__8 |          0 |          0 |       0 |    0 |    64 |      0 |      0 |    0 |          0 |
|       g[2].g_normal.alu_i                                                       |             microop_unit__parameterized12__xdcDup__1 |         64 |         64 |       0 |    0 |   128 |      0 |      0 |    0 |          0 |
|         (g[2].g_normal.alu_i)                                                   |             microop_unit__parameterized12__xdcDup__1 |          0 |          0 |       0 |    0 |    64 |      0 |      0 |    0 |          0 |
|         g_iadd.use_ip.u_addsub                                                  |                                integer_addsub_HD7897 |         64 |         64 |       0 |    0 |    64 |      0 |      0 |    0 |          0 |
|           (g_iadd.use_ip.u_addsub)                                              |                                integer_addsub_HD7897 |          0 |          0 |       0 |    0 |     0 |      0 |      0 |    0 |          0 |
|           U0                                                                    |               integer_addsubc_addsub_v12_0_14_HD7898 |         64 |         64 |       0 |    0 |    64 |      0 |      0 |    0 |          0 |
|             (U0)                                                                |               integer_addsubc_addsub_v12_0_14_HD7898 |          0 |          0 |       0 |    0 |     0 |      0 |      0 |    0 |          0 |
|             xst_addsub                                                          |           integer_addsubc_addsub_v12_0_14_viv_HD7899 |         64 |         64 |       0 |    0 |    64 |      0 |      0 |    0 |          0 |
|               (xst_addsub)                                                      |           integer_addsubc_addsub_v12_0_14_viv_HD7899 |          0 |          0 |       0 |    0 |     0 |      0 |      0 |    0 |          0 |
|               i_baseblox.i_baseblox_addsub                                      |        integer_addsubc_addsub_v12_0_14_legacy_HD7900 |         64 |         64 |       0 |    0 |    64 |      0 |      0 |    0 |          0 |
|                 no_pipelining.the_addsub                                        | integer_addsubc_addsub_v12_0_14_fabric_legacy_HD7901 |         64 |         64 |       0 |    0 |    64 |      0 |      0 |    0 |          0 |
|                   i_lut6.i_lut6_addsub                                          |   integer_addsubc_addsub_v12_0_14_lut6_legacy_HD7902 |         64 |         64 |       0 |    0 |    64 |      0 |      0 |    0 |          0 |
|                     (i_lut6.i_lut6_addsub)                                      |   integer_addsubc_addsub_v12_0_14_lut6_legacy_HD7902 |         64 |         64 |       0 |    0 |     0 |      0 |      0 |    0 |          0 |
|                     i_q.i_simple.qreg                                           |            integer_addsubc_reg_fd_v12_0_6_viv_HD7903 |          0 |          0 |       0 |    0 |    64 |      0 |      0 |    0 |          0 |
|       g[3].g_normal.alu_i                                                       |                                      microop_unit__9 |          0 |          0 |       0 |    0 |    64 |      0 |      0 |    0 |          0 |
|   g_has_mem.glen_mem[26].blk_i                                                  |           uop_block_wrap__parameterized17__xdcDup__2 |        137 |        137 |       0 |    0 |   400 |      0 |      0 |    0 |          0 |
|     (g_has_mem.glen_mem[26].blk_i)                                              |           uop_block_wrap__parameterized17__xdcDup__2 |          4 |          4 |       0 |    0 |    78 |      0 |      0 |    0 |          0 |
|     core                                                                        |                uop_block__parameterized17__xdcDup__2 |        133 |        133 |       0 |    0 |   322 |      0 |      0 |    0 |          0 |
|       (core)                                                                    |                uop_block__parameterized17__xdcDup__2 |          5 |          5 |       0 |    0 |     2 |      0 |      0 |    0 |          0 |
|       g[0].g_normal.alu_i                                                       |                                     microop_unit__19 |          0 |          0 |       0 |    0 |    64 |      0 |      0 |    0 |          0 |
|       g[1].g_normal.alu_i                                                       |             microop_unit__parameterized0__xdcDup__18 |         64 |         64 |       0 |    0 |   128 |      0 |      0 |    0 |          0 |
|         (g[1].g_normal.alu_i)                                                   |             microop_unit__parameterized0__xdcDup__18 |          0 |          0 |       0 |    0 |    64 |      0 |      0 |    0 |          0 |
|         g_iadd.use_ip.u_addsub                                                  |                                integer_addsub_HD7904 |         64 |         64 |       0 |    0 |    64 |      0 |      0 |    0 |          0 |
|           (g_iadd.use_ip.u_addsub)                                              |                                integer_addsub_HD7904 |          0 |          0 |       0 |    0 |     0 |      0 |      0 |    0 |          0 |
|           U0                                                                    |               integer_addsubc_addsub_v12_0_14_HD7905 |         64 |         64 |       0 |    0 |    64 |      0 |      0 |    0 |          0 |
|             (U0)                                                                |               integer_addsubc_addsub_v12_0_14_HD7905 |          0 |          0 |       0 |    0 |     0 |      0 |      0 |    0 |          0 |
|             xst_addsub                                                          |           integer_addsubc_addsub_v12_0_14_viv_HD7906 |         64 |         64 |       0 |    0 |    64 |      0 |      0 |    0 |          0 |
|               (xst_addsub)                                                      |           integer_addsubc_addsub_v12_0_14_viv_HD7906 |          0 |          0 |       0 |    0 |     0 |      0 |      0 |    0 |          0 |
|               i_baseblox.i_baseblox_addsub                                      |        integer_addsubc_addsub_v12_0_14_legacy_HD7907 |         64 |         64 |       0 |    0 |    64 |      0 |      0 |    0 |          0 |
|                 no_pipelining.the_addsub                                        | integer_addsubc_addsub_v12_0_14_fabric_legacy_HD7908 |         64 |         64 |       0 |    0 |    64 |      0 |      0 |    0 |          0 |
|                   i_lut6.i_lut6_addsub                                          |   integer_addsubc_addsub_v12_0_14_lut6_legacy_HD7909 |         64 |         64 |       0 |    0 |    64 |      0 |      0 |    0 |          0 |
|                     (i_lut6.i_lut6_addsub)                                      |   integer_addsubc_addsub_v12_0_14_lut6_legacy_HD7909 |         64 |         64 |       0 |    0 |     0 |      0 |      0 |    0 |          0 |
|                     i_q.i_simple.qreg                                           |            integer_addsubc_reg_fd_v12_0_6_viv_HD7910 |          0 |          0 |       0 |    0 |    64 |      0 |      0 |    0 |          0 |
|       g[2].g_normal.alu_i                                                       |             microop_unit__parameterized0__xdcDup__19 |         64 |         64 |       0 |    0 |   128 |      0 |      0 |    0 |          0 |
|         (g[2].g_normal.alu_i)                                                   |             microop_unit__parameterized0__xdcDup__19 |          0 |          0 |       0 |    0 |    64 |      0 |      0 |    0 |          0 |
|         g_iadd.use_ip.u_addsub                                                  |                                integer_addsub_HD7911 |         64 |         64 |       0 |    0 |    64 |      0 |      0 |    0 |          0 |
|           (g_iadd.use_ip.u_addsub)                                              |                                integer_addsub_HD7911 |          0 |          0 |       0 |    0 |     0 |      0 |      0 |    0 |          0 |
|           U0                                                                    |               integer_addsubc_addsub_v12_0_14_HD7912 |         64 |         64 |       0 |    0 |    64 |      0 |      0 |    0 |          0 |
|             (U0)                                                                |               integer_addsubc_addsub_v12_0_14_HD7912 |          0 |          0 |       0 |    0 |     0 |      0 |      0 |    0 |          0 |
|             xst_addsub                                                          |           integer_addsubc_addsub_v12_0_14_viv_HD7913 |         64 |         64 |       0 |    0 |    64 |      0 |      0 |    0 |          0 |
|               (xst_addsub)                                                      |           integer_addsubc_addsub_v12_0_14_viv_HD7913 |          0 |          0 |       0 |    0 |     0 |      0 |      0 |    0 |          0 |
|               i_baseblox.i_baseblox_addsub                                      |        integer_addsubc_addsub_v12_0_14_legacy_HD7914 |         64 |         64 |       0 |    0 |    64 |      0 |      0 |    0 |          0 |
|                 no_pipelining.the_addsub                                        | integer_addsubc_addsub_v12_0_14_fabric_legacy_HD7915 |         64 |         64 |       0 |    0 |    64 |      0 |      0 |    0 |          0 |
|                   i_lut6.i_lut6_addsub                                          |   integer_addsubc_addsub_v12_0_14_lut6_legacy_HD7916 |         64 |         64 |       0 |    0 |    64 |      0 |      0 |    0 |          0 |
|                     (i_lut6.i_lut6_addsub)                                      |   integer_addsubc_addsub_v12_0_14_lut6_legacy_HD7916 |         64 |         64 |       0 |    0 |     0 |      0 |      0 |    0 |          0 |
|                     i_q.i_simple.qreg                                           |            integer_addsubc_reg_fd_v12_0_6_viv_HD7917 |          0 |          0 |       0 |    0 |    64 |      0 |      0 |    0 |          0 |
|   g_has_mem.glen_mem[27].blk_i                                                  |                      uop_block_wrap__parameterized20 |        128 |        128 |       0 |    0 |   262 |      0 |      0 |    0 |          0 |
|     (g_has_mem.glen_mem[27].blk_i)                                              |                      uop_block_wrap__parameterized20 |          0 |          0 |       0 |    0 |    70 |      0 |      0 |    0 |          0 |
|     core                                                                        |                           uop_block__parameterized20 |        128 |        128 |       0 |    0 |   192 |      0 |      0 |    0 |          0 |
|       (core)                                                                    |                           uop_block__parameterized20 |          0 |          0 |       0 |    0 |     0 |      0 |      0 |    0 |          0 |
|       g[0].g_normal.alu_i                                                       |                         microop_unit__parameterized7 |         64 |         64 |       0 |    0 |    64 |      0 |      0 |    0 |          0 |
|       g[1].g_normal.alu_i                                                       |             microop_unit__parameterized0__xdcDup__20 |         64 |         64 |       0 |    0 |   128 |      0 |      0 |    0 |          0 |
|         (g[1].g_normal.alu_i)                                                   |             microop_unit__parameterized0__xdcDup__20 |          0 |          0 |       0 |    0 |    64 |      0 |      0 |    0 |          0 |
|         g_iadd.use_ip.u_addsub                                                  |                                integer_addsub_HD7918 |         64 |         64 |       0 |    0 |    64 |      0 |      0 |    0 |          0 |
|           (g_iadd.use_ip.u_addsub)                                              |                                integer_addsub_HD7918 |          0 |          0 |       0 |    0 |     0 |      0 |      0 |    0 |          0 |
|           U0                                                                    |               integer_addsubc_addsub_v12_0_14_HD7919 |         64 |         64 |       0 |    0 |    64 |      0 |      0 |    0 |          0 |
|             (U0)                                                                |               integer_addsubc_addsub_v12_0_14_HD7919 |          0 |          0 |       0 |    0 |     0 |      0 |      0 |    0 |          0 |
|             xst_addsub                                                          |           integer_addsubc_addsub_v12_0_14_viv_HD7920 |         64 |         64 |       0 |    0 |    64 |      0 |      0 |    0 |          0 |
|               (xst_addsub)                                                      |           integer_addsubc_addsub_v12_0_14_viv_HD7920 |          0 |          0 |       0 |    0 |     0 |      0 |      0 |    0 |          0 |
|               i_baseblox.i_baseblox_addsub                                      |        integer_addsubc_addsub_v12_0_14_legacy_HD7921 |         64 |         64 |       0 |    0 |    64 |      0 |      0 |    0 |          0 |
|                 no_pipelining.the_addsub                                        | integer_addsubc_addsub_v12_0_14_fabric_legacy_HD7922 |         64 |         64 |       0 |    0 |    64 |      0 |      0 |    0 |          0 |
|                   i_lut6.i_lut6_addsub                                          |   integer_addsubc_addsub_v12_0_14_lut6_legacy_HD7923 |         64 |         64 |       0 |    0 |    64 |      0 |      0 |    0 |          0 |
|                     (i_lut6.i_lut6_addsub)                                      |   integer_addsubc_addsub_v12_0_14_lut6_legacy_HD7923 |         64 |         64 |       0 |    0 |     0 |      0 |      0 |    0 |          0 |
|                     i_q.i_simple.qreg                                           |            integer_addsubc_reg_fd_v12_0_6_viv_HD7924 |          0 |          0 |       0 |    0 |    64 |      0 |      0 |    0 |          0 |
|   g_has_mem.glen_mem[28].blk_i                                                  |           uop_block_wrap__parameterized17__xdcDup__3 |        137 |        137 |       0 |    0 |   397 |      0 |      0 |    0 |          0 |
|     (g_has_mem.glen_mem[28].blk_i)                                              |           uop_block_wrap__parameterized17__xdcDup__3 |          3 |          3 |       0 |    0 |    75 |      0 |      0 |    0 |          0 |
|     core                                                                        |                uop_block__parameterized17__xdcDup__3 |        134 |        134 |       0 |    0 |   322 |      0 |      0 |    0 |          0 |
|       (core)                                                                    |                uop_block__parameterized17__xdcDup__3 |          6 |          6 |       0 |    0 |     2 |      0 |      0 |    0 |          0 |
|       g[0].g_normal.alu_i                                                       |                                      microop_unit__6 |          0 |          0 |       0 |    0 |    64 |      0 |      0 |    0 |          0 |
|       g[1].g_normal.alu_i                                                       |             microop_unit__parameterized0__xdcDup__21 |         64 |         64 |       0 |    0 |   128 |      0 |      0 |    0 |          0 |
|         (g[1].g_normal.alu_i)                                                   |             microop_unit__parameterized0__xdcDup__21 |          0 |          0 |       0 |    0 |    64 |      0 |      0 |    0 |          0 |
|         g_iadd.use_ip.u_addsub                                                  |                                integer_addsub_HD7925 |         64 |         64 |       0 |    0 |    64 |      0 |      0 |    0 |          0 |
|           (g_iadd.use_ip.u_addsub)                                              |                                integer_addsub_HD7925 |          0 |          0 |       0 |    0 |     0 |      0 |      0 |    0 |          0 |
|           U0                                                                    |               integer_addsubc_addsub_v12_0_14_HD7926 |         64 |         64 |       0 |    0 |    64 |      0 |      0 |    0 |          0 |
|             (U0)                                                                |               integer_addsubc_addsub_v12_0_14_HD7926 |          0 |          0 |       0 |    0 |     0 |      0 |      0 |    0 |          0 |
|             xst_addsub                                                          |           integer_addsubc_addsub_v12_0_14_viv_HD7927 |         64 |         64 |       0 |    0 |    64 |      0 |      0 |    0 |          0 |
|               (xst_addsub)                                                      |           integer_addsubc_addsub_v12_0_14_viv_HD7927 |          0 |          0 |       0 |    0 |     0 |      0 |      0 |    0 |          0 |
|               i_baseblox.i_baseblox_addsub                                      |        integer_addsubc_addsub_v12_0_14_legacy_HD7928 |         64 |         64 |       0 |    0 |    64 |      0 |      0 |    0 |          0 |
|                 no_pipelining.the_addsub                                        | integer_addsubc_addsub_v12_0_14_fabric_legacy_HD7929 |         64 |         64 |       0 |    0 |    64 |      0 |      0 |    0 |          0 |
|                   i_lut6.i_lut6_addsub                                          |   integer_addsubc_addsub_v12_0_14_lut6_legacy_HD7930 |         64 |         64 |       0 |    0 |    64 |      0 |      0 |    0 |          0 |
|                     (i_lut6.i_lut6_addsub)                                      |   integer_addsubc_addsub_v12_0_14_lut6_legacy_HD7930 |         64 |         64 |       0 |    0 |     0 |      0 |      0 |    0 |          0 |
|                     i_q.i_simple.qreg                                           |            integer_addsubc_reg_fd_v12_0_6_viv_HD7931 |          0 |          0 |       0 |    0 |    64 |      0 |      0 |    0 |          0 |
|       g[2].g_normal.alu_i                                                       |             microop_unit__parameterized0__xdcDup__22 |         64 |         64 |       0 |    0 |   128 |      0 |      0 |    0 |          0 |
|         (g[2].g_normal.alu_i)                                                   |             microop_unit__parameterized0__xdcDup__22 |          0 |          0 |       0 |    0 |    64 |      0 |      0 |    0 |          0 |
|         g_iadd.use_ip.u_addsub                                                  |                                integer_addsub_HD7932 |         64 |         64 |       0 |    0 |    64 |      0 |      0 |    0 |          0 |
|           (g_iadd.use_ip.u_addsub)                                              |                                integer_addsub_HD7932 |          0 |          0 |       0 |    0 |     0 |      0 |      0 |    0 |          0 |
|           U0                                                                    |               integer_addsubc_addsub_v12_0_14_HD7933 |         64 |         64 |       0 |    0 |    64 |      0 |      0 |    0 |          0 |
|             (U0)                                                                |               integer_addsubc_addsub_v12_0_14_HD7933 |          0 |          0 |       0 |    0 |     0 |      0 |      0 |    0 |          0 |
|             xst_addsub                                                          |           integer_addsubc_addsub_v12_0_14_viv_HD7934 |         64 |         64 |       0 |    0 |    64 |      0 |      0 |    0 |          0 |
|               (xst_addsub)                                                      |           integer_addsubc_addsub_v12_0_14_viv_HD7934 |          0 |          0 |       0 |    0 |     0 |      0 |      0 |    0 |          0 |
|               i_baseblox.i_baseblox_addsub                                      |        integer_addsubc_addsub_v12_0_14_legacy_HD7935 |         64 |         64 |       0 |    0 |    64 |      0 |      0 |    0 |          0 |
|                 no_pipelining.the_addsub                                        | integer_addsubc_addsub_v12_0_14_fabric_legacy_HD7936 |         64 |         64 |       0 |    0 |    64 |      0 |      0 |    0 |          0 |
|                   i_lut6.i_lut6_addsub                                          |   integer_addsubc_addsub_v12_0_14_lut6_legacy_HD7937 |         64 |         64 |       0 |    0 |    64 |      0 |      0 |    0 |          0 |
|                     (i_lut6.i_lut6_addsub)                                      |   integer_addsubc_addsub_v12_0_14_lut6_legacy_HD7937 |         64 |         64 |       0 |    0 |     0 |      0 |      0 |    0 |          0 |
|                     i_q.i_simple.qreg                                           |            integer_addsubc_reg_fd_v12_0_6_viv_HD7938 |          0 |          0 |       0 |    0 |    64 |      0 |      0 |    0 |          0 |
|   g_has_mem.glen_mem[29].blk_i                                                  |                      uop_block_wrap__parameterized21 |         14 |         14 |       0 |    0 |   148 |      0 |      0 |    0 |          0 |
|     (g_has_mem.glen_mem[29].blk_i)                                              |                      uop_block_wrap__parameterized21 |          7 |          7 |       0 |    0 |    50 |      0 |      0 |    0 |          0 |
|     core                                                                        |                           uop_block__parameterized21 |          7 |          7 |       0 |    0 |    98 |      0 |      0 |    0 |          0 |
|       (core)                                                                    |                           uop_block__parameterized21 |          6 |          6 |       0 |    0 |     2 |      0 |      0 |    0 |          0 |
|       g[0].g_normal.alu_i                                                       |                      microop_unit__parameterized1__1 |          0 |          0 |       0 |    0 |    32 |      0 |      0 |    0 |          0 |
|       g[1].g_normal.alu_i                                                       |                        microop_unit__parameterized13 |          1 |          1 |       0 |    0 |    32 |      0 |      0 |    0 |          0 |
|       g[2].g_normal.alu_i                                                       |                      microop_unit__parameterized1__2 |          0 |          0 |       0 |    0 |    32 |      0 |      0 |    0 |          0 |
|   g_has_mem.glen_mem[2].blk_i                                                   |                       uop_block_wrap__parameterized1 |         71 |         71 |       0 |    0 |   273 |      0 |      0 |    0 |          0 |
|     (g_has_mem.glen_mem[2].blk_i)                                               |                       uop_block_wrap__parameterized1 |          4 |          4 |       0 |    0 |    80 |      0 |      0 |    0 |          0 |
|     core                                                                        |                            uop_block__parameterized1 |         67 |         67 |       0 |    0 |   193 |      0 |      0 |    0 |          0 |
|       (core)                                                                    |                            uop_block__parameterized1 |          3 |          3 |       0 |    0 |     1 |      0 |      0 |    0 |          0 |
|       g[0].g_normal.alu_i                                                       |              microop_unit__parameterized0__xdcDup__7 |         64 |         64 |       0 |    0 |   128 |      0 |      0 |    0 |          0 |
|         (g[0].g_normal.alu_i)                                                   |              microop_unit__parameterized0__xdcDup__7 |          0 |          0 |       0 |    0 |    64 |      0 |      0 |    0 |          0 |
|         g_iadd.use_ip.u_addsub                                                  |                                integer_addsub_HD7939 |         64 |         64 |       0 |    0 |    64 |      0 |      0 |    0 |          0 |
|           (g_iadd.use_ip.u_addsub)                                              |                                integer_addsub_HD7939 |          0 |          0 |       0 |    0 |     0 |      0 |      0 |    0 |          0 |
|           U0                                                                    |               integer_addsubc_addsub_v12_0_14_HD7940 |         64 |         64 |       0 |    0 |    64 |      0 |      0 |    0 |          0 |
|             (U0)                                                                |               integer_addsubc_addsub_v12_0_14_HD7940 |          0 |          0 |       0 |    0 |     0 |      0 |      0 |    0 |          0 |
|             xst_addsub                                                          |           integer_addsubc_addsub_v12_0_14_viv_HD7941 |         64 |         64 |       0 |    0 |    64 |      0 |      0 |    0 |          0 |
|               (xst_addsub)                                                      |           integer_addsubc_addsub_v12_0_14_viv_HD7941 |          0 |          0 |       0 |    0 |     0 |      0 |      0 |    0 |          0 |
|               i_baseblox.i_baseblox_addsub                                      |        integer_addsubc_addsub_v12_0_14_legacy_HD7942 |         64 |         64 |       0 |    0 |    64 |      0 |      0 |    0 |          0 |
|                 no_pipelining.the_addsub                                        | integer_addsubc_addsub_v12_0_14_fabric_legacy_HD7943 |         64 |         64 |       0 |    0 |    64 |      0 |      0 |    0 |          0 |
|                   i_lut6.i_lut6_addsub                                          |   integer_addsubc_addsub_v12_0_14_lut6_legacy_HD7944 |         64 |         64 |       0 |    0 |    64 |      0 |      0 |    0 |          0 |
|                     (i_lut6.i_lut6_addsub)                                      |   integer_addsubc_addsub_v12_0_14_lut6_legacy_HD7944 |         64 |         64 |       0 |    0 |     0 |      0 |      0 |    0 |          0 |
|                     i_q.i_simple.qreg                                           |            integer_addsubc_reg_fd_v12_0_6_viv_HD7945 |          0 |          0 |       0 |    0 |    64 |      0 |      0 |    0 |          0 |
|       g[1].g_normal.alu_i                                                       |                                     microop_unit__12 |          0 |          0 |       0 |    0 |    64 |      0 |      0 |    0 |          0 |
|   g_has_mem.glen_mem[30].blk_i                                                  |                      uop_block_wrap__parameterized22 |        139 |        139 |       0 |    0 |   590 |      0 |      0 |    0 |          0 |
|     (g_has_mem.glen_mem[30].blk_i)                                              |                      uop_block_wrap__parameterized22 |          2 |          2 |       0 |    0 |    75 |      0 |      0 |    0 |          0 |
|     core                                                                        |                           uop_block__parameterized22 |        137 |        137 |       0 |    0 |   515 |      0 |      0 |    0 |          0 |
|       (core)                                                                    |                           uop_block__parameterized22 |          9 |          9 |       0 |    0 |     3 |      0 |      0 |    0 |          0 |
|       g[0].g_normal.alu_i                                                       |                                     microop_unit__28 |          0 |          0 |       0 |    0 |    64 |      0 |      0 |    0 |          0 |
|       g[1].g_normal.alu_i                                                       |                                     microop_unit__29 |          0 |          0 |       0 |    0 |    64 |      0 |      0 |    0 |          0 |
|       g[2].g_normal.alu_i                                                       |                                     microop_unit__30 |          0 |          0 |       0 |    0 |    64 |      0 |      0 |    0 |          0 |
|       g[3].g_normal.alu_i                                                       |             microop_unit__parameterized12__xdcDup__2 |         64 |         64 |       0 |    0 |   128 |      0 |      0 |    0 |          0 |
|         (g[3].g_normal.alu_i)                                                   |             microop_unit__parameterized12__xdcDup__2 |          0 |          0 |       0 |    0 |    64 |      0 |      0 |    0 |          0 |
|         g_iadd.use_ip.u_addsub                                                  |                                integer_addsub_HD7946 |         64 |         64 |       0 |    0 |    64 |      0 |      0 |    0 |          0 |
|           (g_iadd.use_ip.u_addsub)                                              |                                integer_addsub_HD7946 |          0 |          0 |       0 |    0 |     0 |      0 |      0 |    0 |          0 |
|           U0                                                                    |               integer_addsubc_addsub_v12_0_14_HD7947 |         64 |         64 |       0 |    0 |    64 |      0 |      0 |    0 |          0 |
|             (U0)                                                                |               integer_addsubc_addsub_v12_0_14_HD7947 |          0 |          0 |       0 |    0 |     0 |      0 |      0 |    0 |          0 |
|             xst_addsub                                                          |           integer_addsubc_addsub_v12_0_14_viv_HD7948 |         64 |         64 |       0 |    0 |    64 |      0 |      0 |    0 |          0 |
|               (xst_addsub)                                                      |           integer_addsubc_addsub_v12_0_14_viv_HD7948 |          0 |          0 |       0 |    0 |     0 |      0 |      0 |    0 |          0 |
|               i_baseblox.i_baseblox_addsub                                      |        integer_addsubc_addsub_v12_0_14_legacy_HD7949 |         64 |         64 |       0 |    0 |    64 |      0 |      0 |    0 |          0 |
|                 no_pipelining.the_addsub                                        | integer_addsubc_addsub_v12_0_14_fabric_legacy_HD7950 |         64 |         64 |       0 |    0 |    64 |      0 |      0 |    0 |          0 |
|                   i_lut6.i_lut6_addsub                                          |   integer_addsubc_addsub_v12_0_14_lut6_legacy_HD7951 |         64 |         64 |       0 |    0 |    64 |      0 |      0 |    0 |          0 |
|                     (i_lut6.i_lut6_addsub)                                      |   integer_addsubc_addsub_v12_0_14_lut6_legacy_HD7951 |         64 |         64 |       0 |    0 |     0 |      0 |      0 |    0 |          0 |
|                     i_q.i_simple.qreg                                           |            integer_addsubc_reg_fd_v12_0_6_viv_HD7952 |          0 |          0 |       0 |    0 |    64 |      0 |      0 |    0 |          0 |
|       g[4].g_normal.alu_i                                                       |                                     microop_unit__31 |          0 |          0 |       0 |    0 |    64 |      0 |      0 |    0 |          0 |
|       g[5].g_normal.alu_i                                                       |             microop_unit__parameterized0__xdcDup__23 |         64 |         64 |       0 |    0 |   128 |      0 |      0 |    0 |          0 |
|         (g[5].g_normal.alu_i)                                                   |             microop_unit__parameterized0__xdcDup__23 |          0 |          0 |       0 |    0 |    64 |      0 |      0 |    0 |          0 |
|         g_iadd.use_ip.u_addsub                                                  |                                integer_addsub_HD7953 |         64 |         64 |       0 |    0 |    64 |      0 |      0 |    0 |          0 |
|           (g_iadd.use_ip.u_addsub)                                              |                                integer_addsub_HD7953 |          0 |          0 |       0 |    0 |     0 |      0 |      0 |    0 |          0 |
|           U0                                                                    |               integer_addsubc_addsub_v12_0_14_HD7954 |         64 |         64 |       0 |    0 |    64 |      0 |      0 |    0 |          0 |
|             (U0)                                                                |               integer_addsubc_addsub_v12_0_14_HD7954 |          0 |          0 |       0 |    0 |     0 |      0 |      0 |    0 |          0 |
|             xst_addsub                                                          |           integer_addsubc_addsub_v12_0_14_viv_HD7955 |         64 |         64 |       0 |    0 |    64 |      0 |      0 |    0 |          0 |
|               (xst_addsub)                                                      |           integer_addsubc_addsub_v12_0_14_viv_HD7955 |          0 |          0 |       0 |    0 |     0 |      0 |      0 |    0 |          0 |
|               i_baseblox.i_baseblox_addsub                                      |        integer_addsubc_addsub_v12_0_14_legacy_HD7956 |         64 |         64 |       0 |    0 |    64 |      0 |      0 |    0 |          0 |
|                 no_pipelining.the_addsub                                        | integer_addsubc_addsub_v12_0_14_fabric_legacy_HD7957 |         64 |         64 |       0 |    0 |    64 |      0 |      0 |    0 |          0 |
|                   i_lut6.i_lut6_addsub                                          |   integer_addsubc_addsub_v12_0_14_lut6_legacy_HD7958 |         64 |         64 |       0 |    0 |    64 |      0 |      0 |    0 |          0 |
|                     (i_lut6.i_lut6_addsub)                                      |   integer_addsubc_addsub_v12_0_14_lut6_legacy_HD7958 |         64 |         64 |       0 |    0 |     0 |      0 |      0 |    0 |          0 |
|                     i_q.i_simple.qreg                                           |            integer_addsubc_reg_fd_v12_0_6_viv_HD7959 |          0 |          0 |       0 |    0 |    64 |      0 |      0 |    0 |          0 |
|   g_has_mem.glen_mem[31].blk_i                                                  |           uop_block_wrap__parameterized17__xdcDup__4 |        134 |        134 |       0 |    0 |   399 |      0 |      0 |    0 |          0 |
|     (g_has_mem.glen_mem[31].blk_i)                                              |           uop_block_wrap__parameterized17__xdcDup__4 |          1 |          1 |       0 |    0 |    77 |      0 |      0 |    0 |          0 |
|     core                                                                        |                uop_block__parameterized17__xdcDup__4 |        133 |        133 |       0 |    0 |   322 |      0 |      0 |    0 |          0 |
|       (core)                                                                    |                uop_block__parameterized17__xdcDup__4 |          5 |          5 |       0 |    0 |     2 |      0 |      0 |    0 |          0 |
|       g[0].g_normal.alu_i                                                       |                                     microop_unit__32 |          0 |          0 |       0 |    0 |    64 |      0 |      0 |    0 |          0 |
|       g[1].g_normal.alu_i                                                       |             microop_unit__parameterized0__xdcDup__24 |         64 |         64 |       0 |    0 |   128 |      0 |      0 |    0 |          0 |
|         (g[1].g_normal.alu_i)                                                   |             microop_unit__parameterized0__xdcDup__24 |          0 |          0 |       0 |    0 |    64 |      0 |      0 |    0 |          0 |
|         g_iadd.use_ip.u_addsub                                                  |                                integer_addsub_HD7960 |         64 |         64 |       0 |    0 |    64 |      0 |      0 |    0 |          0 |
|           (g_iadd.use_ip.u_addsub)                                              |                                integer_addsub_HD7960 |          0 |          0 |       0 |    0 |     0 |      0 |      0 |    0 |          0 |
|           U0                                                                    |               integer_addsubc_addsub_v12_0_14_HD7961 |         64 |         64 |       0 |    0 |    64 |      0 |      0 |    0 |          0 |
|             (U0)                                                                |               integer_addsubc_addsub_v12_0_14_HD7961 |          0 |          0 |       0 |    0 |     0 |      0 |      0 |    0 |          0 |
|             xst_addsub                                                          |           integer_addsubc_addsub_v12_0_14_viv_HD7962 |         64 |         64 |       0 |    0 |    64 |      0 |      0 |    0 |          0 |
|               (xst_addsub)                                                      |           integer_addsubc_addsub_v12_0_14_viv_HD7962 |          0 |          0 |       0 |    0 |     0 |      0 |      0 |    0 |          0 |
|               i_baseblox.i_baseblox_addsub                                      |        integer_addsubc_addsub_v12_0_14_legacy_HD7963 |         64 |         64 |       0 |    0 |    64 |      0 |      0 |    0 |          0 |
|                 no_pipelining.the_addsub                                        | integer_addsubc_addsub_v12_0_14_fabric_legacy_HD7964 |         64 |         64 |       0 |    0 |    64 |      0 |      0 |    0 |          0 |
|                   i_lut6.i_lut6_addsub                                          |   integer_addsubc_addsub_v12_0_14_lut6_legacy_HD7965 |         64 |         64 |       0 |    0 |    64 |      0 |      0 |    0 |          0 |
|                     (i_lut6.i_lut6_addsub)                                      |   integer_addsubc_addsub_v12_0_14_lut6_legacy_HD7965 |         64 |         64 |       0 |    0 |     0 |      0 |      0 |    0 |          0 |
|                     i_q.i_simple.qreg                                           |            integer_addsubc_reg_fd_v12_0_6_viv_HD7966 |          0 |          0 |       0 |    0 |    64 |      0 |      0 |    0 |          0 |
|       g[2].g_normal.alu_i                                                       |             microop_unit__parameterized0__xdcDup__25 |         64 |         64 |       0 |    0 |   128 |      0 |      0 |    0 |          0 |
|         (g[2].g_normal.alu_i)                                                   |             microop_unit__parameterized0__xdcDup__25 |          0 |          0 |       0 |    0 |    64 |      0 |      0 |    0 |          0 |
|         g_iadd.use_ip.u_addsub                                                  |                                integer_addsub_HD7967 |         64 |         64 |       0 |    0 |    64 |      0 |      0 |    0 |          0 |
|           (g_iadd.use_ip.u_addsub)                                              |                                integer_addsub_HD7967 |          0 |          0 |       0 |    0 |     0 |      0 |      0 |    0 |          0 |
|           U0                                                                    |               integer_addsubc_addsub_v12_0_14_HD7968 |         64 |         64 |       0 |    0 |    64 |      0 |      0 |    0 |          0 |
|             (U0)                                                                |               integer_addsubc_addsub_v12_0_14_HD7968 |          0 |          0 |       0 |    0 |     0 |      0 |      0 |    0 |          0 |
|             xst_addsub                                                          |           integer_addsubc_addsub_v12_0_14_viv_HD7969 |         64 |         64 |       0 |    0 |    64 |      0 |      0 |    0 |          0 |
|               (xst_addsub)                                                      |           integer_addsubc_addsub_v12_0_14_viv_HD7969 |          0 |          0 |       0 |    0 |     0 |      0 |      0 |    0 |          0 |
|               i_baseblox.i_baseblox_addsub                                      |        integer_addsubc_addsub_v12_0_14_legacy_HD7970 |         64 |         64 |       0 |    0 |    64 |      0 |      0 |    0 |          0 |
|                 no_pipelining.the_addsub                                        | integer_addsubc_addsub_v12_0_14_fabric_legacy_HD7971 |         64 |         64 |       0 |    0 |    64 |      0 |      0 |    0 |          0 |
|                   i_lut6.i_lut6_addsub                                          |   integer_addsubc_addsub_v12_0_14_lut6_legacy_HD7972 |         64 |         64 |       0 |    0 |    64 |      0 |      0 |    0 |          0 |
|                     (i_lut6.i_lut6_addsub)                                      |   integer_addsubc_addsub_v12_0_14_lut6_legacy_HD7972 |         64 |         64 |       0 |    0 |     0 |      0 |      0 |    0 |          0 |
|                     i_q.i_simple.qreg                                           |            integer_addsubc_reg_fd_v12_0_6_viv_HD7973 |          0 |          0 |       0 |    0 |    64 |      0 |      0 |    0 |          0 |
|   g_has_mem.glen_mem[32].blk_i                                                  |                      uop_block_wrap__parameterized23 |         36 |         36 |       0 |    0 |   115 |      0 |      0 |    0 |          0 |
|     (g_has_mem.glen_mem[32].blk_i)                                              |                      uop_block_wrap__parameterized23 |          1 |          1 |       0 |    0 |    50 |      0 |      0 |    0 |          0 |
|     core                                                                        |                         uop_block__parameterized23_9 |         35 |         35 |       0 |    0 |    65 |      0 |      0 |    0 |          0 |
|       (core)                                                                    |                         uop_block__parameterized23_9 |          3 |          3 |       0 |    0 |     1 |      0 |      0 |    0 |          0 |
|       g[0].g_normal.alu_i                                                       |                         microop_unit__parameterized4 |         32 |         32 |       0 |    0 |    32 |      0 |      0 |    0 |          0 |
|       g[1].g_normal.alu_i                                                       |                         microop_unit__parameterized1 |          0 |          0 |       0 |    0 |    32 |      0 |      0 |    0 |          0 |
|   g_has_mem.glen_mem[33].blk_i                                                  |                    uop_block_wrap__parameterized23_2 |         35 |         35 |       0 |    0 |   113 |      0 |      0 |    0 |          0 |
|     (g_has_mem.glen_mem[33].blk_i)                                              |                    uop_block_wrap__parameterized23_2 |          0 |          0 |       0 |    0 |    48 |      0 |      0 |    0 |          0 |
|     core                                                                        |                         uop_block__parameterized23_8 |         35 |         35 |       0 |    0 |    65 |      0 |      0 |    0 |          0 |
|       (core)                                                                    |                         uop_block__parameterized23_8 |          3 |          3 |       0 |    0 |     1 |      0 |      0 |    0 |          0 |
|       g[0].g_normal.alu_i                                                       |                      microop_unit__parameterized4__8 |         32 |         32 |       0 |    0 |    32 |      0 |      0 |    0 |          0 |
|       g[1].g_normal.alu_i                                                       |                     microop_unit__parameterized1__14 |          0 |          0 |       0 |    0 |    32 |      0 |      0 |    0 |          0 |
|   g_has_mem.glen_mem[34].blk_i                                                  |           uop_block_wrap__parameterized18__xdcDup__2 |         64 |         64 |       0 |    0 |   198 |      0 |      0 |    0 |          0 |
|     (g_has_mem.glen_mem[34].blk_i)                                              |           uop_block_wrap__parameterized18__xdcDup__2 |          0 |          0 |       0 |    0 |    70 |      0 |      0 |    0 |          0 |
|     core                                                                        |                uop_block__parameterized18__xdcDup__2 |         64 |         64 |       0 |    0 |   128 |      0 |      0 |    0 |          0 |
|       (core)                                                                    |                uop_block__parameterized18__xdcDup__2 |          0 |          0 |       0 |    0 |     0 |      0 |      0 |    0 |          0 |
|       g[0].g_normal.alu_i                                                       |             microop_unit__parameterized11__xdcDup__2 |         64 |         64 |       0 |    0 |   128 |      0 |      0 |    0 |          0 |
|         (g[0].g_normal.alu_i)                                                   |             microop_unit__parameterized11__xdcDup__2 |          0 |          0 |       0 |    0 |    64 |      0 |      0 |    0 |          0 |
|         g_iadd.use_ip.u_addsub                                                  |                                integer_addsub_HD7974 |         64 |         64 |       0 |    0 |    64 |      0 |      0 |    0 |          0 |
|           (g_iadd.use_ip.u_addsub)                                              |                                integer_addsub_HD7974 |          0 |          0 |       0 |    0 |     0 |      0 |      0 |    0 |          0 |
|           U0                                                                    |               integer_addsubc_addsub_v12_0_14_HD7975 |         64 |         64 |       0 |    0 |    64 |      0 |      0 |    0 |          0 |
|             (U0)                                                                |               integer_addsubc_addsub_v12_0_14_HD7975 |          0 |          0 |       0 |    0 |     0 |      0 |      0 |    0 |          0 |
|             xst_addsub                                                          |           integer_addsubc_addsub_v12_0_14_viv_HD7976 |         64 |         64 |       0 |    0 |    64 |      0 |      0 |    0 |          0 |
|               (xst_addsub)                                                      |           integer_addsubc_addsub_v12_0_14_viv_HD7976 |          0 |          0 |       0 |    0 |     0 |      0 |      0 |    0 |          0 |
|               i_baseblox.i_baseblox_addsub                                      |        integer_addsubc_addsub_v12_0_14_legacy_HD7977 |         64 |         64 |       0 |    0 |    64 |      0 |      0 |    0 |          0 |
|                 no_pipelining.the_addsub                                        | integer_addsubc_addsub_v12_0_14_fabric_legacy_HD7978 |         64 |         64 |       0 |    0 |    64 |      0 |      0 |    0 |          0 |
|                   i_lut6.i_lut6_addsub                                          |   integer_addsubc_addsub_v12_0_14_lut6_legacy_HD7979 |         64 |         64 |       0 |    0 |    64 |      0 |      0 |    0 |          0 |
|                     (i_lut6.i_lut6_addsub)                                      |   integer_addsubc_addsub_v12_0_14_lut6_legacy_HD7979 |         64 |         64 |       0 |    0 |     0 |      0 |      0 |    0 |          0 |
|                     i_q.i_simple.qreg                                           |            integer_addsubc_reg_fd_v12_0_6_viv_HD7980 |          0 |          0 |       0 |    0 |    64 |      0 |      0 |    0 |          0 |
|   g_has_mem.glen_mem[35].blk_i                                                  |                      uop_block_wrap__parameterized19 |         71 |         71 |       0 |    0 |   397 |      0 |      0 |    0 |          0 |
|     (g_has_mem.glen_mem[35].blk_i)                                              |                      uop_block_wrap__parameterized19 |          2 |          2 |       0 |    0 |    75 |      0 |      0 |    0 |          0 |
|     core                                                                        |                           uop_block__parameterized19 |         69 |         69 |       0 |    0 |   322 |      0 |      0 |    0 |          0 |
|       (core)                                                                    |                           uop_block__parameterized19 |          5 |          5 |       0 |    0 |     2 |      0 |      0 |    0 |          0 |
|       g[0].g_normal.alu_i                                                       |                                     microop_unit__33 |          0 |          0 |       0 |    0 |    64 |      0 |      0 |    0 |          0 |
|       g[1].g_normal.alu_i                                                       |                                     microop_unit__34 |          0 |          0 |       0 |    0 |    64 |      0 |      0 |    0 |          0 |
|       g[2].g_normal.alu_i                                                       |                        microop_unit__parameterized12 |         64 |         64 |       0 |    0 |   128 |      0 |      0 |    0 |          0 |
|         (g[2].g_normal.alu_i)                                                   |                        microop_unit__parameterized12 |          0 |          0 |       0 |    0 |    64 |      0 |      0 |    0 |          0 |
|         g_iadd.use_ip.u_addsub                                                  |                                integer_addsub_HD7981 |         64 |         64 |       0 |    0 |    64 |      0 |      0 |    0 |          0 |
|           (g_iadd.use_ip.u_addsub)                                              |                                integer_addsub_HD7981 |          0 |          0 |       0 |    0 |     0 |      0 |      0 |    0 |          0 |
|           U0                                                                    |               integer_addsubc_addsub_v12_0_14_HD7982 |         64 |         64 |       0 |    0 |    64 |      0 |      0 |    0 |          0 |
|             (U0)                                                                |               integer_addsubc_addsub_v12_0_14_HD7982 |          0 |          0 |       0 |    0 |     0 |      0 |      0 |    0 |          0 |
|             xst_addsub                                                          |           integer_addsubc_addsub_v12_0_14_viv_HD7983 |         64 |         64 |       0 |    0 |    64 |      0 |      0 |    0 |          0 |
|               (xst_addsub)                                                      |           integer_addsubc_addsub_v12_0_14_viv_HD7983 |          0 |          0 |       0 |    0 |     0 |      0 |      0 |    0 |          0 |
|               i_baseblox.i_baseblox_addsub                                      |        integer_addsubc_addsub_v12_0_14_legacy_HD7984 |         64 |         64 |       0 |    0 |    64 |      0 |      0 |    0 |          0 |
|                 no_pipelining.the_addsub                                        | integer_addsubc_addsub_v12_0_14_fabric_legacy_HD7985 |         64 |         64 |       0 |    0 |    64 |      0 |      0 |    0 |          0 |
|                   i_lut6.i_lut6_addsub                                          |   integer_addsubc_addsub_v12_0_14_lut6_legacy_HD7986 |         64 |         64 |       0 |    0 |    64 |      0 |      0 |    0 |          0 |
|                     (i_lut6.i_lut6_addsub)                                      |   integer_addsubc_addsub_v12_0_14_lut6_legacy_HD7986 |         64 |         64 |       0 |    0 |     0 |      0 |      0 |    0 |          0 |
|                     i_q.i_simple.qreg                                           |            integer_addsubc_reg_fd_v12_0_6_viv_HD7987 |          0 |          0 |       0 |    0 |    64 |      0 |      0 |    0 |          0 |
|       g[3].g_normal.alu_i                                                       |                                     microop_unit__35 |          0 |          0 |       0 |    0 |    64 |      0 |      0 |    0 |          0 |
|   g_has_mem.glen_mem[36].blk_i                                                  |                      uop_block_wrap__parameterized17 |        136 |        136 |       0 |    0 |   397 |      0 |      0 |    0 |          0 |
|     (g_has_mem.glen_mem[36].blk_i)                                              |                      uop_block_wrap__parameterized17 |          2 |          2 |       0 |    0 |    75 |      0 |      0 |    0 |          0 |
|     core                                                                        |                           uop_block__parameterized17 |        134 |        134 |       0 |    0 |   322 |      0 |      0 |    0 |          0 |
|       (core)                                                                    |                           uop_block__parameterized17 |          6 |          6 |       0 |    0 |     2 |      0 |      0 |    0 |          0 |
|       g[0].g_normal.alu_i                                                       |                                         microop_unit |          0 |          0 |       0 |    0 |    64 |      0 |      0 |    0 |          0 |
|       g[1].g_normal.alu_i                                                       |             microop_unit__parameterized0__xdcDup__26 |         64 |         64 |       0 |    0 |   128 |      0 |      0 |    0 |          0 |
|         (g[1].g_normal.alu_i)                                                   |             microop_unit__parameterized0__xdcDup__26 |          0 |          0 |       0 |    0 |    64 |      0 |      0 |    0 |          0 |
|         g_iadd.use_ip.u_addsub                                                  |                                integer_addsub_HD7988 |         64 |         64 |       0 |    0 |    64 |      0 |      0 |    0 |          0 |
|           (g_iadd.use_ip.u_addsub)                                              |                                integer_addsub_HD7988 |          0 |          0 |       0 |    0 |     0 |      0 |      0 |    0 |          0 |
|           U0                                                                    |               integer_addsubc_addsub_v12_0_14_HD7989 |         64 |         64 |       0 |    0 |    64 |      0 |      0 |    0 |          0 |
|             (U0)                                                                |               integer_addsubc_addsub_v12_0_14_HD7989 |          0 |          0 |       0 |    0 |     0 |      0 |      0 |    0 |          0 |
|             xst_addsub                                                          |           integer_addsubc_addsub_v12_0_14_viv_HD7990 |         64 |         64 |       0 |    0 |    64 |      0 |      0 |    0 |          0 |
|               (xst_addsub)                                                      |           integer_addsubc_addsub_v12_0_14_viv_HD7990 |          0 |          0 |       0 |    0 |     0 |      0 |      0 |    0 |          0 |
|               i_baseblox.i_baseblox_addsub                                      |        integer_addsubc_addsub_v12_0_14_legacy_HD7991 |         64 |         64 |       0 |    0 |    64 |      0 |      0 |    0 |          0 |
|                 no_pipelining.the_addsub                                        | integer_addsubc_addsub_v12_0_14_fabric_legacy_HD7992 |         64 |         64 |       0 |    0 |    64 |      0 |      0 |    0 |          0 |
|                   i_lut6.i_lut6_addsub                                          |   integer_addsubc_addsub_v12_0_14_lut6_legacy_HD7993 |         64 |         64 |       0 |    0 |    64 |      0 |      0 |    0 |          0 |
|                     (i_lut6.i_lut6_addsub)                                      |   integer_addsubc_addsub_v12_0_14_lut6_legacy_HD7993 |         64 |         64 |       0 |    0 |     0 |      0 |      0 |    0 |          0 |
|                     i_q.i_simple.qreg                                           |            integer_addsubc_reg_fd_v12_0_6_viv_HD7994 |          0 |          0 |       0 |    0 |    64 |      0 |      0 |    0 |          0 |
|       g[2].g_normal.alu_i                                                       |                         microop_unit__parameterized0 |         64 |         64 |       0 |    0 |   128 |      0 |      0 |    0 |          0 |
|         (g[2].g_normal.alu_i)                                                   |                         microop_unit__parameterized0 |          0 |          0 |       0 |    0 |    64 |      0 |      0 |    0 |          0 |
|         g_iadd.use_ip.u_addsub                                                  |                                integer_addsub_HD7995 |         64 |         64 |       0 |    0 |    64 |      0 |      0 |    0 |          0 |
|           (g_iadd.use_ip.u_addsub)                                              |                                integer_addsub_HD7995 |          0 |          0 |       0 |    0 |     0 |      0 |      0 |    0 |          0 |
|           U0                                                                    |               integer_addsubc_addsub_v12_0_14_HD7996 |         64 |         64 |       0 |    0 |    64 |      0 |      0 |    0 |          0 |
|             (U0)                                                                |               integer_addsubc_addsub_v12_0_14_HD7996 |          0 |          0 |       0 |    0 |     0 |      0 |      0 |    0 |          0 |
|             xst_addsub                                                          |           integer_addsubc_addsub_v12_0_14_viv_HD7997 |         64 |         64 |       0 |    0 |    64 |      0 |      0 |    0 |          0 |
|               (xst_addsub)                                                      |           integer_addsubc_addsub_v12_0_14_viv_HD7997 |          0 |          0 |       0 |    0 |     0 |      0 |      0 |    0 |          0 |
|               i_baseblox.i_baseblox_addsub                                      |        integer_addsubc_addsub_v12_0_14_legacy_HD7998 |         64 |         64 |       0 |    0 |    64 |      0 |      0 |    0 |          0 |
|                 no_pipelining.the_addsub                                        | integer_addsubc_addsub_v12_0_14_fabric_legacy_HD7999 |         64 |         64 |       0 |    0 |    64 |      0 |      0 |    0 |          0 |
|                   i_lut6.i_lut6_addsub                                          |   integer_addsubc_addsub_v12_0_14_lut6_legacy_HD8000 |         64 |         64 |       0 |    0 |    64 |      0 |      0 |    0 |          0 |
|                     (i_lut6.i_lut6_addsub)                                      |   integer_addsubc_addsub_v12_0_14_lut6_legacy_HD8000 |         64 |         64 |       0 |    0 |     0 |      0 |      0 |    0 |          0 |
|                     i_q.i_simple.qreg                                           |            integer_addsubc_reg_fd_v12_0_6_viv_HD8001 |          0 |          0 |       0 |    0 |    64 |      0 |      0 |    0 |          0 |
|   g_has_mem.glen_mem[37].blk_i                                                  |                    uop_block_wrap__parameterized23_3 |         37 |         37 |       0 |    0 |   111 |      0 |      0 |    0 |          0 |
|     (g_has_mem.glen_mem[37].blk_i)                                              |                    uop_block_wrap__parameterized23_3 |          2 |          2 |       0 |    0 |    46 |      0 |      0 |    0 |          0 |
|     core                                                                        |                         uop_block__parameterized23_7 |         35 |         35 |       0 |    0 |    65 |      0 |      0 |    0 |          0 |
|       (core)                                                                    |                         uop_block__parameterized23_7 |          3 |          3 |       0 |    0 |     1 |      0 |      0 |    0 |          0 |
|       g[0].g_normal.alu_i                                                       |                      microop_unit__parameterized4__7 |         32 |         32 |       0 |    0 |    32 |      0 |      0 |    0 |          0 |
|       g[1].g_normal.alu_i                                                       |                     microop_unit__parameterized1__13 |          0 |          0 |       0 |    0 |    32 |      0 |      0 |    0 |          0 |
|   g_has_mem.glen_mem[38].blk_i                                                  |                    uop_block_wrap__parameterized23_4 |         37 |         37 |       0 |    0 |   113 |      0 |      0 |    0 |          0 |
|     (g_has_mem.glen_mem[38].blk_i)                                              |                    uop_block_wrap__parameterized23_4 |          2 |          2 |       0 |    0 |    48 |      0 |      0 |    0 |          0 |
|     core                                                                        |                           uop_block__parameterized23 |         35 |         35 |       0 |    0 |    65 |      0 |      0 |    0 |          0 |
|       (core)                                                                    |                           uop_block__parameterized23 |          3 |          3 |       0 |    0 |     1 |      0 |      0 |    0 |          0 |
|       g[0].g_normal.alu_i                                                       |                      microop_unit__parameterized4__6 |         32 |         32 |       0 |    0 |    32 |      0 |      0 |    0 |          0 |
|       g[1].g_normal.alu_i                                                       |                     microop_unit__parameterized1__12 |          0 |          0 |       0 |    0 |    32 |      0 |      0 |    0 |          0 |
|   g_has_mem.glen_mem[39].blk_i                                                  |                      uop_block_wrap__parameterized18 |         64 |         64 |       0 |    0 |   198 |      0 |      0 |    0 |          0 |
|     (g_has_mem.glen_mem[39].blk_i)                                              |                      uop_block_wrap__parameterized18 |          0 |          0 |       0 |    0 |    70 |      0 |      0 |    0 |          0 |
|     core                                                                        |                           uop_block__parameterized18 |         64 |         64 |       0 |    0 |   128 |      0 |      0 |    0 |          0 |
|       (core)                                                                    |                           uop_block__parameterized18 |          0 |          0 |       0 |    0 |     0 |      0 |      0 |    0 |          0 |
|       g[0].g_normal.alu_i                                                       |                        microop_unit__parameterized11 |         64 |         64 |       0 |    0 |   128 |      0 |      0 |    0 |          0 |
|         (g[0].g_normal.alu_i)                                                   |                        microop_unit__parameterized11 |          0 |          0 |       0 |    0 |    64 |      0 |      0 |    0 |          0 |
|         g_iadd.use_ip.u_addsub                                                  |                                integer_addsub_HD8002 |         64 |         64 |       0 |    0 |    64 |      0 |      0 |    0 |          0 |
|           (g_iadd.use_ip.u_addsub)                                              |                                integer_addsub_HD8002 |          0 |          0 |       0 |    0 |     0 |      0 |      0 |    0 |          0 |
|           U0                                                                    |               integer_addsubc_addsub_v12_0_14_HD8003 |         64 |         64 |       0 |    0 |    64 |      0 |      0 |    0 |          0 |
|             (U0)                                                                |               integer_addsubc_addsub_v12_0_14_HD8003 |          0 |          0 |       0 |    0 |     0 |      0 |      0 |    0 |          0 |
|             xst_addsub                                                          |           integer_addsubc_addsub_v12_0_14_viv_HD8004 |         64 |         64 |       0 |    0 |    64 |      0 |      0 |    0 |          0 |
|               (xst_addsub)                                                      |           integer_addsubc_addsub_v12_0_14_viv_HD8004 |          0 |          0 |       0 |    0 |     0 |      0 |      0 |    0 |          0 |
|               i_baseblox.i_baseblox_addsub                                      |        integer_addsubc_addsub_v12_0_14_legacy_HD8005 |         64 |         64 |       0 |    0 |    64 |      0 |      0 |    0 |          0 |
|                 no_pipelining.the_addsub                                        | integer_addsubc_addsub_v12_0_14_fabric_legacy_HD8006 |         64 |         64 |       0 |    0 |    64 |      0 |      0 |    0 |          0 |
|                   i_lut6.i_lut6_addsub                                          |   integer_addsubc_addsub_v12_0_14_lut6_legacy_HD8007 |         64 |         64 |       0 |    0 |    64 |      0 |      0 |    0 |          0 |
|                     (i_lut6.i_lut6_addsub)                                      |   integer_addsubc_addsub_v12_0_14_lut6_legacy_HD8007 |         64 |         64 |       0 |    0 |     0 |      0 |      0 |    0 |          0 |
|                     i_q.i_simple.qreg                                           |            integer_addsubc_reg_fd_v12_0_6_viv_HD8008 |          0 |          0 |       0 |    0 |    64 |      0 |      0 |    0 |          0 |
|   g_has_mem.glen_mem[3].blk_i                                                   |                       uop_block_wrap__parameterized2 |          3 |          3 |       0 |    0 |   112 |      0 |      0 |    0 |          0 |
|     (g_has_mem.glen_mem[3].blk_i)                                               |                       uop_block_wrap__parameterized2 |          0 |          0 |       0 |    0 |    47 |      0 |      0 |    0 |          0 |
|     core                                                                        |                          uop_block__parameterized2_6 |          3 |          3 |       0 |    0 |    65 |      0 |      0 |    0 |          0 |
|       (core)                                                                    |                          uop_block__parameterized2_6 |          3 |          3 |       0 |    0 |     1 |      0 |      0 |    0 |          0 |
|       g[0].g_normal.alu_i                                                       |                      microop_unit__parameterized1__7 |          0 |          0 |       0 |    0 |    32 |      0 |      0 |    0 |          0 |
|       g[1].g_normal.alu_i                                                       |                      microop_unit__parameterized2__2 |          0 |          0 |       0 |    0 |    32 |      0 |      0 |    0 |          0 |
|   g_has_mem.glen_mem[4].blk_i                                                   |                       uop_block_wrap__parameterized3 |         37 |         37 |       0 |    0 |   174 |      0 |      0 |    0 |          0 |
|     (g_has_mem.glen_mem[4].blk_i)                                               |                       uop_block_wrap__parameterized3 |          0 |          0 |       0 |    0 |    44 |      0 |      0 |    0 |          0 |
|     core                                                                        |                            uop_block__parameterized3 |         37 |         37 |       0 |    0 |   130 |      0 |      0 |    0 |          0 |
|       (core)                                                                    |                            uop_block__parameterized3 |          5 |          5 |       0 |    0 |     2 |      0 |      0 |    0 |          0 |
|       g[0].g_normal.alu_i                                                       |                      microop_unit__parameterized1__8 |          0 |          0 |       0 |    0 |    32 |      0 |      0 |    0 |          0 |
|       g[1].g_normal.alu_i                                                       |                         microop_unit__parameterized3 |         32 |         32 |       0 |    0 |    32 |      0 |      0 |    0 |          0 |
|       g[2].g_normal.alu_i                                                       |                      microop_unit__parameterized1__9 |          0 |          0 |       0 |    0 |    32 |      0 |      0 |    0 |          0 |
|       g[3].g_normal.alu_i                                                       |                      microop_unit__parameterized2__3 |          0 |          0 |       0 |    0 |    32 |      0 |      0 |    0 |          0 |
|   g_has_mem.glen_mem[5].blk_i                                                   |                       uop_block_wrap__parameterized4 |         67 |         67 |       0 |    0 |   268 |      0 |      0 |    0 |          0 |
|     (g_has_mem.glen_mem[5].blk_i)                                               |                       uop_block_wrap__parameterized4 |          0 |          0 |       0 |    0 |    75 |      0 |      0 |    0 |          0 |
|     core                                                                        |                            uop_block__parameterized4 |         67 |         67 |       0 |    0 |   193 |      0 |      0 |    0 |          0 |
|       (core)                                                                    |                            uop_block__parameterized4 |          3 |          3 |       0 |    0 |     1 |      0 |      0 |    0 |          0 |
|       g[0].g_normal.alu_i                                                       |                                     microop_unit__13 |          0 |          0 |       0 |    0 |    64 |      0 |      0 |    0 |          0 |
|       g[1].g_normal.alu_i                                                       |              microop_unit__parameterized0__xdcDup__8 |         64 |         64 |       0 |    0 |   128 |      0 |      0 |    0 |          0 |
|         (g[1].g_normal.alu_i)                                                   |              microop_unit__parameterized0__xdcDup__8 |          0 |          0 |       0 |    0 |    64 |      0 |      0 |    0 |          0 |
|         g_iadd.use_ip.u_addsub                                                  |                                integer_addsub_HD8009 |         64 |         64 |       0 |    0 |    64 |      0 |      0 |    0 |          0 |
|           (g_iadd.use_ip.u_addsub)                                              |                                integer_addsub_HD8009 |          0 |          0 |       0 |    0 |     0 |      0 |      0 |    0 |          0 |
|           U0                                                                    |               integer_addsubc_addsub_v12_0_14_HD8010 |         64 |         64 |       0 |    0 |    64 |      0 |      0 |    0 |          0 |
|             (U0)                                                                |               integer_addsubc_addsub_v12_0_14_HD8010 |          0 |          0 |       0 |    0 |     0 |      0 |      0 |    0 |          0 |
|             xst_addsub                                                          |           integer_addsubc_addsub_v12_0_14_viv_HD8011 |         64 |         64 |       0 |    0 |    64 |      0 |      0 |    0 |          0 |
|               (xst_addsub)                                                      |           integer_addsubc_addsub_v12_0_14_viv_HD8011 |          0 |          0 |       0 |    0 |     0 |      0 |      0 |    0 |          0 |
|               i_baseblox.i_baseblox_addsub                                      |        integer_addsubc_addsub_v12_0_14_legacy_HD8012 |         64 |         64 |       0 |    0 |    64 |      0 |      0 |    0 |          0 |
|                 no_pipelining.the_addsub                                        | integer_addsubc_addsub_v12_0_14_fabric_legacy_HD8013 |         64 |         64 |       0 |    0 |    64 |      0 |      0 |    0 |          0 |
|                   i_lut6.i_lut6_addsub                                          |   integer_addsubc_addsub_v12_0_14_lut6_legacy_HD8014 |         64 |         64 |       0 |    0 |    64 |      0 |      0 |    0 |          0 |
|                     (i_lut6.i_lut6_addsub)                                      |   integer_addsubc_addsub_v12_0_14_lut6_legacy_HD8014 |         64 |         64 |       0 |    0 |     0 |      0 |      0 |    0 |          0 |
|                     i_q.i_simple.qreg                                           |            integer_addsubc_reg_fd_v12_0_6_viv_HD8015 |          0 |          0 |       0 |    0 |    64 |      0 |      0 |    0 |          0 |
|   g_has_mem.glen_mem[6].blk_i                                                   |                       uop_block_wrap__parameterized5 |        642 |        204 |       0 |  438 |  1874 |      0 |      0 |    0 |         32 |
|     (g_has_mem.glen_mem[6].blk_i)                                               |                       uop_block_wrap__parameterized5 |          1 |          1 |       0 |    0 |    76 |      0 |      0 |    0 |          0 |
|     core                                                                        |                            uop_block__parameterized5 |        641 |        203 |       0 |  438 |  1798 |      0 |      0 |    0 |         32 |
|       (core)                                                                    |                            uop_block__parameterized5 |         11 |         11 |       0 |    0 |     4 |      0 |      0 |    0 |          0 |
|       g[0].g_normal.alu_i                                                       |                                     microop_unit__14 |          0 |          0 |       0 |    0 |    64 |      0 |      0 |    0 |          0 |
|       g[10].g_normal.alu_i                                                      |                                     microop_unit__17 |          0 |          0 |       0 |    0 |    64 |      0 |      0 |    0 |          0 |
|       g[11].g_normal.alu_i                                                      |             microop_unit__parameterized0__xdcDup__10 |         64 |         64 |       0 |    0 |   128 |      0 |      0 |    0 |          0 |
|         (g[11].g_normal.alu_i)                                                  |             microop_unit__parameterized0__xdcDup__10 |          0 |          0 |       0 |    0 |    64 |      0 |      0 |    0 |          0 |
|         g_iadd.use_ip.u_addsub                                                  |                                integer_addsub_HD8023 |         64 |         64 |       0 |    0 |    64 |      0 |      0 |    0 |          0 |
|           (g_iadd.use_ip.u_addsub)                                              |                                integer_addsub_HD8023 |          0 |          0 |       0 |    0 |     0 |      0 |      0 |    0 |          0 |
|           U0                                                                    |               integer_addsubc_addsub_v12_0_14_HD8024 |         64 |         64 |       0 |    0 |    64 |      0 |      0 |    0 |          0 |
|             (U0)                                                                |               integer_addsubc_addsub_v12_0_14_HD8024 |          0 |          0 |       0 |    0 |     0 |      0 |      0 |    0 |          0 |
|             xst_addsub                                                          |           integer_addsubc_addsub_v12_0_14_viv_HD8025 |         64 |         64 |       0 |    0 |    64 |      0 |      0 |    0 |          0 |
|               (xst_addsub)                                                      |           integer_addsubc_addsub_v12_0_14_viv_HD8025 |          0 |          0 |       0 |    0 |     0 |      0 |      0 |    0 |          0 |
|               i_baseblox.i_baseblox_addsub                                      |        integer_addsubc_addsub_v12_0_14_legacy_HD8026 |         64 |         64 |       0 |    0 |    64 |      0 |      0 |    0 |          0 |
|                 no_pipelining.the_addsub                                        | integer_addsubc_addsub_v12_0_14_fabric_legacy_HD8027 |         64 |         64 |       0 |    0 |    64 |      0 |      0 |    0 |          0 |
|                   i_lut6.i_lut6_addsub                                          |   integer_addsubc_addsub_v12_0_14_lut6_legacy_HD8028 |         64 |         64 |       0 |    0 |    64 |      0 |      0 |    0 |          0 |
|                     (i_lut6.i_lut6_addsub)                                      |   integer_addsubc_addsub_v12_0_14_lut6_legacy_HD8028 |         64 |         64 |       0 |    0 |     0 |      0 |      0 |    0 |          0 |
|                     i_q.i_simple.qreg                                           |            integer_addsubc_reg_fd_v12_0_6_viv_HD8029 |          0 |          0 |       0 |    0 |    64 |      0 |      0 |    0 |          0 |
|       g[12].g_normal.alu_i                                                      |                                     microop_unit__18 |          0 |          0 |       0 |    0 |    64 |      0 |      0 |    0 |          0 |
|       g[1].g_normal.alu_i                                                       |                      microop_unit__parameterized4__1 |         32 |         32 |       0 |    0 |    32 |      0 |      0 |    0 |          0 |
|       g[2].g_normal.alu_i                                                       |                      microop_unit__parameterized5__2 |          0 |          0 |       0 |    0 |    32 |      0 |      0 |    0 |          0 |
|       g[3].g_normal.alu_i                                                       |                                     microop_unit__15 |          0 |          0 |       0 |    0 |    64 |      0 |      0 |    0 |          0 |
|       g[4].g_normal.alu_i                                                       |              microop_unit__parameterized6__xdcDup__1 |        219 |          0 |       0 |  219 |   545 |      0 |      0 |    0 |         16 |
|         (g[4].g_normal.alu_i)                                                   |              microop_unit__parameterized6__xdcDup__1 |          0 |          0 |       0 |    0 |    64 |      0 |      0 |    0 |          0 |
|         g_imul.mul64_ip.mul_i                                                   |                                          integer_mul |        219 |          0 |       0 |  219 |   481 |      0 |      0 |    0 |         16 |
|           (g_imul.mul64_ip.mul_i)                                               |                                          integer_mul |          0 |          0 |       0 |    0 |     0 |      0 |      0 |    0 |          0 |
|           U0                                                                    |                         integer_mulmult_gen_v12_0_16 |        219 |          0 |       0 |  219 |   481 |      0 |      0 |    0 |         16 |
|             (U0)                                                                |                         integer_mulmult_gen_v12_0_16 |          0 |          0 |       0 |    0 |     0 |      0 |      0 |    0 |          0 |
|             i_mult                                                              |                     integer_mulmult_gen_v12_0_16_viv |        219 |          0 |       0 |  219 |   481 |      0 |      0 |    0 |         16 |
|               (i_mult)                                                          |                     integer_mulmult_gen_v12_0_16_viv |          0 |          0 |       0 |    0 |     0 |      0 |      0 |    0 |          0 |
|               gDSP.gDSP_only.iDSP                                               |                                       integer_muldsp |        219 |          0 |       0 |  219 |   481 |      0 |      0 |    0 |         16 |
|                 (gDSP.gDSP_only.iDSP)                                           |                                       integer_muldsp |          0 |          0 |       0 |    0 |     0 |      0 |      0 |    0 |         16 |
|                 use_prim.appDSP48[0].bppDSP48[0].need_output_delay.output_delay |               integer_muldelay_line__parameterized16 |          9 |          0 |       0 |    9 |    17 |      0 |      0 |    0 |          0 |
|                 use_prim.appDSP48[0].bppDSP48[2].need_output_delay.output_delay |               integer_muldelay_line__parameterized18 |          9 |          0 |       0 |    9 |    17 |      0 |      0 |    0 |          0 |
|                 use_prim.appDSP48[1].bppDSP48[0].need_output_delay.output_delay |               integer_muldelay_line__parameterized19 |          9 |          0 |       0 |    9 |    17 |      0 |      0 |    0 |          0 |
|                 use_prim.appDSP48[1].bppDSP48[3].need_output_delay.output_delay |               integer_muldelay_line__parameterized20 |          9 |          0 |       0 |    9 |    17 |      0 |      0 |    0 |          0 |
|                 use_prim.appDSP48[3].bppDSP48[0].need_output_delay.output_delay |               integer_muldelay_line__parameterized21 |          9 |          0 |       0 |    9 |    17 |      0 |      0 |    0 |          0 |
|                 use_prim.appDSP48[3].bppDSP48[2].need_output_delay.output_delay |               integer_muldelay_line__parameterized22 |          0 |          0 |       0 |    0 |    17 |      0 |      0 |    0 |          0 |
|                 use_prim.iAdelx[0].iAdely[2].use_delay_line.Adelay              |                integer_muldelay_line__parameterized0 |          9 |          0 |       0 |    9 |    18 |      0 |      0 |    0 |          0 |
|                 use_prim.iAdelx[1].iAdely[1].use_delay_line.Adelay              |                integer_muldelay_line__parameterized1 |          9 |          0 |       0 |    9 |    18 |      0 |      0 |    0 |          0 |
|                 use_prim.iAdelx[1].iAdely[2].use_delay_line.Adelay              |                integer_muldelay_line__parameterized2 |          9 |          0 |       0 |    9 |    18 |      0 |      0 |    0 |          0 |
|                 use_prim.iAdelx[1].iAdely[3].use_delay_line.Adelay              |                integer_muldelay_line__parameterized3 |          9 |          0 |       0 |    9 |    18 |      0 |      0 |    0 |          0 |
|                 use_prim.iAdelx[2].iAdely[0].use_delay_line.Adelay              |                integer_muldelay_line__parameterized4 |          0 |          0 |       0 |    0 |    17 |      0 |      0 |    0 |          0 |
|                 use_prim.iAdelx[2].iAdely[1].use_delay_line.Adelay              |                integer_muldelay_line__parameterized5 |          9 |          0 |       0 |    9 |    18 |      0 |      0 |    0 |          0 |
|                 use_prim.iAdelx[2].iAdely[2].use_delay_line.Adelay              |                integer_muldelay_line__parameterized6 |          9 |          0 |       0 |    9 |    18 |      0 |      0 |    0 |          0 |
|                 use_prim.iAdelx[2].iAdely[3].use_delay_line.Adelay              |                integer_muldelay_line__parameterized7 |          9 |          0 |       0 |    9 |    18 |      0 |      0 |    0 |          0 |
|                 use_prim.iAdelx[3].iAdely[0].use_delay_line.Adelay              |                integer_muldelay_line__parameterized8 |          7 |          0 |       0 |    7 |    13 |      0 |      0 |    0 |          0 |
|                 use_prim.iAdelx[3].iAdely[2].use_delay_line.Adelay              |                integer_muldelay_line__parameterized9 |          7 |          0 |       0 |    7 |    13 |      0 |      0 |    0 |          0 |
|                 use_prim.iBdelx[0].iBdely[2].need_delay_line.Bdelay             |              integer_muldelay_line__parameterized0_0 |          9 |          0 |       0 |    9 |    18 |      0 |      0 |    0 |          0 |
|                 use_prim.iBdelx[0].iBdely[3].need_delay_line.Bdelay             |               integer_muldelay_line__parameterized10 |          9 |          0 |       0 |    9 |    18 |      0 |      0 |    0 |          0 |
|                 use_prim.iBdelx[1].iBdely[0].need_delay_line.Bdelay             |              integer_muldelay_line__parameterized4_1 |          0 |          0 |       0 |    0 |    17 |      0 |      0 |    0 |          0 |
|                 use_prim.iBdelx[1].iBdely[1].need_delay_line.Bdelay             |              integer_muldelay_line__parameterized1_2 |          9 |          0 |       0 |    9 |    18 |      0 |      0 |    0 |          0 |
|                 use_prim.iBdelx[1].iBdely[2].need_delay_line.Bdelay             |              integer_muldelay_line__parameterized2_3 |          9 |          0 |       0 |    9 |    18 |      0 |      0 |    0 |          0 |
|                 use_prim.iBdelx[1].iBdely[3].need_delay_line.Bdelay             |              integer_muldelay_line__parameterized3_4 |          9 |          0 |       0 |    9 |    18 |      0 |      0 |    0 |          0 |
|                 use_prim.iBdelx[2].iBdely[1].need_delay_line.Bdelay             |              integer_muldelay_line__parameterized5_5 |          9 |          0 |       0 |    9 |    18 |      0 |      0 |    0 |          0 |
|                 use_prim.iBdelx[2].iBdely[2].need_delay_line.Bdelay             |              integer_muldelay_line__parameterized6_6 |          9 |          0 |       0 |    9 |    18 |      0 |      0 |    0 |          0 |
|                 use_prim.iBdelx[3].iBdely[0].need_delay_line.Bdelay             |               integer_muldelay_line__parameterized11 |          9 |          0 |       0 |    9 |    18 |      0 |      0 |    0 |          0 |
|                 use_prim.iBdelx[3].iBdely[1].need_delay_line.Bdelay             |               integer_muldelay_line__parameterized12 |          9 |          0 |       0 |    9 |    18 |      0 |      0 |    0 |          0 |
|                 use_prim.iBdelx[3].iBdely[2].need_delay_line.Bdelay             |               integer_muldelay_line__parameterized13 |          9 |          0 |       0 |    9 |    18 |      0 |      0 |    0 |          0 |
|                 use_prim.iBdelx[3].iBdely[3].need_delay_line.Bdelay             |               integer_muldelay_line__parameterized14 |          7 |          0 |       0 |    7 |    13 |      0 |      0 |    0 |          0 |
|       g[5].g_normal.alu_i                                                       |              microop_unit__parameterized0__xdcDup__9 |         64 |         64 |       0 |    0 |   128 |      0 |      0 |    0 |          0 |
|         (g[5].g_normal.alu_i)                                                   |              microop_unit__parameterized0__xdcDup__9 |          0 |          0 |       0 |    0 |    64 |      0 |      0 |    0 |          0 |
|         g_iadd.use_ip.u_addsub                                                  |                                integer_addsub_HD8016 |         64 |         64 |       0 |    0 |    64 |      0 |      0 |    0 |          0 |
|           (g_iadd.use_ip.u_addsub)                                              |                                integer_addsub_HD8016 |          0 |          0 |       0 |    0 |     0 |      0 |      0 |    0 |          0 |
|           U0                                                                    |               integer_addsubc_addsub_v12_0_14_HD8017 |         64 |         64 |       0 |    0 |    64 |      0 |      0 |    0 |          0 |
|             (U0)                                                                |               integer_addsubc_addsub_v12_0_14_HD8017 |          0 |          0 |       0 |    0 |     0 |      0 |      0 |    0 |          0 |
|             xst_addsub                                                          |           integer_addsubc_addsub_v12_0_14_viv_HD8018 |         64 |         64 |       0 |    0 |    64 |      0 |      0 |    0 |          0 |
|               (xst_addsub)                                                      |           integer_addsubc_addsub_v12_0_14_viv_HD8018 |          0 |          0 |       0 |    0 |     0 |      0 |      0 |    0 |          0 |
|               i_baseblox.i_baseblox_addsub                                      |        integer_addsubc_addsub_v12_0_14_legacy_HD8019 |         64 |         64 |       0 |    0 |    64 |      0 |      0 |    0 |          0 |
|                 no_pipelining.the_addsub                                        | integer_addsubc_addsub_v12_0_14_fabric_legacy_HD8020 |         64 |         64 |       0 |    0 |    64 |      0 |      0 |    0 |          0 |
|                   i_lut6.i_lut6_addsub                                          |   integer_addsubc_addsub_v12_0_14_lut6_legacy_HD8021 |         64 |         64 |       0 |    0 |    64 |      0 |      0 |    0 |          0 |
|                     (i_lut6.i_lut6_addsub)                                      |   integer_addsubc_addsub_v12_0_14_lut6_legacy_HD8021 |         64 |         64 |       0 |    0 |     0 |      0 |      0 |    0 |          0 |
|                     i_q.i_simple.qreg                                           |            integer_addsubc_reg_fd_v12_0_6_viv_HD8022 |          0 |          0 |       0 |    0 |    64 |      0 |      0 |    0 |          0 |
|       g[6].g_normal.alu_i                                                       |                                     microop_unit__16 |          0 |          0 |       0 |    0 |    64 |      0 |      0 |    0 |          0 |
|       g[7].g_normal.alu_i                                                       |                      microop_unit__parameterized4__2 |         32 |         32 |       0 |    0 |    32 |      0 |      0 |    0 |          0 |
|       g[8].g_normal.alu_i                                                       |                      microop_unit__parameterized5__3 |          0 |          0 |       0 |    0 |    32 |      0 |      0 |    0 |          0 |
|       g[9].g_normal.alu_i                                                       |                         microop_unit__parameterized6 |        219 |          0 |       0 |  219 |   545 |      0 |      0 |    0 |         16 |
|         (g[9].g_normal.alu_i)                                                   |                         microop_unit__parameterized6 |          0 |          0 |       0 |    0 |    64 |      0 |      0 |    0 |          0 |
|         g_imul.mul64_ip.mul_i                                                   |                                   integer_mul_HD8038 |        219 |          0 |       0 |  219 |   481 |      0 |      0 |    0 |         16 |
|           (g_imul.mul64_ip.mul_i)                                               |                                   integer_mul_HD8038 |          0 |          0 |       0 |    0 |     0 |      0 |      0 |    0 |          0 |
|           U0                                                                    |                  integer_mulmult_gen_v12_0_16_HD8039 |        219 |          0 |       0 |  219 |   481 |      0 |      0 |    0 |         16 |
|             (U0)                                                                |                  integer_mulmult_gen_v12_0_16_HD8039 |          0 |          0 |       0 |    0 |     0 |      0 |      0 |    0 |          0 |
|             i_mult                                                              |              integer_mulmult_gen_v12_0_16_viv_HD8040 |        219 |          0 |       0 |  219 |   481 |      0 |      0 |    0 |         16 |
|               (i_mult)                                                          |              integer_mulmult_gen_v12_0_16_viv_HD8040 |          0 |          0 |       0 |    0 |     0 |      0 |      0 |    0 |          0 |
|               gDSP.gDSP_only.iDSP                                               |                                integer_muldsp_HD8041 |        219 |          0 |       0 |  219 |   481 |      0 |      0 |    0 |         16 |
|                 (gDSP.gDSP_only.iDSP)                                           |                                integer_muldsp_HD8041 |          0 |          0 |       0 |    0 |     0 |      0 |      0 |    0 |         16 |
|                 use_prim.appDSP48[0].bppDSP48[0].need_output_delay.output_delay |        integer_muldelay_line__parameterized16_HD8042 |          9 |          0 |       0 |    9 |    17 |      0 |      0 |    0 |          0 |
|                 use_prim.appDSP48[0].bppDSP48[2].need_output_delay.output_delay |        integer_muldelay_line__parameterized18_HD8043 |          9 |          0 |       0 |    9 |    17 |      0 |      0 |    0 |          0 |
|                 use_prim.appDSP48[1].bppDSP48[0].need_output_delay.output_delay |        integer_muldelay_line__parameterized19_HD8044 |          9 |          0 |       0 |    9 |    17 |      0 |      0 |    0 |          0 |
|                 use_prim.appDSP48[1].bppDSP48[3].need_output_delay.output_delay |        integer_muldelay_line__parameterized20_HD8045 |          9 |          0 |       0 |    9 |    17 |      0 |      0 |    0 |          0 |
|                 use_prim.appDSP48[3].bppDSP48[0].need_output_delay.output_delay |        integer_muldelay_line__parameterized21_HD8046 |          9 |          0 |       0 |    9 |    17 |      0 |      0 |    0 |          0 |
|                 use_prim.appDSP48[3].bppDSP48[2].need_output_delay.output_delay |        integer_muldelay_line__parameterized22_HD8047 |          0 |          0 |       0 |    0 |    17 |      0 |      0 |    0 |          0 |
|                 use_prim.iAdelx[0].iAdely[2].use_delay_line.Adelay              |         integer_muldelay_line__parameterized0_HD8048 |          9 |          0 |       0 |    9 |    18 |      0 |      0 |    0 |          0 |
|                 use_prim.iAdelx[1].iAdely[1].use_delay_line.Adelay              |         integer_muldelay_line__parameterized1_HD8049 |          9 |          0 |       0 |    9 |    18 |      0 |      0 |    0 |          0 |
|                 use_prim.iAdelx[1].iAdely[2].use_delay_line.Adelay              |         integer_muldelay_line__parameterized2_HD8050 |          9 |          0 |       0 |    9 |    18 |      0 |      0 |    0 |          0 |
|                 use_prim.iAdelx[1].iAdely[3].use_delay_line.Adelay              |         integer_muldelay_line__parameterized3_HD8051 |          9 |          0 |       0 |    9 |    18 |      0 |      0 |    0 |          0 |
|                 use_prim.iAdelx[2].iAdely[0].use_delay_line.Adelay              |         integer_muldelay_line__parameterized4_HD8052 |          0 |          0 |       0 |    0 |    17 |      0 |      0 |    0 |          0 |
|                 use_prim.iAdelx[2].iAdely[1].use_delay_line.Adelay              |         integer_muldelay_line__parameterized5_HD8053 |          9 |          0 |       0 |    9 |    18 |      0 |      0 |    0 |          0 |
|                 use_prim.iAdelx[2].iAdely[2].use_delay_line.Adelay              |         integer_muldelay_line__parameterized6_HD8054 |          9 |          0 |       0 |    9 |    18 |      0 |      0 |    0 |          0 |
|                 use_prim.iAdelx[2].iAdely[3].use_delay_line.Adelay              |         integer_muldelay_line__parameterized7_HD8055 |          9 |          0 |       0 |    9 |    18 |      0 |      0 |    0 |          0 |
|                 use_prim.iAdelx[3].iAdely[0].use_delay_line.Adelay              |         integer_muldelay_line__parameterized8_HD8056 |          7 |          0 |       0 |    7 |    13 |      0 |      0 |    0 |          0 |
|                 use_prim.iAdelx[3].iAdely[2].use_delay_line.Adelay              |         integer_muldelay_line__parameterized9_HD8057 |          7 |          0 |       0 |    7 |    13 |      0 |      0 |    0 |          0 |
|                 use_prim.iBdelx[0].iBdely[2].need_delay_line.Bdelay             |       integer_muldelay_line__parameterized0_0_HD8058 |          9 |          0 |       0 |    9 |    18 |      0 |      0 |    0 |          0 |
|                 use_prim.iBdelx[0].iBdely[3].need_delay_line.Bdelay             |        integer_muldelay_line__parameterized10_HD8059 |          9 |          0 |       0 |    9 |    18 |      0 |      0 |    0 |          0 |
|                 use_prim.iBdelx[1].iBdely[0].need_delay_line.Bdelay             |       integer_muldelay_line__parameterized4_1_HD8060 |          0 |          0 |       0 |    0 |    17 |      0 |      0 |    0 |          0 |
|                 use_prim.iBdelx[1].iBdely[1].need_delay_line.Bdelay             |       integer_muldelay_line__parameterized1_2_HD8061 |          9 |          0 |       0 |    9 |    18 |      0 |      0 |    0 |          0 |
|                 use_prim.iBdelx[1].iBdely[2].need_delay_line.Bdelay             |       integer_muldelay_line__parameterized2_3_HD8062 |          9 |          0 |       0 |    9 |    18 |      0 |      0 |    0 |          0 |
|                 use_prim.iBdelx[1].iBdely[3].need_delay_line.Bdelay             |       integer_muldelay_line__parameterized3_4_HD8063 |          9 |          0 |       0 |    9 |    18 |      0 |      0 |    0 |          0 |
|                 use_prim.iBdelx[2].iBdely[1].need_delay_line.Bdelay             |       integer_muldelay_line__parameterized5_5_HD8064 |          9 |          0 |       0 |    9 |    18 |      0 |      0 |    0 |          0 |
|                 use_prim.iBdelx[2].iBdely[2].need_delay_line.Bdelay             |       integer_muldelay_line__parameterized6_6_HD8065 |          9 |          0 |       0 |    9 |    18 |      0 |      0 |    0 |          0 |
|                 use_prim.iBdelx[3].iBdely[0].need_delay_line.Bdelay             |        integer_muldelay_line__parameterized11_HD8066 |          9 |          0 |       0 |    9 |    18 |      0 |      0 |    0 |          0 |
|                 use_prim.iBdelx[3].iBdely[1].need_delay_line.Bdelay             |        integer_muldelay_line__parameterized12_HD8067 |          9 |          0 |       0 |    9 |    18 |      0 |      0 |    0 |          0 |
|                 use_prim.iBdelx[3].iBdely[2].need_delay_line.Bdelay             |        integer_muldelay_line__parameterized13_HD8068 |          9 |          0 |       0 |    9 |    18 |      0 |      0 |    0 |          0 |
|                 use_prim.iBdelx[3].iBdely[3].need_delay_line.Bdelay             |        integer_muldelay_line__parameterized14_HD8069 |          7 |          0 |       0 |    7 |    13 |      0 |      0 |    0 |          0 |
|   g_has_mem.glen_mem[7].blk_i                                                   |            uop_block_wrap__parameterized6__xdcDup__1 |        130 |        130 |       0 |    0 |   272 |      0 |      0 |    0 |          0 |
|     (g_has_mem.glen_mem[7].blk_i)                                               |            uop_block_wrap__parameterized6__xdcDup__1 |          0 |          0 |       0 |    0 |    79 |      0 |      0 |    0 |          0 |
|     core                                                                        |                 uop_block__parameterized6__xdcDup__1 |        130 |        130 |       0 |    0 |   193 |      0 |      0 |    0 |          0 |
|       (core)                                                                    |                 uop_block__parameterized6__xdcDup__1 |          2 |          2 |       0 |    0 |     1 |      0 |      0 |    0 |          0 |
|       g[0].g_normal.alu_i                                                       |                      microop_unit__parameterized7__5 |         64 |         64 |       0 |    0 |    64 |      0 |      0 |    0 |          0 |
|       g[1].g_normal.alu_i                                                       |             microop_unit__parameterized0__xdcDup__11 |         64 |         64 |       0 |    0 |   128 |      0 |      0 |    0 |          0 |
|         (g[1].g_normal.alu_i)                                                   |             microop_unit__parameterized0__xdcDup__11 |          0 |          0 |       0 |    0 |    64 |      0 |      0 |    0 |          0 |
|         g_iadd.use_ip.u_addsub                                                  |                                integer_addsub_HD8030 |         64 |         64 |       0 |    0 |    64 |      0 |      0 |    0 |          0 |
|           (g_iadd.use_ip.u_addsub)                                              |                                integer_addsub_HD8030 |          0 |          0 |       0 |    0 |     0 |      0 |      0 |    0 |          0 |
|           U0                                                                    |               integer_addsubc_addsub_v12_0_14_HD8031 |         64 |         64 |       0 |    0 |    64 |      0 |      0 |    0 |          0 |
|             (U0)                                                                |               integer_addsubc_addsub_v12_0_14_HD8031 |          0 |          0 |       0 |    0 |     0 |      0 |      0 |    0 |          0 |
|             xst_addsub                                                          |           integer_addsubc_addsub_v12_0_14_viv_HD8032 |         64 |         64 |       0 |    0 |    64 |      0 |      0 |    0 |          0 |
|               (xst_addsub)                                                      |           integer_addsubc_addsub_v12_0_14_viv_HD8032 |          0 |          0 |       0 |    0 |     0 |      0 |      0 |    0 |          0 |
|               i_baseblox.i_baseblox_addsub                                      |        integer_addsubc_addsub_v12_0_14_legacy_HD8033 |         64 |         64 |       0 |    0 |    64 |      0 |      0 |    0 |          0 |
|                 no_pipelining.the_addsub                                        | integer_addsubc_addsub_v12_0_14_fabric_legacy_HD8034 |         64 |         64 |       0 |    0 |    64 |      0 |      0 |    0 |          0 |
|                   i_lut6.i_lut6_addsub                                          |   integer_addsubc_addsub_v12_0_14_lut6_legacy_HD8035 |         64 |         64 |       0 |    0 |    64 |      0 |      0 |    0 |          0 |
|                     (i_lut6.i_lut6_addsub)                                      |   integer_addsubc_addsub_v12_0_14_lut6_legacy_HD8035 |         64 |         64 |       0 |    0 |     0 |      0 |      0 |    0 |          0 |
|                     i_q.i_simple.qreg                                           |            integer_addsubc_reg_fd_v12_0_6_viv_HD8036 |          0 |          0 |       0 |    0 |    64 |      0 |      0 |    0 |          0 |
|   g_has_mem.glen_mem[8].blk_i                                                   |                     uop_block_wrap__parameterized2_5 |          6 |          6 |       0 |    0 |   113 |      0 |      0 |    0 |          0 |
|     (g_has_mem.glen_mem[8].blk_i)                                               |                     uop_block_wrap__parameterized2_5 |          3 |          3 |       0 |    0 |    48 |      0 |      0 |    0 |          0 |
|     core                                                                        |                            uop_block__parameterized2 |          3 |          3 |       0 |    0 |    65 |      0 |      0 |    0 |          0 |
|       (core)                                                                    |                            uop_block__parameterized2 |          3 |          3 |       0 |    0 |     1 |      0 |      0 |    0 |          0 |
|       g[0].g_normal.alu_i                                                       |                      microop_unit__parameterized1__6 |          0 |          0 |       0 |    0 |    32 |      0 |      0 |    0 |          0 |
|       g[1].g_normal.alu_i                                                       |                      microop_unit__parameterized2__1 |          0 |          0 |       0 |    0 |    32 |      0 |      0 |    0 |          0 |
|   g_has_mem.glen_mem[9].blk_i                                                   |                       uop_block_wrap__parameterized7 |          0 |          0 |       0 |    0 |   101 |      0 |      0 |    0 |          0 |
|     (g_has_mem.glen_mem[9].blk_i)                                               |                       uop_block_wrap__parameterized7 |          0 |          0 |       0 |    0 |    37 |      0 |      0 |    0 |          0 |
|     core                                                                        |                            uop_block__parameterized7 |          0 |          0 |       0 |    0 |    64 |      0 |      0 |    0 |          0 |
|       (core)                                                                    |                            uop_block__parameterized7 |          0 |          0 |       0 |    0 |     0 |      0 |      0 |    0 |          0 |
|       g[0].g_normal.alu_i                                                       |                     microop_unit__parameterized1__11 |          0 |          0 |       0 |    0 |    32 |      0 |      0 |    0 |          0 |
|       g[1].g_normal.alu_i                                                       |                         microop_unit__parameterized2 |          0 |          0 |       0 |    0 |    32 |      0 |      0 |    0 |          0 |
|   g_has_mem.u_pool                                                              |                                             spm_pool |       2051 |       2051 |       0 |    0 |  1642 |      8 |      0 |    0 |          0 |
|     (g_has_mem.u_pool)                                                          |                                             spm_pool |       1859 |       1859 |       0 |    0 |  1578 |      0 |      0 |    0 |          0 |
|     g_banks.gb[0].u_bank64                                                      |                                          spm_bank__1 |          5 |          5 |       0 |    0 |     2 |      1 |      0 |    0 |          0 |
|       (g_banks.gb[0].u_bank64)                                                  |                                          spm_bank__1 |          1 |          1 |       0 |    0 |     2 |      0 |      0 |    0 |          0 |
|       u_mem                                                                     |                                 xpm_memory_sdpram_18 |          4 |          4 |       0 |    0 |     0 |      1 |      0 |    0 |          0 |
|         (u_mem)                                                                 |                                 xpm_memory_sdpram_18 |          4 |          4 |       0 |    0 |     0 |      0 |      0 |    0 |          0 |
|         xpm_memory_base_inst                                                    |                                   xpm_memory_base__1 |          0 |          0 |       0 |    0 |     0 |      1 |      0 |    0 |          0 |
|     g_banks.gb[1].u_bank64                                                      |                                          spm_bank__2 |          5 |          5 |       0 |    0 |     2 |      1 |      0 |    0 |          0 |
|       (g_banks.gb[1].u_bank64)                                                  |                                          spm_bank__2 |          1 |          1 |       0 |    0 |     2 |      0 |      0 |    0 |          0 |
|       u_mem                                                                     |                                 xpm_memory_sdpram_17 |          4 |          4 |       0 |    0 |     0 |      1 |      0 |    0 |          0 |
|         (u_mem)                                                                 |                                 xpm_memory_sdpram_17 |          4 |          4 |       0 |    0 |     0 |      0 |      0 |    0 |          0 |
|         xpm_memory_base_inst                                                    |                                   xpm_memory_base__2 |          0 |          0 |       0 |    0 |     0 |      1 |      0 |    0 |          0 |
|     g_banks.gb[2].u_bank64                                                      |                                          spm_bank__3 |          5 |          5 |       0 |    0 |     2 |      1 |      0 |    0 |          0 |
|       (g_banks.gb[2].u_bank64)                                                  |                                          spm_bank__3 |          1 |          1 |       0 |    0 |     2 |      0 |      0 |    0 |          0 |
|       u_mem                                                                     |                                 xpm_memory_sdpram_16 |          4 |          4 |       0 |    0 |     0 |      1 |      0 |    0 |          0 |
|         (u_mem)                                                                 |                                 xpm_memory_sdpram_16 |          4 |          4 |       0 |    0 |     0 |      0 |      0 |    0 |          0 |
|         xpm_memory_base_inst                                                    |                                   xpm_memory_base__3 |          0 |          0 |       0 |    0 |     0 |      1 |      0 |    0 |          0 |
|     g_banks.gb[3].u_bank64                                                      |                                          spm_bank__4 |          5 |          5 |       0 |    0 |     2 |      1 |      0 |    0 |          0 |
|       (g_banks.gb[3].u_bank64)                                                  |                                          spm_bank__4 |          1 |          1 |       0 |    0 |     2 |      0 |      0 |    0 |          0 |
|       u_mem                                                                     |                                 xpm_memory_sdpram_15 |          4 |          4 |       0 |    0 |     0 |      1 |      0 |    0 |          0 |
|         (u_mem)                                                                 |                                 xpm_memory_sdpram_15 |          4 |          4 |       0 |    0 |     0 |      0 |      0 |    0 |          0 |
|         xpm_memory_base_inst                                                    |                                   xpm_memory_base__4 |          0 |          0 |       0 |    0 |     0 |      1 |      0 |    0 |          0 |
|     g_banks.gb[4].u_bank64                                                      |                                          spm_bank__5 |          5 |          5 |       0 |    0 |     2 |      1 |      0 |    0 |          0 |
|       (g_banks.gb[4].u_bank64)                                                  |                                          spm_bank__5 |          1 |          1 |       0 |    0 |     2 |      0 |      0 |    0 |          0 |
|       u_mem                                                                     |                                 xpm_memory_sdpram_14 |          4 |          4 |       0 |    0 |     0 |      1 |      0 |    0 |          0 |
|         (u_mem)                                                                 |                                 xpm_memory_sdpram_14 |          4 |          4 |       0 |    0 |     0 |      0 |      0 |    0 |          0 |
|         xpm_memory_base_inst                                                    |                                   xpm_memory_base__5 |          0 |          0 |       0 |    0 |     0 |      1 |      0 |    0 |          0 |
|     g_banks.gb[5].u_bank64                                                      |                                          spm_bank__6 |          5 |          5 |       0 |    0 |     2 |      1 |      0 |    0 |          0 |
|       (g_banks.gb[5].u_bank64)                                                  |                                          spm_bank__6 |          1 |          1 |       0 |    0 |     2 |      0 |      0 |    0 |          0 |
|       u_mem                                                                     |                                 xpm_memory_sdpram_13 |          4 |          4 |       0 |    0 |     0 |      1 |      0 |    0 |          0 |
|         (u_mem)                                                                 |                                 xpm_memory_sdpram_13 |          4 |          4 |       0 |    0 |     0 |      0 |      0 |    0 |          0 |
|         xpm_memory_base_inst                                                    |                                   xpm_memory_base__6 |          0 |          0 |       0 |    0 |     0 |      1 |      0 |    0 |          0 |
|     g_banks.gb[6].u_bank64                                                      |                                          spm_bank__7 |          5 |          5 |       0 |    0 |     2 |      1 |      0 |    0 |          0 |
|       (g_banks.gb[6].u_bank64)                                                  |                                          spm_bank__7 |          1 |          1 |       0 |    0 |     2 |      0 |      0 |    0 |          0 |
|       u_mem                                                                     |                                 xpm_memory_sdpram_12 |          4 |          4 |       0 |    0 |     0 |      1 |      0 |    0 |          0 |
|         (u_mem)                                                                 |                                 xpm_memory_sdpram_12 |          4 |          4 |       0 |    0 |     0 |      0 |      0 |    0 |          0 |
|         xpm_memory_base_inst                                                    |                                   xpm_memory_base__7 |          0 |          0 |       0 |    0 |     0 |      1 |      0 |    0 |          0 |
|     g_banks.gb[7].u_bank64                                                      |                                             spm_bank |          5 |          5 |       0 |    0 |     2 |      1 |      0 |    0 |          0 |
|       (g_banks.gb[7].u_bank64)                                                  |                                             spm_bank |          1 |          1 |       0 |    0 |     2 |      0 |      0 |    0 |          0 |
|       u_mem                                                                     |                                    xpm_memory_sdpram |          4 |          4 |       0 |    0 |     0 |      1 |      0 |    0 |          0 |
|         (u_mem)                                                                 |                                    xpm_memory_sdpram |          4 |          4 |       0 |    0 |     0 |      0 |      0 |    0 |          0 |
|         xpm_memory_base_inst                                                    |                                      xpm_memory_base |          0 |          0 |       0 |    0 |     0 |      1 |      0 |    0 |          0 |
|     u_rrA                                                                       |                                        rr_arbiter__1 |         76 |         76 |       0 |    0 |    24 |      0 |      0 |    0 |          0 |
|     u_rrB                                                                       |                                           rr_arbiter |         76 |         76 |       0 |    0 |    24 |      0 |      0 |    0 |          0 |
+---------------------------------------------------------------------------------+------------------------------------------------------+------------+------------+---------+------+-------+--------+--------+------+------------+


