Copyright 1986-2020 Xilinx, Inc. All Rights Reserved.
--------------------------------------------------------------------------------------------------------------------------------------------------------------
| Tool Version : Vivado v.2020.1 (lin64) Build 2902540 Wed May 27 19:54:35 MDT 2020
| Date         : Mon Oct 27 22:10:34 2025
| Host         : orthanc running 64-bit Ubuntu 22.04.4 LTS
| Command      : report_utilization -hierarchical -file /home/jyoo/custom_v_2/custom-core-tool/reports/synth_3p0pct/benches/525_x264_r/pre_impl_util_hier.rpt
| Design       : top_multi_len
| Device       : xcu200fsgd2104-2
| Design State : Synthesized
--------------------------------------------------------------------------------------------------------------------------------------------------------------

Utilization Design Information

Table of Contents
-----------------
1. Utilization by Hierarchy

1. Utilization by Hierarchy
---------------------------

+---------------------------------------------------------------------------------+------------------------------------------------------+------------+------------+---------+------+-------+--------+--------+------+------------+
|                                     Instance                                    |                        Module                        | Total LUTs | Logic LUTs | LUTRAMs | SRLs |  FFs  | RAMB36 | RAMB18 | URAM | DSP Blocks |
+---------------------------------------------------------------------------------+------------------------------------------------------+------------+------------+---------+------+-------+--------+--------+------+------------+
| top_multi_len                                                                   |                                                (top) |      19822 |      19603 |       0 |  219 | 36670 |      8 |      0 |    0 |        130 |
|   (top_multi_len)                                                               |                                                (top) |       1133 |       1133 |       0 |    0 |  2799 |      0 |      0 |    0 |          0 |
|   g_has_mem.glen_mem[0].blk_i                                                   |                                       uop_block_wrap |         32 |         32 |       0 |    0 |    69 |      0 |      0 |    0 |          0 |
|     (g_has_mem.glen_mem[0].blk_i)                                               |                                       uop_block_wrap |          0 |          0 |       0 |    0 |    37 |      0 |      0 |    0 |          0 |
|     core                                                                        |                                        uop_block_139 |         32 |         32 |       0 |    0 |    32 |      0 |      0 |    0 |          0 |
|       (core)                                                                    |                                        uop_block_139 |          0 |          0 |       0 |    0 |     0 |      0 |      0 |    0 |          0 |
|       g[0].g_normal.alu_i                                                       |                                     microop_unit__32 |         32 |         32 |       0 |    0 |    32 |      0 |      0 |    0 |          0 |
|   g_has_mem.glen_mem[100].blk_i                                                 |                      uop_block_wrap__parameterized55 |         70 |         70 |       0 |    0 |   270 |      0 |      0 |    0 |          0 |
|     (g_has_mem.glen_mem[100].blk_i)                                             |                      uop_block_wrap__parameterized55 |          0 |          0 |       0 |    0 |    76 |      0 |      0 |    0 |          0 |
|     core                                                                        |                       uop_block__parameterized55_138 |         70 |         70 |       0 |    0 |   194 |      0 |      0 |    0 |          0 |
|       (core)                                                                    |                       uop_block__parameterized55_138 |          6 |          6 |       0 |    0 |     2 |      0 |      0 |    0 |          0 |
|       g[0].g_normal.alu_i                                                       |                     microop_unit__parameterized13__8 |         64 |         64 |       0 |    0 |    64 |      0 |      0 |    0 |          0 |
|       g[1].g_normal.alu_i                                                       |                     microop_unit__parameterized9__16 |          0 |          0 |       0 |    0 |    64 |      0 |      0 |    0 |          0 |
|       g[2].g_normal.alu_i                                                       |                     microop_unit__parameterized9__17 |          0 |          0 |       0 |    0 |    64 |      0 |      0 |    0 |          0 |
|   g_has_mem.glen_mem[101].blk_i                                                 |                    uop_block_wrap__parameterized55_0 |         74 |         74 |       0 |    0 |   271 |      0 |      0 |    0 |          0 |
|     (g_has_mem.glen_mem[101].blk_i)                                             |                    uop_block_wrap__parameterized55_0 |          4 |          4 |       0 |    0 |    77 |      0 |      0 |    0 |          0 |
|     core                                                                        |                           uop_block__parameterized55 |         70 |         70 |       0 |    0 |   194 |      0 |      0 |    0 |          0 |
|       (core)                                                                    |                           uop_block__parameterized55 |          6 |          6 |       0 |    0 |     2 |      0 |      0 |    0 |          0 |
|       g[0].g_normal.alu_i                                                       |                     microop_unit__parameterized13__9 |         64 |         64 |       0 |    0 |    64 |      0 |      0 |    0 |          0 |
|       g[1].g_normal.alu_i                                                       |                     microop_unit__parameterized9__20 |          0 |          0 |       0 |    0 |    64 |      0 |      0 |    0 |          0 |
|       g[2].g_normal.alu_i                                                       |                     microop_unit__parameterized9__21 |          0 |          0 |       0 |    0 |    64 |      0 |      0 |    0 |          0 |
|   g_has_mem.glen_mem[102].blk_i                                                 |                      uop_block_wrap__parameterized56 |         35 |         35 |       0 |    0 |   111 |      0 |      0 |    0 |          0 |
|     (g_has_mem.glen_mem[102].blk_i)                                             |                      uop_block_wrap__parameterized56 |          0 |          0 |       0 |    0 |    46 |      0 |      0 |    0 |          0 |
|     core                                                                        |                           uop_block__parameterized56 |         35 |         35 |       0 |    0 |    65 |      0 |      0 |    0 |          0 |
|       (core)                                                                    |                           uop_block__parameterized56 |          3 |          3 |       0 |    0 |     1 |      0 |      0 |    0 |          0 |
|       g[0].g_normal.alu_i                                                       |                     microop_unit__parameterized1__37 |          0 |          0 |       0 |    0 |    32 |      0 |      0 |    0 |          0 |
|       g[1].g_normal.alu_i                                                       |                     microop_unit__parameterized4__54 |         32 |         32 |       0 |    0 |    32 |      0 |      0 |    0 |          0 |
|   g_has_mem.glen_mem[103].blk_i                                                 |                      uop_block_wrap__parameterized26 |         32 |         32 |       0 |    0 |   102 |      0 |      0 |    0 |          0 |
|     (g_has_mem.glen_mem[103].blk_i)                                             |                      uop_block_wrap__parameterized26 |          0 |          0 |       0 |    0 |    38 |      0 |      0 |    0 |          0 |
|     core                                                                        |                       uop_block__parameterized26_137 |         32 |         32 |       0 |    0 |    64 |      0 |      0 |    0 |          0 |
|       (core)                                                                    |                       uop_block__parameterized26_137 |          0 |          0 |       0 |    0 |     0 |      0 |      0 |    0 |          0 |
|       g[0].g_normal.alu_i                                                       |                                     microop_unit__63 |         32 |         32 |       0 |    0 |    32 |      0 |      0 |    0 |          0 |
|       g[1].g_normal.alu_i                                                       |                     microop_unit__parameterized23__6 |          0 |          0 |       0 |    0 |    32 |      0 |      0 |    0 |          0 |
|   g_has_mem.glen_mem[104].blk_i                                                 |                    uop_block_wrap__parameterized26_1 |         32 |         32 |       0 |    0 |   102 |      0 |      0 |    0 |          0 |
|     (g_has_mem.glen_mem[104].blk_i)                                             |                    uop_block_wrap__parameterized26_1 |          0 |          0 |       0 |    0 |    38 |      0 |      0 |    0 |          0 |
|     core                                                                        |                       uop_block__parameterized26_136 |         32 |         32 |       0 |    0 |    64 |      0 |      0 |    0 |          0 |
|       (core)                                                                    |                       uop_block__parameterized26_136 |          0 |          0 |       0 |    0 |     0 |      0 |      0 |    0 |          0 |
|       g[0].g_normal.alu_i                                                       |                                     microop_unit__45 |         32 |         32 |       0 |    0 |    32 |      0 |      0 |    0 |          0 |
|       g[1].g_normal.alu_i                                                       |                     microop_unit__parameterized23__7 |          0 |          0 |       0 |    0 |    32 |      0 |      0 |    0 |          0 |
|   g_has_mem.glen_mem[105].blk_i                                                 |                      uop_block_wrap__parameterized57 |         32 |         32 |       0 |    0 |   102 |      0 |      0 |    0 |          0 |
|     (g_has_mem.glen_mem[105].blk_i)                                             |                      uop_block_wrap__parameterized57 |          0 |          0 |       0 |    0 |    38 |      0 |      0 |    0 |          0 |
|     core                                                                        |                       uop_block__parameterized57_135 |         32 |         32 |       0 |    0 |    64 |      0 |      0 |    0 |          0 |
|       (core)                                                                    |                       uop_block__parameterized57_135 |          0 |          0 |       0 |    0 |     0 |      0 |      0 |    0 |          0 |
|       g[0].g_normal.alu_i                                                       |                                     microop_unit__62 |         32 |         32 |       0 |    0 |    32 |      0 |      0 |    0 |          0 |
|       g[2].g_normal.alu_i                                                       |                     microop_unit__parameterized23__5 |          0 |          0 |       0 |    0 |    32 |      0 |      0 |    0 |          0 |
|   g_has_mem.glen_mem[106].blk_i                                                 |                    uop_block_wrap__parameterized57_2 |         32 |         32 |       0 |    0 |   102 |      0 |      0 |    0 |          0 |
|     (g_has_mem.glen_mem[106].blk_i)                                             |                    uop_block_wrap__parameterized57_2 |          0 |          0 |       0 |    0 |    38 |      0 |      0 |    0 |          0 |
|     core                                                                        |                           uop_block__parameterized57 |         32 |         32 |       0 |    0 |    64 |      0 |      0 |    0 |          0 |
|       (core)                                                                    |                           uop_block__parameterized57 |          0 |          0 |       0 |    0 |     0 |      0 |      0 |    0 |          0 |
|       g[0].g_normal.alu_i                                                       |                                     microop_unit__44 |         32 |         32 |       0 |    0 |    32 |      0 |      0 |    0 |          0 |
|       g[2].g_normal.alu_i                                                       |                     microop_unit__parameterized23__4 |          0 |          0 |       0 |    0 |    32 |      0 |      0 |    0 |          0 |
|   g_has_mem.glen_mem[107].blk_i                                                 |                      uop_block_wrap__parameterized58 |         38 |         38 |       0 |    0 |   111 |      0 |      0 |    0 |          0 |
|     (g_has_mem.glen_mem[107].blk_i)                                             |                      uop_block_wrap__parameterized58 |          3 |          3 |       0 |    0 |    46 |      0 |      0 |    0 |          0 |
|     core                                                                        |                           uop_block__parameterized58 |         35 |         35 |       0 |    0 |    65 |      0 |      0 |    0 |          0 |
|       (core)                                                                    |                           uop_block__parameterized58 |          3 |          3 |       0 |    0 |     1 |      0 |      0 |    0 |          0 |
|       g[0].g_normal.alu_i                                                       |                                     microop_unit__42 |         32 |         32 |       0 |    0 |    32 |      0 |      0 |    0 |          0 |
|       g[1].g_normal.alu_i                                                       |                     microop_unit__parameterized1__76 |          0 |          0 |       0 |    0 |    32 |      0 |      0 |    0 |          0 |
|   g_has_mem.glen_mem[108].blk_i                                                 |                      uop_block_wrap__parameterized59 |         64 |         64 |       0 |    0 |   198 |      0 |      0 |    0 |          0 |
|     (g_has_mem.glen_mem[108].blk_i)                                             |                      uop_block_wrap__parameterized59 |          0 |          0 |       0 |    0 |    70 |      0 |      0 |    0 |          0 |
|     core                                                                        |                       uop_block__parameterized59_134 |         64 |         64 |       0 |    0 |   128 |      0 |      0 |    0 |          0 |
|       (core)                                                                    |                       uop_block__parameterized59_134 |          0 |          0 |       0 |    0 |     0 |      0 |      0 |    0 |          0 |
|       g[0].g_normal.alu_i                                                       |                    microop_unit__parameterized13__18 |         64 |         64 |       0 |    0 |    64 |      0 |      0 |    0 |          0 |
|       g[1].g_normal.alu_i                                                       |                     microop_unit__parameterized9__47 |          0 |          0 |       0 |    0 |    64 |      0 |      0 |    0 |          0 |
|   g_has_mem.glen_mem[109].blk_i                                                 |                    uop_block_wrap__parameterized59_3 |         64 |         64 |       0 |    0 |   198 |      0 |      0 |    0 |          0 |
|     (g_has_mem.glen_mem[109].blk_i)                                             |                    uop_block_wrap__parameterized59_3 |          0 |          0 |       0 |    0 |    70 |      0 |      0 |    0 |          0 |
|     core                                                                        |                           uop_block__parameterized59 |         64 |         64 |       0 |    0 |   128 |      0 |      0 |    0 |          0 |
|       (core)                                                                    |                           uop_block__parameterized59 |          0 |          0 |       0 |    0 |     0 |      0 |      0 |    0 |          0 |
|       g[0].g_normal.alu_i                                                       |                        microop_unit__parameterized13 |         64 |         64 |       0 |    0 |    64 |      0 |      0 |    0 |          0 |
|       g[1].g_normal.alu_i                                                       |                         microop_unit__parameterized9 |          0 |          0 |       0 |    0 |    64 |      0 |      0 |    0 |          0 |
|   g_has_mem.glen_mem[10].blk_i                                                  |                       uop_block_wrap__parameterized3 |         64 |         64 |       0 |    0 |   101 |      0 |      0 |    0 |          0 |
|     (g_has_mem.glen_mem[10].blk_i)                                              |                       uop_block_wrap__parameterized3 |          0 |          0 |       0 |    0 |    37 |      0 |      0 |    0 |          0 |
|     core                                                                        |                            uop_block__parameterized3 |         64 |         64 |       0 |    0 |    64 |      0 |      0 |    0 |          0 |
|       (core)                                                                    |                            uop_block__parameterized3 |          0 |          0 |       0 |    0 |     0 |      0 |      0 |    0 |          0 |
|       g[0].g_normal.alu_i                                                       |                        microop_unit__parameterized11 |         32 |         32 |       0 |    0 |    32 |      0 |      0 |    0 |          0 |
|       g[1].g_normal.alu_i                                                       |                        microop_unit__parameterized12 |         32 |         32 |       0 |    0 |    32 |      0 |      0 |    0 |          0 |
|   g_has_mem.glen_mem[110].blk_i                                                 |                      uop_block_wrap__parameterized60 |        102 |        102 |       0 |    0 |   141 |      0 |      0 |    0 |          0 |
|     (g_has_mem.glen_mem[110].blk_i)                                             |                      uop_block_wrap__parameterized60 |          1 |          1 |       0 |    0 |    43 |      0 |      0 |    0 |          0 |
|     core                                                                        |                           uop_block__parameterized60 |        101 |        101 |       0 |    0 |    98 |      0 |      0 |    0 |          0 |
|       (core)                                                                    |                           uop_block__parameterized60 |          5 |          5 |       0 |    0 |     2 |      0 |      0 |    0 |          0 |
|       g[0].g_normal.alu_i                                                       |                     microop_unit__parameterized4__85 |         32 |         32 |       0 |    0 |    32 |      0 |      0 |    0 |          0 |
|       g[1].g_normal.alu_i                                                       |                     microop_unit__parameterized4__86 |         32 |         32 |       0 |    0 |    32 |      0 |      0 |    0 |          0 |
|       g[2].g_normal.alu_i                                                       |                     microop_unit__parameterized4__87 |         32 |         32 |       0 |    0 |    32 |      0 |      0 |    0 |          0 |
|   g_has_mem.glen_mem[111].blk_i                                                 |                                     uop_block_wrap_4 |         32 |         32 |       0 |    0 |    69 |      0 |      0 |    0 |          0 |
|     (g_has_mem.glen_mem[111].blk_i)                                             |                                     uop_block_wrap_4 |          0 |          0 |       0 |    0 |    37 |      0 |      0 |    0 |          0 |
|     core                                                                        |                                        uop_block_133 |         32 |         32 |       0 |    0 |    32 |      0 |      0 |    0 |          0 |
|       (core)                                                                    |                                        uop_block_133 |          0 |          0 |       0 |    0 |     0 |      0 |      0 |    0 |          0 |
|       g[0].g_normal.alu_i                                                       |                                     microop_unit__67 |         32 |         32 |       0 |    0 |    32 |      0 |      0 |    0 |          0 |
|   g_has_mem.glen_mem[112].blk_i                                                 |                                     uop_block_wrap_5 |         32 |         32 |       0 |    0 |    69 |      0 |      0 |    0 |          0 |
|     (g_has_mem.glen_mem[112].blk_i)                                             |                                     uop_block_wrap_5 |          0 |          0 |       0 |    0 |    37 |      0 |      0 |    0 |          0 |
|     core                                                                        |                                        uop_block_132 |         32 |         32 |       0 |    0 |    32 |      0 |      0 |    0 |          0 |
|       (core)                                                                    |                                        uop_block_132 |          0 |          0 |       0 |    0 |     0 |      0 |      0 |    0 |          0 |
|       g[0].g_normal.alu_i                                                       |                                     microop_unit__43 |         32 |         32 |       0 |    0 |    32 |      0 |      0 |    0 |          0 |
|   g_has_mem.glen_mem[113].blk_i                                                 |                                     uop_block_wrap_6 |         32 |         32 |       0 |    0 |    69 |      0 |      0 |    0 |          0 |
|     (g_has_mem.glen_mem[113].blk_i)                                             |                                     uop_block_wrap_6 |          0 |          0 |       0 |    0 |    37 |      0 |      0 |    0 |          0 |
|     core                                                                        |                                        uop_block_131 |         32 |         32 |       0 |    0 |    32 |      0 |      0 |    0 |          0 |
|       (core)                                                                    |                                        uop_block_131 |          0 |          0 |       0 |    0 |     0 |      0 |      0 |    0 |          0 |
|       g[0].g_normal.alu_i                                                       |                                     microop_unit__68 |         32 |         32 |       0 |    0 |    32 |      0 |      0 |    0 |          0 |
|   g_has_mem.glen_mem[114].blk_i                                                 |                                     uop_block_wrap_7 |         32 |         32 |       0 |    0 |    69 |      0 |      0 |    0 |          0 |
|     (g_has_mem.glen_mem[114].blk_i)                                             |                                     uop_block_wrap_7 |          0 |          0 |       0 |    0 |    37 |      0 |      0 |    0 |          0 |
|     core                                                                        |                                        uop_block_130 |         32 |         32 |       0 |    0 |    32 |      0 |      0 |    0 |          0 |
|       (core)                                                                    |                                        uop_block_130 |          0 |          0 |       0 |    0 |     0 |      0 |      0 |    0 |          0 |
|       g[0].g_normal.alu_i                                                       |                                     microop_unit__61 |         32 |         32 |       0 |    0 |    32 |      0 |      0 |    0 |          0 |
|   g_has_mem.glen_mem[115].blk_i                                                 |                                     uop_block_wrap_8 |         32 |         32 |       0 |    0 |    69 |      0 |      0 |    0 |          0 |
|     (g_has_mem.glen_mem[115].blk_i)                                             |                                     uop_block_wrap_8 |          0 |          0 |       0 |    0 |    37 |      0 |      0 |    0 |          0 |
|     core                                                                        |                                        uop_block_129 |         32 |         32 |       0 |    0 |    32 |      0 |      0 |    0 |          0 |
|       (core)                                                                    |                                        uop_block_129 |          0 |          0 |       0 |    0 |     0 |      0 |      0 |    0 |          0 |
|       g[0].g_normal.alu_i                                                       |                                     microop_unit__69 |         32 |         32 |       0 |    0 |    32 |      0 |      0 |    0 |          0 |
|   g_has_mem.glen_mem[116].blk_i                                                 |                                     uop_block_wrap_9 |         32 |         32 |       0 |    0 |    69 |      0 |      0 |    0 |          0 |
|     (g_has_mem.glen_mem[116].blk_i)                                             |                                     uop_block_wrap_9 |          0 |          0 |       0 |    0 |    37 |      0 |      0 |    0 |          0 |
|     core                                                                        |                                        uop_block_128 |         32 |         32 |       0 |    0 |    32 |      0 |      0 |    0 |          0 |
|       (core)                                                                    |                                        uop_block_128 |          0 |          0 |       0 |    0 |     0 |      0 |      0 |    0 |          0 |
|       g[0].g_normal.alu_i                                                       |                                     microop_unit__60 |         32 |         32 |       0 |    0 |    32 |      0 |      0 |    0 |          0 |
|   g_has_mem.glen_mem[117].blk_i                                                 |                                    uop_block_wrap_10 |         32 |         32 |       0 |    0 |    69 |      0 |      0 |    0 |          0 |
|     (g_has_mem.glen_mem[117].blk_i)                                             |                                    uop_block_wrap_10 |          0 |          0 |       0 |    0 |    37 |      0 |      0 |    0 |          0 |
|     core                                                                        |                                        uop_block_127 |         32 |         32 |       0 |    0 |    32 |      0 |      0 |    0 |          0 |
|       (core)                                                                    |                                        uop_block_127 |          0 |          0 |       0 |    0 |     0 |      0 |      0 |    0 |          0 |
|       g[0].g_normal.alu_i                                                       |                                         microop_unit |         32 |         32 |       0 |    0 |    32 |      0 |      0 |    0 |          0 |
|   g_has_mem.glen_mem[118].blk_i                                                 |                                    uop_block_wrap_11 |         32 |         32 |       0 |    0 |    69 |      0 |      0 |    0 |          0 |
|     (g_has_mem.glen_mem[118].blk_i)                                             |                                    uop_block_wrap_11 |          0 |          0 |       0 |    0 |    37 |      0 |      0 |    0 |          0 |
|     core                                                                        |                                        uop_block_126 |         32 |         32 |       0 |    0 |    32 |      0 |      0 |    0 |          0 |
|       (core)                                                                    |                                        uop_block_126 |          0 |          0 |       0 |    0 |     0 |      0 |      0 |    0 |          0 |
|       g[0].g_normal.alu_i                                                       |                                     microop_unit__59 |         32 |         32 |       0 |    0 |    32 |      0 |      0 |    0 |          0 |
|   g_has_mem.glen_mem[119].blk_i                                                 |                      uop_block_wrap__parameterized16 |         14 |         14 |       0 |    0 |   210 |      0 |      0 |    0 |          0 |
|     (g_has_mem.glen_mem[119].blk_i)                                             |                      uop_block_wrap__parameterized16 |         11 |         11 |       0 |    0 |    81 |      0 |      0 |    0 |          0 |
|     core                                                                        |                       uop_block__parameterized16_125 |          3 |          3 |       0 |    0 |   129 |      0 |      0 |    0 |          0 |
|       (core)                                                                    |                       uop_block__parameterized16_125 |          3 |          3 |       0 |    0 |     1 |      0 |      0 |    0 |          0 |
|       g[0].g_normal.alu_i                                                       |                     microop_unit__parameterized9__48 |          0 |          0 |       0 |    0 |    64 |      0 |      0 |    0 |          0 |
|       g[1].g_normal.alu_i                                                       |                     microop_unit__parameterized9__49 |          0 |          0 |       0 |    0 |    64 |      0 |      0 |    0 |          0 |
|   g_has_mem.glen_mem[11].blk_i                                                  |                                    uop_block_wrap_12 |         32 |         32 |       0 |    0 |    69 |      0 |      0 |    0 |          0 |
|     (g_has_mem.glen_mem[11].blk_i)                                              |                                    uop_block_wrap_12 |          0 |          0 |       0 |    0 |    37 |      0 |      0 |    0 |          0 |
|     core                                                                        |                                        uop_block_124 |         32 |         32 |       0 |    0 |    32 |      0 |      0 |    0 |          0 |
|       (core)                                                                    |                                        uop_block_124 |          0 |          0 |       0 |    0 |     0 |      0 |      0 |    0 |          0 |
|       g[0].g_normal.alu_i                                                       |                                     microop_unit__48 |         32 |         32 |       0 |    0 |    32 |      0 |      0 |    0 |          0 |
|   g_has_mem.glen_mem[120].blk_i                                                 |                       uop_block_wrap__parameterized8 |         66 |         66 |       0 |    0 |   150 |      0 |      0 |    0 |          0 |
|     (g_has_mem.glen_mem[120].blk_i)                                             |                       uop_block_wrap__parameterized8 |          0 |          0 |       0 |    0 |    77 |      0 |      0 |    0 |          0 |
|     core                                                                        |                        uop_block__parameterized8_123 |         66 |         66 |       0 |    0 |    73 |      0 |      0 |    0 |          0 |
|       (core)                                                                    |                        uop_block__parameterized8_123 |          2 |          2 |       0 |    0 |     1 |      0 |      0 |    0 |          0 |
|       g[0].g_normal.alu_i                                                       |                    microop_unit__parameterized13__17 |         64 |         64 |       0 |    0 |    64 |      0 |      0 |    0 |          0 |
|       g[1].g_normal.alu_i                                                       |                     microop_unit__parameterized0__73 |          0 |          0 |       0 |    0 |     8 |      0 |      0 |    0 |          0 |
|   g_has_mem.glen_mem[121].blk_i                                                 |                      uop_block_wrap__parameterized30 |        134 |        134 |       0 |    0 |   394 |      0 |      0 |    0 |          0 |
|     (g_has_mem.glen_mem[121].blk_i)                                             |                      uop_block_wrap__parameterized30 |          0 |          0 |       0 |    0 |    72 |      0 |      0 |    0 |          0 |
|     core                                                                        |                           uop_block__parameterized30 |        134 |        134 |       0 |    0 |   322 |      0 |      0 |    0 |          0 |
|       (core)                                                                    |                           uop_block__parameterized30 |          6 |          6 |       0 |    0 |     2 |      0 |      0 |    0 |          0 |
|       g[0].g_normal.alu_i                                                       |                     microop_unit__parameterized9__43 |          0 |          0 |       0 |    0 |    64 |      0 |      0 |    0 |          0 |
|       g[1].g_normal.alu_i                                                       |            microop_unit__parameterized10__xdcDup__15 |         64 |         64 |       0 |    0 |   128 |      0 |      0 |    0 |          0 |
|         (g[1].g_normal.alu_i)                                                   |            microop_unit__parameterized10__xdcDup__15 |          0 |          0 |       0 |    0 |    64 |      0 |      0 |    0 |          0 |
|         g_iadd.use_ip.u_addsub                                                  |                                       integer_addsub |         64 |         64 |       0 |    0 |    64 |      0 |      0 |    0 |          0 |
|           (g_iadd.use_ip.u_addsub)                                              |                                       integer_addsub |          0 |          0 |       0 |    0 |     0 |      0 |      0 |    0 |          0 |
|           U0                                                                    |                      integer_addsubc_addsub_v12_0_14 |         64 |         64 |       0 |    0 |    64 |      0 |      0 |    0 |          0 |
|             (U0)                                                                |                      integer_addsubc_addsub_v12_0_14 |          0 |          0 |       0 |    0 |     0 |      0 |      0 |    0 |          0 |
|             xst_addsub                                                          |                  integer_addsubc_addsub_v12_0_14_viv |         64 |         64 |       0 |    0 |    64 |      0 |      0 |    0 |          0 |
|               (xst_addsub)                                                      |                  integer_addsubc_addsub_v12_0_14_viv |          0 |          0 |       0 |    0 |     0 |      0 |      0 |    0 |          0 |
|               i_baseblox.i_baseblox_addsub                                      |               integer_addsubc_addsub_v12_0_14_legacy |         64 |         64 |       0 |    0 |    64 |      0 |      0 |    0 |          0 |
|                 no_pipelining.the_addsub                                        |        integer_addsubc_addsub_v12_0_14_fabric_legacy |         64 |         64 |       0 |    0 |    64 |      0 |      0 |    0 |          0 |
|                   i_lut6.i_lut6_addsub                                          |          integer_addsubc_addsub_v12_0_14_lut6_legacy |         64 |         64 |       0 |    0 |    64 |      0 |      0 |    0 |          0 |
|                     (i_lut6.i_lut6_addsub)                                      |          integer_addsubc_addsub_v12_0_14_lut6_legacy |         64 |         64 |       0 |    0 |     0 |      0 |      0 |    0 |          0 |
|                     i_q.i_simple.qreg                                           |                   integer_addsubc_reg_fd_v12_0_6_viv |          0 |          0 |       0 |    0 |    64 |      0 |      0 |    0 |          0 |
|       g[2].g_normal.alu_i                                                       |            microop_unit__parameterized10__xdcDup__16 |         64 |         64 |       0 |    0 |   128 |      0 |      0 |    0 |          0 |
|         (g[2].g_normal.alu_i)                                                   |            microop_unit__parameterized10__xdcDup__16 |          0 |          0 |       0 |    0 |    64 |      0 |      0 |    0 |          0 |
|         g_iadd.use_ip.u_addsub                                                  |                                integer_addsub_HD7302 |         64 |         64 |       0 |    0 |    64 |      0 |      0 |    0 |          0 |
|           (g_iadd.use_ip.u_addsub)                                              |                                integer_addsub_HD7302 |          0 |          0 |       0 |    0 |     0 |      0 |      0 |    0 |          0 |
|           U0                                                                    |               integer_addsubc_addsub_v12_0_14_HD7303 |         64 |         64 |       0 |    0 |    64 |      0 |      0 |    0 |          0 |
|             (U0)                                                                |               integer_addsubc_addsub_v12_0_14_HD7303 |          0 |          0 |       0 |    0 |     0 |      0 |      0 |    0 |          0 |
|             xst_addsub                                                          |           integer_addsubc_addsub_v12_0_14_viv_HD7304 |         64 |         64 |       0 |    0 |    64 |      0 |      0 |    0 |          0 |
|               (xst_addsub)                                                      |           integer_addsubc_addsub_v12_0_14_viv_HD7304 |          0 |          0 |       0 |    0 |     0 |      0 |      0 |    0 |          0 |
|               i_baseblox.i_baseblox_addsub                                      |        integer_addsubc_addsub_v12_0_14_legacy_HD7305 |         64 |         64 |       0 |    0 |    64 |      0 |      0 |    0 |          0 |
|                 no_pipelining.the_addsub                                        | integer_addsubc_addsub_v12_0_14_fabric_legacy_HD7306 |         64 |         64 |       0 |    0 |    64 |      0 |      0 |    0 |          0 |
|                   i_lut6.i_lut6_addsub                                          |   integer_addsubc_addsub_v12_0_14_lut6_legacy_HD7307 |         64 |         64 |       0 |    0 |    64 |      0 |      0 |    0 |          0 |
|                     (i_lut6.i_lut6_addsub)                                      |   integer_addsubc_addsub_v12_0_14_lut6_legacy_HD7307 |         64 |         64 |       0 |    0 |     0 |      0 |      0 |    0 |          0 |
|                     i_q.i_simple.qreg                                           |            integer_addsubc_reg_fd_v12_0_6_viv_HD7308 |          0 |          0 |       0 |    0 |    64 |      0 |      0 |    0 |          0 |
|   g_has_mem.glen_mem[122].blk_i                                                 |                      uop_block_wrap__parameterized61 |         96 |         96 |       0 |    0 |   230 |      0 |      0 |    0 |          0 |
|     (g_has_mem.glen_mem[122].blk_i)                                             |                      uop_block_wrap__parameterized61 |          0 |          0 |       0 |    0 |    38 |      0 |      0 |    0 |          0 |
|     core                                                                        |                           uop_block__parameterized61 |         96 |         96 |       0 |    0 |   192 |      0 |      0 |    0 |          0 |
|       (core)                                                                    |                           uop_block__parameterized61 |          0 |          0 |       0 |    0 |     0 |      0 |      0 |    0 |          0 |
|       g[0].g_normal.alu_i                                                       |                                     microop_unit__46 |         32 |         32 |       0 |    0 |    32 |      0 |      0 |    0 |          0 |
|       g[2].g_normal.alu_i                                                       |                    microop_unit__parameterized18__18 |          0 |          0 |       0 |    0 |    32 |      0 |      0 |    0 |          0 |
|       g[3].g_normal.alu_i                                                       |            microop_unit__parameterized10__xdcDup__17 |         64 |         64 |       0 |    0 |   128 |      0 |      0 |    0 |          0 |
|         (g[3].g_normal.alu_i)                                                   |            microop_unit__parameterized10__xdcDup__17 |          0 |          0 |       0 |    0 |    64 |      0 |      0 |    0 |          0 |
|         g_iadd.use_ip.u_addsub                                                  |                                integer_addsub_HD7309 |         64 |         64 |       0 |    0 |    64 |      0 |      0 |    0 |          0 |
|           (g_iadd.use_ip.u_addsub)                                              |                                integer_addsub_HD7309 |          0 |          0 |       0 |    0 |     0 |      0 |      0 |    0 |          0 |
|           U0                                                                    |               integer_addsubc_addsub_v12_0_14_HD7310 |         64 |         64 |       0 |    0 |    64 |      0 |      0 |    0 |          0 |
|             (U0)                                                                |               integer_addsubc_addsub_v12_0_14_HD7310 |          0 |          0 |       0 |    0 |     0 |      0 |      0 |    0 |          0 |
|             xst_addsub                                                          |           integer_addsubc_addsub_v12_0_14_viv_HD7311 |         64 |         64 |       0 |    0 |    64 |      0 |      0 |    0 |          0 |
|               (xst_addsub)                                                      |           integer_addsubc_addsub_v12_0_14_viv_HD7311 |          0 |          0 |       0 |    0 |     0 |      0 |      0 |    0 |          0 |
|               i_baseblox.i_baseblox_addsub                                      |        integer_addsubc_addsub_v12_0_14_legacy_HD7312 |         64 |         64 |       0 |    0 |    64 |      0 |      0 |    0 |          0 |
|                 no_pipelining.the_addsub                                        | integer_addsubc_addsub_v12_0_14_fabric_legacy_HD7313 |         64 |         64 |       0 |    0 |    64 |      0 |      0 |    0 |          0 |
|                   i_lut6.i_lut6_addsub                                          |   integer_addsubc_addsub_v12_0_14_lut6_legacy_HD7314 |         64 |         64 |       0 |    0 |    64 |      0 |      0 |    0 |          0 |
|                     (i_lut6.i_lut6_addsub)                                      |   integer_addsubc_addsub_v12_0_14_lut6_legacy_HD7314 |         64 |         64 |       0 |    0 |     0 |      0 |      0 |    0 |          0 |
|                     i_q.i_simple.qreg                                           |            integer_addsubc_reg_fd_v12_0_6_viv_HD7315 |          0 |          0 |       0 |    0 |    64 |      0 |      0 |    0 |          0 |
|   g_has_mem.glen_mem[123].blk_i                                                 |                      uop_block_wrap__parameterized62 |        268 |        268 |       0 |    0 |   440 |      0 |      0 |    0 |          0 |
|     (g_has_mem.glen_mem[123].blk_i)                                             |                      uop_block_wrap__parameterized62 |          2 |          2 |       0 |    0 |    44 |      0 |      0 |    0 |          0 |
|     core                                                                        |                           uop_block__parameterized62 |        266 |        266 |       0 |    0 |   396 |      0 |      0 |    0 |          0 |
|       (core)                                                                    |                           uop_block__parameterized62 |         10 |         10 |       0 |    0 |     4 |      0 |      0 |    0 |          0 |
|       g[0].g_normal.alu_i                                                       |                        microop_unit__parameterized17 |          0 |          0 |       0 |    0 |     8 |      0 |      0 |    0 |          0 |
|       g[10].g_normal.alu_i                                                      |                        microop_unit__parameterized30 |         32 |         32 |       0 |    0 |    32 |      0 |      0 |    0 |          0 |
|       g[11].g_normal.alu_i                                                      |                     microop_unit__parameterized1__63 |          0 |          0 |       0 |    0 |    32 |      0 |      0 |    0 |          0 |
|       g[12].g_normal.alu_i                                                      |                     microop_unit__parameterized1__64 |          0 |          0 |       0 |    0 |    32 |      0 |      0 |    0 |          0 |
|       g[1].g_normal.alu_i                                                       |                     microop_unit__parameterized1__61 |          0 |          0 |       0 |    0 |    32 |      0 |      0 |    0 |          0 |
|       g[2].g_normal.alu_i                                                       |                    microop_unit__parameterized11__24 |         32 |         32 |       0 |    0 |    32 |      0 |      0 |    0 |          0 |
|       g[3].g_normal.alu_i                                                       |                    microop_unit__parameterized11__25 |         32 |         32 |       0 |    0 |    32 |      0 |      0 |    0 |          0 |
|       g[4].g_normal.alu_i                                                       |                    microop_unit__parameterized11__26 |         32 |         32 |       0 |    0 |    32 |      0 |      0 |    0 |          0 |
|       g[5].g_normal.alu_i                                                       |                    microop_unit__parameterized11__27 |         32 |         32 |       0 |    0 |    32 |      0 |      0 |    0 |          0 |
|       g[6].g_normal.alu_i                                                       |                     microop_unit__parameterized1__62 |          0 |          0 |       0 |    0 |    32 |      0 |      0 |    0 |          0 |
|       g[7].g_normal.alu_i                                                       |                     microop_unit__parameterized21__7 |         32 |         32 |       0 |    0 |    32 |      0 |      0 |    0 |          0 |
|       g[8].g_normal.alu_i                                                       |                        microop_unit__parameterized21 |         32 |         32 |       0 |    0 |    32 |      0 |      0 |    0 |          0 |
|       g[9].g_normal.alu_i                                                       |                     microop_unit__parameterized30__1 |         32 |         32 |       0 |    0 |    32 |      0 |      0 |    0 |          0 |
|   g_has_mem.glen_mem[124].blk_i                                                 |                      uop_block_wrap__parameterized63 |         39 |         39 |       0 |    0 |    92 |      0 |      0 |    0 |          0 |
|     (g_has_mem.glen_mem[124].blk_i)                                             |                      uop_block_wrap__parameterized63 |          2 |          2 |       0 |    0 |    18 |      0 |      0 |    0 |          0 |
|     core                                                                        |                           uop_block__parameterized63 |         37 |         37 |       0 |    0 |    74 |      0 |      0 |    0 |          0 |
|       (core)                                                                    |                           uop_block__parameterized63 |          5 |          5 |       0 |    0 |     2 |      0 |      0 |    0 |          0 |
|       g[1].g_normal.alu_i                                                       |                     microop_unit__parameterized0__44 |          0 |          0 |       0 |    0 |     8 |      0 |      0 |    0 |          0 |
|       g[2].g_normal.alu_i                                                       |                        microop_unit__parameterized31 |         32 |         32 |       0 |    0 |    32 |      0 |      0 |    0 |          0 |
|       g[3].g_normal.alu_i                                                       |                     microop_unit__parameterized1__38 |          0 |          0 |       0 |    0 |    32 |      0 |      0 |    0 |          0 |
|   g_has_mem.glen_mem[125].blk_i                                                 |                   uop_block_wrap__parameterized16_13 |          6 |          6 |       0 |    0 |   206 |      0 |      0 |    0 |          0 |
|     (g_has_mem.glen_mem[125].blk_i)                                             |                   uop_block_wrap__parameterized16_13 |          3 |          3 |       0 |    0 |    77 |      0 |      0 |    0 |          0 |
|     core                                                                        |                       uop_block__parameterized16_122 |          3 |          3 |       0 |    0 |   129 |      0 |      0 |    0 |          0 |
|       (core)                                                                    |                       uop_block__parameterized16_122 |          3 |          3 |       0 |    0 |     1 |      0 |      0 |    0 |          0 |
|       g[0].g_normal.alu_i                                                       |                     microop_unit__parameterized9__44 |          0 |          0 |       0 |    0 |    64 |      0 |      0 |    0 |          0 |
|       g[1].g_normal.alu_i                                                       |                     microop_unit__parameterized9__46 |          0 |          0 |       0 |    0 |    64 |      0 |      0 |    0 |          0 |
|   g_has_mem.glen_mem[126].blk_i                                                 |                    uop_block_wrap__parameterized8_14 |         68 |         68 |       0 |    0 |   149 |      0 |      0 |    0 |          0 |
|     (g_has_mem.glen_mem[126].blk_i)                                             |                    uop_block_wrap__parameterized8_14 |          2 |          2 |       0 |    0 |    76 |      0 |      0 |    0 |          0 |
|     core                                                                        |                        uop_block__parameterized8_121 |         66 |         66 |       0 |    0 |    73 |      0 |      0 |    0 |          0 |
|       (core)                                                                    |                        uop_block__parameterized8_121 |          2 |          2 |       0 |    0 |     1 |      0 |      0 |    0 |          0 |
|       g[0].g_normal.alu_i                                                       |                    microop_unit__parameterized13__16 |         64 |         64 |       0 |    0 |    64 |      0 |      0 |    0 |          0 |
|       g[1].g_normal.alu_i                                                       |                     microop_unit__parameterized0__72 |          0 |          0 |       0 |    0 |     8 |      0 |      0 |    0 |          0 |
|   g_has_mem.glen_mem[127].blk_i                                                 |                      uop_block_wrap__parameterized44 |          0 |          0 |       0 |    0 |   102 |      0 |      0 |    0 |          0 |
|     (g_has_mem.glen_mem[127].blk_i)                                             |                      uop_block_wrap__parameterized44 |          0 |          0 |       0 |    0 |    38 |      0 |      0 |    0 |          0 |
|     core                                                                        |                       uop_block__parameterized44_120 |          0 |          0 |       0 |    0 |    64 |      0 |      0 |    0 |          0 |
|       (core)                                                                    |                       uop_block__parameterized44_120 |          0 |          0 |       0 |    0 |     0 |      0 |      0 |    0 |          0 |
|       g[0].g_normal.alu_i                                                       |                     microop_unit__parameterized1__75 |          0 |          0 |       0 |    0 |    32 |      0 |      0 |    0 |          0 |
|       g[2].g_normal.alu_i                                                       |                    microop_unit__parameterized18__17 |          0 |          0 |       0 |    0 |    32 |      0 |      0 |    0 |          0 |
|   g_has_mem.glen_mem[128].blk_i                                                 |                      uop_block_wrap__parameterized64 |        288 |         69 |       0 |  219 |   781 |      0 |      0 |    0 |         16 |
|     (g_has_mem.glen_mem[128].blk_i)                                             |                      uop_block_wrap__parameterized64 |          0 |          0 |       0 |    0 |    74 |      0 |      0 |    0 |          0 |
|     core                                                                        |                           uop_block__parameterized64 |        288 |         69 |       0 |  219 |   707 |      0 |      0 |    0 |         16 |
|       (core)                                                                    |                           uop_block__parameterized64 |          5 |          5 |       0 |    0 |     2 |      0 |      0 |    0 |          0 |
|       g[0].g_normal.alu_i                                                       |                    microop_unit__parameterized18__16 |          0 |          0 |       0 |    0 |    32 |      0 |      0 |    0 |          0 |
|       g[1].g_normal.alu_i                                                       |                        microop_unit__parameterized32 |        219 |          0 |       0 |  219 |   545 |      0 |      0 |    0 |         16 |
|         (g[1].g_normal.alu_i)                                                   |                        microop_unit__parameterized32 |          0 |          0 |       0 |    0 |    64 |      0 |      0 |    0 |          0 |
|         g_imul.mul64_ip.mul_i                                                   |                                          integer_mul |        219 |          0 |       0 |  219 |   481 |      0 |      0 |    0 |         16 |
|           (g_imul.mul64_ip.mul_i)                                               |                                          integer_mul |          0 |          0 |       0 |    0 |     0 |      0 |      0 |    0 |          0 |
|           U0                                                                    |                         integer_mulmult_gen_v12_0_16 |        219 |          0 |       0 |  219 |   481 |      0 |      0 |    0 |         16 |
|             (U0)                                                                |                         integer_mulmult_gen_v12_0_16 |          0 |          0 |       0 |    0 |     0 |      0 |      0 |    0 |          0 |
|             i_mult                                                              |                     integer_mulmult_gen_v12_0_16_viv |        219 |          0 |       0 |  219 |   481 |      0 |      0 |    0 |         16 |
|               (i_mult)                                                          |                     integer_mulmult_gen_v12_0_16_viv |          0 |          0 |       0 |    0 |     0 |      0 |      0 |    0 |          0 |
|               gDSP.gDSP_only.iDSP                                               |                                       integer_muldsp |        219 |          0 |       0 |  219 |   481 |      0 |      0 |    0 |         16 |
|                 (gDSP.gDSP_only.iDSP)                                           |                                       integer_muldsp |          0 |          0 |       0 |    0 |     0 |      0 |      0 |    0 |         16 |
|                 use_prim.appDSP48[0].bppDSP48[0].need_output_delay.output_delay |               integer_muldelay_line__parameterized16 |          9 |          0 |       0 |    9 |    17 |      0 |      0 |    0 |          0 |
|                 use_prim.appDSP48[0].bppDSP48[2].need_output_delay.output_delay |               integer_muldelay_line__parameterized18 |          9 |          0 |       0 |    9 |    17 |      0 |      0 |    0 |          0 |
|                 use_prim.appDSP48[1].bppDSP48[0].need_output_delay.output_delay |               integer_muldelay_line__parameterized19 |          9 |          0 |       0 |    9 |    17 |      0 |      0 |    0 |          0 |
|                 use_prim.appDSP48[1].bppDSP48[3].need_output_delay.output_delay |               integer_muldelay_line__parameterized20 |          9 |          0 |       0 |    9 |    17 |      0 |      0 |    0 |          0 |
|                 use_prim.appDSP48[3].bppDSP48[0].need_output_delay.output_delay |               integer_muldelay_line__parameterized21 |          9 |          0 |       0 |    9 |    17 |      0 |      0 |    0 |          0 |
|                 use_prim.appDSP48[3].bppDSP48[2].need_output_delay.output_delay |               integer_muldelay_line__parameterized22 |          0 |          0 |       0 |    0 |    17 |      0 |      0 |    0 |          0 |
|                 use_prim.iAdelx[0].iAdely[2].use_delay_line.Adelay              |                integer_muldelay_line__parameterized0 |          9 |          0 |       0 |    9 |    18 |      0 |      0 |    0 |          0 |
|                 use_prim.iAdelx[1].iAdely[1].use_delay_line.Adelay              |                integer_muldelay_line__parameterized1 |          9 |          0 |       0 |    9 |    18 |      0 |      0 |    0 |          0 |
|                 use_prim.iAdelx[1].iAdely[2].use_delay_line.Adelay              |                integer_muldelay_line__parameterized2 |          9 |          0 |       0 |    9 |    18 |      0 |      0 |    0 |          0 |
|                 use_prim.iAdelx[1].iAdely[3].use_delay_line.Adelay              |                integer_muldelay_line__parameterized3 |          9 |          0 |       0 |    9 |    18 |      0 |      0 |    0 |          0 |
|                 use_prim.iAdelx[2].iAdely[0].use_delay_line.Adelay              |                integer_muldelay_line__parameterized4 |          0 |          0 |       0 |    0 |    17 |      0 |      0 |    0 |          0 |
|                 use_prim.iAdelx[2].iAdely[1].use_delay_line.Adelay              |                integer_muldelay_line__parameterized5 |          9 |          0 |       0 |    9 |    18 |      0 |      0 |    0 |          0 |
|                 use_prim.iAdelx[2].iAdely[2].use_delay_line.Adelay              |                integer_muldelay_line__parameterized6 |          9 |          0 |       0 |    9 |    18 |      0 |      0 |    0 |          0 |
|                 use_prim.iAdelx[2].iAdely[3].use_delay_line.Adelay              |                integer_muldelay_line__parameterized7 |          9 |          0 |       0 |    9 |    18 |      0 |      0 |    0 |          0 |
|                 use_prim.iAdelx[3].iAdely[0].use_delay_line.Adelay              |                integer_muldelay_line__parameterized8 |          7 |          0 |       0 |    7 |    13 |      0 |      0 |    0 |          0 |
|                 use_prim.iAdelx[3].iAdely[2].use_delay_line.Adelay              |                integer_muldelay_line__parameterized9 |          7 |          0 |       0 |    7 |    13 |      0 |      0 |    0 |          0 |
|                 use_prim.iBdelx[0].iBdely[2].need_delay_line.Bdelay             |              integer_muldelay_line__parameterized0_0 |          9 |          0 |       0 |    9 |    18 |      0 |      0 |    0 |          0 |
|                 use_prim.iBdelx[0].iBdely[3].need_delay_line.Bdelay             |               integer_muldelay_line__parameterized10 |          9 |          0 |       0 |    9 |    18 |      0 |      0 |    0 |          0 |
|                 use_prim.iBdelx[1].iBdely[0].need_delay_line.Bdelay             |              integer_muldelay_line__parameterized4_1 |          0 |          0 |       0 |    0 |    17 |      0 |      0 |    0 |          0 |
|                 use_prim.iBdelx[1].iBdely[1].need_delay_line.Bdelay             |              integer_muldelay_line__parameterized1_2 |          9 |          0 |       0 |    9 |    18 |      0 |      0 |    0 |          0 |
|                 use_prim.iBdelx[1].iBdely[2].need_delay_line.Bdelay             |              integer_muldelay_line__parameterized2_3 |          9 |          0 |       0 |    9 |    18 |      0 |      0 |    0 |          0 |
|                 use_prim.iBdelx[1].iBdely[3].need_delay_line.Bdelay             |              integer_muldelay_line__parameterized3_4 |          9 |          0 |       0 |    9 |    18 |      0 |      0 |    0 |          0 |
|                 use_prim.iBdelx[2].iBdely[1].need_delay_line.Bdelay             |              integer_muldelay_line__parameterized5_5 |          9 |          0 |       0 |    9 |    18 |      0 |      0 |    0 |          0 |
|                 use_prim.iBdelx[2].iBdely[2].need_delay_line.Bdelay             |              integer_muldelay_line__parameterized6_6 |          9 |          0 |       0 |    9 |    18 |      0 |      0 |    0 |          0 |
|                 use_prim.iBdelx[3].iBdely[0].need_delay_line.Bdelay             |               integer_muldelay_line__parameterized11 |          9 |          0 |       0 |    9 |    18 |      0 |      0 |    0 |          0 |
|                 use_prim.iBdelx[3].iBdely[1].need_delay_line.Bdelay             |               integer_muldelay_line__parameterized12 |          9 |          0 |       0 |    9 |    18 |      0 |      0 |    0 |          0 |
|                 use_prim.iBdelx[3].iBdely[2].need_delay_line.Bdelay             |               integer_muldelay_line__parameterized13 |          9 |          0 |       0 |    9 |    18 |      0 |      0 |    0 |          0 |
|                 use_prim.iBdelx[3].iBdely[3].need_delay_line.Bdelay             |               integer_muldelay_line__parameterized14 |          7 |          0 |       0 |    7 |    13 |      0 |      0 |    0 |          0 |
|       g[3].g_normal.alu_i                                                       |            microop_unit__parameterized10__xdcDup__18 |         64 |         64 |       0 |    0 |   128 |      0 |      0 |    0 |          0 |
|         (g[3].g_normal.alu_i)                                                   |            microop_unit__parameterized10__xdcDup__18 |          0 |          0 |       0 |    0 |    64 |      0 |      0 |    0 |          0 |
|         g_iadd.use_ip.u_addsub                                                  |                                integer_addsub_HD7316 |         64 |         64 |       0 |    0 |    64 |      0 |      0 |    0 |          0 |
|           (g_iadd.use_ip.u_addsub)                                              |                                integer_addsub_HD7316 |          0 |          0 |       0 |    0 |     0 |      0 |      0 |    0 |          0 |
|           U0                                                                    |               integer_addsubc_addsub_v12_0_14_HD7317 |         64 |         64 |       0 |    0 |    64 |      0 |      0 |    0 |          0 |
|             (U0)                                                                |               integer_addsubc_addsub_v12_0_14_HD7317 |          0 |          0 |       0 |    0 |     0 |      0 |      0 |    0 |          0 |
|             xst_addsub                                                          |           integer_addsubc_addsub_v12_0_14_viv_HD7318 |         64 |         64 |       0 |    0 |    64 |      0 |      0 |    0 |          0 |
|               (xst_addsub)                                                      |           integer_addsubc_addsub_v12_0_14_viv_HD7318 |          0 |          0 |       0 |    0 |     0 |      0 |      0 |    0 |          0 |
|               i_baseblox.i_baseblox_addsub                                      |        integer_addsubc_addsub_v12_0_14_legacy_HD7319 |         64 |         64 |       0 |    0 |    64 |      0 |      0 |    0 |          0 |
|                 no_pipelining.the_addsub                                        | integer_addsubc_addsub_v12_0_14_fabric_legacy_HD7320 |         64 |         64 |       0 |    0 |    64 |      0 |      0 |    0 |          0 |
|                   i_lut6.i_lut6_addsub                                          |   integer_addsubc_addsub_v12_0_14_lut6_legacy_HD7321 |         64 |         64 |       0 |    0 |    64 |      0 |      0 |    0 |          0 |
|                     (i_lut6.i_lut6_addsub)                                      |   integer_addsubc_addsub_v12_0_14_lut6_legacy_HD7321 |         64 |         64 |       0 |    0 |     0 |      0 |      0 |    0 |          0 |
|                     i_q.i_simple.qreg                                           |            integer_addsubc_reg_fd_v12_0_6_viv_HD7322 |          0 |          0 |       0 |    0 |    64 |      0 |      0 |    0 |          0 |
|   g_has_mem.glen_mem[129].blk_i                                                 |                       uop_block_wrap__parameterized4 |        386 |        386 |       0 |    0 |   776 |      0 |      0 |    0 |          0 |
|     (g_has_mem.glen_mem[129].blk_i)                                             |                       uop_block_wrap__parameterized4 |          0 |          0 |       0 |    0 |    70 |      0 |      0 |    0 |          0 |
|     core                                                                        |                            uop_block__parameterized4 |        386 |        386 |       0 |    0 |   706 |      0 |      0 |    0 |          0 |
|       (core)                                                                    |                            uop_block__parameterized4 |          0 |          0 |       0 |    0 |     0 |      0 |      0 |    0 |          0 |
|       g[0].g_normal.alu_i                                                       |                    microop_unit__parameterized13__19 |         64 |         64 |       0 |    0 |    64 |      0 |      0 |    0 |          0 |
|       g[1].g_normal.alu_i                                                       |                     microop_unit__parameterized9__50 |          0 |          0 |       0 |    0 |    64 |      0 |      0 |    0 |          0 |
|       g[2].g_normal.alu_i                                                       |                    microop_unit__parameterized13__20 |         64 |         64 |       0 |    0 |    64 |      0 |      0 |    0 |          0 |
|       g[3].g_normal.alu_i                                                       |             microop_unit__parameterized14__xdcDup__6 |         64 |         64 |       0 |    0 |   128 |      0 |      0 |    0 |          0 |
|         (g[3].g_normal.alu_i)                                                   |             microop_unit__parameterized14__xdcDup__6 |          0 |          0 |       0 |    0 |    64 |      0 |      0 |    0 |          0 |
|         g_iadd.use_ip.u_addsub                                                  |                                integer_addsub_HD7323 |         64 |         64 |       0 |    0 |    64 |      0 |      0 |    0 |          0 |
|           (g_iadd.use_ip.u_addsub)                                              |                                integer_addsub_HD7323 |          0 |          0 |       0 |    0 |     0 |      0 |      0 |    0 |          0 |
|           U0                                                                    |               integer_addsubc_addsub_v12_0_14_HD7324 |         64 |         64 |       0 |    0 |    64 |      0 |      0 |    0 |          0 |
|             (U0)                                                                |               integer_addsubc_addsub_v12_0_14_HD7324 |          0 |          0 |       0 |    0 |     0 |      0 |      0 |    0 |          0 |
|             xst_addsub                                                          |           integer_addsubc_addsub_v12_0_14_viv_HD7325 |         64 |         64 |       0 |    0 |    64 |      0 |      0 |    0 |          0 |
|               (xst_addsub)                                                      |           integer_addsubc_addsub_v12_0_14_viv_HD7325 |          0 |          0 |       0 |    0 |     0 |      0 |      0 |    0 |          0 |
|               i_baseblox.i_baseblox_addsub                                      |        integer_addsubc_addsub_v12_0_14_legacy_HD7326 |         64 |         64 |       0 |    0 |    64 |      0 |      0 |    0 |          0 |
|                 no_pipelining.the_addsub                                        | integer_addsubc_addsub_v12_0_14_fabric_legacy_HD7327 |         64 |         64 |       0 |    0 |    64 |      0 |      0 |    0 |          0 |
|                   i_lut6.i_lut6_addsub                                          |   integer_addsubc_addsub_v12_0_14_lut6_legacy_HD7328 |         64 |         64 |       0 |    0 |    64 |      0 |      0 |    0 |          0 |
|                     (i_lut6.i_lut6_addsub)                                      |   integer_addsubc_addsub_v12_0_14_lut6_legacy_HD7328 |         64 |         64 |       0 |    0 |     0 |      0 |      0 |    0 |          0 |
|                     i_q.i_simple.qreg                                           |            integer_addsubc_reg_fd_v12_0_6_viv_HD7329 |          0 |          0 |       0 |    0 |    64 |      0 |      0 |    0 |          0 |
|       g[4].g_normal.alu_i                                                       |             microop_unit__parameterized15__xdcDup__7 |         64 |         64 |       0 |    0 |   128 |      0 |      0 |    0 |          0 |
|         (g[4].g_normal.alu_i)                                                   |             microop_unit__parameterized15__xdcDup__7 |          0 |          0 |       0 |    0 |    64 |      0 |      0 |    0 |          0 |
|         g_iadd.use_ip.u_addsub                                                  |                                integer_addsub_HD7330 |         64 |         64 |       0 |    0 |    64 |      0 |      0 |    0 |          0 |
|           (g_iadd.use_ip.u_addsub)                                              |                                integer_addsub_HD7330 |          0 |          0 |       0 |    0 |     0 |      0 |      0 |    0 |          0 |
|           U0                                                                    |               integer_addsubc_addsub_v12_0_14_HD7331 |         64 |         64 |       0 |    0 |    64 |      0 |      0 |    0 |          0 |
|             (U0)                                                                |               integer_addsubc_addsub_v12_0_14_HD7331 |          0 |          0 |       0 |    0 |     0 |      0 |      0 |    0 |          0 |
|             xst_addsub                                                          |           integer_addsubc_addsub_v12_0_14_viv_HD7332 |         64 |         64 |       0 |    0 |    64 |      0 |      0 |    0 |          0 |
|               (xst_addsub)                                                      |           integer_addsubc_addsub_v12_0_14_viv_HD7332 |          0 |          0 |       0 |    0 |     0 |      0 |      0 |    0 |          0 |
|               i_baseblox.i_baseblox_addsub                                      |        integer_addsubc_addsub_v12_0_14_legacy_HD7333 |         64 |         64 |       0 |    0 |    64 |      0 |      0 |    0 |          0 |
|                 no_pipelining.the_addsub                                        | integer_addsubc_addsub_v12_0_14_fabric_legacy_HD7334 |         64 |         64 |       0 |    0 |    64 |      0 |      0 |    0 |          0 |
|                   i_lut6.i_lut6_addsub                                          |   integer_addsubc_addsub_v12_0_14_lut6_legacy_HD7335 |         64 |         64 |       0 |    0 |    64 |      0 |      0 |    0 |          0 |
|                     (i_lut6.i_lut6_addsub)                                      |   integer_addsubc_addsub_v12_0_14_lut6_legacy_HD7335 |         64 |         64 |       0 |    0 |     0 |      0 |      0 |    0 |          0 |
|                     i_q.i_simple.qreg                                           |            integer_addsubc_reg_fd_v12_0_6_viv_HD7336 |          0 |          0 |       0 |    0 |    64 |      0 |      0 |    0 |          0 |
|       g[5].g_normal.alu_i                                                       |             microop_unit__parameterized14__xdcDup__7 |         64 |         64 |       0 |    0 |   128 |      0 |      0 |    0 |          0 |
|         (g[5].g_normal.alu_i)                                                   |             microop_unit__parameterized14__xdcDup__7 |          0 |          0 |       0 |    0 |    64 |      0 |      0 |    0 |          0 |
|         g_iadd.use_ip.u_addsub                                                  |                                integer_addsub_HD7337 |         64 |         64 |       0 |    0 |    64 |      0 |      0 |    0 |          0 |
|           (g_iadd.use_ip.u_addsub)                                              |                                integer_addsub_HD7337 |          0 |          0 |       0 |    0 |     0 |      0 |      0 |    0 |          0 |
|           U0                                                                    |               integer_addsubc_addsub_v12_0_14_HD7338 |         64 |         64 |       0 |    0 |    64 |      0 |      0 |    0 |          0 |
|             (U0)                                                                |               integer_addsubc_addsub_v12_0_14_HD7338 |          0 |          0 |       0 |    0 |     0 |      0 |      0 |    0 |          0 |
|             xst_addsub                                                          |           integer_addsubc_addsub_v12_0_14_viv_HD7339 |         64 |         64 |       0 |    0 |    64 |      0 |      0 |    0 |          0 |
|               (xst_addsub)                                                      |           integer_addsubc_addsub_v12_0_14_viv_HD7339 |          0 |          0 |       0 |    0 |     0 |      0 |      0 |    0 |          0 |
|               i_baseblox.i_baseblox_addsub                                      |        integer_addsubc_addsub_v12_0_14_legacy_HD7340 |         64 |         64 |       0 |    0 |    64 |      0 |      0 |    0 |          0 |
|                 no_pipelining.the_addsub                                        | integer_addsubc_addsub_v12_0_14_fabric_legacy_HD7341 |         64 |         64 |       0 |    0 |    64 |      0 |      0 |    0 |          0 |
|                   i_lut6.i_lut6_addsub                                          |   integer_addsubc_addsub_v12_0_14_lut6_legacy_HD7342 |         64 |         64 |       0 |    0 |    64 |      0 |      0 |    0 |          0 |
|                     (i_lut6.i_lut6_addsub)                                      |   integer_addsubc_addsub_v12_0_14_lut6_legacy_HD7342 |         64 |         64 |       0 |    0 |     0 |      0 |      0 |    0 |          0 |
|                     i_q.i_simple.qreg                                           |            integer_addsubc_reg_fd_v12_0_6_viv_HD7343 |          0 |          0 |       0 |    0 |    64 |      0 |      0 |    0 |          0 |
|       g[6].g_normal.alu_i                                                       |                     microop_unit__parameterized16__8 |          1 |          1 |       0 |    0 |     1 |      0 |      0 |    0 |          0 |
|       g[7].g_normal.alu_i                                                       |             microop_unit__parameterized15__xdcDup__8 |         64 |         64 |       0 |    0 |   128 |      0 |      0 |    0 |          0 |
|         (g[7].g_normal.alu_i)                                                   |             microop_unit__parameterized15__xdcDup__8 |          0 |          0 |       0 |    0 |    64 |      0 |      0 |    0 |          0 |
|         g_iadd.use_ip.u_addsub                                                  |                                integer_addsub_HD7344 |         64 |         64 |       0 |    0 |    64 |      0 |      0 |    0 |          0 |
|           (g_iadd.use_ip.u_addsub)                                              |                                integer_addsub_HD7344 |          0 |          0 |       0 |    0 |     0 |      0 |      0 |    0 |          0 |
|           U0                                                                    |               integer_addsubc_addsub_v12_0_14_HD7345 |         64 |         64 |       0 |    0 |    64 |      0 |      0 |    0 |          0 |
|             (U0)                                                                |               integer_addsubc_addsub_v12_0_14_HD7345 |          0 |          0 |       0 |    0 |     0 |      0 |      0 |    0 |          0 |
|             xst_addsub                                                          |           integer_addsubc_addsub_v12_0_14_viv_HD7346 |         64 |         64 |       0 |    0 |    64 |      0 |      0 |    0 |          0 |
|               (xst_addsub)                                                      |           integer_addsubc_addsub_v12_0_14_viv_HD7346 |          0 |          0 |       0 |    0 |     0 |      0 |      0 |    0 |          0 |
|               i_baseblox.i_baseblox_addsub                                      |        integer_addsubc_addsub_v12_0_14_legacy_HD7347 |         64 |         64 |       0 |    0 |    64 |      0 |      0 |    0 |          0 |
|                 no_pipelining.the_addsub                                        | integer_addsubc_addsub_v12_0_14_fabric_legacy_HD7348 |         64 |         64 |       0 |    0 |    64 |      0 |      0 |    0 |          0 |
|                   i_lut6.i_lut6_addsub                                          |   integer_addsubc_addsub_v12_0_14_lut6_legacy_HD7349 |         64 |         64 |       0 |    0 |    64 |      0 |      0 |    0 |          0 |
|                     (i_lut6.i_lut6_addsub)                                      |   integer_addsubc_addsub_v12_0_14_lut6_legacy_HD7349 |         64 |         64 |       0 |    0 |     0 |      0 |      0 |    0 |          0 |
|                     i_q.i_simple.qreg                                           |            integer_addsubc_reg_fd_v12_0_6_viv_HD7350 |          0 |          0 |       0 |    0 |    64 |      0 |      0 |    0 |          0 |
|       g[8].g_normal.alu_i                                                       |                     microop_unit__parameterized16__9 |          1 |          1 |       0 |    0 |     1 |      0 |      0 |    0 |          0 |
|   g_has_mem.glen_mem[12].blk_i                                                  |                                    uop_block_wrap_15 |         32 |         32 |       0 |    0 |    69 |      0 |      0 |    0 |          0 |
|     (g_has_mem.glen_mem[12].blk_i)                                              |                                    uop_block_wrap_15 |          0 |          0 |       0 |    0 |    37 |      0 |      0 |    0 |          0 |
|     core                                                                        |                                        uop_block_119 |         32 |         32 |       0 |    0 |    32 |      0 |      0 |    0 |          0 |
|       (core)                                                                    |                                        uop_block_119 |          0 |          0 |       0 |    0 |     0 |      0 |      0 |    0 |          0 |
|       g[0].g_normal.alu_i                                                       |                                     microop_unit__49 |         32 |         32 |       0 |    0 |    32 |      0 |      0 |    0 |          0 |
|   g_has_mem.glen_mem[130].blk_i                                                 |                      uop_block_wrap__parameterized65 |         32 |         32 |       0 |    0 |    70 |      0 |      0 |    0 |          0 |
|     (g_has_mem.glen_mem[130].blk_i)                                             |                      uop_block_wrap__parameterized65 |          0 |          0 |       0 |    0 |    37 |      0 |      0 |    0 |          0 |
|     core                                                                        |                           uop_block__parameterized65 |         32 |         32 |       0 |    0 |    33 |      0 |      0 |    0 |          0 |
|       (core)                                                                    |                           uop_block__parameterized65 |          0 |          0 |       0 |    0 |     0 |      0 |      0 |    0 |          0 |
|       g[0].g_normal.alu_i                                                       |                         microop_unit__parameterized6 |         32 |         32 |       0 |    0 |    32 |      0 |      0 |    0 |          0 |
|       g[1].g_normal.alu_i                                                       |                        microop_unit__parameterized25 |          0 |          0 |       0 |    0 |     1 |      0 |      0 |    0 |          0 |
|   g_has_mem.glen_mem[131].blk_i                                                 |                      uop_block_wrap__parameterized29 |         38 |         38 |       0 |    0 |    96 |      0 |      0 |    0 |          0 |
|     (g_has_mem.glen_mem[131].blk_i)                                             |                      uop_block_wrap__parameterized29 |          0 |          0 |       0 |    0 |    46 |      0 |      0 |    0 |          0 |
|     core                                                                        |                       uop_block__parameterized29_118 |         38 |         38 |       0 |    0 |    50 |      0 |      0 |    0 |          0 |
|       (core)                                                                    |                       uop_block__parameterized29_118 |          6 |          6 |       0 |    0 |     2 |      0 |      0 |    0 |          0 |
|       g[0].g_normal.alu_i                                                       |                     microop_unit__parameterized0__45 |          0 |          0 |       0 |    0 |     8 |      0 |      0 |    0 |          0 |
|       g[1].g_normal.alu_i                                                       |                     microop_unit__parameterized0__46 |          0 |          0 |       0 |    0 |     8 |      0 |      0 |    0 |          0 |
|       g[2].g_normal.alu_i                                                       |                     microop_unit__parameterized4__55 |         32 |         32 |       0 |    0 |    32 |      0 |      0 |    0 |          0 |
|   g_has_mem.glen_mem[132].blk_i                                                 |                      uop_block_wrap__parameterized66 |         33 |         33 |       0 |    0 |    70 |      0 |      0 |    0 |          0 |
|     (g_has_mem.glen_mem[132].blk_i)                                             |                      uop_block_wrap__parameterized66 |          0 |          0 |       0 |    0 |    37 |      0 |      0 |    0 |          0 |
|     core                                                                        |                           uop_block__parameterized66 |         33 |         33 |       0 |    0 |    33 |      0 |      0 |    0 |          0 |
|       (core)                                                                    |                           uop_block__parameterized66 |          0 |          0 |       0 |    0 |     0 |      0 |      0 |    0 |          0 |
|       g[0].g_normal.alu_i                                                       |                     microop_unit__parameterized6__18 |         32 |         32 |       0 |    0 |    32 |      0 |      0 |    0 |          0 |
|       g[1].g_normal.alu_i                                                       |                        microop_unit__parameterized33 |          1 |          1 |       0 |    0 |     1 |      0 |      0 |    0 |          0 |
|   g_has_mem.glen_mem[133].blk_i                                                 |                      uop_block_wrap__parameterized67 |        204 |        204 |       0 |    0 |   393 |      0 |      0 |    0 |          0 |
|     (g_has_mem.glen_mem[133].blk_i)                                             |                      uop_block_wrap__parameterized67 |          2 |          2 |       0 |    0 |    77 |      0 |      0 |    0 |          0 |
|     core                                                                        |                           uop_block__parameterized67 |        202 |        202 |       0 |    0 |   316 |      0 |      0 |    0 |          0 |
|       (core)                                                                    |                           uop_block__parameterized67 |         10 |         10 |       0 |    0 |     4 |      0 |      0 |    0 |          0 |
|       g[0].g_normal.alu_i                                                       |                    microop_unit__parameterized13__24 |         64 |         64 |       0 |    0 |    64 |      0 |      0 |    0 |          0 |
|       g[1].g_normal.alu_i                                                       |                     microop_unit__parameterized4__88 |         32 |         32 |       0 |    0 |    32 |      0 |      0 |    0 |          0 |
|       g[2].g_normal.alu_i                                                       |                     microop_unit__parameterized0__74 |          0 |          0 |       0 |    0 |     8 |      0 |      0 |    0 |          0 |
|       g[3].g_normal.alu_i                                                       |                     microop_unit__parameterized9__54 |          0 |          0 |       0 |    0 |    64 |      0 |      0 |    0 |          0 |
|       g[4].g_normal.alu_i                                                       |                     microop_unit__parameterized0__75 |          0 |          0 |       0 |    0 |     8 |      0 |      0 |    0 |          0 |
|       g[5].g_normal.alu_i                                                       |                        microop_unit__parameterized34 |         64 |         64 |       0 |    0 |    64 |      0 |      0 |    0 |          0 |
|       g[6].g_normal.alu_i                                                       |                         microop_unit__parameterized0 |          0 |          0 |       0 |    0 |     8 |      0 |      0 |    0 |          0 |
|       g[7].g_normal.alu_i                                                       |                         microop_unit__parameterized1 |          0 |          0 |       0 |    0 |    32 |      0 |      0 |    0 |          0 |
|       g[8].g_normal.alu_i                                                       |                         microop_unit__parameterized4 |         32 |         32 |       0 |    0 |    32 |      0 |      0 |    0 |          0 |
|   g_has_mem.glen_mem[134].blk_i                                                 |                      uop_block_wrap__parameterized43 |        116 |        116 |       0 |    0 |   189 |      0 |      0 |    0 |          9 |
|     (g_has_mem.glen_mem[134].blk_i)                                             |                      uop_block_wrap__parameterized43 |          0 |          0 |       0 |    0 |    47 |      0 |      0 |    0 |          0 |
|     core                                                                        |                       uop_block__parameterized43_117 |        116 |        116 |       0 |    0 |   142 |      0 |      0 |    0 |          9 |
|       (core)                                                                    |                       uop_block__parameterized43_117 |          7 |          7 |       0 |    0 |     3 |      0 |      0 |    0 |          0 |
|       g[0].g_normal.alu_i                                                       |                     microop_unit__parameterized0__51 |          0 |          0 |       0 |    0 |     8 |      0 |      0 |    0 |          0 |
|       g[1].g_normal.alu_i                                                       |                     microop_unit__parameterized0__50 |          0 |          0 |       0 |    0 |     8 |      0 |      0 |    0 |          0 |
|       g[2].g_normal.alu_i                                                       |                     microop_unit__parameterized3__30 |         15 |         15 |       0 |    0 |    17 |      0 |      0 |    0 |          3 |
|       g[3].g_normal.alu_i                                                       |                     microop_unit__parameterized3__29 |         15 |         15 |       0 |    0 |    17 |      0 |      0 |    0 |          3 |
|       g[4].g_normal.alu_i                                                       |                     microop_unit__parameterized4__58 |         32 |         32 |       0 |    0 |    32 |      0 |      0 |    0 |          0 |
|       g[5].g_normal.alu_i                                                       |                     microop_unit__parameterized0__49 |          0 |          0 |       0 |    0 |     8 |      0 |      0 |    0 |          0 |
|       g[6].g_normal.alu_i                                                       |                     microop_unit__parameterized3__28 |         15 |         15 |       0 |    0 |    17 |      0 |      0 |    0 |          3 |
|       g[7].g_normal.alu_i                                                       |                     microop_unit__parameterized4__57 |         32 |         32 |       0 |    0 |    32 |      0 |      0 |    0 |          0 |
|   g_has_mem.glen_mem[135].blk_i                                                 |                      uop_block_wrap__parameterized32 |        103 |        103 |       0 |    0 |   164 |      0 |      0 |    0 |          0 |
|     (g_has_mem.glen_mem[135].blk_i)                                             |                      uop_block_wrap__parameterized32 |          0 |          0 |       0 |    0 |    49 |      0 |      0 |    0 |          0 |
|     core                                                                        |                       uop_block__parameterized32_116 |        103 |        103 |       0 |    0 |   115 |      0 |      0 |    0 |          0 |
|       (core)                                                                    |                       uop_block__parameterized32_116 |          7 |          7 |       0 |    0 |     3 |      0 |      0 |    0 |          0 |
|       g[0].g_normal.alu_i                                                       |                     microop_unit__parameterized0__47 |          0 |          0 |       0 |    0 |     8 |      0 |      0 |    0 |          0 |
|       g[1].g_normal.alu_i                                                       |                                     microop_unit__22 |         32 |         32 |       0 |    0 |    32 |      0 |      0 |    0 |          0 |
|       g[2].g_normal.alu_i                                                       |                     microop_unit__parameterized0__48 |          0 |          0 |       0 |    0 |     8 |      0 |      0 |    0 |          0 |
|       g[3].g_normal.alu_i                                                       |                     microop_unit__parameterized4__56 |         32 |         32 |       0 |    0 |    32 |      0 |      0 |    0 |          0 |
|       g[4].g_normal.alu_i                                                       |                     microop_unit__parameterized20__4 |         32 |         32 |       0 |    0 |    32 |      0 |      0 |    0 |          0 |
|   g_has_mem.glen_mem[136].blk_i                                                 |                      uop_block_wrap__parameterized68 |         37 |         37 |       0 |    0 |   114 |      0 |      0 |    0 |          0 |
|     (g_has_mem.glen_mem[136].blk_i)                                             |                      uop_block_wrap__parameterized68 |          2 |          2 |       0 |    0 |    49 |      0 |      0 |    0 |          0 |
|     core                                                                        |                           uop_block__parameterized68 |         35 |         35 |       0 |    0 |    65 |      0 |      0 |    0 |          0 |
|       (core)                                                                    |                           uop_block__parameterized68 |          3 |          3 |       0 |    0 |     1 |      0 |      0 |    0 |          0 |
|       g[0].g_normal.alu_i                                                       |                     microop_unit__parameterized1__39 |          0 |          0 |       0 |    0 |    32 |      0 |      0 |    0 |          0 |
|       g[1].g_normal.alu_i                                                       |                     microop_unit__parameterized4__60 |         32 |         32 |       0 |    0 |    32 |      0 |      0 |    0 |          0 |
|   g_has_mem.glen_mem[137].blk_i                                                 |                   uop_block_wrap__parameterized29_16 |         37 |         37 |       0 |    0 |    97 |      0 |      0 |    0 |          0 |
|     (g_has_mem.glen_mem[137].blk_i)                                             |                   uop_block_wrap__parameterized29_16 |          0 |          0 |       0 |    0 |    47 |      0 |      0 |    0 |          0 |
|     core                                                                        |                       uop_block__parameterized29_115 |         37 |         37 |       0 |    0 |    50 |      0 |      0 |    0 |          0 |
|       (core)                                                                    |                       uop_block__parameterized29_115 |          5 |          5 |       0 |    0 |     2 |      0 |      0 |    0 |          0 |
|       g[0].g_normal.alu_i                                                       |                     microop_unit__parameterized0__54 |          0 |          0 |       0 |    0 |     8 |      0 |      0 |    0 |          0 |
|       g[1].g_normal.alu_i                                                       |                     microop_unit__parameterized0__53 |          0 |          0 |       0 |    0 |     8 |      0 |      0 |    0 |          0 |
|       g[2].g_normal.alu_i                                                       |                     microop_unit__parameterized4__59 |         32 |         32 |       0 |    0 |    32 |      0 |      0 |    0 |          0 |
|   g_has_mem.glen_mem[138].blk_i                                                 |                      uop_block_wrap__parameterized14 |          3 |          3 |       0 |    0 |   148 |      0 |      0 |    0 |          0 |
|     (g_has_mem.glen_mem[138].blk_i)                                             |                      uop_block_wrap__parameterized14 |          0 |          0 |       0 |    0 |    75 |      0 |      0 |    0 |          0 |
|     core                                                                        |                       uop_block__parameterized14_114 |          3 |          3 |       0 |    0 |    73 |      0 |      0 |    0 |          0 |
|       (core)                                                                    |                       uop_block__parameterized14_114 |          3 |          3 |       0 |    0 |     1 |      0 |      0 |    0 |          0 |
|       g[0].g_normal.alu_i                                                       |                     microop_unit__parameterized9__34 |          0 |          0 |       0 |    0 |    64 |      0 |      0 |    0 |          0 |
|       g[1].g_normal.alu_i                                                       |                     microop_unit__parameterized0__56 |          0 |          0 |       0 |    0 |     8 |      0 |      0 |    0 |          0 |
|   g_has_mem.glen_mem[139].blk_i                                                 |                   uop_block_wrap__parameterized14_17 |          3 |          3 |       0 |    0 |   149 |      0 |      0 |    0 |          0 |
|     (g_has_mem.glen_mem[139].blk_i)                                             |                   uop_block_wrap__parameterized14_17 |          0 |          0 |       0 |    0 |    76 |      0 |      0 |    0 |          0 |
|     core                                                                        |                       uop_block__parameterized14_113 |          3 |          3 |       0 |    0 |    73 |      0 |      0 |    0 |          0 |
|       (core)                                                                    |                       uop_block__parameterized14_113 |          3 |          3 |       0 |    0 |     1 |      0 |      0 |    0 |          0 |
|       g[0].g_normal.alu_i                                                       |                     microop_unit__parameterized9__33 |          0 |          0 |       0 |    0 |    64 |      0 |      0 |    0 |          0 |
|       g[1].g_normal.alu_i                                                       |                     microop_unit__parameterized0__55 |          0 |          0 |       0 |    0 |     8 |      0 |      0 |    0 |          0 |
|   g_has_mem.glen_mem[13].blk_i                                                  |            uop_block_wrap__parameterized4__xdcDup__1 |        386 |        386 |       0 |    0 |   776 |      0 |      0 |    0 |          0 |
|     (g_has_mem.glen_mem[13].blk_i)                                              |            uop_block_wrap__parameterized4__xdcDup__1 |          0 |          0 |       0 |    0 |    70 |      0 |      0 |    0 |          0 |
|     core                                                                        |                 uop_block__parameterized4__xdcDup__1 |        386 |        386 |       0 |    0 |   706 |      0 |      0 |    0 |          0 |
|       (core)                                                                    |                 uop_block__parameterized4__xdcDup__1 |          0 |          0 |       0 |    0 |     0 |      0 |      0 |    0 |          0 |
|       g[0].g_normal.alu_i                                                       |                    microop_unit__parameterized13__22 |         64 |         64 |       0 |    0 |    64 |      0 |      0 |    0 |          0 |
|       g[1].g_normal.alu_i                                                       |                     microop_unit__parameterized9__53 |          0 |          0 |       0 |    0 |    64 |      0 |      0 |    0 |          0 |
|       g[2].g_normal.alu_i                                                       |                    microop_unit__parameterized13__23 |         64 |         64 |       0 |    0 |    64 |      0 |      0 |    0 |          0 |
|       g[3].g_normal.alu_i                                                       |             microop_unit__parameterized14__xdcDup__1 |         64 |         64 |       0 |    0 |   128 |      0 |      0 |    0 |          0 |
|         (g[3].g_normal.alu_i)                                                   |             microop_unit__parameterized14__xdcDup__1 |          0 |          0 |       0 |    0 |    64 |      0 |      0 |    0 |          0 |
|         g_iadd.use_ip.u_addsub                                                  |                                integer_addsub_HD7351 |         64 |         64 |       0 |    0 |    64 |      0 |      0 |    0 |          0 |
|           (g_iadd.use_ip.u_addsub)                                              |                                integer_addsub_HD7351 |          0 |          0 |       0 |    0 |     0 |      0 |      0 |    0 |          0 |
|           U0                                                                    |               integer_addsubc_addsub_v12_0_14_HD7352 |         64 |         64 |       0 |    0 |    64 |      0 |      0 |    0 |          0 |
|             (U0)                                                                |               integer_addsubc_addsub_v12_0_14_HD7352 |          0 |          0 |       0 |    0 |     0 |      0 |      0 |    0 |          0 |
|             xst_addsub                                                          |           integer_addsubc_addsub_v12_0_14_viv_HD7353 |         64 |         64 |       0 |    0 |    64 |      0 |      0 |    0 |          0 |
|               (xst_addsub)                                                      |           integer_addsubc_addsub_v12_0_14_viv_HD7353 |          0 |          0 |       0 |    0 |     0 |      0 |      0 |    0 |          0 |
|               i_baseblox.i_baseblox_addsub                                      |        integer_addsubc_addsub_v12_0_14_legacy_HD7354 |         64 |         64 |       0 |    0 |    64 |      0 |      0 |    0 |          0 |
|                 no_pipelining.the_addsub                                        | integer_addsubc_addsub_v12_0_14_fabric_legacy_HD7355 |         64 |         64 |       0 |    0 |    64 |      0 |      0 |    0 |          0 |
|                   i_lut6.i_lut6_addsub                                          |   integer_addsubc_addsub_v12_0_14_lut6_legacy_HD7356 |         64 |         64 |       0 |    0 |    64 |      0 |      0 |    0 |          0 |
|                     (i_lut6.i_lut6_addsub)                                      |   integer_addsubc_addsub_v12_0_14_lut6_legacy_HD7356 |         64 |         64 |       0 |    0 |     0 |      0 |      0 |    0 |          0 |
|                     i_q.i_simple.qreg                                           |            integer_addsubc_reg_fd_v12_0_6_viv_HD7357 |          0 |          0 |       0 |    0 |    64 |      0 |      0 |    0 |          0 |
|       g[4].g_normal.alu_i                                                       |             microop_unit__parameterized15__xdcDup__1 |         64 |         64 |       0 |    0 |   128 |      0 |      0 |    0 |          0 |
|         (g[4].g_normal.alu_i)                                                   |             microop_unit__parameterized15__xdcDup__1 |          0 |          0 |       0 |    0 |    64 |      0 |      0 |    0 |          0 |
|         g_iadd.use_ip.u_addsub                                                  |                                integer_addsub_HD7358 |         64 |         64 |       0 |    0 |    64 |      0 |      0 |    0 |          0 |
|           (g_iadd.use_ip.u_addsub)                                              |                                integer_addsub_HD7358 |          0 |          0 |       0 |    0 |     0 |      0 |      0 |    0 |          0 |
|           U0                                                                    |               integer_addsubc_addsub_v12_0_14_HD7359 |         64 |         64 |       0 |    0 |    64 |      0 |      0 |    0 |          0 |
|             (U0)                                                                |               integer_addsubc_addsub_v12_0_14_HD7359 |          0 |          0 |       0 |    0 |     0 |      0 |      0 |    0 |          0 |
|             xst_addsub                                                          |           integer_addsubc_addsub_v12_0_14_viv_HD7360 |         64 |         64 |       0 |    0 |    64 |      0 |      0 |    0 |          0 |
|               (xst_addsub)                                                      |           integer_addsubc_addsub_v12_0_14_viv_HD7360 |          0 |          0 |       0 |    0 |     0 |      0 |      0 |    0 |          0 |
|               i_baseblox.i_baseblox_addsub                                      |        integer_addsubc_addsub_v12_0_14_legacy_HD7361 |         64 |         64 |       0 |    0 |    64 |      0 |      0 |    0 |          0 |
|                 no_pipelining.the_addsub                                        | integer_addsubc_addsub_v12_0_14_fabric_legacy_HD7362 |         64 |         64 |       0 |    0 |    64 |      0 |      0 |    0 |          0 |
|                   i_lut6.i_lut6_addsub                                          |   integer_addsubc_addsub_v12_0_14_lut6_legacy_HD7363 |         64 |         64 |       0 |    0 |    64 |      0 |      0 |    0 |          0 |
|                     (i_lut6.i_lut6_addsub)                                      |   integer_addsubc_addsub_v12_0_14_lut6_legacy_HD7363 |         64 |         64 |       0 |    0 |     0 |      0 |      0 |    0 |          0 |
|                     i_q.i_simple.qreg                                           |            integer_addsubc_reg_fd_v12_0_6_viv_HD7364 |          0 |          0 |       0 |    0 |    64 |      0 |      0 |    0 |          0 |
|       g[5].g_normal.alu_i                                                       |             microop_unit__parameterized14__xdcDup__2 |         64 |         64 |       0 |    0 |   128 |      0 |      0 |    0 |          0 |
|         (g[5].g_normal.alu_i)                                                   |             microop_unit__parameterized14__xdcDup__2 |          0 |          0 |       0 |    0 |    64 |      0 |      0 |    0 |          0 |
|         g_iadd.use_ip.u_addsub                                                  |                                integer_addsub_HD7365 |         64 |         64 |       0 |    0 |    64 |      0 |      0 |    0 |          0 |
|           (g_iadd.use_ip.u_addsub)                                              |                                integer_addsub_HD7365 |          0 |          0 |       0 |    0 |     0 |      0 |      0 |    0 |          0 |
|           U0                                                                    |               integer_addsubc_addsub_v12_0_14_HD7366 |         64 |         64 |       0 |    0 |    64 |      0 |      0 |    0 |          0 |
|             (U0)                                                                |               integer_addsubc_addsub_v12_0_14_HD7366 |          0 |          0 |       0 |    0 |     0 |      0 |      0 |    0 |          0 |
|             xst_addsub                                                          |           integer_addsubc_addsub_v12_0_14_viv_HD7367 |         64 |         64 |       0 |    0 |    64 |      0 |      0 |    0 |          0 |
|               (xst_addsub)                                                      |           integer_addsubc_addsub_v12_0_14_viv_HD7367 |          0 |          0 |       0 |    0 |     0 |      0 |      0 |    0 |          0 |
|               i_baseblox.i_baseblox_addsub                                      |        integer_addsubc_addsub_v12_0_14_legacy_HD7368 |         64 |         64 |       0 |    0 |    64 |      0 |      0 |    0 |          0 |
|                 no_pipelining.the_addsub                                        | integer_addsubc_addsub_v12_0_14_fabric_legacy_HD7369 |         64 |         64 |       0 |    0 |    64 |      0 |      0 |    0 |          0 |
|                   i_lut6.i_lut6_addsub                                          |   integer_addsubc_addsub_v12_0_14_lut6_legacy_HD7370 |         64 |         64 |       0 |    0 |    64 |      0 |      0 |    0 |          0 |
|                     (i_lut6.i_lut6_addsub)                                      |   integer_addsubc_addsub_v12_0_14_lut6_legacy_HD7370 |         64 |         64 |       0 |    0 |     0 |      0 |      0 |    0 |          0 |
|                     i_q.i_simple.qreg                                           |            integer_addsubc_reg_fd_v12_0_6_viv_HD7371 |          0 |          0 |       0 |    0 |    64 |      0 |      0 |    0 |          0 |
|       g[6].g_normal.alu_i                                                       |                    microop_unit__parameterized16__11 |          1 |          1 |       0 |    0 |     1 |      0 |      0 |    0 |          0 |
|       g[7].g_normal.alu_i                                                       |             microop_unit__parameterized15__xdcDup__2 |         64 |         64 |       0 |    0 |   128 |      0 |      0 |    0 |          0 |
|         (g[7].g_normal.alu_i)                                                   |             microop_unit__parameterized15__xdcDup__2 |          0 |          0 |       0 |    0 |    64 |      0 |      0 |    0 |          0 |
|         g_iadd.use_ip.u_addsub                                                  |                                integer_addsub_HD7372 |         64 |         64 |       0 |    0 |    64 |      0 |      0 |    0 |          0 |
|           (g_iadd.use_ip.u_addsub)                                              |                                integer_addsub_HD7372 |          0 |          0 |       0 |    0 |     0 |      0 |      0 |    0 |          0 |
|           U0                                                                    |               integer_addsubc_addsub_v12_0_14_HD7373 |         64 |         64 |       0 |    0 |    64 |      0 |      0 |    0 |          0 |
|             (U0)                                                                |               integer_addsubc_addsub_v12_0_14_HD7373 |          0 |          0 |       0 |    0 |     0 |      0 |      0 |    0 |          0 |
|             xst_addsub                                                          |           integer_addsubc_addsub_v12_0_14_viv_HD7374 |         64 |         64 |       0 |    0 |    64 |      0 |      0 |    0 |          0 |
|               (xst_addsub)                                                      |           integer_addsubc_addsub_v12_0_14_viv_HD7374 |          0 |          0 |       0 |    0 |     0 |      0 |      0 |    0 |          0 |
|               i_baseblox.i_baseblox_addsub                                      |        integer_addsubc_addsub_v12_0_14_legacy_HD7375 |         64 |         64 |       0 |    0 |    64 |      0 |      0 |    0 |          0 |
|                 no_pipelining.the_addsub                                        | integer_addsubc_addsub_v12_0_14_fabric_legacy_HD7376 |         64 |         64 |       0 |    0 |    64 |      0 |      0 |    0 |          0 |
|                   i_lut6.i_lut6_addsub                                          |   integer_addsubc_addsub_v12_0_14_lut6_legacy_HD7377 |         64 |         64 |       0 |    0 |    64 |      0 |      0 |    0 |          0 |
|                     (i_lut6.i_lut6_addsub)                                      |   integer_addsubc_addsub_v12_0_14_lut6_legacy_HD7377 |         64 |         64 |       0 |    0 |     0 |      0 |      0 |    0 |          0 |
|                     i_q.i_simple.qreg                                           |            integer_addsubc_reg_fd_v12_0_6_viv_HD7378 |          0 |          0 |       0 |    0 |    64 |      0 |      0 |    0 |          0 |
|       g[8].g_normal.alu_i                                                       |                        microop_unit__parameterized16 |          1 |          1 |       0 |    0 |     1 |      0 |      0 |    0 |          0 |
|   g_has_mem.glen_mem[140].blk_i                                                 |                      uop_block_wrap__parameterized31 |        129 |        129 |       0 |    0 |   391 |      0 |      0 |    0 |          0 |
|     (g_has_mem.glen_mem[140].blk_i)                                             |                      uop_block_wrap__parameterized31 |          0 |          0 |       0 |    0 |    70 |      0 |      0 |    0 |          0 |
|     core                                                                        |                           uop_block__parameterized31 |        129 |        129 |       0 |    0 |   321 |      0 |      0 |    0 |          0 |
|       (core)                                                                    |                           uop_block__parameterized31 |          0 |          0 |       0 |    0 |     0 |      0 |      0 |    0 |          0 |
|       g[0].g_normal.alu_i                                                       |                     microop_unit__parameterized9__52 |          0 |          0 |       0 |    0 |    64 |      0 |      0 |    0 |          0 |
|       g[1].g_normal.alu_i                                                       |                        microop_unit__parameterized14 |         64 |         64 |       0 |    0 |   128 |      0 |      0 |    0 |          0 |
|         (g[1].g_normal.alu_i)                                                   |                        microop_unit__parameterized14 |          0 |          0 |       0 |    0 |    64 |      0 |      0 |    0 |          0 |
|         g_iadd.use_ip.u_addsub                                                  |                                integer_addsub_HD7379 |         64 |         64 |       0 |    0 |    64 |      0 |      0 |    0 |          0 |
|           (g_iadd.use_ip.u_addsub)                                              |                                integer_addsub_HD7379 |          0 |          0 |       0 |    0 |     0 |      0 |      0 |    0 |          0 |
|           U0                                                                    |               integer_addsubc_addsub_v12_0_14_HD7380 |         64 |         64 |       0 |    0 |    64 |      0 |      0 |    0 |          0 |
|             (U0)                                                                |               integer_addsubc_addsub_v12_0_14_HD7380 |          0 |          0 |       0 |    0 |     0 |      0 |      0 |    0 |          0 |
|             xst_addsub                                                          |           integer_addsubc_addsub_v12_0_14_viv_HD7381 |         64 |         64 |       0 |    0 |    64 |      0 |      0 |    0 |          0 |
|               (xst_addsub)                                                      |           integer_addsubc_addsub_v12_0_14_viv_HD7381 |          0 |          0 |       0 |    0 |     0 |      0 |      0 |    0 |          0 |
|               i_baseblox.i_baseblox_addsub                                      |        integer_addsubc_addsub_v12_0_14_legacy_HD7382 |         64 |         64 |       0 |    0 |    64 |      0 |      0 |    0 |          0 |
|                 no_pipelining.the_addsub                                        | integer_addsubc_addsub_v12_0_14_fabric_legacy_HD7383 |         64 |         64 |       0 |    0 |    64 |      0 |      0 |    0 |          0 |
|                   i_lut6.i_lut6_addsub                                          |   integer_addsubc_addsub_v12_0_14_lut6_legacy_HD7384 |         64 |         64 |       0 |    0 |    64 |      0 |      0 |    0 |          0 |
|                     (i_lut6.i_lut6_addsub)                                      |   integer_addsubc_addsub_v12_0_14_lut6_legacy_HD7384 |         64 |         64 |       0 |    0 |     0 |      0 |      0 |    0 |          0 |
|                     i_q.i_simple.qreg                                           |            integer_addsubc_reg_fd_v12_0_6_viv_HD7385 |          0 |          0 |       0 |    0 |    64 |      0 |      0 |    0 |          0 |
|       g[2].g_normal.alu_i                                                       |                        microop_unit__parameterized15 |         64 |         64 |       0 |    0 |   128 |      0 |      0 |    0 |          0 |
|         (g[2].g_normal.alu_i)                                                   |                        microop_unit__parameterized15 |          0 |          0 |       0 |    0 |    64 |      0 |      0 |    0 |          0 |
|         g_iadd.use_ip.u_addsub                                                  |                                integer_addsub_HD7386 |         64 |         64 |       0 |    0 |    64 |      0 |      0 |    0 |          0 |
|           (g_iadd.use_ip.u_addsub)                                              |                                integer_addsub_HD7386 |          0 |          0 |       0 |    0 |     0 |      0 |      0 |    0 |          0 |
|           U0                                                                    |               integer_addsubc_addsub_v12_0_14_HD7387 |         64 |         64 |       0 |    0 |    64 |      0 |      0 |    0 |          0 |
|             (U0)                                                                |               integer_addsubc_addsub_v12_0_14_HD7387 |          0 |          0 |       0 |    0 |     0 |      0 |      0 |    0 |          0 |
|             xst_addsub                                                          |           integer_addsubc_addsub_v12_0_14_viv_HD7388 |         64 |         64 |       0 |    0 |    64 |      0 |      0 |    0 |          0 |
|               (xst_addsub)                                                      |           integer_addsubc_addsub_v12_0_14_viv_HD7388 |          0 |          0 |       0 |    0 |     0 |      0 |      0 |    0 |          0 |
|               i_baseblox.i_baseblox_addsub                                      |        integer_addsubc_addsub_v12_0_14_legacy_HD7389 |         64 |         64 |       0 |    0 |    64 |      0 |      0 |    0 |          0 |
|                 no_pipelining.the_addsub                                        | integer_addsubc_addsub_v12_0_14_fabric_legacy_HD7390 |         64 |         64 |       0 |    0 |    64 |      0 |      0 |    0 |          0 |
|                   i_lut6.i_lut6_addsub                                          |   integer_addsubc_addsub_v12_0_14_lut6_legacy_HD7391 |         64 |         64 |       0 |    0 |    64 |      0 |      0 |    0 |          0 |
|                     (i_lut6.i_lut6_addsub)                                      |   integer_addsubc_addsub_v12_0_14_lut6_legacy_HD7391 |         64 |         64 |       0 |    0 |     0 |      0 |      0 |    0 |          0 |
|                     i_q.i_simple.qreg                                           |            integer_addsubc_reg_fd_v12_0_6_viv_HD7392 |          0 |          0 |       0 |    0 |    64 |      0 |      0 |    0 |          0 |
|       g[3].g_normal.alu_i                                                       |                    microop_unit__parameterized16__10 |          1 |          1 |       0 |    0 |     1 |      0 |      0 |    0 |          0 |
|   g_has_mem.glen_mem[141].blk_i                                                 |                      uop_block_wrap__parameterized33 |         36 |         36 |       0 |    0 |    83 |      0 |      0 |    0 |          0 |
|     (g_has_mem.glen_mem[141].blk_i)                                             |                      uop_block_wrap__parameterized33 |          0 |          0 |       0 |    0 |    49 |      0 |      0 |    0 |          0 |
|     core                                                                        |                       uop_block__parameterized33_112 |         36 |         36 |       0 |    0 |    34 |      0 |      0 |    0 |          0 |
|       (core)                                                                    |                       uop_block__parameterized33_112 |          3 |          3 |       0 |    0 |     1 |      0 |      0 |    0 |          0 |
|       g[0].g_normal.alu_i                                                       |                    microop_unit__parameterized11__11 |         32 |         32 |       0 |    0 |    32 |      0 |      0 |    0 |          0 |
|       g[1].g_normal.alu_i                                                       |                     microop_unit__parameterized16__5 |          1 |          1 |       0 |    0 |     1 |      0 |      0 |    0 |          0 |
|   g_has_mem.glen_mem[142].blk_i                                                 |                      uop_block_wrap__parameterized45 |         18 |         18 |       0 |    0 |    75 |      0 |      0 |    0 |          3 |
|     (g_has_mem.glen_mem[142].blk_i)                                             |                      uop_block_wrap__parameterized45 |          0 |          0 |       0 |    0 |    49 |      0 |      0 |    0 |          0 |
|     core                                                                        |                       uop_block__parameterized45_111 |         18 |         18 |       0 |    0 |    26 |      0 |      0 |    0 |          3 |
|       (core)                                                                    |                       uop_block__parameterized45_111 |          3 |          3 |       0 |    0 |     1 |      0 |      0 |    0 |          0 |
|       g[0].g_normal.alu_i                                                       |                     microop_unit__parameterized0__52 |          0 |          0 |       0 |    0 |     8 |      0 |      0 |    0 |          0 |
|       g[1].g_normal.alu_i                                                       |                     microop_unit__parameterized3__31 |         15 |         15 |       0 |    0 |    17 |      0 |      0 |    0 |          3 |
|   g_has_mem.glen_mem[143].blk_i                                                 |                      uop_block_wrap__parameterized27 |         64 |         64 |       0 |    0 |   102 |      0 |      0 |    0 |          0 |
|     (g_has_mem.glen_mem[143].blk_i)                                             |                      uop_block_wrap__parameterized27 |          0 |          0 |       0 |    0 |    37 |      0 |      0 |    0 |          0 |
|     core                                                                        |                       uop_block__parameterized27_110 |         64 |         64 |       0 |    0 |    65 |      0 |      0 |    0 |          0 |
|       (core)                                                                    |                       uop_block__parameterized27_110 |          0 |          0 |       0 |    0 |     0 |      0 |      0 |    0 |          0 |
|       g[0].g_normal.alu_i                                                       |                        microop_unit__parameterized24 |         32 |         32 |       0 |    0 |    32 |      0 |      0 |    0 |          0 |
|       g[1].g_normal.alu_i                                                       |                    microop_unit__parameterized11__28 |         32 |         32 |       0 |    0 |    32 |      0 |      0 |    0 |          0 |
|       g[2].g_normal.alu_i                                                       |                     microop_unit__parameterized25__3 |          0 |          0 |       0 |    0 |     1 |      0 |      0 |    0 |          0 |
|   g_has_mem.glen_mem[144].blk_i                                                 |                      uop_block_wrap__parameterized28 |        236 |        236 |       0 |    0 |   568 |      0 |      0 |    0 |          6 |
|     (g_has_mem.glen_mem[144].blk_i)                                             |                      uop_block_wrap__parameterized28 |          5 |          5 |       0 |    0 |    50 |      0 |      0 |    0 |          0 |
|     core                                                                        |                           uop_block__parameterized28 |        231 |        231 |       0 |    0 |   518 |      0 |      0 |    0 |          6 |
|       (core)                                                                    |                           uop_block__parameterized28 |          9 |          9 |       0 |    0 |     4 |      0 |      0 |    0 |          0 |
|       g[0].g_normal.alu_i                                                       |                     microop_unit__parameterized1__25 |          0 |          0 |       0 |    0 |    32 |      0 |      0 |    0 |          0 |
|       g[10].g_normal.alu_i                                                      |            microop_unit__parameterized10__xdcDup__19 |         64 |         64 |       0 |    0 |   128 |      0 |      0 |    0 |          0 |
|         (g[10].g_normal.alu_i)                                                  |            microop_unit__parameterized10__xdcDup__19 |          0 |          0 |       0 |    0 |    64 |      0 |      0 |    0 |          0 |
|         g_iadd.use_ip.u_addsub                                                  |                                integer_addsub_HD7393 |         64 |         64 |       0 |    0 |    64 |      0 |      0 |    0 |          0 |
|           (g_iadd.use_ip.u_addsub)                                              |                                integer_addsub_HD7393 |          0 |          0 |       0 |    0 |     0 |      0 |      0 |    0 |          0 |
|           U0                                                                    |               integer_addsubc_addsub_v12_0_14_HD7394 |         64 |         64 |       0 |    0 |    64 |      0 |      0 |    0 |          0 |
|             (U0)                                                                |               integer_addsubc_addsub_v12_0_14_HD7394 |          0 |          0 |       0 |    0 |     0 |      0 |      0 |    0 |          0 |
|             xst_addsub                                                          |           integer_addsubc_addsub_v12_0_14_viv_HD7395 |         64 |         64 |       0 |    0 |    64 |      0 |      0 |    0 |          0 |
|               (xst_addsub)                                                      |           integer_addsubc_addsub_v12_0_14_viv_HD7395 |          0 |          0 |       0 |    0 |     0 |      0 |      0 |    0 |          0 |
|               i_baseblox.i_baseblox_addsub                                      |        integer_addsubc_addsub_v12_0_14_legacy_HD7396 |         64 |         64 |       0 |    0 |    64 |      0 |      0 |    0 |          0 |
|                 no_pipelining.the_addsub                                        | integer_addsubc_addsub_v12_0_14_fabric_legacy_HD7397 |         64 |         64 |       0 |    0 |    64 |      0 |      0 |    0 |          0 |
|                   i_lut6.i_lut6_addsub                                          |   integer_addsubc_addsub_v12_0_14_lut6_legacy_HD7398 |         64 |         64 |       0 |    0 |    64 |      0 |      0 |    0 |          0 |
|                     (i_lut6.i_lut6_addsub)                                      |   integer_addsubc_addsub_v12_0_14_lut6_legacy_HD7398 |         64 |         64 |       0 |    0 |     0 |      0 |      0 |    0 |          0 |
|                     i_q.i_simple.qreg                                           |            integer_addsubc_reg_fd_v12_0_6_viv_HD7399 |          0 |          0 |       0 |    0 |    64 |      0 |      0 |    0 |          0 |
|       g[11].g_normal.alu_i                                                      |                        microop_unit__parameterized10 |         64 |         64 |       0 |    0 |   128 |      0 |      0 |    0 |          0 |
|         (g[11].g_normal.alu_i)                                                  |                        microop_unit__parameterized10 |          0 |          0 |       0 |    0 |    64 |      0 |      0 |    0 |          0 |
|         g_iadd.use_ip.u_addsub                                                  |                                integer_addsub_HD7400 |         64 |         64 |       0 |    0 |    64 |      0 |      0 |    0 |          0 |
|           (g_iadd.use_ip.u_addsub)                                              |                                integer_addsub_HD7400 |          0 |          0 |       0 |    0 |     0 |      0 |      0 |    0 |          0 |
|           U0                                                                    |               integer_addsubc_addsub_v12_0_14_HD7401 |         64 |         64 |       0 |    0 |    64 |      0 |      0 |    0 |          0 |
|             (U0)                                                                |               integer_addsubc_addsub_v12_0_14_HD7401 |          0 |          0 |       0 |    0 |     0 |      0 |      0 |    0 |          0 |
|             xst_addsub                                                          |           integer_addsubc_addsub_v12_0_14_viv_HD7402 |         64 |         64 |       0 |    0 |    64 |      0 |      0 |    0 |          0 |
|               (xst_addsub)                                                      |           integer_addsubc_addsub_v12_0_14_viv_HD7402 |          0 |          0 |       0 |    0 |     0 |      0 |      0 |    0 |          0 |
|               i_baseblox.i_baseblox_addsub                                      |        integer_addsubc_addsub_v12_0_14_legacy_HD7403 |         64 |         64 |       0 |    0 |    64 |      0 |      0 |    0 |          0 |
|                 no_pipelining.the_addsub                                        | integer_addsubc_addsub_v12_0_14_fabric_legacy_HD7404 |         64 |         64 |       0 |    0 |    64 |      0 |      0 |    0 |          0 |
|                   i_lut6.i_lut6_addsub                                          |   integer_addsubc_addsub_v12_0_14_lut6_legacy_HD7405 |         64 |         64 |       0 |    0 |    64 |      0 |      0 |    0 |          0 |
|                     (i_lut6.i_lut6_addsub)                                      |   integer_addsubc_addsub_v12_0_14_lut6_legacy_HD7405 |         64 |         64 |       0 |    0 |     0 |      0 |      0 |    0 |          0 |
|                     i_q.i_simple.qreg                                           |            integer_addsubc_reg_fd_v12_0_6_viv_HD7406 |          0 |          0 |       0 |    0 |    64 |      0 |      0 |    0 |          0 |
|       g[2].g_normal.alu_i                                                       |                     microop_unit__parameterized9__25 |          0 |          0 |       0 |    0 |    64 |      0 |      0 |    0 |          0 |
|       g[4].g_normal.alu_i                                                       |                     microop_unit__parameterized3__23 |         15 |         15 |       0 |    0 |    17 |      0 |      0 |    0 |          3 |
|       g[5].g_normal.alu_i                                                       |                     microop_unit__parameterized4__51 |         32 |         32 |       0 |    0 |    32 |      0 |      0 |    0 |          0 |
|       g[6].g_normal.alu_i                                                       |                        microop_unit__parameterized26 |         32 |         32 |       0 |    0 |    32 |      0 |      0 |    0 |          0 |
|       g[7].g_normal.alu_i                                                       |                    microop_unit__parameterized18__12 |          0 |          0 |       0 |    0 |    32 |      0 |      0 |    0 |          0 |
|       g[8].g_normal.alu_i                                                       |                     microop_unit__parameterized3__24 |         15 |         15 |       0 |    0 |    17 |      0 |      0 |    0 |          3 |
|       g[9].g_normal.alu_i                                                       |                    microop_unit__parameterized18__13 |          0 |          0 |       0 |    0 |    32 |      0 |      0 |    0 |          0 |
|   g_has_mem.glen_mem[145].blk_i                                                 |                      uop_block_wrap__parameterized69 |         64 |         64 |       0 |    0 |   134 |      0 |      0 |    0 |          0 |
|     (g_has_mem.glen_mem[145].blk_i)                                             |                      uop_block_wrap__parameterized69 |          0 |          0 |       0 |    0 |    70 |      0 |      0 |    0 |          0 |
|     core                                                                        |                           uop_block__parameterized69 |         64 |         64 |       0 |    0 |    64 |      0 |      0 |    0 |          0 |
|       (core)                                                                    |                           uop_block__parameterized69 |          0 |          0 |       0 |    0 |     0 |      0 |      0 |    0 |          0 |
|       g[0].g_normal.alu_i                                                       |                    microop_unit__parameterized13__21 |         64 |         64 |       0 |    0 |    64 |      0 |      0 |    0 |          0 |
|   g_has_mem.glen_mem[146].blk_i                                                 |                      uop_block_wrap__parameterized49 |         32 |         32 |       0 |    0 |    69 |      0 |      0 |    0 |          0 |
|     (g_has_mem.glen_mem[146].blk_i)                                             |                      uop_block_wrap__parameterized49 |          0 |          0 |       0 |    0 |    37 |      0 |      0 |    0 |          0 |
|     core                                                                        |                       uop_block__parameterized49_109 |         32 |         32 |       0 |    0 |    32 |      0 |      0 |    0 |          0 |
|       (core)                                                                    |                       uop_block__parameterized49_109 |          0 |          0 |       0 |    0 |     0 |      0 |      0 |    0 |          0 |
|       g[0].g_normal.alu_i                                                       |                                     microop_unit__18 |         32 |         32 |       0 |    0 |    32 |      0 |      0 |    0 |          0 |
|   g_has_mem.glen_mem[147].blk_i                                                 |                      uop_block_wrap__parameterized70 |         38 |         38 |       0 |    0 |    99 |      0 |      0 |    0 |          0 |
|     (g_has_mem.glen_mem[147].blk_i)                                             |                      uop_block_wrap__parameterized70 |          0 |          0 |       0 |    0 |    49 |      0 |      0 |    0 |          0 |
|     core                                                                        |                           uop_block__parameterized70 |         38 |         38 |       0 |    0 |    50 |      0 |      0 |    0 |          0 |
|       (core)                                                                    |                           uop_block__parameterized70 |          6 |          6 |       0 |    0 |     2 |      0 |      0 |    0 |          0 |
|       g[0].g_normal.alu_i                                                       |                     microop_unit__parameterized0__37 |          0 |          0 |       0 |    0 |     8 |      0 |      0 |    0 |          0 |
|       g[1].g_normal.alu_i                                                       |                     microop_unit__parameterized0__38 |          0 |          0 |       0 |    0 |     8 |      0 |      0 |    0 |          0 |
|       g[2].g_normal.alu_i                                                       |                     microop_unit__parameterized20__3 |         32 |         32 |       0 |    0 |    32 |      0 |      0 |    0 |          0 |
|   g_has_mem.glen_mem[14].blk_i                                                  |                                    uop_block_wrap_18 |         32 |         32 |       0 |    0 |    69 |      0 |      0 |    0 |          0 |
|     (g_has_mem.glen_mem[14].blk_i)                                              |                                    uop_block_wrap_18 |          0 |          0 |       0 |    0 |    37 |      0 |      0 |    0 |          0 |
|     core                                                                        |                                        uop_block_108 |         32 |         32 |       0 |    0 |    32 |      0 |      0 |    0 |          0 |
|       (core)                                                                    |                                        uop_block_108 |          0 |          0 |       0 |    0 |     0 |      0 |      0 |    0 |          0 |
|       g[0].g_normal.alu_i                                                       |                                     microop_unit__50 |         32 |         32 |       0 |    0 |    32 |      0 |      0 |    0 |          0 |
|   g_has_mem.glen_mem[15].blk_i                                                  |                                    uop_block_wrap_19 |         32 |         32 |       0 |    0 |    69 |      0 |      0 |    0 |          0 |
|     (g_has_mem.glen_mem[15].blk_i)                                              |                                    uop_block_wrap_19 |          0 |          0 |       0 |    0 |    37 |      0 |      0 |    0 |          0 |
|     core                                                                        |                                        uop_block_107 |         32 |         32 |       0 |    0 |    32 |      0 |      0 |    0 |          0 |
|       (core)                                                                    |                                        uop_block_107 |          0 |          0 |       0 |    0 |     0 |      0 |      0 |    0 |          0 |
|       g[0].g_normal.alu_i                                                       |                                     microop_unit__51 |         32 |         32 |       0 |    0 |    32 |      0 |      0 |    0 |          0 |
|   g_has_mem.glen_mem[16].blk_i                                                  |                                    uop_block_wrap_20 |         32 |         32 |       0 |    0 |    69 |      0 |      0 |    0 |          0 |
|     (g_has_mem.glen_mem[16].blk_i)                                              |                                    uop_block_wrap_20 |          0 |          0 |       0 |    0 |    37 |      0 |      0 |    0 |          0 |
|     core                                                                        |                                        uop_block_106 |         32 |         32 |       0 |    0 |    32 |      0 |      0 |    0 |          0 |
|       (core)                                                                    |                                        uop_block_106 |          0 |          0 |       0 |    0 |     0 |      0 |      0 |    0 |          0 |
|       g[0].g_normal.alu_i                                                       |                                     microop_unit__52 |         32 |         32 |       0 |    0 |    32 |      0 |      0 |    0 |          0 |
|   g_has_mem.glen_mem[17].blk_i                                                  |                                    uop_block_wrap_21 |         32 |         32 |       0 |    0 |    69 |      0 |      0 |    0 |          0 |
|     (g_has_mem.glen_mem[17].blk_i)                                              |                                    uop_block_wrap_21 |          0 |          0 |       0 |    0 |    37 |      0 |      0 |    0 |          0 |
|     core                                                                        |                                        uop_block_105 |         32 |         32 |       0 |    0 |    32 |      0 |      0 |    0 |          0 |
|       (core)                                                                    |                                        uop_block_105 |          0 |          0 |       0 |    0 |     0 |      0 |      0 |    0 |          0 |
|       g[0].g_normal.alu_i                                                       |                                     microop_unit__53 |         32 |         32 |       0 |    0 |    32 |      0 |      0 |    0 |          0 |
|   g_has_mem.glen_mem[18].blk_i                                                  |                                    uop_block_wrap_22 |         32 |         32 |       0 |    0 |    69 |      0 |      0 |    0 |          0 |
|     (g_has_mem.glen_mem[18].blk_i)                                              |                                    uop_block_wrap_22 |          0 |          0 |       0 |    0 |    37 |      0 |      0 |    0 |          0 |
|     core                                                                        |                                        uop_block_104 |         32 |         32 |       0 |    0 |    32 |      0 |      0 |    0 |          0 |
|       (core)                                                                    |                                        uop_block_104 |          0 |          0 |       0 |    0 |     0 |      0 |      0 |    0 |          0 |
|       g[0].g_normal.alu_i                                                       |                                     microop_unit__54 |         32 |         32 |       0 |    0 |    32 |      0 |      0 |    0 |          0 |
|   g_has_mem.glen_mem[19].blk_i                                                  |                                    uop_block_wrap_23 |         32 |         32 |       0 |    0 |    69 |      0 |      0 |    0 |          0 |
|     (g_has_mem.glen_mem[19].blk_i)                                              |                                    uop_block_wrap_23 |          0 |          0 |       0 |    0 |    37 |      0 |      0 |    0 |          0 |
|     core                                                                        |                                        uop_block_103 |         32 |         32 |       0 |    0 |    32 |      0 |      0 |    0 |          0 |
|       (core)                                                                    |                                        uop_block_103 |          0 |          0 |       0 |    0 |     0 |      0 |      0 |    0 |          0 |
|       g[0].g_normal.alu_i                                                       |                                     microop_unit__55 |         32 |         32 |       0 |    0 |    32 |      0 |      0 |    0 |          0 |
|   g_has_mem.glen_mem[1].blk_i                                                   |                       uop_block_wrap__parameterized0 |        346 |        346 |       0 |    0 |   394 |      0 |      0 |    0 |          3 |
|     (g_has_mem.glen_mem[1].blk_i)                                               |                       uop_block_wrap__parameterized0 |          0 |          0 |       0 |    0 |    45 |      0 |      0 |    0 |          0 |
|     core                                                                        |                        uop_block__parameterized0_102 |        346 |        346 |       0 |    0 |   349 |      0 |      0 |    0 |          3 |
|       (core)                                                                    |                        uop_block__parameterized0_102 |          9 |          9 |       0 |    0 |     4 |      0 |      0 |    0 |          0 |
|       g[0].g_normal.alu_i                                                       |                     microop_unit__parameterized0__63 |          0 |          0 |       0 |    0 |     8 |      0 |      0 |    0 |          0 |
|       g[10].g_normal.alu_i                                                      |                     microop_unit__parameterized7__12 |         31 |         31 |       0 |    0 |    32 |      0 |      0 |    0 |          0 |
|       g[12].g_normal.alu_i                                                      |                      microop_unit__parameterized8__4 |         16 |         16 |       0 |    0 |    32 |      0 |      0 |    0 |          0 |
|       g[1].g_normal.alu_i                                                       |                     microop_unit__parameterized1__53 |          0 |          0 |       0 |    0 |    32 |      0 |      0 |    0 |          0 |
|       g[2].g_normal.alu_i                                                       |                                     microop_unit__33 |         32 |         32 |       0 |    0 |    32 |      0 |      0 |    0 |          0 |
|       g[3].g_normal.alu_i                                                       |                      microop_unit__parameterized2__1 |         71 |         71 |       0 |    0 |    32 |      0 |      0 |    0 |          0 |
|       g[4].g_normal.alu_i                                                       |                     microop_unit__parameterized3__33 |         15 |         15 |       0 |    0 |    17 |      0 |      0 |    0 |          3 |
|       g[5].g_normal.alu_i                                                       |                     microop_unit__parameterized4__70 |         32 |         32 |       0 |    0 |    32 |      0 |      0 |    0 |          0 |
|       g[6].g_normal.alu_i                                                       |                      microop_unit__parameterized5__1 |         76 |         76 |       0 |    0 |    32 |      0 |      0 |    0 |          0 |
|       g[7].g_normal.alu_i                                                       |                     microop_unit__parameterized4__71 |         32 |         32 |       0 |    0 |    32 |      0 |      0 |    0 |          0 |
|       g[8].g_normal.alu_i                                                       |                      microop_unit__parameterized6__8 |         32 |         32 |       0 |    0 |    32 |      0 |      0 |    0 |          0 |
|       g[9].g_normal.alu_i                                                       |                     microop_unit__parameterized1__54 |          0 |          0 |       0 |    0 |    32 |      0 |      0 |    0 |          0 |
|   g_has_mem.glen_mem[20].blk_i                                                  |                                    uop_block_wrap_24 |         32 |         32 |       0 |    0 |    69 |      0 |      0 |    0 |          0 |
|     (g_has_mem.glen_mem[20].blk_i)                                              |                                    uop_block_wrap_24 |          0 |          0 |       0 |    0 |    37 |      0 |      0 |    0 |          0 |
|     core                                                                        |                                        uop_block_101 |         32 |         32 |       0 |    0 |    32 |      0 |      0 |    0 |          0 |
|       (core)                                                                    |                                        uop_block_101 |          0 |          0 |       0 |    0 |     0 |      0 |      0 |    0 |          0 |
|       g[0].g_normal.alu_i                                                       |                                     microop_unit__56 |         32 |         32 |       0 |    0 |    32 |      0 |      0 |    0 |          0 |
|   g_has_mem.glen_mem[21].blk_i                                                  |                       uop_block_wrap__parameterized5 |         73 |         73 |       0 |    0 |   254 |      0 |      0 |    0 |          0 |
|     (g_has_mem.glen_mem[21].blk_i)                                              |                       uop_block_wrap__parameterized5 |          2 |          2 |       0 |    0 |    75 |      0 |      0 |    0 |          0 |
|     core                                                                        |                            uop_block__parameterized5 |         71 |         71 |       0 |    0 |   179 |      0 |      0 |    0 |          0 |
|       (core)                                                                    |                            uop_block__parameterized5 |          7 |          7 |       0 |    0 |     3 |      0 |      0 |    0 |          0 |
|       g[0].g_normal.alu_i                                                       |             microop_unit__parameterized10__xdcDup__3 |         64 |         64 |       0 |    0 |   128 |      0 |      0 |    0 |          0 |
|         (g[0].g_normal.alu_i)                                                   |             microop_unit__parameterized10__xdcDup__3 |          0 |          0 |       0 |    0 |    64 |      0 |      0 |    0 |          0 |
|         g_iadd.use_ip.u_addsub                                                  |                                integer_addsub_HD7407 |         64 |         64 |       0 |    0 |    64 |      0 |      0 |    0 |          0 |
|           (g_iadd.use_ip.u_addsub)                                              |                                integer_addsub_HD7407 |          0 |          0 |       0 |    0 |     0 |      0 |      0 |    0 |          0 |
|           U0                                                                    |               integer_addsubc_addsub_v12_0_14_HD7408 |         64 |         64 |       0 |    0 |    64 |      0 |      0 |    0 |          0 |
|             (U0)                                                                |               integer_addsubc_addsub_v12_0_14_HD7408 |          0 |          0 |       0 |    0 |     0 |      0 |      0 |    0 |          0 |
|             xst_addsub                                                          |           integer_addsubc_addsub_v12_0_14_viv_HD7409 |         64 |         64 |       0 |    0 |    64 |      0 |      0 |    0 |          0 |
|               (xst_addsub)                                                      |           integer_addsubc_addsub_v12_0_14_viv_HD7409 |          0 |          0 |       0 |    0 |     0 |      0 |      0 |    0 |          0 |
|               i_baseblox.i_baseblox_addsub                                      |        integer_addsubc_addsub_v12_0_14_legacy_HD7410 |         64 |         64 |       0 |    0 |    64 |      0 |      0 |    0 |          0 |
|                 no_pipelining.the_addsub                                        | integer_addsubc_addsub_v12_0_14_fabric_legacy_HD7411 |         64 |         64 |       0 |    0 |    64 |      0 |      0 |    0 |          0 |
|                   i_lut6.i_lut6_addsub                                          |   integer_addsubc_addsub_v12_0_14_lut6_legacy_HD7412 |         64 |         64 |       0 |    0 |    64 |      0 |      0 |    0 |          0 |
|                     (i_lut6.i_lut6_addsub)                                      |   integer_addsubc_addsub_v12_0_14_lut6_legacy_HD7412 |         64 |         64 |       0 |    0 |     0 |      0 |      0 |    0 |          0 |
|                     i_q.i_simple.qreg                                           |            integer_addsubc_reg_fd_v12_0_6_viv_HD7413 |          0 |          0 |       0 |    0 |    64 |      0 |      0 |    0 |          0 |
|       g[1].g_normal.alu_i                                                       |                     microop_unit__parameterized0__31 |          0 |          0 |       0 |    0 |     8 |      0 |      0 |    0 |          0 |
|       g[2].g_normal.alu_i                                                       |                     microop_unit__parameterized0__32 |          0 |          0 |       0 |    0 |     8 |      0 |      0 |    0 |          0 |
|       g[3].g_normal.alu_i                                                       |                     microop_unit__parameterized0__33 |          0 |          0 |       0 |    0 |     8 |      0 |      0 |    0 |          0 |
|       g[4].g_normal.alu_i                                                       |                     microop_unit__parameterized0__34 |          0 |          0 |       0 |    0 |     8 |      0 |      0 |    0 |          0 |
|       g[5].g_normal.alu_i                                                       |                     microop_unit__parameterized0__35 |          0 |          0 |       0 |    0 |     8 |      0 |      0 |    0 |          0 |
|       g[6].g_normal.alu_i                                                       |                     microop_unit__parameterized0__36 |          0 |          0 |       0 |    0 |     8 |      0 |      0 |    0 |          0 |
|   g_has_mem.glen_mem[22].blk_i                                                  |                                    uop_block_wrap_25 |         32 |         32 |       0 |    0 |    69 |      0 |      0 |    0 |          0 |
|     (g_has_mem.glen_mem[22].blk_i)                                              |                                    uop_block_wrap_25 |          0 |          0 |       0 |    0 |    37 |      0 |      0 |    0 |          0 |
|     core                                                                        |                                        uop_block_100 |         32 |         32 |       0 |    0 |    32 |      0 |      0 |    0 |          0 |
|       (core)                                                                    |                                        uop_block_100 |          0 |          0 |       0 |    0 |     0 |      0 |      0 |    0 |          0 |
|       g[0].g_normal.alu_i                                                       |                                     microop_unit__57 |         32 |         32 |       0 |    0 |    32 |      0 |      0 |    0 |          0 |
|   g_has_mem.glen_mem[23].blk_i                                                  |                                    uop_block_wrap_26 |         32 |         32 |       0 |    0 |    69 |      0 |      0 |    0 |          0 |
|     (g_has_mem.glen_mem[23].blk_i)                                              |                                    uop_block_wrap_26 |          0 |          0 |       0 |    0 |    37 |      0 |      0 |    0 |          0 |
|     core                                                                        |                                         uop_block_99 |         32 |         32 |       0 |    0 |    32 |      0 |      0 |    0 |          0 |
|       (core)                                                                    |                                         uop_block_99 |          0 |          0 |       0 |    0 |     0 |      0 |      0 |    0 |          0 |
|       g[0].g_normal.alu_i                                                       |                                     microop_unit__58 |         32 |         32 |       0 |    0 |    32 |      0 |      0 |    0 |          0 |
|   g_has_mem.glen_mem[24].blk_i                                                  |                                    uop_block_wrap_27 |         37 |         37 |       0 |    0 |    69 |      0 |      0 |    0 |          0 |
|     (g_has_mem.glen_mem[24].blk_i)                                              |                                    uop_block_wrap_27 |          5 |          5 |       0 |    0 |    37 |      0 |      0 |    0 |          0 |
|     core                                                                        |                                         uop_block_98 |         32 |         32 |       0 |    0 |    32 |      0 |      0 |    0 |          0 |
|       (core)                                                                    |                                         uop_block_98 |          0 |          0 |       0 |    0 |     0 |      0 |      0 |    0 |          0 |
|       g[0].g_normal.alu_i                                                       |                                      microop_unit__8 |         32 |         32 |       0 |    0 |    32 |      0 |      0 |    0 |          0 |
|   g_has_mem.glen_mem[25].blk_i                                                  |                       uop_block_wrap__parameterized6 |          5 |          5 |       0 |    0 |   276 |      0 |      0 |    0 |          0 |
|     (g_has_mem.glen_mem[25].blk_i)                                              |                       uop_block_wrap__parameterized6 |          0 |          0 |       0 |    0 |    74 |      0 |      0 |    0 |          0 |
|     core                                                                        |                         uop_block__parameterized6_97 |          5 |          5 |       0 |    0 |   202 |      0 |      0 |    0 |          0 |
|       (core)                                                                    |                         uop_block__parameterized6_97 |          5 |          5 |       0 |    0 |     2 |      0 |      0 |    0 |          0 |
|       g[0].g_normal.alu_i                                                       |                      microop_unit__parameterized9__7 |          0 |          0 |       0 |    0 |    64 |      0 |      0 |    0 |          0 |
|       g[1].g_normal.alu_i                                                       |                      microop_unit__parameterized9__8 |          0 |          0 |       0 |    0 |    64 |      0 |      0 |    0 |          0 |
|       g[2].g_normal.alu_i                                                       |                      microop_unit__parameterized9__9 |          0 |          0 |       0 |    0 |    64 |      0 |      0 |    0 |          0 |
|       g[3].g_normal.alu_i                                                       |                      microop_unit__parameterized0__2 |          0 |          0 |       0 |    0 |     8 |      0 |      0 |    0 |          0 |
|   g_has_mem.glen_mem[26].blk_i                                                  |                       uop_block_wrap__parameterized7 |         68 |         68 |       0 |    0 |   207 |      0 |      0 |    0 |          0 |
|     (g_has_mem.glen_mem[26].blk_i)                                              |                       uop_block_wrap__parameterized7 |          1 |          1 |       0 |    0 |    78 |      0 |      0 |    0 |          0 |
|     core                                                                        |                         uop_block__parameterized7_96 |         67 |         67 |       0 |    0 |   129 |      0 |      0 |    0 |          0 |
|       (core)                                                                    |                         uop_block__parameterized7_96 |          3 |          3 |       0 |    0 |     1 |      0 |      0 |    0 |          0 |
|       g[0].g_normal.alu_i                                                       |                     microop_unit__parameterized13__2 |         64 |         64 |       0 |    0 |    64 |      0 |      0 |    0 |          0 |
|       g[1].g_normal.alu_i                                                       |                     microop_unit__parameterized9__10 |          0 |          0 |       0 |    0 |    64 |      0 |      0 |    0 |          0 |
|   g_has_mem.glen_mem[27].blk_i                                                  |                    uop_block_wrap__parameterized7_28 |         71 |         71 |       0 |    0 |   207 |      0 |      0 |    0 |          0 |
|     (g_has_mem.glen_mem[27].blk_i)                                              |                    uop_block_wrap__parameterized7_28 |          4 |          4 |       0 |    0 |    78 |      0 |      0 |    0 |          0 |
|     core                                                                        |                         uop_block__parameterized7_95 |         67 |         67 |       0 |    0 |   129 |      0 |      0 |    0 |          0 |
|       (core)                                                                    |                         uop_block__parameterized7_95 |          3 |          3 |       0 |    0 |     1 |      0 |      0 |    0 |          0 |
|       g[0].g_normal.alu_i                                                       |                     microop_unit__parameterized13__6 |         64 |         64 |       0 |    0 |    64 |      0 |      0 |    0 |          0 |
|       g[1].g_normal.alu_i                                                       |                     microop_unit__parameterized9__18 |          0 |          0 |       0 |    0 |    64 |      0 |      0 |    0 |          0 |
|   g_has_mem.glen_mem[28].blk_i                                                  |                                    uop_block_wrap_29 |         32 |         32 |       0 |    0 |    69 |      0 |      0 |    0 |          0 |
|     (g_has_mem.glen_mem[28].blk_i)                                              |                                    uop_block_wrap_29 |          0 |          0 |       0 |    0 |    37 |      0 |      0 |    0 |          0 |
|     core                                                                        |                                         uop_block_94 |         32 |         32 |       0 |    0 |    32 |      0 |      0 |    0 |          0 |
|       (core)                                                                    |                                         uop_block_94 |          0 |          0 |       0 |    0 |     0 |      0 |      0 |    0 |          0 |
|       g[0].g_normal.alu_i                                                       |                                     microop_unit__16 |         32 |         32 |       0 |    0 |    32 |      0 |      0 |    0 |          0 |
|   g_has_mem.glen_mem[29].blk_i                                                  |                    uop_block_wrap__parameterized8_30 |         67 |         67 |       0 |    0 |   151 |      0 |      0 |    0 |          0 |
|     (g_has_mem.glen_mem[29].blk_i)                                              |                    uop_block_wrap__parameterized8_30 |          1 |          1 |       0 |    0 |    78 |      0 |      0 |    0 |          0 |
|     core                                                                        |                         uop_block__parameterized8_93 |         66 |         66 |       0 |    0 |    73 |      0 |      0 |    0 |          0 |
|       (core)                                                                    |                         uop_block__parameterized8_93 |          2 |          2 |       0 |    0 |     1 |      0 |      0 |    0 |          0 |
|       g[0].g_normal.alu_i                                                       |                     microop_unit__parameterized13__3 |         64 |         64 |       0 |    0 |    64 |      0 |      0 |    0 |          0 |
|       g[1].g_normal.alu_i                                                       |                      microop_unit__parameterized0__3 |          0 |          0 |       0 |    0 |     8 |      0 |      0 |    0 |          0 |
|   g_has_mem.glen_mem[2].blk_i                                                   |                    uop_block_wrap__parameterized0_31 |        346 |        346 |       0 |    0 |   395 |      0 |      0 |    0 |          3 |
|     (g_has_mem.glen_mem[2].blk_i)                                               |                    uop_block_wrap__parameterized0_31 |          0 |          0 |       0 |    0 |    46 |      0 |      0 |    0 |          0 |
|     core                                                                        |                         uop_block__parameterized0_92 |        346 |        346 |       0 |    0 |   349 |      0 |      0 |    0 |          3 |
|       (core)                                                                    |                         uop_block__parameterized0_92 |          9 |          9 |       0 |    0 |     4 |      0 |      0 |    0 |          0 |
|       g[0].g_normal.alu_i                                                       |                     microop_unit__parameterized0__71 |          0 |          0 |       0 |    0 |     8 |      0 |      0 |    0 |          0 |
|       g[10].g_normal.alu_i                                                      |                     microop_unit__parameterized7__19 |         31 |         31 |       0 |    0 |    32 |      0 |      0 |    0 |          0 |
|       g[12].g_normal.alu_i                                                      |                      microop_unit__parameterized8__9 |         16 |         16 |       0 |    0 |    32 |      0 |      0 |    0 |          0 |
|       g[1].g_normal.alu_i                                                       |                     microop_unit__parameterized1__74 |          0 |          0 |       0 |    0 |    32 |      0 |      0 |    0 |          0 |
|       g[2].g_normal.alu_i                                                       |                                     microop_unit__40 |         32 |         32 |       0 |    0 |    32 |      0 |      0 |    0 |          0 |
|       g[3].g_normal.alu_i                                                       |                      microop_unit__parameterized2__6 |         71 |         71 |       0 |    0 |    32 |      0 |      0 |    0 |          0 |
|       g[4].g_normal.alu_i                                                       |                     microop_unit__parameterized3__38 |         15 |         15 |       0 |    0 |    17 |      0 |      0 |    0 |          3 |
|       g[5].g_normal.alu_i                                                       |                     microop_unit__parameterized4__83 |         32 |         32 |       0 |    0 |    32 |      0 |      0 |    0 |          0 |
|       g[6].g_normal.alu_i                                                       |                      microop_unit__parameterized5__6 |         76 |         76 |       0 |    0 |    32 |      0 |      0 |    0 |          0 |
|       g[7].g_normal.alu_i                                                       |                     microop_unit__parameterized4__82 |         32 |         32 |       0 |    0 |    32 |      0 |      0 |    0 |          0 |
|       g[8].g_normal.alu_i                                                       |                     microop_unit__parameterized6__15 |         32 |         32 |       0 |    0 |    32 |      0 |      0 |    0 |          0 |
|       g[9].g_normal.alu_i                                                       |                     microop_unit__parameterized1__73 |          0 |          0 |       0 |    0 |    32 |      0 |      0 |    0 |          0 |
|   g_has_mem.glen_mem[30].blk_i                                                  |                    uop_block_wrap__parameterized8_32 |         69 |         69 |       0 |    0 |   148 |      0 |      0 |    0 |          0 |
|     (g_has_mem.glen_mem[30].blk_i)                                              |                    uop_block_wrap__parameterized8_32 |          2 |          2 |       0 |    0 |    75 |      0 |      0 |    0 |          0 |
|     core                                                                        |                         uop_block__parameterized8_91 |         67 |         67 |       0 |    0 |    73 |      0 |      0 |    0 |          0 |
|       (core)                                                                    |                         uop_block__parameterized8_91 |          3 |          3 |       0 |    0 |     1 |      0 |      0 |    0 |          0 |
|       g[0].g_normal.alu_i                                                       |                     microop_unit__parameterized13__7 |         64 |         64 |       0 |    0 |    64 |      0 |      0 |    0 |          0 |
|       g[1].g_normal.alu_i                                                       |                     microop_unit__parameterized0__26 |          0 |          0 |       0 |    0 |     8 |      0 |      0 |    0 |          0 |
|   g_has_mem.glen_mem[31].blk_i                                                  |                       uop_block_wrap__parameterized9 |          3 |          3 |       0 |    0 |    90 |      0 |      0 |    0 |          0 |
|     (g_has_mem.glen_mem[31].blk_i)                                              |                       uop_block_wrap__parameterized9 |          0 |          0 |       0 |    0 |    49 |      0 |      0 |    0 |          0 |
|     core                                                                        |                            uop_block__parameterized9 |          3 |          3 |       0 |    0 |    41 |      0 |      0 |    0 |          0 |
|       (core)                                                                    |                            uop_block__parameterized9 |          3 |          3 |       0 |    0 |     1 |      0 |      0 |    0 |          0 |
|       g[0].g_normal.alu_i                                                       |                     microop_unit__parameterized17__1 |          0 |          0 |       0 |    0 |     8 |      0 |      0 |    0 |          0 |
|       g[1].g_normal.alu_i                                                       |                      microop_unit__parameterized1__3 |          0 |          0 |       0 |    0 |    32 |      0 |      0 |    0 |          0 |
|   g_has_mem.glen_mem[32].blk_i                                                  |                      uop_block_wrap__parameterized10 |        150 |        150 |       0 |    0 |   422 |      0 |      0 |    0 |          3 |
|     (g_has_mem.glen_mem[32].blk_i)                                              |                      uop_block_wrap__parameterized10 |          0 |          0 |       0 |    0 |    50 |      0 |      0 |    0 |          0 |
|     core                                                                        |                           uop_block__parameterized10 |        150 |        150 |       0 |    0 |   372 |      0 |      0 |    0 |          3 |
|       (core)                                                                    |                           uop_block__parameterized10 |          7 |          7 |       0 |    0 |     3 |      0 |      0 |    0 |          0 |
|       g[0].g_normal.alu_i                                                       |                      microop_unit__parameterized1__4 |          0 |          0 |       0 |    0 |    32 |      0 |      0 |    0 |          0 |
|       g[1].g_normal.alu_i                                                       |                     microop_unit__parameterized18__2 |          0 |          0 |       0 |    0 |    32 |      0 |      0 |    0 |          0 |
|       g[2].g_normal.alu_i                                                       |                      microop_unit__parameterized3__2 |         15 |         15 |       0 |    0 |    17 |      0 |      0 |    0 |          3 |
|       g[3].g_normal.alu_i                                                       |                     microop_unit__parameterized18__3 |          0 |          0 |       0 |    0 |    32 |      0 |      0 |    0 |          0 |
|       g[4].g_normal.alu_i                                                       |             microop_unit__parameterized10__xdcDup__4 |         64 |         64 |       0 |    0 |   128 |      0 |      0 |    0 |          0 |
|         (g[4].g_normal.alu_i)                                                   |             microop_unit__parameterized10__xdcDup__4 |          0 |          0 |       0 |    0 |    64 |      0 |      0 |    0 |          0 |
|         g_iadd.use_ip.u_addsub                                                  |                                integer_addsub_HD7414 |         64 |         64 |       0 |    0 |    64 |      0 |      0 |    0 |          0 |
|           (g_iadd.use_ip.u_addsub)                                              |                                integer_addsub_HD7414 |          0 |          0 |       0 |    0 |     0 |      0 |      0 |    0 |          0 |
|           U0                                                                    |               integer_addsubc_addsub_v12_0_14_HD7415 |         64 |         64 |       0 |    0 |    64 |      0 |      0 |    0 |          0 |
|             (U0)                                                                |               integer_addsubc_addsub_v12_0_14_HD7415 |          0 |          0 |       0 |    0 |     0 |      0 |      0 |    0 |          0 |
|             xst_addsub                                                          |           integer_addsubc_addsub_v12_0_14_viv_HD7416 |         64 |         64 |       0 |    0 |    64 |      0 |      0 |    0 |          0 |
|               (xst_addsub)                                                      |           integer_addsubc_addsub_v12_0_14_viv_HD7416 |          0 |          0 |       0 |    0 |     0 |      0 |      0 |    0 |          0 |
|               i_baseblox.i_baseblox_addsub                                      |        integer_addsubc_addsub_v12_0_14_legacy_HD7417 |         64 |         64 |       0 |    0 |    64 |      0 |      0 |    0 |          0 |
|                 no_pipelining.the_addsub                                        | integer_addsubc_addsub_v12_0_14_fabric_legacy_HD7418 |         64 |         64 |       0 |    0 |    64 |      0 |      0 |    0 |          0 |
|                   i_lut6.i_lut6_addsub                                          |   integer_addsubc_addsub_v12_0_14_lut6_legacy_HD7419 |         64 |         64 |       0 |    0 |    64 |      0 |      0 |    0 |          0 |
|                     (i_lut6.i_lut6_addsub)                                      |   integer_addsubc_addsub_v12_0_14_lut6_legacy_HD7419 |         64 |         64 |       0 |    0 |     0 |      0 |      0 |    0 |          0 |
|                     i_q.i_simple.qreg                                           |            integer_addsubc_reg_fd_v12_0_6_viv_HD7420 |          0 |          0 |       0 |    0 |    64 |      0 |      0 |    0 |          0 |
|       g[5].g_normal.alu_i                                                       |             microop_unit__parameterized10__xdcDup__5 |         64 |         64 |       0 |    0 |   128 |      0 |      0 |    0 |          0 |
|         (g[5].g_normal.alu_i)                                                   |             microop_unit__parameterized10__xdcDup__5 |          0 |          0 |       0 |    0 |    64 |      0 |      0 |    0 |          0 |
|         g_iadd.use_ip.u_addsub                                                  |                                integer_addsub_HD7421 |         64 |         64 |       0 |    0 |    64 |      0 |      0 |    0 |          0 |
|           (g_iadd.use_ip.u_addsub)                                              |                                integer_addsub_HD7421 |          0 |          0 |       0 |    0 |     0 |      0 |      0 |    0 |          0 |
|           U0                                                                    |               integer_addsubc_addsub_v12_0_14_HD7422 |         64 |         64 |       0 |    0 |    64 |      0 |      0 |    0 |          0 |
|             (U0)                                                                |               integer_addsubc_addsub_v12_0_14_HD7422 |          0 |          0 |       0 |    0 |     0 |      0 |      0 |    0 |          0 |
|             xst_addsub                                                          |           integer_addsubc_addsub_v12_0_14_viv_HD7423 |         64 |         64 |       0 |    0 |    64 |      0 |      0 |    0 |          0 |
|               (xst_addsub)                                                      |           integer_addsubc_addsub_v12_0_14_viv_HD7423 |          0 |          0 |       0 |    0 |     0 |      0 |      0 |    0 |          0 |
|               i_baseblox.i_baseblox_addsub                                      |        integer_addsubc_addsub_v12_0_14_legacy_HD7424 |         64 |         64 |       0 |    0 |    64 |      0 |      0 |    0 |          0 |
|                 no_pipelining.the_addsub                                        | integer_addsubc_addsub_v12_0_14_fabric_legacy_HD7425 |         64 |         64 |       0 |    0 |    64 |      0 |      0 |    0 |          0 |
|                   i_lut6.i_lut6_addsub                                          |   integer_addsubc_addsub_v12_0_14_lut6_legacy_HD7426 |         64 |         64 |       0 |    0 |    64 |      0 |      0 |    0 |          0 |
|                     (i_lut6.i_lut6_addsub)                                      |   integer_addsubc_addsub_v12_0_14_lut6_legacy_HD7426 |         64 |         64 |       0 |    0 |     0 |      0 |      0 |    0 |          0 |
|                     i_q.i_simple.qreg                                           |            integer_addsubc_reg_fd_v12_0_6_viv_HD7427 |          0 |          0 |       0 |    0 |    64 |      0 |      0 |    0 |          0 |
|   g_has_mem.glen_mem[33].blk_i                                                  |                      uop_block_wrap__parameterized11 |         33 |         33 |       0 |    0 |   102 |      0 |      0 |    0 |          0 |
|     (g_has_mem.glen_mem[33].blk_i)                                              |                      uop_block_wrap__parameterized11 |          1 |          1 |       0 |    0 |    38 |      0 |      0 |    0 |          0 |
|     core                                                                        |                           uop_block__parameterized11 |         32 |         32 |       0 |    0 |    64 |      0 |      0 |    0 |          0 |
|       (core)                                                                    |                           uop_block__parameterized11 |          0 |          0 |       0 |    0 |     0 |      0 |      0 |    0 |          0 |
|       g[0].g_normal.alu_i                                                       |                                      microop_unit__9 |         32 |         32 |       0 |    0 |    32 |      0 |      0 |    0 |          0 |
|       g[1].g_normal.alu_i                                                       |                    microop_unit__parameterized18__11 |          0 |          0 |       0 |    0 |    32 |      0 |      0 |    0 |          0 |
|   g_has_mem.glen_mem[34].blk_i                                                  |                      uop_block_wrap__parameterized12 |         38 |         38 |       0 |    0 |   124 |      0 |      0 |    0 |          0 |
|     (g_has_mem.glen_mem[34].blk_i)                                              |                      uop_block_wrap__parameterized12 |          1 |          1 |       0 |    0 |    50 |      0 |      0 |    0 |          0 |
|     core                                                                        |                           uop_block__parameterized12 |         37 |         37 |       0 |    0 |    74 |      0 |      0 |    0 |          0 |
|       (core)                                                                    |                           uop_block__parameterized12 |          5 |          5 |       0 |    0 |     2 |      0 |      0 |    0 |          0 |
|       g[0].g_normal.alu_i                                                       |                                      microop_unit__1 |         32 |         32 |       0 |    0 |    32 |      0 |      0 |    0 |          0 |
|       g[1].g_normal.alu_i                                                       |                     microop_unit__parameterized18__4 |          0 |          0 |       0 |    0 |    32 |      0 |      0 |    0 |          0 |
|       g[2].g_normal.alu_i                                                       |                      microop_unit__parameterized0__4 |          0 |          0 |       0 |    0 |     8 |      0 |      0 |    0 |          0 |
|   g_has_mem.glen_mem[35].blk_i                                                  |                      uop_block_wrap__parameterized13 |        854 |        854 |       0 |    0 |  1258 |      0 |      0 |    0 |          0 |
|     (g_has_mem.glen_mem[35].blk_i)                                              |                      uop_block_wrap__parameterized13 |          0 |          0 |       0 |    0 |    76 |      0 |      0 |    0 |          0 |
|     core                                                                        |                           uop_block__parameterized13 |        854 |        854 |       0 |    0 |  1182 |      0 |      0 |    0 |          0 |
|       (core)                                                                    |                           uop_block__parameterized13 |         21 |         21 |       0 |    0 |     6 |      0 |      0 |    0 |          0 |
|       g[0].g_normal.alu_i                                                       |                     microop_unit__parameterized13__4 |         64 |         64 |       0 |    0 |    64 |      0 |      0 |    0 |          0 |
|       g[10].g_normal.alu_i                                                      |                     microop_unit__parameterized18__6 |          0 |          0 |       0 |    0 |    32 |      0 |      0 |    0 |          0 |
|       g[11].g_normal.alu_i                                                      |                      microop_unit__parameterized0__8 |          0 |          0 |       0 |    0 |     8 |      0 |      0 |    0 |          0 |
|       g[12].g_normal.alu_i                                                      |                      microop_unit__parameterized0__9 |          0 |          0 |       0 |    0 |     8 |      0 |      0 |    0 |          0 |
|       g[13].g_normal.alu_i                                                      |                      microop_unit__parameterized1__5 |          0 |          0 |       0 |    0 |    32 |      0 |      0 |    0 |          0 |
|       g[14].g_normal.alu_i                                                      |                      microop_unit__parameterized4__5 |         32 |         32 |       0 |    0 |    32 |      0 |      0 |    0 |          0 |
|       g[15].g_normal.alu_i                                                      |                     microop_unit__parameterized18__7 |          0 |          0 |       0 |    0 |    32 |      0 |      0 |    0 |          0 |
|       g[16].g_normal.alu_i                                                      |                      microop_unit__parameterized4__6 |         32 |         32 |       0 |    0 |    32 |      0 |      0 |    0 |          0 |
|       g[17].g_normal.alu_i                                                      |                                      microop_unit__4 |         32 |         32 |       0 |    0 |    32 |      0 |      0 |    0 |          0 |
|       g[18].g_normal.alu_i                                                      |                     microop_unit__parameterized18__8 |          0 |          0 |       0 |    0 |    32 |      0 |      0 |    0 |          0 |
|       g[19].g_normal.alu_i                                                      |                     microop_unit__parameterized0__10 |          0 |          0 |       0 |    0 |     8 |      0 |      0 |    0 |          0 |
|       g[1].g_normal.alu_i                                                       |                                      microop_unit__2 |         32 |         32 |       0 |    0 |    32 |      0 |      0 |    0 |          0 |
|       g[20].g_normal.alu_i                                                      |                     microop_unit__parameterized0__11 |          0 |          0 |       0 |    0 |     8 |      0 |      0 |    0 |          0 |
|       g[22].g_normal.alu_i                                                      |                     microop_unit__parameterized19__1 |          1 |          1 |       0 |    0 |    32 |      0 |      0 |    0 |          0 |
|       g[23].g_normal.alu_i                                                      |                      microop_unit__parameterized1__6 |          0 |          0 |       0 |    0 |    32 |      0 |      0 |    0 |          0 |
|       g[24].g_normal.alu_i                                                      |                      microop_unit__parameterized4__7 |         32 |         32 |       0 |    0 |    32 |      0 |      0 |    0 |          0 |
|       g[25].g_normal.alu_i                                                      |                      microop_unit__parameterized4__8 |         32 |         32 |       0 |    0 |    32 |      0 |      0 |    0 |          0 |
|       g[26].g_normal.alu_i                                                      |                      microop_unit__parameterized4__9 |         32 |         32 |       0 |    0 |    32 |      0 |      0 |    0 |          0 |
|       g[28].g_normal.alu_i                                                      |                     microop_unit__parameterized4__10 |         32 |         32 |       0 |    0 |    32 |      0 |      0 |    0 |          0 |
|       g[29].g_normal.alu_i                                                      |                     microop_unit__parameterized11__2 |         32 |         32 |       0 |    0 |    32 |      0 |      0 |    0 |          0 |
|       g[2].g_normal.alu_i                                                       |                     microop_unit__parameterized13__5 |         64 |         64 |       0 |    0 |    64 |      0 |      0 |    0 |          0 |
|       g[30].g_normal.alu_i                                                      |                     microop_unit__parameterized12__2 |         32 |         32 |       0 |    0 |    32 |      0 |      0 |    0 |          0 |
|       g[31].g_normal.alu_i                                                      |                      microop_unit__parameterized1__7 |          0 |          0 |       0 |    0 |    32 |      0 |      0 |    0 |          0 |
|       g[32].g_normal.alu_i                                                      |                     microop_unit__parameterized4__11 |         32 |         32 |       0 |    0 |    32 |      0 |      0 |    0 |          0 |
|       g[34].g_normal.alu_i                                                      |                      microop_unit__parameterized1__8 |          0 |          0 |       0 |    0 |    32 |      0 |      0 |    0 |          0 |
|       g[35].g_normal.alu_i                                                      |                     microop_unit__parameterized4__12 |         32 |         32 |       0 |    0 |    32 |      0 |      0 |    0 |          0 |
|       g[36].g_normal.alu_i                                                      |                     microop_unit__parameterized11__3 |         32 |         32 |       0 |    0 |    32 |      0 |      0 |    0 |          0 |
|       g[37].g_normal.alu_i                                                      |                     microop_unit__parameterized12__3 |         32 |         32 |       0 |    0 |    32 |      0 |      0 |    0 |          0 |
|       g[39].g_normal.alu_i                                                      |                     microop_unit__parameterized4__13 |         32 |         32 |       0 |    0 |    32 |      0 |      0 |    0 |          0 |
|       g[3].g_normal.alu_i                                                       |                      microop_unit__parameterized0__5 |          0 |          0 |       0 |    0 |     8 |      0 |      0 |    0 |          0 |
|       g[40].g_normal.alu_i                                                      |                     microop_unit__parameterized11__4 |         32 |         32 |       0 |    0 |    32 |      0 |      0 |    0 |          0 |
|       g[41].g_normal.alu_i                                                      |                     microop_unit__parameterized12__4 |         32 |         32 |       0 |    0 |    32 |      0 |      0 |    0 |          0 |
|       g[42].g_normal.alu_i                                                      |                     microop_unit__parameterized11__5 |         32 |         32 |       0 |    0 |    32 |      0 |      0 |    0 |          0 |
|       g[43].g_normal.alu_i                                                      |                     microop_unit__parameterized12__5 |         32 |         32 |       0 |    0 |    32 |      0 |      0 |    0 |          0 |
|       g[4].g_normal.alu_i                                                       |                     microop_unit__parameterized18__5 |          0 |          0 |       0 |    0 |    32 |      0 |      0 |    0 |          0 |
|       g[5].g_normal.alu_i                                                       |                      microop_unit__parameterized0__6 |          0 |          0 |       0 |    0 |     8 |      0 |      0 |    0 |          0 |
|       g[6].g_normal.alu_i                                                       |                      microop_unit__parameterized0__7 |          0 |          0 |       0 |    0 |     8 |      0 |      0 |    0 |          0 |
|       g[7].g_normal.alu_i                                                       |                      microop_unit__parameterized4__3 |         32 |         32 |       0 |    0 |    32 |      0 |      0 |    0 |          0 |
|       g[8].g_normal.alu_i                                                       |                                      microop_unit__3 |         32 |         32 |       0 |    0 |    32 |      0 |      0 |    0 |          0 |
|       g[9].g_normal.alu_i                                                       |                      microop_unit__parameterized4__4 |         32 |         32 |       0 |    0 |    32 |      0 |      0 |    0 |          0 |
|   g_has_mem.glen_mem[36].blk_i                                                  |                   uop_block_wrap__parameterized14_33 |          3 |          3 |       0 |    0 |   147 |      0 |      0 |    0 |          0 |
|     (g_has_mem.glen_mem[36].blk_i)                                              |                   uop_block_wrap__parameterized14_33 |          0 |          0 |       0 |    0 |    74 |      0 |      0 |    0 |          0 |
|     core                                                                        |                           uop_block__parameterized14 |          3 |          3 |       0 |    0 |    73 |      0 |      0 |    0 |          0 |
|       (core)                                                                    |                           uop_block__parameterized14 |          3 |          3 |       0 |    0 |     1 |      0 |      0 |    0 |          0 |
|       g[0].g_normal.alu_i                                                       |                     microop_unit__parameterized9__11 |          0 |          0 |       0 |    0 |    64 |      0 |      0 |    0 |          0 |
|       g[1].g_normal.alu_i                                                       |                     microop_unit__parameterized0__12 |          0 |          0 |       0 |    0 |     8 |      0 |      0 |    0 |          0 |
|   g_has_mem.glen_mem[37].blk_i                                                  |                       uop_block_wrap__parameterized2 |         55 |         55 |       0 |    0 |   255 |      0 |      0 |    0 |          3 |
|     (g_has_mem.glen_mem[37].blk_i)                                              |                       uop_block_wrap__parameterized2 |          0 |          0 |       0 |    0 |    75 |      0 |      0 |    0 |          0 |
|     core                                                                        |                         uop_block__parameterized2_90 |         55 |         55 |       0 |    0 |   180 |      0 |      0 |    0 |          3 |
|       (core)                                                                    |                         uop_block__parameterized2_90 |          8 |          8 |       0 |    0 |     3 |      0 |      0 |    0 |          0 |
|       g[0].g_normal.alu_i                                                       |                     microop_unit__parameterized9__12 |          0 |          0 |       0 |    0 |    64 |      0 |      0 |    0 |          0 |
|       g[1].g_normal.alu_i                                                       |                      microop_unit__parameterized1__9 |          0 |          0 |       0 |    0 |    32 |      0 |      0 |    0 |          0 |
|       g[2].g_normal.alu_i                                                       |                      microop_unit__parameterized3__3 |         15 |         15 |       0 |    0 |    17 |      0 |      0 |    0 |          3 |
|       g[3].g_normal.alu_i                                                       |                     microop_unit__parameterized4__14 |         32 |         32 |       0 |    0 |    32 |      0 |      0 |    0 |          0 |
|       g[5].g_normal.alu_i                                                       |                     microop_unit__parameterized1__10 |          0 |          0 |       0 |    0 |    32 |      0 |      0 |    0 |          0 |
|   g_has_mem.glen_mem[38].blk_i                                                  |                      uop_block_wrap__parameterized15 |         32 |         32 |       0 |    0 |   101 |      0 |      0 |    0 |          0 |
|     (g_has_mem.glen_mem[38].blk_i)                                              |                      uop_block_wrap__parameterized15 |          0 |          0 |       0 |    0 |    37 |      0 |      0 |    0 |          0 |
|     core                                                                        |                        uop_block__parameterized15_89 |         32 |         32 |       0 |    0 |    64 |      0 |      0 |    0 |          0 |
|       (core)                                                                    |                        uop_block__parameterized15_89 |          0 |          0 |       0 |    0 |     0 |      0 |      0 |    0 |          0 |
|       g[0].g_normal.alu_i                                                       |                     microop_unit__parameterized1__24 |          0 |          0 |       0 |    0 |    32 |      0 |      0 |    0 |          0 |
|       g[1].g_normal.alu_i                                                       |                     microop_unit__parameterized20__2 |         32 |         32 |       0 |    0 |    32 |      0 |      0 |    0 |          0 |
|   g_has_mem.glen_mem[39].blk_i                                                  |                   uop_block_wrap__parameterized16_34 |          4 |          4 |       0 |    0 |   209 |      0 |      0 |    0 |          0 |
|     (g_has_mem.glen_mem[39].blk_i)                                              |                   uop_block_wrap__parameterized16_34 |          1 |          1 |       0 |    0 |    80 |      0 |      0 |    0 |          0 |
|     core                                                                        |                           uop_block__parameterized16 |          3 |          3 |       0 |    0 |   129 |      0 |      0 |    0 |          0 |
|       (core)                                                                    |                           uop_block__parameterized16 |          3 |          3 |       0 |    0 |     1 |      0 |      0 |    0 |          0 |
|       g[0].g_normal.alu_i                                                       |                     microop_unit__parameterized9__13 |          0 |          0 |       0 |    0 |    64 |      0 |      0 |    0 |          0 |
|       g[1].g_normal.alu_i                                                       |                     microop_unit__parameterized9__14 |          0 |          0 |       0 |    0 |    64 |      0 |      0 |    0 |          0 |
|   g_has_mem.glen_mem[3].blk_i                                                   |                    uop_block_wrap__parameterized0_35 |        346 |        346 |       0 |    0 |   396 |      0 |      0 |    0 |          3 |
|     (g_has_mem.glen_mem[3].blk_i)                                               |                    uop_block_wrap__parameterized0_35 |          0 |          0 |       0 |    0 |    47 |      0 |      0 |    0 |          0 |
|     core                                                                        |                         uop_block__parameterized0_88 |        346 |        346 |       0 |    0 |   349 |      0 |      0 |    0 |          3 |
|       (core)                                                                    |                         uop_block__parameterized0_88 |          9 |          9 |       0 |    0 |     4 |      0 |      0 |    0 |          0 |
|       g[0].g_normal.alu_i                                                       |                     microop_unit__parameterized0__70 |          0 |          0 |       0 |    0 |     8 |      0 |      0 |    0 |          0 |
|       g[10].g_normal.alu_i                                                      |                     microop_unit__parameterized7__18 |         31 |         31 |       0 |    0 |    32 |      0 |      0 |    0 |          0 |
|       g[12].g_normal.alu_i                                                      |                      microop_unit__parameterized8__8 |         16 |         16 |       0 |    0 |    32 |      0 |      0 |    0 |          0 |
|       g[1].g_normal.alu_i                                                       |                     microop_unit__parameterized1__72 |          0 |          0 |       0 |    0 |    32 |      0 |      0 |    0 |          0 |
|       g[2].g_normal.alu_i                                                       |                                     microop_unit__39 |         32 |         32 |       0 |    0 |    32 |      0 |      0 |    0 |          0 |
|       g[3].g_normal.alu_i                                                       |                      microop_unit__parameterized2__5 |         71 |         71 |       0 |    0 |    32 |      0 |      0 |    0 |          0 |
|       g[4].g_normal.alu_i                                                       |                     microop_unit__parameterized3__37 |         15 |         15 |       0 |    0 |    17 |      0 |      0 |    0 |          3 |
|       g[5].g_normal.alu_i                                                       |                     microop_unit__parameterized4__81 |         32 |         32 |       0 |    0 |    32 |      0 |      0 |    0 |          0 |
|       g[6].g_normal.alu_i                                                       |                      microop_unit__parameterized5__5 |         76 |         76 |       0 |    0 |    32 |      0 |      0 |    0 |          0 |
|       g[7].g_normal.alu_i                                                       |                     microop_unit__parameterized4__80 |         32 |         32 |       0 |    0 |    32 |      0 |      0 |    0 |          0 |
|       g[8].g_normal.alu_i                                                       |                     microop_unit__parameterized6__14 |         32 |         32 |       0 |    0 |    32 |      0 |      0 |    0 |          0 |
|       g[9].g_normal.alu_i                                                       |                     microop_unit__parameterized1__71 |          0 |          0 |       0 |    0 |    32 |      0 |      0 |    0 |          0 |
|   g_has_mem.glen_mem[40].blk_i                                                  |                      uop_block_wrap__parameterized17 |        415 |        415 |       0 |    0 |   645 |      0 |      0 |    0 |          0 |
|     (g_has_mem.glen_mem[40].blk_i)                                              |                      uop_block_wrap__parameterized17 |          0 |          0 |       0 |    0 |    37 |      0 |      0 |    0 |          0 |
|     core                                                                        |                           uop_block__parameterized17 |        415 |        415 |       0 |    0 |   608 |      0 |      0 |    0 |          0 |
|       (core)                                                                    |                           uop_block__parameterized17 |          0 |          0 |       0 |    0 |     0 |      0 |      0 |    0 |          0 |
|       g[0].g_normal.alu_i                                                       |                     microop_unit__parameterized19__2 |          1 |          1 |       0 |    0 |    32 |      0 |      0 |    0 |          0 |
|       g[10].g_normal.alu_i                                                      |                     microop_unit__parameterized4__61 |         32 |         32 |       0 |    0 |    32 |      0 |      0 |    0 |          0 |
|       g[11].g_normal.alu_i                                                      |                      microop_unit__parameterized6__4 |         32 |         32 |       0 |    0 |    32 |      0 |      0 |    0 |          0 |
|       g[12].g_normal.alu_i                                                      |                     microop_unit__parameterized1__42 |          0 |          0 |       0 |    0 |    32 |      0 |      0 |    0 |          0 |
|       g[13].g_normal.alu_i                                                      |                      microop_unit__parameterized7__6 |         31 |         31 |       0 |    0 |    32 |      0 |      0 |    0 |          0 |
|       g[15].g_normal.alu_i                                                      |                      microop_unit__parameterized8__2 |         16 |         16 |       0 |    0 |    32 |      0 |      0 |    0 |          0 |
|       g[16].g_normal.alu_i                                                      |                     microop_unit__parameterized1__43 |          0 |          0 |       0 |    0 |    32 |      0 |      0 |    0 |          0 |
|       g[17].g_normal.alu_i                                                      |                     microop_unit__parameterized20__5 |         32 |         32 |       0 |    0 |    32 |      0 |      0 |    0 |          0 |
|       g[18].g_normal.alu_i                                                      |                     microop_unit__parameterized20__6 |         32 |         32 |       0 |    0 |    32 |      0 |      0 |    0 |          0 |
|       g[19].g_normal.alu_i                                                      |                      microop_unit__parameterized6__5 |         32 |         32 |       0 |    0 |    32 |      0 |      0 |    0 |          0 |
|       g[1].g_normal.alu_i                                                       |                                     microop_unit__23 |         32 |         32 |       0 |    0 |    32 |      0 |      0 |    0 |          0 |
|       g[21].g_normal.alu_i                                                      |                     microop_unit__parameterized22__3 |         16 |         16 |       0 |    0 |    32 |      0 |      0 |    0 |          0 |
|       g[2].g_normal.alu_i                                                       |                     microop_unit__parameterized1__40 |          0 |          0 |       0 |    0 |    32 |      0 |      0 |    0 |          0 |
|       g[3].g_normal.alu_i                                                       |                     microop_unit__parameterized1__41 |          0 |          0 |       0 |    0 |    32 |      0 |      0 |    0 |          0 |
|       g[5].g_normal.alu_i                                                       |                      microop_unit__parameterized7__5 |         31 |         31 |       0 |    0 |    32 |      0 |      0 |    0 |          0 |
|       g[6].g_normal.alu_i                                                       |                    microop_unit__parameterized11__12 |         32 |         32 |       0 |    0 |    32 |      0 |      0 |    0 |          0 |
|       g[7].g_normal.alu_i                                                       |                    microop_unit__parameterized11__13 |         32 |         32 |       0 |    0 |    32 |      0 |      0 |    0 |          0 |
|       g[8].g_normal.alu_i                                                       |                     microop_unit__parameterized12__7 |         32 |         32 |       0 |    0 |    32 |      0 |      0 |    0 |          0 |
|       g[9].g_normal.alu_i                                                       |                     microop_unit__parameterized21__3 |         32 |         32 |       0 |    0 |    32 |      0 |      0 |    0 |          0 |
|   g_has_mem.glen_mem[41].blk_i                                                  |                      uop_block_wrap__parameterized18 |         64 |         64 |       0 |    0 |   262 |      0 |      0 |    0 |          0 |
|     (g_has_mem.glen_mem[41].blk_i)                                              |                      uop_block_wrap__parameterized18 |          0 |          0 |       0 |    0 |    70 |      0 |      0 |    0 |          0 |
|     core                                                                        |                           uop_block__parameterized18 |         64 |         64 |       0 |    0 |   192 |      0 |      0 |    0 |          0 |
|       (core)                                                                    |                           uop_block__parameterized18 |          0 |          0 |       0 |    0 |     0 |      0 |      0 |    0 |          0 |
|       g[0].g_normal.alu_i                                                       |                     microop_unit__parameterized9__35 |          0 |          0 |       0 |    0 |    64 |      0 |      0 |    0 |          0 |
|       g[1].g_normal.alu_i                                                       |             microop_unit__parameterized10__xdcDup__6 |         64 |         64 |       0 |    0 |   128 |      0 |      0 |    0 |          0 |
|         (g[1].g_normal.alu_i)                                                   |             microop_unit__parameterized10__xdcDup__6 |          0 |          0 |       0 |    0 |    64 |      0 |      0 |    0 |          0 |
|         g_iadd.use_ip.u_addsub                                                  |                                integer_addsub_HD7428 |         64 |         64 |       0 |    0 |    64 |      0 |      0 |    0 |          0 |
|           (g_iadd.use_ip.u_addsub)                                              |                                integer_addsub_HD7428 |          0 |          0 |       0 |    0 |     0 |      0 |      0 |    0 |          0 |
|           U0                                                                    |               integer_addsubc_addsub_v12_0_14_HD7429 |         64 |         64 |       0 |    0 |    64 |      0 |      0 |    0 |          0 |
|             (U0)                                                                |               integer_addsubc_addsub_v12_0_14_HD7429 |          0 |          0 |       0 |    0 |     0 |      0 |      0 |    0 |          0 |
|             xst_addsub                                                          |           integer_addsubc_addsub_v12_0_14_viv_HD7430 |         64 |         64 |       0 |    0 |    64 |      0 |      0 |    0 |          0 |
|               (xst_addsub)                                                      |           integer_addsubc_addsub_v12_0_14_viv_HD7430 |          0 |          0 |       0 |    0 |     0 |      0 |      0 |    0 |          0 |
|               i_baseblox.i_baseblox_addsub                                      |        integer_addsubc_addsub_v12_0_14_legacy_HD7431 |         64 |         64 |       0 |    0 |    64 |      0 |      0 |    0 |          0 |
|                 no_pipelining.the_addsub                                        | integer_addsubc_addsub_v12_0_14_fabric_legacy_HD7432 |         64 |         64 |       0 |    0 |    64 |      0 |      0 |    0 |          0 |
|                   i_lut6.i_lut6_addsub                                          |   integer_addsubc_addsub_v12_0_14_lut6_legacy_HD7433 |         64 |         64 |       0 |    0 |    64 |      0 |      0 |    0 |          0 |
|                     (i_lut6.i_lut6_addsub)                                      |   integer_addsubc_addsub_v12_0_14_lut6_legacy_HD7433 |         64 |         64 |       0 |    0 |     0 |      0 |      0 |    0 |          0 |
|                     i_q.i_simple.qreg                                           |            integer_addsubc_reg_fd_v12_0_6_viv_HD7434 |          0 |          0 |       0 |    0 |    64 |      0 |      0 |    0 |          0 |
|   g_has_mem.glen_mem[42].blk_i                                                  |                      uop_block_wrap__parameterized19 |        266 |        266 |       0 |    0 |   369 |      0 |      0 |    0 |          0 |
|     (g_has_mem.glen_mem[42].blk_i)                                              |                      uop_block_wrap__parameterized19 |          1 |          1 |       0 |    0 |    45 |      0 |      0 |    0 |          0 |
|     core                                                                        |                           uop_block__parameterized19 |        265 |        265 |       0 |    0 |   324 |      0 |      0 |    0 |          0 |
|       (core)                                                                    |                           uop_block__parameterized19 |         10 |         10 |       0 |    0 |     4 |      0 |      0 |    0 |          0 |
|       g[0].g_normal.alu_i                                                       |                                     microop_unit__24 |         32 |         32 |       0 |    0 |    32 |      0 |      0 |    0 |          0 |
|       g[10].g_normal.alu_i                                                      |                     microop_unit__parameterized12__9 |         32 |         32 |       0 |    0 |    32 |      0 |      0 |    0 |          0 |
|       g[11].g_normal.alu_i                                                      |                     microop_unit__parameterized1__45 |          0 |          0 |       0 |    0 |    32 |      0 |      0 |    0 |          0 |
|       g[1].g_normal.alu_i                                                       |                     microop_unit__parameterized1__44 |          0 |          0 |       0 |    0 |    32 |      0 |      0 |    0 |          0 |
|       g[3].g_normal.alu_i                                                       |                      microop_unit__parameterized7__7 |         31 |         31 |       0 |    0 |    32 |      0 |      0 |    0 |          0 |
|       g[4].g_normal.alu_i                                                       |                     microop_unit__parameterized4__62 |         32 |         32 |       0 |    0 |    32 |      0 |      0 |    0 |          0 |
|       g[6].g_normal.alu_i                                                       |                     microop_unit__parameterized20__7 |         32 |         32 |       0 |    0 |    32 |      0 |      0 |    0 |          0 |
|       g[7].g_normal.alu_i                                                       |                    microop_unit__parameterized11__14 |         32 |         32 |       0 |    0 |    32 |      0 |      0 |    0 |          0 |
|       g[8].g_normal.alu_i                                                       |                    microop_unit__parameterized11__15 |         32 |         32 |       0 |    0 |    32 |      0 |      0 |    0 |          0 |
|       g[9].g_normal.alu_i                                                       |                     microop_unit__parameterized12__8 |         32 |         32 |       0 |    0 |    32 |      0 |      0 |    0 |          0 |
|   g_has_mem.glen_mem[43].blk_i                                                  |                      uop_block_wrap__parameterized20 |        300 |        300 |       0 |    0 |   369 |      0 |      0 |    0 |          0 |
|     (g_has_mem.glen_mem[43].blk_i)                                              |                      uop_block_wrap__parameterized20 |          3 |          3 |       0 |    0 |    45 |      0 |      0 |    0 |          0 |
|     core                                                                        |                           uop_block__parameterized20 |        297 |        297 |       0 |    0 |   324 |      0 |      0 |    0 |          0 |
|       (core)                                                                    |                           uop_block__parameterized20 |         10 |         10 |       0 |    0 |     4 |      0 |      0 |    0 |          0 |
|       g[0].g_normal.alu_i                                                       |                                     microop_unit__25 |         32 |         32 |       0 |    0 |    32 |      0 |      0 |    0 |          0 |
|       g[10].g_normal.alu_i                                                      |                     microop_unit__parameterized21__5 |         32 |         32 |       0 |    0 |    32 |      0 |      0 |    0 |          0 |
|       g[11].g_normal.alu_i                                                      |                     microop_unit__parameterized4__64 |         32 |         32 |       0 |    0 |    32 |      0 |      0 |    0 |          0 |
|       g[1].g_normal.alu_i                                                       |                      microop_unit__parameterized7__8 |         31 |         31 |       0 |    0 |    32 |      0 |      0 |    0 |          0 |
|       g[3].g_normal.alu_i                                                       |                     microop_unit__parameterized4__63 |         32 |         32 |       0 |    0 |    32 |      0 |      0 |    0 |          0 |
|       g[5].g_normal.alu_i                                                       |                     microop_unit__parameterized20__8 |         32 |         32 |       0 |    0 |    32 |      0 |      0 |    0 |          0 |
|       g[6].g_normal.alu_i                                                       |                    microop_unit__parameterized11__16 |         32 |         32 |       0 |    0 |    32 |      0 |      0 |    0 |          0 |
|       g[7].g_normal.alu_i                                                       |                     microop_unit__parameterized1__46 |          0 |          0 |       0 |    0 |    32 |      0 |      0 |    0 |          0 |
|       g[8].g_normal.alu_i                                                       |                    microop_unit__parameterized11__17 |         32 |         32 |       0 |    0 |    32 |      0 |      0 |    0 |          0 |
|       g[9].g_normal.alu_i                                                       |                     microop_unit__parameterized21__4 |         32 |         32 |       0 |    0 |    32 |      0 |      0 |    0 |          0 |
|   g_has_mem.glen_mem[44].blk_i                                                  |                      uop_block_wrap__parameterized21 |          4 |          4 |       0 |    0 |   148 |      0 |      0 |    0 |          0 |
|     (g_has_mem.glen_mem[44].blk_i)                                              |                      uop_block_wrap__parameterized21 |          2 |          2 |       0 |    0 |    75 |      0 |      0 |    0 |          0 |
|     core                                                                        |                           uop_block__parameterized21 |          2 |          2 |       0 |    0 |    73 |      0 |      0 |    0 |          0 |
|       (core)                                                                    |                           uop_block__parameterized21 |          2 |          2 |       0 |    0 |     1 |      0 |      0 |    0 |          0 |
|       g[0].g_normal.alu_i                                                       |                     microop_unit__parameterized9__36 |          0 |          0 |       0 |    0 |    64 |      0 |      0 |    0 |          0 |
|       g[1].g_normal.alu_i                                                       |                     microop_unit__parameterized0__57 |          0 |          0 |       0 |    0 |     8 |      0 |      0 |    0 |          0 |
|   g_has_mem.glen_mem[45].blk_i                                                  |                      uop_block_wrap__parameterized22 |        287 |        287 |       0 |    0 |   389 |      0 |      0 |    0 |          0 |
|     (g_has_mem.glen_mem[45].blk_i)                                              |                      uop_block_wrap__parameterized22 |          0 |          0 |       0 |    0 |    37 |      0 |      0 |    0 |          0 |
|     core                                                                        |                           uop_block__parameterized22 |        287 |        287 |       0 |    0 |   352 |      0 |      0 |    0 |          0 |
|       (core)                                                                    |                           uop_block__parameterized22 |          0 |          0 |       0 |    0 |     0 |      0 |      0 |    0 |          0 |
|       g[0].g_normal.alu_i                                                       |                                     microop_unit__26 |         32 |         32 |       0 |    0 |    32 |      0 |      0 |    0 |          0 |
|       g[10].g_normal.alu_i                                                      |                    microop_unit__parameterized12__11 |         32 |         32 |       0 |    0 |    32 |      0 |      0 |    0 |          0 |
|       g[11].g_normal.alu_i                                                      |                     microop_unit__parameterized1__48 |          0 |          0 |       0 |    0 |    32 |      0 |      0 |    0 |          0 |
|       g[12].g_normal.alu_i                                                      |                     microop_unit__parameterized4__66 |         32 |         32 |       0 |    0 |    32 |      0 |      0 |    0 |          0 |
|       g[1].g_normal.alu_i                                                       |                     microop_unit__parameterized1__47 |          0 |          0 |       0 |    0 |    32 |      0 |      0 |    0 |          0 |
|       g[3].g_normal.alu_i                                                       |                      microop_unit__parameterized7__9 |         31 |         31 |       0 |    0 |    32 |      0 |      0 |    0 |          0 |
|       g[4].g_normal.alu_i                                                       |                     microop_unit__parameterized4__65 |         32 |         32 |       0 |    0 |    32 |      0 |      0 |    0 |          0 |
|       g[6].g_normal.alu_i                                                       |                     microop_unit__parameterized20__9 |         32 |         32 |       0 |    0 |    32 |      0 |      0 |    0 |          0 |
|       g[7].g_normal.alu_i                                                       |                    microop_unit__parameterized11__18 |         32 |         32 |       0 |    0 |    32 |      0 |      0 |    0 |          0 |
|       g[8].g_normal.alu_i                                                       |                    microop_unit__parameterized11__19 |         32 |         32 |       0 |    0 |    32 |      0 |      0 |    0 |          0 |
|       g[9].g_normal.alu_i                                                       |                    microop_unit__parameterized12__10 |         32 |         32 |       0 |    0 |    32 |      0 |      0 |    0 |          0 |
|   g_has_mem.glen_mem[46].blk_i                                                  |                   uop_block_wrap__parameterized15_36 |         32 |         32 |       0 |    0 |   101 |      0 |      0 |    0 |          0 |
|     (g_has_mem.glen_mem[46].blk_i)                                              |                   uop_block_wrap__parameterized15_36 |          0 |          0 |       0 |    0 |    37 |      0 |      0 |    0 |          0 |
|     core                                                                        |                           uop_block__parameterized15 |         32 |         32 |       0 |    0 |    64 |      0 |      0 |    0 |          0 |
|       (core)                                                                    |                           uop_block__parameterized15 |          0 |          0 |       0 |    0 |     0 |      0 |      0 |    0 |          0 |
|       g[0].g_normal.alu_i                                                       |                     microop_unit__parameterized1__49 |          0 |          0 |       0 |    0 |    32 |      0 |      0 |    0 |          0 |
|       g[1].g_normal.alu_i                                                       |                    microop_unit__parameterized20__10 |         32 |         32 |       0 |    0 |    32 |      0 |      0 |    0 |          0 |
|   g_has_mem.glen_mem[47].blk_i                                                  |                      uop_block_wrap__parameterized23 |        415 |        415 |       0 |    0 |   613 |      0 |      0 |    0 |          0 |
|     (g_has_mem.glen_mem[47].blk_i)                                              |                      uop_block_wrap__parameterized23 |          0 |          0 |       0 |    0 |    37 |      0 |      0 |    0 |          0 |
|     core                                                                        |                           uop_block__parameterized23 |        415 |        415 |       0 |    0 |   576 |      0 |      0 |    0 |          0 |
|       (core)                                                                    |                           uop_block__parameterized23 |          0 |          0 |       0 |    0 |     0 |      0 |      0 |    0 |          0 |
|       g[0].g_normal.alu_i                                                       |                        microop_unit__parameterized19 |          1 |          1 |       0 |    0 |    32 |      0 |      0 |    0 |          0 |
|       g[10].g_normal.alu_i                                                      |                     microop_unit__parameterized1__51 |          0 |          0 |       0 |    0 |    32 |      0 |      0 |    0 |          0 |
|       g[11].g_normal.alu_i                                                      |                      microop_unit__parameterized6__6 |         32 |         32 |       0 |    0 |    32 |      0 |      0 |    0 |          0 |
|       g[12].g_normal.alu_i                                                      |                     microop_unit__parameterized7__11 |         31 |         31 |       0 |    0 |    32 |      0 |      0 |    0 |          0 |
|       g[14].g_normal.alu_i                                                      |                      microop_unit__parameterized8__3 |         16 |         16 |       0 |    0 |    32 |      0 |      0 |    0 |          0 |
|       g[15].g_normal.alu_i                                                      |                     microop_unit__parameterized1__52 |          0 |          0 |       0 |    0 |    32 |      0 |      0 |    0 |          0 |
|       g[16].g_normal.alu_i                                                      |                    microop_unit__parameterized20__11 |         32 |         32 |       0 |    0 |    32 |      0 |      0 |    0 |          0 |
|       g[17].g_normal.alu_i                                                      |                    microop_unit__parameterized20__12 |         32 |         32 |       0 |    0 |    32 |      0 |      0 |    0 |          0 |
|       g[18].g_normal.alu_i                                                      |                      microop_unit__parameterized6__7 |         32 |         32 |       0 |    0 |    32 |      0 |      0 |    0 |          0 |
|       g[1].g_normal.alu_i                                                       |                                     microop_unit__27 |         32 |         32 |       0 |    0 |    32 |      0 |      0 |    0 |          0 |
|       g[20].g_normal.alu_i                                                      |                     microop_unit__parameterized22__4 |         16 |         16 |       0 |    0 |    32 |      0 |      0 |    0 |          0 |
|       g[2].g_normal.alu_i                                                       |                     microop_unit__parameterized1__50 |          0 |          0 |       0 |    0 |    32 |      0 |      0 |    0 |          0 |
|       g[4].g_normal.alu_i                                                       |                     microop_unit__parameterized7__10 |         31 |         31 |       0 |    0 |    32 |      0 |      0 |    0 |          0 |
|       g[5].g_normal.alu_i                                                       |                    microop_unit__parameterized11__20 |         32 |         32 |       0 |    0 |    32 |      0 |      0 |    0 |          0 |
|       g[6].g_normal.alu_i                                                       |                    microop_unit__parameterized11__21 |         32 |         32 |       0 |    0 |    32 |      0 |      0 |    0 |          0 |
|       g[7].g_normal.alu_i                                                       |                    microop_unit__parameterized12__12 |         32 |         32 |       0 |    0 |    32 |      0 |      0 |    0 |          0 |
|       g[8].g_normal.alu_i                                                       |                     microop_unit__parameterized21__6 |         32 |         32 |       0 |    0 |    32 |      0 |      0 |    0 |          0 |
|       g[9].g_normal.alu_i                                                       |                     microop_unit__parameterized4__67 |         32 |         32 |       0 |    0 |    32 |      0 |      0 |    0 |          0 |
|   g_has_mem.glen_mem[48].blk_i                                                  |                      uop_block_wrap__parameterized24 |        296 |        296 |       0 |    0 |   431 |      0 |      0 |    0 |          0 |
|     (g_has_mem.glen_mem[48].blk_i)                                              |                      uop_block_wrap__parameterized24 |          0 |          0 |       0 |    0 |    43 |      0 |      0 |    0 |          0 |
|     core                                                                        |                           uop_block__parameterized24 |        296 |        296 |       0 |    0 |   388 |      0 |      0 |    0 |          0 |
|       (core)                                                                    |                           uop_block__parameterized24 |          9 |          9 |       0 |    0 |     4 |      0 |      0 |    0 |          0 |
|       g[0].g_normal.alu_i                                                       |                                      microop_unit__5 |         32 |         32 |       0 |    0 |    32 |      0 |      0 |    0 |          0 |
|       g[10].g_normal.alu_i                                                      |                     microop_unit__parameterized1__13 |          0 |          0 |       0 |    0 |    32 |      0 |      0 |    0 |          0 |
|       g[11].g_normal.alu_i                                                      |                     microop_unit__parameterized21__1 |         32 |         32 |       0 |    0 |    32 |      0 |      0 |    0 |          0 |
|       g[12].g_normal.alu_i                                                      |                     microop_unit__parameterized21__2 |         32 |         32 |       0 |    0 |    32 |      0 |      0 |    0 |          0 |
|       g[13].g_normal.alu_i                                                      |                     microop_unit__parameterized4__16 |         32 |         32 |       0 |    0 |    32 |      0 |      0 |    0 |          0 |
|       g[1].g_normal.alu_i                                                       |                     microop_unit__parameterized1__11 |          0 |          0 |       0 |    0 |    32 |      0 |      0 |    0 |          0 |
|       g[3].g_normal.alu_i                                                       |                      microop_unit__parameterized7__1 |         31 |         31 |       0 |    0 |    32 |      0 |      0 |    0 |          0 |
|       g[4].g_normal.alu_i                                                       |                     microop_unit__parameterized4__15 |         32 |         32 |       0 |    0 |    32 |      0 |      0 |    0 |          0 |
|       g[5].g_normal.alu_i                                                       |                     microop_unit__parameterized1__12 |          0 |          0 |       0 |    0 |    32 |      0 |      0 |    0 |          0 |
|       g[7].g_normal.alu_i                                                       |                     microop_unit__parameterized20__1 |         32 |         32 |       0 |    0 |    32 |      0 |      0 |    0 |          0 |
|       g[8].g_normal.alu_i                                                       |                     microop_unit__parameterized11__6 |         32 |         32 |       0 |    0 |    32 |      0 |      0 |    0 |          0 |
|       g[9].g_normal.alu_i                                                       |                     microop_unit__parameterized11__7 |         32 |         32 |       0 |    0 |    32 |      0 |      0 |    0 |          0 |
|   g_has_mem.glen_mem[49].blk_i                                                  |                      uop_block_wrap__parameterized25 |       1258 |       1258 |       0 |    0 |  1617 |      0 |      0 |    0 |         48 |
|     (g_has_mem.glen_mem[49].blk_i)                                              |                      uop_block_wrap__parameterized25 |          2 |          2 |       0 |    0 |    42 |      0 |      0 |    0 |          0 |
|     core                                                                        |                           uop_block__parameterized25 |       1256 |       1256 |       0 |    0 |  1575 |      0 |      0 |    0 |         48 |
|       (core)                                                                    |                           uop_block__parameterized25 |         24 |         24 |       0 |    0 |     7 |      0 |      0 |    0 |          0 |
|       g[0].g_normal.alu_i                                                       |                     microop_unit__parameterized0__13 |          0 |          0 |       0 |    0 |     8 |      0 |      0 |    0 |          0 |
|       g[10].g_normal.alu_i                                                      |                     microop_unit__parameterized0__19 |          0 |          0 |       0 |    0 |     8 |      0 |      0 |    0 |          0 |
|       g[11].g_normal.alu_i                                                      |                     microop_unit__parameterized0__20 |          0 |          0 |       0 |    0 |     8 |      0 |      0 |    0 |          0 |
|       g[12].g_normal.alu_i                                                      |                                      microop_unit__6 |         32 |         32 |       0 |    0 |    32 |      0 |      0 |    0 |          0 |
|       g[13].g_normal.alu_i                                                      |                     microop_unit__parameterized4__18 |         32 |         32 |       0 |    0 |    32 |      0 |      0 |    0 |          0 |
|       g[14].g_normal.alu_i                                                      |                      microop_unit__parameterized3__6 |         15 |         15 |       0 |    0 |    17 |      0 |      0 |    0 |          3 |
|       g[15].g_normal.alu_i                                                      |                     microop_unit__parameterized4__19 |         32 |         32 |       0 |    0 |    32 |      0 |      0 |    0 |          0 |
|       g[16].g_normal.alu_i                                                      |                     microop_unit__parameterized4__20 |         32 |         32 |       0 |    0 |    32 |      0 |      0 |    0 |          0 |
|       g[17].g_normal.alu_i                                                      |                      microop_unit__parameterized3__7 |         15 |         15 |       0 |    0 |    17 |      0 |      0 |    0 |          3 |
|       g[18].g_normal.alu_i                                                      |                     microop_unit__parameterized4__21 |         32 |         32 |       0 |    0 |    32 |      0 |      0 |    0 |          0 |
|       g[19].g_normal.alu_i                                                      |                     microop_unit__parameterized4__22 |         32 |         32 |       0 |    0 |    32 |      0 |      0 |    0 |          0 |
|       g[1].g_normal.alu_i                                                       |                     microop_unit__parameterized0__14 |          0 |          0 |       0 |    0 |     8 |      0 |      0 |    0 |          0 |
|       g[20].g_normal.alu_i                                                      |                      microop_unit__parameterized3__8 |         15 |         15 |       0 |    0 |    17 |      0 |      0 |    0 |          3 |
|       g[21].g_normal.alu_i                                                      |                     microop_unit__parameterized0__21 |          0 |          0 |       0 |    0 |     8 |      0 |      0 |    0 |          0 |
|       g[22].g_normal.alu_i                                                      |                     microop_unit__parameterized0__22 |          0 |          0 |       0 |    0 |     8 |      0 |      0 |    0 |          0 |
|       g[23].g_normal.alu_i                                                      |                     microop_unit__parameterized4__23 |         32 |         32 |       0 |    0 |    32 |      0 |      0 |    0 |          0 |
|       g[24].g_normal.alu_i                                                      |                     microop_unit__parameterized4__24 |         32 |         32 |       0 |    0 |    32 |      0 |      0 |    0 |          0 |
|       g[25].g_normal.alu_i                                                      |                      microop_unit__parameterized3__9 |         15 |         15 |       0 |    0 |    17 |      0 |      0 |    0 |          3 |
|       g[26].g_normal.alu_i                                                      |                     microop_unit__parameterized4__25 |         32 |         32 |       0 |    0 |    32 |      0 |      0 |    0 |          0 |
|       g[27].g_normal.alu_i                                                      |                     microop_unit__parameterized3__10 |         15 |         15 |       0 |    0 |    17 |      0 |      0 |    0 |          3 |
|       g[28].g_normal.alu_i                                                      |                     microop_unit__parameterized4__26 |         32 |         32 |       0 |    0 |    32 |      0 |      0 |    0 |          0 |
|       g[29].g_normal.alu_i                                                      |                     microop_unit__parameterized0__23 |          0 |          0 |       0 |    0 |     8 |      0 |      0 |    0 |          0 |
|       g[2].g_normal.alu_i                                                       |                     microop_unit__parameterized0__15 |          0 |          0 |       0 |    0 |     8 |      0 |      0 |    0 |          0 |
|       g[30].g_normal.alu_i                                                      |                     microop_unit__parameterized0__24 |          0 |          0 |       0 |    0 |     8 |      0 |      0 |    0 |          0 |
|       g[31].g_normal.alu_i                                                      |                     microop_unit__parameterized4__27 |         32 |         32 |       0 |    0 |    32 |      0 |      0 |    0 |          0 |
|       g[32].g_normal.alu_i                                                      |                     microop_unit__parameterized3__11 |         15 |         15 |       0 |    0 |    17 |      0 |      0 |    0 |          3 |
|       g[33].g_normal.alu_i                                                      |                     microop_unit__parameterized4__28 |         32 |         32 |       0 |    0 |    32 |      0 |      0 |    0 |          0 |
|       g[34].g_normal.alu_i                                                      |                     microop_unit__parameterized3__12 |         15 |         15 |       0 |    0 |    17 |      0 |      0 |    0 |          3 |
|       g[35].g_normal.alu_i                                                      |                     microop_unit__parameterized0__25 |          0 |          0 |       0 |    0 |     8 |      0 |      0 |    0 |          0 |
|       g[36].g_normal.alu_i                                                      |                     microop_unit__parameterized0__27 |          0 |          0 |       0 |    0 |     8 |      0 |      0 |    0 |          0 |
|       g[37].g_normal.alu_i                                                      |                     microop_unit__parameterized1__15 |          0 |          0 |       0 |    0 |    32 |      0 |      0 |    0 |          0 |
|       g[38].g_normal.alu_i                                                      |                     microop_unit__parameterized4__29 |         32 |         32 |       0 |    0 |    32 |      0 |      0 |    0 |          0 |
|       g[39].g_normal.alu_i                                                      |                     microop_unit__parameterized4__30 |         32 |         32 |       0 |    0 |    32 |      0 |      0 |    0 |          0 |
|       g[3].g_normal.alu_i                                                       |                     microop_unit__parameterized0__16 |          0 |          0 |       0 |    0 |     8 |      0 |      0 |    0 |          0 |
|       g[40].g_normal.alu_i                                                      |                     microop_unit__parameterized1__16 |          0 |          0 |       0 |    0 |    32 |      0 |      0 |    0 |          0 |
|       g[41].g_normal.alu_i                                                      |                     microop_unit__parameterized4__31 |         32 |         32 |       0 |    0 |    32 |      0 |      0 |    0 |          0 |
|       g[42].g_normal.alu_i                                                      |                     microop_unit__parameterized1__17 |          0 |          0 |       0 |    0 |    32 |      0 |      0 |    0 |          0 |
|       g[43].g_normal.alu_i                                                      |                     microop_unit__parameterized4__32 |         32 |         32 |       0 |    0 |    32 |      0 |      0 |    0 |          0 |
|       g[44].g_normal.alu_i                                                      |                     microop_unit__parameterized4__33 |         32 |         32 |       0 |    0 |    32 |      0 |      0 |    0 |          0 |
|       g[45].g_normal.alu_i                                                      |                     microop_unit__parameterized3__13 |         15 |         15 |       0 |    0 |    17 |      0 |      0 |    0 |          3 |
|       g[46].g_normal.alu_i                                                      |                     microop_unit__parameterized3__14 |         15 |         15 |       0 |    0 |    17 |      0 |      0 |    0 |          3 |
|       g[47].g_normal.alu_i                                                      |                     microop_unit__parameterized4__34 |         32 |         32 |       0 |    0 |    32 |      0 |      0 |    0 |          0 |
|       g[48].g_normal.alu_i                                                      |                     microop_unit__parameterized3__15 |         15 |         15 |       0 |    0 |    17 |      0 |      0 |    0 |          3 |
|       g[49].g_normal.alu_i                                                      |                     microop_unit__parameterized4__35 |         32 |         32 |       0 |    0 |    32 |      0 |      0 |    0 |          0 |
|       g[4].g_normal.alu_i                                                       |                      microop_unit__parameterized3__4 |         15 |         15 |       0 |    0 |    17 |      0 |      0 |    0 |          3 |
|       g[50].g_normal.alu_i                                                      |                     microop_unit__parameterized3__16 |         15 |         15 |       0 |    0 |    17 |      0 |      0 |    0 |          3 |
|       g[51].g_normal.alu_i                                                      |                     microop_unit__parameterized4__36 |         32 |         32 |       0 |    0 |    32 |      0 |      0 |    0 |          0 |
|       g[52].g_normal.alu_i                                                      |                     microop_unit__parameterized3__17 |         15 |         15 |       0 |    0 |    17 |      0 |      0 |    0 |          3 |
|       g[53].g_normal.alu_i                                                      |                     microop_unit__parameterized4__37 |         32 |         32 |       0 |    0 |    32 |      0 |      0 |    0 |          0 |
|       g[54].g_normal.alu_i                                                      |                     microop_unit__parameterized4__38 |         32 |         32 |       0 |    0 |    32 |      0 |      0 |    0 |          0 |
|       g[55].g_normal.alu_i                                                      |                     microop_unit__parameterized4__39 |         32 |         32 |       0 |    0 |    32 |      0 |      0 |    0 |          0 |
|       g[56].g_normal.alu_i                                                      |                     microop_unit__parameterized1__18 |          0 |          0 |       0 |    0 |    32 |      0 |      0 |    0 |          0 |
|       g[57].g_normal.alu_i                                                      |                     microop_unit__parameterized3__18 |         15 |         15 |       0 |    0 |    17 |      0 |      0 |    0 |          3 |
|       g[58].g_normal.alu_i                                                      |                     microop_unit__parameterized4__40 |         32 |         32 |       0 |    0 |    32 |      0 |      0 |    0 |          0 |
|       g[59].g_normal.alu_i                                                      |                     microop_unit__parameterized1__19 |          0 |          0 |       0 |    0 |    32 |      0 |      0 |    0 |          0 |
|       g[5].g_normal.alu_i                                                       |                      microop_unit__parameterized3__5 |         15 |         15 |       0 |    0 |    17 |      0 |      0 |    0 |          3 |
|       g[60].g_normal.alu_i                                                      |                     microop_unit__parameterized3__19 |         15 |         15 |       0 |    0 |    17 |      0 |      0 |    0 |          3 |
|       g[61].g_normal.alu_i                                                      |                     microop_unit__parameterized4__41 |         32 |         32 |       0 |    0 |    32 |      0 |      0 |    0 |          0 |
|       g[62].g_normal.alu_i                                                      |                     microop_unit__parameterized4__42 |         32 |         32 |       0 |    0 |    32 |      0 |      0 |    0 |          0 |
|       g[63].g_normal.alu_i                                                      |                     microop_unit__parameterized4__43 |         32 |         32 |       0 |    0 |    32 |      0 |      0 |    0 |          0 |
|       g[64].g_normal.alu_i                                                      |                     microop_unit__parameterized4__44 |         32 |         32 |       0 |    0 |    32 |      0 |      0 |    0 |          0 |
|       g[65].g_normal.alu_i                                                      |                     microop_unit__parameterized4__45 |         32 |         32 |       0 |    0 |    32 |      0 |      0 |    0 |          0 |
|       g[66].g_normal.alu_i                                                      |                     microop_unit__parameterized4__46 |         32 |         32 |       0 |    0 |    32 |      0 |      0 |    0 |          0 |
|       g[6].g_normal.alu_i                                                       |                     microop_unit__parameterized4__17 |         32 |         32 |       0 |    0 |    32 |      0 |      0 |    0 |          0 |
|       g[7].g_normal.alu_i                                                       |                     microop_unit__parameterized0__17 |          0 |          0 |       0 |    0 |     8 |      0 |      0 |    0 |          0 |
|       g[8].g_normal.alu_i                                                       |                     microop_unit__parameterized0__18 |          0 |          0 |       0 |    0 |     8 |      0 |      0 |    0 |          0 |
|       g[9].g_normal.alu_i                                                       |                     microop_unit__parameterized1__14 |          0 |          0 |       0 |    0 |    32 |      0 |      0 |    0 |          0 |
|   g_has_mem.glen_mem[4].blk_i                                                   |                    uop_block_wrap__parameterized0_37 |        346 |        346 |       0 |    0 |   393 |      0 |      0 |    0 |          3 |
|     (g_has_mem.glen_mem[4].blk_i)                                               |                    uop_block_wrap__parameterized0_37 |          0 |          0 |       0 |    0 |    44 |      0 |      0 |    0 |          0 |
|     core                                                                        |                         uop_block__parameterized0_87 |        346 |        346 |       0 |    0 |   349 |      0 |      0 |    0 |          3 |
|       (core)                                                                    |                         uop_block__parameterized0_87 |          9 |          9 |       0 |    0 |     4 |      0 |      0 |    0 |          0 |
|       g[0].g_normal.alu_i                                                       |                     microop_unit__parameterized0__69 |          0 |          0 |       0 |    0 |     8 |      0 |      0 |    0 |          0 |
|       g[10].g_normal.alu_i                                                      |                     microop_unit__parameterized7__17 |         31 |         31 |       0 |    0 |    32 |      0 |      0 |    0 |          0 |
|       g[12].g_normal.alu_i                                                      |                      microop_unit__parameterized8__7 |         16 |         16 |       0 |    0 |    32 |      0 |      0 |    0 |          0 |
|       g[1].g_normal.alu_i                                                       |                     microop_unit__parameterized1__70 |          0 |          0 |       0 |    0 |    32 |      0 |      0 |    0 |          0 |
|       g[2].g_normal.alu_i                                                       |                                     microop_unit__38 |         32 |         32 |       0 |    0 |    32 |      0 |      0 |    0 |          0 |
|       g[3].g_normal.alu_i                                                       |                      microop_unit__parameterized2__4 |         71 |         71 |       0 |    0 |    32 |      0 |      0 |    0 |          0 |
|       g[4].g_normal.alu_i                                                       |                     microop_unit__parameterized3__36 |         15 |         15 |       0 |    0 |    17 |      0 |      0 |    0 |          3 |
|       g[5].g_normal.alu_i                                                       |                     microop_unit__parameterized4__79 |         32 |         32 |       0 |    0 |    32 |      0 |      0 |    0 |          0 |
|       g[6].g_normal.alu_i                                                       |                      microop_unit__parameterized5__4 |         76 |         76 |       0 |    0 |    32 |      0 |      0 |    0 |          0 |
|       g[7].g_normal.alu_i                                                       |                     microop_unit__parameterized4__78 |         32 |         32 |       0 |    0 |    32 |      0 |      0 |    0 |          0 |
|       g[8].g_normal.alu_i                                                       |                     microop_unit__parameterized6__13 |         32 |         32 |       0 |    0 |    32 |      0 |      0 |    0 |          0 |
|       g[9].g_normal.alu_i                                                       |                     microop_unit__parameterized1__69 |          0 |          0 |       0 |    0 |    32 |      0 |      0 |    0 |          0 |
|   g_has_mem.glen_mem[50].blk_i                                                  |                   uop_block_wrap__parameterized26_38 |         32 |         32 |       0 |    0 |   102 |      0 |      0 |    0 |          0 |
|     (g_has_mem.glen_mem[50].blk_i)                                              |                   uop_block_wrap__parameterized26_38 |          0 |          0 |       0 |    0 |    38 |      0 |      0 |    0 |          0 |
|     core                                                                        |                        uop_block__parameterized26_86 |         32 |         32 |       0 |    0 |    64 |      0 |      0 |    0 |          0 |
|       (core)                                                                    |                        uop_block__parameterized26_86 |          0 |          0 |       0 |    0 |     0 |      0 |      0 |    0 |          0 |
|       g[0].g_normal.alu_i                                                       |                                     microop_unit__10 |         32 |         32 |       0 |    0 |    32 |      0 |      0 |    0 |          0 |
|       g[1].g_normal.alu_i                                                       |                     microop_unit__parameterized23__3 |          0 |          0 |       0 |    0 |    32 |      0 |      0 |    0 |          0 |
|   g_has_mem.glen_mem[51].blk_i                                                  |                   uop_block_wrap__parameterized26_39 |         32 |         32 |       0 |    0 |   102 |      0 |      0 |    0 |          0 |
|     (g_has_mem.glen_mem[51].blk_i)                                              |                   uop_block_wrap__parameterized26_39 |          0 |          0 |       0 |    0 |    38 |      0 |      0 |    0 |          0 |
|     core                                                                        |                        uop_block__parameterized26_85 |         32 |         32 |       0 |    0 |    64 |      0 |      0 |    0 |          0 |
|       (core)                                                                    |                        uop_block__parameterized26_85 |          0 |          0 |       0 |    0 |     0 |      0 |      0 |    0 |          0 |
|       g[0].g_normal.alu_i                                                       |                                     microop_unit__17 |         32 |         32 |       0 |    0 |    32 |      0 |      0 |    0 |          0 |
|       g[1].g_normal.alu_i                                                       |                     microop_unit__parameterized23__2 |          0 |          0 |       0 |    0 |    32 |      0 |      0 |    0 |          0 |
|   g_has_mem.glen_mem[52].blk_i                                                  |                   uop_block_wrap__parameterized27_40 |         64 |         64 |       0 |    0 |   102 |      0 |      0 |    0 |          0 |
|     (g_has_mem.glen_mem[52].blk_i)                                              |                   uop_block_wrap__parameterized27_40 |          0 |          0 |       0 |    0 |    37 |      0 |      0 |    0 |          0 |
|     core                                                                        |                           uop_block__parameterized27 |         64 |         64 |       0 |    0 |    65 |      0 |      0 |    0 |          0 |
|       (core)                                                                    |                           uop_block__parameterized27 |          0 |          0 |       0 |    0 |     0 |      0 |      0 |    0 |          0 |
|       g[0].g_normal.alu_i                                                       |                     microop_unit__parameterized24__1 |         32 |         32 |       0 |    0 |    32 |      0 |      0 |    0 |          0 |
|       g[1].g_normal.alu_i                                                       |                     microop_unit__parameterized11__9 |         32 |         32 |       0 |    0 |    32 |      0 |      0 |    0 |          0 |
|       g[2].g_normal.alu_i                                                       |                     microop_unit__parameterized25__1 |          0 |          0 |       0 |    0 |     1 |      0 |      0 |    0 |          0 |
|   g_has_mem.glen_mem[53].blk_i                                                  |           uop_block_wrap__parameterized28__xdcDup__1 |        232 |        232 |       0 |    0 |   561 |      0 |      0 |    0 |          6 |
|     (g_has_mem.glen_mem[53].blk_i)                                              |           uop_block_wrap__parameterized28__xdcDup__1 |          1 |          1 |       0 |    0 |    43 |      0 |      0 |    0 |          0 |
|     core                                                                        |                uop_block__parameterized28__xdcDup__1 |        231 |        231 |       0 |    0 |   518 |      0 |      0 |    0 |          6 |
|       (core)                                                                    |                uop_block__parameterized28__xdcDup__1 |          9 |          9 |       0 |    0 |     4 |      0 |      0 |    0 |          0 |
|       g[0].g_normal.alu_i                                                       |                     microop_unit__parameterized1__20 |          0 |          0 |       0 |    0 |    32 |      0 |      0 |    0 |          0 |
|       g[10].g_normal.alu_i                                                      |             microop_unit__parameterized10__xdcDup__7 |         64 |         64 |       0 |    0 |   128 |      0 |      0 |    0 |          0 |
|         (g[10].g_normal.alu_i)                                                  |             microop_unit__parameterized10__xdcDup__7 |          0 |          0 |       0 |    0 |    64 |      0 |      0 |    0 |          0 |
|         g_iadd.use_ip.u_addsub                                                  |                                integer_addsub_HD7435 |         64 |         64 |       0 |    0 |    64 |      0 |      0 |    0 |          0 |
|           (g_iadd.use_ip.u_addsub)                                              |                                integer_addsub_HD7435 |          0 |          0 |       0 |    0 |     0 |      0 |      0 |    0 |          0 |
|           U0                                                                    |               integer_addsubc_addsub_v12_0_14_HD7436 |         64 |         64 |       0 |    0 |    64 |      0 |      0 |    0 |          0 |
|             (U0)                                                                |               integer_addsubc_addsub_v12_0_14_HD7436 |          0 |          0 |       0 |    0 |     0 |      0 |      0 |    0 |          0 |
|             xst_addsub                                                          |           integer_addsubc_addsub_v12_0_14_viv_HD7437 |         64 |         64 |       0 |    0 |    64 |      0 |      0 |    0 |          0 |
|               (xst_addsub)                                                      |           integer_addsubc_addsub_v12_0_14_viv_HD7437 |          0 |          0 |       0 |    0 |     0 |      0 |      0 |    0 |          0 |
|               i_baseblox.i_baseblox_addsub                                      |        integer_addsubc_addsub_v12_0_14_legacy_HD7438 |         64 |         64 |       0 |    0 |    64 |      0 |      0 |    0 |          0 |
|                 no_pipelining.the_addsub                                        | integer_addsubc_addsub_v12_0_14_fabric_legacy_HD7439 |         64 |         64 |       0 |    0 |    64 |      0 |      0 |    0 |          0 |
|                   i_lut6.i_lut6_addsub                                          |   integer_addsubc_addsub_v12_0_14_lut6_legacy_HD7440 |         64 |         64 |       0 |    0 |    64 |      0 |      0 |    0 |          0 |
|                     (i_lut6.i_lut6_addsub)                                      |   integer_addsubc_addsub_v12_0_14_lut6_legacy_HD7440 |         64 |         64 |       0 |    0 |     0 |      0 |      0 |    0 |          0 |
|                     i_q.i_simple.qreg                                           |            integer_addsubc_reg_fd_v12_0_6_viv_HD7441 |          0 |          0 |       0 |    0 |    64 |      0 |      0 |    0 |          0 |
|       g[11].g_normal.alu_i                                                      |             microop_unit__parameterized10__xdcDup__8 |         64 |         64 |       0 |    0 |   128 |      0 |      0 |    0 |          0 |
|         (g[11].g_normal.alu_i)                                                  |             microop_unit__parameterized10__xdcDup__8 |          0 |          0 |       0 |    0 |    64 |      0 |      0 |    0 |          0 |
|         g_iadd.use_ip.u_addsub                                                  |                                integer_addsub_HD7442 |         64 |         64 |       0 |    0 |    64 |      0 |      0 |    0 |          0 |
|           (g_iadd.use_ip.u_addsub)                                              |                                integer_addsub_HD7442 |          0 |          0 |       0 |    0 |     0 |      0 |      0 |    0 |          0 |
|           U0                                                                    |               integer_addsubc_addsub_v12_0_14_HD7443 |         64 |         64 |       0 |    0 |    64 |      0 |      0 |    0 |          0 |
|             (U0)                                                                |               integer_addsubc_addsub_v12_0_14_HD7443 |          0 |          0 |       0 |    0 |     0 |      0 |      0 |    0 |          0 |
|             xst_addsub                                                          |           integer_addsubc_addsub_v12_0_14_viv_HD7444 |         64 |         64 |       0 |    0 |    64 |      0 |      0 |    0 |          0 |
|               (xst_addsub)                                                      |           integer_addsubc_addsub_v12_0_14_viv_HD7444 |          0 |          0 |       0 |    0 |     0 |      0 |      0 |    0 |          0 |
|               i_baseblox.i_baseblox_addsub                                      |        integer_addsubc_addsub_v12_0_14_legacy_HD7445 |         64 |         64 |       0 |    0 |    64 |      0 |      0 |    0 |          0 |
|                 no_pipelining.the_addsub                                        | integer_addsubc_addsub_v12_0_14_fabric_legacy_HD7446 |         64 |         64 |       0 |    0 |    64 |      0 |      0 |    0 |          0 |
|                   i_lut6.i_lut6_addsub                                          |   integer_addsubc_addsub_v12_0_14_lut6_legacy_HD7447 |         64 |         64 |       0 |    0 |    64 |      0 |      0 |    0 |          0 |
|                     (i_lut6.i_lut6_addsub)                                      |   integer_addsubc_addsub_v12_0_14_lut6_legacy_HD7447 |         64 |         64 |       0 |    0 |     0 |      0 |      0 |    0 |          0 |
|                     i_q.i_simple.qreg                                           |            integer_addsubc_reg_fd_v12_0_6_viv_HD7448 |          0 |          0 |       0 |    0 |    64 |      0 |      0 |    0 |          0 |
|       g[2].g_normal.alu_i                                                       |                     microop_unit__parameterized9__15 |          0 |          0 |       0 |    0 |    64 |      0 |      0 |    0 |          0 |
|       g[4].g_normal.alu_i                                                       |                     microop_unit__parameterized3__20 |         15 |         15 |       0 |    0 |    17 |      0 |      0 |    0 |          3 |
|       g[5].g_normal.alu_i                                                       |                     microop_unit__parameterized4__47 |         32 |         32 |       0 |    0 |    32 |      0 |      0 |    0 |          0 |
|       g[6].g_normal.alu_i                                                       |                     microop_unit__parameterized26__2 |         32 |         32 |       0 |    0 |    32 |      0 |      0 |    0 |          0 |
|       g[7].g_normal.alu_i                                                       |                     microop_unit__parameterized18__9 |          0 |          0 |       0 |    0 |    32 |      0 |      0 |    0 |          0 |
|       g[8].g_normal.alu_i                                                       |                     microop_unit__parameterized3__21 |         15 |         15 |       0 |    0 |    17 |      0 |      0 |    0 |          3 |
|       g[9].g_normal.alu_i                                                       |                    microop_unit__parameterized18__10 |          0 |          0 |       0 |    0 |    32 |      0 |      0 |    0 |          0 |
|   g_has_mem.glen_mem[54].blk_i                                                  |                   uop_block_wrap__parameterized29_41 |         37 |         37 |       0 |    0 |    95 |      0 |      0 |    0 |          0 |
|     (g_has_mem.glen_mem[54].blk_i)                                              |                   uop_block_wrap__parameterized29_41 |          0 |          0 |       0 |    0 |    45 |      0 |      0 |    0 |          0 |
|     core                                                                        |                        uop_block__parameterized29_84 |         37 |         37 |       0 |    0 |    50 |      0 |      0 |    0 |          0 |
|       (core)                                                                    |                        uop_block__parameterized29_84 |          5 |          5 |       0 |    0 |     2 |      0 |      0 |    0 |          0 |
|       g[0].g_normal.alu_i                                                       |                     microop_unit__parameterized0__28 |          0 |          0 |       0 |    0 |     8 |      0 |      0 |    0 |          0 |
|       g[1].g_normal.alu_i                                                       |                     microop_unit__parameterized0__29 |          0 |          0 |       0 |    0 |     8 |      0 |      0 |    0 |          0 |
|       g[2].g_normal.alu_i                                                       |                     microop_unit__parameterized4__48 |         32 |         32 |       0 |    0 |    32 |      0 |      0 |    0 |          0 |
|   g_has_mem.glen_mem[55].blk_i                                                  |           uop_block_wrap__parameterized30__xdcDup__1 |        134 |        134 |       0 |    0 |   401 |      0 |      0 |    0 |          0 |
|     (g_has_mem.glen_mem[55].blk_i)                                              |           uop_block_wrap__parameterized30__xdcDup__1 |          1 |          1 |       0 |    0 |    79 |      0 |      0 |    0 |          0 |
|     core                                                                        |                uop_block__parameterized30__xdcDup__1 |        133 |        133 |       0 |    0 |   322 |      0 |      0 |    0 |          0 |
|       (core)                                                                    |                uop_block__parameterized30__xdcDup__1 |          5 |          5 |       0 |    0 |     2 |      0 |      0 |    0 |          0 |
|       g[0].g_normal.alu_i                                                       |                     microop_unit__parameterized9__22 |          0 |          0 |       0 |    0 |    64 |      0 |      0 |    0 |          0 |
|       g[1].g_normal.alu_i                                                       |             microop_unit__parameterized10__xdcDup__9 |         64 |         64 |       0 |    0 |   128 |      0 |      0 |    0 |          0 |
|         (g[1].g_normal.alu_i)                                                   |             microop_unit__parameterized10__xdcDup__9 |          0 |          0 |       0 |    0 |    64 |      0 |      0 |    0 |          0 |
|         g_iadd.use_ip.u_addsub                                                  |                                integer_addsub_HD7449 |         64 |         64 |       0 |    0 |    64 |      0 |      0 |    0 |          0 |
|           (g_iadd.use_ip.u_addsub)                                              |                                integer_addsub_HD7449 |          0 |          0 |       0 |    0 |     0 |      0 |      0 |    0 |          0 |
|           U0                                                                    |               integer_addsubc_addsub_v12_0_14_HD7450 |         64 |         64 |       0 |    0 |    64 |      0 |      0 |    0 |          0 |
|             (U0)                                                                |               integer_addsubc_addsub_v12_0_14_HD7450 |          0 |          0 |       0 |    0 |     0 |      0 |      0 |    0 |          0 |
|             xst_addsub                                                          |           integer_addsubc_addsub_v12_0_14_viv_HD7451 |         64 |         64 |       0 |    0 |    64 |      0 |      0 |    0 |          0 |
|               (xst_addsub)                                                      |           integer_addsubc_addsub_v12_0_14_viv_HD7451 |          0 |          0 |       0 |    0 |     0 |      0 |      0 |    0 |          0 |
|               i_baseblox.i_baseblox_addsub                                      |        integer_addsubc_addsub_v12_0_14_legacy_HD7452 |         64 |         64 |       0 |    0 |    64 |      0 |      0 |    0 |          0 |
|                 no_pipelining.the_addsub                                        | integer_addsubc_addsub_v12_0_14_fabric_legacy_HD7453 |         64 |         64 |       0 |    0 |    64 |      0 |      0 |    0 |          0 |
|                   i_lut6.i_lut6_addsub                                          |   integer_addsubc_addsub_v12_0_14_lut6_legacy_HD7454 |         64 |         64 |       0 |    0 |    64 |      0 |      0 |    0 |          0 |
|                     (i_lut6.i_lut6_addsub)                                      |   integer_addsubc_addsub_v12_0_14_lut6_legacy_HD7454 |         64 |         64 |       0 |    0 |     0 |      0 |      0 |    0 |          0 |
|                     i_q.i_simple.qreg                                           |            integer_addsubc_reg_fd_v12_0_6_viv_HD7455 |          0 |          0 |       0 |    0 |    64 |      0 |      0 |    0 |          0 |
|       g[2].g_normal.alu_i                                                       |            microop_unit__parameterized10__xdcDup__10 |         64 |         64 |       0 |    0 |   128 |      0 |      0 |    0 |          0 |
|         (g[2].g_normal.alu_i)                                                   |            microop_unit__parameterized10__xdcDup__10 |          0 |          0 |       0 |    0 |    64 |      0 |      0 |    0 |          0 |
|         g_iadd.use_ip.u_addsub                                                  |                                integer_addsub_HD7456 |         64 |         64 |       0 |    0 |    64 |      0 |      0 |    0 |          0 |
|           (g_iadd.use_ip.u_addsub)                                              |                                integer_addsub_HD7456 |          0 |          0 |       0 |    0 |     0 |      0 |      0 |    0 |          0 |
|           U0                                                                    |               integer_addsubc_addsub_v12_0_14_HD7457 |         64 |         64 |       0 |    0 |    64 |      0 |      0 |    0 |          0 |
|             (U0)                                                                |               integer_addsubc_addsub_v12_0_14_HD7457 |          0 |          0 |       0 |    0 |     0 |      0 |      0 |    0 |          0 |
|             xst_addsub                                                          |           integer_addsubc_addsub_v12_0_14_viv_HD7458 |         64 |         64 |       0 |    0 |    64 |      0 |      0 |    0 |          0 |
|               (xst_addsub)                                                      |           integer_addsubc_addsub_v12_0_14_viv_HD7458 |          0 |          0 |       0 |    0 |     0 |      0 |      0 |    0 |          0 |
|               i_baseblox.i_baseblox_addsub                                      |        integer_addsubc_addsub_v12_0_14_legacy_HD7459 |         64 |         64 |       0 |    0 |    64 |      0 |      0 |    0 |          0 |
|                 no_pipelining.the_addsub                                        | integer_addsubc_addsub_v12_0_14_fabric_legacy_HD7460 |         64 |         64 |       0 |    0 |    64 |      0 |      0 |    0 |          0 |
|                   i_lut6.i_lut6_addsub                                          |   integer_addsubc_addsub_v12_0_14_lut6_legacy_HD7461 |         64 |         64 |       0 |    0 |    64 |      0 |      0 |    0 |          0 |
|                     (i_lut6.i_lut6_addsub)                                      |   integer_addsubc_addsub_v12_0_14_lut6_legacy_HD7461 |         64 |         64 |       0 |    0 |     0 |      0 |      0 |    0 |          0 |
|                     i_q.i_simple.qreg                                           |            integer_addsubc_reg_fd_v12_0_6_viv_HD7462 |          0 |          0 |       0 |    0 |    64 |      0 |      0 |    0 |          0 |
|   g_has_mem.glen_mem[56].blk_i                                                  |                    uop_block_wrap__parameterized8_42 |         66 |         66 |       0 |    0 |   152 |      0 |      0 |    0 |          0 |
|     (g_has_mem.glen_mem[56].blk_i)                                              |                    uop_block_wrap__parameterized8_42 |          0 |          0 |       0 |    0 |    79 |      0 |      0 |    0 |          0 |
|     core                                                                        |                            uop_block__parameterized8 |         66 |         66 |       0 |    0 |    73 |      0 |      0 |    0 |          0 |
|       (core)                                                                    |                            uop_block__parameterized8 |          2 |          2 |       0 |    0 |     1 |      0 |      0 |    0 |          0 |
|       g[0].g_normal.alu_i                                                       |                    microop_unit__parameterized13__13 |         64 |         64 |       0 |    0 |    64 |      0 |      0 |    0 |          0 |
|       g[1].g_normal.alu_i                                                       |                     microop_unit__parameterized0__58 |          0 |          0 |       0 |    0 |     8 |      0 |      0 |    0 |          0 |
|   g_has_mem.glen_mem[57].blk_i                                                  |           uop_block_wrap__parameterized31__xdcDup__1 |        129 |        129 |       0 |    0 |   391 |      0 |      0 |    0 |          0 |
|     (g_has_mem.glen_mem[57].blk_i)                                              |           uop_block_wrap__parameterized31__xdcDup__1 |          0 |          0 |       0 |    0 |    70 |      0 |      0 |    0 |          0 |
|     core                                                                        |                uop_block__parameterized31__xdcDup__1 |        129 |        129 |       0 |    0 |   321 |      0 |      0 |    0 |          0 |
|       (core)                                                                    |                uop_block__parameterized31__xdcDup__1 |          0 |          0 |       0 |    0 |     0 |      0 |      0 |    0 |          0 |
|       g[0].g_normal.alu_i                                                       |                     microop_unit__parameterized9__37 |          0 |          0 |       0 |    0 |    64 |      0 |      0 |    0 |          0 |
|       g[1].g_normal.alu_i                                                       |             microop_unit__parameterized14__xdcDup__3 |         64 |         64 |       0 |    0 |   128 |      0 |      0 |    0 |          0 |
|         (g[1].g_normal.alu_i)                                                   |             microop_unit__parameterized14__xdcDup__3 |          0 |          0 |       0 |    0 |    64 |      0 |      0 |    0 |          0 |
|         g_iadd.use_ip.u_addsub                                                  |                                integer_addsub_HD7463 |         64 |         64 |       0 |    0 |    64 |      0 |      0 |    0 |          0 |
|           (g_iadd.use_ip.u_addsub)                                              |                                integer_addsub_HD7463 |          0 |          0 |       0 |    0 |     0 |      0 |      0 |    0 |          0 |
|           U0                                                                    |               integer_addsubc_addsub_v12_0_14_HD7464 |         64 |         64 |       0 |    0 |    64 |      0 |      0 |    0 |          0 |
|             (U0)                                                                |               integer_addsubc_addsub_v12_0_14_HD7464 |          0 |          0 |       0 |    0 |     0 |      0 |      0 |    0 |          0 |
|             xst_addsub                                                          |           integer_addsubc_addsub_v12_0_14_viv_HD7465 |         64 |         64 |       0 |    0 |    64 |      0 |      0 |    0 |          0 |
|               (xst_addsub)                                                      |           integer_addsubc_addsub_v12_0_14_viv_HD7465 |          0 |          0 |       0 |    0 |     0 |      0 |      0 |    0 |          0 |
|               i_baseblox.i_baseblox_addsub                                      |        integer_addsubc_addsub_v12_0_14_legacy_HD7466 |         64 |         64 |       0 |    0 |    64 |      0 |      0 |    0 |          0 |
|                 no_pipelining.the_addsub                                        | integer_addsubc_addsub_v12_0_14_fabric_legacy_HD7467 |         64 |         64 |       0 |    0 |    64 |      0 |      0 |    0 |          0 |
|                   i_lut6.i_lut6_addsub                                          |   integer_addsubc_addsub_v12_0_14_lut6_legacy_HD7468 |         64 |         64 |       0 |    0 |    64 |      0 |      0 |    0 |          0 |
|                     (i_lut6.i_lut6_addsub)                                      |   integer_addsubc_addsub_v12_0_14_lut6_legacy_HD7468 |         64 |         64 |       0 |    0 |     0 |      0 |      0 |    0 |          0 |
|                     i_q.i_simple.qreg                                           |            integer_addsubc_reg_fd_v12_0_6_viv_HD7469 |          0 |          0 |       0 |    0 |    64 |      0 |      0 |    0 |          0 |
|       g[2].g_normal.alu_i                                                       |             microop_unit__parameterized15__xdcDup__3 |         64 |         64 |       0 |    0 |   128 |      0 |      0 |    0 |          0 |
|         (g[2].g_normal.alu_i)                                                   |             microop_unit__parameterized15__xdcDup__3 |          0 |          0 |       0 |    0 |    64 |      0 |      0 |    0 |          0 |
|         g_iadd.use_ip.u_addsub                                                  |                                integer_addsub_HD7470 |         64 |         64 |       0 |    0 |    64 |      0 |      0 |    0 |          0 |
|           (g_iadd.use_ip.u_addsub)                                              |                                integer_addsub_HD7470 |          0 |          0 |       0 |    0 |     0 |      0 |      0 |    0 |          0 |
|           U0                                                                    |               integer_addsubc_addsub_v12_0_14_HD7471 |         64 |         64 |       0 |    0 |    64 |      0 |      0 |    0 |          0 |
|             (U0)                                                                |               integer_addsubc_addsub_v12_0_14_HD7471 |          0 |          0 |       0 |    0 |     0 |      0 |      0 |    0 |          0 |
|             xst_addsub                                                          |           integer_addsubc_addsub_v12_0_14_viv_HD7472 |         64 |         64 |       0 |    0 |    64 |      0 |      0 |    0 |          0 |
|               (xst_addsub)                                                      |           integer_addsubc_addsub_v12_0_14_viv_HD7472 |          0 |          0 |       0 |    0 |     0 |      0 |      0 |    0 |          0 |
|               i_baseblox.i_baseblox_addsub                                      |        integer_addsubc_addsub_v12_0_14_legacy_HD7473 |         64 |         64 |       0 |    0 |    64 |      0 |      0 |    0 |          0 |
|                 no_pipelining.the_addsub                                        | integer_addsubc_addsub_v12_0_14_fabric_legacy_HD7474 |         64 |         64 |       0 |    0 |    64 |      0 |      0 |    0 |          0 |
|                   i_lut6.i_lut6_addsub                                          |   integer_addsubc_addsub_v12_0_14_lut6_legacy_HD7475 |         64 |         64 |       0 |    0 |    64 |      0 |      0 |    0 |          0 |
|                     (i_lut6.i_lut6_addsub)                                      |   integer_addsubc_addsub_v12_0_14_lut6_legacy_HD7475 |         64 |         64 |       0 |    0 |     0 |      0 |      0 |    0 |          0 |
|                     i_q.i_simple.qreg                                           |            integer_addsubc_reg_fd_v12_0_6_viv_HD7476 |          0 |          0 |       0 |    0 |    64 |      0 |      0 |    0 |          0 |
|       g[3].g_normal.alu_i                                                       |                     microop_unit__parameterized16__6 |          1 |          1 |       0 |    0 |     1 |      0 |      0 |    0 |          0 |
|   g_has_mem.glen_mem[58].blk_i                                                  |                   uop_block_wrap__parameterized32_43 |        104 |        104 |       0 |    0 |   159 |      0 |      0 |    0 |          0 |
|     (g_has_mem.glen_mem[58].blk_i)                                              |                   uop_block_wrap__parameterized32_43 |          0 |          0 |       0 |    0 |    44 |      0 |      0 |    0 |          0 |
|     core                                                                        |                           uop_block__parameterized32 |        104 |        104 |       0 |    0 |   115 |      0 |      0 |    0 |          0 |
|       (core)                                                                    |                           uop_block__parameterized32 |          8 |          8 |       0 |    0 |     3 |      0 |      0 |    0 |          0 |
|       g[0].g_normal.alu_i                                                       |                     microop_unit__parameterized0__59 |          0 |          0 |       0 |    0 |     8 |      0 |      0 |    0 |          0 |
|       g[1].g_normal.alu_i                                                       |                                     microop_unit__28 |         32 |         32 |       0 |    0 |    32 |      0 |      0 |    0 |          0 |
|       g[2].g_normal.alu_i                                                       |                     microop_unit__parameterized0__60 |          0 |          0 |       0 |    0 |     8 |      0 |      0 |    0 |          0 |
|       g[3].g_normal.alu_i                                                       |                     microop_unit__parameterized4__68 |         32 |         32 |       0 |    0 |    32 |      0 |      0 |    0 |          0 |
|       g[4].g_normal.alu_i                                                       |                        microop_unit__parameterized20 |         32 |         32 |       0 |    0 |    32 |      0 |      0 |    0 |          0 |
|   g_has_mem.glen_mem[59].blk_i                                                  |                   uop_block_wrap__parameterized33_44 |         37 |         37 |       0 |    0 |    76 |      0 |      0 |    0 |          0 |
|     (g_has_mem.glen_mem[59].blk_i)                                              |                   uop_block_wrap__parameterized33_44 |          1 |          1 |       0 |    0 |    42 |      0 |      0 |    0 |          0 |
|     core                                                                        |                           uop_block__parameterized33 |         36 |         36 |       0 |    0 |    34 |      0 |      0 |    0 |          0 |
|       (core)                                                                    |                           uop_block__parameterized33 |          3 |          3 |       0 |    0 |     1 |      0 |      0 |    0 |          0 |
|       g[0].g_normal.alu_i                                                       |                    microop_unit__parameterized11__22 |         32 |         32 |       0 |    0 |    32 |      0 |      0 |    0 |          0 |
|       g[1].g_normal.alu_i                                                       |                     microop_unit__parameterized16__7 |          1 |          1 |       0 |    0 |     1 |      0 |      0 |    0 |          0 |
|   g_has_mem.glen_mem[5].blk_i                                                   |                    uop_block_wrap__parameterized0_45 |        346 |        346 |       0 |    0 |   394 |      0 |      0 |    0 |          3 |
|     (g_has_mem.glen_mem[5].blk_i)                                               |                    uop_block_wrap__parameterized0_45 |          0 |          0 |       0 |    0 |    45 |      0 |      0 |    0 |          0 |
|     core                                                                        |                         uop_block__parameterized0_83 |        346 |        346 |       0 |    0 |   349 |      0 |      0 |    0 |          3 |
|       (core)                                                                    |                         uop_block__parameterized0_83 |          9 |          9 |       0 |    0 |     4 |      0 |      0 |    0 |          0 |
|       g[0].g_normal.alu_i                                                       |                     microop_unit__parameterized0__68 |          0 |          0 |       0 |    0 |     8 |      0 |      0 |    0 |          0 |
|       g[10].g_normal.alu_i                                                      |                     microop_unit__parameterized7__16 |         31 |         31 |       0 |    0 |    32 |      0 |      0 |    0 |          0 |
|       g[12].g_normal.alu_i                                                      |                      microop_unit__parameterized8__6 |         16 |         16 |       0 |    0 |    32 |      0 |      0 |    0 |          0 |
|       g[1].g_normal.alu_i                                                       |                     microop_unit__parameterized1__68 |          0 |          0 |       0 |    0 |    32 |      0 |      0 |    0 |          0 |
|       g[2].g_normal.alu_i                                                       |                                     microop_unit__37 |         32 |         32 |       0 |    0 |    32 |      0 |      0 |    0 |          0 |
|       g[3].g_normal.alu_i                                                       |                      microop_unit__parameterized2__3 |         71 |         71 |       0 |    0 |    32 |      0 |      0 |    0 |          0 |
|       g[4].g_normal.alu_i                                                       |                     microop_unit__parameterized3__35 |         15 |         15 |       0 |    0 |    17 |      0 |      0 |    0 |          3 |
|       g[5].g_normal.alu_i                                                       |                     microop_unit__parameterized4__77 |         32 |         32 |       0 |    0 |    32 |      0 |      0 |    0 |          0 |
|       g[6].g_normal.alu_i                                                       |                      microop_unit__parameterized5__3 |         76 |         76 |       0 |    0 |    32 |      0 |      0 |    0 |          0 |
|       g[7].g_normal.alu_i                                                       |                     microop_unit__parameterized4__76 |         32 |         32 |       0 |    0 |    32 |      0 |      0 |    0 |          0 |
|       g[8].g_normal.alu_i                                                       |                     microop_unit__parameterized6__12 |         32 |         32 |       0 |    0 |    32 |      0 |      0 |    0 |          0 |
|       g[9].g_normal.alu_i                                                       |                     microop_unit__parameterized1__67 |          0 |          0 |       0 |    0 |    32 |      0 |      0 |    0 |          0 |
|   g_has_mem.glen_mem[60].blk_i                                                  |                                    uop_block_wrap_46 |         32 |         32 |       0 |    0 |    69 |      0 |      0 |    0 |          0 |
|     (g_has_mem.glen_mem[60].blk_i)                                              |                                    uop_block_wrap_46 |          0 |          0 |       0 |    0 |    37 |      0 |      0 |    0 |          0 |
|     core                                                                        |                                         uop_block_82 |         32 |         32 |       0 |    0 |    32 |      0 |      0 |    0 |          0 |
|       (core)                                                                    |                                         uop_block_82 |          0 |          0 |       0 |    0 |     0 |      0 |      0 |    0 |          0 |
|       g[0].g_normal.alu_i                                                       |                                     microop_unit__31 |         32 |         32 |       0 |    0 |    32 |      0 |      0 |    0 |          0 |
|   g_has_mem.glen_mem[61].blk_i                                                  |                                    uop_block_wrap_47 |         32 |         32 |       0 |    0 |    69 |      0 |      0 |    0 |          0 |
|     (g_has_mem.glen_mem[61].blk_i)                                              |                                    uop_block_wrap_47 |          0 |          0 |       0 |    0 |    37 |      0 |      0 |    0 |          0 |
|     core                                                                        |                                         uop_block_81 |         32 |         32 |       0 |    0 |    32 |      0 |      0 |    0 |          0 |
|       (core)                                                                    |                                         uop_block_81 |          0 |          0 |       0 |    0 |     0 |      0 |      0 |    0 |          0 |
|       g[0].g_normal.alu_i                                                       |                                     microop_unit__30 |         32 |         32 |       0 |    0 |    32 |      0 |      0 |    0 |          0 |
|   g_has_mem.glen_mem[62].blk_i                                                  |                   uop_block_wrap__parameterized29_48 |         40 |         40 |       0 |    0 |    92 |      0 |      0 |    0 |          0 |
|     (g_has_mem.glen_mem[62].blk_i)                                              |                   uop_block_wrap__parameterized29_48 |          2 |          2 |       0 |    0 |    42 |      0 |      0 |    0 |          0 |
|     core                                                                        |                           uop_block__parameterized29 |         38 |         38 |       0 |    0 |    50 |      0 |      0 |    0 |          0 |
|       (core)                                                                    |                           uop_block__parameterized29 |          6 |          6 |       0 |    0 |     2 |      0 |      0 |    0 |          0 |
|       g[0].g_normal.alu_i                                                       |                     microop_unit__parameterized0__61 |          0 |          0 |       0 |    0 |     8 |      0 |      0 |    0 |          0 |
|       g[1].g_normal.alu_i                                                       |                     microop_unit__parameterized0__62 |          0 |          0 |       0 |    0 |     8 |      0 |      0 |    0 |          0 |
|       g[2].g_normal.alu_i                                                       |                     microop_unit__parameterized4__69 |         32 |         32 |       0 |    0 |    32 |      0 |      0 |    0 |          0 |
|   g_has_mem.glen_mem[63].blk_i                                                  |                                    uop_block_wrap_49 |         32 |         32 |       0 |    0 |    69 |      0 |      0 |    0 |          0 |
|     (g_has_mem.glen_mem[63].blk_i)                                              |                                    uop_block_wrap_49 |          0 |          0 |       0 |    0 |    37 |      0 |      0 |    0 |          0 |
|     core                                                                        |                                         uop_block_80 |         32 |         32 |       0 |    0 |    32 |      0 |      0 |    0 |          0 |
|       (core)                                                                    |                                         uop_block_80 |          0 |          0 |       0 |    0 |     0 |      0 |      0 |    0 |          0 |
|       g[0].g_normal.alu_i                                                       |                                     microop_unit__29 |         32 |         32 |       0 |    0 |    32 |      0 |      0 |    0 |          0 |
|   g_has_mem.glen_mem[64].blk_i                                                  |                                    uop_block_wrap_50 |         32 |         32 |       0 |    0 |    69 |      0 |      0 |    0 |          0 |
|     (g_has_mem.glen_mem[64].blk_i)                                              |                                    uop_block_wrap_50 |          0 |          0 |       0 |    0 |    37 |      0 |      0 |    0 |          0 |
|     core                                                                        |                                         uop_block_79 |         32 |         32 |       0 |    0 |    32 |      0 |      0 |    0 |          0 |
|       (core)                                                                    |                                         uop_block_79 |          0 |          0 |       0 |    0 |     0 |      0 |      0 |    0 |          0 |
|       g[0].g_normal.alu_i                                                       |                                     microop_unit__15 |         32 |         32 |       0 |    0 |    32 |      0 |      0 |    0 |          0 |
|   g_has_mem.glen_mem[65].blk_i                                                  |                                    uop_block_wrap_51 |         32 |         32 |       0 |    0 |    69 |      0 |      0 |    0 |          0 |
|     (g_has_mem.glen_mem[65].blk_i)                                              |                                    uop_block_wrap_51 |          0 |          0 |       0 |    0 |    37 |      0 |      0 |    0 |          0 |
|     core                                                                        |                                         uop_block_78 |         32 |         32 |       0 |    0 |    32 |      0 |      0 |    0 |          0 |
|       (core)                                                                    |                                         uop_block_78 |          0 |          0 |       0 |    0 |     0 |      0 |      0 |    0 |          0 |
|       g[0].g_normal.alu_i                                                       |                                     microop_unit__14 |         32 |         32 |       0 |    0 |    32 |      0 |      0 |    0 |          0 |
|   g_has_mem.glen_mem[66].blk_i                                                  |                                    uop_block_wrap_52 |         32 |         32 |       0 |    0 |    69 |      0 |      0 |    0 |          0 |
|     (g_has_mem.glen_mem[66].blk_i)                                              |                                    uop_block_wrap_52 |          0 |          0 |       0 |    0 |    37 |      0 |      0 |    0 |          0 |
|     core                                                                        |                                         uop_block_77 |         32 |         32 |       0 |    0 |    32 |      0 |      0 |    0 |          0 |
|       (core)                                                                    |                                         uop_block_77 |          0 |          0 |       0 |    0 |     0 |      0 |      0 |    0 |          0 |
|       g[0].g_normal.alu_i                                                       |                                     microop_unit__13 |         32 |         32 |       0 |    0 |    32 |      0 |      0 |    0 |          0 |
|   g_has_mem.glen_mem[67].blk_i                                                  |                                    uop_block_wrap_53 |         32 |         32 |       0 |    0 |    69 |      0 |      0 |    0 |          0 |
|     (g_has_mem.glen_mem[67].blk_i)                                              |                                    uop_block_wrap_53 |          0 |          0 |       0 |    0 |    37 |      0 |      0 |    0 |          0 |
|     core                                                                        |                                         uop_block_76 |         32 |         32 |       0 |    0 |    32 |      0 |      0 |    0 |          0 |
|       (core)                                                                    |                                         uop_block_76 |          0 |          0 |       0 |    0 |     0 |      0 |      0 |    0 |          0 |
|       g[0].g_normal.alu_i                                                       |                                     microop_unit__12 |         32 |         32 |       0 |    0 |    32 |      0 |      0 |    0 |          0 |
|   g_has_mem.glen_mem[68].blk_i                                                  |                                    uop_block_wrap_54 |         32 |         32 |       0 |    0 |    69 |      0 |      0 |    0 |          0 |
|     (g_has_mem.glen_mem[68].blk_i)                                              |                                    uop_block_wrap_54 |          0 |          0 |       0 |    0 |    37 |      0 |      0 |    0 |          0 |
|     core                                                                        |                                         uop_block_75 |         32 |         32 |       0 |    0 |    32 |      0 |      0 |    0 |          0 |
|       (core)                                                                    |                                         uop_block_75 |          0 |          0 |       0 |    0 |     0 |      0 |      0 |    0 |          0 |
|       g[0].g_normal.alu_i                                                       |                                     microop_unit__11 |         32 |         32 |       0 |    0 |    32 |      0 |      0 |    0 |          0 |
|   g_has_mem.glen_mem[69].blk_i                                                  |                      uop_block_wrap__parameterized34 |         32 |         32 |       0 |    0 |    70 |      0 |      0 |    0 |          0 |
|     (g_has_mem.glen_mem[69].blk_i)                                              |                      uop_block_wrap__parameterized34 |          0 |          0 |       0 |    0 |    37 |      0 |      0 |    0 |          0 |
|     core                                                                        |                           uop_block__parameterized34 |         32 |         32 |       0 |    0 |    33 |      0 |      0 |    0 |          0 |
|       (core)                                                                    |                           uop_block__parameterized34 |          0 |          0 |       0 |    0 |     0 |      0 |      0 |    0 |          0 |
|       g[0].g_normal.alu_i                                                       |                    microop_unit__parameterized11__10 |         32 |         32 |       0 |    0 |    32 |      0 |      0 |    0 |          0 |
|       g[1].g_normal.alu_i                                                       |                     microop_unit__parameterized25__2 |          0 |          0 |       0 |    0 |     1 |      0 |      0 |    0 |          0 |
|   g_has_mem.glen_mem[6].blk_i                                                   |                    uop_block_wrap__parameterized0_55 |        346 |        346 |       0 |    0 |   395 |      0 |      0 |    0 |          3 |
|     (g_has_mem.glen_mem[6].blk_i)                                               |                    uop_block_wrap__parameterized0_55 |          0 |          0 |       0 |    0 |    46 |      0 |      0 |    0 |          0 |
|     core                                                                        |                            uop_block__parameterized0 |        346 |        346 |       0 |    0 |   349 |      0 |      0 |    0 |          3 |
|       (core)                                                                    |                            uop_block__parameterized0 |          9 |          9 |       0 |    0 |     4 |      0 |      0 |    0 |          0 |
|       g[0].g_normal.alu_i                                                       |                     microop_unit__parameterized0__67 |          0 |          0 |       0 |    0 |     8 |      0 |      0 |    0 |          0 |
|       g[10].g_normal.alu_i                                                      |                     microop_unit__parameterized7__15 |         31 |         31 |       0 |    0 |    32 |      0 |      0 |    0 |          0 |
|       g[12].g_normal.alu_i                                                      |                      microop_unit__parameterized8__5 |         16 |         16 |       0 |    0 |    32 |      0 |      0 |    0 |          0 |
|       g[1].g_normal.alu_i                                                       |                     microop_unit__parameterized1__66 |          0 |          0 |       0 |    0 |    32 |      0 |      0 |    0 |          0 |
|       g[2].g_normal.alu_i                                                       |                                     microop_unit__36 |         32 |         32 |       0 |    0 |    32 |      0 |      0 |    0 |          0 |
|       g[3].g_normal.alu_i                                                       |                      microop_unit__parameterized2__2 |         71 |         71 |       0 |    0 |    32 |      0 |      0 |    0 |          0 |
|       g[4].g_normal.alu_i                                                       |                     microop_unit__parameterized3__34 |         15 |         15 |       0 |    0 |    17 |      0 |      0 |    0 |          3 |
|       g[5].g_normal.alu_i                                                       |                     microop_unit__parameterized4__75 |         32 |         32 |       0 |    0 |    32 |      0 |      0 |    0 |          0 |
|       g[6].g_normal.alu_i                                                       |                      microop_unit__parameterized5__2 |         76 |         76 |       0 |    0 |    32 |      0 |      0 |    0 |          0 |
|       g[7].g_normal.alu_i                                                       |                     microop_unit__parameterized4__74 |         32 |         32 |       0 |    0 |    32 |      0 |      0 |    0 |          0 |
|       g[8].g_normal.alu_i                                                       |                     microop_unit__parameterized6__11 |         32 |         32 |       0 |    0 |    32 |      0 |      0 |    0 |          0 |
|       g[9].g_normal.alu_i                                                       |                     microop_unit__parameterized1__65 |          0 |          0 |       0 |    0 |    32 |      0 |      0 |    0 |          0 |
|   g_has_mem.glen_mem[70].blk_i                                                  |                      uop_block_wrap__parameterized35 |        199 |        199 |       0 |    0 |   406 |      0 |      0 |    0 |          0 |
|     (g_has_mem.glen_mem[70].blk_i)                                              |                      uop_block_wrap__parameterized35 |          2 |          2 |       0 |    0 |    76 |      0 |      0 |    0 |          0 |
|     core                                                                        |                           uop_block__parameterized35 |        197 |        197 |       0 |    0 |   330 |      0 |      0 |    0 |          0 |
|       (core)                                                                    |                           uop_block__parameterized35 |          5 |          5 |       0 |    0 |     2 |      0 |      0 |    0 |          0 |
|       g[0].g_normal.alu_i                                                       |                    microop_unit__parameterized13__10 |         64 |         64 |       0 |    0 |    64 |      0 |      0 |    0 |          0 |
|       g[1].g_normal.alu_i                                                       |                     microop_unit__parameterized0__39 |          0 |          0 |       0 |    0 |     8 |      0 |      0 |    0 |          0 |
|       g[2].g_normal.alu_i                                                       |            microop_unit__parameterized10__xdcDup__11 |         64 |         64 |       0 |    0 |   128 |      0 |      0 |    0 |          0 |
|         (g[2].g_normal.alu_i)                                                   |            microop_unit__parameterized10__xdcDup__11 |          0 |          0 |       0 |    0 |    64 |      0 |      0 |    0 |          0 |
|         g_iadd.use_ip.u_addsub                                                  |                                integer_addsub_HD7477 |         64 |         64 |       0 |    0 |    64 |      0 |      0 |    0 |          0 |
|           (g_iadd.use_ip.u_addsub)                                              |                                integer_addsub_HD7477 |          0 |          0 |       0 |    0 |     0 |      0 |      0 |    0 |          0 |
|           U0                                                                    |               integer_addsubc_addsub_v12_0_14_HD7478 |         64 |         64 |       0 |    0 |    64 |      0 |      0 |    0 |          0 |
|             (U0)                                                                |               integer_addsubc_addsub_v12_0_14_HD7478 |          0 |          0 |       0 |    0 |     0 |      0 |      0 |    0 |          0 |
|             xst_addsub                                                          |           integer_addsubc_addsub_v12_0_14_viv_HD7479 |         64 |         64 |       0 |    0 |    64 |      0 |      0 |    0 |          0 |
|               (xst_addsub)                                                      |           integer_addsubc_addsub_v12_0_14_viv_HD7479 |          0 |          0 |       0 |    0 |     0 |      0 |      0 |    0 |          0 |
|               i_baseblox.i_baseblox_addsub                                      |        integer_addsubc_addsub_v12_0_14_legacy_HD7480 |         64 |         64 |       0 |    0 |    64 |      0 |      0 |    0 |          0 |
|                 no_pipelining.the_addsub                                        | integer_addsubc_addsub_v12_0_14_fabric_legacy_HD7481 |         64 |         64 |       0 |    0 |    64 |      0 |      0 |    0 |          0 |
|                   i_lut6.i_lut6_addsub                                          |   integer_addsubc_addsub_v12_0_14_lut6_legacy_HD7482 |         64 |         64 |       0 |    0 |    64 |      0 |      0 |    0 |          0 |
|                     (i_lut6.i_lut6_addsub)                                      |   integer_addsubc_addsub_v12_0_14_lut6_legacy_HD7482 |         64 |         64 |       0 |    0 |     0 |      0 |      0 |    0 |          0 |
|                     i_q.i_simple.qreg                                           |            integer_addsubc_reg_fd_v12_0_6_viv_HD7483 |          0 |          0 |       0 |    0 |    64 |      0 |      0 |    0 |          0 |
|       g[3].g_normal.alu_i                                                       |            microop_unit__parameterized10__xdcDup__12 |         64 |         64 |       0 |    0 |   128 |      0 |      0 |    0 |          0 |
|         (g[3].g_normal.alu_i)                                                   |            microop_unit__parameterized10__xdcDup__12 |          0 |          0 |       0 |    0 |    64 |      0 |      0 |    0 |          0 |
|         g_iadd.use_ip.u_addsub                                                  |                                integer_addsub_HD7484 |         64 |         64 |       0 |    0 |    64 |      0 |      0 |    0 |          0 |
|           (g_iadd.use_ip.u_addsub)                                              |                                integer_addsub_HD7484 |          0 |          0 |       0 |    0 |     0 |      0 |      0 |    0 |          0 |
|           U0                                                                    |               integer_addsubc_addsub_v12_0_14_HD7485 |         64 |         64 |       0 |    0 |    64 |      0 |      0 |    0 |          0 |
|             (U0)                                                                |               integer_addsubc_addsub_v12_0_14_HD7485 |          0 |          0 |       0 |    0 |     0 |      0 |      0 |    0 |          0 |
|             xst_addsub                                                          |           integer_addsubc_addsub_v12_0_14_viv_HD7486 |         64 |         64 |       0 |    0 |    64 |      0 |      0 |    0 |          0 |
|               (xst_addsub)                                                      |           integer_addsubc_addsub_v12_0_14_viv_HD7486 |          0 |          0 |       0 |    0 |     0 |      0 |      0 |    0 |          0 |
|               i_baseblox.i_baseblox_addsub                                      |        integer_addsubc_addsub_v12_0_14_legacy_HD7487 |         64 |         64 |       0 |    0 |    64 |      0 |      0 |    0 |          0 |
|                 no_pipelining.the_addsub                                        | integer_addsubc_addsub_v12_0_14_fabric_legacy_HD7488 |         64 |         64 |       0 |    0 |    64 |      0 |      0 |    0 |          0 |
|                   i_lut6.i_lut6_addsub                                          |   integer_addsubc_addsub_v12_0_14_lut6_legacy_HD7489 |         64 |         64 |       0 |    0 |    64 |      0 |      0 |    0 |          0 |
|                     (i_lut6.i_lut6_addsub)                                      |   integer_addsubc_addsub_v12_0_14_lut6_legacy_HD7489 |         64 |         64 |       0 |    0 |     0 |      0 |      0 |    0 |          0 |
|                     i_q.i_simple.qreg                                           |            integer_addsubc_reg_fd_v12_0_6_viv_HD7490 |          0 |          0 |       0 |    0 |    64 |      0 |      0 |    0 |          0 |
|   g_has_mem.glen_mem[71].blk_i                                                  |                      uop_block_wrap__parameterized36 |          8 |          8 |       0 |    0 |   176 |      0 |      0 |    0 |          0 |
|     (g_has_mem.glen_mem[71].blk_i)                                              |                      uop_block_wrap__parameterized36 |          5 |          5 |       0 |    0 |    79 |      0 |      0 |    0 |          0 |
|     core                                                                        |                           uop_block__parameterized36 |          3 |          3 |       0 |    0 |    97 |      0 |      0 |    0 |          0 |
|       (core)                                                                    |                           uop_block__parameterized36 |          3 |          3 |       0 |    0 |     1 |      0 |      0 |    0 |          0 |
|       g[0].g_normal.alu_i                                                       |                     microop_unit__parameterized9__26 |          0 |          0 |       0 |    0 |    64 |      0 |      0 |    0 |          0 |
|       g[1].g_normal.alu_i                                                       |                     microop_unit__parameterized1__26 |          0 |          0 |       0 |    0 |    32 |      0 |      0 |    0 |          0 |
|   g_has_mem.glen_mem[72].blk_i                                                  |                      uop_block_wrap__parameterized37 |          3 |          3 |       0 |    0 |   174 |      0 |      0 |    0 |          0 |
|     (g_has_mem.glen_mem[72].blk_i)                                              |                      uop_block_wrap__parameterized37 |          0 |          0 |       0 |    0 |    77 |      0 |      0 |    0 |          0 |
|     core                                                                        |                           uop_block__parameterized37 |          3 |          3 |       0 |    0 |    97 |      0 |      0 |    0 |          0 |
|       (core)                                                                    |                           uop_block__parameterized37 |          3 |          3 |       0 |    0 |     1 |      0 |      0 |    0 |          0 |
|       g[0].g_normal.alu_i                                                       |                    microop_unit__parameterized18__14 |          0 |          0 |       0 |    0 |    32 |      0 |      0 |    0 |          0 |
|       g[1].g_normal.alu_i                                                       |                     microop_unit__parameterized9__27 |          0 |          0 |       0 |    0 |    64 |      0 |      0 |    0 |          0 |
|   g_has_mem.glen_mem[73].blk_i                                                  |                      uop_block_wrap__parameterized38 |          0 |          0 |       0 |    0 |    69 |      0 |      0 |    0 |          0 |
|     (g_has_mem.glen_mem[73].blk_i)                                              |                      uop_block_wrap__parameterized38 |          0 |          0 |       0 |    0 |    37 |      0 |      0 |    0 |          0 |
|     core                                                                        |                           uop_block__parameterized38 |          0 |          0 |       0 |    0 |    32 |      0 |      0 |    0 |          0 |
|       (core)                                                                    |                           uop_block__parameterized38 |          0 |          0 |       0 |    0 |     0 |      0 |      0 |    0 |          0 |
|       g[0].g_normal.alu_i                                                       |                     microop_unit__parameterized1__27 |          0 |          0 |       0 |    0 |    32 |      0 |      0 |    0 |          0 |
|   g_has_mem.glen_mem[74].blk_i                                                  |                      uop_block_wrap__parameterized39 |         74 |         74 |       0 |    0 |   212 |      0 |      0 |    0 |          0 |
|     (g_has_mem.glen_mem[74].blk_i)                                              |                      uop_block_wrap__parameterized39 |          2 |          2 |       0 |    0 |    49 |      0 |      0 |    0 |          0 |
|     core                                                                        |                           uop_block__parameterized39 |         72 |         72 |       0 |    0 |   163 |      0 |      0 |    0 |          0 |
|       (core)                                                                    |                           uop_block__parameterized39 |          8 |          8 |       0 |    0 |     3 |      0 |      0 |    0 |          0 |
|       g[0].g_normal.alu_i                                                       |                     microop_unit__parameterized1__28 |          0 |          0 |       0 |    0 |    32 |      0 |      0 |    0 |          0 |
|       g[1].g_normal.alu_i                                                       |                     microop_unit__parameterized24__2 |         32 |         32 |       0 |    0 |    32 |      0 |      0 |    0 |          0 |
|       g[2].g_normal.alu_i                                                       |                     microop_unit__parameterized1__29 |          0 |          0 |       0 |    0 |    32 |      0 |      0 |    0 |          0 |
|       g[3].g_normal.alu_i                                                       |                        microop_unit__parameterized27 |         32 |         32 |       0 |    0 |    32 |      0 |      0 |    0 |          0 |
|       g[4].g_normal.alu_i                                                       |                     microop_unit__parameterized1__30 |          0 |          0 |       0 |    0 |    32 |      0 |      0 |    0 |          0 |
|   g_has_mem.glen_mem[75].blk_i                                                  |                      uop_block_wrap__parameterized40 |         64 |         64 |       0 |    0 |   198 |      0 |      0 |    0 |          0 |
|     (g_has_mem.glen_mem[75].blk_i)                                              |                      uop_block_wrap__parameterized40 |          0 |          0 |       0 |    0 |    70 |      0 |      0 |    0 |          0 |
|     core                                                                        |                           uop_block__parameterized40 |         64 |         64 |       0 |    0 |   128 |      0 |      0 |    0 |          0 |
|       (core)                                                                    |                           uop_block__parameterized40 |          0 |          0 |       0 |    0 |     0 |      0 |      0 |    0 |          0 |
|       g[0].g_normal.alu_i                                                       |                        microop_unit__parameterized28 |         64 |         64 |       0 |    0 |   128 |      0 |      0 |    0 |          0 |
|         (g[0].g_normal.alu_i)                                                   |                        microop_unit__parameterized28 |          0 |          0 |       0 |    0 |    64 |      0 |      0 |    0 |          0 |
|         g_iadd.use_ip.u_addsub                                                  |                                integer_addsub_HD7491 |         64 |         64 |       0 |    0 |    64 |      0 |      0 |    0 |          0 |
|           (g_iadd.use_ip.u_addsub)                                              |                                integer_addsub_HD7491 |          0 |          0 |       0 |    0 |     0 |      0 |      0 |    0 |          0 |
|           U0                                                                    |               integer_addsubc_addsub_v12_0_14_HD7492 |         64 |         64 |       0 |    0 |    64 |      0 |      0 |    0 |          0 |
|             (U0)                                                                |               integer_addsubc_addsub_v12_0_14_HD7492 |          0 |          0 |       0 |    0 |     0 |      0 |      0 |    0 |          0 |
|             xst_addsub                                                          |           integer_addsubc_addsub_v12_0_14_viv_HD7493 |         64 |         64 |       0 |    0 |    64 |      0 |      0 |    0 |          0 |
|               (xst_addsub)                                                      |           integer_addsubc_addsub_v12_0_14_viv_HD7493 |          0 |          0 |       0 |    0 |     0 |      0 |      0 |    0 |          0 |
|               i_baseblox.i_baseblox_addsub                                      |        integer_addsubc_addsub_v12_0_14_legacy_HD7494 |         64 |         64 |       0 |    0 |    64 |      0 |      0 |    0 |          0 |
|                 no_pipelining.the_addsub                                        | integer_addsubc_addsub_v12_0_14_fabric_legacy_HD7495 |         64 |         64 |       0 |    0 |    64 |      0 |      0 |    0 |          0 |
|                   i_lut6.i_lut6_addsub                                          |   integer_addsubc_addsub_v12_0_14_lut6_legacy_HD7496 |         64 |         64 |       0 |    0 |    64 |      0 |      0 |    0 |          0 |
|                     (i_lut6.i_lut6_addsub)                                      |   integer_addsubc_addsub_v12_0_14_lut6_legacy_HD7496 |         64 |         64 |       0 |    0 |     0 |      0 |      0 |    0 |          0 |
|                     i_q.i_simple.qreg                                           |            integer_addsubc_reg_fd_v12_0_6_viv_HD7497 |          0 |          0 |       0 |    0 |    64 |      0 |      0 |    0 |          0 |
|   g_has_mem.glen_mem[76].blk_i                                                  |                      uop_block_wrap__parameterized41 |         32 |         32 |       0 |    0 |   101 |      0 |      0 |    0 |          0 |
|     (g_has_mem.glen_mem[76].blk_i)                                              |                      uop_block_wrap__parameterized41 |          0 |          0 |       0 |    0 |    37 |      0 |      0 |    0 |          0 |
|     core                                                                        |                           uop_block__parameterized41 |         32 |         32 |       0 |    0 |    64 |      0 |      0 |    0 |          0 |
|       (core)                                                                    |                           uop_block__parameterized41 |          0 |          0 |       0 |    0 |     0 |      0 |      0 |    0 |          0 |
|       g[0].g_normal.alu_i                                                       |                     microop_unit__parameterized1__31 |          0 |          0 |       0 |    0 |    32 |      0 |      0 |    0 |          0 |
|       g[1].g_normal.alu_i                                                       |                     microop_unit__parameterized24__3 |         32 |         32 |       0 |    0 |    32 |      0 |      0 |    0 |          0 |
|   g_has_mem.glen_mem[77].blk_i                                                  |                      uop_block_wrap__parameterized42 |        395 |        395 |       0 |    0 |   914 |      0 |      0 |    0 |          0 |
|     (g_has_mem.glen_mem[77].blk_i)                                              |                      uop_block_wrap__parameterized42 |          0 |          0 |       0 |    0 |    76 |      0 |      0 |    0 |          0 |
|     core                                                                        |                           uop_block__parameterized42 |        395 |        395 |       0 |    0 |   838 |      0 |      0 |    0 |          0 |
|       (core)                                                                    |                           uop_block__parameterized42 |          9 |          9 |       0 |    0 |     4 |      0 |      0 |    0 |          0 |
|       g[0].g_normal.alu_i                                                       |                     microop_unit__parameterized9__28 |          0 |          0 |       0 |    0 |    64 |      0 |      0 |    0 |          0 |
|       g[10].g_normal.alu_i                                                      |                     microop_unit__parameterized16__4 |          1 |          1 |       0 |    0 |     1 |      0 |      0 |    0 |          0 |
|       g[1].g_normal.alu_i                                                       |                    microop_unit__parameterized13__11 |         64 |         64 |       0 |    0 |    64 |      0 |      0 |    0 |          0 |
|       g[2].g_normal.alu_i                                                       |                    microop_unit__parameterized13__12 |         64 |         64 |       0 |    0 |    64 |      0 |      0 |    0 |          0 |
|       g[3].g_normal.alu_i                                                       |                     microop_unit__parameterized9__29 |          0 |          0 |       0 |    0 |    64 |      0 |      0 |    0 |          0 |
|       g[4].g_normal.alu_i                                                       |             microop_unit__parameterized14__xdcDup__4 |         64 |         64 |       0 |    0 |   128 |      0 |      0 |    0 |          0 |
|         (g[4].g_normal.alu_i)                                                   |             microop_unit__parameterized14__xdcDup__4 |          0 |          0 |       0 |    0 |    64 |      0 |      0 |    0 |          0 |
|         g_iadd.use_ip.u_addsub                                                  |                                integer_addsub_HD7498 |         64 |         64 |       0 |    0 |    64 |      0 |      0 |    0 |          0 |
|           (g_iadd.use_ip.u_addsub)                                              |                                integer_addsub_HD7498 |          0 |          0 |       0 |    0 |     0 |      0 |      0 |    0 |          0 |
|           U0                                                                    |               integer_addsubc_addsub_v12_0_14_HD7499 |         64 |         64 |       0 |    0 |    64 |      0 |      0 |    0 |          0 |
|             (U0)                                                                |               integer_addsubc_addsub_v12_0_14_HD7499 |          0 |          0 |       0 |    0 |     0 |      0 |      0 |    0 |          0 |
|             xst_addsub                                                          |           integer_addsubc_addsub_v12_0_14_viv_HD7500 |         64 |         64 |       0 |    0 |    64 |      0 |      0 |    0 |          0 |
|               (xst_addsub)                                                      |           integer_addsubc_addsub_v12_0_14_viv_HD7500 |          0 |          0 |       0 |    0 |     0 |      0 |      0 |    0 |          0 |
|               i_baseblox.i_baseblox_addsub                                      |        integer_addsubc_addsub_v12_0_14_legacy_HD7501 |         64 |         64 |       0 |    0 |    64 |      0 |      0 |    0 |          0 |
|                 no_pipelining.the_addsub                                        | integer_addsubc_addsub_v12_0_14_fabric_legacy_HD7502 |         64 |         64 |       0 |    0 |    64 |      0 |      0 |    0 |          0 |
|                   i_lut6.i_lut6_addsub                                          |   integer_addsubc_addsub_v12_0_14_lut6_legacy_HD7503 |         64 |         64 |       0 |    0 |    64 |      0 |      0 |    0 |          0 |
|                     (i_lut6.i_lut6_addsub)                                      |   integer_addsubc_addsub_v12_0_14_lut6_legacy_HD7503 |         64 |         64 |       0 |    0 |     0 |      0 |      0 |    0 |          0 |
|                     i_q.i_simple.qreg                                           |            integer_addsubc_reg_fd_v12_0_6_viv_HD7504 |          0 |          0 |       0 |    0 |    64 |      0 |      0 |    0 |          0 |
|       g[5].g_normal.alu_i                                                       |             microop_unit__parameterized15__xdcDup__4 |         64 |         64 |       0 |    0 |   128 |      0 |      0 |    0 |          0 |
|         (g[5].g_normal.alu_i)                                                   |             microop_unit__parameterized15__xdcDup__4 |          0 |          0 |       0 |    0 |    64 |      0 |      0 |    0 |          0 |
|         g_iadd.use_ip.u_addsub                                                  |                                integer_addsub_HD7505 |         64 |         64 |       0 |    0 |    64 |      0 |      0 |    0 |          0 |
|           (g_iadd.use_ip.u_addsub)                                              |                                integer_addsub_HD7505 |          0 |          0 |       0 |    0 |     0 |      0 |      0 |    0 |          0 |
|           U0                                                                    |               integer_addsubc_addsub_v12_0_14_HD7506 |         64 |         64 |       0 |    0 |    64 |      0 |      0 |    0 |          0 |
|             (U0)                                                                |               integer_addsubc_addsub_v12_0_14_HD7506 |          0 |          0 |       0 |    0 |     0 |      0 |      0 |    0 |          0 |
|             xst_addsub                                                          |           integer_addsubc_addsub_v12_0_14_viv_HD7507 |         64 |         64 |       0 |    0 |    64 |      0 |      0 |    0 |          0 |
|               (xst_addsub)                                                      |           integer_addsubc_addsub_v12_0_14_viv_HD7507 |          0 |          0 |       0 |    0 |     0 |      0 |      0 |    0 |          0 |
|               i_baseblox.i_baseblox_addsub                                      |        integer_addsubc_addsub_v12_0_14_legacy_HD7508 |         64 |         64 |       0 |    0 |    64 |      0 |      0 |    0 |          0 |
|                 no_pipelining.the_addsub                                        | integer_addsubc_addsub_v12_0_14_fabric_legacy_HD7509 |         64 |         64 |       0 |    0 |    64 |      0 |      0 |    0 |          0 |
|                   i_lut6.i_lut6_addsub                                          |   integer_addsubc_addsub_v12_0_14_lut6_legacy_HD7510 |         64 |         64 |       0 |    0 |    64 |      0 |      0 |    0 |          0 |
|                     (i_lut6.i_lut6_addsub)                                      |   integer_addsubc_addsub_v12_0_14_lut6_legacy_HD7510 |         64 |         64 |       0 |    0 |     0 |      0 |      0 |    0 |          0 |
|                     i_q.i_simple.qreg                                           |            integer_addsubc_reg_fd_v12_0_6_viv_HD7511 |          0 |          0 |       0 |    0 |    64 |      0 |      0 |    0 |          0 |
|       g[6].g_normal.alu_i                                                       |                     microop_unit__parameterized9__30 |          0 |          0 |       0 |    0 |    64 |      0 |      0 |    0 |          0 |
|       g[7].g_normal.alu_i                                                       |                     microop_unit__parameterized16__3 |          1 |          1 |       0 |    0 |     1 |      0 |      0 |    0 |          0 |
|       g[8].g_normal.alu_i                                                       |             microop_unit__parameterized14__xdcDup__5 |         64 |         64 |       0 |    0 |   128 |      0 |      0 |    0 |          0 |
|         (g[8].g_normal.alu_i)                                                   |             microop_unit__parameterized14__xdcDup__5 |          0 |          0 |       0 |    0 |    64 |      0 |      0 |    0 |          0 |
|         g_iadd.use_ip.u_addsub                                                  |                                integer_addsub_HD7512 |         64 |         64 |       0 |    0 |    64 |      0 |      0 |    0 |          0 |
|           (g_iadd.use_ip.u_addsub)                                              |                                integer_addsub_HD7512 |          0 |          0 |       0 |    0 |     0 |      0 |      0 |    0 |          0 |
|           U0                                                                    |               integer_addsubc_addsub_v12_0_14_HD7513 |         64 |         64 |       0 |    0 |    64 |      0 |      0 |    0 |          0 |
|             (U0)                                                                |               integer_addsubc_addsub_v12_0_14_HD7513 |          0 |          0 |       0 |    0 |     0 |      0 |      0 |    0 |          0 |
|             xst_addsub                                                          |           integer_addsubc_addsub_v12_0_14_viv_HD7514 |         64 |         64 |       0 |    0 |    64 |      0 |      0 |    0 |          0 |
|               (xst_addsub)                                                      |           integer_addsubc_addsub_v12_0_14_viv_HD7514 |          0 |          0 |       0 |    0 |     0 |      0 |      0 |    0 |          0 |
|               i_baseblox.i_baseblox_addsub                                      |        integer_addsubc_addsub_v12_0_14_legacy_HD7515 |         64 |         64 |       0 |    0 |    64 |      0 |      0 |    0 |          0 |
|                 no_pipelining.the_addsub                                        | integer_addsubc_addsub_v12_0_14_fabric_legacy_HD7516 |         64 |         64 |       0 |    0 |    64 |      0 |      0 |    0 |          0 |
|                   i_lut6.i_lut6_addsub                                          |   integer_addsubc_addsub_v12_0_14_lut6_legacy_HD7517 |         64 |         64 |       0 |    0 |    64 |      0 |      0 |    0 |          0 |
|                     (i_lut6.i_lut6_addsub)                                      |   integer_addsubc_addsub_v12_0_14_lut6_legacy_HD7517 |         64 |         64 |       0 |    0 |     0 |      0 |      0 |    0 |          0 |
|                     i_q.i_simple.qreg                                           |            integer_addsubc_reg_fd_v12_0_6_viv_HD7518 |          0 |          0 |       0 |    0 |    64 |      0 |      0 |    0 |          0 |
|       g[9].g_normal.alu_i                                                       |             microop_unit__parameterized15__xdcDup__5 |         64 |         64 |       0 |    0 |   128 |      0 |      0 |    0 |          0 |
|         (g[9].g_normal.alu_i)                                                   |             microop_unit__parameterized15__xdcDup__5 |          0 |          0 |       0 |    0 |    64 |      0 |      0 |    0 |          0 |
|         g_iadd.use_ip.u_addsub                                                  |                                integer_addsub_HD7519 |         64 |         64 |       0 |    0 |    64 |      0 |      0 |    0 |          0 |
|           (g_iadd.use_ip.u_addsub)                                              |                                integer_addsub_HD7519 |          0 |          0 |       0 |    0 |     0 |      0 |      0 |    0 |          0 |
|           U0                                                                    |               integer_addsubc_addsub_v12_0_14_HD7520 |         64 |         64 |       0 |    0 |    64 |      0 |      0 |    0 |          0 |
|             (U0)                                                                |               integer_addsubc_addsub_v12_0_14_HD7520 |          0 |          0 |       0 |    0 |     0 |      0 |      0 |    0 |          0 |
|             xst_addsub                                                          |           integer_addsubc_addsub_v12_0_14_viv_HD7521 |         64 |         64 |       0 |    0 |    64 |      0 |      0 |    0 |          0 |
|               (xst_addsub)                                                      |           integer_addsubc_addsub_v12_0_14_viv_HD7521 |          0 |          0 |       0 |    0 |     0 |      0 |      0 |    0 |          0 |
|               i_baseblox.i_baseblox_addsub                                      |        integer_addsubc_addsub_v12_0_14_legacy_HD7522 |         64 |         64 |       0 |    0 |    64 |      0 |      0 |    0 |          0 |
|                 no_pipelining.the_addsub                                        | integer_addsubc_addsub_v12_0_14_fabric_legacy_HD7523 |         64 |         64 |       0 |    0 |    64 |      0 |      0 |    0 |          0 |
|                   i_lut6.i_lut6_addsub                                          |   integer_addsubc_addsub_v12_0_14_lut6_legacy_HD7524 |         64 |         64 |       0 |    0 |    64 |      0 |      0 |    0 |          0 |
|                     (i_lut6.i_lut6_addsub)                                      |   integer_addsubc_addsub_v12_0_14_lut6_legacy_HD7524 |         64 |         64 |       0 |    0 |     0 |      0 |      0 |    0 |          0 |
|                     i_q.i_simple.qreg                                           |            integer_addsubc_reg_fd_v12_0_6_viv_HD7525 |          0 |          0 |       0 |    0 |    64 |      0 |      0 |    0 |          0 |
|   g_has_mem.glen_mem[78].blk_i                                                  |                   uop_block_wrap__parameterized43_56 |        116 |        116 |       0 |    0 |   191 |      0 |      0 |    0 |          9 |
|     (g_has_mem.glen_mem[78].blk_i)                                              |                   uop_block_wrap__parameterized43_56 |          0 |          0 |       0 |    0 |    49 |      0 |      0 |    0 |          0 |
|     core                                                                        |                           uop_block__parameterized43 |        116 |        116 |       0 |    0 |   142 |      0 |      0 |    0 |          9 |
|       (core)                                                                    |                           uop_block__parameterized43 |          7 |          7 |       0 |    0 |     3 |      0 |      0 |    0 |          0 |
|       g[0].g_normal.alu_i                                                       |                     microop_unit__parameterized0__40 |          0 |          0 |       0 |    0 |     8 |      0 |      0 |    0 |          0 |
|       g[1].g_normal.alu_i                                                       |                     microop_unit__parameterized0__41 |          0 |          0 |       0 |    0 |     8 |      0 |      0 |    0 |          0 |
|       g[2].g_normal.alu_i                                                       |                     microop_unit__parameterized3__25 |         15 |         15 |       0 |    0 |    17 |      0 |      0 |    0 |          3 |
|       g[3].g_normal.alu_i                                                       |                     microop_unit__parameterized3__26 |         15 |         15 |       0 |    0 |    17 |      0 |      0 |    0 |          3 |
|       g[4].g_normal.alu_i                                                       |                     microop_unit__parameterized4__52 |         32 |         32 |       0 |    0 |    32 |      0 |      0 |    0 |          0 |
|       g[5].g_normal.alu_i                                                       |                     microop_unit__parameterized0__42 |          0 |          0 |       0 |    0 |     8 |      0 |      0 |    0 |          0 |
|       g[6].g_normal.alu_i                                                       |                     microop_unit__parameterized3__27 |         15 |         15 |       0 |    0 |    17 |      0 |      0 |    0 |          3 |
|       g[7].g_normal.alu_i                                                       |                     microop_unit__parameterized4__53 |         32 |         32 |       0 |    0 |    32 |      0 |      0 |    0 |          0 |
|   g_has_mem.glen_mem[79].blk_i                                                  |                   uop_block_wrap__parameterized44_57 |          0 |          0 |       0 |    0 |   102 |      0 |      0 |    0 |          0 |
|     (g_has_mem.glen_mem[79].blk_i)                                              |                   uop_block_wrap__parameterized44_57 |          0 |          0 |       0 |    0 |    38 |      0 |      0 |    0 |          0 |
|     core                                                                        |                           uop_block__parameterized44 |          0 |          0 |       0 |    0 |    64 |      0 |      0 |    0 |          0 |
|       (core)                                                                    |                           uop_block__parameterized44 |          0 |          0 |       0 |    0 |     0 |      0 |      0 |    0 |          0 |
|       g[0].g_normal.alu_i                                                       |                     microop_unit__parameterized1__32 |          0 |          0 |       0 |    0 |    32 |      0 |      0 |    0 |          0 |
|       g[2].g_normal.alu_i                                                       |                    microop_unit__parameterized18__15 |          0 |          0 |       0 |    0 |    32 |      0 |      0 |    0 |          0 |
|   g_has_mem.glen_mem[7].blk_i                                                   |            uop_block_wrap__parameterized1__xdcDup__1 |        170 |        170 |       0 |    0 |   410 |      0 |      0 |    0 |          0 |
|     (g_has_mem.glen_mem[7].blk_i)                                               |            uop_block_wrap__parameterized1__xdcDup__1 |          2 |          2 |       0 |    0 |    79 |      0 |      0 |    0 |          0 |
|     core                                                                        |                 uop_block__parameterized1__xdcDup__1 |        168 |        168 |       0 |    0 |   331 |      0 |      0 |    0 |          0 |
|       (core)                                                                    |                 uop_block__parameterized1__xdcDup__1 |          8 |          8 |       0 |    0 |     3 |      0 |      0 |    0 |          0 |
|       g[0].g_normal.alu_i                                                       |                     microop_unit__parameterized9__38 |          0 |          0 |       0 |    0 |    64 |      0 |      0 |    0 |          0 |
|       g[1].g_normal.alu_i                                                       |                     microop_unit__parameterized1__55 |          0 |          0 |       0 |    0 |    32 |      0 |      0 |    0 |          0 |
|       g[2].g_normal.alu_i                                                       |             microop_unit__parameterized10__xdcDup__1 |         64 |         64 |       0 |    0 |   128 |      0 |      0 |    0 |          0 |
|         (g[2].g_normal.alu_i)                                                   |             microop_unit__parameterized10__xdcDup__1 |          0 |          0 |       0 |    0 |    64 |      0 |      0 |    0 |          0 |
|         g_iadd.use_ip.u_addsub                                                  |                                integer_addsub_HD7526 |         64 |         64 |       0 |    0 |    64 |      0 |      0 |    0 |          0 |
|           (g_iadd.use_ip.u_addsub)                                              |                                integer_addsub_HD7526 |          0 |          0 |       0 |    0 |     0 |      0 |      0 |    0 |          0 |
|           U0                                                                    |               integer_addsubc_addsub_v12_0_14_HD7527 |         64 |         64 |       0 |    0 |    64 |      0 |      0 |    0 |          0 |
|             (U0)                                                                |               integer_addsubc_addsub_v12_0_14_HD7527 |          0 |          0 |       0 |    0 |     0 |      0 |      0 |    0 |          0 |
|             xst_addsub                                                          |           integer_addsubc_addsub_v12_0_14_viv_HD7528 |         64 |         64 |       0 |    0 |    64 |      0 |      0 |    0 |          0 |
|               (xst_addsub)                                                      |           integer_addsubc_addsub_v12_0_14_viv_HD7528 |          0 |          0 |       0 |    0 |     0 |      0 |      0 |    0 |          0 |
|               i_baseblox.i_baseblox_addsub                                      |        integer_addsubc_addsub_v12_0_14_legacy_HD7529 |         64 |         64 |       0 |    0 |    64 |      0 |      0 |    0 |          0 |
|                 no_pipelining.the_addsub                                        | integer_addsubc_addsub_v12_0_14_fabric_legacy_HD7530 |         64 |         64 |       0 |    0 |    64 |      0 |      0 |    0 |          0 |
|                   i_lut6.i_lut6_addsub                                          |   integer_addsubc_addsub_v12_0_14_lut6_legacy_HD7531 |         64 |         64 |       0 |    0 |    64 |      0 |      0 |    0 |          0 |
|                     (i_lut6.i_lut6_addsub)                                      |   integer_addsubc_addsub_v12_0_14_lut6_legacy_HD7531 |         64 |         64 |       0 |    0 |     0 |      0 |      0 |    0 |          0 |
|                     i_q.i_simple.qreg                                           |            integer_addsubc_reg_fd_v12_0_6_viv_HD7532 |          0 |          0 |       0 |    0 |    64 |      0 |      0 |    0 |          0 |
|       g[3].g_normal.alu_i                                                       |                     microop_unit__parameterized0__64 |          0 |          0 |       0 |    0 |     8 |      0 |      0 |    0 |          0 |
|       g[4].g_normal.alu_i                                                       |                     microop_unit__parameterized4__72 |         32 |         32 |       0 |    0 |    32 |      0 |      0 |    0 |          0 |
|       g[5].g_normal.alu_i                                                       |                    microop_unit__parameterized11__23 |         32 |         32 |       0 |    0 |    32 |      0 |      0 |    0 |          0 |
|       g[6].g_normal.alu_i                                                       |                    microop_unit__parameterized12__13 |         32 |         32 |       0 |    0 |    32 |      0 |      0 |    0 |          0 |
|   g_has_mem.glen_mem[80].blk_i                                                  |                   uop_block_wrap__parameterized45_58 |         18 |         18 |       0 |    0 |    75 |      0 |      0 |    0 |          3 |
|     (g_has_mem.glen_mem[80].blk_i)                                              |                   uop_block_wrap__parameterized45_58 |          0 |          0 |       0 |    0 |    49 |      0 |      0 |    0 |          0 |
|     core                                                                        |                           uop_block__parameterized45 |         18 |         18 |       0 |    0 |    26 |      0 |      0 |    0 |          3 |
|       (core)                                                                    |                           uop_block__parameterized45 |          3 |          3 |       0 |    0 |     1 |      0 |      0 |    0 |          0 |
|       g[0].g_normal.alu_i                                                       |                     microop_unit__parameterized0__43 |          0 |          0 |       0 |    0 |     8 |      0 |      0 |    0 |          0 |
|       g[1].g_normal.alu_i                                                       |                     microop_unit__parameterized3__32 |         15 |         15 |       0 |    0 |    17 |      0 |      0 |    0 |          3 |
|   g_has_mem.glen_mem[81].blk_i                                                  |           uop_block_wrap__parameterized46__xdcDup__1 |         67 |         67 |       0 |    0 |   267 |      0 |      0 |    0 |          0 |
|     (g_has_mem.glen_mem[81].blk_i)                                              |           uop_block_wrap__parameterized46__xdcDup__1 |          0 |          0 |       0 |    0 |    74 |      0 |      0 |    0 |          0 |
|     core                                                                        |                uop_block__parameterized46__xdcDup__1 |         67 |         67 |       0 |    0 |   193 |      0 |      0 |    0 |          0 |
|       (core)                                                                    |                uop_block__parameterized46__xdcDup__1 |          3 |          3 |       0 |    0 |     1 |      0 |      0 |    0 |          0 |
|       g[0].g_normal.alu_i                                                       |                     microop_unit__parameterized9__31 |          0 |          0 |       0 |    0 |    64 |      0 |      0 |    0 |          0 |
|       g[1].g_normal.alu_i                                                       |            microop_unit__parameterized10__xdcDup__13 |         64 |         64 |       0 |    0 |   128 |      0 |      0 |    0 |          0 |
|         (g[1].g_normal.alu_i)                                                   |            microop_unit__parameterized10__xdcDup__13 |          0 |          0 |       0 |    0 |    64 |      0 |      0 |    0 |          0 |
|         g_iadd.use_ip.u_addsub                                                  |                                integer_addsub_HD7533 |         64 |         64 |       0 |    0 |    64 |      0 |      0 |    0 |          0 |
|           (g_iadd.use_ip.u_addsub)                                              |                                integer_addsub_HD7533 |          0 |          0 |       0 |    0 |     0 |      0 |      0 |    0 |          0 |
|           U0                                                                    |               integer_addsubc_addsub_v12_0_14_HD7534 |         64 |         64 |       0 |    0 |    64 |      0 |      0 |    0 |          0 |
|             (U0)                                                                |               integer_addsubc_addsub_v12_0_14_HD7534 |          0 |          0 |       0 |    0 |     0 |      0 |      0 |    0 |          0 |
|             xst_addsub                                                          |           integer_addsubc_addsub_v12_0_14_viv_HD7535 |         64 |         64 |       0 |    0 |    64 |      0 |      0 |    0 |          0 |
|               (xst_addsub)                                                      |           integer_addsubc_addsub_v12_0_14_viv_HD7535 |          0 |          0 |       0 |    0 |     0 |      0 |      0 |    0 |          0 |
|               i_baseblox.i_baseblox_addsub                                      |        integer_addsubc_addsub_v12_0_14_legacy_HD7536 |         64 |         64 |       0 |    0 |    64 |      0 |      0 |    0 |          0 |
|                 no_pipelining.the_addsub                                        | integer_addsubc_addsub_v12_0_14_fabric_legacy_HD7537 |         64 |         64 |       0 |    0 |    64 |      0 |      0 |    0 |          0 |
|                   i_lut6.i_lut6_addsub                                          |   integer_addsubc_addsub_v12_0_14_lut6_legacy_HD7538 |         64 |         64 |       0 |    0 |    64 |      0 |      0 |    0 |          0 |
|                     (i_lut6.i_lut6_addsub)                                      |   integer_addsubc_addsub_v12_0_14_lut6_legacy_HD7538 |         64 |         64 |       0 |    0 |     0 |      0 |      0 |    0 |          0 |
|                     i_q.i_simple.qreg                                           |            integer_addsubc_reg_fd_v12_0_6_viv_HD7539 |          0 |          0 |       0 |    0 |    64 |      0 |      0 |    0 |          0 |
|   g_has_mem.glen_mem[82].blk_i                                                  |                      uop_block_wrap__parameterized46 |         70 |         70 |       0 |    0 |   273 |      0 |      0 |    0 |          0 |
|     (g_has_mem.glen_mem[82].blk_i)                                              |                      uop_block_wrap__parameterized46 |          3 |          3 |       0 |    0 |    80 |      0 |      0 |    0 |          0 |
|     core                                                                        |                           uop_block__parameterized46 |         67 |         67 |       0 |    0 |   193 |      0 |      0 |    0 |          0 |
|       (core)                                                                    |                           uop_block__parameterized46 |          3 |          3 |       0 |    0 |     1 |      0 |      0 |    0 |          0 |
|       g[0].g_normal.alu_i                                                       |                     microop_unit__parameterized9__32 |          0 |          0 |       0 |    0 |    64 |      0 |      0 |    0 |          0 |
|       g[1].g_normal.alu_i                                                       |            microop_unit__parameterized10__xdcDup__14 |         64 |         64 |       0 |    0 |   128 |      0 |      0 |    0 |          0 |
|         (g[1].g_normal.alu_i)                                                   |            microop_unit__parameterized10__xdcDup__14 |          0 |          0 |       0 |    0 |    64 |      0 |      0 |    0 |          0 |
|         g_iadd.use_ip.u_addsub                                                  |                                integer_addsub_HD7540 |         64 |         64 |       0 |    0 |    64 |      0 |      0 |    0 |          0 |
|           (g_iadd.use_ip.u_addsub)                                              |                                integer_addsub_HD7540 |          0 |          0 |       0 |    0 |     0 |      0 |      0 |    0 |          0 |
|           U0                                                                    |               integer_addsubc_addsub_v12_0_14_HD7541 |         64 |         64 |       0 |    0 |    64 |      0 |      0 |    0 |          0 |
|             (U0)                                                                |               integer_addsubc_addsub_v12_0_14_HD7541 |          0 |          0 |       0 |    0 |     0 |      0 |      0 |    0 |          0 |
|             xst_addsub                                                          |           integer_addsubc_addsub_v12_0_14_viv_HD7542 |         64 |         64 |       0 |    0 |    64 |      0 |      0 |    0 |          0 |
|               (xst_addsub)                                                      |           integer_addsubc_addsub_v12_0_14_viv_HD7542 |          0 |          0 |       0 |    0 |     0 |      0 |      0 |    0 |          0 |
|               i_baseblox.i_baseblox_addsub                                      |        integer_addsubc_addsub_v12_0_14_legacy_HD7543 |         64 |         64 |       0 |    0 |    64 |      0 |      0 |    0 |          0 |
|                 no_pipelining.the_addsub                                        | integer_addsubc_addsub_v12_0_14_fabric_legacy_HD7544 |         64 |         64 |       0 |    0 |    64 |      0 |      0 |    0 |          0 |
|                   i_lut6.i_lut6_addsub                                          |   integer_addsubc_addsub_v12_0_14_lut6_legacy_HD7545 |         64 |         64 |       0 |    0 |    64 |      0 |      0 |    0 |          0 |
|                     (i_lut6.i_lut6_addsub)                                      |   integer_addsubc_addsub_v12_0_14_lut6_legacy_HD7545 |         64 |         64 |       0 |    0 |     0 |      0 |      0 |    0 |          0 |
|                     i_q.i_simple.qreg                                           |            integer_addsubc_reg_fd_v12_0_6_viv_HD7546 |          0 |          0 |       0 |    0 |    64 |      0 |      0 |    0 |          0 |
|   g_has_mem.glen_mem[83].blk_i                                                  |                      uop_block_wrap__parameterized47 |         79 |         79 |       0 |    0 |   197 |      0 |      0 |    0 |          0 |
|     (g_has_mem.glen_mem[83].blk_i)                                              |                      uop_block_wrap__parameterized47 |          0 |          0 |       0 |    0 |    37 |      0 |      0 |    0 |          0 |
|     core                                                                        |                        uop_block__parameterized47_74 |         79 |         79 |       0 |    0 |   160 |      0 |      0 |    0 |          0 |
|       (core)                                                                    |                        uop_block__parameterized47_74 |          0 |          0 |       0 |    0 |     0 |      0 |      0 |    0 |          0 |
|       g[0].g_normal.alu_i                                                       |                     microop_unit__parameterized1__56 |          0 |          0 |       0 |    0 |    32 |      0 |      0 |    0 |          0 |
|       g[2].g_normal.alu_i                                                       |                     microop_unit__parameterized1__57 |          0 |          0 |       0 |    0 |    32 |      0 |      0 |    0 |          0 |
|       g[3].g_normal.alu_i                                                       |                      microop_unit__parameterized6__9 |         32 |         32 |       0 |    0 |    32 |      0 |      0 |    0 |          0 |
|       g[4].g_normal.alu_i                                                       |                     microop_unit__parameterized7__13 |         31 |         31 |       0 |    0 |    32 |      0 |      0 |    0 |          0 |
|       g[6].g_normal.alu_i                                                       |                     microop_unit__parameterized22__5 |         16 |         16 |       0 |    0 |    32 |      0 |      0 |    0 |          0 |
|   g_has_mem.glen_mem[84].blk_i                                                  |                      uop_block_wrap__parameterized48 |        111 |        111 |       0 |    0 |   197 |      0 |      0 |    0 |          0 |
|     (g_has_mem.glen_mem[84].blk_i)                                              |                      uop_block_wrap__parameterized48 |          0 |          0 |       0 |    0 |    37 |      0 |      0 |    0 |          0 |
|     core                                                                        |                           uop_block__parameterized48 |        111 |        111 |       0 |    0 |   160 |      0 |      0 |    0 |          0 |
|       (core)                                                                    |                           uop_block__parameterized48 |          0 |          0 |       0 |    0 |     0 |      0 |      0 |    0 |          0 |
|       g[0].g_normal.alu_i                                                       |                                     microop_unit__19 |         32 |         32 |       0 |    0 |    32 |      0 |      0 |    0 |          0 |
|       g[2].g_normal.alu_i                                                       |                     microop_unit__parameterized1__33 |          0 |          0 |       0 |    0 |    32 |      0 |      0 |    0 |          0 |
|       g[3].g_normal.alu_i                                                       |                      microop_unit__parameterized6__1 |         32 |         32 |       0 |    0 |    32 |      0 |      0 |    0 |          0 |
|       g[4].g_normal.alu_i                                                       |                      microop_unit__parameterized7__2 |         31 |         31 |       0 |    0 |    32 |      0 |      0 |    0 |          0 |
|       g[6].g_normal.alu_i                                                       |                      microop_unit__parameterized8__1 |         16 |         16 |       0 |    0 |    32 |      0 |      0 |    0 |          0 |
|   g_has_mem.glen_mem[85].blk_i                                                  |                   uop_block_wrap__parameterized47_59 |         79 |         79 |       0 |    0 |   197 |      0 |      0 |    0 |          0 |
|     (g_has_mem.glen_mem[85].blk_i)                                              |                   uop_block_wrap__parameterized47_59 |          0 |          0 |       0 |    0 |    37 |      0 |      0 |    0 |          0 |
|     core                                                                        |                           uop_block__parameterized47 |         79 |         79 |       0 |    0 |   160 |      0 |      0 |    0 |          0 |
|       (core)                                                                    |                           uop_block__parameterized47 |          0 |          0 |       0 |    0 |     0 |      0 |      0 |    0 |          0 |
|       g[0].g_normal.alu_i                                                       |                     microop_unit__parameterized1__34 |          0 |          0 |       0 |    0 |    32 |      0 |      0 |    0 |          0 |
|       g[2].g_normal.alu_i                                                       |                     microop_unit__parameterized1__35 |          0 |          0 |       0 |    0 |    32 |      0 |      0 |    0 |          0 |
|       g[3].g_normal.alu_i                                                       |                      microop_unit__parameterized6__2 |         32 |         32 |       0 |    0 |    32 |      0 |      0 |    0 |          0 |
|       g[4].g_normal.alu_i                                                       |                      microop_unit__parameterized7__3 |         31 |         31 |       0 |    0 |    32 |      0 |      0 |    0 |          0 |
|       g[6].g_normal.alu_i                                                       |                     microop_unit__parameterized22__1 |         16 |         16 |       0 |    0 |    32 |      0 |      0 |    0 |          0 |
|   g_has_mem.glen_mem[86].blk_i                                                  |                   uop_block_wrap__parameterized49_60 |         32 |         32 |       0 |    0 |    69 |      0 |      0 |    0 |          0 |
|     (g_has_mem.glen_mem[86].blk_i)                                              |                   uop_block_wrap__parameterized49_60 |          0 |          0 |       0 |    0 |    37 |      0 |      0 |    0 |          0 |
|     core                                                                        |                           uop_block__parameterized49 |         32 |         32 |       0 |    0 |    32 |      0 |      0 |    0 |          0 |
|       (core)                                                                    |                           uop_block__parameterized49 |          0 |          0 |       0 |    0 |     0 |      0 |      0 |    0 |          0 |
|       g[0].g_normal.alu_i                                                       |                                     microop_unit__20 |         32 |         32 |       0 |    0 |    32 |      0 |      0 |    0 |          0 |
|   g_has_mem.glen_mem[87].blk_i                                                  |                      uop_block_wrap__parameterized50 |        111 |        111 |       0 |    0 |   197 |      0 |      0 |    0 |          0 |
|     (g_has_mem.glen_mem[87].blk_i)                                              |                      uop_block_wrap__parameterized50 |          0 |          0 |       0 |    0 |    37 |      0 |      0 |    0 |          0 |
|     core                                                                        |                        uop_block__parameterized50_73 |        111 |        111 |       0 |    0 |   160 |      0 |      0 |    0 |          0 |
|       (core)                                                                    |                        uop_block__parameterized50_73 |          0 |          0 |       0 |    0 |     0 |      0 |      0 |    0 |          0 |
|       g[0].g_normal.alu_i                                                       |                                     microop_unit__21 |         32 |         32 |       0 |    0 |    32 |      0 |      0 |    0 |          0 |
|       g[2].g_normal.alu_i                                                       |                     microop_unit__parameterized1__36 |          0 |          0 |       0 |    0 |    32 |      0 |      0 |    0 |          0 |
|       g[3].g_normal.alu_i                                                       |                      microop_unit__parameterized6__3 |         32 |         32 |       0 |    0 |    32 |      0 |      0 |    0 |          0 |
|       g[4].g_normal.alu_i                                                       |                      microop_unit__parameterized7__4 |         31 |         31 |       0 |    0 |    32 |      0 |      0 |    0 |          0 |
|       g[6].g_normal.alu_i                                                       |                     microop_unit__parameterized22__2 |         16 |         16 |       0 |    0 |    32 |      0 |      0 |    0 |          0 |
|   g_has_mem.glen_mem[88].blk_i                                                  |                   uop_block_wrap__parameterized50_61 |        111 |        111 |       0 |    0 |   197 |      0 |      0 |    0 |          0 |
|     (g_has_mem.glen_mem[88].blk_i)                                              |                   uop_block_wrap__parameterized50_61 |          0 |          0 |       0 |    0 |    37 |      0 |      0 |    0 |          0 |
|     core                                                                        |                        uop_block__parameterized50_72 |        111 |        111 |       0 |    0 |   160 |      0 |      0 |    0 |          0 |
|       (core)                                                                    |                        uop_block__parameterized50_72 |          0 |          0 |       0 |    0 |     0 |      0 |      0 |    0 |          0 |
|       g[0].g_normal.alu_i                                                       |                                     microop_unit__64 |         32 |         32 |       0 |    0 |    32 |      0 |      0 |    0 |          0 |
|       g[2].g_normal.alu_i                                                       |                     microop_unit__parameterized1__77 |          0 |          0 |       0 |    0 |    32 |      0 |      0 |    0 |          0 |
|       g[3].g_normal.alu_i                                                       |                     microop_unit__parameterized6__17 |         32 |         32 |       0 |    0 |    32 |      0 |      0 |    0 |          0 |
|       g[4].g_normal.alu_i                                                       |                         microop_unit__parameterized7 |         31 |         31 |       0 |    0 |    32 |      0 |      0 |    0 |          0 |
|       g[6].g_normal.alu_i                                                       |                        microop_unit__parameterized22 |         16 |         16 |       0 |    0 |    32 |      0 |      0 |    0 |          0 |
|   g_has_mem.glen_mem[89].blk_i                                                  |                   uop_block_wrap__parameterized50_62 |        111 |        111 |       0 |    0 |   197 |      0 |      0 |    0 |          0 |
|     (g_has_mem.glen_mem[89].blk_i)                                              |                   uop_block_wrap__parameterized50_62 |          0 |          0 |       0 |    0 |    37 |      0 |      0 |    0 |          0 |
|     core                                                                        |                           uop_block__parameterized50 |        111 |        111 |       0 |    0 |   160 |      0 |      0 |    0 |          0 |
|       (core)                                                                    |                           uop_block__parameterized50 |          0 |          0 |       0 |    0 |     0 |      0 |      0 |    0 |          0 |
|       g[0].g_normal.alu_i                                                       |                                     microop_unit__34 |         32 |         32 |       0 |    0 |    32 |      0 |      0 |    0 |          0 |
|       g[2].g_normal.alu_i                                                       |                     microop_unit__parameterized1__58 |          0 |          0 |       0 |    0 |    32 |      0 |      0 |    0 |          0 |
|       g[3].g_normal.alu_i                                                       |                     microop_unit__parameterized6__10 |         32 |         32 |       0 |    0 |    32 |      0 |      0 |    0 |          0 |
|       g[4].g_normal.alu_i                                                       |                     microop_unit__parameterized7__14 |         31 |         31 |       0 |    0 |    32 |      0 |      0 |    0 |          0 |
|       g[6].g_normal.alu_i                                                       |                     microop_unit__parameterized22__6 |         16 |         16 |       0 |    0 |    32 |      0 |      0 |    0 |          0 |
|   g_has_mem.glen_mem[8].blk_i                                                   |                    uop_block_wrap__parameterized2_63 |         55 |         55 |       0 |    0 |   256 |      0 |      0 |    0 |          3 |
|     (g_has_mem.glen_mem[8].blk_i)                                               |                    uop_block_wrap__parameterized2_63 |          1 |          1 |       0 |    0 |    76 |      0 |      0 |    0 |          0 |
|     core                                                                        |                            uop_block__parameterized2 |         54 |         54 |       0 |    0 |   180 |      0 |      0 |    0 |          3 |
|       (core)                                                                    |                            uop_block__parameterized2 |          7 |          7 |       0 |    0 |     3 |      0 |      0 |    0 |          0 |
|       g[0].g_normal.alu_i                                                       |                     microop_unit__parameterized9__23 |          0 |          0 |       0 |    0 |    64 |      0 |      0 |    0 |          0 |
|       g[1].g_normal.alu_i                                                       |                     microop_unit__parameterized1__21 |          0 |          0 |       0 |    0 |    32 |      0 |      0 |    0 |          0 |
|       g[2].g_normal.alu_i                                                       |                     microop_unit__parameterized3__22 |         15 |         15 |       0 |    0 |    17 |      0 |      0 |    0 |          3 |
|       g[3].g_normal.alu_i                                                       |                     microop_unit__parameterized4__49 |         32 |         32 |       0 |    0 |    32 |      0 |      0 |    0 |          0 |
|       g[5].g_normal.alu_i                                                       |                     microop_unit__parameterized1__22 |          0 |          0 |       0 |    0 |    32 |      0 |      0 |    0 |          0 |
|   g_has_mem.glen_mem[90].blk_i                                                  |                    uop_block_wrap__parameterized6_64 |          5 |          5 |       0 |    0 |   279 |      0 |      0 |    0 |          0 |
|     (g_has_mem.glen_mem[90].blk_i)                                              |                    uop_block_wrap__parameterized6_64 |          0 |          0 |       0 |    0 |    77 |      0 |      0 |    0 |          0 |
|     core                                                                        |                            uop_block__parameterized6 |          5 |          5 |       0 |    0 |   202 |      0 |      0 |    0 |          0 |
|       (core)                                                                    |                            uop_block__parameterized6 |          5 |          5 |       0 |    0 |     2 |      0 |      0 |    0 |          0 |
|       g[0].g_normal.alu_i                                                       |                     microop_unit__parameterized9__39 |          0 |          0 |       0 |    0 |    64 |      0 |      0 |    0 |          0 |
|       g[1].g_normal.alu_i                                                       |                     microop_unit__parameterized9__40 |          0 |          0 |       0 |    0 |    64 |      0 |      0 |    0 |          0 |
|       g[2].g_normal.alu_i                                                       |                     microop_unit__parameterized9__41 |          0 |          0 |       0 |    0 |    64 |      0 |      0 |    0 |          0 |
|       g[3].g_normal.alu_i                                                       |                     microop_unit__parameterized0__65 |          0 |          0 |       0 |    0 |     8 |      0 |      0 |    0 |          0 |
|   g_has_mem.glen_mem[91].blk_i                                                  |                    uop_block_wrap__parameterized7_65 |         70 |         70 |       0 |    0 |   208 |      0 |      0 |    0 |          0 |
|     (g_has_mem.glen_mem[91].blk_i)                                              |                    uop_block_wrap__parameterized7_65 |          3 |          3 |       0 |    0 |    79 |      0 |      0 |    0 |          0 |
|     core                                                                        |                         uop_block__parameterized7_71 |         67 |         67 |       0 |    0 |   129 |      0 |      0 |    0 |          0 |
|       (core)                                                                    |                         uop_block__parameterized7_71 |          3 |          3 |       0 |    0 |     1 |      0 |      0 |    0 |          0 |
|       g[0].g_normal.alu_i                                                       |                    microop_unit__parameterized13__14 |         64 |         64 |       0 |    0 |    64 |      0 |      0 |    0 |          0 |
|       g[1].g_normal.alu_i                                                       |                     microop_unit__parameterized9__42 |          0 |          0 |       0 |    0 |    64 |      0 |      0 |    0 |          0 |
|   g_has_mem.glen_mem[92].blk_i                                                  |                    uop_block_wrap__parameterized7_66 |         70 |         70 |       0 |    0 |   205 |      0 |      0 |    0 |          0 |
|     (g_has_mem.glen_mem[92].blk_i)                                              |                    uop_block_wrap__parameterized7_66 |          3 |          3 |       0 |    0 |    76 |      0 |      0 |    0 |          0 |
|     core                                                                        |                            uop_block__parameterized7 |         67 |         67 |       0 |    0 |   129 |      0 |      0 |    0 |          0 |
|       (core)                                                                    |                            uop_block__parameterized7 |          3 |          3 |       0 |    0 |     1 |      0 |      0 |    0 |          0 |
|       g[0].g_normal.alu_i                                                       |                    microop_unit__parameterized13__15 |         64 |         64 |       0 |    0 |    64 |      0 |      0 |    0 |          0 |
|       g[1].g_normal.alu_i                                                       |                     microop_unit__parameterized9__45 |          0 |          0 |       0 |    0 |    64 |      0 |      0 |    0 |          0 |
|   g_has_mem.glen_mem[93].blk_i                                                  |                      uop_block_wrap__parameterized51 |        349 |        349 |       0 |    0 |   398 |      0 |      0 |    0 |          3 |
|     (g_has_mem.glen_mem[93].blk_i)                                              |                      uop_block_wrap__parameterized51 |          3 |          3 |       0 |    0 |    49 |      0 |      0 |    0 |          0 |
|     core                                                                        |                           uop_block__parameterized51 |        346 |        346 |       0 |    0 |   349 |      0 |      0 |    0 |          3 |
|       (core)                                                                    |                           uop_block__parameterized51 |          9 |          9 |       0 |    0 |     4 |      0 |      0 |    0 |          0 |
|       g[0].g_normal.alu_i                                                       |                     microop_unit__parameterized1__59 |          0 |          0 |       0 |    0 |    32 |      0 |      0 |    0 |          0 |
|       g[10].g_normal.alu_i                                                      |                     microop_unit__parameterized7__20 |         31 |         31 |       0 |    0 |    32 |      0 |      0 |    0 |          0 |
|       g[12].g_normal.alu_i                                                      |                         microop_unit__parameterized8 |         16 |         16 |       0 |    0 |    32 |      0 |      0 |    0 |          0 |
|       g[1].g_normal.alu_i                                                       |                     microop_unit__parameterized0__66 |          0 |          0 |       0 |    0 |     8 |      0 |      0 |    0 |          0 |
|       g[2].g_normal.alu_i                                                       |                                     microop_unit__41 |         32 |         32 |       0 |    0 |    32 |      0 |      0 |    0 |          0 |
|       g[3].g_normal.alu_i                                                       |                         microop_unit__parameterized2 |         71 |         71 |       0 |    0 |    32 |      0 |      0 |    0 |          0 |
|       g[4].g_normal.alu_i                                                       |                         microop_unit__parameterized3 |         15 |         15 |       0 |    0 |    17 |      0 |      0 |    0 |          3 |
|       g[5].g_normal.alu_i                                                       |                     microop_unit__parameterized4__73 |         32 |         32 |       0 |    0 |    32 |      0 |      0 |    0 |          0 |
|       g[6].g_normal.alu_i                                                       |                         microop_unit__parameterized5 |         76 |         76 |       0 |    0 |    32 |      0 |      0 |    0 |          0 |
|       g[7].g_normal.alu_i                                                       |                     microop_unit__parameterized4__84 |         32 |         32 |       0 |    0 |    32 |      0 |      0 |    0 |          0 |
|       g[8].g_normal.alu_i                                                       |                     microop_unit__parameterized6__16 |         32 |         32 |       0 |    0 |    32 |      0 |      0 |    0 |          0 |
|       g[9].g_normal.alu_i                                                       |                     microop_unit__parameterized1__60 |          0 |          0 |       0 |    0 |    32 |      0 |      0 |    0 |          0 |
|   g_has_mem.glen_mem[94].blk_i                                                  |                                    uop_block_wrap_67 |         32 |         32 |       0 |    0 |    69 |      0 |      0 |    0 |          0 |
|     (g_has_mem.glen_mem[94].blk_i)                                              |                                    uop_block_wrap_67 |          0 |          0 |       0 |    0 |    37 |      0 |      0 |    0 |          0 |
|     core                                                                        |                                            uop_block |         32 |         32 |       0 |    0 |    32 |      0 |      0 |    0 |          0 |
|       (core)                                                                    |                                            uop_block |          0 |          0 |       0 |    0 |     0 |      0 |      0 |    0 |          0 |
|       g[0].g_normal.alu_i                                                       |                                     microop_unit__35 |         32 |         32 |       0 |    0 |    32 |      0 |      0 |    0 |          0 |
|   g_has_mem.glen_mem[95].blk_i                                                  |                   uop_block_wrap__parameterized26_68 |         32 |         32 |       0 |    0 |   102 |      0 |      0 |    0 |          0 |
|     (g_has_mem.glen_mem[95].blk_i)                                              |                   uop_block_wrap__parameterized26_68 |          0 |          0 |       0 |    0 |    38 |      0 |      0 |    0 |          0 |
|     core                                                                        |                        uop_block__parameterized26_70 |         32 |         32 |       0 |    0 |    64 |      0 |      0 |    0 |          0 |
|       (core)                                                                    |                        uop_block__parameterized26_70 |          0 |          0 |       0 |    0 |     0 |      0 |      0 |    0 |          0 |
|       g[0].g_normal.alu_i                                                       |                                     microop_unit__65 |         32 |         32 |       0 |    0 |    32 |      0 |      0 |    0 |          0 |
|       g[1].g_normal.alu_i                                                       |                        microop_unit__parameterized23 |          0 |          0 |       0 |    0 |    32 |      0 |      0 |    0 |          0 |
|   g_has_mem.glen_mem[96].blk_i                                                  |                   uop_block_wrap__parameterized26_69 |         32 |         32 |       0 |    0 |   102 |      0 |      0 |    0 |          0 |
|     (g_has_mem.glen_mem[96].blk_i)                                              |                   uop_block_wrap__parameterized26_69 |          0 |          0 |       0 |    0 |    38 |      0 |      0 |    0 |          0 |
|     core                                                                        |                           uop_block__parameterized26 |         32 |         32 |       0 |    0 |    64 |      0 |      0 |    0 |          0 |
|       (core)                                                                    |                           uop_block__parameterized26 |          0 |          0 |       0 |    0 |     0 |      0 |      0 |    0 |          0 |
|       g[0].g_normal.alu_i                                                       |                                     microop_unit__66 |         32 |         32 |       0 |    0 |    32 |      0 |      0 |    0 |          0 |
|       g[1].g_normal.alu_i                                                       |                     microop_unit__parameterized23__8 |          0 |          0 |       0 |    0 |    32 |      0 |      0 |    0 |          0 |
|   g_has_mem.glen_mem[97].blk_i                                                  |                      uop_block_wrap__parameterized52 |         65 |         65 |       0 |    0 |   199 |      0 |      0 |    0 |          0 |
|     (g_has_mem.glen_mem[97].blk_i)                                              |                      uop_block_wrap__parameterized52 |          0 |          0 |       0 |    0 |    70 |      0 |      0 |    0 |          0 |
|     core                                                                        |                           uop_block__parameterized52 |         65 |         65 |       0 |    0 |   129 |      0 |      0 |    0 |          0 |
|       (core)                                                                    |                           uop_block__parameterized52 |          0 |          0 |       0 |    0 |     0 |      0 |      0 |    0 |          0 |
|       g[0].g_normal.alu_i                                                       |             microop_unit__parameterized15__xdcDup__6 |         64 |         64 |       0 |    0 |   128 |      0 |      0 |    0 |          0 |
|         (g[0].g_normal.alu_i)                                                   |             microop_unit__parameterized15__xdcDup__6 |          0 |          0 |       0 |    0 |    64 |      0 |      0 |    0 |          0 |
|         g_iadd.use_ip.u_addsub                                                  |                                integer_addsub_HD7547 |         64 |         64 |       0 |    0 |    64 |      0 |      0 |    0 |          0 |
|           (g_iadd.use_ip.u_addsub)                                              |                                integer_addsub_HD7547 |          0 |          0 |       0 |    0 |     0 |      0 |      0 |    0 |          0 |
|           U0                                                                    |               integer_addsubc_addsub_v12_0_14_HD7548 |         64 |         64 |       0 |    0 |    64 |      0 |      0 |    0 |          0 |
|             (U0)                                                                |               integer_addsubc_addsub_v12_0_14_HD7548 |          0 |          0 |       0 |    0 |     0 |      0 |      0 |    0 |          0 |
|             xst_addsub                                                          |           integer_addsubc_addsub_v12_0_14_viv_HD7549 |         64 |         64 |       0 |    0 |    64 |      0 |      0 |    0 |          0 |
|               (xst_addsub)                                                      |           integer_addsubc_addsub_v12_0_14_viv_HD7549 |          0 |          0 |       0 |    0 |     0 |      0 |      0 |    0 |          0 |
|               i_baseblox.i_baseblox_addsub                                      |        integer_addsubc_addsub_v12_0_14_legacy_HD7550 |         64 |         64 |       0 |    0 |    64 |      0 |      0 |    0 |          0 |
|                 no_pipelining.the_addsub                                        | integer_addsubc_addsub_v12_0_14_fabric_legacy_HD7551 |         64 |         64 |       0 |    0 |    64 |      0 |      0 |    0 |          0 |
|                   i_lut6.i_lut6_addsub                                          |   integer_addsubc_addsub_v12_0_14_lut6_legacy_HD7552 |         64 |         64 |       0 |    0 |    64 |      0 |      0 |    0 |          0 |
|                     (i_lut6.i_lut6_addsub)                                      |   integer_addsubc_addsub_v12_0_14_lut6_legacy_HD7552 |         64 |         64 |       0 |    0 |     0 |      0 |      0 |    0 |          0 |
|                     i_q.i_simple.qreg                                           |            integer_addsubc_reg_fd_v12_0_6_viv_HD7553 |          0 |          0 |       0 |    0 |    64 |      0 |      0 |    0 |          0 |
|       g[1].g_normal.alu_i                                                       |                        microop_unit__parameterized29 |          1 |          1 |       0 |    0 |     1 |      0 |      0 |    0 |          0 |
|   g_has_mem.glen_mem[98].blk_i                                                  |                      uop_block_wrap__parameterized53 |         39 |         39 |       0 |    0 |   181 |      0 |      0 |    0 |          0 |
|     (g_has_mem.glen_mem[98].blk_i)                                              |                      uop_block_wrap__parameterized53 |          1 |          1 |       0 |    0 |    51 |      0 |      0 |    0 |          0 |
|     core                                                                        |                           uop_block__parameterized53 |         38 |         38 |       0 |    0 |   130 |      0 |      0 |    0 |          0 |
|       (core)                                                                    |                           uop_block__parameterized53 |          6 |          6 |       0 |    0 |     2 |      0 |      0 |    0 |          0 |
|       g[0].g_normal.alu_i                                                       |                                      microop_unit__7 |         32 |         32 |       0 |    0 |    32 |      0 |      0 |    0 |          0 |
|       g[1].g_normal.alu_i                                                       |                     microop_unit__parameterized23__1 |          0 |          0 |       0 |    0 |    32 |      0 |      0 |    0 |          0 |
|       g[2].g_normal.alu_i                                                       |                     microop_unit__parameterized9__19 |          0 |          0 |       0 |    0 |    64 |      0 |      0 |    0 |          0 |
|   g_has_mem.glen_mem[99].blk_i                                                  |                      uop_block_wrap__parameterized54 |         41 |         41 |       0 |    0 |   178 |      0 |      0 |    0 |          0 |
|     (g_has_mem.glen_mem[99].blk_i)                                              |                      uop_block_wrap__parameterized54 |          3 |          3 |       0 |    0 |    48 |      0 |      0 |    0 |          0 |
|     core                                                                        |                           uop_block__parameterized54 |         38 |         38 |       0 |    0 |   130 |      0 |      0 |    0 |          0 |
|       (core)                                                                    |                           uop_block__parameterized54 |          6 |          6 |       0 |    0 |     2 |      0 |      0 |    0 |          0 |
|       g[0].g_normal.alu_i                                                       |                                     microop_unit__47 |         32 |         32 |       0 |    0 |    32 |      0 |      0 |    0 |          0 |
|       g[1].g_normal.alu_i                                                       |                        microop_unit__parameterized18 |          0 |          0 |       0 |    0 |    32 |      0 |      0 |    0 |          0 |
|       g[2].g_normal.alu_i                                                       |                     microop_unit__parameterized9__51 |          0 |          0 |       0 |    0 |    64 |      0 |      0 |    0 |          0 |
|   g_has_mem.glen_mem[9].blk_i                                                   |                       uop_block_wrap__parameterized1 |        168 |        168 |       0 |    0 |   404 |      0 |      0 |    0 |          0 |
|     (g_has_mem.glen_mem[9].blk_i)                                               |                       uop_block_wrap__parameterized1 |          0 |          0 |       0 |    0 |    73 |      0 |      0 |    0 |          0 |
|     core                                                                        |                            uop_block__parameterized1 |        168 |        168 |       0 |    0 |   331 |      0 |      0 |    0 |          0 |
|       (core)                                                                    |                            uop_block__parameterized1 |          8 |          8 |       0 |    0 |     3 |      0 |      0 |    0 |          0 |
|       g[0].g_normal.alu_i                                                       |                     microop_unit__parameterized9__24 |          0 |          0 |       0 |    0 |    64 |      0 |      0 |    0 |          0 |
|       g[1].g_normal.alu_i                                                       |                     microop_unit__parameterized1__23 |          0 |          0 |       0 |    0 |    32 |      0 |      0 |    0 |          0 |
|       g[2].g_normal.alu_i                                                       |             microop_unit__parameterized10__xdcDup__2 |         64 |         64 |       0 |    0 |   128 |      0 |      0 |    0 |          0 |
|         (g[2].g_normal.alu_i)                                                   |             microop_unit__parameterized10__xdcDup__2 |          0 |          0 |       0 |    0 |    64 |      0 |      0 |    0 |          0 |
|         g_iadd.use_ip.u_addsub                                                  |                                integer_addsub_HD7554 |         64 |         64 |       0 |    0 |    64 |      0 |      0 |    0 |          0 |
|           (g_iadd.use_ip.u_addsub)                                              |                                integer_addsub_HD7554 |          0 |          0 |       0 |    0 |     0 |      0 |      0 |    0 |          0 |
|           U0                                                                    |               integer_addsubc_addsub_v12_0_14_HD7555 |         64 |         64 |       0 |    0 |    64 |      0 |      0 |    0 |          0 |
|             (U0)                                                                |               integer_addsubc_addsub_v12_0_14_HD7555 |          0 |          0 |       0 |    0 |     0 |      0 |      0 |    0 |          0 |
|             xst_addsub                                                          |           integer_addsubc_addsub_v12_0_14_viv_HD7556 |         64 |         64 |       0 |    0 |    64 |      0 |      0 |    0 |          0 |
|               (xst_addsub)                                                      |           integer_addsubc_addsub_v12_0_14_viv_HD7556 |          0 |          0 |       0 |    0 |     0 |      0 |      0 |    0 |          0 |
|               i_baseblox.i_baseblox_addsub                                      |        integer_addsubc_addsub_v12_0_14_legacy_HD7557 |         64 |         64 |       0 |    0 |    64 |      0 |      0 |    0 |          0 |
|                 no_pipelining.the_addsub                                        | integer_addsubc_addsub_v12_0_14_fabric_legacy_HD7558 |         64 |         64 |       0 |    0 |    64 |      0 |      0 |    0 |          0 |
|                   i_lut6.i_lut6_addsub                                          |   integer_addsubc_addsub_v12_0_14_lut6_legacy_HD7559 |         64 |         64 |       0 |    0 |    64 |      0 |      0 |    0 |          0 |
|                     (i_lut6.i_lut6_addsub)                                      |   integer_addsubc_addsub_v12_0_14_lut6_legacy_HD7559 |         64 |         64 |       0 |    0 |     0 |      0 |      0 |    0 |          0 |
|                     i_q.i_simple.qreg                                           |            integer_addsubc_reg_fd_v12_0_6_viv_HD7560 |          0 |          0 |       0 |    0 |    64 |      0 |      0 |    0 |          0 |
|       g[3].g_normal.alu_i                                                       |                     microop_unit__parameterized0__30 |          0 |          0 |       0 |    0 |     8 |      0 |      0 |    0 |          0 |
|       g[4].g_normal.alu_i                                                       |                     microop_unit__parameterized4__50 |         32 |         32 |       0 |    0 |    32 |      0 |      0 |    0 |          0 |
|       g[5].g_normal.alu_i                                                       |                     microop_unit__parameterized11__8 |         32 |         32 |       0 |    0 |    32 |      0 |      0 |    0 |          0 |
|       g[6].g_normal.alu_i                                                       |                     microop_unit__parameterized12__6 |         32 |         32 |       0 |    0 |    32 |      0 |      0 |    0 |          0 |
|   g_has_mem.u_pool                                                              |                                             spm_pool |       3426 |       3426 |       0 |    0 |  1710 |      8 |      0 |    0 |          0 |
|     (g_has_mem.u_pool)                                                          |                                             spm_pool |       3234 |       3234 |       0 |    0 |  1646 |      0 |      0 |    0 |          0 |
|     g_banks.gb[0].u_bank64                                                      |                                          spm_bank__1 |          5 |          5 |       0 |    0 |     2 |      1 |      0 |    0 |          0 |
|       (g_banks.gb[0].u_bank64)                                                  |                                          spm_bank__1 |          1 |          1 |       0 |    0 |     2 |      0 |      0 |    0 |          0 |
|       u_mem                                                                     |                                xpm_memory_sdpram_146 |          4 |          4 |       0 |    0 |     0 |      1 |      0 |    0 |          0 |
|         (u_mem)                                                                 |                                xpm_memory_sdpram_146 |          4 |          4 |       0 |    0 |     0 |      0 |      0 |    0 |          0 |
|         xpm_memory_base_inst                                                    |                                   xpm_memory_base__1 |          0 |          0 |       0 |    0 |     0 |      1 |      0 |    0 |          0 |
|     g_banks.gb[1].u_bank64                                                      |                                          spm_bank__2 |          5 |          5 |       0 |    0 |     2 |      1 |      0 |    0 |          0 |
|       (g_banks.gb[1].u_bank64)                                                  |                                          spm_bank__2 |          1 |          1 |       0 |    0 |     2 |      0 |      0 |    0 |          0 |
|       u_mem                                                                     |                                xpm_memory_sdpram_145 |          4 |          4 |       0 |    0 |     0 |      1 |      0 |    0 |          0 |
|         (u_mem)                                                                 |                                xpm_memory_sdpram_145 |          4 |          4 |       0 |    0 |     0 |      0 |      0 |    0 |          0 |
|         xpm_memory_base_inst                                                    |                                   xpm_memory_base__2 |          0 |          0 |       0 |    0 |     0 |      1 |      0 |    0 |          0 |
|     g_banks.gb[2].u_bank64                                                      |                                          spm_bank__3 |          5 |          5 |       0 |    0 |     2 |      1 |      0 |    0 |          0 |
|       (g_banks.gb[2].u_bank64)                                                  |                                          spm_bank__3 |          1 |          1 |       0 |    0 |     2 |      0 |      0 |    0 |          0 |
|       u_mem                                                                     |                                xpm_memory_sdpram_144 |          4 |          4 |       0 |    0 |     0 |      1 |      0 |    0 |          0 |
|         (u_mem)                                                                 |                                xpm_memory_sdpram_144 |          4 |          4 |       0 |    0 |     0 |      0 |      0 |    0 |          0 |
|         xpm_memory_base_inst                                                    |                                   xpm_memory_base__3 |          0 |          0 |       0 |    0 |     0 |      1 |      0 |    0 |          0 |
|     g_banks.gb[3].u_bank64                                                      |                                          spm_bank__4 |          5 |          5 |       0 |    0 |     2 |      1 |      0 |    0 |          0 |
|       (g_banks.gb[3].u_bank64)                                                  |                                          spm_bank__4 |          1 |          1 |       0 |    0 |     2 |      0 |      0 |    0 |          0 |
|       u_mem                                                                     |                                xpm_memory_sdpram_143 |          4 |          4 |       0 |    0 |     0 |      1 |      0 |    0 |          0 |
|         (u_mem)                                                                 |                                xpm_memory_sdpram_143 |          4 |          4 |       0 |    0 |     0 |      0 |      0 |    0 |          0 |
|         xpm_memory_base_inst                                                    |                                   xpm_memory_base__4 |          0 |          0 |       0 |    0 |     0 |      1 |      0 |    0 |          0 |
|     g_banks.gb[4].u_bank64                                                      |                                          spm_bank__5 |          5 |          5 |       0 |    0 |     2 |      1 |      0 |    0 |          0 |
|       (g_banks.gb[4].u_bank64)                                                  |                                          spm_bank__5 |          1 |          1 |       0 |    0 |     2 |      0 |      0 |    0 |          0 |
|       u_mem                                                                     |                                xpm_memory_sdpram_142 |          4 |          4 |       0 |    0 |     0 |      1 |      0 |    0 |          0 |
|         (u_mem)                                                                 |                                xpm_memory_sdpram_142 |          4 |          4 |       0 |    0 |     0 |      0 |      0 |    0 |          0 |
|         xpm_memory_base_inst                                                    |                                   xpm_memory_base__5 |          0 |          0 |       0 |    0 |     0 |      1 |      0 |    0 |          0 |
|     g_banks.gb[5].u_bank64                                                      |                                          spm_bank__6 |          5 |          5 |       0 |    0 |     2 |      1 |      0 |    0 |          0 |
|       (g_banks.gb[5].u_bank64)                                                  |                                          spm_bank__6 |          1 |          1 |       0 |    0 |     2 |      0 |      0 |    0 |          0 |
|       u_mem                                                                     |                                xpm_memory_sdpram_141 |          4 |          4 |       0 |    0 |     0 |      1 |      0 |    0 |          0 |
|         (u_mem)                                                                 |                                xpm_memory_sdpram_141 |          4 |          4 |       0 |    0 |     0 |      0 |      0 |    0 |          0 |
|         xpm_memory_base_inst                                                    |                                   xpm_memory_base__6 |          0 |          0 |       0 |    0 |     0 |      1 |      0 |    0 |          0 |
|     g_banks.gb[6].u_bank64                                                      |                                          spm_bank__7 |          5 |          5 |       0 |    0 |     2 |      1 |      0 |    0 |          0 |
|       (g_banks.gb[6].u_bank64)                                                  |                                          spm_bank__7 |          1 |          1 |       0 |    0 |     2 |      0 |      0 |    0 |          0 |
|       u_mem                                                                     |                                xpm_memory_sdpram_140 |          4 |          4 |       0 |    0 |     0 |      1 |      0 |    0 |          0 |
|         (u_mem)                                                                 |                                xpm_memory_sdpram_140 |          4 |          4 |       0 |    0 |     0 |      0 |      0 |    0 |          0 |
|         xpm_memory_base_inst                                                    |                                   xpm_memory_base__7 |          0 |          0 |       0 |    0 |     0 |      1 |      0 |    0 |          0 |
|     g_banks.gb[7].u_bank64                                                      |                                             spm_bank |          5 |          5 |       0 |    0 |     2 |      1 |      0 |    0 |          0 |
|       (g_banks.gb[7].u_bank64)                                                  |                                             spm_bank |          1 |          1 |       0 |    0 |     2 |      0 |      0 |    0 |          0 |
|       u_mem                                                                     |                                    xpm_memory_sdpram |          4 |          4 |       0 |    0 |     0 |      1 |      0 |    0 |          0 |
|         (u_mem)                                                                 |                                    xpm_memory_sdpram |          4 |          4 |       0 |    0 |     0 |      0 |      0 |    0 |          0 |
|         xpm_memory_base_inst                                                    |                                      xpm_memory_base |          0 |          0 |       0 |    0 |     0 |      1 |      0 |    0 |          0 |
|     u_rrA                                                                       |                                        rr_arbiter__1 |         76 |         76 |       0 |    0 |    24 |      0 |      0 |    0 |          0 |
|     u_rrB                                                                       |                                           rr_arbiter |         76 |         76 |       0 |    0 |    24 |      0 |      0 |    0 |          0 |
+---------------------------------------------------------------------------------+------------------------------------------------------+------------+------------+---------+------+-------+--------+--------+------+------------+


