bench,src,pc,latency
500.perlbench_r/1,1/super_hot_regions:0,0x5ebda5d65ea5,2
500.perlbench_r/1,1/super_hot_regions:0,0x5ebda5d65eaa,0

500.perlbench_r/1,1/super_hot_regions:104,0x5ebda5d668d8,3
500.perlbench_r/1,1/super_hot_regions:104,0x5ebda5d668df,0
500.perlbench_r/1,1/super_hot_regions:104,0x5ebda5d668e3,0

500.perlbench_r/1,1/super_hot_regions:105,0x5ebda5d696cc,2
500.perlbench_r/1,1/super_hot_regions:105,0x5ebda5d696d0,0

500.perlbench_r/1,1/super_hot_regions:108,0x5ebda5d68ff5,2
500.perlbench_r/1,1/super_hot_regions:108,0x5ebda5d69012,0

500.perlbench_r/1,1/super_hot_regions:11,0x5ebda5d75e7e,1
500.perlbench_r/1,1/super_hot_regions:11,0x5ebda5d75e80,0

500.perlbench_r/1,1/super_hot_regions:110,0x5ebda5d68fb0,1
500.perlbench_r/1,1/super_hot_regions:110,0x5ebda5d68fbb,0

500.perlbench_r/1,1/super_hot_regions:119,0x5ebda5d6670e,2
500.perlbench_r/1,1/super_hot_regions:119,0x5ebda5d66713,0
500.perlbench_r/1,1/super_hot_regions:119,0x5ebda5d66718,0
500.perlbench_r/1,1/super_hot_regions:119,0x5ebda5d6671a,0
500.perlbench_r/1,1/super_hot_regions:119,0x5ebda5d66721,0
500.perlbench_r/1,1/super_hot_regions:119,0x5ebda5d66724,0
500.perlbench_r/1,1/super_hot_regions:119,0x5ebda5d6673b,0

500.perlbench_r/1,1/super_hot_regions:12,0x5ebda5d75e83,2
500.perlbench_r/1,1/super_hot_regions:12,0x5ebda5d75e87,0

500.perlbench_r/1,1/super_hot_regions:122,0x5ebda5d73b58,2
500.perlbench_r/1,1/super_hot_regions:122,0x5ebda5d73b5c,0

500.perlbench_r/1,1/super_hot_regions:129,0x5ebda5d1867f,2
500.perlbench_r/1,1/super_hot_regions:129,0x5ebda5d1868d,0

500.perlbench_r/1,1/super_hot_regions:13,0x5ebda5d75e8a,1
500.perlbench_r/1,1/super_hot_regions:13,0x5ebda5d75e8c,0

500.perlbench_r/1,1/super_hot_regions:130,0x5ebda5d18678,5
500.perlbench_r/1,1/super_hot_regions:130,0x5ebda5d18694,0
500.perlbench_r/1,1/super_hot_regions:130,0x5ebda5d1869f,0
500.perlbench_r/1,1/super_hot_regions:130,0x5ebda5d186a3,0
500.perlbench_r/1,1/super_hot_regions:130,0x5ebda5d186a7,0

500.perlbench_r/1,1/super_hot_regions:131,0x5ebda5d186b2,2
500.perlbench_r/1,1/super_hot_regions:131,0x5ebda5d186b6,0

500.perlbench_r/1,1/super_hot_regions:134,0x5ebda5d186dd,2
500.perlbench_r/1,1/super_hot_regions:134,0x5ebda5d186e4,0

500.perlbench_r/1,1/super_hot_regions:15,0x5ebda5d75ed5,2
500.perlbench_r/1,1/super_hot_regions:15,0x5ebda5d75ed9,0

500.perlbench_r/1,1/super_hot_regions:17,0x5ebda5d75ebf,1
500.perlbench_r/1,1/super_hot_regions:17,0x5ebda5d75ec1,0

500.perlbench_r/1,1/super_hot_regions:2,0x5ebda5d65e54,2
500.perlbench_r/1,1/super_hot_regions:2,0x5ebda5d65e5d,0

500.perlbench_r/1,1/super_hot_regions:27,0x5ebda5d752a2,1
500.perlbench_r/1,1/super_hot_regions:27,0x5ebda5d752ac,0

500.perlbench_r/1,1/super_hot_regions:28,0x5ebda5d752b0,2
500.perlbench_r/1,1/super_hot_regions:28,0x5ebda5d752b3,0

500.perlbench_r/1,1/super_hot_regions:29,0x5ebda5d75294,2
500.perlbench_r/1,1/super_hot_regions:29,0x5ebda5d752b9,0

500.perlbench_r/1,1/super_hot_regions:3,0x5ebda5d65e59,2
500.perlbench_r/1,1/super_hot_regions:3,0x5ebda5d65e5f,0
500.perlbench_r/1,1/super_hot_regions:3,0x5ebda5d65e62,0

500.perlbench_r/1,1/super_hot_regions:33,0x5ebda5d7614e,1
500.perlbench_r/1,1/super_hot_regions:33,0x5ebda5d76150,0

500.perlbench_r/1,1/super_hot_regions:35,0x5ebda5dc7520,2
500.perlbench_r/1,1/super_hot_regions:35,0x5ebda5dc7527,0

500.perlbench_r/1,1/super_hot_regions:39,0x5ebda5d65cbb,2
500.perlbench_r/1,1/super_hot_regions:39,0x5ebda5d65cc6,0

500.perlbench_r/1,1/super_hot_regions:40,0x5ebda5d65ccd,3
500.perlbench_r/1,1/super_hot_regions:40,0x5ebda5d65cd6,0
500.perlbench_r/1,1/super_hot_regions:40,0x5ebda5d65cd9,0

500.perlbench_r/1,1/super_hot_regions:42,0x5ebda5d65cf0,1
500.perlbench_r/1,1/super_hot_regions:42,0x5ebda5d65cf3,0

500.perlbench_r/1,1/super_hot_regions:43,0x5ebda5d65d1f,2
500.perlbench_r/1,1/super_hot_regions:43,0x5ebda5d65d22,0
500.perlbench_r/1,1/super_hot_regions:43,0x5ebda5d65d27,0
500.perlbench_r/1,1/super_hot_regions:43,0x5ebda5d65d29,0
500.perlbench_r/1,1/super_hot_regions:43,0x5ebda5d65d2c,0

500.perlbench_r/1,1/super_hot_regions:44,0x5ebda5d65cfa,7
500.perlbench_r/1,1/super_hot_regions:44,0x5ebda5d65d05,0
500.perlbench_r/1,1/super_hot_regions:44,0x5ebda5d65d09,0
500.perlbench_r/1,1/super_hot_regions:44,0x5ebda5d65d0e,0
500.perlbench_r/1,1/super_hot_regions:44,0x5ebda5d65d12,0
500.perlbench_r/1,1/super_hot_regions:44,0x5ebda5d65d17,0
500.perlbench_r/1,1/super_hot_regions:44,0x5ebda5d65d1c,0
500.perlbench_r/1,1/super_hot_regions:44,0x5ebda5d65d33,0
500.perlbench_r/1,1/super_hot_regions:44,0x5ebda5d65d36,0
500.perlbench_r/1,1/super_hot_regions:44,0x5ebda5d65d39,0
500.perlbench_r/1,1/super_hot_regions:44,0x5ebda5d65d3c,0
500.perlbench_r/1,1/super_hot_regions:44,0x5ebda5d65d43,0
500.perlbench_r/1,1/super_hot_regions:44,0x5ebda5d65d46,0

500.perlbench_r/1,1/super_hot_regions:46,0x5ebda5d65d71,2
500.perlbench_r/1,1/super_hot_regions:46,0x5ebda5d65d81,0
500.perlbench_r/1,1/super_hot_regions:46,0x5ebda5d65d84,0

500.perlbench_r/1,1/super_hot_regions:47,0x5ebda5d65e38,1
500.perlbench_r/1,1/super_hot_regions:47,0x5ebda5d65e4c,0

500.perlbench_r/1,1/super_hot_regions:5,0x5ebda5d6ebc5,2
500.perlbench_r/1,1/super_hot_regions:5,0x5ebda5d6ebc9,0
500.perlbench_r/1,1/super_hot_regions:5,0x5ebda5d6ebce,0
500.perlbench_r/1,1/super_hot_regions:5,0x5ebda5d6ebd3,0

500.perlbench_r/1,1/super_hot_regions:56,0x5ebda5d6611d,3
500.perlbench_r/1,1/super_hot_regions:56,0x5ebda5d66124,0
500.perlbench_r/1,1/super_hot_regions:56,0x5ebda5d66128,0
500.perlbench_r/1,1/super_hot_regions:56,0x5ebda5d6612d,0
500.perlbench_r/1,1/super_hot_regions:56,0x5ebda5d66132,0
500.perlbench_r/1,1/super_hot_regions:56,0x5ebda5d66138,0
500.perlbench_r/1,1/super_hot_regions:56,0x5ebda5d6613b,0

500.perlbench_r/1,1/super_hot_regions:58,0x5ebda5d660f7,2
500.perlbench_r/1,1/super_hot_regions:58,0x5ebda5d66105,0

500.perlbench_r/1,1/super_hot_regions:59,0x5ebda5d660fb,3
500.perlbench_r/1,1/super_hot_regions:59,0x5ebda5d66102,0
500.perlbench_r/1,1/super_hot_regions:59,0x5ebda5d66107,0
500.perlbench_r/1,1/super_hot_regions:59,0x5ebda5d6610c,0
500.perlbench_r/1,1/super_hot_regions:59,0x5ebda5d66111,0

500.perlbench_r/1,1/super_hot_regions:74,0x5ebda5d69f00,1
500.perlbench_r/1,1/super_hot_regions:74,0x5ebda5d69f03,0

500.perlbench_r/1,1/super_hot_regions:75,0x5ebda5d69ef9,2
500.perlbench_r/1,1/super_hot_regions:75,0x5ebda5d69f07,0

500.perlbench_r/1,1/super_hot_regions:78,0x5ebda5d66416,2
500.perlbench_r/1,1/super_hot_regions:78,0x5ebda5d6641e,0

500.perlbench_r/1,1/super_hot_regions:80,0x5ebda5d65f34,2
500.perlbench_r/1,1/super_hot_regions:80,0x5ebda5d65f36,0

500.perlbench_r/1,1/super_hot_regions:81,0x5ebda5d66669,4
500.perlbench_r/1,1/super_hot_regions:81,0x5ebda5d66675,0
500.perlbench_r/1,1/super_hot_regions:81,0x5ebda5d6667c,0
500.perlbench_r/1,1/super_hot_regions:81,0x5ebda5d66685,0
500.perlbench_r/1,1/super_hot_regions:81,0x5ebda5d6668c,0

500.perlbench_r/1,1/super_hot_regions:82,0x5ebda5d6668f,2
500.perlbench_r/1,1/super_hot_regions:82,0x5ebda5d6669b,0

500.perlbench_r/1,1/super_hot_regions:84,0x5ebda5d66d0d,2
500.perlbench_r/1,1/super_hot_regions:84,0x5ebda5d66d10,0

500.perlbench_r/1,1/super_hot_regions:86,0x5ebda5d66d20,2
500.perlbench_r/1,1/super_hot_regions:86,0x5ebda5d66d2d,0

500.perlbench_r/1,1/super_hot_regions:88,0x5ebda5d66cb5,1
500.perlbench_r/1,1/super_hot_regions:88,0x5ebda5d66cba,0
500.perlbench_r/1,1/super_hot_regions:88,0x5ebda5d66cc2,0

500.perlbench_r/1,1/super_hot_regions:96,0x5ebda5dbc9a8,2
500.perlbench_r/1,1/super_hot_regions:96,0x5ebda5dbc9b3,0

500.perlbench_r/1,1/super_hot_regions:98,0x5ebda5d66844,2
500.perlbench_r/1,1/super_hot_regions:98,0x5ebda5d66848,0
500.perlbench_r/1,1/super_hot_regions:98,0x5ebda5d6684c,0
500.perlbench_r/1,1/super_hot_regions:98,0x5ebda5d6685b,0

500.perlbench_r/2,2/super_hot_regions:1,0x62585e555ea5,2
500.perlbench_r/2,2/super_hot_regions:1,0x62585e555eaa,0

500.perlbench_r/2,2/super_hot_regions:10,0x62585e555e59,2
500.perlbench_r/2,2/super_hot_regions:10,0x62585e555e5f,0
500.perlbench_r/2,2/super_hot_regions:10,0x62585e555e62,0

500.perlbench_r/2,2/super_hot_regions:110,0x62585e57163c,3
500.perlbench_r/2,2/super_hot_regions:110,0x62585e571643,0
500.perlbench_r/2,2/super_hot_regions:110,0x62585e571647,0

500.perlbench_r/2,2/super_hot_regions:111,0x62585e57175e,3
500.perlbench_r/2,2/super_hot_regions:111,0x62585e571768,0
500.perlbench_r/2,2/super_hot_regions:111,0x62585e57176c,0

500.perlbench_r/2,2/super_hot_regions:113,0x62585e571748,2
500.perlbench_r/2,2/super_hot_regions:113,0x62585e57174d,0
500.perlbench_r/2,2/super_hot_regions:113,0x62585e57174f,0

500.perlbench_r/2,2/super_hot_regions:115,0x62585e510657,2
500.perlbench_r/2,2/super_hot_regions:115,0x62585e51065b,0

500.perlbench_r/2,2/super_hot_regions:117,0x62585e51092e,1
500.perlbench_r/2,2/super_hot_regions:117,0x62585e510932,0

500.perlbench_r/2,2/super_hot_regions:118,0x62585e510939,2
500.perlbench_r/2,2/super_hot_regions:118,0x62585e510940,0

500.perlbench_r/2,2/super_hot_regions:124,0x62585e571a70,2
500.perlbench_r/2,2/super_hot_regions:124,0x62585e571a74,0
500.perlbench_r/2,2/super_hot_regions:124,0x62585e571a78,0
500.perlbench_r/2,2/super_hot_regions:124,0x62585e571a7b,0

500.perlbench_r/2,2/super_hot_regions:126,0x62585e571834,1
500.perlbench_r/2,2/super_hot_regions:126,0x62585e571837,0
500.perlbench_r/2,2/super_hot_regions:126,0x62585e57183a,0

500.perlbench_r/2,2/super_hot_regions:13,0x62585e5d18d0,5
500.perlbench_r/2,2/super_hot_regions:13,0x62585e5d18d6,0
500.perlbench_r/2,2/super_hot_regions:13,0x62585e5d18dc,0
500.perlbench_r/2,2/super_hot_regions:13,0x62585e5d18e2,0
500.perlbench_r/2,2/super_hot_regions:13,0x62585e5d18e8,0
500.perlbench_r/2,2/super_hot_regions:13,0x62585e5d18ee,0
500.perlbench_r/2,2/super_hot_regions:13,0x62585e5d18f1,0
500.perlbench_r/2,2/super_hot_regions:13,0x62585e5d18f7,0
500.perlbench_r/2,2/super_hot_regions:13,0x62585e5d18fa,0
500.perlbench_r/2,2/super_hot_regions:13,0x62585e5d1904,0
500.perlbench_r/2,2/super_hot_regions:13,0x62585e5d1908,0
500.perlbench_r/2,2/super_hot_regions:13,0x62585e5d190b,0
500.perlbench_r/2,2/super_hot_regions:13,0x62585e5d190e,0
500.perlbench_r/2,2/super_hot_regions:13,0x62585e5d1911,0
500.perlbench_r/2,2/super_hot_regions:13,0x62585e5d1914,0
500.perlbench_r/2,2/super_hot_regions:13,0x62585e5d1917,0
500.perlbench_r/2,2/super_hot_regions:13,0x62585e5d192f,0
500.perlbench_r/2,2/super_hot_regions:13,0x62585e5d194c,0
500.perlbench_r/2,2/super_hot_regions:13,0x62585e5d194f,0

500.perlbench_r/2,2/super_hot_regions:131,0x62585e5717fe,2
500.perlbench_r/2,2/super_hot_regions:131,0x62585e571804,0

500.perlbench_r/2,2/super_hot_regions:136,0x62585e571891,2
500.perlbench_r/2,2/super_hot_regions:136,0x62585e571895,0

500.perlbench_r/2,2/super_hot_regions:138,0x62585e565ebf,1
500.perlbench_r/2,2/super_hot_regions:138,0x62585e565ec1,0

500.perlbench_r/2,2/super_hot_regions:14,0x62585e5d18d3,3
500.perlbench_r/2,2/super_hot_regions:14,0x62585e5d18d9,0
500.perlbench_r/2,2/super_hot_regions:14,0x62585e5d18df,0
500.perlbench_r/2,2/super_hot_regions:14,0x62585e5d18fe,0
500.perlbench_r/2,2/super_hot_regions:14,0x62585e5d191a,0
500.perlbench_r/2,2/super_hot_regions:14,0x62585e5d1920,0
500.perlbench_r/2,2/super_hot_regions:14,0x62585e5d1923,0
500.perlbench_r/2,2/super_hot_regions:14,0x62585e5d1929,0
500.perlbench_r/2,2/super_hot_regions:14,0x62585e5d192c,0
500.perlbench_r/2,2/super_hot_regions:14,0x62585e5d1932,0
500.perlbench_r/2,2/super_hot_regions:14,0x62585e5d1935,0
500.perlbench_r/2,2/super_hot_regions:14,0x62585e5d1938,0
500.perlbench_r/2,2/super_hot_regions:14,0x62585e5d193b,0
500.perlbench_r/2,2/super_hot_regions:14,0x62585e5d193e,0
500.perlbench_r/2,2/super_hot_regions:14,0x62585e5d1941,0
500.perlbench_r/2,2/super_hot_regions:14,0x62585e5d1952,0

500.perlbench_r/2,2/super_hot_regions:16,0x62585e50867f,2
500.perlbench_r/2,2/super_hot_regions:16,0x62585e50868d,0

500.perlbench_r/2,2/super_hot_regions:17,0x62585e508678,5
500.perlbench_r/2,2/super_hot_regions:17,0x62585e508694,0
500.perlbench_r/2,2/super_hot_regions:17,0x62585e50869f,0
500.perlbench_r/2,2/super_hot_regions:17,0x62585e5086a3,0
500.perlbench_r/2,2/super_hot_regions:17,0x62585e5086a7,0

500.perlbench_r/2,2/super_hot_regions:18,0x62585e5086b2,2
500.perlbench_r/2,2/super_hot_regions:18,0x62585e5086b6,0

500.perlbench_r/2,2/super_hot_regions:21,0x62585e5086dd,2
500.perlbench_r/2,2/super_hot_regions:21,0x62585e5086e4,0

500.perlbench_r/2,2/super_hot_regions:35,0x62585e556416,2
500.perlbench_r/2,2/super_hot_regions:35,0x62585e55641e,0

500.perlbench_r/2,2/super_hot_regions:37,0x62585e555f34,2
500.perlbench_r/2,2/super_hot_regions:37,0x62585e555f36,0

500.perlbench_r/2,2/super_hot_regions:44,0x62585e56ffbc,2
500.perlbench_r/2,2/super_hot_regions:44,0x62585e56ffc3,0

500.perlbench_r/2,2/super_hot_regions:46,0x62585e56ffd3,3
500.perlbench_r/2,2/super_hot_regions:46,0x62585e56ffdc,0
500.perlbench_r/2,2/super_hot_regions:46,0x62585e56ffe0,0

500.perlbench_r/2,2/super_hot_regions:5,0x62585e510122,3
500.perlbench_r/2,2/super_hot_regions:5,0x62585e510126,0
500.perlbench_r/2,2/super_hot_regions:5,0x62585e510129,0

500.perlbench_r/2,2/super_hot_regions:52,0x62585e508635,1
500.perlbench_r/2,2/super_hot_regions:52,0x62585e508640,0

500.perlbench_r/2,2/super_hot_regions:53,0x62585e50862e,3
500.perlbench_r/2,2/super_hot_regions:53,0x62585e508639,0
500.perlbench_r/2,2/super_hot_regions:53,0x62585e50863d,0
500.perlbench_r/2,2/super_hot_regions:53,0x62585e508647,0

500.perlbench_r/2,2/super_hot_regions:56,0x62585e556669,4
500.perlbench_r/2,2/super_hot_regions:56,0x62585e556675,0
500.perlbench_r/2,2/super_hot_regions:56,0x62585e55667c,0
500.perlbench_r/2,2/super_hot_regions:56,0x62585e556685,0
500.perlbench_r/2,2/super_hot_regions:56,0x62585e55668c,0

500.perlbench_r/2,2/super_hot_regions:57,0x62585e55668f,2
500.perlbench_r/2,2/super_hot_regions:57,0x62585e55669b,0

500.perlbench_r/2,2/super_hot_regions:6,0x62585e51012d,2
500.perlbench_r/2,2/super_hot_regions:6,0x62585e510131,0

500.perlbench_r/2,2/super_hot_regions:60,0x62585e568c08,1
500.perlbench_r/2,2/super_hot_regions:60,0x62585e568c0f,0

500.perlbench_r/2,2/super_hot_regions:63,0x62585e568d96,3
500.perlbench_r/2,2/super_hot_regions:63,0x62585e568d9d,0
500.perlbench_r/2,2/super_hot_regions:63,0x62585e568da1,0

500.perlbench_r/2,2/super_hot_regions:64,0x62585e568c2e,2
500.perlbench_r/2,2/super_hot_regions:64,0x62585e568c35,0

500.perlbench_r/2,2/super_hot_regions:65,0x62585e568c32,2
500.perlbench_r/2,2/super_hot_regions:65,0x62585e568c38,0

500.perlbench_r/2,2/super_hot_regions:69,0x62585e568e20,1
500.perlbench_r/2,2/super_hot_regions:69,0x62585e568e28,0

500.perlbench_r/2,2/super_hot_regions:80,0x62585e567d62,2
500.perlbench_r/2,2/super_hot_regions:80,0x62585e567d69,0

500.perlbench_r/2,2/super_hot_regions:81,0x62585e556cb5,1
500.perlbench_r/2,2/super_hot_regions:81,0x62585e556cba,0
500.perlbench_r/2,2/super_hot_regions:81,0x62585e556cc2,0

500.perlbench_r/2,2/super_hot_regions:84,0x62585e556d0d,2
500.perlbench_r/2,2/super_hot_regions:84,0x62585e556d10,0

500.perlbench_r/2,2/super_hot_regions:86,0x62585e556d20,2
500.perlbench_r/2,2/super_hot_regions:86,0x62585e556d2d,0

500.perlbench_r/2,2/super_hot_regions:88,0x62585e565ed5,2
500.perlbench_r/2,2/super_hot_regions:88,0x62585e565ed9,0

500.perlbench_r/2,2/super_hot_regions:89,0x62585e565e7e,1
500.perlbench_r/2,2/super_hot_regions:89,0x62585e565e80,0

500.perlbench_r/2,2/super_hot_regions:9,0x62585e555e54,2
500.perlbench_r/2,2/super_hot_regions:9,0x62585e555e5d,0

500.perlbench_r/2,2/super_hot_regions:90,0x62585e565e83,2
500.perlbench_r/2,2/super_hot_regions:90,0x62585e565e87,0

500.perlbench_r/2,2/super_hot_regions:91,0x62585e565e8a,1
500.perlbench_r/2,2/super_hot_regions:91,0x62585e565e8c,0

500.perlbench_r/2,2/super_hot_regions:95,0x62585e570181,1
500.perlbench_r/2,2/super_hot_regions:95,0x62585e570186,0

500.perlbench_r/3,3/super_hot_regions:1,0x621bfaa0cea5,2
500.perlbench_r/3,3/super_hot_regions:1,0x621bfaa0ceaa,0

500.perlbench_r/3,3/super_hot_regions:10,0x621bfaa1ced5,2
500.perlbench_r/3,3/super_hot_regions:10,0x621bfaa1ced9,0

500.perlbench_r/3,3/super_hot_regions:100,0x621bfaa0cd1f,2
500.perlbench_r/3,3/super_hot_regions:100,0x621bfaa0cd22,0
500.perlbench_r/3,3/super_hot_regions:100,0x621bfaa0cd27,0
500.perlbench_r/3,3/super_hot_regions:100,0x621bfaa0cd29,0
500.perlbench_r/3,3/super_hot_regions:100,0x621bfaa0cd2c,0

500.perlbench_r/3,3/super_hot_regions:101,0x621bfaa0ccfa,7
500.perlbench_r/3,3/super_hot_regions:101,0x621bfaa0cd05,0
500.perlbench_r/3,3/super_hot_regions:101,0x621bfaa0cd09,0
500.perlbench_r/3,3/super_hot_regions:101,0x621bfaa0cd0e,0
500.perlbench_r/3,3/super_hot_regions:101,0x621bfaa0cd12,0
500.perlbench_r/3,3/super_hot_regions:101,0x621bfaa0cd17,0
500.perlbench_r/3,3/super_hot_regions:101,0x621bfaa0cd1c,0
500.perlbench_r/3,3/super_hot_regions:101,0x621bfaa0cd33,0
500.perlbench_r/3,3/super_hot_regions:101,0x621bfaa0cd36,0
500.perlbench_r/3,3/super_hot_regions:101,0x621bfaa0cd39,0
500.perlbench_r/3,3/super_hot_regions:101,0x621bfaa0cd3c,0
500.perlbench_r/3,3/super_hot_regions:101,0x621bfaa0cd43,0
500.perlbench_r/3,3/super_hot_regions:101,0x621bfaa0cd46,0

500.perlbench_r/3,3/super_hot_regions:103,0x621bfaa0cd71,2
500.perlbench_r/3,3/super_hot_regions:103,0x621bfaa0cd81,0
500.perlbench_r/3,3/super_hot_regions:103,0x621bfaa0cd84,0

500.perlbench_r/3,3/super_hot_regions:104,0x621bfaa0ce38,1
500.perlbench_r/3,3/super_hot_regions:104,0x621bfaa0ce4c,0

500.perlbench_r/3,3/super_hot_regions:107,0x621bfaa6e520,2
500.perlbench_r/3,3/super_hot_regions:107,0x621bfaa6e527,0

500.perlbench_r/3,3/super_hot_regions:109,0x621bfa94a1c0,2
500.perlbench_r/3,3/super_hot_regions:109,0x621bfa94a1c4,0
500.perlbench_r/3,3/super_hot_regions:109,0x621bfa94a1c8,0
500.perlbench_r/3,3/super_hot_regions:109,0x621bfa94a1ca,0

500.perlbench_r/3,3/super_hot_regions:112,0x621bfa94a056,2
500.perlbench_r/3,3/super_hot_regions:112,0x621bfa94a05d,0

500.perlbench_r/3,3/super_hot_regions:113,0x621bfa9c7bfc,2
500.perlbench_r/3,3/super_hot_regions:113,0x621bfa9c7c07,0

500.perlbench_r/3,3/super_hot_regions:12,0x621bfaa1cebf,1
500.perlbench_r/3,3/super_hot_regions:12,0x621bfaa1cec1,0

500.perlbench_r/3,3/super_hot_regions:19,0x621bfa9c7657,2
500.perlbench_r/3,3/super_hot_regions:19,0x621bfa9c765b,0

500.perlbench_r/3,3/super_hot_regions:3,0x621bfaa0ce54,2
500.perlbench_r/3,3/super_hot_regions:3,0x621bfaa0ce5d,0

500.perlbench_r/3,3/super_hot_regions:32,0x621bfaa1c2a2,1
500.perlbench_r/3,3/super_hot_regions:32,0x621bfaa1c2ac,0

500.perlbench_r/3,3/super_hot_regions:33,0x621bfaa1c2b0,2
500.perlbench_r/3,3/super_hot_regions:33,0x621bfaa1c2b3,0

500.perlbench_r/3,3/super_hot_regions:34,0x621bfaa1c294,2
500.perlbench_r/3,3/super_hot_regions:34,0x621bfaa1c2b9,0

500.perlbench_r/3,3/super_hot_regions:36,0x621bfaa888d0,5
500.perlbench_r/3,3/super_hot_regions:36,0x621bfaa888d6,0
500.perlbench_r/3,3/super_hot_regions:36,0x621bfaa888dc,0
500.perlbench_r/3,3/super_hot_regions:36,0x621bfaa888e2,0
500.perlbench_r/3,3/super_hot_regions:36,0x621bfaa888e8,0
500.perlbench_r/3,3/super_hot_regions:36,0x621bfaa888ee,0
500.perlbench_r/3,3/super_hot_regions:36,0x621bfaa888f1,0
500.perlbench_r/3,3/super_hot_regions:36,0x621bfaa888f7,0
500.perlbench_r/3,3/super_hot_regions:36,0x621bfaa888fa,0
500.perlbench_r/3,3/super_hot_regions:36,0x621bfaa88904,0
500.perlbench_r/3,3/super_hot_regions:36,0x621bfaa88908,0
500.perlbench_r/3,3/super_hot_regions:36,0x621bfaa8890b,0
500.perlbench_r/3,3/super_hot_regions:36,0x621bfaa8890e,0
500.perlbench_r/3,3/super_hot_regions:36,0x621bfaa88911,0
500.perlbench_r/3,3/super_hot_regions:36,0x621bfaa88914,0
500.perlbench_r/3,3/super_hot_regions:36,0x621bfaa88917,0
500.perlbench_r/3,3/super_hot_regions:36,0x621bfaa8892f,0
500.perlbench_r/3,3/super_hot_regions:36,0x621bfaa8894c,0
500.perlbench_r/3,3/super_hot_regions:36,0x621bfaa8894f,0

500.perlbench_r/3,3/super_hot_regions:37,0x621bfaa888d3,3
500.perlbench_r/3,3/super_hot_regions:37,0x621bfaa888d9,0
500.perlbench_r/3,3/super_hot_regions:37,0x621bfaa888df,0
500.perlbench_r/3,3/super_hot_regions:37,0x621bfaa888fe,0
500.perlbench_r/3,3/super_hot_regions:37,0x621bfaa8891a,0
500.perlbench_r/3,3/super_hot_regions:37,0x621bfaa88920,0
500.perlbench_r/3,3/super_hot_regions:37,0x621bfaa88923,0
500.perlbench_r/3,3/super_hot_regions:37,0x621bfaa88929,0
500.perlbench_r/3,3/super_hot_regions:37,0x621bfaa8892c,0
500.perlbench_r/3,3/super_hot_regions:37,0x621bfaa88932,0
500.perlbench_r/3,3/super_hot_regions:37,0x621bfaa88935,0
500.perlbench_r/3,3/super_hot_regions:37,0x621bfaa88938,0
500.perlbench_r/3,3/super_hot_regions:37,0x621bfaa8893b,0
500.perlbench_r/3,3/super_hot_regions:37,0x621bfaa8893e,0
500.perlbench_r/3,3/super_hot_regions:37,0x621bfaa88941,0
500.perlbench_r/3,3/super_hot_regions:37,0x621bfaa88952,0

500.perlbench_r/3,3/super_hot_regions:4,0x621bfaa0ce59,2
500.perlbench_r/3,3/super_hot_regions:4,0x621bfaa0ce5f,0
500.perlbench_r/3,3/super_hot_regions:4,0x621bfaa0ce62,0

500.perlbench_r/3,3/super_hot_regions:41,0x621bfaa1d14e,1
500.perlbench_r/3,3/super_hot_regions:41,0x621bfaa1d150,0

500.perlbench_r/3,3/super_hot_regions:44,0x621bfa9c7122,3
500.perlbench_r/3,3/super_hot_regions:44,0x621bfa9c7126,0
500.perlbench_r/3,3/super_hot_regions:44,0x621bfa9c7129,0

500.perlbench_r/3,3/super_hot_regions:45,0x621bfa9c712d,2
500.perlbench_r/3,3/super_hot_regions:45,0x621bfa9c7131,0

500.perlbench_r/3,3/super_hot_regions:48,0x621bfa9bf6dd,2
500.perlbench_r/3,3/super_hot_regions:48,0x621bfa9bf6e4,0

500.perlbench_r/3,3/super_hot_regions:49,0x621bfa9bf67f,2
500.perlbench_r/3,3/super_hot_regions:49,0x621bfa9bf68d,0

500.perlbench_r/3,3/super_hot_regions:50,0x621bfa9bf678,5
500.perlbench_r/3,3/super_hot_regions:50,0x621bfa9bf694,0
500.perlbench_r/3,3/super_hot_regions:50,0x621bfa9bf69f,0
500.perlbench_r/3,3/super_hot_regions:50,0x621bfa9bf6a3,0
500.perlbench_r/3,3/super_hot_regions:50,0x621bfa9bf6a7,0

500.perlbench_r/3,3/super_hot_regions:51,0x621bfa9bf6b2,2
500.perlbench_r/3,3/super_hot_regions:51,0x621bfa9bf6b6,0

500.perlbench_r/3,3/super_hot_regions:6,0x621bfaa1ce7e,1
500.perlbench_r/3,3/super_hot_regions:6,0x621bfaa1ce80,0

500.perlbench_r/3,3/super_hot_regions:61,0x621bfa949a37,2
500.perlbench_r/3,3/super_hot_regions:61,0x621bfa949a3a,0
500.perlbench_r/3,3/super_hot_regions:61,0x621bfa949a3c,0
500.perlbench_r/3,3/super_hot_regions:61,0x621bfa949a3f,0

500.perlbench_r/3,3/super_hot_regions:63,0x621bfa949b00,2
500.perlbench_r/3,3/super_hot_regions:63,0x621bfa949b07,0
500.perlbench_r/3,3/super_hot_regions:63,0x621bfa949b0a,0

500.perlbench_r/3,3/super_hot_regions:7,0x621bfaa1ce83,2
500.perlbench_r/3,3/super_hot_regions:7,0x621bfaa1ce87,0

500.perlbench_r/3,3/super_hot_regions:70,0x621bfa9c792e,1
500.perlbench_r/3,3/super_hot_regions:70,0x621bfa9c7932,0

500.perlbench_r/3,3/super_hot_regions:71,0x621bfa9c7939,2
500.perlbench_r/3,3/super_hot_regions:71,0x621bfa9c7940,0

500.perlbench_r/3,3/super_hot_regions:75,0x621bfa949a23,2
500.perlbench_r/3,3/super_hot_regions:75,0x621bfa949a2a,0

500.perlbench_r/3,3/super_hot_regions:77,0x621bfa9499e7,3
500.perlbench_r/3,3/super_hot_regions:77,0x621bfa9499ef,0
500.perlbench_r/3,3/super_hot_regions:77,0x621bfa9499f3,0

500.perlbench_r/3,3/super_hot_regions:78,0x621bfa9499f8,1
500.perlbench_r/3,3/super_hot_regions:78,0x621bfa9499fa,0
500.perlbench_r/3,3/super_hot_regions:78,0x621bfa949a00,0

500.perlbench_r/3,3/super_hot_regions:8,0x621bfaa1ce8a,1
500.perlbench_r/3,3/super_hot_regions:8,0x621bfaa1ce8c,0

500.perlbench_r/3,3/super_hot_regions:85,0x621bfa94a098,1
500.perlbench_r/3,3/super_hot_regions:85,0x621bfa94a09b,0
500.perlbench_r/3,3/super_hot_regions:85,0x621bfa94a09d,0

500.perlbench_r/3,3/super_hot_regions:86,0x621bfa94a09f,1
500.perlbench_r/3,3/super_hot_regions:86,0x621bfa94a0a2,0
500.perlbench_r/3,3/super_hot_regions:86,0x621bfa94a0a4,0

500.perlbench_r/3,3/super_hot_regions:89,0x621bfa94a030,1
500.perlbench_r/3,3/super_hot_regions:89,0x621bfa94a033,0

500.perlbench_r/3,3/super_hot_regions:90,0x621bfa94a022,4
500.perlbench_r/3,3/super_hot_regions:90,0x621bfa94a029,0
500.perlbench_r/3,3/super_hot_regions:90,0x621bfa94a037,0
500.perlbench_r/3,3/super_hot_regions:90,0x621bfa94a03e,0
500.perlbench_r/3,3/super_hot_regions:90,0x621bfa94a042,0

500.perlbench_r/3,3/super_hot_regions:97,0x621bfaa0ccbb,2
500.perlbench_r/3,3/super_hot_regions:97,0x621bfaa0ccc6,0

500.perlbench_r/3,3/super_hot_regions:98,0x621bfaa0cccd,3
500.perlbench_r/3,3/super_hot_regions:98,0x621bfaa0ccd6,0
500.perlbench_r/3,3/super_hot_regions:98,0x621bfaa0ccd9,0

500.perlbench_r/3,3/super_hot_regions:99,0x621bfaa0ccf0,1
500.perlbench_r/3,3/super_hot_regions:99,0x621bfaa0ccf3,0

502.gcc_r/1,1/super_hot_regions:107,0x5a2e8f91de17,4
502.gcc_r/1,1/super_hot_regions:107,0x5a2e8f91de1b,0
502.gcc_r/1,1/super_hot_regions:107,0x5a2e8f91de22,0
502.gcc_r/1,1/super_hot_regions:107,0x5a2e8f91de26,0

502.gcc_r/1,1/super_hot_regions:109,0x5a2e8f91dddb,2
502.gcc_r/1,1/super_hot_regions:109,0x5a2e8f91dde1,0
502.gcc_r/1,1/super_hot_regions:109,0x5a2e8f91dde4,0

502.gcc_r/1,1/super_hot_regions:117,0x5a2e8f9ce412,2
502.gcc_r/1,1/super_hot_regions:117,0x5a2e8f9ce416,0

502.gcc_r/1,1/super_hot_regions:118,0x5a2e8fa12453,2
502.gcc_r/1,1/super_hot_regions:118,0x5a2e8fa1245b,0

502.gcc_r/1,1/super_hot_regions:12,0x5a2e8f497966,1
502.gcc_r/1,1/super_hot_regions:12,0x5a2e8f497968,0
502.gcc_r/1,1/super_hot_regions:12,0x5a2e8f49796d,0
502.gcc_r/1,1/super_hot_regions:12,0x5a2e8f497970,0

502.gcc_r/1,1/super_hot_regions:127,0x5a2e8f497842,1
502.gcc_r/1,1/super_hot_regions:127,0x5a2e8f497847,0

502.gcc_r/1,1/super_hot_regions:13,0x5a2e8f497985,1
502.gcc_r/1,1/super_hot_regions:13,0x5a2e8f497987,0

502.gcc_r/1,1/super_hot_regions:15,0x5a2e8f497cd7,2
502.gcc_r/1,1/super_hot_regions:15,0x5a2e8f497cdc,0

502.gcc_r/1,1/super_hot_regions:16,0x5a2e8f497ccf,1
502.gcc_r/1,1/super_hot_regions:16,0x5a2e8f497cd1,0
502.gcc_r/1,1/super_hot_regions:16,0x5a2e8f497cd4,0
502.gcc_r/1,1/super_hot_regions:16,0x5a2e8f497ce1,0

502.gcc_r/1,1/super_hot_regions:19,0x5a2e8f4977c8,1
502.gcc_r/1,1/super_hot_regions:19,0x5a2e8f4977ca,0

502.gcc_r/1,1/super_hot_regions:23,0x5a2e8f497822,1
502.gcc_r/1,1/super_hot_regions:23,0x5a2e8f497824,0
502.gcc_r/1,1/super_hot_regions:23,0x5a2e8f497827,0

502.gcc_r/1,1/super_hot_regions:27,0x5a2e8f497a20,1
502.gcc_r/1,1/super_hot_regions:27,0x5a2e8f497a23,0

502.gcc_r/1,1/super_hot_regions:28,0x5a2e8f91ddf9,2
502.gcc_r/1,1/super_hot_regions:28,0x5a2e8f91de07,0

502.gcc_r/1,1/super_hot_regions:31,0x5a2e8f49a045,2
502.gcc_r/1,1/super_hot_regions:31,0x5a2e8f49a048,0
502.gcc_r/1,1/super_hot_regions:31,0x5a2e8f49a04b,0

502.gcc_r/1,1/super_hot_regions:39,0x5a2e8f48e2a8,1
502.gcc_r/1,1/super_hot_regions:39,0x5a2e8f48e2af,0

502.gcc_r/1,1/super_hot_regions:50,0x5a2e8f49a075,2
502.gcc_r/1,1/super_hot_regions:50,0x5a2e8f49a078,0

502.gcc_r/1,1/super_hot_regions:61,0x5a2e8f491e6e,2
502.gcc_r/1,1/super_hot_regions:61,0x5a2e8f491e75,0

502.gcc_r/1,1/super_hot_regions:62,0x5a2e8f49a057,2
502.gcc_r/1,1/super_hot_regions:62,0x5a2e8f49a05c,0
502.gcc_r/1,1/super_hot_regions:62,0x5a2e8f49a05f,0

502.gcc_r/1,1/super_hot_regions:63,0x5a2e8f49a053,2
502.gcc_r/1,1/super_hot_regions:63,0x5a2e8f49a062,0
502.gcc_r/1,1/super_hot_regions:63,0x5a2e8f49a065,0

502.gcc_r/1,1/super_hot_regions:7,0x5a2e8f497c78,1
502.gcc_r/1,1/super_hot_regions:7,0x5a2e8f497c7b,0

502.gcc_r/1,1/super_hot_regions:76,0x5a2e8f726d87,1
502.gcc_r/1,1/super_hot_regions:76,0x5a2e8f726d8d,0

502.gcc_r/1,1/super_hot_regions:82,0x5a2e8fc0f1cc,2
502.gcc_r/1,1/super_hot_regions:82,0x5a2e8fc0f1d4,0

502.gcc_r/1,1/super_hot_regions:84,0x5a2e8fc0f1f0,2
502.gcc_r/1,1/super_hot_regions:84,0x5a2e8fc0f1f7,0

502.gcc_r/1,1/super_hot_regions:95,0x5a2e8f48eef6,1
502.gcc_r/1,1/super_hot_regions:95,0x5a2e8f48ef21,0

502.gcc_r/1,1/super_hot_regions:98,0x5a2e8f48ef40,2
502.gcc_r/1,1/super_hot_regions:98,0x5a2e8f48ef45,0

502.gcc_r/2,2/super_hot_regions:10,0x5deaaf716fd5,3
502.gcc_r/2,2/super_hot_regions:10,0x5deaaf716fd9,0
502.gcc_r/2,2/super_hot_regions:10,0x5deaaf716fe4,0

502.gcc_r/2,2/super_hot_regions:116,0x5deaaf289075,2
502.gcc_r/2,2/super_hot_regions:116,0x5deaaf289078,0

502.gcc_r/2,2/super_hot_regions:119,0x5deaaf289057,2
502.gcc_r/2,2/super_hot_regions:119,0x5deaaf28905c,0
502.gcc_r/2,2/super_hot_regions:119,0x5deaaf28905f,0

502.gcc_r/2,2/super_hot_regions:12,0x5deaaf71726b,2
502.gcc_r/2,2/super_hot_regions:12,0x5deaaf717274,0

502.gcc_r/2,2/super_hot_regions:120,0x5deaaf289053,2
502.gcc_r/2,2/super_hot_regions:120,0x5deaaf289062,0
502.gcc_r/2,2/super_hot_regions:120,0x5deaaf289065,0

502.gcc_r/2,2/super_hot_regions:14,0x5deaaf71723c,2
502.gcc_r/2,2/super_hot_regions:14,0x5deaaf71724c,0
502.gcc_r/2,2/super_hot_regions:14,0x5deaaf717257,0

502.gcc_r/2,2/super_hot_regions:23,0x5deaaf286c78,1
502.gcc_r/2,2/super_hot_regions:23,0x5deaaf286c7b,0

502.gcc_r/2,2/super_hot_regions:26,0x5deaaf286966,1
502.gcc_r/2,2/super_hot_regions:26,0x5deaaf286968,0
502.gcc_r/2,2/super_hot_regions:26,0x5deaaf28696d,0
502.gcc_r/2,2/super_hot_regions:26,0x5deaaf286970,0

502.gcc_r/2,2/super_hot_regions:27,0x5deaaf286985,1
502.gcc_r/2,2/super_hot_regions:27,0x5deaaf286987,0

502.gcc_r/2,2/super_hot_regions:30,0x5deaaf27d2a8,1
502.gcc_r/2,2/super_hot_regions:30,0x5deaaf27d2af,0

502.gcc_r/2,2/super_hot_regions:39,0x5deaaf286cd7,2
502.gcc_r/2,2/super_hot_regions:39,0x5deaaf286cdc,0

502.gcc_r/2,2/super_hot_regions:40,0x5deaaf286ccf,1
502.gcc_r/2,2/super_hot_regions:40,0x5deaaf286cd1,0
502.gcc_r/2,2/super_hot_regions:40,0x5deaaf286cd4,0
502.gcc_r/2,2/super_hot_regions:40,0x5deaaf286ce1,0

502.gcc_r/2,2/super_hot_regions:42,0x5deaaf2867c8,1
502.gcc_r/2,2/super_hot_regions:42,0x5deaaf2867ca,0

502.gcc_r/2,2/super_hot_regions:46,0x5deaaf7172a0,2
502.gcc_r/2,2/super_hot_regions:46,0x5deaaf7172a2,0
502.gcc_r/2,2/super_hot_regions:46,0x5deaaf7172a6,0

502.gcc_r/2,2/super_hot_regions:47,0x5deaaf286822,1
502.gcc_r/2,2/super_hot_regions:47,0x5deaaf286824,0
502.gcc_r/2,2/super_hot_regions:47,0x5deaaf286827,0

502.gcc_r/2,2/super_hot_regions:5,0x5deaaf4a7cbc,2
502.gcc_r/2,2/super_hot_regions:5,0x5deaaf4a7cc0,0
502.gcc_r/2,2/super_hot_regions:5,0x5deaaf4a7cc4,0

502.gcc_r/2,2/super_hot_regions:56,0x5deaaf515d87,1
502.gcc_r/2,2/super_hot_regions:56,0x5deaaf515d8d,0

502.gcc_r/2,2/super_hot_regions:61,0x5deaaf27def6,1
502.gcc_r/2,2/super_hot_regions:61,0x5deaaf27df21,0

502.gcc_r/2,2/super_hot_regions:65,0x5deaaf27df40,2
502.gcc_r/2,2/super_hot_regions:65,0x5deaaf27df45,0

502.gcc_r/2,2/super_hot_regions:66,0x5deaaf4a7330,2
502.gcc_r/2,2/super_hot_regions:66,0x5deaaf4a733a,0
502.gcc_r/2,2/super_hot_regions:66,0x5deaaf4a7340,0
502.gcc_r/2,2/super_hot_regions:66,0x5deaaf4a7348,0
502.gcc_r/2,2/super_hot_regions:66,0x5deaaf4a734b,0

502.gcc_r/2,2/super_hot_regions:69,0x5deaaf289045,2
502.gcc_r/2,2/super_hot_regions:69,0x5deaaf289048,0
502.gcc_r/2,2/super_hot_regions:69,0x5deaaf28904b,0

502.gcc_r/2,2/super_hot_regions:71,0x5deaaf27d3b0,1
502.gcc_r/2,2/super_hot_regions:71,0x5deaaf27d3b3,0

502.gcc_r/2,2/super_hot_regions:72,0x5deaaf27d3b9,1
502.gcc_r/2,2/super_hot_regions:72,0x5deaaf27d3bc,0

502.gcc_r/2,2/super_hot_regions:78,0x5deaaf286a20,1
502.gcc_r/2,2/super_hot_regions:78,0x5deaaf286a23,0

502.gcc_r/2,2/super_hot_regions:9,0x5deaaf716fcb,3
502.gcc_r/2,2/super_hot_regions:9,0x5deaaf716fcf,0
502.gcc_r/2,2/super_hot_regions:9,0x5deaaf716fdc,0

502.gcc_r/3,3/super_hot_regions:105,0x5b35c6181075,2
502.gcc_r/3,3/super_hot_regions:105,0x5b35c6181078,0

502.gcc_r/3,3/super_hot_regions:107,0x5b35c6181057,2
502.gcc_r/3,3/super_hot_regions:107,0x5b35c618105c,0
502.gcc_r/3,3/super_hot_regions:107,0x5b35c618105f,0

502.gcc_r/3,3/super_hot_regions:108,0x5b35c6181053,2
502.gcc_r/3,3/super_hot_regions:108,0x5b35c6181062,0
502.gcc_r/3,3/super_hot_regions:108,0x5b35c6181065,0

502.gcc_r/3,3/super_hot_regions:119,0x5b35c617f94c,2
502.gcc_r/3,3/super_hot_regions:119,0x5b35c617f94f,0

502.gcc_r/3,3/super_hot_regions:12,0x5b35c687f73e,1
502.gcc_r/3,3/super_hot_regions:12,0x5b35c687f740,0

502.gcc_r/3,3/super_hot_regions:122,0x5b35c687f715,1
502.gcc_r/3,3/super_hot_regions:122,0x5b35c687f71a,0

502.gcc_r/3,3/super_hot_regions:28,0x5b35c6181045,2
502.gcc_r/3,3/super_hot_regions:28,0x5b35c6181048,0
502.gcc_r/3,3/super_hot_regions:28,0x5b35c618104b,0

502.gcc_r/3,3/super_hot_regions:3,0x5b35c6181045,2
502.gcc_r/3,3/super_hot_regions:3,0x5b35c6181048,0
502.gcc_r/3,3/super_hot_regions:3,0x5b35c618104b,0

502.gcc_r/3,3/super_hot_regions:30,0x5b35c617e966,1
502.gcc_r/3,3/super_hot_regions:30,0x5b35c617e968,0
502.gcc_r/3,3/super_hot_regions:30,0x5b35c617e96d,0
502.gcc_r/3,3/super_hot_regions:30,0x5b35c617e970,0

502.gcc_r/3,3/super_hot_regions:31,0x5b35c617e985,1
502.gcc_r/3,3/super_hot_regions:31,0x5b35c617e987,0

502.gcc_r/3,3/super_hot_regions:51,0x5b35c688aaac,2
502.gcc_r/3,3/super_hot_regions:51,0x5b35c688aab1,0

502.gcc_r/3,3/super_hot_regions:54,0x5b35c688b18b,2
502.gcc_r/3,3/super_hot_regions:54,0x5b35c688b19f,0

502.gcc_r/3,3/super_hot_regions:55,0x5b35c688b190,2
502.gcc_r/3,3/super_hot_regions:55,0x5b35c688b1a2,0

502.gcc_r/3,3/super_hot_regions:61,0x5b35c687f6da,1
502.gcc_r/3,3/super_hot_regions:61,0x5b35c687f6dd,0

502.gcc_r/3,3/super_hot_regions:64,0x5b35c617ec78,1
502.gcc_r/3,3/super_hot_regions:64,0x5b35c617ec7b,0

502.gcc_r/3,3/super_hot_regions:66,0x5b35c617ea20,1
502.gcc_r/3,3/super_hot_regions:66,0x5b35c617ea23,0

502.gcc_r/3,3/super_hot_regions:68,0x5b35c61752a8,1
502.gcc_r/3,3/super_hot_regions:68,0x5b35c61752af,0

502.gcc_r/3,3/super_hot_regions:71,0x5b35c617e1f0,2
502.gcc_r/3,3/super_hot_regions:71,0x5b35c617e1f4,0

502.gcc_r/3,3/super_hot_regions:79,0x5b35c640dd87,1
502.gcc_r/3,3/super_hot_regions:79,0x5b35c640dd8d,0

502.gcc_r/3,3/super_hot_regions:85,0x5b35c6175ef6,1
502.gcc_r/3,3/super_hot_regions:85,0x5b35c6175f21,0

502.gcc_r/3,3/super_hot_regions:89,0x5b35c6175f40,2
502.gcc_r/3,3/super_hot_regions:89,0x5b35c6175f45,0

502.gcc_r/3,3/super_hot_regions:98,0x5b35c6181045,2
502.gcc_r/3,3/super_hot_regions:98,0x5b35c6181048,0
502.gcc_r/3,3/super_hot_regions:98,0x5b35c618104b,0

502.gcc_r/4,4/super_hot_regions:11,0x55f1c6d2bc78,1
502.gcc_r/4,4/super_hot_regions:11,0x55f1c6d2bc7b,0

502.gcc_r/4,4/super_hot_regions:114,0x55f1c6e80a4a,2
502.gcc_r/4,4/super_hot_regions:114,0x55f1c6e80a55,0

502.gcc_r/4,4/super_hot_regions:120,0x55f1c74ffe75,2
502.gcc_r/4,4/super_hot_regions:120,0x55f1c74ffe78,0

502.gcc_r/4,4/super_hot_regions:121,0x55f1c74ffe70,2
502.gcc_r/4,4/super_hot_regions:121,0x55f1c74ffe7d,0

502.gcc_r/4,4/super_hot_regions:123,0x55f1c74ffe60,1
502.gcc_r/4,4/super_hot_regions:123,0x55f1c74ffe63,0

502.gcc_r/4,4/super_hot_regions:127,0x55f1c7368514,2
502.gcc_r/4,4/super_hot_regions:127,0x55f1c7368517,0

502.gcc_r/4,4/super_hot_regions:13,0x55f1c6d2b966,1
502.gcc_r/4,4/super_hot_regions:13,0x55f1c6d2b968,0
502.gcc_r/4,4/super_hot_regions:13,0x55f1c6d2b96d,0
502.gcc_r/4,4/super_hot_regions:13,0x55f1c6d2b970,0

502.gcc_r/4,4/super_hot_regions:14,0x55f1c6d2b985,1
502.gcc_r/4,4/super_hot_regions:14,0x55f1c6d2b987,0

502.gcc_r/4,4/super_hot_regions:25,0x55f1c6d2bcd7,2
502.gcc_r/4,4/super_hot_regions:25,0x55f1c6d2bcdc,0

502.gcc_r/4,4/super_hot_regions:26,0x55f1c6d2bccf,1
502.gcc_r/4,4/super_hot_regions:26,0x55f1c6d2bcd1,0
502.gcc_r/4,4/super_hot_regions:26,0x55f1c6d2bcd4,0
502.gcc_r/4,4/super_hot_regions:26,0x55f1c6d2bce1,0

502.gcc_r/4,4/super_hot_regions:29,0x55f1c6d2b7c8,1
502.gcc_r/4,4/super_hot_regions:29,0x55f1c6d2b7ca,0

502.gcc_r/4,4/super_hot_regions:32,0x55f1c6d2ba20,1
502.gcc_r/4,4/super_hot_regions:32,0x55f1c6d2ba23,0

502.gcc_r/4,4/super_hot_regions:36,0x55f1c6d2b822,1
502.gcc_r/4,4/super_hot_regions:36,0x55f1c6d2b824,0
502.gcc_r/4,4/super_hot_regions:36,0x55f1c6d2b827,0

502.gcc_r/4,4/super_hot_regions:39,0x55f1c74ffe8d,1
502.gcc_r/4,4/super_hot_regions:39,0x55f1c74ffe9b,0

502.gcc_r/4,4/super_hot_regions:40,0x55f1c74ffe98,1
502.gcc_r/4,4/super_hot_regions:40,0x55f1c74ffe9e,0

502.gcc_r/4,4/super_hot_regions:50,0x55f1c6d25e6e,2
502.gcc_r/4,4/super_hot_regions:50,0x55f1c6d25e75,0

502.gcc_r/4,4/super_hot_regions:52,0x55f1c6d2e045,2
502.gcc_r/4,4/super_hot_regions:52,0x55f1c6d2e048,0
502.gcc_r/4,4/super_hot_regions:52,0x55f1c6d2e04b,0

502.gcc_r/4,4/super_hot_regions:56,0x55f1c6f5d0e0,1
502.gcc_r/4,4/super_hot_regions:56,0x55f1c6f5d0e4,0

502.gcc_r/4,4/super_hot_regions:64,0x55f1c6d2e075,2
502.gcc_r/4,4/super_hot_regions:64,0x55f1c6d2e078,0

502.gcc_r/4,4/super_hot_regions:66,0x55f1c6d2e057,2
502.gcc_r/4,4/super_hot_regions:66,0x55f1c6d2e05c,0
502.gcc_r/4,4/super_hot_regions:66,0x55f1c6d2e05f,0

502.gcc_r/4,4/super_hot_regions:67,0x55f1c6d2e053,2
502.gcc_r/4,4/super_hot_regions:67,0x55f1c6d2e062,0
502.gcc_r/4,4/super_hot_regions:67,0x55f1c6d2e065,0

502.gcc_r/4,4/super_hot_regions:75,0x55f1c6e31c49,2
502.gcc_r/4,4/super_hot_regions:75,0x55f1c6e31c4d,0

502.gcc_r/4,4/super_hot_regions:82,0x55f1c6e7eabd,2
502.gcc_r/4,4/super_hot_regions:82,0x55f1c6e7eac5,0
502.gcc_r/4,4/super_hot_regions:82,0x55f1c6e7eac7,0

502.gcc_r/4,4/super_hot_regions:86,0x55f1c6e7eaec,3
502.gcc_r/4,4/super_hot_regions:86,0x55f1c6e7eaf4,0
502.gcc_r/4,4/super_hot_regions:86,0x55f1c6e7eafb,0
502.gcc_r/4,4/super_hot_regions:86,0x55f1c6e7eafe,0

502.gcc_r/4,4/super_hot_regions:87,0x55f1c6e7eb02,2
502.gcc_r/4,4/super_hot_regions:87,0x55f1c6e7eb05,0

502.gcc_r/4,4/super_hot_regions:92,0x55f1c6e7ebd5,4
502.gcc_r/4,4/super_hot_regions:92,0x55f1c6e7ebdc,0
502.gcc_r/4,4/super_hot_regions:92,0x55f1c6e7ebe0,0
502.gcc_r/4,4/super_hot_regions:92,0x55f1c6e7ebe4,0

502.gcc_r/4,4/super_hot_regions:93,0x55f1c6e7ec37,2
502.gcc_r/4,4/super_hot_regions:93,0x55f1c6e7ec3a,0

502.gcc_r/4,4/super_hot_regions:94,0x55f1c6e7ec2a,3
502.gcc_r/4,4/super_hot_regions:94,0x55f1c6e7ec31,0
502.gcc_r/4,4/super_hot_regions:94,0x55f1c6e7ec40,0

502.gcc_r/4,4/super_hot_regions:95,0x55f1c6e7ec1e,2
502.gcc_r/4,4/super_hot_regions:95,0x55f1c6e7ec43,0
502.gcc_r/4,4/super_hot_regions:95,0x55f1c6e7ec47,0
502.gcc_r/4,4/super_hot_regions:95,0x55f1c6e7ec49,0

502.gcc_r/4,4/super_hot_regions:99,0x55f1c6e7ec89,2
502.gcc_r/4,4/super_hot_regions:99,0x55f1c6e7ec8c,0

502.gcc_r/5,5/super_hot_regions:119,0x5898c1a83c93,2
502.gcc_r/5,5/super_hot_regions:119,0x5898c1a83c9a,0
502.gcc_r/5,5/super_hot_regions:119,0x5898c1a83c9e,0

502.gcc_r/5,5/super_hot_regions:121,0x5898c1a687b0,3
502.gcc_r/5,5/super_hot_regions:121,0x5898c1a687b4,0
502.gcc_r/5,5/super_hot_regions:121,0x5898c1a687b7,0

502.gcc_r/5,5/super_hot_regions:125,0x5898c1a687e0,1
502.gcc_r/5,5/super_hot_regions:125,0x5898c1a687e2,0

502.gcc_r/5,5/super_hot_regions:126,0x5898c1a6a5b0,3
502.gcc_r/5,5/super_hot_regions:126,0x5898c1a6a5b4,0
502.gcc_r/5,5/super_hot_regions:126,0x5898c1a6a5b7,0

502.gcc_r/5,5/super_hot_regions:14,0x5898c15480e0,1
502.gcc_r/5,5/super_hot_regions:14,0x5898c15480e4,0

502.gcc_r/5,5/super_hot_regions:19,0x5898c1316966,1
502.gcc_r/5,5/super_hot_regions:19,0x5898c1316968,0
502.gcc_r/5,5/super_hot_regions:19,0x5898c131696d,0
502.gcc_r/5,5/super_hot_regions:19,0x5898c1316970,0

502.gcc_r/5,5/super_hot_regions:20,0x5898c1316985,1
502.gcc_r/5,5/super_hot_regions:20,0x5898c1316987,0

502.gcc_r/5,5/super_hot_regions:42,0x5898c1a6c13f,3
502.gcc_r/5,5/super_hot_regions:42,0x5898c1a6c142,0
502.gcc_r/5,5/super_hot_regions:42,0x5898c1a6c14a,0
502.gcc_r/5,5/super_hot_regions:42,0x5898c1a6c14d,0

502.gcc_r/5,5/super_hot_regions:43,0x5898c1a6c150,1
502.gcc_r/5,5/super_hot_regions:43,0x5898c1a6c157,0

502.gcc_r/5,5/super_hot_regions:44,0x5898c1a6c13c,3
502.gcc_r/5,5/super_hot_regions:44,0x5898c1a6c146,0
502.gcc_r/5,5/super_hot_regions:44,0x5898c1a6c154,0
502.gcc_r/5,5/super_hot_regions:44,0x5898c1a6c15a,0

502.gcc_r/5,5/super_hot_regions:45,0x5898c1a6c15d,1
502.gcc_r/5,5/super_hot_regions:45,0x5898c1a6c161,0

502.gcc_r/5,5/super_hot_regions:51,0x5898c1a6c47e,3
502.gcc_r/5,5/super_hot_regions:51,0x5898c1a6c482,0
502.gcc_r/5,5/super_hot_regions:51,0x5898c1a6c485,0

502.gcc_r/5,5/super_hot_regions:57,0x5898c1319045,2
502.gcc_r/5,5/super_hot_regions:57,0x5898c1319048,0
502.gcc_r/5,5/super_hot_regions:57,0x5898c131904b,0

502.gcc_r/5,5/super_hot_regions:68,0x5898c1316a20,1
502.gcc_r/5,5/super_hot_regions:68,0x5898c1316a23,0

502.gcc_r/5,5/super_hot_regions:69,0x5898c1319075,2
502.gcc_r/5,5/super_hot_regions:69,0x5898c1319078,0

502.gcc_r/5,5/super_hot_regions:71,0x5898c1316c78,1
502.gcc_r/5,5/super_hot_regions:71,0x5898c1316c7b,0

502.gcc_r/5,5/super_hot_regions:73,0x5898c1319057,2
502.gcc_r/5,5/super_hot_regions:73,0x5898c131905c,0
502.gcc_r/5,5/super_hot_regions:73,0x5898c131905f,0

502.gcc_r/5,5/super_hot_regions:74,0x5898c1319053,2
502.gcc_r/5,5/super_hot_regions:74,0x5898c1319062,0
502.gcc_r/5,5/super_hot_regions:74,0x5898c1319065,0

502.gcc_r/5,5/super_hot_regions:76,0x5898c1a754b0,3
502.gcc_r/5,5/super_hot_regions:76,0x5898c1a754bb,0
502.gcc_r/5,5/super_hot_regions:76,0x5898c1a754c0,0

502.gcc_r/5,5/super_hot_regions:80,0x5898c13167c8,1
502.gcc_r/5,5/super_hot_regions:80,0x5898c13167ca,0

502.gcc_r/5,5/super_hot_regions:87,0x5898c14fcc5f,1
502.gcc_r/5,5/super_hot_regions:87,0x5898c14fcc7b,0

502.gcc_r/5,5/super_hot_regions:93,0x5898c1316822,1
502.gcc_r/5,5/super_hot_regions:93,0x5898c1316824,0
502.gcc_r/5,5/super_hot_regions:93,0x5898c1316827,0

502.gcc_r/5,5/super_hot_regions:95,0x5898c1316cd7,2
502.gcc_r/5,5/super_hot_regions:95,0x5898c1316cdc,0

502.gcc_r/5,5/super_hot_regions:96,0x5898c1316ccf,1
502.gcc_r/5,5/super_hot_regions:96,0x5898c1316cd1,0
502.gcc_r/5,5/super_hot_regions:96,0x5898c1316cd4,0
502.gcc_r/5,5/super_hot_regions:96,0x5898c1316ce1,0

503.bwaves_r/1,1/super_hot_regions:103,0x5e2ee9740ee0,2
503.bwaves_r/1,1/super_hot_regions:103,0x5e2ee9740eea,0

503.bwaves_r/1,1/super_hot_regions:109,0x5e2ee9741fb1,2
503.bwaves_r/1,1/super_hot_regions:109,0x5e2ee9741fce,0

503.bwaves_r/1,1/super_hot_regions:11,0x5e2ee973d78b,4
503.bwaves_r/1,1/super_hot_regions:11,0x5e2ee973d793,0
503.bwaves_r/1,1/super_hot_regions:11,0x5e2ee973d798,0
503.bwaves_r/1,1/super_hot_regions:11,0x5e2ee973d79d,0
503.bwaves_r/1,1/super_hot_regions:11,0x5e2ee973d7a2,0
503.bwaves_r/1,1/super_hot_regions:11,0x5e2ee973d7a7,0

503.bwaves_r/1,1/super_hot_regions:114,0x5e2ee9744c08,2
503.bwaves_r/1,1/super_hot_regions:114,0x5e2ee9744c0b,0

503.bwaves_r/1,1/super_hot_regions:115,0x5e2ee9744c11,2
503.bwaves_r/1,1/super_hot_regions:115,0x5e2ee9744c15,0

503.bwaves_r/1,1/super_hot_regions:116,0x5e2ee9744c2d,2
503.bwaves_r/1,1/super_hot_regions:116,0x5e2ee9744c30,0

503.bwaves_r/1,1/super_hot_regions:117,0x5e2ee9744c47,2
503.bwaves_r/1,1/super_hot_regions:117,0x5e2ee9744c4b,0

503.bwaves_r/1,1/super_hot_regions:118,0x5e2ee9744c9c,3
503.bwaves_r/1,1/super_hot_regions:118,0x5e2ee9744ca0,0
503.bwaves_r/1,1/super_hot_regions:118,0x5e2ee9744ca7,0

503.bwaves_r/1,1/super_hot_regions:12,0x5e2ee973d7b3,2
503.bwaves_r/1,1/super_hot_regions:12,0x5e2ee973d7c0,0

503.bwaves_r/1,1/super_hot_regions:120,0x5e2ee9744bcd,7
503.bwaves_r/1,1/super_hot_regions:120,0x5e2ee9744bd0,0
503.bwaves_r/1,1/super_hot_regions:120,0x5e2ee9744bde,0
503.bwaves_r/1,1/super_hot_regions:120,0x5e2ee9744be4,0
503.bwaves_r/1,1/super_hot_regions:120,0x5e2ee9744bf4,0
503.bwaves_r/1,1/super_hot_regions:120,0x5e2ee9744bf7,0
503.bwaves_r/1,1/super_hot_regions:120,0x5e2ee9744c01,0
503.bwaves_r/1,1/super_hot_regions:120,0x5e2ee9744c04,0
503.bwaves_r/1,1/super_hot_regions:120,0x5e2ee9744c3d,0
503.bwaves_r/1,1/super_hot_regions:120,0x5e2ee9744c44,0
503.bwaves_r/1,1/super_hot_regions:120,0x5e2ee9744c5f,0
503.bwaves_r/1,1/super_hot_regions:120,0x5e2ee9744c67,0
503.bwaves_r/1,1/super_hot_regions:120,0x5e2ee9744c72,0
503.bwaves_r/1,1/super_hot_regions:120,0x5e2ee9744c75,0
503.bwaves_r/1,1/super_hot_regions:120,0x5e2ee9744c7c,0
503.bwaves_r/1,1/super_hot_regions:120,0x5e2ee9744c8a,0
503.bwaves_r/1,1/super_hot_regions:120,0x5e2ee9744c8d,0
503.bwaves_r/1,1/super_hot_regions:120,0x5e2ee9744c90,0
503.bwaves_r/1,1/super_hot_regions:120,0x5e2ee9744cb5,0
503.bwaves_r/1,1/super_hot_regions:120,0x5e2ee9744d33,0
503.bwaves_r/1,1/super_hot_regions:120,0x5e2ee9744d75,0

503.bwaves_r/1,1/super_hot_regions:121,0x5e2ee9744c0d,2
503.bwaves_r/1,1/super_hot_regions:121,0x5e2ee9744c17,0
503.bwaves_r/1,1/super_hot_regions:121,0x5e2ee9744e5f,0

503.bwaves_r/1,1/super_hot_regions:123,0x5e2ee9744c32,2
503.bwaves_r/1,1/super_hot_regions:123,0x5e2ee9744c36,0
503.bwaves_r/1,1/super_hot_regions:123,0x5e2ee9744fea,0

503.bwaves_r/1,1/super_hot_regions:124,0x5e2ee9744c54,2
503.bwaves_r/1,1/super_hot_regions:124,0x5e2ee9744c58,0
503.bwaves_r/1,1/super_hot_regions:124,0x5e2ee974505c,0

503.bwaves_r/1,1/super_hot_regions:127,0x5e2ee9741dcc,1
503.bwaves_r/1,1/super_hot_regions:127,0x5e2ee9741dcf,0

503.bwaves_r/1,1/super_hot_regions:128,0x5e2ee9741de8,2
503.bwaves_r/1,1/super_hot_regions:128,0x5e2ee9741dff,0

503.bwaves_r/1,1/super_hot_regions:13,0x5e2ee973d790,1
503.bwaves_r/1,1/super_hot_regions:13,0x5e2ee973d7c5,0

503.bwaves_r/1,1/super_hot_regions:133,0x5e2ee973dbb2,2
503.bwaves_r/1,1/super_hot_regions:133,0x5e2ee973dbb9,0
503.bwaves_r/1,1/super_hot_regions:133,0x5e2ee973dbc3,0
503.bwaves_r/1,1/super_hot_regions:133,0x5e2ee973dbc6,0
503.bwaves_r/1,1/super_hot_regions:133,0x5e2ee973dbc9,0
503.bwaves_r/1,1/super_hot_regions:133,0x5e2ee973dbcc,0

503.bwaves_r/1,1/super_hot_regions:139,0x5e2ee97440ef,2
503.bwaves_r/1,1/super_hot_regions:139,0x5e2ee97440f3,0

503.bwaves_r/1,1/super_hot_regions:140,0x5e2ee9744114,2
503.bwaves_r/1,1/super_hot_regions:140,0x5e2ee9744118,0

503.bwaves_r/1,1/super_hot_regions:141,0x5e2ee9744137,2
503.bwaves_r/1,1/super_hot_regions:141,0x5e2ee974413b,0

503.bwaves_r/1,1/super_hot_regions:142,0x5e2ee9744172,2
503.bwaves_r/1,1/super_hot_regions:142,0x5e2ee9744175,0

503.bwaves_r/1,1/super_hot_regions:143,0x5e2ee97440a6,2
503.bwaves_r/1,1/super_hot_regions:143,0x5e2ee97440ad,0
503.bwaves_r/1,1/super_hot_regions:143,0x5e2ee97440b0,0
503.bwaves_r/1,1/super_hot_regions:143,0x5e2ee9744197,0

503.bwaves_r/1,1/super_hot_regions:144,0x5e2ee97440fe,2
503.bwaves_r/1,1/super_hot_regions:144,0x5e2ee9744102,0
503.bwaves_r/1,1/super_hot_regions:144,0x5e2ee97441a0,0

503.bwaves_r/1,1/super_hot_regions:145,0x5e2ee97440d5,2
503.bwaves_r/1,1/super_hot_regions:145,0x5e2ee97442ed,0

503.bwaves_r/1,1/super_hot_regions:147,0x5e2ee9744167,2
503.bwaves_r/1,1/super_hot_regions:147,0x5e2ee974416b,0
503.bwaves_r/1,1/super_hot_regions:147,0x5e2ee9744397,0

503.bwaves_r/1,1/super_hot_regions:149,0x5e2ee9909293,2
503.bwaves_r/1,1/super_hot_regions:149,0x5e2ee9909299,0

503.bwaves_r/1,1/super_hot_regions:150,0x5e2ee990929b,2
503.bwaves_r/1,1/super_hot_regions:150,0x5e2ee99092a2,0

503.bwaves_r/1,1/super_hot_regions:151,0x5e2ee99092a6,1
503.bwaves_r/1,1/super_hot_regions:151,0x5e2ee99092a9,0

503.bwaves_r/1,1/super_hot_regions:156,0x5e2ee99093bf,2
503.bwaves_r/1,1/super_hot_regions:156,0x5e2ee99093c5,0
503.bwaves_r/1,1/super_hot_regions:156,0x5e2ee99093c8,0

503.bwaves_r/1,1/super_hot_regions:168,0x5e2ee973d7de,2
503.bwaves_r/1,1/super_hot_regions:168,0x5e2ee973d7e9,0

503.bwaves_r/1,1/super_hot_regions:169,0x5e2ee973d7f8,2
503.bwaves_r/1,1/super_hot_regions:169,0x5e2ee973d803,0

503.bwaves_r/1,1/super_hot_regions:17,0x5e2ee973d5f0,2
503.bwaves_r/1,1/super_hot_regions:17,0x5e2ee973d5fe,0

503.bwaves_r/1,1/super_hot_regions:171,0x5e2ee973d511,2
503.bwaves_r/1,1/super_hot_regions:171,0x5e2ee973d51f,0

503.bwaves_r/1,1/super_hot_regions:172,0x5e2ee973d5c9,2
503.bwaves_r/1,1/super_hot_regions:172,0x5e2ee973d5cd,0

503.bwaves_r/1,1/super_hot_regions:174,0x5e2ee973d508,3
503.bwaves_r/1,1/super_hot_regions:174,0x5e2ee973d50c,0
503.bwaves_r/1,1/super_hot_regions:174,0x5e2ee973d63c,0
503.bwaves_r/1,1/super_hot_regions:174,0x5e2ee973d641,0

503.bwaves_r/1,1/super_hot_regions:175,0x5e2ee973d4ed,26
503.bwaves_r/1,1/super_hot_regions:175,0x5e2ee973d4f5,0
503.bwaves_r/1,1/super_hot_regions:175,0x5e2ee973d4fa,0
503.bwaves_r/1,1/super_hot_regions:175,0x5e2ee973d505,0
503.bwaves_r/1,1/super_hot_regions:175,0x5e2ee973d522,0
503.bwaves_r/1,1/super_hot_regions:175,0x5e2ee973d52a,0
503.bwaves_r/1,1/super_hot_regions:175,0x5e2ee973d532,0
503.bwaves_r/1,1/super_hot_regions:175,0x5e2ee973d537,0
503.bwaves_r/1,1/super_hot_regions:175,0x5e2ee973d542,0
503.bwaves_r/1,1/super_hot_regions:175,0x5e2ee973d545,0
503.bwaves_r/1,1/super_hot_regions:175,0x5e2ee973d547,0
503.bwaves_r/1,1/super_hot_regions:175,0x5e2ee973d54b,0
503.bwaves_r/1,1/super_hot_regions:175,0x5e2ee973d54e,0
503.bwaves_r/1,1/super_hot_regions:175,0x5e2ee973d556,0
503.bwaves_r/1,1/super_hot_regions:175,0x5e2ee973d559,0
503.bwaves_r/1,1/super_hot_regions:175,0x5e2ee973d55e,0
503.bwaves_r/1,1/super_hot_regions:175,0x5e2ee973d561,0
503.bwaves_r/1,1/super_hot_regions:175,0x5e2ee973d564,0
503.bwaves_r/1,1/super_hot_regions:175,0x5e2ee973d567,0
503.bwaves_r/1,1/super_hot_regions:175,0x5e2ee973d573,0
503.bwaves_r/1,1/super_hot_regions:175,0x5e2ee973d576,0
503.bwaves_r/1,1/super_hot_regions:175,0x5e2ee973d57d,0
503.bwaves_r/1,1/super_hot_regions:175,0x5e2ee973d580,0
503.bwaves_r/1,1/super_hot_regions:175,0x5e2ee973d586,0
503.bwaves_r/1,1/super_hot_regions:175,0x5e2ee973d589,0
503.bwaves_r/1,1/super_hot_regions:175,0x5e2ee973d58b,0
503.bwaves_r/1,1/super_hot_regions:175,0x5e2ee973d592,0
503.bwaves_r/1,1/super_hot_regions:175,0x5e2ee973d59a,0
503.bwaves_r/1,1/super_hot_regions:175,0x5e2ee973d59d,0
503.bwaves_r/1,1/super_hot_regions:175,0x5e2ee973d5a2,0
503.bwaves_r/1,1/super_hot_regions:175,0x5e2ee973d5a5,0
503.bwaves_r/1,1/super_hot_regions:175,0x5e2ee973d5a8,0
503.bwaves_r/1,1/super_hot_regions:175,0x5e2ee973d5ab,0
503.bwaves_r/1,1/super_hot_regions:175,0x5e2ee973d5b0,0
503.bwaves_r/1,1/super_hot_regions:175,0x5e2ee973d5bb,0
503.bwaves_r/1,1/super_hot_regions:175,0x5e2ee973d5d2,0
503.bwaves_r/1,1/super_hot_regions:175,0x5e2ee973d5da,0
503.bwaves_r/1,1/super_hot_regions:175,0x5e2ee973d5e2,0
503.bwaves_r/1,1/super_hot_regions:175,0x5e2ee973d5e5,0
503.bwaves_r/1,1/super_hot_regions:175,0x5e2ee973d5f0,0
503.bwaves_r/1,1/super_hot_regions:175,0x5e2ee973d5fe,0
503.bwaves_r/1,1/super_hot_regions:175,0x5e2ee973d606,0
503.bwaves_r/1,1/super_hot_regions:175,0x5e2ee973d60e,0
503.bwaves_r/1,1/super_hot_regions:175,0x5e2ee973d618,0
503.bwaves_r/1,1/super_hot_regions:175,0x5e2ee973d61b,0
503.bwaves_r/1,1/super_hot_regions:175,0x5e2ee973d61d,0
503.bwaves_r/1,1/super_hot_regions:175,0x5e2ee973d628,0
503.bwaves_r/1,1/super_hot_regions:175,0x5e2ee973d62b,0
503.bwaves_r/1,1/super_hot_regions:175,0x5e2ee973d632,0
503.bwaves_r/1,1/super_hot_regions:175,0x5e2ee973d637,0
503.bwaves_r/1,1/super_hot_regions:175,0x5e2ee973d639,0
503.bwaves_r/1,1/super_hot_regions:175,0x5e2ee973d645,0
503.bwaves_r/1,1/super_hot_regions:175,0x5e2ee973d648,0
503.bwaves_r/1,1/super_hot_regions:175,0x5e2ee973d64a,0
503.bwaves_r/1,1/super_hot_regions:175,0x5e2ee973d656,0
503.bwaves_r/1,1/super_hot_regions:175,0x5e2ee973d659,0
503.bwaves_r/1,1/super_hot_regions:175,0x5e2ee973d65c,0

503.bwaves_r/1,1/super_hot_regions:176,0x5e2ee973eccd,2
503.bwaves_r/1,1/super_hot_regions:176,0x5e2ee973ecd1,0

503.bwaves_r/1,1/super_hot_regions:177,0x5e2ee973ecea,2
503.bwaves_r/1,1/super_hot_regions:177,0x5e2ee973eced,0

503.bwaves_r/1,1/super_hot_regions:178,0x5e2ee973ecf3,1
503.bwaves_r/1,1/super_hot_regions:178,0x5e2ee973ecfd,0

503.bwaves_r/1,1/super_hot_regions:179,0x5e2ee973ecb5,2
503.bwaves_r/1,1/super_hot_regions:179,0x5e2ee973ece0,0
503.bwaves_r/1,1/super_hot_regions:179,0x5e2ee973ecf6,0
503.bwaves_r/1,1/super_hot_regions:179,0x5e2ee973ed07,0

503.bwaves_r/1,1/super_hot_regions:18,0x5e2ee973d621,3
503.bwaves_r/1,1/super_hot_regions:18,0x5e2ee973d62b,0
503.bwaves_r/1,1/super_hot_regions:18,0x5e2ee973d637,0
503.bwaves_r/1,1/super_hot_regions:18,0x5e2ee973d639,0

503.bwaves_r/1,1/super_hot_regions:181,0x5e2ee973ee1b,2
503.bwaves_r/1,1/super_hot_regions:181,0x5e2ee973ee22,0
503.bwaves_r/1,1/super_hot_regions:181,0x5e2ee973ee2f,0

503.bwaves_r/1,1/super_hot_regions:190,0x5e2ee9746084,1
503.bwaves_r/1,1/super_hot_regions:190,0x5e2ee9746090,0

503.bwaves_r/1,1/super_hot_regions:20,0x5e2ee973d63c,2
503.bwaves_r/1,1/super_hot_regions:20,0x5e2ee973d641,0

503.bwaves_r/1,1/super_hot_regions:200,0x5e2ee973ef8f,2
503.bwaves_r/1,1/super_hot_regions:200,0x5e2ee973ef9f,0
503.bwaves_r/1,1/super_hot_regions:200,0x5e2ee973efa1,0

503.bwaves_r/1,1/super_hot_regions:201,0x5e2ee973ef6e,3
503.bwaves_r/1,1/super_hot_regions:201,0x5e2ee973ef7c,0
503.bwaves_r/1,1/super_hot_regions:201,0x5e2ee973ef83,0
503.bwaves_r/1,1/super_hot_regions:201,0x5e2ee973ef95,0
503.bwaves_r/1,1/super_hot_regions:201,0x5e2ee973ef98,0
503.bwaves_r/1,1/super_hot_regions:201,0x5e2ee973efa7,0

503.bwaves_r/1,1/super_hot_regions:203,0x5e2ee973f0cc,2
503.bwaves_r/1,1/super_hot_regions:203,0x5e2ee973f0d3,0
503.bwaves_r/1,1/super_hot_regions:203,0x5e2ee973f0e0,0

503.bwaves_r/1,1/super_hot_regions:206,0x5e2ee973e7b7,2
503.bwaves_r/1,1/super_hot_regions:206,0x5e2ee973e7bb,0

503.bwaves_r/1,1/super_hot_regions:207,0x5e2ee973e7d5,2
503.bwaves_r/1,1/super_hot_regions:207,0x5e2ee973e7da,0

503.bwaves_r/1,1/super_hot_regions:208,0x5e2ee973e7e0,1
503.bwaves_r/1,1/super_hot_regions:208,0x5e2ee973e7ea,0

503.bwaves_r/1,1/super_hot_regions:209,0x5e2ee973e79f,2
503.bwaves_r/1,1/super_hot_regions:209,0x5e2ee973e7cb,0
503.bwaves_r/1,1/super_hot_regions:209,0x5e2ee973e7e3,0
503.bwaves_r/1,1/super_hot_regions:209,0x5e2ee973e7f4,0

503.bwaves_r/1,1/super_hot_regions:21,0x5e2ee973d601,7
503.bwaves_r/1,1/super_hot_regions:21,0x5e2ee973d606,0
503.bwaves_r/1,1/super_hot_regions:21,0x5e2ee973d618,0
503.bwaves_r/1,1/super_hot_regions:21,0x5e2ee973d61b,0
503.bwaves_r/1,1/super_hot_regions:21,0x5e2ee973d61d,0
503.bwaves_r/1,1/super_hot_regions:21,0x5e2ee973d628,0
503.bwaves_r/1,1/super_hot_regions:21,0x5e2ee973d632,0
503.bwaves_r/1,1/super_hot_regions:21,0x5e2ee973d645,0
503.bwaves_r/1,1/super_hot_regions:21,0x5e2ee973d648,0
503.bwaves_r/1,1/super_hot_regions:21,0x5e2ee973d64a,0
503.bwaves_r/1,1/super_hot_regions:21,0x5e2ee973d656,0
503.bwaves_r/1,1/super_hot_regions:21,0x5e2ee973d659,0
503.bwaves_r/1,1/super_hot_regions:21,0x5e2ee973d65c,0

503.bwaves_r/1,1/super_hot_regions:40,0x7f44ac6c394e,1
503.bwaves_r/1,1/super_hot_regions:40,0x7f44ac6c3a13,0

503.bwaves_r/1,1/super_hot_regions:91,0x5e2ee973de78,2
503.bwaves_r/1,1/super_hot_regions:91,0x5e2ee973de8f,0

503.bwaves_r/1,1/super_hot_regions:97,0x5e2ee973df76,2
503.bwaves_r/1,1/super_hot_regions:97,0x5e2ee973df7f,0
503.bwaves_r/1,1/super_hot_regions:97,0x5e2ee973df82,0

503.bwaves_r/2,2/super_hot_regions:100,0x64944a58ec2d,2
503.bwaves_r/2,2/super_hot_regions:100,0x64944a58ec30,0

503.bwaves_r/2,2/super_hot_regions:101,0x64944a58ec47,2
503.bwaves_r/2,2/super_hot_regions:101,0x64944a58ec4b,0

503.bwaves_r/2,2/super_hot_regions:102,0x64944a58ec9c,3
503.bwaves_r/2,2/super_hot_regions:102,0x64944a58eca0,0
503.bwaves_r/2,2/super_hot_regions:102,0x64944a58eca7,0

503.bwaves_r/2,2/super_hot_regions:104,0x64944a58ebcd,7
503.bwaves_r/2,2/super_hot_regions:104,0x64944a58ebd0,0
503.bwaves_r/2,2/super_hot_regions:104,0x64944a58ebde,0
503.bwaves_r/2,2/super_hot_regions:104,0x64944a58ebe4,0
503.bwaves_r/2,2/super_hot_regions:104,0x64944a58ebf4,0
503.bwaves_r/2,2/super_hot_regions:104,0x64944a58ebf7,0
503.bwaves_r/2,2/super_hot_regions:104,0x64944a58ec01,0
503.bwaves_r/2,2/super_hot_regions:104,0x64944a58ec04,0
503.bwaves_r/2,2/super_hot_regions:104,0x64944a58ec3d,0
503.bwaves_r/2,2/super_hot_regions:104,0x64944a58ec44,0
503.bwaves_r/2,2/super_hot_regions:104,0x64944a58ec5f,0
503.bwaves_r/2,2/super_hot_regions:104,0x64944a58ec67,0
503.bwaves_r/2,2/super_hot_regions:104,0x64944a58ec72,0
503.bwaves_r/2,2/super_hot_regions:104,0x64944a58ec75,0
503.bwaves_r/2,2/super_hot_regions:104,0x64944a58ec7c,0
503.bwaves_r/2,2/super_hot_regions:104,0x64944a58ec8a,0
503.bwaves_r/2,2/super_hot_regions:104,0x64944a58ec8d,0
503.bwaves_r/2,2/super_hot_regions:104,0x64944a58ec90,0
503.bwaves_r/2,2/super_hot_regions:104,0x64944a58ecb5,0
503.bwaves_r/2,2/super_hot_regions:104,0x64944a58ed33,0
503.bwaves_r/2,2/super_hot_regions:104,0x64944a58ed75,0

503.bwaves_r/2,2/super_hot_regions:105,0x64944a58ec0d,2
503.bwaves_r/2,2/super_hot_regions:105,0x64944a58ec17,0
503.bwaves_r/2,2/super_hot_regions:105,0x64944a58ee5f,0

503.bwaves_r/2,2/super_hot_regions:107,0x64944a58ec32,2
503.bwaves_r/2,2/super_hot_regions:107,0x64944a58ec36,0
503.bwaves_r/2,2/super_hot_regions:107,0x64944a58efea,0

503.bwaves_r/2,2/super_hot_regions:108,0x64944a58ec54,2
503.bwaves_r/2,2/super_hot_regions:108,0x64944a58ec58,0
503.bwaves_r/2,2/super_hot_regions:108,0x64944a58f05c,0

503.bwaves_r/2,2/super_hot_regions:11,0x64944a58778b,4
503.bwaves_r/2,2/super_hot_regions:11,0x64944a587793,0
503.bwaves_r/2,2/super_hot_regions:11,0x64944a587798,0
503.bwaves_r/2,2/super_hot_regions:11,0x64944a58779d,0
503.bwaves_r/2,2/super_hot_regions:11,0x64944a5877a2,0
503.bwaves_r/2,2/super_hot_regions:11,0x64944a5877a7,0

503.bwaves_r/2,2/super_hot_regions:111,0x64944a58bfb1,2
503.bwaves_r/2,2/super_hot_regions:111,0x64944a58bfce,0

503.bwaves_r/2,2/super_hot_regions:117,0x64944a58bdcc,1
503.bwaves_r/2,2/super_hot_regions:117,0x64944a58bdcf,0

503.bwaves_r/2,2/super_hot_regions:118,0x64944a58bde8,2
503.bwaves_r/2,2/super_hot_regions:118,0x64944a58bdff,0

503.bwaves_r/2,2/super_hot_regions:12,0x64944a5877b3,2
503.bwaves_r/2,2/super_hot_regions:12,0x64944a5877c0,0

503.bwaves_r/2,2/super_hot_regions:122,0x64944a587e78,2
503.bwaves_r/2,2/super_hot_regions:122,0x64944a587e8f,0

503.bwaves_r/2,2/super_hot_regions:128,0x64944a587f76,2
503.bwaves_r/2,2/super_hot_regions:128,0x64944a587f7f,0
503.bwaves_r/2,2/super_hot_regions:128,0x64944a587f82,0

503.bwaves_r/2,2/super_hot_regions:13,0x64944a587790,1
503.bwaves_r/2,2/super_hot_regions:13,0x64944a5877c5,0

503.bwaves_r/2,2/super_hot_regions:137,0x64944a587bb2,2
503.bwaves_r/2,2/super_hot_regions:137,0x64944a587bb9,0
503.bwaves_r/2,2/super_hot_regions:137,0x64944a587bc3,0
503.bwaves_r/2,2/super_hot_regions:137,0x64944a587bc6,0
503.bwaves_r/2,2/super_hot_regions:137,0x64944a587bc9,0
503.bwaves_r/2,2/super_hot_regions:137,0x64944a587bcc,0

503.bwaves_r/2,2/super_hot_regions:141,0x64944a58e0ef,2
503.bwaves_r/2,2/super_hot_regions:141,0x64944a58e0f3,0

503.bwaves_r/2,2/super_hot_regions:142,0x64944a58e114,2
503.bwaves_r/2,2/super_hot_regions:142,0x64944a58e118,0

503.bwaves_r/2,2/super_hot_regions:143,0x64944a58e137,2
503.bwaves_r/2,2/super_hot_regions:143,0x64944a58e13b,0

503.bwaves_r/2,2/super_hot_regions:144,0x64944a58e172,2
503.bwaves_r/2,2/super_hot_regions:144,0x64944a58e175,0

503.bwaves_r/2,2/super_hot_regions:145,0x64944a58e0a6,2
503.bwaves_r/2,2/super_hot_regions:145,0x64944a58e0ad,0
503.bwaves_r/2,2/super_hot_regions:145,0x64944a58e0b0,0
503.bwaves_r/2,2/super_hot_regions:145,0x64944a58e197,0

503.bwaves_r/2,2/super_hot_regions:146,0x64944a58e0fe,2
503.bwaves_r/2,2/super_hot_regions:146,0x64944a58e102,0
503.bwaves_r/2,2/super_hot_regions:146,0x64944a58e1a0,0

503.bwaves_r/2,2/super_hot_regions:147,0x64944a58e0d5,2
503.bwaves_r/2,2/super_hot_regions:147,0x64944a58e2ed,0

503.bwaves_r/2,2/super_hot_regions:149,0x64944a58e167,2
503.bwaves_r/2,2/super_hot_regions:149,0x64944a58e16b,0
503.bwaves_r/2,2/super_hot_regions:149,0x64944a58e397,0

503.bwaves_r/2,2/super_hot_regions:151,0x64944a754293,2
503.bwaves_r/2,2/super_hot_regions:151,0x64944a754299,0

503.bwaves_r/2,2/super_hot_regions:152,0x64944a75429b,2
503.bwaves_r/2,2/super_hot_regions:152,0x64944a7542a2,0

503.bwaves_r/2,2/super_hot_regions:153,0x64944a7542a6,1
503.bwaves_r/2,2/super_hot_regions:153,0x64944a7542a9,0

503.bwaves_r/2,2/super_hot_regions:158,0x64944a7543bf,2
503.bwaves_r/2,2/super_hot_regions:158,0x64944a7543c5,0
503.bwaves_r/2,2/super_hot_regions:158,0x64944a7543c8,0

503.bwaves_r/2,2/super_hot_regions:168,0x64944a5877de,2
503.bwaves_r/2,2/super_hot_regions:168,0x64944a5877e9,0

503.bwaves_r/2,2/super_hot_regions:169,0x64944a5877f8,2
503.bwaves_r/2,2/super_hot_regions:169,0x64944a587803,0

503.bwaves_r/2,2/super_hot_regions:17,0x64944a5875f0,2
503.bwaves_r/2,2/super_hot_regions:17,0x64944a5875fe,0

503.bwaves_r/2,2/super_hot_regions:171,0x64944a587511,2
503.bwaves_r/2,2/super_hot_regions:171,0x64944a58751f,0

503.bwaves_r/2,2/super_hot_regions:172,0x64944a5875c9,2
503.bwaves_r/2,2/super_hot_regions:172,0x64944a5875cd,0

503.bwaves_r/2,2/super_hot_regions:174,0x64944a587508,3
503.bwaves_r/2,2/super_hot_regions:174,0x64944a58750c,0
503.bwaves_r/2,2/super_hot_regions:174,0x64944a58763c,0
503.bwaves_r/2,2/super_hot_regions:174,0x64944a587641,0

503.bwaves_r/2,2/super_hot_regions:175,0x64944a5874ed,26
503.bwaves_r/2,2/super_hot_regions:175,0x64944a5874f5,0
503.bwaves_r/2,2/super_hot_regions:175,0x64944a5874fa,0
503.bwaves_r/2,2/super_hot_regions:175,0x64944a587505,0
503.bwaves_r/2,2/super_hot_regions:175,0x64944a587522,0
503.bwaves_r/2,2/super_hot_regions:175,0x64944a58752a,0
503.bwaves_r/2,2/super_hot_regions:175,0x64944a587532,0
503.bwaves_r/2,2/super_hot_regions:175,0x64944a587537,0
503.bwaves_r/2,2/super_hot_regions:175,0x64944a587542,0
503.bwaves_r/2,2/super_hot_regions:175,0x64944a587545,0
503.bwaves_r/2,2/super_hot_regions:175,0x64944a587547,0
503.bwaves_r/2,2/super_hot_regions:175,0x64944a58754b,0
503.bwaves_r/2,2/super_hot_regions:175,0x64944a58754e,0
503.bwaves_r/2,2/super_hot_regions:175,0x64944a587556,0
503.bwaves_r/2,2/super_hot_regions:175,0x64944a587559,0
503.bwaves_r/2,2/super_hot_regions:175,0x64944a58755e,0
503.bwaves_r/2,2/super_hot_regions:175,0x64944a587561,0
503.bwaves_r/2,2/super_hot_regions:175,0x64944a587564,0
503.bwaves_r/2,2/super_hot_regions:175,0x64944a587567,0
503.bwaves_r/2,2/super_hot_regions:175,0x64944a587573,0
503.bwaves_r/2,2/super_hot_regions:175,0x64944a587576,0
503.bwaves_r/2,2/super_hot_regions:175,0x64944a58757d,0
503.bwaves_r/2,2/super_hot_regions:175,0x64944a587580,0
503.bwaves_r/2,2/super_hot_regions:175,0x64944a587586,0
503.bwaves_r/2,2/super_hot_regions:175,0x64944a587589,0
503.bwaves_r/2,2/super_hot_regions:175,0x64944a58758b,0
503.bwaves_r/2,2/super_hot_regions:175,0x64944a587592,0
503.bwaves_r/2,2/super_hot_regions:175,0x64944a58759a,0
503.bwaves_r/2,2/super_hot_regions:175,0x64944a58759d,0
503.bwaves_r/2,2/super_hot_regions:175,0x64944a5875a2,0
503.bwaves_r/2,2/super_hot_regions:175,0x64944a5875a5,0
503.bwaves_r/2,2/super_hot_regions:175,0x64944a5875a8,0
503.bwaves_r/2,2/super_hot_regions:175,0x64944a5875ab,0
503.bwaves_r/2,2/super_hot_regions:175,0x64944a5875b0,0
503.bwaves_r/2,2/super_hot_regions:175,0x64944a5875bb,0
503.bwaves_r/2,2/super_hot_regions:175,0x64944a5875d2,0
503.bwaves_r/2,2/super_hot_regions:175,0x64944a5875da,0
503.bwaves_r/2,2/super_hot_regions:175,0x64944a5875e2,0
503.bwaves_r/2,2/super_hot_regions:175,0x64944a5875e5,0
503.bwaves_r/2,2/super_hot_regions:175,0x64944a5875f0,0
503.bwaves_r/2,2/super_hot_regions:175,0x64944a5875fe,0
503.bwaves_r/2,2/super_hot_regions:175,0x64944a587606,0
503.bwaves_r/2,2/super_hot_regions:175,0x64944a58760e,0
503.bwaves_r/2,2/super_hot_regions:175,0x64944a587618,0
503.bwaves_r/2,2/super_hot_regions:175,0x64944a58761b,0
503.bwaves_r/2,2/super_hot_regions:175,0x64944a58761d,0
503.bwaves_r/2,2/super_hot_regions:175,0x64944a587628,0
503.bwaves_r/2,2/super_hot_regions:175,0x64944a58762b,0
503.bwaves_r/2,2/super_hot_regions:175,0x64944a587632,0
503.bwaves_r/2,2/super_hot_regions:175,0x64944a587637,0
503.bwaves_r/2,2/super_hot_regions:175,0x64944a587639,0
503.bwaves_r/2,2/super_hot_regions:175,0x64944a587645,0
503.bwaves_r/2,2/super_hot_regions:175,0x64944a587648,0
503.bwaves_r/2,2/super_hot_regions:175,0x64944a58764a,0
503.bwaves_r/2,2/super_hot_regions:175,0x64944a587656,0
503.bwaves_r/2,2/super_hot_regions:175,0x64944a587659,0
503.bwaves_r/2,2/super_hot_regions:175,0x64944a58765c,0

503.bwaves_r/2,2/super_hot_regions:176,0x64944a588ccd,2
503.bwaves_r/2,2/super_hot_regions:176,0x64944a588cd1,0

503.bwaves_r/2,2/super_hot_regions:177,0x64944a588cea,2
503.bwaves_r/2,2/super_hot_regions:177,0x64944a588ced,0

503.bwaves_r/2,2/super_hot_regions:178,0x64944a588cf3,1
503.bwaves_r/2,2/super_hot_regions:178,0x64944a588cfd,0

503.bwaves_r/2,2/super_hot_regions:179,0x64944a588cb5,2
503.bwaves_r/2,2/super_hot_regions:179,0x64944a588ce0,0
503.bwaves_r/2,2/super_hot_regions:179,0x64944a588cf6,0
503.bwaves_r/2,2/super_hot_regions:179,0x64944a588d07,0

503.bwaves_r/2,2/super_hot_regions:18,0x64944a587621,3
503.bwaves_r/2,2/super_hot_regions:18,0x64944a58762b,0
503.bwaves_r/2,2/super_hot_regions:18,0x64944a587637,0
503.bwaves_r/2,2/super_hot_regions:18,0x64944a587639,0

503.bwaves_r/2,2/super_hot_regions:181,0x64944a588e1b,2
503.bwaves_r/2,2/super_hot_regions:181,0x64944a588e22,0
503.bwaves_r/2,2/super_hot_regions:181,0x64944a588e2f,0

503.bwaves_r/2,2/super_hot_regions:184,0x64944a588f8f,2
503.bwaves_r/2,2/super_hot_regions:184,0x64944a588f9f,0
503.bwaves_r/2,2/super_hot_regions:184,0x64944a588fa1,0

503.bwaves_r/2,2/super_hot_regions:185,0x64944a588f6e,3
503.bwaves_r/2,2/super_hot_regions:185,0x64944a588f7c,0
503.bwaves_r/2,2/super_hot_regions:185,0x64944a588f83,0
503.bwaves_r/2,2/super_hot_regions:185,0x64944a588f95,0
503.bwaves_r/2,2/super_hot_regions:185,0x64944a588f98,0
503.bwaves_r/2,2/super_hot_regions:185,0x64944a588fa7,0

503.bwaves_r/2,2/super_hot_regions:187,0x64944a5890cc,2
503.bwaves_r/2,2/super_hot_regions:187,0x64944a5890d3,0
503.bwaves_r/2,2/super_hot_regions:187,0x64944a5890e0,0

503.bwaves_r/2,2/super_hot_regions:190,0x64944a754710,2
503.bwaves_r/2,2/super_hot_regions:190,0x64944a754716,0

503.bwaves_r/2,2/super_hot_regions:191,0x64944a754718,2
503.bwaves_r/2,2/super_hot_regions:191,0x64944a75471f,0

503.bwaves_r/2,2/super_hot_regions:192,0x64944a754723,1
503.bwaves_r/2,2/super_hot_regions:192,0x64944a754726,0

503.bwaves_r/2,2/super_hot_regions:197,0x64944a75483c,2
503.bwaves_r/2,2/super_hot_regions:197,0x64944a754842,0
503.bwaves_r/2,2/super_hot_regions:197,0x64944a754845,0

503.bwaves_r/2,2/super_hot_regions:199,0x64944a589225,1
503.bwaves_r/2,2/super_hot_regions:199,0x64944a589240,0

503.bwaves_r/2,2/super_hot_regions:20,0x64944a58763c,2
503.bwaves_r/2,2/super_hot_regions:20,0x64944a587641,0

503.bwaves_r/2,2/super_hot_regions:201,0x64944a589300,2
503.bwaves_r/2,2/super_hot_regions:201,0x64944a589307,0
503.bwaves_r/2,2/super_hot_regions:201,0x64944a589314,0

503.bwaves_r/2,2/super_hot_regions:21,0x64944a587601,7
503.bwaves_r/2,2/super_hot_regions:21,0x64944a587606,0
503.bwaves_r/2,2/super_hot_regions:21,0x64944a587618,0
503.bwaves_r/2,2/super_hot_regions:21,0x64944a58761b,0
503.bwaves_r/2,2/super_hot_regions:21,0x64944a58761d,0
503.bwaves_r/2,2/super_hot_regions:21,0x64944a587628,0
503.bwaves_r/2,2/super_hot_regions:21,0x64944a587632,0
503.bwaves_r/2,2/super_hot_regions:21,0x64944a587645,0
503.bwaves_r/2,2/super_hot_regions:21,0x64944a587648,0
503.bwaves_r/2,2/super_hot_regions:21,0x64944a58764a,0
503.bwaves_r/2,2/super_hot_regions:21,0x64944a587656,0
503.bwaves_r/2,2/super_hot_regions:21,0x64944a587659,0
503.bwaves_r/2,2/super_hot_regions:21,0x64944a58765c,0

503.bwaves_r/2,2/super_hot_regions:36,0x7fb85bb0594e,1
503.bwaves_r/2,2/super_hot_regions:36,0x7fb85bb05a13,0

503.bwaves_r/2,2/super_hot_regions:86,0x64944a58aee0,2
503.bwaves_r/2,2/super_hot_regions:86,0x64944a58aeea,0

503.bwaves_r/2,2/super_hot_regions:98,0x64944a58ec08,2
503.bwaves_r/2,2/super_hot_regions:98,0x64944a58ec0b,0

503.bwaves_r/2,2/super_hot_regions:99,0x64944a58ec11,2
503.bwaves_r/2,2/super_hot_regions:99,0x64944a58ec15,0

503.bwaves_r/3,3/super_hot_regions:103,0x5eb154a49fb1,2
503.bwaves_r/3,3/super_hot_regions:103,0x5eb154a49fce,0

503.bwaves_r/3,3/super_hot_regions:107,0x5eb154a49dcc,1
503.bwaves_r/3,3/super_hot_regions:107,0x5eb154a49dcf,0

503.bwaves_r/3,3/super_hot_regions:108,0x5eb154a49de8,2
503.bwaves_r/3,3/super_hot_regions:108,0x5eb154a49dff,0

503.bwaves_r/3,3/super_hot_regions:112,0x5eb154a4cc08,2
503.bwaves_r/3,3/super_hot_regions:112,0x5eb154a4cc0b,0

503.bwaves_r/3,3/super_hot_regions:113,0x5eb154a4cc11,2
503.bwaves_r/3,3/super_hot_regions:113,0x5eb154a4cc15,0

503.bwaves_r/3,3/super_hot_regions:114,0x5eb154a4cc2d,2
503.bwaves_r/3,3/super_hot_regions:114,0x5eb154a4cc30,0

503.bwaves_r/3,3/super_hot_regions:115,0x5eb154a4cc47,2
503.bwaves_r/3,3/super_hot_regions:115,0x5eb154a4cc4b,0

503.bwaves_r/3,3/super_hot_regions:116,0x5eb154a4cc9c,3
503.bwaves_r/3,3/super_hot_regions:116,0x5eb154a4cca0,0
503.bwaves_r/3,3/super_hot_regions:116,0x5eb154a4cca7,0

503.bwaves_r/3,3/super_hot_regions:118,0x5eb154a4cbcd,7
503.bwaves_r/3,3/super_hot_regions:118,0x5eb154a4cbd0,0
503.bwaves_r/3,3/super_hot_regions:118,0x5eb154a4cbde,0
503.bwaves_r/3,3/super_hot_regions:118,0x5eb154a4cbe4,0
503.bwaves_r/3,3/super_hot_regions:118,0x5eb154a4cbf4,0
503.bwaves_r/3,3/super_hot_regions:118,0x5eb154a4cbf7,0
503.bwaves_r/3,3/super_hot_regions:118,0x5eb154a4cc01,0
503.bwaves_r/3,3/super_hot_regions:118,0x5eb154a4cc04,0
503.bwaves_r/3,3/super_hot_regions:118,0x5eb154a4cc3d,0
503.bwaves_r/3,3/super_hot_regions:118,0x5eb154a4cc44,0
503.bwaves_r/3,3/super_hot_regions:118,0x5eb154a4cc5f,0
503.bwaves_r/3,3/super_hot_regions:118,0x5eb154a4cc67,0
503.bwaves_r/3,3/super_hot_regions:118,0x5eb154a4cc72,0
503.bwaves_r/3,3/super_hot_regions:118,0x5eb154a4cc75,0
503.bwaves_r/3,3/super_hot_regions:118,0x5eb154a4cc7c,0
503.bwaves_r/3,3/super_hot_regions:118,0x5eb154a4cc8a,0
503.bwaves_r/3,3/super_hot_regions:118,0x5eb154a4cc8d,0
503.bwaves_r/3,3/super_hot_regions:118,0x5eb154a4cc90,0
503.bwaves_r/3,3/super_hot_regions:118,0x5eb154a4ccb5,0
503.bwaves_r/3,3/super_hot_regions:118,0x5eb154a4cd33,0
503.bwaves_r/3,3/super_hot_regions:118,0x5eb154a4cd75,0

503.bwaves_r/3,3/super_hot_regions:119,0x5eb154a4cc0d,2
503.bwaves_r/3,3/super_hot_regions:119,0x5eb154a4cc17,0
503.bwaves_r/3,3/super_hot_regions:119,0x5eb154a4ce5f,0

503.bwaves_r/3,3/super_hot_regions:121,0x5eb154a4cc32,2
503.bwaves_r/3,3/super_hot_regions:121,0x5eb154a4cc36,0
503.bwaves_r/3,3/super_hot_regions:121,0x5eb154a4cfea,0

503.bwaves_r/3,3/super_hot_regions:122,0x5eb154a4cc54,2
503.bwaves_r/3,3/super_hot_regions:122,0x5eb154a4cc58,0
503.bwaves_r/3,3/super_hot_regions:122,0x5eb154a4d05c,0

503.bwaves_r/3,3/super_hot_regions:126,0x5eb154a45e78,2
503.bwaves_r/3,3/super_hot_regions:126,0x5eb154a45e8f,0

503.bwaves_r/3,3/super_hot_regions:132,0x5eb154a45f76,2
503.bwaves_r/3,3/super_hot_regions:132,0x5eb154a45f7f,0
503.bwaves_r/3,3/super_hot_regions:132,0x5eb154a45f82,0

503.bwaves_r/3,3/super_hot_regions:135,0x5eb154a45bb2,2
503.bwaves_r/3,3/super_hot_regions:135,0x5eb154a45bb9,0
503.bwaves_r/3,3/super_hot_regions:135,0x5eb154a45bc3,0
503.bwaves_r/3,3/super_hot_regions:135,0x5eb154a45bc6,0
503.bwaves_r/3,3/super_hot_regions:135,0x5eb154a45bc9,0
503.bwaves_r/3,3/super_hot_regions:135,0x5eb154a45bcc,0

503.bwaves_r/3,3/super_hot_regions:149,0x5eb154a4c0ef,2
503.bwaves_r/3,3/super_hot_regions:149,0x5eb154a4c0f3,0

503.bwaves_r/3,3/super_hot_regions:150,0x5eb154a4c114,2
503.bwaves_r/3,3/super_hot_regions:150,0x5eb154a4c118,0

503.bwaves_r/3,3/super_hot_regions:151,0x5eb154a4c137,2
503.bwaves_r/3,3/super_hot_regions:151,0x5eb154a4c13b,0

503.bwaves_r/3,3/super_hot_regions:152,0x5eb154a4c172,2
503.bwaves_r/3,3/super_hot_regions:152,0x5eb154a4c175,0

503.bwaves_r/3,3/super_hot_regions:153,0x5eb154a4c0a6,2
503.bwaves_r/3,3/super_hot_regions:153,0x5eb154a4c0ad,0
503.bwaves_r/3,3/super_hot_regions:153,0x5eb154a4c0b0,0
503.bwaves_r/3,3/super_hot_regions:153,0x5eb154a4c197,0

503.bwaves_r/3,3/super_hot_regions:154,0x5eb154a4c0fe,2
503.bwaves_r/3,3/super_hot_regions:154,0x5eb154a4c102,0
503.bwaves_r/3,3/super_hot_regions:154,0x5eb154a4c1a0,0

503.bwaves_r/3,3/super_hot_regions:155,0x5eb154a4c0d5,2
503.bwaves_r/3,3/super_hot_regions:155,0x5eb154a4c2ed,0

503.bwaves_r/3,3/super_hot_regions:157,0x5eb154a4c167,2
503.bwaves_r/3,3/super_hot_regions:157,0x5eb154a4c16b,0
503.bwaves_r/3,3/super_hot_regions:157,0x5eb154a4c397,0

503.bwaves_r/3,3/super_hot_regions:159,0x5eb154bed293,2
503.bwaves_r/3,3/super_hot_regions:159,0x5eb154bed299,0

503.bwaves_r/3,3/super_hot_regions:160,0x5eb154bed29b,2
503.bwaves_r/3,3/super_hot_regions:160,0x5eb154bed2a2,0

503.bwaves_r/3,3/super_hot_regions:161,0x5eb154bed2a6,1
503.bwaves_r/3,3/super_hot_regions:161,0x5eb154bed2a9,0

503.bwaves_r/3,3/super_hot_regions:166,0x5eb154bed3bf,2
503.bwaves_r/3,3/super_hot_regions:166,0x5eb154bed3c5,0
503.bwaves_r/3,3/super_hot_regions:166,0x5eb154bed3c8,0

503.bwaves_r/3,3/super_hot_regions:168,0x5eb154a46ccd,2
503.bwaves_r/3,3/super_hot_regions:168,0x5eb154a46cd1,0

503.bwaves_r/3,3/super_hot_regions:169,0x5eb154a46cea,2
503.bwaves_r/3,3/super_hot_regions:169,0x5eb154a46ced,0

503.bwaves_r/3,3/super_hot_regions:170,0x5eb154a46cf3,1
503.bwaves_r/3,3/super_hot_regions:170,0x5eb154a46cfd,0

503.bwaves_r/3,3/super_hot_regions:171,0x5eb154a46cb5,2
503.bwaves_r/3,3/super_hot_regions:171,0x5eb154a46ce0,0
503.bwaves_r/3,3/super_hot_regions:171,0x5eb154a46cf6,0
503.bwaves_r/3,3/super_hot_regions:171,0x5eb154a46d07,0

503.bwaves_r/3,3/super_hot_regions:173,0x5eb154a46e1b,2
503.bwaves_r/3,3/super_hot_regions:173,0x5eb154a46e22,0
503.bwaves_r/3,3/super_hot_regions:173,0x5eb154a46e2f,0

503.bwaves_r/3,3/super_hot_regions:176,0x5eb154a457de,2
503.bwaves_r/3,3/super_hot_regions:176,0x5eb154a457e9,0

503.bwaves_r/3,3/super_hot_regions:177,0x5eb154a457f8,2
503.bwaves_r/3,3/super_hot_regions:177,0x5eb154a45803,0

503.bwaves_r/3,3/super_hot_regions:179,0x5eb154a45511,2
503.bwaves_r/3,3/super_hot_regions:179,0x5eb154a4551f,0

503.bwaves_r/3,3/super_hot_regions:180,0x5eb154a455c9,2
503.bwaves_r/3,3/super_hot_regions:180,0x5eb154a455cd,0

503.bwaves_r/3,3/super_hot_regions:182,0x5eb154a45508,3
503.bwaves_r/3,3/super_hot_regions:182,0x5eb154a4550c,0
503.bwaves_r/3,3/super_hot_regions:182,0x5eb154a4563c,0
503.bwaves_r/3,3/super_hot_regions:182,0x5eb154a45641,0

503.bwaves_r/3,3/super_hot_regions:183,0x5eb154a454ed,26
503.bwaves_r/3,3/super_hot_regions:183,0x5eb154a454f5,0
503.bwaves_r/3,3/super_hot_regions:183,0x5eb154a454fa,0
503.bwaves_r/3,3/super_hot_regions:183,0x5eb154a45505,0
503.bwaves_r/3,3/super_hot_regions:183,0x5eb154a45522,0
503.bwaves_r/3,3/super_hot_regions:183,0x5eb154a4552a,0
503.bwaves_r/3,3/super_hot_regions:183,0x5eb154a45532,0
503.bwaves_r/3,3/super_hot_regions:183,0x5eb154a45537,0
503.bwaves_r/3,3/super_hot_regions:183,0x5eb154a45542,0
503.bwaves_r/3,3/super_hot_regions:183,0x5eb154a45545,0
503.bwaves_r/3,3/super_hot_regions:183,0x5eb154a45547,0
503.bwaves_r/3,3/super_hot_regions:183,0x5eb154a4554b,0
503.bwaves_r/3,3/super_hot_regions:183,0x5eb154a4554e,0
503.bwaves_r/3,3/super_hot_regions:183,0x5eb154a45556,0
503.bwaves_r/3,3/super_hot_regions:183,0x5eb154a45559,0
503.bwaves_r/3,3/super_hot_regions:183,0x5eb154a4555e,0
503.bwaves_r/3,3/super_hot_regions:183,0x5eb154a45561,0
503.bwaves_r/3,3/super_hot_regions:183,0x5eb154a45564,0
503.bwaves_r/3,3/super_hot_regions:183,0x5eb154a45567,0
503.bwaves_r/3,3/super_hot_regions:183,0x5eb154a45573,0
503.bwaves_r/3,3/super_hot_regions:183,0x5eb154a45576,0
503.bwaves_r/3,3/super_hot_regions:183,0x5eb154a4557d,0
503.bwaves_r/3,3/super_hot_regions:183,0x5eb154a45580,0
503.bwaves_r/3,3/super_hot_regions:183,0x5eb154a45586,0
503.bwaves_r/3,3/super_hot_regions:183,0x5eb154a45589,0
503.bwaves_r/3,3/super_hot_regions:183,0x5eb154a4558b,0
503.bwaves_r/3,3/super_hot_regions:183,0x5eb154a45592,0
503.bwaves_r/3,3/super_hot_regions:183,0x5eb154a4559a,0
503.bwaves_r/3,3/super_hot_regions:183,0x5eb154a4559d,0
503.bwaves_r/3,3/super_hot_regions:183,0x5eb154a455a2,0
503.bwaves_r/3,3/super_hot_regions:183,0x5eb154a455a5,0
503.bwaves_r/3,3/super_hot_regions:183,0x5eb154a455a8,0
503.bwaves_r/3,3/super_hot_regions:183,0x5eb154a455ab,0
503.bwaves_r/3,3/super_hot_regions:183,0x5eb154a455b0,0
503.bwaves_r/3,3/super_hot_regions:183,0x5eb154a455bb,0
503.bwaves_r/3,3/super_hot_regions:183,0x5eb154a455d2,0
503.bwaves_r/3,3/super_hot_regions:183,0x5eb154a455da,0
503.bwaves_r/3,3/super_hot_regions:183,0x5eb154a455e2,0
503.bwaves_r/3,3/super_hot_regions:183,0x5eb154a455e5,0
503.bwaves_r/3,3/super_hot_regions:183,0x5eb154a455f0,0
503.bwaves_r/3,3/super_hot_regions:183,0x5eb154a455fe,0
503.bwaves_r/3,3/super_hot_regions:183,0x5eb154a45606,0
503.bwaves_r/3,3/super_hot_regions:183,0x5eb154a4560e,0
503.bwaves_r/3,3/super_hot_regions:183,0x5eb154a45618,0
503.bwaves_r/3,3/super_hot_regions:183,0x5eb154a4561b,0
503.bwaves_r/3,3/super_hot_regions:183,0x5eb154a4561d,0
503.bwaves_r/3,3/super_hot_regions:183,0x5eb154a45628,0
503.bwaves_r/3,3/super_hot_regions:183,0x5eb154a4562b,0
503.bwaves_r/3,3/super_hot_regions:183,0x5eb154a45632,0
503.bwaves_r/3,3/super_hot_regions:183,0x5eb154a45637,0
503.bwaves_r/3,3/super_hot_regions:183,0x5eb154a45639,0
503.bwaves_r/3,3/super_hot_regions:183,0x5eb154a45645,0
503.bwaves_r/3,3/super_hot_regions:183,0x5eb154a45648,0
503.bwaves_r/3,3/super_hot_regions:183,0x5eb154a4564a,0
503.bwaves_r/3,3/super_hot_regions:183,0x5eb154a45656,0
503.bwaves_r/3,3/super_hot_regions:183,0x5eb154a45659,0
503.bwaves_r/3,3/super_hot_regions:183,0x5eb154a4565c,0

503.bwaves_r/3,3/super_hot_regions:184,0x5eb154a46f8f,2
503.bwaves_r/3,3/super_hot_regions:184,0x5eb154a46f9f,0
503.bwaves_r/3,3/super_hot_regions:184,0x5eb154a46fa1,0

503.bwaves_r/3,3/super_hot_regions:185,0x5eb154a46f6e,3
503.bwaves_r/3,3/super_hot_regions:185,0x5eb154a46f7c,0
503.bwaves_r/3,3/super_hot_regions:185,0x5eb154a46f83,0
503.bwaves_r/3,3/super_hot_regions:185,0x5eb154a46f95,0
503.bwaves_r/3,3/super_hot_regions:185,0x5eb154a46f98,0
503.bwaves_r/3,3/super_hot_regions:185,0x5eb154a46fa7,0

503.bwaves_r/3,3/super_hot_regions:187,0x5eb154a470cc,2
503.bwaves_r/3,3/super_hot_regions:187,0x5eb154a470d3,0
503.bwaves_r/3,3/super_hot_regions:187,0x5eb154a470e0,0

503.bwaves_r/3,3/super_hot_regions:190,0x5eb154a47225,1
503.bwaves_r/3,3/super_hot_regions:190,0x5eb154a47240,0

503.bwaves_r/3,3/super_hot_regions:192,0x5eb154a47300,2
503.bwaves_r/3,3/super_hot_regions:192,0x5eb154a47307,0
503.bwaves_r/3,3/super_hot_regions:192,0x5eb154a47314,0

503.bwaves_r/3,3/super_hot_regions:195,0x5eb154bed710,2
503.bwaves_r/3,3/super_hot_regions:195,0x5eb154bed716,0

503.bwaves_r/3,3/super_hot_regions:196,0x5eb154bed718,2
503.bwaves_r/3,3/super_hot_regions:196,0x5eb154bed71f,0

503.bwaves_r/3,3/super_hot_regions:197,0x5eb154bed723,1
503.bwaves_r/3,3/super_hot_regions:197,0x5eb154bed726,0

503.bwaves_r/3,3/super_hot_regions:202,0x5eb154bed83c,2
503.bwaves_r/3,3/super_hot_regions:202,0x5eb154bed842,0
503.bwaves_r/3,3/super_hot_regions:202,0x5eb154bed845,0

503.bwaves_r/3,3/super_hot_regions:204,0x5eb154a467b7,2
503.bwaves_r/3,3/super_hot_regions:204,0x5eb154a467bb,0

503.bwaves_r/3,3/super_hot_regions:205,0x5eb154a467d5,2
503.bwaves_r/3,3/super_hot_regions:205,0x5eb154a467da,0

503.bwaves_r/3,3/super_hot_regions:206,0x5eb154a467e0,1
503.bwaves_r/3,3/super_hot_regions:206,0x5eb154a467ea,0

503.bwaves_r/3,3/super_hot_regions:207,0x5eb154a4679f,2
503.bwaves_r/3,3/super_hot_regions:207,0x5eb154a467cb,0
503.bwaves_r/3,3/super_hot_regions:207,0x5eb154a467e3,0
503.bwaves_r/3,3/super_hot_regions:207,0x5eb154a467f4,0

503.bwaves_r/3,3/super_hot_regions:23,0x7f367c4cd94e,1
503.bwaves_r/3,3/super_hot_regions:23,0x7f367c4cda13,0

503.bwaves_r/3,3/super_hot_regions:28,0x5eb154a4578b,4
503.bwaves_r/3,3/super_hot_regions:28,0x5eb154a45793,0
503.bwaves_r/3,3/super_hot_regions:28,0x5eb154a45798,0
503.bwaves_r/3,3/super_hot_regions:28,0x5eb154a4579d,0
503.bwaves_r/3,3/super_hot_regions:28,0x5eb154a457a2,0
503.bwaves_r/3,3/super_hot_regions:28,0x5eb154a457a7,0

503.bwaves_r/3,3/super_hot_regions:29,0x5eb154a457b3,2
503.bwaves_r/3,3/super_hot_regions:29,0x5eb154a457c0,0

503.bwaves_r/3,3/super_hot_regions:30,0x5eb154a45790,1
503.bwaves_r/3,3/super_hot_regions:30,0x5eb154a457c5,0

503.bwaves_r/3,3/super_hot_regions:34,0x5eb154a455f0,2
503.bwaves_r/3,3/super_hot_regions:34,0x5eb154a455fe,0

503.bwaves_r/3,3/super_hot_regions:35,0x5eb154a45621,3
503.bwaves_r/3,3/super_hot_regions:35,0x5eb154a4562b,0
503.bwaves_r/3,3/super_hot_regions:35,0x5eb154a45637,0
503.bwaves_r/3,3/super_hot_regions:35,0x5eb154a45639,0

503.bwaves_r/3,3/super_hot_regions:37,0x5eb154a4563c,2
503.bwaves_r/3,3/super_hot_regions:37,0x5eb154a45641,0

503.bwaves_r/3,3/super_hot_regions:38,0x5eb154a45601,7
503.bwaves_r/3,3/super_hot_regions:38,0x5eb154a45606,0
503.bwaves_r/3,3/super_hot_regions:38,0x5eb154a45618,0
503.bwaves_r/3,3/super_hot_regions:38,0x5eb154a4561b,0
503.bwaves_r/3,3/super_hot_regions:38,0x5eb154a4561d,0
503.bwaves_r/3,3/super_hot_regions:38,0x5eb154a45628,0
503.bwaves_r/3,3/super_hot_regions:38,0x5eb154a45632,0
503.bwaves_r/3,3/super_hot_regions:38,0x5eb154a45645,0
503.bwaves_r/3,3/super_hot_regions:38,0x5eb154a45648,0
503.bwaves_r/3,3/super_hot_regions:38,0x5eb154a4564a,0
503.bwaves_r/3,3/super_hot_regions:38,0x5eb154a45656,0
503.bwaves_r/3,3/super_hot_regions:38,0x5eb154a45659,0
503.bwaves_r/3,3/super_hot_regions:38,0x5eb154a4565c,0

503.bwaves_r/3,3/super_hot_regions:91,0x5eb154a48ee0,2
503.bwaves_r/3,3/super_hot_regions:91,0x5eb154a48eea,0

503.bwaves_r/4,4/super_hot_regions:102,0x5693fc67ac08,2
503.bwaves_r/4,4/super_hot_regions:102,0x5693fc67ac0b,0

503.bwaves_r/4,4/super_hot_regions:103,0x5693fc67ac11,2
503.bwaves_r/4,4/super_hot_regions:103,0x5693fc67ac15,0

503.bwaves_r/4,4/super_hot_regions:104,0x5693fc67ac2d,2
503.bwaves_r/4,4/super_hot_regions:104,0x5693fc67ac30,0

503.bwaves_r/4,4/super_hot_regions:105,0x5693fc67ac47,2
503.bwaves_r/4,4/super_hot_regions:105,0x5693fc67ac4b,0

503.bwaves_r/4,4/super_hot_regions:106,0x5693fc67ac9c,3
503.bwaves_r/4,4/super_hot_regions:106,0x5693fc67aca0,0
503.bwaves_r/4,4/super_hot_regions:106,0x5693fc67aca7,0

503.bwaves_r/4,4/super_hot_regions:108,0x5693fc67abcd,7
503.bwaves_r/4,4/super_hot_regions:108,0x5693fc67abd0,0
503.bwaves_r/4,4/super_hot_regions:108,0x5693fc67abde,0
503.bwaves_r/4,4/super_hot_regions:108,0x5693fc67abe4,0
503.bwaves_r/4,4/super_hot_regions:108,0x5693fc67abf4,0
503.bwaves_r/4,4/super_hot_regions:108,0x5693fc67abf7,0
503.bwaves_r/4,4/super_hot_regions:108,0x5693fc67ac01,0
503.bwaves_r/4,4/super_hot_regions:108,0x5693fc67ac04,0
503.bwaves_r/4,4/super_hot_regions:108,0x5693fc67ac3d,0
503.bwaves_r/4,4/super_hot_regions:108,0x5693fc67ac44,0
503.bwaves_r/4,4/super_hot_regions:108,0x5693fc67ac5f,0
503.bwaves_r/4,4/super_hot_regions:108,0x5693fc67ac67,0
503.bwaves_r/4,4/super_hot_regions:108,0x5693fc67ac72,0
503.bwaves_r/4,4/super_hot_regions:108,0x5693fc67ac75,0
503.bwaves_r/4,4/super_hot_regions:108,0x5693fc67ac7c,0
503.bwaves_r/4,4/super_hot_regions:108,0x5693fc67ac8a,0
503.bwaves_r/4,4/super_hot_regions:108,0x5693fc67ac8d,0
503.bwaves_r/4,4/super_hot_regions:108,0x5693fc67ac90,0
503.bwaves_r/4,4/super_hot_regions:108,0x5693fc67acb5,0
503.bwaves_r/4,4/super_hot_regions:108,0x5693fc67ad33,0
503.bwaves_r/4,4/super_hot_regions:108,0x5693fc67ad75,0

503.bwaves_r/4,4/super_hot_regions:109,0x5693fc67ac0d,2
503.bwaves_r/4,4/super_hot_regions:109,0x5693fc67ac17,0
503.bwaves_r/4,4/super_hot_regions:109,0x5693fc67ae5f,0

503.bwaves_r/4,4/super_hot_regions:111,0x5693fc67ac32,2
503.bwaves_r/4,4/super_hot_regions:111,0x5693fc67ac36,0
503.bwaves_r/4,4/super_hot_regions:111,0x5693fc67afea,0

503.bwaves_r/4,4/super_hot_regions:112,0x5693fc67ac54,2
503.bwaves_r/4,4/super_hot_regions:112,0x5693fc67ac58,0
503.bwaves_r/4,4/super_hot_regions:112,0x5693fc67b05c,0

503.bwaves_r/4,4/super_hot_regions:117,0x5693fc67a0ef,2
503.bwaves_r/4,4/super_hot_regions:117,0x5693fc67a0f3,0

503.bwaves_r/4,4/super_hot_regions:118,0x5693fc67a114,2
503.bwaves_r/4,4/super_hot_regions:118,0x5693fc67a118,0

503.bwaves_r/4,4/super_hot_regions:119,0x5693fc67a137,2
503.bwaves_r/4,4/super_hot_regions:119,0x5693fc67a13b,0

503.bwaves_r/4,4/super_hot_regions:120,0x5693fc67a172,2
503.bwaves_r/4,4/super_hot_regions:120,0x5693fc67a175,0

503.bwaves_r/4,4/super_hot_regions:121,0x5693fc67a0a6,2
503.bwaves_r/4,4/super_hot_regions:121,0x5693fc67a0ad,0
503.bwaves_r/4,4/super_hot_regions:121,0x5693fc67a0b0,0
503.bwaves_r/4,4/super_hot_regions:121,0x5693fc67a197,0

503.bwaves_r/4,4/super_hot_regions:122,0x5693fc67a0fe,2
503.bwaves_r/4,4/super_hot_regions:122,0x5693fc67a102,0
503.bwaves_r/4,4/super_hot_regions:122,0x5693fc67a1a0,0

503.bwaves_r/4,4/super_hot_regions:123,0x5693fc67a0d5,2
503.bwaves_r/4,4/super_hot_regions:123,0x5693fc67a2ed,0

503.bwaves_r/4,4/super_hot_regions:125,0x5693fc67a167,2
503.bwaves_r/4,4/super_hot_regions:125,0x5693fc67a16b,0
503.bwaves_r/4,4/super_hot_regions:125,0x5693fc67a397,0

503.bwaves_r/4,4/super_hot_regions:128,0x5693fc673e78,2
503.bwaves_r/4,4/super_hot_regions:128,0x5693fc673e8f,0

503.bwaves_r/4,4/super_hot_regions:134,0x5693fc673f76,2
503.bwaves_r/4,4/super_hot_regions:134,0x5693fc673f7f,0
503.bwaves_r/4,4/super_hot_regions:134,0x5693fc673f82,0

503.bwaves_r/4,4/super_hot_regions:136,0x5693fc673bb2,2
503.bwaves_r/4,4/super_hot_regions:136,0x5693fc673bb9,0
503.bwaves_r/4,4/super_hot_regions:136,0x5693fc673bc3,0
503.bwaves_r/4,4/super_hot_regions:136,0x5693fc673bc6,0
503.bwaves_r/4,4/super_hot_regions:136,0x5693fc673bc9,0
503.bwaves_r/4,4/super_hot_regions:136,0x5693fc673bcc,0

503.bwaves_r/4,4/super_hot_regions:147,0x5693fc677fb1,2
503.bwaves_r/4,4/super_hot_regions:147,0x5693fc677fce,0

503.bwaves_r/4,4/super_hot_regions:153,0x5693fc677dcc,1
503.bwaves_r/4,4/super_hot_regions:153,0x5693fc677dcf,0

503.bwaves_r/4,4/super_hot_regions:154,0x5693fc677de8,2
503.bwaves_r/4,4/super_hot_regions:154,0x5693fc677dff,0

503.bwaves_r/4,4/super_hot_regions:157,0x5693fc839293,2
503.bwaves_r/4,4/super_hot_regions:157,0x5693fc839299,0

503.bwaves_r/4,4/super_hot_regions:158,0x5693fc83929b,2
503.bwaves_r/4,4/super_hot_regions:158,0x5693fc8392a2,0

503.bwaves_r/4,4/super_hot_regions:159,0x5693fc8392a6,1
503.bwaves_r/4,4/super_hot_regions:159,0x5693fc8392a9,0

503.bwaves_r/4,4/super_hot_regions:164,0x5693fc8393bf,2
503.bwaves_r/4,4/super_hot_regions:164,0x5693fc8393c5,0
503.bwaves_r/4,4/super_hot_regions:164,0x5693fc8393c8,0

503.bwaves_r/4,4/super_hot_regions:172,0x5693fc67c084,1
503.bwaves_r/4,4/super_hot_regions:172,0x5693fc67c090,0

503.bwaves_r/4,4/super_hot_regions:182,0x5693fc839710,2
503.bwaves_r/4,4/super_hot_regions:182,0x5693fc839716,0

503.bwaves_r/4,4/super_hot_regions:183,0x5693fc839718,2
503.bwaves_r/4,4/super_hot_regions:183,0x5693fc83971f,0

503.bwaves_r/4,4/super_hot_regions:184,0x5693fc839723,1
503.bwaves_r/4,4/super_hot_regions:184,0x5693fc839726,0

503.bwaves_r/4,4/super_hot_regions:189,0x5693fc83983c,2
503.bwaves_r/4,4/super_hot_regions:189,0x5693fc839842,0
503.bwaves_r/4,4/super_hot_regions:189,0x5693fc839845,0

503.bwaves_r/4,4/super_hot_regions:193,0x5693fc674e1b,2
503.bwaves_r/4,4/super_hot_regions:193,0x5693fc674e22,0
503.bwaves_r/4,4/super_hot_regions:193,0x5693fc674e2f,0

503.bwaves_r/4,4/super_hot_regions:195,0x5693fc674ccd,2
503.bwaves_r/4,4/super_hot_regions:195,0x5693fc674cd1,0

503.bwaves_r/4,4/super_hot_regions:196,0x5693fc674cea,2
503.bwaves_r/4,4/super_hot_regions:196,0x5693fc674ced,0

503.bwaves_r/4,4/super_hot_regions:197,0x5693fc674cf3,1
503.bwaves_r/4,4/super_hot_regions:197,0x5693fc674cfd,0

503.bwaves_r/4,4/super_hot_regions:198,0x5693fc674cb5,2
503.bwaves_r/4,4/super_hot_regions:198,0x5693fc674ce0,0
503.bwaves_r/4,4/super_hot_regions:198,0x5693fc674cf6,0
503.bwaves_r/4,4/super_hot_regions:198,0x5693fc674d07,0

503.bwaves_r/4,4/super_hot_regions:201,0x5693fc674f8f,2
503.bwaves_r/4,4/super_hot_regions:201,0x5693fc674f9f,0
503.bwaves_r/4,4/super_hot_regions:201,0x5693fc674fa1,0

503.bwaves_r/4,4/super_hot_regions:202,0x5693fc674f6e,3
503.bwaves_r/4,4/super_hot_regions:202,0x5693fc674f7c,0
503.bwaves_r/4,4/super_hot_regions:202,0x5693fc674f83,0
503.bwaves_r/4,4/super_hot_regions:202,0x5693fc674f95,0
503.bwaves_r/4,4/super_hot_regions:202,0x5693fc674f98,0
503.bwaves_r/4,4/super_hot_regions:202,0x5693fc674fa7,0

503.bwaves_r/4,4/super_hot_regions:26,0x5693fc67378b,4
503.bwaves_r/4,4/super_hot_regions:26,0x5693fc673793,0
503.bwaves_r/4,4/super_hot_regions:26,0x5693fc673798,0
503.bwaves_r/4,4/super_hot_regions:26,0x5693fc67379d,0
503.bwaves_r/4,4/super_hot_regions:26,0x5693fc6737a2,0
503.bwaves_r/4,4/super_hot_regions:26,0x5693fc6737a7,0

503.bwaves_r/4,4/super_hot_regions:27,0x5693fc6737b3,2
503.bwaves_r/4,4/super_hot_regions:27,0x5693fc6737c0,0

503.bwaves_r/4,4/super_hot_regions:28,0x5693fc673790,1
503.bwaves_r/4,4/super_hot_regions:28,0x5693fc6737c5,0

503.bwaves_r/4,4/super_hot_regions:32,0x5693fc6735f0,2
503.bwaves_r/4,4/super_hot_regions:32,0x5693fc6735fe,0

503.bwaves_r/4,4/super_hot_regions:33,0x5693fc673621,3
503.bwaves_r/4,4/super_hot_regions:33,0x5693fc67362b,0
503.bwaves_r/4,4/super_hot_regions:33,0x5693fc673637,0
503.bwaves_r/4,4/super_hot_regions:33,0x5693fc673639,0

503.bwaves_r/4,4/super_hot_regions:35,0x5693fc67363c,2
503.bwaves_r/4,4/super_hot_regions:35,0x5693fc673641,0

503.bwaves_r/4,4/super_hot_regions:36,0x5693fc673601,7
503.bwaves_r/4,4/super_hot_regions:36,0x5693fc673606,0
503.bwaves_r/4,4/super_hot_regions:36,0x5693fc673618,0
503.bwaves_r/4,4/super_hot_regions:36,0x5693fc67361b,0
503.bwaves_r/4,4/super_hot_regions:36,0x5693fc67361d,0
503.bwaves_r/4,4/super_hot_regions:36,0x5693fc673628,0
503.bwaves_r/4,4/super_hot_regions:36,0x5693fc673632,0
503.bwaves_r/4,4/super_hot_regions:36,0x5693fc673645,0
503.bwaves_r/4,4/super_hot_regions:36,0x5693fc673648,0
503.bwaves_r/4,4/super_hot_regions:36,0x5693fc67364a,0
503.bwaves_r/4,4/super_hot_regions:36,0x5693fc673656,0
503.bwaves_r/4,4/super_hot_regions:36,0x5693fc673659,0
503.bwaves_r/4,4/super_hot_regions:36,0x5693fc67365c,0

503.bwaves_r/4,4/super_hot_regions:51,0x73a5fce4d94e,1
503.bwaves_r/4,4/super_hot_regions:51,0x73a5fce4da13,0

503.bwaves_r/4,4/super_hot_regions:78,0x5693fc676ee0,2
503.bwaves_r/4,4/super_hot_regions:78,0x5693fc676eea,0

505.mcf_r/1,1/super_hot_regions:100,0x61d4948f1050,2
505.mcf_r/1,1/super_hot_regions:100,0x61d4948f105d,0

505.mcf_r/1,1/super_hot_regions:102,0x61d4948f1d01,1
505.mcf_r/1,1/super_hot_regions:102,0x61d4948f1d0a,0

505.mcf_r/1,1/super_hot_regions:103,0x61d4948f1cff,1
505.mcf_r/1,1/super_hot_regions:103,0x61d4948f1d0d,0

505.mcf_r/1,1/super_hot_regions:105,0x61d4948f1bc2,1
505.mcf_r/1,1/super_hot_regions:105,0x61d4948f1bcb,0

505.mcf_r/1,1/super_hot_regions:107,0x61d4948ecc92,3
505.mcf_r/1,1/super_hot_regions:107,0x61d4948ecc96,0
505.mcf_r/1,1/super_hot_regions:107,0x61d4948ecc9a,0
505.mcf_r/1,1/super_hot_regions:107,0x61d4948ecc9d,0
505.mcf_r/1,1/super_hot_regions:107,0x61d4948ecca1,0

505.mcf_r/1,1/super_hot_regions:110,0x61d4948ec81a,1
505.mcf_r/1,1/super_hot_regions:110,0x61d4948ec81e,0

505.mcf_r/1,1/super_hot_regions:117,0x61d4948f0a23,1
505.mcf_r/1,1/super_hot_regions:117,0x61d4948f0a29,0

505.mcf_r/1,1/super_hot_regions:119,0x61d4948f0644,2
505.mcf_r/1,1/super_hot_regions:119,0x61d4948f0648,0

505.mcf_r/1,1/super_hot_regions:12,0x61d4948eff90,3
505.mcf_r/1,1/super_hot_regions:12,0x61d4948eff93,0
505.mcf_r/1,1/super_hot_regions:12,0x61d4948eff96,0
505.mcf_r/1,1/super_hot_regions:12,0x61d4948eff98,0
505.mcf_r/1,1/super_hot_regions:12,0x61d4948eff9a,0

505.mcf_r/1,1/super_hot_regions:120,0x61d4948f0641,2
505.mcf_r/1,1/super_hot_regions:120,0x61d4948f064b,0

505.mcf_r/1,1/super_hot_regions:122,0x61d4948f067f,1
505.mcf_r/1,1/super_hot_regions:122,0x61d4948f0688,0

505.mcf_r/1,1/super_hot_regions:123,0x61d4948f0682,1
505.mcf_r/1,1/super_hot_regions:123,0x61d4948f069b,0
505.mcf_r/1,1/super_hot_regions:123,0x61d4948f069e,0

505.mcf_r/1,1/super_hot_regions:128,0x61d4948f16bf,2
505.mcf_r/1,1/super_hot_regions:128,0x61d4948f16ca,0
505.mcf_r/1,1/super_hot_regions:128,0x61d4948f16cd,0

505.mcf_r/1,1/super_hot_regions:130,0x61d4948f261b,2
505.mcf_r/1,1/super_hot_regions:130,0x61d4948f2623,0
505.mcf_r/1,1/super_hot_regions:130,0x61d4948f262a,0
505.mcf_r/1,1/super_hot_regions:130,0x61d4948f262e,0
505.mcf_r/1,1/super_hot_regions:130,0x61d4948f2631,0
505.mcf_r/1,1/super_hot_regions:130,0x61d4948f2634,0

505.mcf_r/1,1/super_hot_regions:132,0x61d4948f329f,2
505.mcf_r/1,1/super_hot_regions:132,0x61d4948f32ad,0

505.mcf_r/1,1/super_hot_regions:133,0x61d4948f3299,2
505.mcf_r/1,1/super_hot_regions:133,0x61d4948f329c,0
505.mcf_r/1,1/super_hot_regions:133,0x61d4948f32a9,0
505.mcf_r/1,1/super_hot_regions:133,0x61d4948f32b1,0

505.mcf_r/1,1/super_hot_regions:137,0x61d4948f0aba,1
505.mcf_r/1,1/super_hot_regions:137,0x61d4948f0abd,0

505.mcf_r/1,1/super_hot_regions:14,0x61d4948eda40,2
505.mcf_r/1,1/super_hot_regions:14,0x61d4948eda4d,0

505.mcf_r/1,1/super_hot_regions:145,0x61d4948f04c3,2
505.mcf_r/1,1/super_hot_regions:145,0x61d4948f04c7,0

505.mcf_r/1,1/super_hot_regions:146,0x61d4948f04f8,2
505.mcf_r/1,1/super_hot_regions:146,0x61d4948f0500,0

505.mcf_r/1,1/super_hot_regions:147,0x61d4948f0532,2
505.mcf_r/1,1/super_hot_regions:147,0x61d4948f053a,0

505.mcf_r/1,1/super_hot_regions:148,0x61d4948f046c,9
505.mcf_r/1,1/super_hot_regions:148,0x61d4948f046e,0
505.mcf_r/1,1/super_hot_regions:148,0x61d4948f047d,0
505.mcf_r/1,1/super_hot_regions:148,0x61d4948f0482,0
505.mcf_r/1,1/super_hot_regions:148,0x61d4948f0485,0
505.mcf_r/1,1/super_hot_regions:148,0x61d4948f0491,0
505.mcf_r/1,1/super_hot_regions:148,0x61d4948f0494,0
505.mcf_r/1,1/super_hot_regions:148,0x61d4948f0498,0
505.mcf_r/1,1/super_hot_regions:148,0x61d4948f04a0,0
505.mcf_r/1,1/super_hot_regions:148,0x61d4948f04a3,0
505.mcf_r/1,1/super_hot_regions:148,0x61d4948f04a8,0
505.mcf_r/1,1/super_hot_regions:148,0x61d4948f04ab,0
505.mcf_r/1,1/super_hot_regions:148,0x61d4948f04b0,0
505.mcf_r/1,1/super_hot_regions:148,0x61d4948f04b3,0
505.mcf_r/1,1/super_hot_regions:148,0x61d4948f04b7,0
505.mcf_r/1,1/super_hot_regions:148,0x61d4948f04ba,0
505.mcf_r/1,1/super_hot_regions:148,0x61d4948f04be,0
505.mcf_r/1,1/super_hot_regions:148,0x61d4948f04cc,0
505.mcf_r/1,1/super_hot_regions:148,0x61d4948f04cf,0
505.mcf_r/1,1/super_hot_regions:148,0x61d4948f04d3,0
505.mcf_r/1,1/super_hot_regions:148,0x61d4948f04d8,0
505.mcf_r/1,1/super_hot_regions:148,0x61d4948f04dc,0
505.mcf_r/1,1/super_hot_regions:148,0x61d4948f04e0,0
505.mcf_r/1,1/super_hot_regions:148,0x61d4948f04e8,0
505.mcf_r/1,1/super_hot_regions:148,0x61d4948f04eb,0
505.mcf_r/1,1/super_hot_regions:148,0x61d4948f04ef,0
505.mcf_r/1,1/super_hot_regions:148,0x61d4948f04f3,0
505.mcf_r/1,1/super_hot_regions:148,0x61d4948f0505,0
505.mcf_r/1,1/super_hot_regions:148,0x61d4948f0508,0
505.mcf_r/1,1/super_hot_regions:148,0x61d4948f050c,0
505.mcf_r/1,1/super_hot_regions:148,0x61d4948f0514,0
505.mcf_r/1,1/super_hot_regions:148,0x61d4948f0518,0
505.mcf_r/1,1/super_hot_regions:148,0x61d4948f051c,0
505.mcf_r/1,1/super_hot_regions:148,0x61d4948f0524,0
505.mcf_r/1,1/super_hot_regions:148,0x61d4948f0527,0
505.mcf_r/1,1/super_hot_regions:148,0x61d4948f052f,0
505.mcf_r/1,1/super_hot_regions:148,0x61d4948f0543,0
505.mcf_r/1,1/super_hot_regions:148,0x61d4948f0548,0
505.mcf_r/1,1/super_hot_regions:148,0x61d4948f054c,0
505.mcf_r/1,1/super_hot_regions:148,0x61d4948f0551,0
505.mcf_r/1,1/super_hot_regions:148,0x61d4948f0559,0
505.mcf_r/1,1/super_hot_regions:148,0x61d4948f055e,0

505.mcf_r/1,1/super_hot_regions:149,0x61d4948f0451,2
505.mcf_r/1,1/super_hot_regions:149,0x61d4948f0471,0
505.mcf_r/1,1/super_hot_regions:149,0x61d4948f0563,0
505.mcf_r/1,1/super_hot_regions:149,0x61d4948f056b,0

505.mcf_r/1,1/super_hot_regions:15,0x61d4948eda51,2
505.mcf_r/1,1/super_hot_regions:15,0x61d4948eda55,0

505.mcf_r/1,1/super_hot_regions:154,0x61d4948f1040,1
505.mcf_r/1,1/super_hot_regions:154,0x61d4948f1043,0

505.mcf_r/1,1/super_hot_regions:156,0x61d4948f1be4,3
505.mcf_r/1,1/super_hot_regions:156,0x61d4948f1bec,0
505.mcf_r/1,1/super_hot_regions:156,0x61d4948f1bf8,0
505.mcf_r/1,1/super_hot_regions:156,0x61d4948f1c0d,0
505.mcf_r/1,1/super_hot_regions:156,0x61d4948f1c18,0

505.mcf_r/1,1/super_hot_regions:16,0x61d4948eda59,2
505.mcf_r/1,1/super_hot_regions:16,0x61d4948eda5d,0
505.mcf_r/1,1/super_hot_regions:16,0x61d4948eda61,0

505.mcf_r/1,1/super_hot_regions:160,0x61d4948ed9f3,2
505.mcf_r/1,1/super_hot_regions:160,0x61d4948eda09,0
505.mcf_r/1,1/super_hot_regions:160,0x61d4948eda15,0

505.mcf_r/1,1/super_hot_regions:164,0x61d4948ee630,2
505.mcf_r/1,1/super_hot_regions:164,0x61d4948ee637,0
505.mcf_r/1,1/super_hot_regions:164,0x61d4948ee63f,0
505.mcf_r/1,1/super_hot_regions:164,0x61d4948ee643,0

505.mcf_r/1,1/super_hot_regions:169,0x61d4948ee673,2
505.mcf_r/1,1/super_hot_regions:169,0x61d4948ee67e,0

505.mcf_r/1,1/super_hot_regions:17,0x61d4948eda65,2
505.mcf_r/1,1/super_hot_regions:17,0x61d4948eda69,0

505.mcf_r/1,1/super_hot_regions:170,0x61d4948ee65d,1
505.mcf_r/1,1/super_hot_regions:170,0x61d4948ee68b,0

505.mcf_r/1,1/super_hot_regions:18,0x61d4948eda6d,2
505.mcf_r/1,1/super_hot_regions:18,0x61d4948eda6f,0

505.mcf_r/1,1/super_hot_regions:23,0x61d4948f0c02,2
505.mcf_r/1,1/super_hot_regions:23,0x61d4948f0c0a,0

505.mcf_r/1,1/super_hot_regions:26,0x61d4948f06bc,2
505.mcf_r/1,1/super_hot_regions:26,0x61d4948f06cc,0
505.mcf_r/1,1/super_hot_regions:26,0x61d4948f06cf,0

505.mcf_r/1,1/super_hot_regions:28,0x61d4948f09ea,2
505.mcf_r/1,1/super_hot_regions:28,0x61d4948f09ee,0

505.mcf_r/1,1/super_hot_regions:29,0x61d4948f09e7,2
505.mcf_r/1,1/super_hot_regions:29,0x61d4948f09f1,0

505.mcf_r/1,1/super_hot_regions:33,0x61d4948ed4a0,2
505.mcf_r/1,1/super_hot_regions:33,0x61d4948ed4a2,0
505.mcf_r/1,1/super_hot_regions:33,0x61d4948ed4a4,0

505.mcf_r/1,1/super_hot_regions:36,0x61d4948ee0cb,2
505.mcf_r/1,1/super_hot_regions:36,0x61d4948ee0cf,0

505.mcf_r/1,1/super_hot_regions:38,0x61d4948ec990,2
505.mcf_r/1,1/super_hot_regions:38,0x61d4948ec994,0

505.mcf_r/1,1/super_hot_regions:44,0x61d4948eea1c,2
505.mcf_r/1,1/super_hot_regions:44,0x61d4948eea20,0

505.mcf_r/1,1/super_hot_regions:48,0x61d4948ed6fc,2
505.mcf_r/1,1/super_hot_regions:48,0x61d4948ed700,0

505.mcf_r/1,1/super_hot_regions:49,0x61d4948ed70d,1
505.mcf_r/1,1/super_hot_regions:49,0x61d4948ed714,0

505.mcf_r/1,1/super_hot_regions:52,0x61d4948ee0f0,2
505.mcf_r/1,1/super_hot_regions:52,0x61d4948ee0f4,0
505.mcf_r/1,1/super_hot_regions:52,0x61d4948ee0fb,0
505.mcf_r/1,1/super_hot_regions:52,0x61d4948ee0ff,0

505.mcf_r/1,1/super_hot_regions:55,0x61d4948f1c83,1
505.mcf_r/1,1/super_hot_regions:55,0x61d4948f1c91,0

505.mcf_r/1,1/super_hot_regions:56,0x61d4948f1c8e,1
505.mcf_r/1,1/super_hot_regions:56,0x61d4948f1c94,0

505.mcf_r/1,1/super_hot_regions:58,0x61d4948ee5f8,1
505.mcf_r/1,1/super_hot_regions:58,0x61d4948ee5fb,0
505.mcf_r/1,1/super_hot_regions:58,0x61d4948ee5ff,0
505.mcf_r/1,1/super_hot_regions:58,0x61d4948ee602,0

505.mcf_r/1,1/super_hot_regions:6,0x61d4948ee097,1
505.mcf_r/1,1/super_hot_regions:6,0x61d4948ee0ad,0

505.mcf_r/1,1/super_hot_regions:60,0x61d4948ee8d6,2
505.mcf_r/1,1/super_hot_regions:60,0x61d4948ee8db,0

505.mcf_r/1,1/super_hot_regions:63,0x61d4948eeb00,3
505.mcf_r/1,1/super_hot_regions:63,0x61d4948eeb04,0
505.mcf_r/1,1/super_hot_regions:63,0x61d4948eeb08,0
505.mcf_r/1,1/super_hot_regions:63,0x61d4948eeb0b,0
505.mcf_r/1,1/super_hot_regions:63,0x61d4948eeb0f,0

505.mcf_r/1,1/super_hot_regions:65,0x61d4948f01c1,1
505.mcf_r/1,1/super_hot_regions:65,0x61d4948f01c4,0
505.mcf_r/1,1/super_hot_regions:65,0x61d4948f01c8,0
505.mcf_r/1,1/super_hot_regions:65,0x61d4948f01cb,0
505.mcf_r/1,1/super_hot_regions:65,0x61d4948f01ce,0

505.mcf_r/1,1/super_hot_regions:66,0x61d4948f019e,6
505.mcf_r/1,1/super_hot_regions:66,0x61d4948f01a2,0
505.mcf_r/1,1/super_hot_regions:66,0x61d4948f01a5,0
505.mcf_r/1,1/super_hot_regions:66,0x61d4948f01af,0
505.mcf_r/1,1/super_hot_regions:66,0x61d4948f01b2,0
505.mcf_r/1,1/super_hot_regions:66,0x61d4948f01ba,0
505.mcf_r/1,1/super_hot_regions:66,0x61d4948f01bd,0
505.mcf_r/1,1/super_hot_regions:66,0x61d4948f01d2,0
505.mcf_r/1,1/super_hot_regions:66,0x61d4948f01d5,0

505.mcf_r/1,1/super_hot_regions:68,0x61d4948ee29d,3
505.mcf_r/1,1/super_hot_regions:68,0x61d4948ee2a4,0
505.mcf_r/1,1/super_hot_regions:68,0x61d4948ee2a8,0

505.mcf_r/1,1/super_hot_regions:69,0x61d4948ee2b0,3
505.mcf_r/1,1/super_hot_regions:69,0x61d4948ee2b4,0
505.mcf_r/1,1/super_hot_regions:69,0x61d4948ee2b8,0

505.mcf_r/1,1/super_hot_regions:70,0x61d4948ee2c0,1
505.mcf_r/1,1/super_hot_regions:70,0x61d4948ee2c4,0

505.mcf_r/1,1/super_hot_regions:75,0x61d4948ee2fd,2
505.mcf_r/1,1/super_hot_regions:75,0x61d4948ee301,0

505.mcf_r/1,1/super_hot_regions:79,0x61d4948f1c6c,2
505.mcf_r/1,1/super_hot_regions:79,0x61d4948f1c6f,0

505.mcf_r/1,1/super_hot_regions:80,0x61d4948f1c68,2
505.mcf_r/1,1/super_hot_regions:80,0x61d4948f1c73,0

505.mcf_r/1,1/super_hot_regions:83,0x61d4948f106d,1
505.mcf_r/1,1/super_hot_regions:83,0x61d4948f107b,0

505.mcf_r/1,1/super_hot_regions:84,0x61d4948f1078,1
505.mcf_r/1,1/super_hot_regions:84,0x61d4948f107e,0

505.mcf_r/1,1/super_hot_regions:86,0x61d4948f1c54,1
505.mcf_r/1,1/super_hot_regions:86,0x61d4948f1c5a,0

505.mcf_r/1,1/super_hot_regions:87,0x61d4948f1c51,1
505.mcf_r/1,1/super_hot_regions:87,0x61d4948f1c5d,0

505.mcf_r/1,1/super_hot_regions:88,0x61d4948f1c4d,2
505.mcf_r/1,1/super_hot_regions:88,0x61d4948f1c57,0
505.mcf_r/1,1/super_hot_regions:88,0x61d4948f1c60,0

505.mcf_r/1,1/super_hot_regions:90,0x61d4948ee5a0,2
505.mcf_r/1,1/super_hot_regions:90,0x61d4948ee5ad,0

505.mcf_r/1,1/super_hot_regions:91,0x61d4948ee5b1,2
505.mcf_r/1,1/super_hot_regions:91,0x61d4948ee5b5,0

505.mcf_r/1,1/super_hot_regions:92,0x61d4948ee5b9,2
505.mcf_r/1,1/super_hot_regions:92,0x61d4948ee5bd,0
505.mcf_r/1,1/super_hot_regions:92,0x61d4948ee5c1,0

505.mcf_r/1,1/super_hot_regions:93,0x61d4948ee5c5,2
505.mcf_r/1,1/super_hot_regions:93,0x61d4948ee5c9,0

505.mcf_r/1,1/super_hot_regions:94,0x61d4948ee5cd,2
505.mcf_r/1,1/super_hot_regions:94,0x61d4948ee5d0,0

505.mcf_r/1,1/super_hot_regions:96,0x61d4948ec973,4
505.mcf_r/1,1/super_hot_regions:96,0x61d4948ec976,0
505.mcf_r/1,1/super_hot_regions:96,0x61d4948ec97a,0
505.mcf_r/1,1/super_hot_regions:96,0x61d4948ec97e,0
505.mcf_r/1,1/super_hot_regions:96,0x61d4948ec982,0
505.mcf_r/1,1/super_hot_regions:96,0x61d4948ec985,0

505.mcf_r/1,1/super_hot_regions:99,0x61d4948f1055,2
505.mcf_r/1,1/super_hot_regions:99,0x61d4948f1058,0

507.cactuBSSN_r/1,1/super_hot_regions:10,0x61ec7a5ec613,2
507.cactuBSSN_r/1,1/super_hot_regions:10,0x61ec7a5ec61f,0

507.cactuBSSN_r/1,1/super_hot_regions:101,0x61ec7a4950a8,4
507.cactuBSSN_r/1,1/super_hot_regions:101,0x61ec7a4950af,0
507.cactuBSSN_r/1,1/super_hot_regions:101,0x61ec7a4950b3,0
507.cactuBSSN_r/1,1/super_hot_regions:101,0x61ec7a4950ba,0
507.cactuBSSN_r/1,1/super_hot_regions:101,0x61ec7a4950c0,0
507.cactuBSSN_r/1,1/super_hot_regions:101,0x61ec7a4950c3,0

507.cactuBSSN_r/1,1/super_hot_regions:106,0x61ec7a495458,4
507.cactuBSSN_r/1,1/super_hot_regions:106,0x61ec7a49545f,0
507.cactuBSSN_r/1,1/super_hot_regions:106,0x61ec7a495463,0
507.cactuBSSN_r/1,1/super_hot_regions:106,0x61ec7a49546a,0
507.cactuBSSN_r/1,1/super_hot_regions:106,0x61ec7a495470,0
507.cactuBSSN_r/1,1/super_hot_regions:106,0x61ec7a495473,0

507.cactuBSSN_r/1,1/super_hot_regions:107,0x61ec7a494f80,4
507.cactuBSSN_r/1,1/super_hot_regions:107,0x61ec7a494f87,0
507.cactuBSSN_r/1,1/super_hot_regions:107,0x61ec7a494f8b,0
507.cactuBSSN_r/1,1/super_hot_regions:107,0x61ec7a494f92,0
507.cactuBSSN_r/1,1/super_hot_regions:107,0x61ec7a494f98,0
507.cactuBSSN_r/1,1/super_hot_regions:107,0x61ec7a494f9b,0

507.cactuBSSN_r/1,1/super_hot_regions:108,0x61ec7a4951a0,4
507.cactuBSSN_r/1,1/super_hot_regions:108,0x61ec7a4951a7,0
507.cactuBSSN_r/1,1/super_hot_regions:108,0x61ec7a4951ab,0
507.cactuBSSN_r/1,1/super_hot_regions:108,0x61ec7a4951b2,0
507.cactuBSSN_r/1,1/super_hot_regions:108,0x61ec7a4951b8,0
507.cactuBSSN_r/1,1/super_hot_regions:108,0x61ec7a4951bb,0

507.cactuBSSN_r/1,1/super_hot_regions:112,0x61ec7a495360,4
507.cactuBSSN_r/1,1/super_hot_regions:112,0x61ec7a49536a,0
507.cactuBSSN_r/1,1/super_hot_regions:112,0x61ec7a495370,0
507.cactuBSSN_r/1,1/super_hot_regions:112,0x61ec7a495377,0

507.cactuBSSN_r/1,1/super_hot_regions:113,0x61ec7a495290,4
507.cactuBSSN_r/1,1/super_hot_regions:113,0x61ec7a49529a,0
507.cactuBSSN_r/1,1/super_hot_regions:113,0x61ec7a4952a1,0
507.cactuBSSN_r/1,1/super_hot_regions:113,0x61ec7a4952a8,0

507.cactuBSSN_r/1,1/super_hot_regions:118,0x75705f2f194e,1
507.cactuBSSN_r/1,1/super_hot_regions:118,0x75705f2f1a13,0

507.cactuBSSN_r/1,1/super_hot_regions:12,0x61ec7a5ec5ac,1
507.cactuBSSN_r/1,1/super_hot_regions:12,0x61ec7a5ec5af,0

507.cactuBSSN_r/1,1/super_hot_regions:150,0x61ec7a495320,4
507.cactuBSSN_r/1,1/super_hot_regions:150,0x61ec7a495328,0
507.cactuBSSN_r/1,1/super_hot_regions:150,0x61ec7a495333,0
507.cactuBSSN_r/1,1/super_hot_regions:150,0x61ec7a495337,0

507.cactuBSSN_r/1,1/super_hot_regions:151,0x61ec7a495324,2
507.cactuBSSN_r/1,1/super_hot_regions:151,0x61ec7a49532d,0
507.cactuBSSN_r/1,1/super_hot_regions:151,0x61ec7a49533c,0

507.cactuBSSN_r/1,1/super_hot_regions:152,0x61ec7a495340,1
507.cactuBSSN_r/1,1/super_hot_regions:152,0x61ec7a495359,0

507.cactuBSSN_r/1,1/super_hot_regions:153,0x61ec7a495360,2
507.cactuBSSN_r/1,1/super_hot_regions:153,0x61ec7a49536a,0

507.cactuBSSN_r/1,1/super_hot_regions:154,0x61ec7a49532f,4
507.cactuBSSN_r/1,1/super_hot_regions:154,0x61ec7a495342,0
507.cactuBSSN_r/1,1/super_hot_regions:154,0x61ec7a495346,0
507.cactuBSSN_r/1,1/super_hot_regions:154,0x61ec7a495349,0
507.cactuBSSN_r/1,1/super_hot_regions:154,0x61ec7a49534d,0
507.cactuBSSN_r/1,1/super_hot_regions:154,0x61ec7a495350,0
507.cactuBSSN_r/1,1/super_hot_regions:154,0x61ec7a495353,0
507.cactuBSSN_r/1,1/super_hot_regions:154,0x61ec7a495356,0
507.cactuBSSN_r/1,1/super_hot_regions:154,0x61ec7a49535b,0
507.cactuBSSN_r/1,1/super_hot_regions:154,0x61ec7a49536e,0
507.cactuBSSN_r/1,1/super_hot_regions:154,0x61ec7a495370,0
507.cactuBSSN_r/1,1/super_hot_regions:154,0x61ec7a495377,0

507.cactuBSSN_r/1,1/super_hot_regions:155,0x61ec7a49525d,1
507.cactuBSSN_r/1,1/super_hot_regions:155,0x61ec7a49529e,0

507.cactuBSSN_r/1,1/super_hot_regions:156,0x61ec7a495250,8
507.cactuBSSN_r/1,1/super_hot_regions:156,0x61ec7a495258,0
507.cactuBSSN_r/1,1/super_hot_regions:156,0x61ec7a495260,0
507.cactuBSSN_r/1,1/super_hot_regions:156,0x61ec7a495264,0
507.cactuBSSN_r/1,1/super_hot_regions:156,0x61ec7a495269,0
507.cactuBSSN_r/1,1/super_hot_regions:156,0x61ec7a49526c,0
507.cactuBSSN_r/1,1/super_hot_regions:156,0x61ec7a495270,0
507.cactuBSSN_r/1,1/super_hot_regions:156,0x61ec7a495273,0
507.cactuBSSN_r/1,1/super_hot_regions:156,0x61ec7a495276,0
507.cactuBSSN_r/1,1/super_hot_regions:156,0x61ec7a495279,0
507.cactuBSSN_r/1,1/super_hot_regions:156,0x61ec7a49527c,0
507.cactuBSSN_r/1,1/super_hot_regions:156,0x61ec7a49527f,0
507.cactuBSSN_r/1,1/super_hot_regions:156,0x61ec7a495282,0
507.cactuBSSN_r/1,1/super_hot_regions:156,0x61ec7a495285,0
507.cactuBSSN_r/1,1/super_hot_regions:156,0x61ec7a495297,0
507.cactuBSSN_r/1,1/super_hot_regions:156,0x61ec7a49529a,0
507.cactuBSSN_r/1,1/super_hot_regions:156,0x61ec7a4952a1,0
507.cactuBSSN_r/1,1/super_hot_regions:156,0x61ec7a4952a8,0

507.cactuBSSN_r/1,1/super_hot_regions:19,0x7570581a0845,2
507.cactuBSSN_r/1,1/super_hot_regions:19,0x7570581a0848,0

507.cactuBSSN_r/1,1/super_hot_regions:191,0x61ec7a75db43,2
507.cactuBSSN_r/1,1/super_hot_regions:191,0x61ec7a75db62,0

507.cactuBSSN_r/1,1/super_hot_regions:192,0x61ec7a75db77,2
507.cactuBSSN_r/1,1/super_hot_regions:192,0x61ec7a75db96,0

507.cactuBSSN_r/1,1/super_hot_regions:20,0x7570581a0840,2
507.cactuBSSN_r/1,1/super_hot_regions:20,0x7570581a084b,0

507.cactuBSSN_r/1,1/super_hot_regions:25,0x61ec7a61b0a7,2
507.cactuBSSN_r/1,1/super_hot_regions:25,0x61ec7a61b0ab,0

507.cactuBSSN_r/1,1/super_hot_regions:29,0x61ec7a61b0bb,1
507.cactuBSSN_r/1,1/super_hot_regions:29,0x61ec7a61b0be,0

507.cactuBSSN_r/1,1/super_hot_regions:30,0x61ec7a61b0c1,2
507.cactuBSSN_r/1,1/super_hot_regions:30,0x61ec7a61b0c4,0

507.cactuBSSN_r/1,1/super_hot_regions:39,0x61ec7a5ec6ab,1
507.cactuBSSN_r/1,1/super_hot_regions:39,0x61ec7a5ec6ae,0

507.cactuBSSN_r/1,1/super_hot_regions:40,0x61ec7a5ec6b1,2
507.cactuBSSN_r/1,1/super_hot_regions:40,0x61ec7a5ec6b4,0

507.cactuBSSN_r/1,1/super_hot_regions:5,0x61ec7a61afac,1
507.cactuBSSN_r/1,1/super_hot_regions:5,0x61ec7a61afaf,0

507.cactuBSSN_r/1,1/super_hot_regions:7,0x61ec7a61b01b,2
507.cactuBSSN_r/1,1/super_hot_regions:7,0x61ec7a61b027,0

508.namd_r/1,1/super_hot_regions:102,0x5826d153c4a7,1
508.namd_r/1,1/super_hot_regions:102,0x5826d153c581,0

508.namd_r/1,1/super_hot_regions:104,0x5826d153c459,4
508.namd_r/1,1/super_hot_regions:104,0x5826d153c474,0
508.namd_r/1,1/super_hot_regions:104,0x5826d153c524,0
508.namd_r/1,1/super_hot_regions:104,0x5826d153c57a,0
508.namd_r/1,1/super_hot_regions:104,0x5826d153c58c,0
508.namd_r/1,1/super_hot_regions:104,0x5826d153c58f,0
508.namd_r/1,1/super_hot_regions:104,0x5826d153c59e,0
508.namd_r/1,1/super_hot_regions:104,0x5826d153c5a8,0
508.namd_r/1,1/super_hot_regions:104,0x5826d153c5aa,0
508.namd_r/1,1/super_hot_regions:104,0x5826d153c5b9,0
508.namd_r/1,1/super_hot_regions:104,0x5826d153c5c2,0
508.namd_r/1,1/super_hot_regions:104,0x5826d153c5c4,0
508.namd_r/1,1/super_hot_regions:104,0x5826d153c5d3,0

508.namd_r/1,1/super_hot_regions:11,0x5826d152c73e,2
508.namd_r/1,1/super_hot_regions:11,0x5826d152c782,0
508.namd_r/1,1/super_hot_regions:11,0x5826d152c7a7,0
508.namd_r/1,1/super_hot_regions:11,0x5826d152c7aa,0
508.namd_r/1,1/super_hot_regions:11,0x5826d152c7b1,0
508.namd_r/1,1/super_hot_regions:11,0x5826d152c7ba,0
508.namd_r/1,1/super_hot_regions:11,0x5826d152c7c0,0

508.namd_r/1,1/super_hot_regions:111,0x5826d152f734,2
508.namd_r/1,1/super_hot_regions:111,0x5826d152f777,0
508.namd_r/1,1/super_hot_regions:111,0x5826d152f79c,0
508.namd_r/1,1/super_hot_regions:111,0x5826d152f79f,0
508.namd_r/1,1/super_hot_regions:111,0x5826d152f7a6,0
508.namd_r/1,1/super_hot_regions:111,0x5826d152f7b0,0
508.namd_r/1,1/super_hot_regions:111,0x5826d152f7b6,0

508.namd_r/1,1/super_hot_regions:115,0x5826d152aa59,2
508.namd_r/1,1/super_hot_regions:115,0x5826d152ab43,0

508.namd_r/1,1/super_hot_regions:119,0x5826d152aaaa,1
508.namd_r/1,1/super_hot_regions:119,0x5826d152abaa,0

508.namd_r/1,1/super_hot_regions:121,0x5826d152aa5c,4
508.namd_r/1,1/super_hot_regions:121,0x5826d152aa78,0
508.namd_r/1,1/super_hot_regions:121,0x5826d152ab68,0
508.namd_r/1,1/super_hot_regions:121,0x5826d152aba3,0
508.namd_r/1,1/super_hot_regions:121,0x5826d152abb5,0
508.namd_r/1,1/super_hot_regions:121,0x5826d152abb8,0
508.namd_r/1,1/super_hot_regions:121,0x5826d152abc6,0
508.namd_r/1,1/super_hot_regions:121,0x5826d152abd0,0
508.namd_r/1,1/super_hot_regions:121,0x5826d152abd2,0
508.namd_r/1,1/super_hot_regions:121,0x5826d152abe0,0
508.namd_r/1,1/super_hot_regions:121,0x5826d152abe9,0
508.namd_r/1,1/super_hot_regions:121,0x5826d152abeb,0
508.namd_r/1,1/super_hot_regions:121,0x5826d152abf9,0

508.namd_r/1,1/super_hot_regions:124,0x5826d152d8e4,2
508.namd_r/1,1/super_hot_regions:124,0x5826d152d958,0

508.namd_r/1,1/super_hot_regions:129,0x5826d152d93d,1
508.namd_r/1,1/super_hot_regions:129,0x5826d152da15,0

508.namd_r/1,1/super_hot_regions:130,0x5826d152d96e,1
508.namd_r/1,1/super_hot_regions:130,0x5826d152da37,0

508.namd_r/1,1/super_hot_regions:132,0x5826d152d925,3
508.namd_r/1,1/super_hot_regions:132,0x5826d152d95f,0
508.namd_r/1,1/super_hot_regions:132,0x5826d152da0e,0
508.namd_r/1,1/super_hot_regions:132,0x5826d152da20,0
508.namd_r/1,1/super_hot_regions:132,0x5826d152da23,0
508.namd_r/1,1/super_hot_regions:132,0x5826d152da31,0
508.namd_r/1,1/super_hot_regions:132,0x5826d152da42,0
508.namd_r/1,1/super_hot_regions:132,0x5826d152da44,0
508.namd_r/1,1/super_hot_regions:132,0x5826d152da52,0
508.namd_r/1,1/super_hot_regions:132,0x5826d152da5b,0
508.namd_r/1,1/super_hot_regions:132,0x5826d152da5d,0
508.namd_r/1,1/super_hot_regions:132,0x5826d152da6b,0

508.namd_r/1,1/super_hot_regions:137,0x5826d153fb9e,2
508.namd_r/1,1/super_hot_regions:137,0x5826d153fc44,0

508.namd_r/1,1/super_hot_regions:143,0x5826d153fbf2,1
508.namd_r/1,1/super_hot_regions:143,0x5826d153fcdf,0

508.namd_r/1,1/super_hot_regions:145,0x5826d153fbb0,4
508.namd_r/1,1/super_hot_regions:145,0x5826d153fbcd,0
508.namd_r/1,1/super_hot_regions:145,0x5826d153fc9d,0
508.namd_r/1,1/super_hot_regions:145,0x5826d153fcd8,0
508.namd_r/1,1/super_hot_regions:145,0x5826d153fcea,0
508.namd_r/1,1/super_hot_regions:145,0x5826d153fced,0
508.namd_r/1,1/super_hot_regions:145,0x5826d153fcfa,0
508.namd_r/1,1/super_hot_regions:145,0x5826d153fd04,0
508.namd_r/1,1/super_hot_regions:145,0x5826d153fd06,0
508.namd_r/1,1/super_hot_regions:145,0x5826d153fd14,0
508.namd_r/1,1/super_hot_regions:145,0x5826d153fd1d,0
508.namd_r/1,1/super_hot_regions:145,0x5826d153fd1f,0
508.namd_r/1,1/super_hot_regions:145,0x5826d153fd2d,0

508.namd_r/1,1/super_hot_regions:157,0x5826d153275e,3
508.namd_r/1,1/super_hot_regions:157,0x5826d1532766,0
508.namd_r/1,1/super_hot_regions:157,0x5826d153276a,0
508.namd_r/1,1/super_hot_regions:157,0x5826d153276e,0

508.namd_r/1,1/super_hot_regions:159,0x5826d153279a,3
508.namd_r/1,1/super_hot_regions:159,0x5826d15327a6,0
508.namd_r/1,1/super_hot_regions:159,0x5826d15327a9,0
508.namd_r/1,1/super_hot_regions:159,0x5826d15327ac,0

508.namd_r/1,1/super_hot_regions:161,0x5826d156b5ae,2
508.namd_r/1,1/super_hot_regions:161,0x5826d156b5b3,0
508.namd_r/1,1/super_hot_regions:161,0x5826d156b5b7,0

508.namd_r/1,1/super_hot_regions:163,0x5826d156b5ec,2
508.namd_r/1,1/super_hot_regions:163,0x5826d156b5f5,0
508.namd_r/1,1/super_hot_regions:163,0x5826d156b5f8,0

508.namd_r/1,1/super_hot_regions:173,0x5826d155ae16,3
508.namd_r/1,1/super_hot_regions:173,0x5826d155ae1e,0
508.namd_r/1,1/super_hot_regions:173,0x5826d155ae22,0
508.namd_r/1,1/super_hot_regions:173,0x5826d155ae26,0

508.namd_r/1,1/super_hot_regions:175,0x5826d155ae55,3
508.namd_r/1,1/super_hot_regions:175,0x5826d155ae61,0
508.namd_r/1,1/super_hot_regions:175,0x5826d155ae65,0
508.namd_r/1,1/super_hot_regions:175,0x5826d155ae69,0

508.namd_r/1,1/super_hot_regions:185,0x5826d15546a5,3
508.namd_r/1,1/super_hot_regions:185,0x5826d15546ad,0
508.namd_r/1,1/super_hot_regions:185,0x5826d15546b0,0
508.namd_r/1,1/super_hot_regions:185,0x5826d15546b3,0

508.namd_r/1,1/super_hot_regions:187,0x5826d15546e1,3
508.namd_r/1,1/super_hot_regions:187,0x5826d15546ed,0
508.namd_r/1,1/super_hot_regions:187,0x5826d15546f1,0
508.namd_r/1,1/super_hot_regions:187,0x5826d15546f5,0

508.namd_r/1,1/super_hot_regions:191,0x5826d15555bc,1
508.namd_r/1,1/super_hot_regions:191,0x5826d155567d,0

508.namd_r/1,1/super_hot_regions:196,0x5826d1555615,1
508.namd_r/1,1/super_hot_regions:196,0x5826d15556ee,0

508.namd_r/1,1/super_hot_regions:197,0x5826d1555621,1
508.namd_r/1,1/super_hot_regions:197,0x5826d15556f6,0

508.namd_r/1,1/super_hot_regions:200,0x5826d15555e4,3
508.namd_r/1,1/super_hot_regions:200,0x5826d15555e9,0
508.namd_r/1,1/super_hot_regions:200,0x5826d15556cc,0
508.namd_r/1,1/super_hot_regions:200,0x5826d15556d6,0
508.namd_r/1,1/super_hot_regions:200,0x5826d15556d9,0
508.namd_r/1,1/super_hot_regions:200,0x5826d15556e8,0
508.namd_r/1,1/super_hot_regions:200,0x5826d1555701,0
508.namd_r/1,1/super_hot_regions:200,0x5826d1555703,0
508.namd_r/1,1/super_hot_regions:200,0x5826d1555712,0
508.namd_r/1,1/super_hot_regions:200,0x5826d155571b,0
508.namd_r/1,1/super_hot_regions:200,0x5826d155571d,0
508.namd_r/1,1/super_hot_regions:200,0x5826d155572c,0

508.namd_r/1,1/super_hot_regions:208,0x5826d156785c,1
508.namd_r/1,1/super_hot_regions:208,0x5826d1567908,0

508.namd_r/1,1/super_hot_regions:209,0x5826d1567894,1
508.namd_r/1,1/super_hot_regions:209,0x5826d1567926,0

508.namd_r/1,1/super_hot_regions:211,0x5826d1567827,1
508.namd_r/1,1/super_hot_regions:211,0x5826d1567949,0

508.namd_r/1,1/super_hot_regions:213,0x5826d1567807,3
508.namd_r/1,1/super_hot_regions:213,0x5826d1567858,0
508.namd_r/1,1/super_hot_regions:213,0x5826d15678fc,0
508.namd_r/1,1/super_hot_regions:213,0x5826d1567906,0
508.namd_r/1,1/super_hot_regions:213,0x5826d1567910,0
508.namd_r/1,1/super_hot_regions:213,0x5826d156791f,0
508.namd_r/1,1/super_hot_regions:213,0x5826d1567931,0
508.namd_r/1,1/super_hot_regions:213,0x5826d1567933,0
508.namd_r/1,1/super_hot_regions:213,0x5826d1567942,0
508.namd_r/1,1/super_hot_regions:213,0x5826d1567954,0
508.namd_r/1,1/super_hot_regions:213,0x5826d1567956,0
508.namd_r/1,1/super_hot_regions:213,0x5826d1567965,0

508.namd_r/1,1/super_hot_regions:220,0x5826d1557d66,3
508.namd_r/1,1/super_hot_regions:220,0x5826d1557d6e,0
508.namd_r/1,1/super_hot_regions:220,0x5826d1557d72,0
508.namd_r/1,1/super_hot_regions:220,0x5826d1557d76,0

508.namd_r/1,1/super_hot_regions:222,0x5826d1557da5,3
508.namd_r/1,1/super_hot_regions:222,0x5826d1557db1,0
508.namd_r/1,1/super_hot_regions:222,0x5826d1557db5,0
508.namd_r/1,1/super_hot_regions:222,0x5826d1557db9,0

508.namd_r/1,1/super_hot_regions:228,0x5826d152f49d,3
508.namd_r/1,1/super_hot_regions:228,0x5826d152f4a5,0
508.namd_r/1,1/super_hot_regions:228,0x5826d152f4a8,0
508.namd_r/1,1/super_hot_regions:228,0x5826d152f4ab,0

508.namd_r/1,1/super_hot_regions:230,0x5826d152f4d7,3
508.namd_r/1,1/super_hot_regions:230,0x5826d152f4e3,0
508.namd_r/1,1/super_hot_regions:230,0x5826d152f4e6,0
508.namd_r/1,1/super_hot_regions:230,0x5826d152f4e9,0

508.namd_r/1,1/super_hot_regions:239,0x5826d1558ba4,1
508.namd_r/1,1/super_hot_regions:239,0x5826d1558c5a,0

508.namd_r/1,1/super_hot_regions:242,0x5826d1558be0,1
508.namd_r/1,1/super_hot_regions:242,0x5826d1558c9a,0

508.namd_r/1,1/super_hot_regions:243,0x5826d1558c04,1
508.namd_r/1,1/super_hot_regions:243,0x5826d1558cbe,0

508.namd_r/1,1/super_hot_regions:245,0x5826d1558b8a,3
508.namd_r/1,1/super_hot_regions:245,0x5826d1558ba0,0
508.namd_r/1,1/super_hot_regions:245,0x5826d1558c93,0
508.namd_r/1,1/super_hot_regions:245,0x5826d1558ca5,0
508.namd_r/1,1/super_hot_regions:245,0x5826d1558ca8,0
508.namd_r/1,1/super_hot_regions:245,0x5826d1558cb7,0
508.namd_r/1,1/super_hot_regions:245,0x5826d1558cc9,0
508.namd_r/1,1/super_hot_regions:245,0x5826d1558ccb,0
508.namd_r/1,1/super_hot_regions:245,0x5826d1558cda,0
508.namd_r/1,1/super_hot_regions:245,0x5826d1558ce4,0
508.namd_r/1,1/super_hot_regions:245,0x5826d1558ce6,0
508.namd_r/1,1/super_hot_regions:245,0x5826d1558cf5,0

508.namd_r/1,1/super_hot_regions:253,0x5826d1552238,1
508.namd_r/1,1/super_hot_regions:253,0x5826d1552315,0

508.namd_r/1,1/super_hot_regions:257,0x5826d1552263,1
508.namd_r/1,1/super_hot_regions:257,0x5826d1552359,0

508.namd_r/1,1/super_hot_regions:258,0x5826d15522d5,1
508.namd_r/1,1/super_hot_regions:258,0x5826d155237c,0

508.namd_r/1,1/super_hot_regions:26,0x5826d152c4a5,3
508.namd_r/1,1/super_hot_regions:26,0x5826d152c4ad,0
508.namd_r/1,1/super_hot_regions:26,0x5826d152c4b0,0
508.namd_r/1,1/super_hot_regions:26,0x5826d152c4b3,0

508.namd_r/1,1/super_hot_regions:260,0x5826d155221a,3
508.namd_r/1,1/super_hot_regions:260,0x5826d1552234,0
508.namd_r/1,1/super_hot_regions:260,0x5826d1552352,0
508.namd_r/1,1/super_hot_regions:260,0x5826d1552364,0
508.namd_r/1,1/super_hot_regions:260,0x5826d1552367,0
508.namd_r/1,1/super_hot_regions:260,0x5826d1552375,0
508.namd_r/1,1/super_hot_regions:260,0x5826d1552387,0
508.namd_r/1,1/super_hot_regions:260,0x5826d1552389,0
508.namd_r/1,1/super_hot_regions:260,0x5826d1552397,0
508.namd_r/1,1/super_hot_regions:260,0x5826d15523a1,0
508.namd_r/1,1/super_hot_regions:260,0x5826d15523a3,0
508.namd_r/1,1/super_hot_regions:260,0x5826d15523b1,0

508.namd_r/1,1/super_hot_regions:271,0x5826d157b880,2
508.namd_r/1,1/super_hot_regions:271,0x5826d157b888,0
508.namd_r/1,1/super_hot_regions:271,0x5826d157b88b,0
508.namd_r/1,1/super_hot_regions:271,0x5826d157b88e,0

508.namd_r/1,1/super_hot_regions:273,0x5826d157b89a,2
508.namd_r/1,1/super_hot_regions:273,0x5826d157b8a7,0

508.namd_r/1,1/super_hot_regions:275,0x5826d157b8bc,2
508.namd_r/1,1/super_hot_regions:275,0x5826d157b8c5,0

508.namd_r/1,1/super_hot_regions:278,0x5826d1563130,2
508.namd_r/1,1/super_hot_regions:278,0x5826d15631db,0

508.namd_r/1,1/super_hot_regions:28,0x5826d152c4de,3
508.namd_r/1,1/super_hot_regions:28,0x5826d152c4ea,0
508.namd_r/1,1/super_hot_regions:28,0x5826d152c4ed,0
508.namd_r/1,1/super_hot_regions:28,0x5826d152c4f0,0

508.namd_r/1,1/super_hot_regions:284,0x5826d1563188,1
508.namd_r/1,1/super_hot_regions:284,0x5826d1563281,0

508.namd_r/1,1/super_hot_regions:286,0x5826d1563142,4
508.namd_r/1,1/super_hot_regions:286,0x5826d1563163,0
508.namd_r/1,1/super_hot_regions:286,0x5826d1563235,0
508.namd_r/1,1/super_hot_regions:286,0x5826d156327a,0
508.namd_r/1,1/super_hot_regions:286,0x5826d156328c,0
508.namd_r/1,1/super_hot_regions:286,0x5826d156328f,0
508.namd_r/1,1/super_hot_regions:286,0x5826d156329c,0
508.namd_r/1,1/super_hot_regions:286,0x5826d15632a6,0
508.namd_r/1,1/super_hot_regions:286,0x5826d15632a8,0
508.namd_r/1,1/super_hot_regions:286,0x5826d15632b5,0
508.namd_r/1,1/super_hot_regions:286,0x5826d15632be,0
508.namd_r/1,1/super_hot_regions:286,0x5826d15632c0,0
508.namd_r/1,1/super_hot_regions:286,0x5826d15632cd,0

508.namd_r/1,1/super_hot_regions:292,0x715def1921d8,1
508.namd_r/1,1/super_hot_regions:292,0x715def1921ed,0

508.namd_r/1,1/super_hot_regions:34,0x5826d15306db,2
508.namd_r/1,1/super_hot_regions:34,0x5826d1530730,0

508.namd_r/1,1/super_hot_regions:40,0x5826d1530737,1
508.namd_r/1,1/super_hot_regions:40,0x5826d1530831,0

508.namd_r/1,1/super_hot_regions:42,0x5826d15306e8,4
508.namd_r/1,1/super_hot_regions:42,0x5826d153070a,0
508.namd_r/1,1/super_hot_regions:42,0x5826d15307d0,0
508.namd_r/1,1/super_hot_regions:42,0x5826d153082a,0
508.namd_r/1,1/super_hot_regions:42,0x5826d153083c,0
508.namd_r/1,1/super_hot_regions:42,0x5826d153083f,0
508.namd_r/1,1/super_hot_regions:42,0x5826d153084d,0
508.namd_r/1,1/super_hot_regions:42,0x5826d1530857,0
508.namd_r/1,1/super_hot_regions:42,0x5826d1530859,0
508.namd_r/1,1/super_hot_regions:42,0x5826d1530867,0
508.namd_r/1,1/super_hot_regions:42,0x5826d1530871,0
508.namd_r/1,1/super_hot_regions:42,0x5826d1530873,0
508.namd_r/1,1/super_hot_regions:42,0x5826d1530881,0

508.namd_r/1,1/super_hot_regions:49,0x5826d15329fe,2
508.namd_r/1,1/super_hot_regions:49,0x5826d1532a42,0
508.namd_r/1,1/super_hot_regions:49,0x5826d1532a67,0
508.namd_r/1,1/super_hot_regions:49,0x5826d1532a6a,0
508.namd_r/1,1/super_hot_regions:49,0x5826d1532a71,0
508.namd_r/1,1/super_hot_regions:49,0x5826d1532a7b,0
508.namd_r/1,1/super_hot_regions:49,0x5826d1532a81,0

508.namd_r/1,1/super_hot_regions:55,0x5826d1554956,2
508.namd_r/1,1/super_hot_regions:55,0x5826d1554999,0
508.namd_r/1,1/super_hot_regions:55,0x5826d15549be,0
508.namd_r/1,1/super_hot_regions:55,0x5826d15549c1,0
508.namd_r/1,1/super_hot_regions:55,0x5826d15549c8,0
508.namd_r/1,1/super_hot_regions:55,0x5826d15549d2,0
508.namd_r/1,1/super_hot_regions:55,0x5826d15549d8,0

508.namd_r/1,1/super_hot_regions:61,0x5826d155b09e,2
508.namd_r/1,1/super_hot_regions:61,0x5826d155b0e2,0
508.namd_r/1,1/super_hot_regions:61,0x5826d155b107,0
508.namd_r/1,1/super_hot_regions:61,0x5826d155b10a,0
508.namd_r/1,1/super_hot_regions:61,0x5826d155b111,0
508.namd_r/1,1/super_hot_regions:61,0x5826d155b11b,0
508.namd_r/1,1/super_hot_regions:61,0x5826d155b121,0

508.namd_r/1,1/super_hot_regions:63,0x5826d1543280,2
508.namd_r/1,1/super_hot_regions:63,0x5826d15432b6,0

508.namd_r/1,1/super_hot_regions:65,0x5826d15432cc,2
508.namd_r/1,1/super_hot_regions:65,0x5826d1543345,0

508.namd_r/1,1/super_hot_regions:71,0x5826d1543273,3
508.namd_r/1,1/super_hot_regions:71,0x5826d15432bd,0
508.namd_r/1,1/super_hot_regions:71,0x5826d15433c1,0
508.namd_r/1,1/super_hot_regions:71,0x5826d15433ca,0
508.namd_r/1,1/super_hot_regions:71,0x5826d15433cd,0
508.namd_r/1,1/super_hot_regions:71,0x5826d15433da,0
508.namd_r/1,1/super_hot_regions:71,0x5826d15433e4,0
508.namd_r/1,1/super_hot_regions:71,0x5826d15433e6,0
508.namd_r/1,1/super_hot_regions:71,0x5826d15433f3,0
508.namd_r/1,1/super_hot_regions:71,0x5826d15433fd,0
508.namd_r/1,1/super_hot_regions:71,0x5826d15433ff,0
508.namd_r/1,1/super_hot_regions:71,0x5826d154340c,0

508.namd_r/1,1/super_hot_regions:78,0x5826d155802d,2
508.namd_r/1,1/super_hot_regions:78,0x5826d1558071,0
508.namd_r/1,1/super_hot_regions:78,0x5826d1558096,0
508.namd_r/1,1/super_hot_regions:78,0x5826d1558099,0
508.namd_r/1,1/super_hot_regions:78,0x5826d15580a0,0
508.namd_r/1,1/super_hot_regions:78,0x5826d15580aa,0
508.namd_r/1,1/super_hot_regions:78,0x5826d15580b0,0

508.namd_r/1,1/super_hot_regions:80,0x5826d154278d,2
508.namd_r/1,1/super_hot_regions:80,0x5826d1542791,0
508.namd_r/1,1/super_hot_regions:80,0x5826d1542795,0

508.namd_r/1,1/super_hot_regions:86,0x5826d15427cb,2
508.namd_r/1,1/super_hot_regions:86,0x5826d15427d3,0
508.namd_r/1,1/super_hot_regions:86,0x5826d15427d7,0

508.namd_r/1,1/super_hot_regions:88,0x5826d153f112,2
508.namd_r/1,1/super_hot_regions:88,0x5826d153f11a,0
508.namd_r/1,1/super_hot_regions:88,0x5826d153f11e,0

508.namd_r/1,1/super_hot_regions:94,0x5826d153f0d4,2
508.namd_r/1,1/super_hot_regions:94,0x5826d153f0d8,0
508.namd_r/1,1/super_hot_regions:94,0x5826d153f0dc,0

508.namd_r/1,1/super_hot_regions:96,0x5826d153c456,2
508.namd_r/1,1/super_hot_regions:96,0x5826d153c490,0

510.parest_r/1,1/super_hot_regions:100,0x61e49a7bcbae,2
510.parest_r/1,1/super_hot_regions:100,0x61e49a7bcbb5,0
510.parest_r/1,1/super_hot_regions:100,0x61e49a7bcbb8,0

510.parest_r/1,1/super_hot_regions:101,0x61e49a7675b4,2
510.parest_r/1,1/super_hot_regions:101,0x61e49a7675be,0
510.parest_r/1,1/super_hot_regions:101,0x61e49a7675c1,0
510.parest_r/1,1/super_hot_regions:101,0x61e49a7675c3,0

510.parest_r/1,1/super_hot_regions:102,0x61e49a7675c9,3
510.parest_r/1,1/super_hot_regions:102,0x61e49a7675cf,0
510.parest_r/1,1/super_hot_regions:102,0x61e49a7675d2,0
510.parest_r/1,1/super_hot_regions:102,0x61e49a7675d6,0
510.parest_r/1,1/super_hot_regions:102,0x61e49a7675da,0

510.parest_r/1,1/super_hot_regions:103,0x61e49a7bcbe5,3
510.parest_r/1,1/super_hot_regions:103,0x61e49a7bcbe9,0
510.parest_r/1,1/super_hot_regions:103,0x61e49a7bcbed,0
510.parest_r/1,1/super_hot_regions:103,0x61e49a7bcbf5,0
510.parest_r/1,1/super_hot_regions:103,0x61e49a7bcbf7,0

510.parest_r/1,1/super_hot_regions:104,0x61e49a7bcbd4,5
510.parest_r/1,1/super_hot_regions:104,0x61e49a7bcbd9,0
510.parest_r/1,1/super_hot_regions:104,0x61e49a7bcbdd,0
510.parest_r/1,1/super_hot_regions:104,0x61e49a7bcbe1,0
510.parest_r/1,1/super_hot_regions:104,0x61e49a7bcbfe,0
510.parest_r/1,1/super_hot_regions:104,0x61e49a7bcc02,0
510.parest_r/1,1/super_hot_regions:104,0x61e49a7bcc09,0

510.parest_r/1,1/super_hot_regions:108,0x61e49a7bcc29,2
510.parest_r/1,1/super_hot_regions:108,0x61e49a7bcc30,0
510.parest_r/1,1/super_hot_regions:108,0x61e49a7bcc33,0

510.parest_r/1,1/super_hot_regions:109,0x61e49a7bcc60,3
510.parest_r/1,1/super_hot_regions:109,0x61e49a7bcc64,0
510.parest_r/1,1/super_hot_regions:109,0x61e49a7bcc68,0
510.parest_r/1,1/super_hot_regions:109,0x61e49a7bcc70,0
510.parest_r/1,1/super_hot_regions:109,0x61e49a7bcc72,0

510.parest_r/1,1/super_hot_regions:110,0x61e49a7bcc4f,5
510.parest_r/1,1/super_hot_regions:110,0x61e49a7bcc54,0
510.parest_r/1,1/super_hot_regions:110,0x61e49a7bcc58,0
510.parest_r/1,1/super_hot_regions:110,0x61e49a7bcc5c,0
510.parest_r/1,1/super_hot_regions:110,0x61e49a7bcc79,0
510.parest_r/1,1/super_hot_regions:110,0x61e49a7bcc7d,0
510.parest_r/1,1/super_hot_regions:110,0x61e49a7bcc84,0

510.parest_r/1,1/super_hot_regions:112,0x61e49a7bcb78,2
510.parest_r/1,1/super_hot_regions:112,0x61e49a7bcb80,0
510.parest_r/1,1/super_hot_regions:112,0x61e49a7bcb83,0

510.parest_r/1,1/super_hot_regions:116,0x61e49a9a6ea2,2
510.parest_r/1,1/super_hot_regions:116,0x61e49a9a6eaa,0
510.parest_r/1,1/super_hot_regions:116,0x61e49a9a6eb5,0

510.parest_r/1,1/super_hot_regions:128,0x61e49ab8a55c,1
510.parest_r/1,1/super_hot_regions:128,0x61e49ab8a55f,0

510.parest_r/1,1/super_hot_regions:130,0x61e49ab8a7b8,2
510.parest_r/1,1/super_hot_regions:130,0x61e49ab8a7c4,0

510.parest_r/1,1/super_hot_regions:135,0x61e49ab88978,2
510.parest_r/1,1/super_hot_regions:135,0x61e49ab88980,0

510.parest_r/1,1/super_hot_regions:136,0x61e49ab88999,2
510.parest_r/1,1/super_hot_regions:136,0x61e49ab889a0,0
510.parest_r/1,1/super_hot_regions:136,0x61e49ab889a4,0

510.parest_r/1,1/super_hot_regions:150,0x7a48662a18a2,1
510.parest_r/1,1/super_hot_regions:150,0x7a48662a18a4,0
510.parest_r/1,1/super_hot_regions:150,0x7a48662a18a7,0

510.parest_r/1,1/super_hot_regions:152,0x7a48662a18b8,1
510.parest_r/1,1/super_hot_regions:152,0x7a48662a18c3,0

510.parest_r/1,1/super_hot_regions:153,0x7a48662a18bb,2
510.parest_r/1,1/super_hot_regions:153,0x7a48662a18bf,0
510.parest_r/1,1/super_hot_regions:153,0x7a48662a18c7,0
510.parest_r/1,1/super_hot_regions:153,0x7a48662a18cf,0
510.parest_r/1,1/super_hot_regions:153,0x7a48662a18d6,0

510.parest_r/1,1/super_hot_regions:154,0x7a48662a18cb,3
510.parest_r/1,1/super_hot_regions:154,0x7a48662a18d2,0
510.parest_r/1,1/super_hot_regions:154,0x7a48662a18d9,0
510.parest_r/1,1/super_hot_regions:154,0x7a48662a18dc,0

510.parest_r/1,1/super_hot_regions:22,0x61e49ab8a4a6,2
510.parest_r/1,1/super_hot_regions:22,0x61e49ab8a4b6,0

510.parest_r/1,1/super_hot_regions:23,0x61e49ab8a490,3
510.parest_r/1,1/super_hot_regions:23,0x61e49ab8a49f,0
510.parest_r/1,1/super_hot_regions:23,0x61e49ab8a4b9,0

510.parest_r/1,1/super_hot_regions:25,0x61e49ab8a4de,1
510.parest_r/1,1/super_hot_regions:25,0x61e49ab8a4e4,0
510.parest_r/1,1/super_hot_regions:25,0x61e49ab8a4e7,0

510.parest_r/1,1/super_hot_regions:26,0x61e49ab8a4d7,1
510.parest_r/1,1/super_hot_regions:26,0x61e49ab8a4da,0
510.parest_r/1,1/super_hot_regions:26,0x61e49ab8a4e1,0
510.parest_r/1,1/super_hot_regions:26,0x61e49ab8a4e9,0

510.parest_r/1,1/super_hot_regions:34,0x61e49ab37bd0,1
510.parest_r/1,1/super_hot_regions:34,0x61e49ab37bd6,0

510.parest_r/1,1/super_hot_regions:41,0x61e49ab76bb8,2
510.parest_r/1,1/super_hot_regions:41,0x61e49ab76bbd,0

510.parest_r/1,1/super_hot_regions:45,0x61e49ab37c95,1
510.parest_r/1,1/super_hot_regions:45,0x61e49ab37c98,0

510.parest_r/1,1/super_hot_regions:50,0x61e49a7b7326,2
510.parest_r/1,1/super_hot_regions:50,0x61e49a7b732a,0
510.parest_r/1,1/super_hot_regions:50,0x61e49a7b7331,0

510.parest_r/1,1/super_hot_regions:61,0x61e49ab37b91,1
510.parest_r/1,1/super_hot_regions:61,0x61e49ab37b94,0

510.parest_r/1,1/super_hot_regions:62,0x61e49ab37b98,1
510.parest_r/1,1/super_hot_regions:62,0x61e49ab37b9b,0

510.parest_r/1,1/super_hot_regions:63,0x61e49ab37b28,2
510.parest_r/1,1/super_hot_regions:63,0x61e49ab37b2c,0

510.parest_r/1,1/super_hot_regions:69,0x61e49ab37b01,2
510.parest_r/1,1/super_hot_regions:69,0x61e49ab37b06,0
510.parest_r/1,1/super_hot_regions:69,0x61e49ab37b0a,0
510.parest_r/1,1/super_hot_regions:69,0x61e49ab37b0d,0
510.parest_r/1,1/super_hot_regions:69,0x61e49ab37b10,0

510.parest_r/1,1/super_hot_regions:7,0x61e49ab37ba0,1
510.parest_r/1,1/super_hot_regions:7,0x61e49ab37ba2,0
510.parest_r/1,1/super_hot_regions:7,0x61e49ab37ba4,0

510.parest_r/1,1/super_hot_regions:71,0x61e49ab8a53e,2
510.parest_r/1,1/super_hot_regions:71,0x61e49ab8a545,0
510.parest_r/1,1/super_hot_regions:71,0x61e49ab8a548,0
510.parest_r/1,1/super_hot_regions:71,0x61e49ab8a54b,0

510.parest_r/1,1/super_hot_regions:73,0x61e49a6645d4,2
510.parest_r/1,1/super_hot_regions:73,0x61e49a6645de,0

510.parest_r/1,1/super_hot_regions:74,0x61e49a6645d7,2
510.parest_r/1,1/super_hot_regions:74,0x61e49a6645e1,0

510.parest_r/1,1/super_hot_regions:80,0x61e49aaf793d,1
510.parest_r/1,1/super_hot_regions:80,0x61e49aaf7948,0
510.parest_r/1,1/super_hot_regions:80,0x61e49aaf7952,0

510.parest_r/1,1/super_hot_regions:83,0x61e49aaf7961,1
510.parest_r/1,1/super_hot_regions:83,0x61e49aaf7964,0
510.parest_r/1,1/super_hot_regions:83,0x61e49aaf7967,0
510.parest_r/1,1/super_hot_regions:83,0x61e49aaf796a,0

510.parest_r/1,1/super_hot_regions:96,0x61e49a7675e4,2
510.parest_r/1,1/super_hot_regions:96,0x61e49a7675ee,0
510.parest_r/1,1/super_hot_regions:96,0x61e49a7675f1,0
510.parest_r/1,1/super_hot_regions:96,0x61e49a7675f3,0

510.parest_r/1,1/super_hot_regions:97,0x61e49a7675f9,3
510.parest_r/1,1/super_hot_regions:97,0x61e49a7675ff,0
510.parest_r/1,1/super_hot_regions:97,0x61e49a767602,0
510.parest_r/1,1/super_hot_regions:97,0x61e49a767606,0
510.parest_r/1,1/super_hot_regions:97,0x61e49a76760a,0

511.povray_r/1,1/super_hot_regions:103,0x622355aa69ea,1
511.povray_r/1,1/super_hot_regions:103,0x622355aa69ee,0

511.povray_r/1,1/super_hot_regions:106,0x622355ae848e,1
511.povray_r/1,1/super_hot_regions:106,0x622355ae8494,0

511.povray_r/1,1/super_hot_regions:107,0x622355ae848a,3
511.povray_r/1,1/super_hot_regions:107,0x622355ae8490,0
511.povray_r/1,1/super_hot_regions:107,0x622355ae8496,0

511.povray_r/1,1/super_hot_regions:111,0x622355aa6f52,2
511.povray_r/1,1/super_hot_regions:111,0x622355aa6f5c,0

511.povray_r/1,1/super_hot_regions:115,0x622355aa6fa2,2
511.povray_r/1,1/super_hot_regions:115,0x622355aa6fa9,0

511.povray_r/1,1/super_hot_regions:118,0x622355ae8526,2
511.povray_r/1,1/super_hot_regions:118,0x622355ae8532,0
511.povray_r/1,1/super_hot_regions:118,0x622355ae8534,0

511.povray_r/1,1/super_hot_regions:119,0x622355ae853d,2
511.povray_r/1,1/super_hot_regions:119,0x622355ae8541,0

511.povray_r/1,1/super_hot_regions:120,0x622355ae852d,2
511.povray_r/1,1/super_hot_regions:120,0x622355ae8544,0

511.povray_r/1,1/super_hot_regions:121,0x622355ae8538,2
511.povray_r/1,1/super_hot_regions:121,0x622355ae8548,0

511.povray_r/1,1/super_hot_regions:125,0x622355aa69f7,2
511.povray_r/1,1/super_hot_regions:125,0x622355aa6a03,0

511.povray_r/1,1/super_hot_regions:40,0x622355ab8d58,2
511.povray_r/1,1/super_hot_regions:40,0x622355ab8d5b,0

511.povray_r/1,1/super_hot_regions:47,0x622355b2facd,2
511.povray_r/1,1/super_hot_regions:47,0x622355b2fad4,0

511.povray_r/1,1/super_hot_regions:57,0x622355b026b4,2
511.povray_r/1,1/super_hot_regions:57,0x622355b026bb,0

511.povray_r/1,1/super_hot_regions:58,0x622355b025ed,2
511.povray_r/1,1/super_hot_regions:58,0x622355b025f0,0

511.povray_r/1,1/super_hot_regions:77,0x622355b0162b,2
511.povray_r/1,1/super_hot_regions:77,0x622355b01635,0

511.povray_r/1,1/super_hot_regions:87,0x622355aa72ae,2
511.povray_r/1,1/super_hot_regions:87,0x622355aa72b6,0
511.povray_r/1,1/super_hot_regions:87,0x622355aa72ba,0

511.povray_r/1,1/super_hot_regions:9,0x622355b013b6,1
511.povray_r/1,1/super_hot_regions:9,0x622355b013b8,0

511.povray_r/1,1/super_hot_regions:91,0x622355aa69a2,1
511.povray_r/1,1/super_hot_regions:91,0x622355aa69a5,0
511.povray_r/1,1/super_hot_regions:91,0x622355aa69af,0

511.povray_r/1,1/super_hot_regions:92,0x622355b01740,2
511.povray_r/1,1/super_hot_regions:92,0x622355b01747,0

511.povray_r/1,1/super_hot_regions:93,0x622355b01751,1
511.povray_r/1,1/super_hot_regions:93,0x622355b0175e,0

511.povray_r/1,1/super_hot_regions:95,0x622355aa69c0,1
511.povray_r/1,1/super_hot_regions:95,0x622355aa69c3,0

519.lbm_r/1,1/super_hot_regions:101,0x7eb2b245a5e1,2
519.lbm_r/1,1/super_hot_regions:101,0x7eb2b245a5e4,0

519.lbm_r/1,1/super_hot_regions:103,0x7eb2b245a5a8,2
519.lbm_r/1,1/super_hot_regions:103,0x7eb2b245a5b9,0

519.lbm_r/1,1/super_hot_regions:104,0x7eb2b245a5c4,1
519.lbm_r/1,1/super_hot_regions:104,0x7eb2b245a5cc,0

519.lbm_r/1,1/super_hot_regions:106,0x7eb2b25a0784,1
519.lbm_r/1,1/super_hot_regions:106,0x7eb2b25a0787,0

519.lbm_r/1,1/super_hot_regions:112,0x583214c35056,1
519.lbm_r/1,1/super_hot_regions:112,0x583214c3505b,0

519.lbm_r/1,1/super_hot_regions:113,0x7eb2b245a2d0,2
519.lbm_r/1,1/super_hot_regions:113,0x7eb2b245a2da,0

519.lbm_r/1,1/super_hot_regions:114,0x7eb2b245a2d3,2
519.lbm_r/1,1/super_hot_regions:114,0x7eb2b245a2e1,0
519.lbm_r/1,1/super_hot_regions:114,0x7eb2b245a2e5,0
519.lbm_r/1,1/super_hot_regions:114,0x7eb2b245a2e8,0
519.lbm_r/1,1/super_hot_regions:114,0x7eb2b245a2eb,0

519.lbm_r/1,1/super_hot_regions:115,0x7eb2b245a2dd,1
519.lbm_r/1,1/super_hot_regions:115,0x7eb2b245a2f5,0

519.lbm_r/1,1/super_hot_regions:122,0x7eb2b248b64a,1
519.lbm_r/1,1/super_hot_regions:122,0x7eb2b248b650,0
519.lbm_r/1,1/super_hot_regions:122,0x7eb2b248b653,0
519.lbm_r/1,1/super_hot_regions:122,0x7eb2b248b657,0
519.lbm_r/1,1/super_hot_regions:122,0x7eb2b248b65a,0
519.lbm_r/1,1/super_hot_regions:122,0x7eb2b248b65d,0

519.lbm_r/1,1/super_hot_regions:131,0x7eb2b2455526,1
519.lbm_r/1,1/super_hot_regions:131,0x7eb2b2455529,0
519.lbm_r/1,1/super_hot_regions:131,0x7eb2b245552c,0
519.lbm_r/1,1/super_hot_regions:131,0x7eb2b2455531,0
519.lbm_r/1,1/super_hot_regions:131,0x7eb2b2455534,0

519.lbm_r/1,1/super_hot_regions:135,0x583214c350ad,1
519.lbm_r/1,1/super_hot_regions:135,0x583214c350ed,0

519.lbm_r/1,1/super_hot_regions:137,0x583214c350ba,1
519.lbm_r/1,1/super_hot_regions:137,0x583214c350f0,0
519.lbm_r/1,1/super_hot_regions:137,0x583214c350fa,0

519.lbm_r/1,1/super_hot_regions:138,0x583214c350b0,2
519.lbm_r/1,1/super_hot_regions:138,0x583214c350c9,0
519.lbm_r/1,1/super_hot_regions:138,0x583214c350d9,0
519.lbm_r/1,1/super_hot_regions:138,0x583214c35101,0

519.lbm_r/1,1/super_hot_regions:140,0x583214c35025,1
519.lbm_r/1,1/super_hot_regions:140,0x583214c3502c,0

519.lbm_r/1,1/super_hot_regions:141,0x583214c35022,1
519.lbm_r/1,1/super_hot_regions:141,0x583214c3504c,0

519.lbm_r/1,1/super_hot_regions:144,0x583214d063fe,2
519.lbm_r/1,1/super_hot_regions:144,0x583214d06421,0

519.lbm_r/1,1/super_hot_regions:146,0x583214d06491,2
519.lbm_r/1,1/super_hot_regions:146,0x583214d06497,0
519.lbm_r/1,1/super_hot_regions:146,0x583214d064b0,0

519.lbm_r/1,1/super_hot_regions:149,0x583214d0626c,2
519.lbm_r/1,1/super_hot_regions:149,0x583214d06273,0

519.lbm_r/1,1/super_hot_regions:151,0x583214d063e7,2
519.lbm_r/1,1/super_hot_regions:151,0x583214d063ed,0

519.lbm_r/1,1/super_hot_regions:158,0x583214d05083,2
519.lbm_r/1,1/super_hot_regions:158,0x583214d050a0,0

519.lbm_r/1,1/super_hot_regions:159,0x583214d05087,2
519.lbm_r/1,1/super_hot_regions:159,0x583214d050a3,0

519.lbm_r/1,1/super_hot_regions:160,0x583214d050c5,1
519.lbm_r/1,1/super_hot_regions:160,0x583214d050c9,0

519.lbm_r/1,1/super_hot_regions:161,0x583214d050dd,2
519.lbm_r/1,1/super_hot_regions:161,0x583214d050e3,0
519.lbm_r/1,1/super_hot_regions:161,0x583214d050ea,0

519.lbm_r/1,1/super_hot_regions:162,0x583214d05103,1
519.lbm_r/1,1/super_hot_regions:162,0x583214d05107,0

519.lbm_r/1,1/super_hot_regions:163,0x583214d05127,1
519.lbm_r/1,1/super_hot_regions:163,0x583214d0512b,0

519.lbm_r/1,1/super_hot_regions:164,0x583214d0513f,2
519.lbm_r/1,1/super_hot_regions:164,0x583214d05145,0
519.lbm_r/1,1/super_hot_regions:164,0x583214d0514c,0

519.lbm_r/1,1/super_hot_regions:165,0x583214d051a9,2
519.lbm_r/1,1/super_hot_regions:165,0x583214d051c6,0

519.lbm_r/1,1/super_hot_regions:166,0x583214d051ad,2
519.lbm_r/1,1/super_hot_regions:166,0x583214d051c9,0

519.lbm_r/1,1/super_hot_regions:167,0x583214d051db,1
519.lbm_r/1,1/super_hot_regions:167,0x583214d051df,0

519.lbm_r/1,1/super_hot_regions:172,0x583214c35025,1
519.lbm_r/1,1/super_hot_regions:172,0x583214c3502c,0

519.lbm_r/1,1/super_hot_regions:173,0x583214c35022,1
519.lbm_r/1,1/super_hot_regions:173,0x583214c3504c,0

519.lbm_r/1,1/super_hot_regions:34,0x583214c2fa9a,2
519.lbm_r/1,1/super_hot_regions:34,0x583214c2faa9,0

519.lbm_r/1,1/super_hot_regions:36,0x583214c2faae,2
519.lbm_r/1,1/super_hot_regions:36,0x583214c2fabb,0

519.lbm_r/1,1/super_hot_regions:37,0x583214c2fac0,2
519.lbm_r/1,1/super_hot_regions:37,0x583214c2facf,0

519.lbm_r/1,1/super_hot_regions:38,0x583214c2fad4,2
519.lbm_r/1,1/super_hot_regions:38,0x583214c2fae1,0

519.lbm_r/1,1/super_hot_regions:39,0x583214c2fae6,2
519.lbm_r/1,1/super_hot_regions:39,0x583214c2faf5,0

519.lbm_r/1,1/super_hot_regions:40,0x583214c2fb1f,2
519.lbm_r/1,1/super_hot_regions:40,0x583214c2fb30,0

519.lbm_r/1,1/super_hot_regions:42,0x583214c2fb35,2
519.lbm_r/1,1/super_hot_regions:42,0x583214c2fb40,0

519.lbm_r/1,1/super_hot_regions:49,0x583214d06293,2
519.lbm_r/1,1/super_hot_regions:49,0x583214d06299,0

519.lbm_r/1,1/super_hot_regions:50,0x583214d0629b,2
519.lbm_r/1,1/super_hot_regions:50,0x583214d062a2,0

519.lbm_r/1,1/super_hot_regions:51,0x583214d062a6,1
519.lbm_r/1,1/super_hot_regions:51,0x583214d062a9,0

519.lbm_r/1,1/super_hot_regions:56,0x583214d063bf,2
519.lbm_r/1,1/super_hot_regions:56,0x583214d063c5,0
519.lbm_r/1,1/super_hot_regions:56,0x583214d063c8,0

519.lbm_r/1,1/super_hot_regions:60,0x583214d062b8,2
519.lbm_r/1,1/super_hot_regions:60,0x583214d062c5,0

519.lbm_r/1,1/super_hot_regions:61,0x583214d062be,2
519.lbm_r/1,1/super_hot_regions:61,0x583214d062d7,0

519.lbm_r/1,1/super_hot_regions:62,0x583214d062db,2
519.lbm_r/1,1/super_hot_regions:62,0x583214d062e1,0
519.lbm_r/1,1/super_hot_regions:62,0x583214d062e4,0

519.lbm_r/1,1/super_hot_regions:64,0x583214d063a3,2
519.lbm_r/1,1/super_hot_regions:64,0x583214d063a9,0
519.lbm_r/1,1/super_hot_regions:64,0x583214d063ac,0
519.lbm_r/1,1/super_hot_regions:64,0x583214d063ae,0
519.lbm_r/1,1/super_hot_regions:64,0x583214d063b5,0
519.lbm_r/1,1/super_hot_regions:64,0x583214d063b8,0

519.lbm_r/1,1/super_hot_regions:65,0x583214d063bf,2
519.lbm_r/1,1/super_hot_regions:65,0x583214d063c5,0
519.lbm_r/1,1/super_hot_regions:65,0x583214d063c8,0

519.lbm_r/1,1/super_hot_regions:68,0x583214d0623d,2
519.lbm_r/1,1/super_hot_regions:68,0x583214d06243,0
519.lbm_r/1,1/super_hot_regions:68,0x583214d06246,0

519.lbm_r/1,1/super_hot_regions:70,0x583214d05eb1,2
519.lbm_r/1,1/super_hot_regions:70,0x583214d05eb7,0

519.lbm_r/1,1/super_hot_regions:71,0x583214d05ec1,3
519.lbm_r/1,1/super_hot_regions:71,0x583214d05ec8,0
519.lbm_r/1,1/super_hot_regions:71,0x583214d05ecc,0

519.lbm_r/1,1/super_hot_regions:73,0x583214d06127,2
519.lbm_r/1,1/super_hot_regions:73,0x583214d0612d,0
519.lbm_r/1,1/super_hot_regions:73,0x583214d06130,0

519.lbm_r/1,1/super_hot_regions:77,0x7eb2b245c7e2,1
519.lbm_r/1,1/super_hot_regions:77,0x7eb2b245c7eb,0

519.lbm_r/1,1/super_hot_regions:79,0x7eb2b245c7c0,2
519.lbm_r/1,1/super_hot_regions:79,0x7eb2b245c7c4,0

519.lbm_r/1,1/super_hot_regions:80,0x7eb2b245c7ce,2
519.lbm_r/1,1/super_hot_regions:80,0x7eb2b245c7d6,0

519.lbm_r/1,1/super_hot_regions:85,0x7eb2b245542b,1
519.lbm_r/1,1/super_hot_regions:85,0x7eb2b2455431,0

519.lbm_r/1,1/super_hot_regions:86,0x7eb2b2455425,3
519.lbm_r/1,1/super_hot_regions:86,0x7eb2b2455428,0
519.lbm_r/1,1/super_hot_regions:86,0x7eb2b245542e,0
519.lbm_r/1,1/super_hot_regions:86,0x7eb2b2455434,0
519.lbm_r/1,1/super_hot_regions:86,0x7eb2b2455437,0

520.omnetpp_r/1,1/super_hot_regions:0,0x6502013c62a4,1
520.omnetpp_r/1,1/super_hot_regions:0,0x6502013c62a7,0

520.omnetpp_r/1,1/super_hot_regions:1,0x6502013c62ab,3
520.omnetpp_r/1,1/super_hot_regions:1,0x6502013c62af,0
520.omnetpp_r/1,1/super_hot_regions:1,0x6502013c62b2,0

520.omnetpp_r/1,1/super_hot_regions:106,0x7640dc0a184c,1
520.omnetpp_r/1,1/super_hot_regions:106,0x7640dc0a1850,0

520.omnetpp_r/1,1/super_hot_regions:110,0x650201468dc4,3
520.omnetpp_r/1,1/super_hot_regions:110,0x650201468dcb,0
520.omnetpp_r/1,1/super_hot_regions:110,0x650201468dd5,0
520.omnetpp_r/1,1/super_hot_regions:110,0x650201468dd8,0
520.omnetpp_r/1,1/super_hot_regions:110,0x650201468dda,0
520.omnetpp_r/1,1/super_hot_regions:110,0x650201468dde,0

520.omnetpp_r/1,1/super_hot_regions:112,0x7640dc0a520e,2
520.omnetpp_r/1,1/super_hot_regions:112,0x7640dc0a5213,0

520.omnetpp_r/1,1/super_hot_regions:114,0x7640dc0a521f,2
520.omnetpp_r/1,1/super_hot_regions:114,0x7640dc0a5225,0
520.omnetpp_r/1,1/super_hot_regions:114,0x7640dc0a5229,0
520.omnetpp_r/1,1/super_hot_regions:114,0x7640dc0a522c,0

520.omnetpp_r/1,1/super_hot_regions:12,0x7640dc4af064,1
520.omnetpp_r/1,1/super_hot_regions:12,0x7640dc4af06f,0

520.omnetpp_r/1,1/super_hot_regions:124,0x6502013c6068,1
520.omnetpp_r/1,1/super_hot_regions:124,0x6502013c606a,0
520.omnetpp_r/1,1/super_hot_regions:124,0x6502013c606c,0

520.omnetpp_r/1,1/super_hot_regions:132,0x650201370504,2
520.omnetpp_r/1,1/super_hot_regions:132,0x65020137050b,0

520.omnetpp_r/1,1/super_hot_regions:135,0x6502013c5f3b,2
520.omnetpp_r/1,1/super_hot_regions:135,0x6502013c5f3f,0

520.omnetpp_r/1,1/super_hot_regions:136,0x6502013c5f33,2
520.omnetpp_r/1,1/super_hot_regions:136,0x6502013c5f43,0

520.omnetpp_r/1,1/super_hot_regions:139,0x650201363565,2
520.omnetpp_r/1,1/super_hot_regions:139,0x65020136356e,0

520.omnetpp_r/1,1/super_hot_regions:24,0x7640dc0a18a2,1
520.omnetpp_r/1,1/super_hot_regions:24,0x7640dc0a18a4,0
520.omnetpp_r/1,1/super_hot_regions:24,0x7640dc0a18a7,0

520.omnetpp_r/1,1/super_hot_regions:26,0x7640dc0a18b8,1
520.omnetpp_r/1,1/super_hot_regions:26,0x7640dc0a18c3,0

520.omnetpp_r/1,1/super_hot_regions:27,0x7640dc0a18bb,2
520.omnetpp_r/1,1/super_hot_regions:27,0x7640dc0a18bf,0
520.omnetpp_r/1,1/super_hot_regions:27,0x7640dc0a18c7,0
520.omnetpp_r/1,1/super_hot_regions:27,0x7640dc0a18cf,0
520.omnetpp_r/1,1/super_hot_regions:27,0x7640dc0a18d6,0

520.omnetpp_r/1,1/super_hot_regions:28,0x7640dc0a18cb,3
520.omnetpp_r/1,1/super_hot_regions:28,0x7640dc0a18d2,0
520.omnetpp_r/1,1/super_hot_regions:28,0x7640dc0a18d9,0
520.omnetpp_r/1,1/super_hot_regions:28,0x7640dc0a18dc,0

520.omnetpp_r/1,1/super_hot_regions:32,0x6502013c6068,1
520.omnetpp_r/1,1/super_hot_regions:32,0x6502013c606a,0
520.omnetpp_r/1,1/super_hot_regions:32,0x6502013c606c,0

520.omnetpp_r/1,1/super_hot_regions:34,0x7640dc0a187b,1
520.omnetpp_r/1,1/super_hot_regions:34,0x7640dc0a1882,0
520.omnetpp_r/1,1/super_hot_regions:34,0x7640dc0a1886,0

520.omnetpp_r/1,1/super_hot_regions:36,0x7640dc4af12d,1
520.omnetpp_r/1,1/super_hot_regions:36,0x7640dc4af138,0

520.omnetpp_r/1,1/super_hot_regions:40,0x6502014b878b,2
520.omnetpp_r/1,1/super_hot_regions:40,0x6502014b8792,0

520.omnetpp_r/1,1/super_hot_regions:43,0x6502014b87ad,3
520.omnetpp_r/1,1/super_hot_regions:43,0x6502014b87b4,0
520.omnetpp_r/1,1/super_hot_regions:43,0x6502014b87b8,0

520.omnetpp_r/1,1/super_hot_regions:68,0x7640dc4accb0,1
520.omnetpp_r/1,1/super_hot_regions:68,0x7640dc4accba,0

520.omnetpp_r/1,1/super_hot_regions:71,0x7640dc4accd4,1
520.omnetpp_r/1,1/super_hot_regions:71,0x7640dc4acce1,0

520.omnetpp_r/1,1/super_hot_regions:72,0x7640dc4accd7,1
520.omnetpp_r/1,1/super_hot_regions:72,0x7640dc4acced,0

520.omnetpp_r/1,1/super_hot_regions:79,0x650201469482,2
520.omnetpp_r/1,1/super_hot_regions:79,0x650201469489,0

520.omnetpp_r/1,1/super_hot_regions:8,0x7640dc19897a,2
520.omnetpp_r/1,1/super_hot_regions:8,0x7640dc19897e,0
520.omnetpp_r/1,1/super_hot_regions:8,0x7640dc198982,0

520.omnetpp_r/1,1/super_hot_regions:92,0x7640dc4ae974,1
520.omnetpp_r/1,1/super_hot_regions:92,0x7640dc4ae97d,0
520.omnetpp_r/1,1/super_hot_regions:92,0x7640dc4ae981,0
520.omnetpp_r/1,1/super_hot_regions:92,0x7640dc4ae984,0

520.omnetpp_r/1,1/super_hot_regions:95,0x7640dc0a51b4,2
520.omnetpp_r/1,1/super_hot_regions:95,0x7640dc0a51b8,0

521.wrf_r/1,1/super_hot_regions:114,0x7bb9aaaa51b4,2
521.wrf_r/1,1/super_hot_regions:114,0x7bb9aaaa51b8,0

521.wrf_r/1,1/super_hot_regions:121,0x61a3f659e19a,1
521.wrf_r/1,1/super_hot_regions:121,0x61a3f659e1a0,0

521.wrf_r/1,1/super_hot_regions:33,0x61a3f65bf020,1
521.wrf_r/1,1/super_hot_regions:33,0x61a3f65bf025,0

521.wrf_r/1,1/super_hot_regions:72,0x61a3f7263d38,1
521.wrf_r/1,1/super_hot_regions:72,0x61a3f7263d3a,0
521.wrf_r/1,1/super_hot_regions:72,0x61a3f7263d3c,0
521.wrf_r/1,1/super_hot_regions:72,0x61a3f7263d41,0

521.wrf_r/1,1/super_hot_regions:73,0x61a3f7263d4b,2
521.wrf_r/1,1/super_hot_regions:73,0x61a3f7263d4f,0
521.wrf_r/1,1/super_hot_regions:73,0x61a3f7263d51,0
521.wrf_r/1,1/super_hot_regions:73,0x61a3f7263d56,0

523.xalancbmk_r/1,1/super_hot_regions:107,0x57a6e2b8bb88,1
523.xalancbmk_r/1,1/super_hot_regions:107,0x57a6e2b8bb8b,0

523.xalancbmk_r/1,1/super_hot_regions:111,0x57a6e2b82138,2
523.xalancbmk_r/1,1/super_hot_regions:111,0x57a6e2b82148,0

523.xalancbmk_r/1,1/super_hot_regions:33,0x57a6e2b7df2a,1
523.xalancbmk_r/1,1/super_hot_regions:33,0x57a6e2b7df2d,0

523.xalancbmk_r/1,1/super_hot_regions:38,0x57a6e2b7e141,2
523.xalancbmk_r/1,1/super_hot_regions:38,0x57a6e2b7e145,0

523.xalancbmk_r/1,1/super_hot_regions:39,0x57a6e2b7de44,1
523.xalancbmk_r/1,1/super_hot_regions:39,0x57a6e2b7de47,0
523.xalancbmk_r/1,1/super_hot_regions:39,0x57a6e2b7de50,0

523.xalancbmk_r/1,1/super_hot_regions:40,0x57a6e2b7de53,1
523.xalancbmk_r/1,1/super_hot_regions:40,0x57a6e2b7de56,0

523.xalancbmk_r/1,1/super_hot_regions:49,0x57a6e2b7def7,1
523.xalancbmk_r/1,1/super_hot_regions:49,0x57a6e2b7def9,0

523.xalancbmk_r/1,1/super_hot_regions:55,0x57a6e2b7e0f3,2
523.xalancbmk_r/1,1/super_hot_regions:55,0x57a6e2b7e0f7,0

523.xalancbmk_r/1,1/super_hot_regions:58,0x57a6e2b7e10d,2
523.xalancbmk_r/1,1/super_hot_regions:58,0x57a6e2b7e111,0

523.xalancbmk_r/1,1/super_hot_regions:61,0x57a6e2b7e127,2
523.xalancbmk_r/1,1/super_hot_regions:61,0x57a6e2b7e12b,0

523.xalancbmk_r/1,1/super_hot_regions:64,0x57a6e2b7deaa,1
523.xalancbmk_r/1,1/super_hot_regions:64,0x57a6e2b7dead,0

523.xalancbmk_r/1,1/super_hot_regions:87,0x57a6e2bddd26,3
523.xalancbmk_r/1,1/super_hot_regions:87,0x57a6e2bddd2d,0
523.xalancbmk_r/1,1/super_hot_regions:87,0x57a6e2bddd31,0

523.xalancbmk_r/1,1/super_hot_regions:90,0x57a6e2c7a5b8,1
523.xalancbmk_r/1,1/super_hot_regions:90,0x57a6e2c7a5be,0

523.xalancbmk_r/1,1/super_hot_regions:95,0x57a6e2bbe50c,1
523.xalancbmk_r/1,1/super_hot_regions:95,0x57a6e2bbe50f,0

525.x264_r/1,1/super_hot_regions:0,0x560e96481cf1,2
525.x264_r/1,1/super_hot_regions:0,0x560e96481cf6,0

525.x264_r/1,1/super_hot_regions:100,0x560e9647cf85,5
525.x264_r/1,1/super_hot_regions:100,0x560e9647cf89,0
525.x264_r/1,1/super_hot_regions:100,0x560e9647cf8d,0
525.x264_r/1,1/super_hot_regions:100,0x560e9647cf92,0
525.x264_r/1,1/super_hot_regions:100,0x560e9647cf95,0
525.x264_r/1,1/super_hot_regions:100,0x560e9647cf9a,0
525.x264_r/1,1/super_hot_regions:100,0x560e9647cf9c,0
525.x264_r/1,1/super_hot_regions:100,0x560e9647cfa1,0
525.x264_r/1,1/super_hot_regions:100,0x560e9647cfa5,0
525.x264_r/1,1/super_hot_regions:100,0x560e9647cfa7,0
525.x264_r/1,1/super_hot_regions:100,0x560e9647cfa9,0
525.x264_r/1,1/super_hot_regions:100,0x560e9647cfac,0
525.x264_r/1,1/super_hot_regions:100,0x560e9647cfb2,0

525.x264_r/1,1/super_hot_regions:101,0x560e9647cfb8,5
525.x264_r/1,1/super_hot_regions:101,0x560e9647cfbc,0
525.x264_r/1,1/super_hot_regions:101,0x560e9647cfc0,0
525.x264_r/1,1/super_hot_regions:101,0x560e9647cfc5,0
525.x264_r/1,1/super_hot_regions:101,0x560e9647cfc8,0
525.x264_r/1,1/super_hot_regions:101,0x560e9647cfcd,0
525.x264_r/1,1/super_hot_regions:101,0x560e9647cfcf,0
525.x264_r/1,1/super_hot_regions:101,0x560e9647cfd4,0
525.x264_r/1,1/super_hot_regions:101,0x560e9647cfd8,0
525.x264_r/1,1/super_hot_regions:101,0x560e9647cfda,0
525.x264_r/1,1/super_hot_regions:101,0x560e9647cfdc,0
525.x264_r/1,1/super_hot_regions:101,0x560e9647cfdf,0
525.x264_r/1,1/super_hot_regions:101,0x560e9647cfe5,0

525.x264_r/1,1/super_hot_regions:102,0x560e9647cfeb,5
525.x264_r/1,1/super_hot_regions:102,0x560e9647cfef,0
525.x264_r/1,1/super_hot_regions:102,0x560e9647cff3,0
525.x264_r/1,1/super_hot_regions:102,0x560e9647cff8,0
525.x264_r/1,1/super_hot_regions:102,0x560e9647cffb,0
525.x264_r/1,1/super_hot_regions:102,0x560e9647d000,0
525.x264_r/1,1/super_hot_regions:102,0x560e9647d002,0
525.x264_r/1,1/super_hot_regions:102,0x560e9647d007,0
525.x264_r/1,1/super_hot_regions:102,0x560e9647d00b,0
525.x264_r/1,1/super_hot_regions:102,0x560e9647d00d,0
525.x264_r/1,1/super_hot_regions:102,0x560e9647d00f,0
525.x264_r/1,1/super_hot_regions:102,0x560e9647d012,0
525.x264_r/1,1/super_hot_regions:102,0x560e9647d018,0

525.x264_r/1,1/super_hot_regions:103,0x560e9647d01e,5
525.x264_r/1,1/super_hot_regions:103,0x560e9647d022,0
525.x264_r/1,1/super_hot_regions:103,0x560e9647d026,0
525.x264_r/1,1/super_hot_regions:103,0x560e9647d02b,0
525.x264_r/1,1/super_hot_regions:103,0x560e9647d02e,0
525.x264_r/1,1/super_hot_regions:103,0x560e9647d033,0
525.x264_r/1,1/super_hot_regions:103,0x560e9647d035,0
525.x264_r/1,1/super_hot_regions:103,0x560e9647d03a,0
525.x264_r/1,1/super_hot_regions:103,0x560e9647d03e,0
525.x264_r/1,1/super_hot_regions:103,0x560e9647d040,0
525.x264_r/1,1/super_hot_regions:103,0x560e9647d042,0
525.x264_r/1,1/super_hot_regions:103,0x560e9647d045,0
525.x264_r/1,1/super_hot_regions:103,0x560e9647d04b,0

525.x264_r/1,1/super_hot_regions:104,0x560e9647d051,5
525.x264_r/1,1/super_hot_regions:104,0x560e9647d055,0
525.x264_r/1,1/super_hot_regions:104,0x560e9647d059,0
525.x264_r/1,1/super_hot_regions:104,0x560e9647d05e,0
525.x264_r/1,1/super_hot_regions:104,0x560e9647d061,0
525.x264_r/1,1/super_hot_regions:104,0x560e9647d066,0
525.x264_r/1,1/super_hot_regions:104,0x560e9647d068,0
525.x264_r/1,1/super_hot_regions:104,0x560e9647d06d,0
525.x264_r/1,1/super_hot_regions:104,0x560e9647d071,0
525.x264_r/1,1/super_hot_regions:104,0x560e9647d073,0
525.x264_r/1,1/super_hot_regions:104,0x560e9647d075,0
525.x264_r/1,1/super_hot_regions:104,0x560e9647d078,0
525.x264_r/1,1/super_hot_regions:104,0x560e9647d07e,0

525.x264_r/1,1/super_hot_regions:105,0x560e9647d084,5
525.x264_r/1,1/super_hot_regions:105,0x560e9647d088,0
525.x264_r/1,1/super_hot_regions:105,0x560e9647d08c,0
525.x264_r/1,1/super_hot_regions:105,0x560e9647d091,0
525.x264_r/1,1/super_hot_regions:105,0x560e9647d094,0
525.x264_r/1,1/super_hot_regions:105,0x560e9647d099,0
525.x264_r/1,1/super_hot_regions:105,0x560e9647d09b,0
525.x264_r/1,1/super_hot_regions:105,0x560e9647d0a0,0
525.x264_r/1,1/super_hot_regions:105,0x560e9647d0a4,0
525.x264_r/1,1/super_hot_regions:105,0x560e9647d0a6,0
525.x264_r/1,1/super_hot_regions:105,0x560e9647d0a8,0
525.x264_r/1,1/super_hot_regions:105,0x560e9647d0ab,0
525.x264_r/1,1/super_hot_regions:105,0x560e9647d0b1,0

525.x264_r/1,1/super_hot_regions:107,0x560e964b3140,3
525.x264_r/1,1/super_hot_regions:107,0x560e964b3143,0
525.x264_r/1,1/super_hot_regions:107,0x560e964b3148,0
525.x264_r/1,1/super_hot_regions:107,0x560e964b314b,0
525.x264_r/1,1/super_hot_regions:107,0x560e964b314e,0
525.x264_r/1,1/super_hot_regions:107,0x560e964b3151,0
525.x264_r/1,1/super_hot_regions:107,0x560e964b3153,0

525.x264_r/1,1/super_hot_regions:110,0x560e964b2dce,3
525.x264_r/1,1/super_hot_regions:110,0x560e964b2dd3,0
525.x264_r/1,1/super_hot_regions:110,0x560e964b2dd6,0
525.x264_r/1,1/super_hot_regions:110,0x560e964b2dd9,0
525.x264_r/1,1/super_hot_regions:110,0x560e964b2ddc,0
525.x264_r/1,1/super_hot_regions:110,0x560e964b2ddf,0

525.x264_r/1,1/super_hot_regions:112,0x560e964b1728,3
525.x264_r/1,1/super_hot_regions:112,0x560e964b172b,0
525.x264_r/1,1/super_hot_regions:112,0x560e964b1730,0
525.x264_r/1,1/super_hot_regions:112,0x560e964b1733,0
525.x264_r/1,1/super_hot_regions:112,0x560e964b1736,0
525.x264_r/1,1/super_hot_regions:112,0x560e964b1739,0
525.x264_r/1,1/super_hot_regions:112,0x560e964b173b,0

525.x264_r/1,1/super_hot_regions:115,0x560e964b27ab,1
525.x264_r/1,1/super_hot_regions:115,0x560e964b27ae,0

525.x264_r/1,1/super_hot_regions:128,0x560e9647bf96,2
525.x264_r/1,1/super_hot_regions:128,0x560e9647bf9f,0

525.x264_r/1,1/super_hot_regions:129,0x560e9647bfa2,2
525.x264_r/1,1/super_hot_regions:129,0x560e9647bfa7,0

525.x264_r/1,1/super_hot_regions:13,0x560e96481210,3
525.x264_r/1,1/super_hot_regions:13,0x560e96481214,0
525.x264_r/1,1/super_hot_regions:13,0x560e96481217,0
525.x264_r/1,1/super_hot_regions:13,0x560e9648121a,0
525.x264_r/1,1/super_hot_regions:13,0x560e9648121e,0
525.x264_r/1,1/super_hot_regions:13,0x560e96481225,0
525.x264_r/1,1/super_hot_regions:13,0x560e96481228,0
525.x264_r/1,1/super_hot_regions:13,0x560e9648122b,0
525.x264_r/1,1/super_hot_regions:13,0x560e9648122f,0

525.x264_r/1,1/super_hot_regions:130,0x560e9647bfa9,2
525.x264_r/1,1/super_hot_regions:130,0x560e9647bfae,0

525.x264_r/1,1/super_hot_regions:131,0x560e9647bfc8,2
525.x264_r/1,1/super_hot_regions:131,0x560e9647bfd0,0

525.x264_r/1,1/super_hot_regions:132,0x560e9647bfd3,2
525.x264_r/1,1/super_hot_regions:132,0x560e9647bfd8,0

525.x264_r/1,1/super_hot_regions:133,0x560e9647bfda,2
525.x264_r/1,1/super_hot_regions:133,0x560e9647bfdf,0

525.x264_r/1,1/super_hot_regions:134,0x560e9647bff3,2
525.x264_r/1,1/super_hot_regions:134,0x560e9647bffd,0

525.x264_r/1,1/super_hot_regions:135,0x560e9647c000,2
525.x264_r/1,1/super_hot_regions:135,0x560e9647c005,0

525.x264_r/1,1/super_hot_regions:136,0x560e9647c007,2
525.x264_r/1,1/super_hot_regions:136,0x560e9647c00c,0

525.x264_r/1,1/super_hot_regions:137,0x560e9647bfb4,4
525.x264_r/1,1/super_hot_regions:137,0x560e9647bfb8,0
525.x264_r/1,1/super_hot_regions:137,0x560e9647bfcd,0
525.x264_r/1,1/super_hot_regions:137,0x560e9647bfe9,0
525.x264_r/1,1/super_hot_regions:137,0x560e9647bfee,0
525.x264_r/1,1/super_hot_regions:137,0x560e9647c017,0
525.x264_r/1,1/super_hot_regions:137,0x560e9647c01c,0

525.x264_r/1,1/super_hot_regions:138,0x560e9647c020,2
525.x264_r/1,1/super_hot_regions:138,0x560e9647c02a,0

525.x264_r/1,1/super_hot_regions:139,0x560e9647c02d,2
525.x264_r/1,1/super_hot_regions:139,0x560e9647c032,0

525.x264_r/1,1/super_hot_regions:140,0x560e9647c034,2
525.x264_r/1,1/super_hot_regions:140,0x560e9647c039,0

525.x264_r/1,1/super_hot_regions:142,0x560e964b2d74,4
525.x264_r/1,1/super_hot_regions:142,0x560e964b2d7e,0
525.x264_r/1,1/super_hot_regions:142,0x560e964b2d83,0
525.x264_r/1,1/super_hot_regions:142,0x560e964b2d8d,0

525.x264_r/1,1/super_hot_regions:143,0x560e964b2da2,2
525.x264_r/1,1/super_hot_regions:143,0x560e964b2da7,0

525.x264_r/1,1/super_hot_regions:144,0x560e964b2dac,2
525.x264_r/1,1/super_hot_regions:144,0x560e964b2db1,0

525.x264_r/1,1/super_hot_regions:149,0x560e96483b21,2
525.x264_r/1,1/super_hot_regions:149,0x560e96483b26,0

525.x264_r/1,1/super_hot_regions:152,0x560e964a0e4b,2
525.x264_r/1,1/super_hot_regions:152,0x560e964a0e4f,0

525.x264_r/1,1/super_hot_regions:153,0x560e964a0e64,2
525.x264_r/1,1/super_hot_regions:153,0x560e964a0e6b,0

525.x264_r/1,1/super_hot_regions:156,0x560e964ac376,2
525.x264_r/1,1/super_hot_regions:156,0x560e964ac385,0

525.x264_r/1,1/super_hot_regions:168,0x560e964d4cc1,2
525.x264_r/1,1/super_hot_regions:168,0x560e964d4cc4,0
525.x264_r/1,1/super_hot_regions:168,0x560e964d4cc8,0
525.x264_r/1,1/super_hot_regions:168,0x560e964d4cd2,0
525.x264_r/1,1/super_hot_regions:168,0x560e964d4cd5,0
525.x264_r/1,1/super_hot_regions:168,0x560e964d4cd8,0

525.x264_r/1,1/super_hot_regions:170,0x560e964d4d21,2
525.x264_r/1,1/super_hot_regions:170,0x560e964d4d29,0

525.x264_r/1,1/super_hot_regions:171,0x560e964d4daa,2
525.x264_r/1,1/super_hot_regions:171,0x560e964d4db2,0
525.x264_r/1,1/super_hot_regions:171,0x560e964d4db5,0

525.x264_r/1,1/super_hot_regions:172,0x560e964d4d2c,15
525.x264_r/1,1/super_hot_regions:172,0x560e964d4d30,0
525.x264_r/1,1/super_hot_regions:172,0x560e964d4d38,0
525.x264_r/1,1/super_hot_regions:172,0x560e964d4d3b,0
525.x264_r/1,1/super_hot_regions:172,0x560e964d4d3e,0
525.x264_r/1,1/super_hot_regions:172,0x560e964d4d45,0
525.x264_r/1,1/super_hot_regions:172,0x560e964d4d47,0
525.x264_r/1,1/super_hot_regions:172,0x560e964d4d4d,0
525.x264_r/1,1/super_hot_regions:172,0x560e964d4d53,0
525.x264_r/1,1/super_hot_regions:172,0x560e964d4d5b,0
525.x264_r/1,1/super_hot_regions:172,0x560e964d4d5e,0
525.x264_r/1,1/super_hot_regions:172,0x560e964d4d63,0
525.x264_r/1,1/super_hot_regions:172,0x560e964d4d66,0
525.x264_r/1,1/super_hot_regions:172,0x560e964d4d69,0
525.x264_r/1,1/super_hot_regions:172,0x560e964d4d6b,0
525.x264_r/1,1/super_hot_regions:172,0x560e964d4d79,0
525.x264_r/1,1/super_hot_regions:172,0x560e964d4d7f,0
525.x264_r/1,1/super_hot_regions:172,0x560e964d4d82,0
525.x264_r/1,1/super_hot_regions:172,0x560e964d4d86,0
525.x264_r/1,1/super_hot_regions:172,0x560e964d4d8e,0
525.x264_r/1,1/super_hot_regions:172,0x560e964d4d91,0
525.x264_r/1,1/super_hot_regions:172,0x560e964d4d95,0
525.x264_r/1,1/super_hot_regions:172,0x560e964d4d99,0
525.x264_r/1,1/super_hot_regions:172,0x560e964d4d9c,0
525.x264_r/1,1/super_hot_regions:172,0x560e964d4d9e,0
525.x264_r/1,1/super_hot_regions:172,0x560e964d4da4,0
525.x264_r/1,1/super_hot_regions:172,0x560e964d4db9,0
525.x264_r/1,1/super_hot_regions:172,0x560e964d4dbd,0
525.x264_r/1,1/super_hot_regions:172,0x560e964d4dbf,0
525.x264_r/1,1/super_hot_regions:172,0x560e964d4dc2,0
525.x264_r/1,1/super_hot_regions:172,0x560e964d4dc5,0
525.x264_r/1,1/super_hot_regions:172,0x560e964d4dcb,0
525.x264_r/1,1/super_hot_regions:172,0x560e964d4dcd,0
525.x264_r/1,1/super_hot_regions:172,0x560e964d4dd0,0
525.x264_r/1,1/super_hot_regions:172,0x560e964d4dd3,0
525.x264_r/1,1/super_hot_regions:172,0x560e964d4dd6,0
525.x264_r/1,1/super_hot_regions:172,0x560e964d4dd8,0
525.x264_r/1,1/super_hot_regions:172,0x560e964d4ddb,0
525.x264_r/1,1/super_hot_regions:172,0x560e964d4de1,0
525.x264_r/1,1/super_hot_regions:172,0x560e964d4de4,0
525.x264_r/1,1/super_hot_regions:172,0x560e964d4de7,0
525.x264_r/1,1/super_hot_regions:172,0x560e964d4de9,0
525.x264_r/1,1/super_hot_regions:172,0x560e964d4dee,0
525.x264_r/1,1/super_hot_regions:172,0x560e964d4df1,0

525.x264_r/1,1/super_hot_regions:174,0x560e964abc7a,2
525.x264_r/1,1/super_hot_regions:174,0x560e964abc84,0

525.x264_r/1,1/super_hot_regions:176,0x560e964b13a1,3
525.x264_r/1,1/super_hot_regions:176,0x560e964b13a6,0
525.x264_r/1,1/super_hot_regions:176,0x560e964b13a9,0
525.x264_r/1,1/super_hot_regions:176,0x560e964b13ac,0
525.x264_r/1,1/super_hot_regions:176,0x560e964b13af,0
525.x264_r/1,1/super_hot_regions:176,0x560e964b13b2,0

525.x264_r/1,1/super_hot_regions:179,0x560e964ac3c7,1
525.x264_r/1,1/super_hot_regions:179,0x560e964ac3ca,0

525.x264_r/1,1/super_hot_regions:18,0x560e9647c148,2
525.x264_r/1,1/super_hot_regions:18,0x560e9647c14d,0

525.x264_r/1,1/super_hot_regions:180,0x560e964ac3c4,4
525.x264_r/1,1/super_hot_regions:180,0x560e964ac3d1,0
525.x264_r/1,1/super_hot_regions:180,0x560e964ac3d6,0
525.x264_r/1,1/super_hot_regions:180,0x560e964ac3da,0
525.x264_r/1,1/super_hot_regions:180,0x560e964ac3dd,0
525.x264_r/1,1/super_hot_regions:180,0x560e964ac3e0,0
525.x264_r/1,1/super_hot_regions:180,0x560e964ac3e3,0
525.x264_r/1,1/super_hot_regions:180,0x560e964ac3e6,0
525.x264_r/1,1/super_hot_regions:180,0x560e964ac3ea,0
525.x264_r/1,1/super_hot_regions:180,0x560e964ac3ed,0
525.x264_r/1,1/super_hot_regions:180,0x560e964ac3f1,0
525.x264_r/1,1/super_hot_regions:180,0x560e964ac3f4,0
525.x264_r/1,1/super_hot_regions:180,0x560e964ac3f6,0
525.x264_r/1,1/super_hot_regions:180,0x560e964ac3f8,0
525.x264_r/1,1/super_hot_regions:180,0x560e964ac3fb,0
525.x264_r/1,1/super_hot_regions:180,0x560e964ac401,0
525.x264_r/1,1/super_hot_regions:180,0x560e964ac407,0
525.x264_r/1,1/super_hot_regions:180,0x560e964ac409,0
525.x264_r/1,1/super_hot_regions:180,0x560e964ac40c,0
525.x264_r/1,1/super_hot_regions:180,0x560e964ac40f,0
525.x264_r/1,1/super_hot_regions:180,0x560e964ac413,0
525.x264_r/1,1/super_hot_regions:180,0x560e964ac419,0

525.x264_r/1,1/super_hot_regions:184,0x560e96483aeb,1
525.x264_r/1,1/super_hot_regions:184,0x560e96483af4,0

525.x264_r/1,1/super_hot_regions:186,0x560e964ac440,3
525.x264_r/1,1/super_hot_regions:186,0x560e964ac445,0
525.x264_r/1,1/super_hot_regions:186,0x560e964ac448,0
525.x264_r/1,1/super_hot_regions:186,0x560e964ac44b,0
525.x264_r/1,1/super_hot_regions:186,0x560e964ac44e,0
525.x264_r/1,1/super_hot_regions:186,0x560e964ac453,0
525.x264_r/1,1/super_hot_regions:186,0x560e964ac456,0
525.x264_r/1,1/super_hot_regions:186,0x560e964ac459,0
525.x264_r/1,1/super_hot_regions:186,0x560e964ac45c,0
525.x264_r/1,1/super_hot_regions:186,0x560e964ac460,0
525.x264_r/1,1/super_hot_regions:186,0x560e964ac463,0
525.x264_r/1,1/super_hot_regions:186,0x560e964ac467,0

525.x264_r/1,1/super_hot_regions:187,0x560e964ac480,4
525.x264_r/1,1/super_hot_regions:187,0x560e964ac485,0
525.x264_r/1,1/super_hot_regions:187,0x560e964ac488,0
525.x264_r/1,1/super_hot_regions:187,0x560e964ac48d,0
525.x264_r/1,1/super_hot_regions:187,0x560e964ac490,0
525.x264_r/1,1/super_hot_regions:187,0x560e964ac493,0
525.x264_r/1,1/super_hot_regions:187,0x560e964ac496,0
525.x264_r/1,1/super_hot_regions:187,0x560e964ac499,0
525.x264_r/1,1/super_hot_regions:187,0x560e964ac49c,0
525.x264_r/1,1/super_hot_regions:187,0x560e964ac4a0,0
525.x264_r/1,1/super_hot_regions:187,0x560e964ac4a3,0
525.x264_r/1,1/super_hot_regions:187,0x560e964ac4a7,0

525.x264_r/1,1/super_hot_regions:189,0x560e964a4a9c,1
525.x264_r/1,1/super_hot_regions:189,0x560e964a4aa2,0

525.x264_r/1,1/super_hot_regions:194,0x560e964abb6f,3
525.x264_r/1,1/super_hot_regions:194,0x560e964abb74,0
525.x264_r/1,1/super_hot_regions:194,0x560e964abb77,0
525.x264_r/1,1/super_hot_regions:194,0x560e964abb7a,0
525.x264_r/1,1/super_hot_regions:194,0x560e964abb7d,0
525.x264_r/1,1/super_hot_regions:194,0x560e964abb80,0
525.x264_r/1,1/super_hot_regions:194,0x560e964abb83,0
525.x264_r/1,1/super_hot_regions:194,0x560e964abb85,0
525.x264_r/1,1/super_hot_regions:194,0x560e964abb88,0
525.x264_r/1,1/super_hot_regions:194,0x560e964abb8c,0
525.x264_r/1,1/super_hot_regions:194,0x560e964abb8f,0
525.x264_r/1,1/super_hot_regions:194,0x560e964abb99,0
525.x264_r/1,1/super_hot_regions:194,0x560e964abb9c,0

525.x264_r/1,1/super_hot_regions:195,0x560e964abbab,1
525.x264_r/1,1/super_hot_regions:195,0x560e964abbae,0

525.x264_r/1,1/super_hot_regions:196,0x560e964abba8,4
525.x264_r/1,1/super_hot_regions:196,0x560e964abbb4,0
525.x264_r/1,1/super_hot_regions:196,0x560e964abbb9,0
525.x264_r/1,1/super_hot_regions:196,0x560e964abbbc,0
525.x264_r/1,1/super_hot_regions:196,0x560e964abbbf,0
525.x264_r/1,1/super_hot_regions:196,0x560e964abbc2,0
525.x264_r/1,1/super_hot_regions:196,0x560e964abbc5,0
525.x264_r/1,1/super_hot_regions:196,0x560e964abbc9,0
525.x264_r/1,1/super_hot_regions:196,0x560e964abbcc,0
525.x264_r/1,1/super_hot_regions:196,0x560e964abbd0,0
525.x264_r/1,1/super_hot_regions:196,0x560e964abbd3,0
525.x264_r/1,1/super_hot_regions:196,0x560e964abbd5,0
525.x264_r/1,1/super_hot_regions:196,0x560e964abbd7,0
525.x264_r/1,1/super_hot_regions:196,0x560e964abbda,0
525.x264_r/1,1/super_hot_regions:196,0x560e964abbe0,0
525.x264_r/1,1/super_hot_regions:196,0x560e964abbe7,0
525.x264_r/1,1/super_hot_regions:196,0x560e964abbe9,0
525.x264_r/1,1/super_hot_regions:196,0x560e964abbec,0
525.x264_r/1,1/super_hot_regions:196,0x560e964abbef,0
525.x264_r/1,1/super_hot_regions:196,0x560e964abbf3,0
525.x264_r/1,1/super_hot_regions:196,0x560e964abbf9,0

525.x264_r/1,1/super_hot_regions:198,0x560e964abb10,4
525.x264_r/1,1/super_hot_regions:198,0x560e964abb15,0
525.x264_r/1,1/super_hot_regions:198,0x560e964abb18,0
525.x264_r/1,1/super_hot_regions:198,0x560e964abb1d,0
525.x264_r/1,1/super_hot_regions:198,0x560e964abb20,0
525.x264_r/1,1/super_hot_regions:198,0x560e964abb23,0
525.x264_r/1,1/super_hot_regions:198,0x560e964abb25,0
525.x264_r/1,1/super_hot_regions:198,0x560e964abb28,0
525.x264_r/1,1/super_hot_regions:198,0x560e964abb2a,0
525.x264_r/1,1/super_hot_regions:198,0x560e964abb2d,0
525.x264_r/1,1/super_hot_regions:198,0x560e964abb30,0
525.x264_r/1,1/super_hot_regions:198,0x560e964abb34,0
525.x264_r/1,1/super_hot_regions:198,0x560e964abb37,0
525.x264_r/1,1/super_hot_regions:198,0x560e964abb3a,0

525.x264_r/1,1/super_hot_regions:200,0x560e9648afc8,22
525.x264_r/1,1/super_hot_regions:200,0x560e9648afcc,0
525.x264_r/1,1/super_hot_regions:200,0x560e9648afd1,0
525.x264_r/1,1/super_hot_regions:200,0x560e9648afd6,0
525.x264_r/1,1/super_hot_regions:200,0x560e9648afdb,0
525.x264_r/1,1/super_hot_regions:200,0x560e9648afdf,0
525.x264_r/1,1/super_hot_regions:200,0x560e9648afe4,0
525.x264_r/1,1/super_hot_regions:200,0x560e9648afe8,0
525.x264_r/1,1/super_hot_regions:200,0x560e9648afed,0
525.x264_r/1,1/super_hot_regions:200,0x560e9648aff0,0
525.x264_r/1,1/super_hot_regions:200,0x560e9648aff5,0
525.x264_r/1,1/super_hot_regions:200,0x560e9648aff7,0
525.x264_r/1,1/super_hot_regions:200,0x560e9648affc,0
525.x264_r/1,1/super_hot_regions:200,0x560e9648affe,0
525.x264_r/1,1/super_hot_regions:200,0x560e9648b003,0
525.x264_r/1,1/super_hot_regions:200,0x560e9648b005,0
525.x264_r/1,1/super_hot_regions:200,0x560e9648b00a,0
525.x264_r/1,1/super_hot_regions:200,0x560e9648b00f,0
525.x264_r/1,1/super_hot_regions:200,0x560e9648b011,0
525.x264_r/1,1/super_hot_regions:200,0x560e9648b016,0
525.x264_r/1,1/super_hot_regions:200,0x560e9648b019,0
525.x264_r/1,1/super_hot_regions:200,0x560e9648b01d,0
525.x264_r/1,1/super_hot_regions:200,0x560e9648b020,0
525.x264_r/1,1/super_hot_regions:200,0x560e9648b024,0
525.x264_r/1,1/super_hot_regions:200,0x560e9648b028,0
525.x264_r/1,1/super_hot_regions:200,0x560e9648b02b,0
525.x264_r/1,1/super_hot_regions:200,0x560e9648b02f,0
525.x264_r/1,1/super_hot_regions:200,0x560e9648b034,0
525.x264_r/1,1/super_hot_regions:200,0x560e9648b037,0
525.x264_r/1,1/super_hot_regions:200,0x560e9648b03b,0
525.x264_r/1,1/super_hot_regions:200,0x560e9648b040,0
525.x264_r/1,1/super_hot_regions:200,0x560e9648b043,0
525.x264_r/1,1/super_hot_regions:200,0x560e9648b047,0
525.x264_r/1,1/super_hot_regions:200,0x560e9648b04f,0
525.x264_r/1,1/super_hot_regions:200,0x560e9648b052,0
525.x264_r/1,1/super_hot_regions:200,0x560e9648b055,0
525.x264_r/1,1/super_hot_regions:200,0x560e9648b058,0
525.x264_r/1,1/super_hot_regions:200,0x560e9648b05b,0
525.x264_r/1,1/super_hot_regions:200,0x560e9648b05d,0
525.x264_r/1,1/super_hot_regions:200,0x560e9648b062,0
525.x264_r/1,1/super_hot_regions:200,0x560e9648b06a,0
525.x264_r/1,1/super_hot_regions:200,0x560e9648b06c,0
525.x264_r/1,1/super_hot_regions:200,0x560e9648b06e,0
525.x264_r/1,1/super_hot_regions:200,0x560e9648b071,0
525.x264_r/1,1/super_hot_regions:200,0x560e9648b073,0
525.x264_r/1,1/super_hot_regions:200,0x560e9648b077,0
525.x264_r/1,1/super_hot_regions:200,0x560e9648b07e,0
525.x264_r/1,1/super_hot_regions:200,0x560e9648b082,0
525.x264_r/1,1/super_hot_regions:200,0x560e9648b086,0
525.x264_r/1,1/super_hot_regions:200,0x560e9648b089,0
525.x264_r/1,1/super_hot_regions:200,0x560e9648b08c,0
525.x264_r/1,1/super_hot_regions:200,0x560e9648b08f,0
525.x264_r/1,1/super_hot_regions:200,0x560e9648b091,0
525.x264_r/1,1/super_hot_regions:200,0x560e9648b095,0
525.x264_r/1,1/super_hot_regions:200,0x560e9648b099,0
525.x264_r/1,1/super_hot_regions:200,0x560e9648b09c,0
525.x264_r/1,1/super_hot_regions:200,0x560e9648b09f,0
525.x264_r/1,1/super_hot_regions:200,0x560e9648b0a2,0
525.x264_r/1,1/super_hot_regions:200,0x560e9648b0a4,0
525.x264_r/1,1/super_hot_regions:200,0x560e9648b0a8,0
525.x264_r/1,1/super_hot_regions:200,0x560e9648b0ac,0
525.x264_r/1,1/super_hot_regions:200,0x560e9648b0b4,0
525.x264_r/1,1/super_hot_regions:200,0x560e9648b0b6,0
525.x264_r/1,1/super_hot_regions:200,0x560e9648b0b9,0
525.x264_r/1,1/super_hot_regions:200,0x560e9648b0bc,0
525.x264_r/1,1/super_hot_regions:200,0x560e9648b0be,0
525.x264_r/1,1/super_hot_regions:200,0x560e9648b0c1,0

525.x264_r/1,1/super_hot_regions:22,0x560e9648c180,2
525.x264_r/1,1/super_hot_regions:22,0x560e9648c188,0

525.x264_r/1,1/super_hot_regions:23,0x560e9648c18f,2
525.x264_r/1,1/super_hot_regions:23,0x560e9648c197,0

525.x264_r/1,1/super_hot_regions:27,0x560e96480d00,1
525.x264_r/1,1/super_hot_regions:27,0x560e96480d0c,0
525.x264_r/1,1/super_hot_regions:27,0x560e96480d10,0

525.x264_r/1,1/super_hot_regions:28,0x560e96480cb8,3
525.x264_r/1,1/super_hot_regions:28,0x560e96480cc0,0
525.x264_r/1,1/super_hot_regions:28,0x560e96480cc3,0
525.x264_r/1,1/super_hot_regions:28,0x560e96480cd2,0
525.x264_r/1,1/super_hot_regions:28,0x560e96480cd6,0
525.x264_r/1,1/super_hot_regions:28,0x560e96480ce2,0
525.x264_r/1,1/super_hot_regions:28,0x560e96480d09,0
525.x264_r/1,1/super_hot_regions:28,0x560e96480d14,0
525.x264_r/1,1/super_hot_regions:28,0x560e96480d1d,0
525.x264_r/1,1/super_hot_regions:28,0x560e96480d20,0
525.x264_r/1,1/super_hot_regions:28,0x560e96480d23,0
525.x264_r/1,1/super_hot_regions:28,0x560e96480d26,0

525.x264_r/1,1/super_hot_regions:3,0x560e9647a5e8,2
525.x264_r/1,1/super_hot_regions:3,0x560e9647a5ed,0
525.x264_r/1,1/super_hot_regions:3,0x560e9647a5f8,0

525.x264_r/1,1/super_hot_regions:35,0x560e9647b722,2
525.x264_r/1,1/super_hot_regions:35,0x560e9647b72c,0
525.x264_r/1,1/super_hot_regions:35,0x560e9647b733,0

525.x264_r/1,1/super_hot_regions:37,0x560e964a0e11,2
525.x264_r/1,1/super_hot_regions:37,0x560e964a0e15,0

525.x264_r/1,1/super_hot_regions:39,0x560e9647b4d0,1
525.x264_r/1,1/super_hot_regions:39,0x560e9647b4d3,0
525.x264_r/1,1/super_hot_regions:39,0x560e9647b4d6,0
525.x264_r/1,1/super_hot_regions:39,0x560e9647b4da,0

525.x264_r/1,1/super_hot_regions:4,0x560e9647a5f3,3
525.x264_r/1,1/super_hot_regions:4,0x560e9647a5fb,0
525.x264_r/1,1/super_hot_regions:4,0x560e9647a5ff,0
525.x264_r/1,1/super_hot_regions:4,0x560e9647a604,0
525.x264_r/1,1/super_hot_regions:4,0x560e9647a607,0

525.x264_r/1,1/super_hot_regions:40,0x560e9647b4de,1
525.x264_r/1,1/super_hot_regions:40,0x560e9647b4e3,0

525.x264_r/1,1/super_hot_regions:48,0x560e9647e1d8,2
525.x264_r/1,1/super_hot_regions:48,0x560e9647e1dd,0

525.x264_r/1,1/super_hot_regions:49,0x560e9647e1ec,2
525.x264_r/1,1/super_hot_regions:49,0x560e9647e1f1,0

525.x264_r/1,1/super_hot_regions:5,0x560e9647a60a,2
525.x264_r/1,1/super_hot_regions:5,0x560e9647a60f,0
525.x264_r/1,1/super_hot_regions:5,0x560e9647a614,0

525.x264_r/1,1/super_hot_regions:50,0x560e9647e201,2
525.x264_r/1,1/super_hot_regions:50,0x560e9647e206,0

525.x264_r/1,1/super_hot_regions:51,0x560e9647e216,2
525.x264_r/1,1/super_hot_regions:51,0x560e9647e21b,0

525.x264_r/1,1/super_hot_regions:52,0x560e9647e22b,2
525.x264_r/1,1/super_hot_regions:52,0x560e9647e230,0

525.x264_r/1,1/super_hot_regions:53,0x560e9647e240,2
525.x264_r/1,1/super_hot_regions:53,0x560e9647e245,0

525.x264_r/1,1/super_hot_regions:54,0x560e9647e255,2
525.x264_r/1,1/super_hot_regions:54,0x560e9647e25a,0

525.x264_r/1,1/super_hot_regions:55,0x560e9647e26c,2
525.x264_r/1,1/super_hot_regions:55,0x560e9647e271,0

525.x264_r/1,1/super_hot_regions:57,0x560e964811a6,1
525.x264_r/1,1/super_hot_regions:57,0x560e964811aa,0

525.x264_r/1,1/super_hot_regions:58,0x560e96481198,3
525.x264_r/1,1/super_hot_regions:58,0x560e9648119f,0
525.x264_r/1,1/super_hot_regions:58,0x560e964811b7,0
525.x264_r/1,1/super_hot_regions:58,0x560e964811ba,0

525.x264_r/1,1/super_hot_regions:59,0x560e964811ae,2
525.x264_r/1,1/super_hot_regions:59,0x560e964811be,0

525.x264_r/1,1/super_hot_regions:61,0x560e964811c9,1
525.x264_r/1,1/super_hot_regions:61,0x560e964811cc,0

525.x264_r/1,1/super_hot_regions:63,0x560e964811de,1
525.x264_r/1,1/super_hot_regions:63,0x560e964811e0,0

525.x264_r/1,1/super_hot_regions:64,0x560e964811d9,1
525.x264_r/1,1/super_hot_regions:64,0x560e964811db,0
525.x264_r/1,1/super_hot_regions:64,0x560e964811e3,0
525.x264_r/1,1/super_hot_regions:64,0x560e964811e7,0
525.x264_r/1,1/super_hot_regions:64,0x560e964811ed,0

525.x264_r/1,1/super_hot_regions:65,0x560e964811f1,1
525.x264_r/1,1/super_hot_regions:65,0x560e96481200,0

525.x264_r/1,1/super_hot_regions:66,0x560e964811f4,1
525.x264_r/1,1/super_hot_regions:66,0x560e96481204,0

525.x264_r/1,1/super_hot_regions:67,0x560e964811f7,3
525.x264_r/1,1/super_hot_regions:67,0x560e96481210,0
525.x264_r/1,1/super_hot_regions:67,0x560e96481214,0
525.x264_r/1,1/super_hot_regions:67,0x560e96481217,0
525.x264_r/1,1/super_hot_regions:67,0x560e9648121a,0
525.x264_r/1,1/super_hot_regions:67,0x560e9648121e,0
525.x264_r/1,1/super_hot_regions:67,0x560e96481222,0
525.x264_r/1,1/super_hot_regions:67,0x560e96481225,0
525.x264_r/1,1/super_hot_regions:67,0x560e96481228,0
525.x264_r/1,1/super_hot_regions:67,0x560e9648122b,0
525.x264_r/1,1/super_hot_regions:67,0x560e9648122f,0

525.x264_r/1,1/super_hot_regions:7,0x560e9647b760,4
525.x264_r/1,1/super_hot_regions:7,0x560e9647b764,0
525.x264_r/1,1/super_hot_regions:7,0x560e9647b76a,0
525.x264_r/1,1/super_hot_regions:7,0x560e9647b76e,0
525.x264_r/1,1/super_hot_regions:7,0x560e9647b772,0
525.x264_r/1,1/super_hot_regions:7,0x560e9647b775,0
525.x264_r/1,1/super_hot_regions:7,0x560e9647b77a,0
525.x264_r/1,1/super_hot_regions:7,0x560e9647b77e,0

525.x264_r/1,1/super_hot_regions:71,0x560e964a0e4b,2
525.x264_r/1,1/super_hot_regions:71,0x560e964a0e4f,0

525.x264_r/1,1/super_hot_regions:72,0x560e964a0e5c,1
525.x264_r/1,1/super_hot_regions:72,0x560e964a0e5e,0
525.x264_r/1,1/super_hot_regions:72,0x560e964a0e61,0

525.x264_r/1,1/super_hot_regions:8,0x560e9647b781,2
525.x264_r/1,1/super_hot_regions:8,0x560e9647b787,0

525.x264_r/1,1/super_hot_regions:80,0x560e964ec5ae,2
525.x264_r/1,1/super_hot_regions:80,0x560e964ec5bc,0

525.x264_r/1,1/super_hot_regions:81,0x560e964ec5b5,2
525.x264_r/1,1/super_hot_regions:81,0x560e964ec5bf,0

525.x264_r/1,1/super_hot_regions:87,0x560e96488193,2
525.x264_r/1,1/super_hot_regions:87,0x560e96488196,0
525.x264_r/1,1/super_hot_regions:87,0x560e9648819a,0
525.x264_r/1,1/super_hot_regions:87,0x560e9648819d,0
525.x264_r/1,1/super_hot_regions:87,0x560e9648819f,0
525.x264_r/1,1/super_hot_regions:87,0x560e964881a2,0
525.x264_r/1,1/super_hot_regions:87,0x560e964881a9,0

525.x264_r/1,1/super_hot_regions:88,0x560e96488190,2
525.x264_r/1,1/super_hot_regions:88,0x560e964881ad,0
525.x264_r/1,1/super_hot_regions:88,0x560e964881b3,0
525.x264_r/1,1/super_hot_regions:88,0x560e964881b5,0
525.x264_r/1,1/super_hot_regions:88,0x560e964881b7,0
525.x264_r/1,1/super_hot_regions:88,0x560e964881ba,0
525.x264_r/1,1/super_hot_regions:88,0x560e964881c0,0

525.x264_r/1,1/super_hot_regions:89,0x560e964881c3,2
525.x264_r/1,1/super_hot_regions:89,0x560e964881c5,0
525.x264_r/1,1/super_hot_regions:89,0x560e964881cb,0
525.x264_r/1,1/super_hot_regions:89,0x560e964881cd,0
525.x264_r/1,1/super_hot_regions:89,0x560e964881cf,0
525.x264_r/1,1/super_hot_regions:89,0x560e964881d2,0
525.x264_r/1,1/super_hot_regions:89,0x560e964881d8,0

525.x264_r/1,1/super_hot_regions:9,0x560e9647b78b,2
525.x264_r/1,1/super_hot_regions:9,0x560e9647b790,0

525.x264_r/1,1/super_hot_regions:90,0x560e964881db,2
525.x264_r/1,1/super_hot_regions:90,0x560e964881df,0
525.x264_r/1,1/super_hot_regions:90,0x560e964881e5,0
525.x264_r/1,1/super_hot_regions:90,0x560e964881e7,0
525.x264_r/1,1/super_hot_regions:90,0x560e964881e9,0
525.x264_r/1,1/super_hot_regions:90,0x560e964881ec,0
525.x264_r/1,1/super_hot_regions:90,0x560e964881f2,0

525.x264_r/1,1/super_hot_regions:91,0x560e964881f5,2
525.x264_r/1,1/super_hot_regions:91,0x560e964881f9,0
525.x264_r/1,1/super_hot_regions:91,0x560e964881ff,0
525.x264_r/1,1/super_hot_regions:91,0x560e96488201,0
525.x264_r/1,1/super_hot_regions:91,0x560e96488203,0
525.x264_r/1,1/super_hot_regions:91,0x560e96488206,0
525.x264_r/1,1/super_hot_regions:91,0x560e9648820c,0

525.x264_r/1,1/super_hot_regions:92,0x560e9648820f,2
525.x264_r/1,1/super_hot_regions:92,0x560e96488213,0
525.x264_r/1,1/super_hot_regions:92,0x560e96488219,0
525.x264_r/1,1/super_hot_regions:92,0x560e9648821b,0
525.x264_r/1,1/super_hot_regions:92,0x560e9648821d,0
525.x264_r/1,1/super_hot_regions:92,0x560e96488220,0
525.x264_r/1,1/super_hot_regions:92,0x560e96488226,0

525.x264_r/1,1/super_hot_regions:95,0x560e964b1344,4
525.x264_r/1,1/super_hot_regions:95,0x560e964b134e,0
525.x264_r/1,1/super_hot_regions:95,0x560e964b1353,0
525.x264_r/1,1/super_hot_regions:95,0x560e964b1360,0

525.x264_r/1,1/super_hot_regions:96,0x560e964b1375,2
525.x264_r/1,1/super_hot_regions:96,0x560e964b137a,0

525.x264_r/1,1/super_hot_regions:97,0x560e964b137f,2
525.x264_r/1,1/super_hot_regions:97,0x560e964b1384,0

525.x264_r/1,1/super_hot_regions:99,0x560e9647cf54,5
525.x264_r/1,1/super_hot_regions:99,0x560e9647cf58,0
525.x264_r/1,1/super_hot_regions:99,0x560e9647cf5b,0
525.x264_r/1,1/super_hot_regions:99,0x560e9647cf5e,0
525.x264_r/1,1/super_hot_regions:99,0x560e9647cf63,0
525.x264_r/1,1/super_hot_regions:99,0x560e9647cf68,0
525.x264_r/1,1/super_hot_regions:99,0x560e9647cf6a,0
525.x264_r/1,1/super_hot_regions:99,0x560e9647cf6f,0
525.x264_r/1,1/super_hot_regions:99,0x560e9647cf73,0
525.x264_r/1,1/super_hot_regions:99,0x560e9647cf75,0
525.x264_r/1,1/super_hot_regions:99,0x560e9647cf77,0
525.x264_r/1,1/super_hot_regions:99,0x560e9647cf7a,0
525.x264_r/1,1/super_hot_regions:99,0x560e9647cf80,0

525.x264_r/2,2/super_hot_regions:0,0x56c92ffeacf1,2
525.x264_r/2,2/super_hot_regions:0,0x56c92ffeacf6,0

525.x264_r/2,2/super_hot_regions:104,0x56c92fff5180,2
525.x264_r/2,2/super_hot_regions:104,0x56c92fff5188,0

525.x264_r/2,2/super_hot_regions:105,0x56c92fff518f,2
525.x264_r/2,2/super_hot_regions:105,0x56c92fff5197,0

525.x264_r/2,2/super_hot_regions:110,0x56c92ffeb4fd,1
525.x264_r/2,2/super_hot_regions:110,0x56c92ffeb500,0

525.x264_r/2,2/super_hot_regions:117,0x56c92fff4ec6,2
525.x264_r/2,2/super_hot_regions:117,0x56c92fff4ece,0
525.x264_r/2,2/super_hot_regions:117,0x56c92fff4ed5,0

525.x264_r/2,2/super_hot_regions:118,0x56c92fff4eda,2
525.x264_r/2,2/super_hot_regions:118,0x56c92fff4ee2,0
525.x264_r/2,2/super_hot_regions:118,0x56c92fff4eef,0

525.x264_r/2,2/super_hot_regions:119,0x56c92fff4ed0,2
525.x264_r/2,2/super_hot_regions:119,0x56c92fff4ee9,0
525.x264_r/2,2/super_hot_regions:119,0x56c92fff4efa,0

525.x264_r/2,2/super_hot_regions:120,0x56c92fff4ee5,2
525.x264_r/2,2/super_hot_regions:120,0x56c92fff4eec,0
525.x264_r/2,2/super_hot_regions:120,0x56c92fff4eff,0

525.x264_r/2,2/super_hot_regions:121,0x56c92fff4f9c,2
525.x264_r/2,2/super_hot_regions:121,0x56c92fff4fa4,0

525.x264_r/2,2/super_hot_regions:122,0x56c92fff4fa7,2
525.x264_r/2,2/super_hot_regions:122,0x56c92fff4faf,0

525.x264_r/2,2/super_hot_regions:123,0x56c92fff4fb6,2
525.x264_r/2,2/super_hot_regions:123,0x56c92fff4fbe,0

525.x264_r/2,2/super_hot_regions:124,0x56c92fff4fd0,2
525.x264_r/2,2/super_hot_regions:124,0x56c92fff4fd4,0
525.x264_r/2,2/super_hot_regions:124,0x56c92fff4fd7,0

525.x264_r/2,2/super_hot_regions:125,0x56c92fff4fde,2
525.x264_r/2,2/super_hot_regions:125,0x56c92fff4fe2,0
525.x264_r/2,2/super_hot_regions:125,0x56c92fff4fe5,0

525.x264_r/2,2/super_hot_regions:126,0x56c92fff4f58,2
525.x264_r/2,2/super_hot_regions:126,0x56c92fff4f65,0

525.x264_r/2,2/super_hot_regions:127,0x56c92fff4f61,2
525.x264_r/2,2/super_hot_regions:127,0x56c92fff4f6c,0

525.x264_r/2,2/super_hot_regions:128,0x56c92fff4f5d,2
525.x264_r/2,2/super_hot_regions:128,0x56c92fff4f72,0

525.x264_r/2,2/super_hot_regions:129,0x56c92fff4ff7,2
525.x264_r/2,2/super_hot_regions:129,0x56c92fff5002,0
525.x264_r/2,2/super_hot_regions:129,0x56c92fff5005,0

525.x264_r/2,2/super_hot_regions:131,0x56c92ffe71d8,2
525.x264_r/2,2/super_hot_regions:131,0x56c92ffe71dd,0

525.x264_r/2,2/super_hot_regions:132,0x56c92ffe71ec,2
525.x264_r/2,2/super_hot_regions:132,0x56c92ffe71f1,0

525.x264_r/2,2/super_hot_regions:133,0x56c92ffe7201,2
525.x264_r/2,2/super_hot_regions:133,0x56c92ffe7206,0

525.x264_r/2,2/super_hot_regions:134,0x56c92ffe7216,2
525.x264_r/2,2/super_hot_regions:134,0x56c92ffe721b,0

525.x264_r/2,2/super_hot_regions:135,0x56c92ffe722b,2
525.x264_r/2,2/super_hot_regions:135,0x56c92ffe7230,0

525.x264_r/2,2/super_hot_regions:136,0x56c92ffe7240,2
525.x264_r/2,2/super_hot_regions:136,0x56c92ffe7245,0

525.x264_r/2,2/super_hot_regions:137,0x56c92ffe7255,2
525.x264_r/2,2/super_hot_regions:137,0x56c92ffe725a,0

525.x264_r/2,2/super_hot_regions:138,0x56c92ffe726c,2
525.x264_r/2,2/super_hot_regions:138,0x56c92ffe7271,0

525.x264_r/2,2/super_hot_regions:140,0x56c93001cc89,2
525.x264_r/2,2/super_hot_regions:140,0x56c93001cc97,0

525.x264_r/2,2/super_hot_regions:143,0x56c930009e11,2
525.x264_r/2,2/super_hot_regions:143,0x56c930009e15,0

525.x264_r/2,2/super_hot_regions:16,0x56c92ffe4722,2
525.x264_r/2,2/super_hot_regions:16,0x56c92ffe472c,0
525.x264_r/2,2/super_hot_regions:16,0x56c92ffe4733,0

525.x264_r/2,2/super_hot_regions:162,0x56c92fff5e18,2
525.x264_r/2,2/super_hot_regions:162,0x56c92fff5e1b,0
525.x264_r/2,2/super_hot_regions:162,0x56c92fff5e1f,0
525.x264_r/2,2/super_hot_regions:162,0x56c92fff5e22,0

525.x264_r/2,2/super_hot_regions:169,0x56c93003d05e,3
525.x264_r/2,2/super_hot_regions:169,0x56c93003d064,0
525.x264_r/2,2/super_hot_regions:169,0x56c93003d067,0
525.x264_r/2,2/super_hot_regions:169,0x56c93003d06d,0
525.x264_r/2,2/super_hot_regions:169,0x56c93003d071,0
525.x264_r/2,2/super_hot_regions:169,0x56c93003d078,0
525.x264_r/2,2/super_hot_regions:169,0x56c93003d07c,0
525.x264_r/2,2/super_hot_regions:169,0x56c93003d07f,0
525.x264_r/2,2/super_hot_regions:169,0x56c93003d081,0
525.x264_r/2,2/super_hot_regions:169,0x56c93003d085,0
525.x264_r/2,2/super_hot_regions:169,0x56c93003d08f,0
525.x264_r/2,2/super_hot_regions:169,0x56c93003d0d1,0
525.x264_r/2,2/super_hot_regions:169,0x56c93003d0d8,0

525.x264_r/2,2/super_hot_regions:173,0x56c93001cc32,1
525.x264_r/2,2/super_hot_regions:173,0x56c93001cc35,0
525.x264_r/2,2/super_hot_regions:173,0x56c93001cc3c,0
525.x264_r/2,2/super_hot_regions:173,0x56c93001cc3f,0

525.x264_r/2,2/super_hot_regions:174,0x56c93001cc2a,2
525.x264_r/2,2/super_hot_regions:174,0x56c93001cc50,0

525.x264_r/2,2/super_hot_regions:177,0x56c930009e4b,2
525.x264_r/2,2/super_hot_regions:177,0x56c930009e4f,0

525.x264_r/2,2/super_hot_regions:178,0x56c930009e5c,1
525.x264_r/2,2/super_hot_regions:178,0x56c930009e5e,0
525.x264_r/2,2/super_hot_regions:178,0x56c930009e61,0

525.x264_r/2,2/super_hot_regions:184,0x56c93001cd8e,3
525.x264_r/2,2/super_hot_regions:184,0x56c93001cd92,0
525.x264_r/2,2/super_hot_regions:184,0x56c93001cd9a,0
525.x264_r/2,2/super_hot_regions:184,0x56c93001cd9e,0

525.x264_r/2,2/super_hot_regions:187,0x56c92ffebc00,3
525.x264_r/2,2/super_hot_regions:187,0x56c92ffebc04,0
525.x264_r/2,2/super_hot_regions:187,0x56c92ffebc07,0
525.x264_r/2,2/super_hot_regions:187,0x56c92ffebc0a,0
525.x264_r/2,2/super_hot_regions:187,0x56c92ffebc0e,0
525.x264_r/2,2/super_hot_regions:187,0x56c92ffebc15,0
525.x264_r/2,2/super_hot_regions:187,0x56c92ffebc18,0
525.x264_r/2,2/super_hot_regions:187,0x56c92ffebc1b,0
525.x264_r/2,2/super_hot_regions:187,0x56c92ffebc1f,0

525.x264_r/2,2/super_hot_regions:189,0x56c93001ccd8,1
525.x264_r/2,2/super_hot_regions:189,0x56c93001ccda,0

525.x264_r/2,2/super_hot_regions:19,0x56c92ffe35e8,2
525.x264_r/2,2/super_hot_regions:19,0x56c92ffe35ed,0
525.x264_r/2,2/super_hot_regions:19,0x56c92ffe35f8,0

525.x264_r/2,2/super_hot_regions:190,0x56c93001ccf2,1
525.x264_r/2,2/super_hot_regions:190,0x56c93001ccf5,0

525.x264_r/2,2/super_hot_regions:191,0x56c93001ccc9,4
525.x264_r/2,2/super_hot_regions:191,0x56c93001ccd0,0
525.x264_r/2,2/super_hot_regions:191,0x56c93001cce7,0
525.x264_r/2,2/super_hot_regions:191,0x56c93001ccf9,0
525.x264_r/2,2/super_hot_regions:191,0x56c93001cd00,0
525.x264_r/2,2/super_hot_regions:191,0x56c93001cd0e,0
525.x264_r/2,2/super_hot_regions:191,0x56c93001cd18,0
525.x264_r/2,2/super_hot_regions:191,0x56c93001cd1d,0
525.x264_r/2,2/super_hot_regions:191,0x56c93001cd2a,0

525.x264_r/2,2/super_hot_regions:2,0x56c92ffe4760,4
525.x264_r/2,2/super_hot_regions:2,0x56c92ffe4764,0
525.x264_r/2,2/super_hot_regions:2,0x56c92ffe476a,0
525.x264_r/2,2/super_hot_regions:2,0x56c92ffe476e,0
525.x264_r/2,2/super_hot_regions:2,0x56c92ffe4772,0
525.x264_r/2,2/super_hot_regions:2,0x56c92ffe4775,0
525.x264_r/2,2/super_hot_regions:2,0x56c92ffe477a,0
525.x264_r/2,2/super_hot_regions:2,0x56c92ffe477e,0

525.x264_r/2,2/super_hot_regions:20,0x56c92ffe35f3,3
525.x264_r/2,2/super_hot_regions:20,0x56c92ffe35fb,0
525.x264_r/2,2/super_hot_regions:20,0x56c92ffe35ff,0
525.x264_r/2,2/super_hot_regions:20,0x56c92ffe3604,0
525.x264_r/2,2/super_hot_regions:20,0x56c92ffe3607,0

525.x264_r/2,2/super_hot_regions:201,0x56c930055149,2
525.x264_r/2,2/super_hot_regions:201,0x56c930055152,0

525.x264_r/2,2/super_hot_regions:21,0x56c92ffe360a,2
525.x264_r/2,2/super_hot_regions:21,0x56c92ffe360f,0
525.x264_r/2,2/super_hot_regions:21,0x56c92ffe3614,0

525.x264_r/2,2/super_hot_regions:210,0x56c93001d0b8,2
525.x264_r/2,2/super_hot_regions:210,0x56c93001d0bd,0

525.x264_r/2,2/super_hot_regions:211,0x56c93001d0c1,2
525.x264_r/2,2/super_hot_regions:211,0x56c93001d0c6,0

525.x264_r/2,2/super_hot_regions:23,0x56c92ffe44d0,1
525.x264_r/2,2/super_hot_regions:23,0x56c92ffe44d3,0
525.x264_r/2,2/super_hot_regions:23,0x56c92ffe44d6,0
525.x264_r/2,2/super_hot_regions:23,0x56c92ffe44da,0

525.x264_r/2,2/super_hot_regions:24,0x56c92ffe44de,1
525.x264_r/2,2/super_hot_regions:24,0x56c92ffe44e3,0

525.x264_r/2,2/super_hot_regions:3,0x56c92ffe4781,2
525.x264_r/2,2/super_hot_regions:3,0x56c92ffe4787,0

525.x264_r/2,2/super_hot_regions:32,0x56c92ffe9d00,1
525.x264_r/2,2/super_hot_regions:32,0x56c92ffe9d0c,0
525.x264_r/2,2/super_hot_regions:32,0x56c92ffe9d10,0

525.x264_r/2,2/super_hot_regions:33,0x56c92ffe9cb8,3
525.x264_r/2,2/super_hot_regions:33,0x56c92ffe9cc0,0
525.x264_r/2,2/super_hot_regions:33,0x56c92ffe9cc3,0
525.x264_r/2,2/super_hot_regions:33,0x56c92ffe9cd2,0
525.x264_r/2,2/super_hot_regions:33,0x56c92ffe9cd6,0
525.x264_r/2,2/super_hot_regions:33,0x56c92ffe9ce2,0
525.x264_r/2,2/super_hot_regions:33,0x56c92ffe9d09,0
525.x264_r/2,2/super_hot_regions:33,0x56c92ffe9d14,0
525.x264_r/2,2/super_hot_regions:33,0x56c92ffe9d1d,0
525.x264_r/2,2/super_hot_regions:33,0x56c92ffe9d20,0
525.x264_r/2,2/super_hot_regions:33,0x56c92ffe9d23,0
525.x264_r/2,2/super_hot_regions:33,0x56c92ffe9d26,0

525.x264_r/2,2/super_hot_regions:36,0x56c93001cc6f,2
525.x264_r/2,2/super_hot_regions:36,0x56c93001cc80,0

525.x264_r/2,2/super_hot_regions:4,0x56c92ffe478b,2
525.x264_r/2,2/super_hot_regions:4,0x56c92ffe4790,0

525.x264_r/2,2/super_hot_regions:47,0x56c92fff5268,2
525.x264_r/2,2/super_hot_regions:47,0x56c92fff5287,0
525.x264_r/2,2/super_hot_regions:47,0x56c92fff5290,0

525.x264_r/2,2/super_hot_regions:48,0x56c92fff5281,7
525.x264_r/2,2/super_hot_regions:48,0x56c92fff528b,0
525.x264_r/2,2/super_hot_regions:48,0x56c92fff529d,0
525.x264_r/2,2/super_hot_regions:48,0x56c92fff52a1,0
525.x264_r/2,2/super_hot_regions:48,0x56c92fff52a9,0
525.x264_r/2,2/super_hot_regions:48,0x56c92fff52ab,0
525.x264_r/2,2/super_hot_regions:48,0x56c92fff52af,0
525.x264_r/2,2/super_hot_regions:48,0x56c92fff52b1,0
525.x264_r/2,2/super_hot_regions:48,0x56c92fff52b3,0
525.x264_r/2,2/super_hot_regions:48,0x56c92fff52b5,0
525.x264_r/2,2/super_hot_regions:48,0x56c92fff52b7,0
525.x264_r/2,2/super_hot_regions:48,0x56c92fff52be,0
525.x264_r/2,2/super_hot_regions:48,0x56c92fff52c0,0
525.x264_r/2,2/super_hot_regions:48,0x56c92fff52c7,0
525.x264_r/2,2/super_hot_regions:48,0x56c92fff52c9,0
525.x264_r/2,2/super_hot_regions:48,0x56c92fff52d0,0
525.x264_r/2,2/super_hot_regions:48,0x56c92fff52d3,0
525.x264_r/2,2/super_hot_regions:48,0x56c92fff52d5,0
525.x264_r/2,2/super_hot_regions:48,0x56c92fff52d8,0
525.x264_r/2,2/super_hot_regions:48,0x56c92fff52db,0
525.x264_r/2,2/super_hot_regions:48,0x56c92fff52de,0

525.x264_r/2,2/super_hot_regions:52,0x56c92ffea1a6,1
525.x264_r/2,2/super_hot_regions:52,0x56c92ffea1aa,0

525.x264_r/2,2/super_hot_regions:53,0x56c92ffea198,3
525.x264_r/2,2/super_hot_regions:53,0x56c92ffea19f,0
525.x264_r/2,2/super_hot_regions:53,0x56c92ffea1b7,0
525.x264_r/2,2/super_hot_regions:53,0x56c92ffea1ba,0

525.x264_r/2,2/super_hot_regions:54,0x56c92ffea1ae,2
525.x264_r/2,2/super_hot_regions:54,0x56c92ffea1be,0

525.x264_r/2,2/super_hot_regions:56,0x56c92ffea1c9,1
525.x264_r/2,2/super_hot_regions:56,0x56c92ffea1cc,0

525.x264_r/2,2/super_hot_regions:58,0x56c92ffea1de,1
525.x264_r/2,2/super_hot_regions:58,0x56c92ffea1e0,0

525.x264_r/2,2/super_hot_regions:59,0x56c92ffea1d9,1
525.x264_r/2,2/super_hot_regions:59,0x56c92ffea1db,0
525.x264_r/2,2/super_hot_regions:59,0x56c92ffea1e3,0
525.x264_r/2,2/super_hot_regions:59,0x56c92ffea1e7,0
525.x264_r/2,2/super_hot_regions:59,0x56c92ffea1ed,0

525.x264_r/2,2/super_hot_regions:60,0x56c92ffea1f1,1
525.x264_r/2,2/super_hot_regions:60,0x56c92ffea200,0

525.x264_r/2,2/super_hot_regions:61,0x56c92ffea1f4,1
525.x264_r/2,2/super_hot_regions:61,0x56c92ffea204,0

525.x264_r/2,2/super_hot_regions:62,0x56c92ffea1f7,3
525.x264_r/2,2/super_hot_regions:62,0x56c92ffea210,0
525.x264_r/2,2/super_hot_regions:62,0x56c92ffea214,0
525.x264_r/2,2/super_hot_regions:62,0x56c92ffea217,0
525.x264_r/2,2/super_hot_regions:62,0x56c92ffea21a,0
525.x264_r/2,2/super_hot_regions:62,0x56c92ffea21e,0
525.x264_r/2,2/super_hot_regions:62,0x56c92ffea222,0
525.x264_r/2,2/super_hot_regions:62,0x56c92ffea225,0
525.x264_r/2,2/super_hot_regions:62,0x56c92ffea228,0
525.x264_r/2,2/super_hot_regions:62,0x56c92ffea22b,0
525.x264_r/2,2/super_hot_regions:62,0x56c92ffea22f,0

525.x264_r/2,2/super_hot_regions:64,0x56c92ffe5148,2
525.x264_r/2,2/super_hot_regions:64,0x56c92ffe514d,0

525.x264_r/2,2/super_hot_regions:66,0x56c92fff4760,17
525.x264_r/2,2/super_hot_regions:66,0x56c92fff4763,0
525.x264_r/2,2/super_hot_regions:66,0x56c92fff4766,0
525.x264_r/2,2/super_hot_regions:66,0x56c92fff476a,0
525.x264_r/2,2/super_hot_regions:66,0x56c92fff476c,0
525.x264_r/2,2/super_hot_regions:66,0x56c92fff4770,0
525.x264_r/2,2/super_hot_regions:66,0x56c92fff4774,0
525.x264_r/2,2/super_hot_regions:66,0x56c92fff4776,0
525.x264_r/2,2/super_hot_regions:66,0x56c92fff477a,0
525.x264_r/2,2/super_hot_regions:66,0x56c92fff477f,0
525.x264_r/2,2/super_hot_regions:66,0x56c92fff4781,0
525.x264_r/2,2/super_hot_regions:66,0x56c92fff4785,0
525.x264_r/2,2/super_hot_regions:66,0x56c92fff478a,0
525.x264_r/2,2/super_hot_regions:66,0x56c92fff478d,0
525.x264_r/2,2/super_hot_regions:66,0x56c92fff4791,0
525.x264_r/2,2/super_hot_regions:66,0x56c92fff4796,0
525.x264_r/2,2/super_hot_regions:66,0x56c92fff4799,0
525.x264_r/2,2/super_hot_regions:66,0x56c92fff479d,0
525.x264_r/2,2/super_hot_regions:66,0x56c92fff47a2,0
525.x264_r/2,2/super_hot_regions:66,0x56c92fff47a5,0
525.x264_r/2,2/super_hot_regions:66,0x56c92fff47a9,0
525.x264_r/2,2/super_hot_regions:66,0x56c92fff47ad,0
525.x264_r/2,2/super_hot_regions:66,0x56c92fff47b0,0
525.x264_r/2,2/super_hot_regions:66,0x56c92fff47b7,0
525.x264_r/2,2/super_hot_regions:66,0x56c92fff47bc,0
525.x264_r/2,2/super_hot_regions:66,0x56c92fff47bf,0
525.x264_r/2,2/super_hot_regions:66,0x56c92fff47c2,0
525.x264_r/2,2/super_hot_regions:66,0x56c92fff47c4,0
525.x264_r/2,2/super_hot_regions:66,0x56c92fff47c7,0
525.x264_r/2,2/super_hot_regions:66,0x56c92fff47ca,0
525.x264_r/2,2/super_hot_regions:66,0x56c92fff47ce,0
525.x264_r/2,2/super_hot_regions:66,0x56c92fff47d1,0
525.x264_r/2,2/super_hot_regions:66,0x56c92fff47d3,0
525.x264_r/2,2/super_hot_regions:66,0x56c92fff47d7,0
525.x264_r/2,2/super_hot_regions:66,0x56c92fff47da,0
525.x264_r/2,2/super_hot_regions:66,0x56c92fff47dc,0
525.x264_r/2,2/super_hot_regions:66,0x56c92fff47e0,0
525.x264_r/2,2/super_hot_regions:66,0x56c92fff47e3,0
525.x264_r/2,2/super_hot_regions:66,0x56c92fff47e6,0
525.x264_r/2,2/super_hot_regions:66,0x56c92fff47ea,0
525.x264_r/2,2/super_hot_regions:66,0x56c92fff47ec,0
525.x264_r/2,2/super_hot_regions:66,0x56c92fff47ef,0
525.x264_r/2,2/super_hot_regions:66,0x56c92fff47f2,0
525.x264_r/2,2/super_hot_regions:66,0x56c92fff47f5,0
525.x264_r/2,2/super_hot_regions:66,0x56c92fff47f8,0
525.x264_r/2,2/super_hot_regions:66,0x56c92fff47fb,0
525.x264_r/2,2/super_hot_regions:66,0x56c92fff47fe,0

525.x264_r/2,2/super_hot_regions:70,0x56c930054e2d,3
525.x264_r/2,2/super_hot_regions:70,0x56c930054e32,0
525.x264_r/2,2/super_hot_regions:70,0x56c930054e3c,0
525.x264_r/2,2/super_hot_regions:70,0x56c930054e3f,0
525.x264_r/2,2/super_hot_regions:70,0x56c930054e46,0

525.x264_r/2,2/super_hot_regions:75,0x56c92ffe43b3,4
525.x264_r/2,2/super_hot_regions:75,0x56c92ffe43b8,0
525.x264_r/2,2/super_hot_regions:75,0x56c92ffe43be,0
525.x264_r/2,2/super_hot_regions:75,0x56c92ffe43c4,0
525.x264_r/2,2/super_hot_regions:75,0x56c92ffe43c7,0
525.x264_r/2,2/super_hot_regions:75,0x56c92ffe43d8,0
525.x264_r/2,2/super_hot_regions:75,0x56c92ffe43dd,0
525.x264_r/2,2/super_hot_regions:75,0x56c92ffe43e6,0
525.x264_r/2,2/super_hot_regions:75,0x56c92ffe43ec,0
525.x264_r/2,2/super_hot_regions:75,0x56c92ffe43f3,0
525.x264_r/2,2/super_hot_regions:75,0x56c92ffe43fc,0
525.x264_r/2,2/super_hot_regions:75,0x56c92ffe4400,0
525.x264_r/2,2/super_hot_regions:75,0x56c92ffe4404,0

525.x264_r/2,2/super_hot_regions:76,0x56c92ffe43a5,2
525.x264_r/2,2/super_hot_regions:76,0x56c92ffe43a8,0
525.x264_r/2,2/super_hot_regions:76,0x56c92ffe43b0,0
525.x264_r/2,2/super_hot_regions:76,0x56c92ffe43cd,0
525.x264_r/2,2/super_hot_regions:76,0x56c92ffe43d0,0
525.x264_r/2,2/super_hot_regions:76,0x56c92ffe43d5,0
525.x264_r/2,2/super_hot_regions:76,0x56c92ffe43db,0
525.x264_r/2,2/super_hot_regions:76,0x56c92ffe43e0,0
525.x264_r/2,2/super_hot_regions:76,0x56c92ffe43e3,0
525.x264_r/2,2/super_hot_regions:76,0x56c92ffe43f7,0
525.x264_r/2,2/super_hot_regions:76,0x56c92ffe440b,0

525.x264_r/2,2/super_hot_regions:78,0x56c92ffe4416,1
525.x264_r/2,2/super_hot_regions:78,0x56c92ffe4419,0

525.x264_r/2,2/super_hot_regions:8,0x56c92ffea210,3
525.x264_r/2,2/super_hot_regions:8,0x56c92ffea214,0
525.x264_r/2,2/super_hot_regions:8,0x56c92ffea217,0
525.x264_r/2,2/super_hot_regions:8,0x56c92ffea21a,0
525.x264_r/2,2/super_hot_regions:8,0x56c92ffea21e,0
525.x264_r/2,2/super_hot_regions:8,0x56c92ffea225,0
525.x264_r/2,2/super_hot_regions:8,0x56c92ffea228,0
525.x264_r/2,2/super_hot_regions:8,0x56c92ffea22b,0
525.x264_r/2,2/super_hot_regions:8,0x56c92ffea22f,0

525.x264_r/2,2/super_hot_regions:80,0x56c92ffe4431,1
525.x264_r/2,2/super_hot_regions:80,0x56c92ffe4433,0

525.x264_r/2,2/super_hot_regions:81,0x56c92ffe443a,1
525.x264_r/2,2/super_hot_regions:81,0x56c92ffe443c,0
525.x264_r/2,2/super_hot_regions:81,0x56c92ffe443f,0

525.x264_r/2,2/super_hot_regions:82,0x56c92ffe4443,1
525.x264_r/2,2/super_hot_regions:82,0x56c92ffe4445,0
525.x264_r/2,2/super_hot_regions:82,0x56c92ffe4448,0
525.x264_r/2,2/super_hot_regions:82,0x56c92ffe4451,0
525.x264_r/2,2/super_hot_regions:82,0x56c92ffe4460,0

525.x264_r/2,2/super_hot_regions:88,0x56c92ffe4478,1
525.x264_r/2,2/super_hot_regions:88,0x56c92ffe44b4,0

525.x264_r/2,2/super_hot_regions:92,0x56c92ffe4426,2
525.x264_r/2,2/super_hot_regions:92,0x56c92ffe44d0,0
525.x264_r/2,2/super_hot_regions:92,0x56c92ffe44d3,0
525.x264_r/2,2/super_hot_regions:92,0x56c92ffe44d6,0
525.x264_r/2,2/super_hot_regions:92,0x56c92ffe44da,0

525.x264_r/2,2/super_hot_regions:93,0x56c92ffe442a,2
525.x264_r/2,2/super_hot_regions:93,0x56c92ffe442d,0
525.x264_r/2,2/super_hot_regions:93,0x56c92ffe44de,0
525.x264_r/2,2/super_hot_regions:93,0x56c92ffe44e3,0

525.x264_r/2,2/super_hot_regions:95,0x56c92ffecb21,2
525.x264_r/2,2/super_hot_regions:95,0x56c92ffecb26,0

525.x264_r/2,2/super_hot_regions:99,0x56c92ffecaeb,1
525.x264_r/2,2/super_hot_regions:99,0x56c92ffecaf4,0

525.x264_r/3,3/super_hot_regions:0,0x56c83e9b1cf1,2
525.x264_r/3,3/super_hot_regions:0,0x56c83e9b1cf6,0

525.x264_r/3,3/super_hot_regions:104,0x56c83e9b3aeb,1
525.x264_r/3,3/super_hot_regions:104,0x56c83e9b3af4,0

525.x264_r/3,3/super_hot_regions:106,0x56c83e9ae1d8,2
525.x264_r/3,3/super_hot_regions:106,0x56c83e9ae1dd,0

525.x264_r/3,3/super_hot_regions:107,0x56c83e9ae1ec,2
525.x264_r/3,3/super_hot_regions:107,0x56c83e9ae1f1,0

525.x264_r/3,3/super_hot_regions:108,0x56c83e9ae201,2
525.x264_r/3,3/super_hot_regions:108,0x56c83e9ae206,0

525.x264_r/3,3/super_hot_regions:109,0x56c83e9ae216,2
525.x264_r/3,3/super_hot_regions:109,0x56c83e9ae21b,0

525.x264_r/3,3/super_hot_regions:110,0x56c83e9ae22b,2
525.x264_r/3,3/super_hot_regions:110,0x56c83e9ae230,0

525.x264_r/3,3/super_hot_regions:111,0x56c83e9ae240,2
525.x264_r/3,3/super_hot_regions:111,0x56c83e9ae245,0

525.x264_r/3,3/super_hot_regions:112,0x56c83e9ae255,2
525.x264_r/3,3/super_hot_regions:112,0x56c83e9ae25a,0

525.x264_r/3,3/super_hot_regions:113,0x56c83e9ae26c,2
525.x264_r/3,3/super_hot_regions:113,0x56c83e9ae271,0

525.x264_r/3,3/super_hot_regions:121,0x56c83e9b8193,2
525.x264_r/3,3/super_hot_regions:121,0x56c83e9b8196,0
525.x264_r/3,3/super_hot_regions:121,0x56c83e9b819a,0
525.x264_r/3,3/super_hot_regions:121,0x56c83e9b819d,0
525.x264_r/3,3/super_hot_regions:121,0x56c83e9b819f,0
525.x264_r/3,3/super_hot_regions:121,0x56c83e9b81a2,0
525.x264_r/3,3/super_hot_regions:121,0x56c83e9b81a9,0

525.x264_r/3,3/super_hot_regions:122,0x56c83e9b8190,2
525.x264_r/3,3/super_hot_regions:122,0x56c83e9b81ad,0
525.x264_r/3,3/super_hot_regions:122,0x56c83e9b81b3,0
525.x264_r/3,3/super_hot_regions:122,0x56c83e9b81b5,0
525.x264_r/3,3/super_hot_regions:122,0x56c83e9b81b7,0
525.x264_r/3,3/super_hot_regions:122,0x56c83e9b81ba,0
525.x264_r/3,3/super_hot_regions:122,0x56c83e9b81c0,0

525.x264_r/3,3/super_hot_regions:123,0x56c83e9b81c3,2
525.x264_r/3,3/super_hot_regions:123,0x56c83e9b81c5,0
525.x264_r/3,3/super_hot_regions:123,0x56c83e9b81cb,0
525.x264_r/3,3/super_hot_regions:123,0x56c83e9b81cd,0
525.x264_r/3,3/super_hot_regions:123,0x56c83e9b81cf,0
525.x264_r/3,3/super_hot_regions:123,0x56c83e9b81d2,0
525.x264_r/3,3/super_hot_regions:123,0x56c83e9b81d8,0

525.x264_r/3,3/super_hot_regions:124,0x56c83e9b81db,2
525.x264_r/3,3/super_hot_regions:124,0x56c83e9b81df,0
525.x264_r/3,3/super_hot_regions:124,0x56c83e9b81e5,0
525.x264_r/3,3/super_hot_regions:124,0x56c83e9b81e7,0
525.x264_r/3,3/super_hot_regions:124,0x56c83e9b81e9,0
525.x264_r/3,3/super_hot_regions:124,0x56c83e9b81ec,0
525.x264_r/3,3/super_hot_regions:124,0x56c83e9b81f2,0

525.x264_r/3,3/super_hot_regions:125,0x56c83e9b81f5,2
525.x264_r/3,3/super_hot_regions:125,0x56c83e9b81f9,0
525.x264_r/3,3/super_hot_regions:125,0x56c83e9b81ff,0
525.x264_r/3,3/super_hot_regions:125,0x56c83e9b8201,0
525.x264_r/3,3/super_hot_regions:125,0x56c83e9b8203,0
525.x264_r/3,3/super_hot_regions:125,0x56c83e9b8206,0
525.x264_r/3,3/super_hot_regions:125,0x56c83e9b820c,0

525.x264_r/3,3/super_hot_regions:126,0x56c83e9b820f,2
525.x264_r/3,3/super_hot_regions:126,0x56c83e9b8213,0
525.x264_r/3,3/super_hot_regions:126,0x56c83e9b8219,0
525.x264_r/3,3/super_hot_regions:126,0x56c83e9b821b,0
525.x264_r/3,3/super_hot_regions:126,0x56c83e9b821d,0
525.x264_r/3,3/super_hot_regions:126,0x56c83e9b8220,0
525.x264_r/3,3/super_hot_regions:126,0x56c83e9b8226,0

525.x264_r/3,3/super_hot_regions:138,0x56c83e9e27ab,1
525.x264_r/3,3/super_hot_regions:138,0x56c83e9e27ae,0

525.x264_r/3,3/super_hot_regions:140,0x56c83e9bc268,2
525.x264_r/3,3/super_hot_regions:140,0x56c83e9bc287,0
525.x264_r/3,3/super_hot_regions:140,0x56c83e9bc290,0

525.x264_r/3,3/super_hot_regions:141,0x56c83e9bc281,7
525.x264_r/3,3/super_hot_regions:141,0x56c83e9bc28b,0
525.x264_r/3,3/super_hot_regions:141,0x56c83e9bc29d,0
525.x264_r/3,3/super_hot_regions:141,0x56c83e9bc2a1,0
525.x264_r/3,3/super_hot_regions:141,0x56c83e9bc2a9,0
525.x264_r/3,3/super_hot_regions:141,0x56c83e9bc2ab,0
525.x264_r/3,3/super_hot_regions:141,0x56c83e9bc2af,0
525.x264_r/3,3/super_hot_regions:141,0x56c83e9bc2b1,0
525.x264_r/3,3/super_hot_regions:141,0x56c83e9bc2b3,0
525.x264_r/3,3/super_hot_regions:141,0x56c83e9bc2b5,0
525.x264_r/3,3/super_hot_regions:141,0x56c83e9bc2b7,0
525.x264_r/3,3/super_hot_regions:141,0x56c83e9bc2be,0
525.x264_r/3,3/super_hot_regions:141,0x56c83e9bc2c0,0
525.x264_r/3,3/super_hot_regions:141,0x56c83e9bc2c7,0
525.x264_r/3,3/super_hot_regions:141,0x56c83e9bc2c9,0
525.x264_r/3,3/super_hot_regions:141,0x56c83e9bc2d0,0
525.x264_r/3,3/super_hot_regions:141,0x56c83e9bc2d3,0
525.x264_r/3,3/super_hot_regions:141,0x56c83e9bc2d5,0
525.x264_r/3,3/super_hot_regions:141,0x56c83e9bc2d8,0
525.x264_r/3,3/super_hot_regions:141,0x56c83e9bc2db,0
525.x264_r/3,3/super_hot_regions:141,0x56c83e9bc2de,0

525.x264_r/3,3/super_hot_regions:149,0x56c83ea0405e,3
525.x264_r/3,3/super_hot_regions:149,0x56c83ea04064,0
525.x264_r/3,3/super_hot_regions:149,0x56c83ea04067,0
525.x264_r/3,3/super_hot_regions:149,0x56c83ea0406d,0
525.x264_r/3,3/super_hot_regions:149,0x56c83ea04071,0
525.x264_r/3,3/super_hot_regions:149,0x56c83ea04078,0
525.x264_r/3,3/super_hot_regions:149,0x56c83ea0407c,0
525.x264_r/3,3/super_hot_regions:149,0x56c83ea0407f,0
525.x264_r/3,3/super_hot_regions:149,0x56c83ea04081,0
525.x264_r/3,3/super_hot_regions:149,0x56c83ea04085,0
525.x264_r/3,3/super_hot_regions:149,0x56c83ea0408f,0
525.x264_r/3,3/super_hot_regions:149,0x56c83ea040d1,0
525.x264_r/3,3/super_hot_regions:149,0x56c83ea040d8,0

525.x264_r/3,3/super_hot_regions:151,0x56c83e9e1344,4
525.x264_r/3,3/super_hot_regions:151,0x56c83e9e134e,0
525.x264_r/3,3/super_hot_regions:151,0x56c83e9e1353,0
525.x264_r/3,3/super_hot_regions:151,0x56c83e9e1360,0

525.x264_r/3,3/super_hot_regions:152,0x56c83e9e1375,2
525.x264_r/3,3/super_hot_regions:152,0x56c83e9e137a,0

525.x264_r/3,3/super_hot_regions:153,0x56c83e9e137f,2
525.x264_r/3,3/super_hot_regions:153,0x56c83e9e1384,0

525.x264_r/3,3/super_hot_regions:157,0x56c83e9bbfd0,2
525.x264_r/3,3/super_hot_regions:157,0x56c83e9bbfd4,0
525.x264_r/3,3/super_hot_regions:157,0x56c83e9bbfd7,0

525.x264_r/3,3/super_hot_regions:158,0x56c83e9bbfde,2
525.x264_r/3,3/super_hot_regions:158,0x56c83e9bbfe2,0
525.x264_r/3,3/super_hot_regions:158,0x56c83e9bbfe5,0

525.x264_r/3,3/super_hot_regions:159,0x56c83e9bbff7,2
525.x264_r/3,3/super_hot_regions:159,0x56c83e9bc002,0
525.x264_r/3,3/super_hot_regions:159,0x56c83e9bc005,0

525.x264_r/3,3/super_hot_regions:161,0x56c83e9bbf58,2
525.x264_r/3,3/super_hot_regions:161,0x56c83e9bbf65,0

525.x264_r/3,3/super_hot_regions:162,0x56c83e9bbf61,2
525.x264_r/3,3/super_hot_regions:162,0x56c83e9bbf6c,0

525.x264_r/3,3/super_hot_regions:163,0x56c83e9bbf5d,2
525.x264_r/3,3/super_hot_regions:163,0x56c83e9bbf72,0

525.x264_r/3,3/super_hot_regions:164,0x56c83e9bbf9c,2
525.x264_r/3,3/super_hot_regions:164,0x56c83e9bbfa4,0

525.x264_r/3,3/super_hot_regions:165,0x56c83e9bbfa7,2
525.x264_r/3,3/super_hot_regions:165,0x56c83e9bbfaf,0

525.x264_r/3,3/super_hot_regions:166,0x56c83e9bbfb6,2
525.x264_r/3,3/super_hot_regions:166,0x56c83e9bbfbe,0

525.x264_r/3,3/super_hot_regions:168,0x56c83e9bbec6,2
525.x264_r/3,3/super_hot_regions:168,0x56c83e9bbece,0
525.x264_r/3,3/super_hot_regions:168,0x56c83e9bbed5,0

525.x264_r/3,3/super_hot_regions:169,0x56c83e9bbeda,2
525.x264_r/3,3/super_hot_regions:169,0x56c83e9bbee2,0
525.x264_r/3,3/super_hot_regions:169,0x56c83e9bbeef,0

525.x264_r/3,3/super_hot_regions:17,0x56c83e9ab722,2
525.x264_r/3,3/super_hot_regions:17,0x56c83e9ab72c,0
525.x264_r/3,3/super_hot_regions:17,0x56c83e9ab733,0

525.x264_r/3,3/super_hot_regions:170,0x56c83e9bbed0,2
525.x264_r/3,3/super_hot_regions:170,0x56c83e9bbee9,0
525.x264_r/3,3/super_hot_regions:170,0x56c83e9bbefa,0

525.x264_r/3,3/super_hot_regions:171,0x56c83e9bbee5,2
525.x264_r/3,3/super_hot_regions:171,0x56c83e9bbeec,0
525.x264_r/3,3/super_hot_regions:171,0x56c83e9bbeff,0

525.x264_r/3,3/super_hot_regions:174,0x56c83e9d0e11,2
525.x264_r/3,3/super_hot_regions:174,0x56c83e9d0e15,0

525.x264_r/3,3/super_hot_regions:192,0x56c83e9bce18,2
525.x264_r/3,3/super_hot_regions:192,0x56c83e9bce1b,0
525.x264_r/3,3/super_hot_regions:192,0x56c83e9bce1f,0
525.x264_r/3,3/super_hot_regions:192,0x56c83e9bce22,0

525.x264_r/3,3/super_hot_regions:195,0x56c83e9e3c89,2
525.x264_r/3,3/super_hot_regions:195,0x56c83e9e3c97,0

525.x264_r/3,3/super_hot_regions:2,0x56c83e9ab760,4
525.x264_r/3,3/super_hot_regions:2,0x56c83e9ab764,0
525.x264_r/3,3/super_hot_regions:2,0x56c83e9ab76a,0
525.x264_r/3,3/super_hot_regions:2,0x56c83e9ab76e,0
525.x264_r/3,3/super_hot_regions:2,0x56c83e9ab772,0
525.x264_r/3,3/super_hot_regions:2,0x56c83e9ab775,0
525.x264_r/3,3/super_hot_regions:2,0x56c83e9ab77a,0
525.x264_r/3,3/super_hot_regions:2,0x56c83e9ab77e,0

525.x264_r/3,3/super_hot_regions:20,0x56c83e9ab4d0,1
525.x264_r/3,3/super_hot_regions:20,0x56c83e9ab4d3,0
525.x264_r/3,3/super_hot_regions:20,0x56c83e9ab4d6,0
525.x264_r/3,3/super_hot_regions:20,0x56c83e9ab4da,0

525.x264_r/3,3/super_hot_regions:201,0x56c83ea011e4,2
525.x264_r/3,3/super_hot_regions:201,0x56c83ea011e9,0

525.x264_r/3,3/super_hot_regions:202,0x56c83ea011ee,2
525.x264_r/3,3/super_hot_regions:202,0x56c83ea011fb,0
525.x264_r/3,3/super_hot_regions:202,0x56c83ea011ff,0
525.x264_r/3,3/super_hot_regions:202,0x56c83ea01204,0

525.x264_r/3,3/super_hot_regions:21,0x56c83e9ab4de,1
525.x264_r/3,3/super_hot_regions:21,0x56c83e9ab4e3,0

525.x264_r/3,3/super_hot_regions:211,0x56c83ea0125d,2
525.x264_r/3,3/super_hot_regions:211,0x56c83ea01265,0

525.x264_r/3,3/super_hot_regions:215,0x56c83ea01282,2
525.x264_r/3,3/super_hot_regions:215,0x56c83ea01285,0
525.x264_r/3,3/super_hot_regions:215,0x56c83ea012a0,0

525.x264_r/3,3/super_hot_regions:216,0x56c83ea01275,2
525.x264_r/3,3/super_hot_regions:216,0x56c83ea012a4,0

525.x264_r/3,3/super_hot_regions:24,0x56c83e9aa5e8,2
525.x264_r/3,3/super_hot_regions:24,0x56c83e9aa5ed,0
525.x264_r/3,3/super_hot_regions:24,0x56c83e9aa5f8,0

525.x264_r/3,3/super_hot_regions:25,0x56c83e9aa5f3,3
525.x264_r/3,3/super_hot_regions:25,0x56c83e9aa5fb,0
525.x264_r/3,3/super_hot_regions:25,0x56c83e9aa5ff,0
525.x264_r/3,3/super_hot_regions:25,0x56c83e9aa604,0
525.x264_r/3,3/super_hot_regions:25,0x56c83e9aa607,0

525.x264_r/3,3/super_hot_regions:26,0x56c83e9aa60a,2
525.x264_r/3,3/super_hot_regions:26,0x56c83e9aa60f,0
525.x264_r/3,3/super_hot_regions:26,0x56c83e9aa614,0

525.x264_r/3,3/super_hot_regions:29,0x56c83e9b0d00,1
525.x264_r/3,3/super_hot_regions:29,0x56c83e9b0d0c,0
525.x264_r/3,3/super_hot_regions:29,0x56c83e9b0d10,0

525.x264_r/3,3/super_hot_regions:3,0x56c83e9ab781,2
525.x264_r/3,3/super_hot_regions:3,0x56c83e9ab787,0

525.x264_r/3,3/super_hot_regions:30,0x56c83e9b0cb8,3
525.x264_r/3,3/super_hot_regions:30,0x56c83e9b0cc0,0
525.x264_r/3,3/super_hot_regions:30,0x56c83e9b0cc3,0
525.x264_r/3,3/super_hot_regions:30,0x56c83e9b0cd2,0
525.x264_r/3,3/super_hot_regions:30,0x56c83e9b0cd6,0
525.x264_r/3,3/super_hot_regions:30,0x56c83e9b0ce2,0
525.x264_r/3,3/super_hot_regions:30,0x56c83e9b0d09,0
525.x264_r/3,3/super_hot_regions:30,0x56c83e9b0d14,0
525.x264_r/3,3/super_hot_regions:30,0x56c83e9b0d1d,0
525.x264_r/3,3/super_hot_regions:30,0x56c83e9b0d20,0
525.x264_r/3,3/super_hot_regions:30,0x56c83e9b0d23,0
525.x264_r/3,3/super_hot_regions:30,0x56c83e9b0d26,0

525.x264_r/3,3/super_hot_regions:36,0x56c83e9bc180,2
525.x264_r/3,3/super_hot_regions:36,0x56c83e9bc188,0

525.x264_r/3,3/super_hot_regions:37,0x56c83e9bc18f,2
525.x264_r/3,3/super_hot_regions:37,0x56c83e9bc197,0

525.x264_r/3,3/super_hot_regions:4,0x56c83e9ab78b,2
525.x264_r/3,3/super_hot_regions:4,0x56c83e9ab790,0

525.x264_r/3,3/super_hot_regions:40,0x56c83e9ac148,2
525.x264_r/3,3/super_hot_regions:40,0x56c83e9ac14d,0

525.x264_r/3,3/super_hot_regions:42,0x56c83e9b11a6,1
525.x264_r/3,3/super_hot_regions:42,0x56c83e9b11aa,0

525.x264_r/3,3/super_hot_regions:43,0x56c83e9b1198,3
525.x264_r/3,3/super_hot_regions:43,0x56c83e9b119f,0
525.x264_r/3,3/super_hot_regions:43,0x56c83e9b11b7,0
525.x264_r/3,3/super_hot_regions:43,0x56c83e9b11ba,0

525.x264_r/3,3/super_hot_regions:44,0x56c83e9b11ae,2
525.x264_r/3,3/super_hot_regions:44,0x56c83e9b11be,0

525.x264_r/3,3/super_hot_regions:46,0x56c83e9b11c9,1
525.x264_r/3,3/super_hot_regions:46,0x56c83e9b11cc,0

525.x264_r/3,3/super_hot_regions:48,0x56c83e9b11de,1
525.x264_r/3,3/super_hot_regions:48,0x56c83e9b11e0,0

525.x264_r/3,3/super_hot_regions:49,0x56c83e9b11d9,1
525.x264_r/3,3/super_hot_regions:49,0x56c83e9b11db,0
525.x264_r/3,3/super_hot_regions:49,0x56c83e9b11e3,0
525.x264_r/3,3/super_hot_regions:49,0x56c83e9b11e7,0
525.x264_r/3,3/super_hot_regions:49,0x56c83e9b11ed,0

525.x264_r/3,3/super_hot_regions:50,0x56c83e9b11f1,1
525.x264_r/3,3/super_hot_regions:50,0x56c83e9b1200,0

525.x264_r/3,3/super_hot_regions:51,0x56c83e9b11f4,1
525.x264_r/3,3/super_hot_regions:51,0x56c83e9b1204,0

525.x264_r/3,3/super_hot_regions:52,0x56c83e9b11f7,3
525.x264_r/3,3/super_hot_regions:52,0x56c83e9b1210,0
525.x264_r/3,3/super_hot_regions:52,0x56c83e9b1214,0
525.x264_r/3,3/super_hot_regions:52,0x56c83e9b1217,0
525.x264_r/3,3/super_hot_regions:52,0x56c83e9b121a,0
525.x264_r/3,3/super_hot_regions:52,0x56c83e9b121e,0
525.x264_r/3,3/super_hot_regions:52,0x56c83e9b1222,0
525.x264_r/3,3/super_hot_regions:52,0x56c83e9b1225,0
525.x264_r/3,3/super_hot_regions:52,0x56c83e9b1228,0
525.x264_r/3,3/super_hot_regions:52,0x56c83e9b122b,0
525.x264_r/3,3/super_hot_regions:52,0x56c83e9b122f,0

525.x264_r/3,3/super_hot_regions:58,0x56c83e9e3c6f,2
525.x264_r/3,3/super_hot_regions:58,0x56c83e9e3c80,0

525.x264_r/3,3/super_hot_regions:62,0x56c83e9b3b21,2
525.x264_r/3,3/super_hot_regions:62,0x56c83e9b3b26,0

525.x264_r/3,3/super_hot_regions:70,0x56c83e9bb760,17
525.x264_r/3,3/super_hot_regions:70,0x56c83e9bb763,0
525.x264_r/3,3/super_hot_regions:70,0x56c83e9bb766,0
525.x264_r/3,3/super_hot_regions:70,0x56c83e9bb76a,0
525.x264_r/3,3/super_hot_regions:70,0x56c83e9bb76c,0
525.x264_r/3,3/super_hot_regions:70,0x56c83e9bb770,0
525.x264_r/3,3/super_hot_regions:70,0x56c83e9bb774,0
525.x264_r/3,3/super_hot_regions:70,0x56c83e9bb776,0
525.x264_r/3,3/super_hot_regions:70,0x56c83e9bb77a,0
525.x264_r/3,3/super_hot_regions:70,0x56c83e9bb77f,0
525.x264_r/3,3/super_hot_regions:70,0x56c83e9bb781,0
525.x264_r/3,3/super_hot_regions:70,0x56c83e9bb785,0
525.x264_r/3,3/super_hot_regions:70,0x56c83e9bb78a,0
525.x264_r/3,3/super_hot_regions:70,0x56c83e9bb78d,0
525.x264_r/3,3/super_hot_regions:70,0x56c83e9bb791,0
525.x264_r/3,3/super_hot_regions:70,0x56c83e9bb796,0
525.x264_r/3,3/super_hot_regions:70,0x56c83e9bb799,0
525.x264_r/3,3/super_hot_regions:70,0x56c83e9bb79d,0
525.x264_r/3,3/super_hot_regions:70,0x56c83e9bb7a2,0
525.x264_r/3,3/super_hot_regions:70,0x56c83e9bb7a5,0
525.x264_r/3,3/super_hot_regions:70,0x56c83e9bb7a9,0
525.x264_r/3,3/super_hot_regions:70,0x56c83e9bb7ad,0
525.x264_r/3,3/super_hot_regions:70,0x56c83e9bb7b0,0
525.x264_r/3,3/super_hot_regions:70,0x56c83e9bb7b7,0
525.x264_r/3,3/super_hot_regions:70,0x56c83e9bb7bc,0
525.x264_r/3,3/super_hot_regions:70,0x56c83e9bb7bf,0
525.x264_r/3,3/super_hot_regions:70,0x56c83e9bb7c2,0
525.x264_r/3,3/super_hot_regions:70,0x56c83e9bb7c4,0
525.x264_r/3,3/super_hot_regions:70,0x56c83e9bb7c7,0
525.x264_r/3,3/super_hot_regions:70,0x56c83e9bb7ca,0
525.x264_r/3,3/super_hot_regions:70,0x56c83e9bb7ce,0
525.x264_r/3,3/super_hot_regions:70,0x56c83e9bb7d1,0
525.x264_r/3,3/super_hot_regions:70,0x56c83e9bb7d3,0
525.x264_r/3,3/super_hot_regions:70,0x56c83e9bb7d7,0
525.x264_r/3,3/super_hot_regions:70,0x56c83e9bb7da,0
525.x264_r/3,3/super_hot_regions:70,0x56c83e9bb7dc,0
525.x264_r/3,3/super_hot_regions:70,0x56c83e9bb7e0,0
525.x264_r/3,3/super_hot_regions:70,0x56c83e9bb7e3,0
525.x264_r/3,3/super_hot_regions:70,0x56c83e9bb7e6,0
525.x264_r/3,3/super_hot_regions:70,0x56c83e9bb7ea,0
525.x264_r/3,3/super_hot_regions:70,0x56c83e9bb7ec,0
525.x264_r/3,3/super_hot_regions:70,0x56c83e9bb7ef,0
525.x264_r/3,3/super_hot_regions:70,0x56c83e9bb7f2,0
525.x264_r/3,3/super_hot_regions:70,0x56c83e9bb7f5,0
525.x264_r/3,3/super_hot_regions:70,0x56c83e9bb7f8,0
525.x264_r/3,3/super_hot_regions:70,0x56c83e9bb7fb,0
525.x264_r/3,3/super_hot_regions:70,0x56c83e9bb7fe,0

525.x264_r/3,3/super_hot_regions:74,0x56c83ea1be2d,3
525.x264_r/3,3/super_hot_regions:74,0x56c83ea1be32,0
525.x264_r/3,3/super_hot_regions:74,0x56c83ea1be3c,0
525.x264_r/3,3/super_hot_regions:74,0x56c83ea1be3f,0
525.x264_r/3,3/super_hot_regions:74,0x56c83ea1be46,0

525.x264_r/3,3/super_hot_regions:78,0x56c83e9ab3b3,4
525.x264_r/3,3/super_hot_regions:78,0x56c83e9ab3b8,0
525.x264_r/3,3/super_hot_regions:78,0x56c83e9ab3be,0
525.x264_r/3,3/super_hot_regions:78,0x56c83e9ab3c4,0
525.x264_r/3,3/super_hot_regions:78,0x56c83e9ab3c7,0
525.x264_r/3,3/super_hot_regions:78,0x56c83e9ab3d8,0
525.x264_r/3,3/super_hot_regions:78,0x56c83e9ab3dd,0
525.x264_r/3,3/super_hot_regions:78,0x56c83e9ab3e6,0
525.x264_r/3,3/super_hot_regions:78,0x56c83e9ab3ec,0
525.x264_r/3,3/super_hot_regions:78,0x56c83e9ab3f3,0
525.x264_r/3,3/super_hot_regions:78,0x56c83e9ab3fc,0
525.x264_r/3,3/super_hot_regions:78,0x56c83e9ab400,0
525.x264_r/3,3/super_hot_regions:78,0x56c83e9ab404,0

525.x264_r/3,3/super_hot_regions:79,0x56c83e9ab3a5,2
525.x264_r/3,3/super_hot_regions:79,0x56c83e9ab3a8,0
525.x264_r/3,3/super_hot_regions:79,0x56c83e9ab3b0,0
525.x264_r/3,3/super_hot_regions:79,0x56c83e9ab3cd,0
525.x264_r/3,3/super_hot_regions:79,0x56c83e9ab3d0,0
525.x264_r/3,3/super_hot_regions:79,0x56c83e9ab3d5,0
525.x264_r/3,3/super_hot_regions:79,0x56c83e9ab3db,0
525.x264_r/3,3/super_hot_regions:79,0x56c83e9ab3e0,0
525.x264_r/3,3/super_hot_regions:79,0x56c83e9ab3e3,0
525.x264_r/3,3/super_hot_regions:79,0x56c83e9ab3f7,0
525.x264_r/3,3/super_hot_regions:79,0x56c83e9ab40b,0

525.x264_r/3,3/super_hot_regions:8,0x56c83e9b1210,3
525.x264_r/3,3/super_hot_regions:8,0x56c83e9b1214,0
525.x264_r/3,3/super_hot_regions:8,0x56c83e9b1217,0
525.x264_r/3,3/super_hot_regions:8,0x56c83e9b121a,0
525.x264_r/3,3/super_hot_regions:8,0x56c83e9b121e,0
525.x264_r/3,3/super_hot_regions:8,0x56c83e9b1225,0
525.x264_r/3,3/super_hot_regions:8,0x56c83e9b1228,0
525.x264_r/3,3/super_hot_regions:8,0x56c83e9b122b,0
525.x264_r/3,3/super_hot_regions:8,0x56c83e9b122f,0

525.x264_r/3,3/super_hot_regions:81,0x56c83e9ab416,1
525.x264_r/3,3/super_hot_regions:81,0x56c83e9ab419,0

525.x264_r/3,3/super_hot_regions:83,0x56c83e9ab431,1
525.x264_r/3,3/super_hot_regions:83,0x56c83e9ab433,0

525.x264_r/3,3/super_hot_regions:84,0x56c83e9ab43a,1
525.x264_r/3,3/super_hot_regions:84,0x56c83e9ab43c,0
525.x264_r/3,3/super_hot_regions:84,0x56c83e9ab43f,0

525.x264_r/3,3/super_hot_regions:85,0x56c83e9ab443,1
525.x264_r/3,3/super_hot_regions:85,0x56c83e9ab445,0
525.x264_r/3,3/super_hot_regions:85,0x56c83e9ab448,0
525.x264_r/3,3/super_hot_regions:85,0x56c83e9ab451,0
525.x264_r/3,3/super_hot_regions:85,0x56c83e9ab460,0

525.x264_r/3,3/super_hot_regions:91,0x56c83e9ab478,1
525.x264_r/3,3/super_hot_regions:91,0x56c83e9ab4b4,0

525.x264_r/3,3/super_hot_regions:95,0x56c83e9ab426,2
525.x264_r/3,3/super_hot_regions:95,0x56c83e9ab4d0,0
525.x264_r/3,3/super_hot_regions:95,0x56c83e9ab4d3,0
525.x264_r/3,3/super_hot_regions:95,0x56c83e9ab4d6,0
525.x264_r/3,3/super_hot_regions:95,0x56c83e9ab4da,0

525.x264_r/3,3/super_hot_regions:96,0x56c83e9ab42a,2
525.x264_r/3,3/super_hot_regions:96,0x56c83e9ab42d,0
525.x264_r/3,3/super_hot_regions:96,0x56c83e9ab4de,0
525.x264_r/3,3/super_hot_regions:96,0x56c83e9ab4e3,0

525.x264_r/3,3/super_hot_regions:99,0x56c83e9b24fd,1
525.x264_r/3,3/super_hot_regions:99,0x56c83e9b2500,0

526.blender_r/1,1/super_hot_regions:130,0x56d60d4741af,2
526.blender_r/1,1/super_hot_regions:130,0x56d60d4741bf,0

526.blender_r/1,1/super_hot_regions:23,0x56d60d4029a5,1
526.blender_r/1,1/super_hot_regions:23,0x56d60d4029a8,0

526.blender_r/1,1/super_hot_regions:25,0x56d60d402968,2
526.blender_r/1,1/super_hot_regions:25,0x56d60d402979,0

526.blender_r/1,1/super_hot_regions:26,0x56d60d40296c,1
526.blender_r/1,1/super_hot_regions:26,0x56d60d402977,0
526.blender_r/1,1/super_hot_regions:26,0x56d60d40297d,0

526.blender_r/1,1/super_hot_regions:4,0x56d60d4029a0,2
526.blender_r/1,1/super_hot_regions:4,0x56d60d4029a5,0
526.blender_r/1,1/super_hot_regions:4,0x56d60d4029a8,0

526.blender_r/1,1/super_hot_regions:67,0x56d60d484d93,1
526.blender_r/1,1/super_hot_regions:67,0x56d60d484d9c,0

526.blender_r/1,1/super_hot_regions:73,0x56d60d4896bc,1
526.blender_r/1,1/super_hot_regions:73,0x56d60d4896bf,0

526.blender_r/1,1/super_hot_regions:77,0x56d60d489863,2
526.blender_r/1,1/super_hot_regions:77,0x56d60d48986d,0

526.blender_r/1,1/super_hot_regions:78,0x56d60d489866,2
526.blender_r/1,1/super_hot_regions:78,0x56d60d489878,0
526.blender_r/1,1/super_hot_regions:78,0x56d60d48987b,0

526.blender_r/1,1/super_hot_regions:79,0x56d60d489882,2
526.blender_r/1,1/super_hot_regions:79,0x56d60d48989c,0

526.blender_r/1,1/super_hot_regions:80,0x56d60d4898a8,2
526.blender_r/1,1/super_hot_regions:80,0x56d60d4898af,0
526.blender_r/1,1/super_hot_regions:80,0x56d60d4898b2,0

526.blender_r/1,1/super_hot_regions:81,0x56d60d4898d6,2
526.blender_r/1,1/super_hot_regions:81,0x56d60d4898dd,0
526.blender_r/1,1/super_hot_regions:81,0x56d60d4898e4,0

526.blender_r/1,1/super_hot_regions:82,0x56d60d489904,1
526.blender_r/1,1/super_hot_regions:82,0x56d60d489907,0

527.cam4_r/1,1/super_hot_regions:128,0x5f9346a1fd68,2
527.cam4_r/1,1/super_hot_regions:128,0x5f9346a1fd6d,0

527.cam4_r/1,1/super_hot_regions:130,0x5f9346a1fc90,2
527.cam4_r/1,1/super_hot_regions:130,0x5f9346a1fc95,0

527.cam4_r/1,1/super_hot_regions:132,0x5f9346a1fe50,2
527.cam4_r/1,1/super_hot_regions:132,0x5f9346a1fe55,0

527.cam4_r/1,1/super_hot_regions:43,0x748d4e48c7a3,1
527.cam4_r/1,1/super_hot_regions:43,0x748d4e48c7a6,0
527.cam4_r/1,1/super_hot_regions:43,0x748d4e48c7af,0

527.cam4_r/1,1/super_hot_regions:66,0x748d4dd99b64,2
527.cam4_r/1,1/super_hot_regions:66,0x748d4dd99b68,0
527.cam4_r/1,1/super_hot_regions:66,0x748d4dd99b6c,0

527.cam4_r/1,1/super_hot_regions:9,0x5f9346aa0b20,2
527.cam4_r/1,1/super_hot_regions:9,0x5f9346aa0b24,0

531.deepsjeng_r/1,1/super_hot_regions:0,0x6224487b4954,2
531.deepsjeng_r/1,1/super_hot_regions:0,0x6224487b4957,0
531.deepsjeng_r/1,1/super_hot_regions:0,0x6224487b495c,0
531.deepsjeng_r/1,1/super_hot_regions:0,0x6224487b4961,0

531.deepsjeng_r/1,1/super_hot_regions:10,0x6224487b490d,2
531.deepsjeng_r/1,1/super_hot_regions:10,0x6224487b4911,0

531.deepsjeng_r/1,1/super_hot_regions:100,0x6224487c26e1,2
531.deepsjeng_r/1,1/super_hot_regions:100,0x6224487c26e8,0

531.deepsjeng_r/1,1/super_hot_regions:101,0x6224487c26b2,4
531.deepsjeng_r/1,1/super_hot_regions:101,0x6224487c26b9,0
531.deepsjeng_r/1,1/super_hot_regions:101,0x6224487c26d4,0
531.deepsjeng_r/1,1/super_hot_regions:101,0x6224487c26d7,0
531.deepsjeng_r/1,1/super_hot_regions:101,0x6224487c26dc,0
531.deepsjeng_r/1,1/super_hot_regions:101,0x6224487c26ec,0
531.deepsjeng_r/1,1/super_hot_regions:101,0x6224487c26f1,0
531.deepsjeng_r/1,1/super_hot_regions:101,0x6224487c26f4,0
531.deepsjeng_r/1,1/super_hot_regions:101,0x6224487c26fd,0

531.deepsjeng_r/1,1/super_hot_regions:102,0x6224487c2689,1
531.deepsjeng_r/1,1/super_hot_regions:102,0x6224487c2700,0

531.deepsjeng_r/1,1/super_hot_regions:103,0x6224487b1bce,1
531.deepsjeng_r/1,1/super_hot_regions:103,0x6224487b1bd1,0
531.deepsjeng_r/1,1/super_hot_regions:103,0x6224487b1bd8,0

531.deepsjeng_r/1,1/super_hot_regions:105,0x6224487b1bd5,1
531.deepsjeng_r/1,1/super_hot_regions:105,0x6224487b1c77,0

531.deepsjeng_r/1,1/super_hot_regions:11,0x6224487b48b4,4
531.deepsjeng_r/1,1/super_hot_regions:11,0x6224487b48c0,0
531.deepsjeng_r/1,1/super_hot_regions:11,0x6224487b48ca,0
531.deepsjeng_r/1,1/super_hot_regions:11,0x6224487b48cf,0
531.deepsjeng_r/1,1/super_hot_regions:11,0x6224487b48d2,0
531.deepsjeng_r/1,1/super_hot_regions:11,0x6224487b48dc,0
531.deepsjeng_r/1,1/super_hot_regions:11,0x6224487b48e5,0
531.deepsjeng_r/1,1/super_hot_regions:11,0x6224487b48ec,0
531.deepsjeng_r/1,1/super_hot_regions:11,0x6224487b48fe,0
531.deepsjeng_r/1,1/super_hot_regions:11,0x6224487b4915,0
531.deepsjeng_r/1,1/super_hot_regions:11,0x6224487b491a,0
531.deepsjeng_r/1,1/super_hot_regions:11,0x6224487b491f,0

531.deepsjeng_r/1,1/super_hot_regions:111,0x6224487c2708,1
531.deepsjeng_r/1,1/super_hot_regions:111,0x6224487c270e,0

531.deepsjeng_r/1,1/super_hot_regions:112,0x6224487c2713,3
531.deepsjeng_r/1,1/super_hot_regions:112,0x6224487c271a,0
531.deepsjeng_r/1,1/super_hot_regions:112,0x6224487c271e,0
531.deepsjeng_r/1,1/super_hot_regions:112,0x6224487c2721,0
531.deepsjeng_r/1,1/super_hot_regions:112,0x6224487c2724,0
531.deepsjeng_r/1,1/super_hot_regions:112,0x6224487c2727,0
531.deepsjeng_r/1,1/super_hot_regions:112,0x6224487c272a,0
531.deepsjeng_r/1,1/super_hot_regions:112,0x6224487c272d,0

531.deepsjeng_r/1,1/super_hot_regions:115,0x6224487c273b,2
531.deepsjeng_r/1,1/super_hot_regions:115,0x6224487c273e,0
531.deepsjeng_r/1,1/super_hot_regions:115,0x6224487c2740,0
531.deepsjeng_r/1,1/super_hot_regions:115,0x6224487c2743,0
531.deepsjeng_r/1,1/super_hot_regions:115,0x6224487c2745,0

531.deepsjeng_r/1,1/super_hot_regions:116,0x6224487c2747,4
531.deepsjeng_r/1,1/super_hot_regions:116,0x6224487c274e,0
531.deepsjeng_r/1,1/super_hot_regions:116,0x6224487c2755,0
531.deepsjeng_r/1,1/super_hot_regions:116,0x6224487c275c,0
531.deepsjeng_r/1,1/super_hot_regions:116,0x6224487c2763,0
531.deepsjeng_r/1,1/super_hot_regions:116,0x6224487c276a,0
531.deepsjeng_r/1,1/super_hot_regions:116,0x6224487c2771,0
531.deepsjeng_r/1,1/super_hot_regions:116,0x6224487c2774,0
531.deepsjeng_r/1,1/super_hot_regions:116,0x6224487c2777,0
531.deepsjeng_r/1,1/super_hot_regions:116,0x6224487c277b,0

531.deepsjeng_r/1,1/super_hot_regions:122,0x6224487c2810,1
531.deepsjeng_r/1,1/super_hot_regions:122,0x6224487c2815,0

531.deepsjeng_r/1,1/super_hot_regions:123,0x6224487c281c,2
531.deepsjeng_r/1,1/super_hot_regions:123,0x6224487c2822,0
531.deepsjeng_r/1,1/super_hot_regions:123,0x6224487c282b,0

531.deepsjeng_r/1,1/super_hot_regions:126,0x6224487b73f0,2
531.deepsjeng_r/1,1/super_hot_regions:126,0x6224487b73f3,0
531.deepsjeng_r/1,1/super_hot_regions:126,0x6224487b73f6,0
531.deepsjeng_r/1,1/super_hot_regions:126,0x6224487b73f8,0
531.deepsjeng_r/1,1/super_hot_regions:126,0x6224487b73fb,0
531.deepsjeng_r/1,1/super_hot_regions:126,0x6224487b73fd,0

531.deepsjeng_r/1,1/super_hot_regions:130,0x6224487c2792,1
531.deepsjeng_r/1,1/super_hot_regions:130,0x6224487c279b,0

531.deepsjeng_r/1,1/super_hot_regions:132,0x6224487bee6d,2
531.deepsjeng_r/1,1/super_hot_regions:132,0x6224487bee78,0
531.deepsjeng_r/1,1/super_hot_regions:132,0x6224487bee7a,0

531.deepsjeng_r/1,1/super_hot_regions:136,0x6224487bee38,2
531.deepsjeng_r/1,1/super_hot_regions:136,0x6224487bee42,0
531.deepsjeng_r/1,1/super_hot_regions:136,0x6224487bee44,0

531.deepsjeng_r/1,1/super_hot_regions:137,0x6224487bee3e,2
531.deepsjeng_r/1,1/super_hot_regions:137,0x6224487bee51,0
531.deepsjeng_r/1,1/super_hot_regions:137,0x6224487bee53,0
531.deepsjeng_r/1,1/super_hot_regions:137,0x6224487bee56,0

531.deepsjeng_r/1,1/super_hot_regions:139,0x6224487b8ef3,2
531.deepsjeng_r/1,1/super_hot_regions:139,0x6224487b8ef7,0
531.deepsjeng_r/1,1/super_hot_regions:139,0x6224487b8efa,0
531.deepsjeng_r/1,1/super_hot_regions:139,0x6224487b8efe,0

531.deepsjeng_r/1,1/super_hot_regions:14,0x6224487b4846,10
531.deepsjeng_r/1,1/super_hot_regions:14,0x6224487b484d,0
531.deepsjeng_r/1,1/super_hot_regions:14,0x6224487b4854,0
531.deepsjeng_r/1,1/super_hot_regions:14,0x6224487b4858,0
531.deepsjeng_r/1,1/super_hot_regions:14,0x6224487b485f,0
531.deepsjeng_r/1,1/super_hot_regions:14,0x6224487b4863,0
531.deepsjeng_r/1,1/super_hot_regions:14,0x6224487b4866,0
531.deepsjeng_r/1,1/super_hot_regions:14,0x6224487b4869,0
531.deepsjeng_r/1,1/super_hot_regions:14,0x6224487b4873,0
531.deepsjeng_r/1,1/super_hot_regions:14,0x6224487b4876,0
531.deepsjeng_r/1,1/super_hot_regions:14,0x6224487b487a,0
531.deepsjeng_r/1,1/super_hot_regions:14,0x6224487b4881,0
531.deepsjeng_r/1,1/super_hot_regions:14,0x6224487b4885,0
531.deepsjeng_r/1,1/super_hot_regions:14,0x6224487b4890,0
531.deepsjeng_r/1,1/super_hot_regions:14,0x6224487b4898,0
531.deepsjeng_r/1,1/super_hot_regions:14,0x6224487b489c,0
531.deepsjeng_r/1,1/super_hot_regions:14,0x6224487b48a0,0

531.deepsjeng_r/1,1/super_hot_regions:142,0x6224487b4a54,3
531.deepsjeng_r/1,1/super_hot_regions:142,0x6224487b4a56,0
531.deepsjeng_r/1,1/super_hot_regions:142,0x6224487b4a58,0
531.deepsjeng_r/1,1/super_hot_regions:142,0x6224487b4a5b,0
531.deepsjeng_r/1,1/super_hot_regions:142,0x6224487b4a5e,0
531.deepsjeng_r/1,1/super_hot_regions:142,0x6224487b4a60,0
531.deepsjeng_r/1,1/super_hot_regions:142,0x6224487b4a61,0
531.deepsjeng_r/1,1/super_hot_regions:142,0x6224487b4a64,0
531.deepsjeng_r/1,1/super_hot_regions:142,0x6224487b4a67,0
531.deepsjeng_r/1,1/super_hot_regions:142,0x6224487b4a69,0
531.deepsjeng_r/1,1/super_hot_regions:142,0x6224487b4a6b,0
531.deepsjeng_r/1,1/super_hot_regions:142,0x6224487b4a6d,0
531.deepsjeng_r/1,1/super_hot_regions:142,0x6224487b4a6f,0
531.deepsjeng_r/1,1/super_hot_regions:142,0x6224487b4a72,0
531.deepsjeng_r/1,1/super_hot_regions:142,0x6224487b4a74,0
531.deepsjeng_r/1,1/super_hot_regions:142,0x6224487b4a76,0
531.deepsjeng_r/1,1/super_hot_regions:142,0x6224487b4a78,0

531.deepsjeng_r/1,1/super_hot_regions:145,0x6224487bf65d,1
531.deepsjeng_r/1,1/super_hot_regions:145,0x6224487bf662,0
531.deepsjeng_r/1,1/super_hot_regions:145,0x6224487bf664,0

531.deepsjeng_r/1,1/super_hot_regions:147,0x6224487b8d38,2
531.deepsjeng_r/1,1/super_hot_regions:147,0x6224487b8d43,0
531.deepsjeng_r/1,1/super_hot_regions:147,0x6224487b8d45,0

531.deepsjeng_r/1,1/super_hot_regions:149,0x6224487c29f6,2
531.deepsjeng_r/1,1/super_hot_regions:149,0x6224487c2a04,0

531.deepsjeng_r/1,1/super_hot_regions:152,0x6224487ba16b,1
531.deepsjeng_r/1,1/super_hot_regions:152,0x6224487ba16e,0

531.deepsjeng_r/1,1/super_hot_regions:153,0x6224487ba175,1
531.deepsjeng_r/1,1/super_hot_regions:153,0x6224487ba178,0

531.deepsjeng_r/1,1/super_hot_regions:155,0x6224487ba106,1
531.deepsjeng_r/1,1/super_hot_regions:155,0x6224487ba110,0

531.deepsjeng_r/1,1/super_hot_regions:156,0x6224487ba109,3
531.deepsjeng_r/1,1/super_hot_regions:156,0x6224487ba113,0
531.deepsjeng_r/1,1/super_hot_regions:156,0x6224487ba11a,0

531.deepsjeng_r/1,1/super_hot_regions:157,0x6224487ba129,2
531.deepsjeng_r/1,1/super_hot_regions:157,0x6224487ba138,0

531.deepsjeng_r/1,1/super_hot_regions:158,0x6224487ba13e,3
531.deepsjeng_r/1,1/super_hot_regions:158,0x6224487ba14a,0
531.deepsjeng_r/1,1/super_hot_regions:158,0x6224487ba151,0

531.deepsjeng_r/1,1/super_hot_regions:159,0x6224487ba13b,2
531.deepsjeng_r/1,1/super_hot_regions:159,0x6224487ba145,0
531.deepsjeng_r/1,1/super_hot_regions:159,0x6224487ba158,0

531.deepsjeng_r/1,1/super_hot_regions:161,0x6224487bdc24,1
531.deepsjeng_r/1,1/super_hot_regions:161,0x6224487bdc30,0

531.deepsjeng_r/1,1/super_hot_regions:162,0x6224487bdc1a,5
531.deepsjeng_r/1,1/super_hot_regions:162,0x6224487bdc21,0
531.deepsjeng_r/1,1/super_hot_regions:162,0x6224487bdc27,0
531.deepsjeng_r/1,1/super_hot_regions:162,0x6224487bdc29,0
531.deepsjeng_r/1,1/super_hot_regions:162,0x6224487bdc2c,0
531.deepsjeng_r/1,1/super_hot_regions:162,0x6224487bdc2e,0
531.deepsjeng_r/1,1/super_hot_regions:162,0x6224487bdc35,0
531.deepsjeng_r/1,1/super_hot_regions:162,0x6224487bdc38,0
531.deepsjeng_r/1,1/super_hot_regions:162,0x6224487bdc3b,0
531.deepsjeng_r/1,1/super_hot_regions:162,0x6224487bdc41,0
531.deepsjeng_r/1,1/super_hot_regions:162,0x6224487bdc43,0
531.deepsjeng_r/1,1/super_hot_regions:162,0x6224487bdc46,0
531.deepsjeng_r/1,1/super_hot_regions:162,0x6224487bdc48,0
531.deepsjeng_r/1,1/super_hot_regions:162,0x6224487bdc4a,0
531.deepsjeng_r/1,1/super_hot_regions:162,0x6224487bdc4c,0

531.deepsjeng_r/1,1/super_hot_regions:167,0x6224487c2efd,3
531.deepsjeng_r/1,1/super_hot_regions:167,0x6224487c2f01,0
531.deepsjeng_r/1,1/super_hot_regions:167,0x6224487c2f05,0
531.deepsjeng_r/1,1/super_hot_regions:167,0x6224487c2f0c,0

531.deepsjeng_r/1,1/super_hot_regions:171,0x6224487b4774,1
531.deepsjeng_r/1,1/super_hot_regions:171,0x6224487b4776,0

531.deepsjeng_r/1,1/super_hot_regions:172,0x6224487b4779,3
531.deepsjeng_r/1,1/super_hot_regions:172,0x6224487b4783,0
531.deepsjeng_r/1,1/super_hot_regions:172,0x6224487b4788,0
531.deepsjeng_r/1,1/super_hot_regions:172,0x6224487b478b,0
531.deepsjeng_r/1,1/super_hot_regions:172,0x6224487b4795,0
531.deepsjeng_r/1,1/super_hot_regions:172,0x6224487b47a3,0

531.deepsjeng_r/1,1/super_hot_regions:173,0x6224487b47a7,3
531.deepsjeng_r/1,1/super_hot_regions:173,0x6224487b47ab,0
531.deepsjeng_r/1,1/super_hot_regions:173,0x6224487b47af,0

531.deepsjeng_r/1,1/super_hot_regions:174,0x6224487b4744,1
531.deepsjeng_r/1,1/super_hot_regions:174,0x6224487b4746,0

531.deepsjeng_r/1,1/super_hot_regions:175,0x6224487b475e,3
531.deepsjeng_r/1,1/super_hot_regions:175,0x6224487b4762,0
531.deepsjeng_r/1,1/super_hot_regions:175,0x6224487b4766,0

531.deepsjeng_r/1,1/super_hot_regions:26,0x6224487bd48a,2
531.deepsjeng_r/1,1/super_hot_regions:26,0x6224487bd48d,0

531.deepsjeng_r/1,1/super_hot_regions:27,0x6224487bd4a4,2
531.deepsjeng_r/1,1/super_hot_regions:27,0x6224487bd4ab,0

531.deepsjeng_r/1,1/super_hot_regions:28,0x6224487bd47f,5
531.deepsjeng_r/1,1/super_hot_regions:28,0x6224487bd482,0
531.deepsjeng_r/1,1/super_hot_regions:28,0x6224487bd494,0
531.deepsjeng_r/1,1/super_hot_regions:28,0x6224487bd499,0
531.deepsjeng_r/1,1/super_hot_regions:28,0x6224487bd49d,0
531.deepsjeng_r/1,1/super_hot_regions:28,0x6224487bd4a1,0
531.deepsjeng_r/1,1/super_hot_regions:28,0x6224487bd4ae,0
531.deepsjeng_r/1,1/super_hot_regions:28,0x6224487bd4b1,0
531.deepsjeng_r/1,1/super_hot_regions:28,0x6224487bd4bd,0

531.deepsjeng_r/1,1/super_hot_regions:3,0x6224487c3294,1
531.deepsjeng_r/1,1/super_hot_regions:3,0x6224487c3298,0
531.deepsjeng_r/1,1/super_hot_regions:3,0x6224487c329b,0
531.deepsjeng_r/1,1/super_hot_regions:3,0x6224487c32a0,0
531.deepsjeng_r/1,1/super_hot_regions:3,0x6224487c32a9,0

531.deepsjeng_r/1,1/super_hot_regions:32,0x6224487bdc58,2
531.deepsjeng_r/1,1/super_hot_regions:32,0x6224487bdc5c,0

531.deepsjeng_r/1,1/super_hot_regions:34,0x6224487bdc73,1
531.deepsjeng_r/1,1/super_hot_regions:34,0x6224487bdc78,0
531.deepsjeng_r/1,1/super_hot_regions:34,0x6224487bdc7e,0

531.deepsjeng_r/1,1/super_hot_regions:37,0x6224487b9410,1
531.deepsjeng_r/1,1/super_hot_regions:37,0x6224487b9415,0

531.deepsjeng_r/1,1/super_hot_regions:38,0x6224487b9409,1
531.deepsjeng_r/1,1/super_hot_regions:38,0x6224487b940d,0
531.deepsjeng_r/1,1/super_hot_regions:38,0x6224487b9419,0
531.deepsjeng_r/1,1/super_hot_regions:38,0x6224487b941e,0
531.deepsjeng_r/1,1/super_hot_regions:38,0x6224487b94a1,0

531.deepsjeng_r/1,1/super_hot_regions:41,0x6224487b9464,1
531.deepsjeng_r/1,1/super_hot_regions:41,0x6224487b94ca,0

531.deepsjeng_r/1,1/super_hot_regions:42,0x6224487b9406,3
531.deepsjeng_r/1,1/super_hot_regions:42,0x6224487b9421,0
531.deepsjeng_r/1,1/super_hot_regions:42,0x6224487b942d,0
531.deepsjeng_r/1,1/super_hot_regions:42,0x6224487b9441,0
531.deepsjeng_r/1,1/super_hot_regions:42,0x6224487b9493,0
531.deepsjeng_r/1,1/super_hot_regions:42,0x6224487b94bd,0
531.deepsjeng_r/1,1/super_hot_regions:42,0x6224487b94ce,0

531.deepsjeng_r/1,1/super_hot_regions:43,0x6224487b9451,1
531.deepsjeng_r/1,1/super_hot_regions:43,0x6224487b9473,0
531.deepsjeng_r/1,1/super_hot_regions:43,0x6224487b94d3,0

531.deepsjeng_r/1,1/super_hot_regions:44,0x6224487b945a,1
531.deepsjeng_r/1,1/super_hot_regions:44,0x6224487b9485,0
531.deepsjeng_r/1,1/super_hot_regions:44,0x6224487b94d6,0

531.deepsjeng_r/1,1/super_hot_regions:45,0x6224487b9432,3
531.deepsjeng_r/1,1/super_hot_regions:45,0x6224487b9439,0
531.deepsjeng_r/1,1/super_hot_regions:45,0x6224487b943d,0
531.deepsjeng_r/1,1/super_hot_regions:45,0x6224487b9490,0
531.deepsjeng_r/1,1/super_hot_regions:45,0x6224487b94da,0

531.deepsjeng_r/1,1/super_hot_regions:47,0x6224487b9631,1
531.deepsjeng_r/1,1/super_hot_regions:47,0x6224487b9636,0

531.deepsjeng_r/1,1/super_hot_regions:48,0x6224487b8b36,1
531.deepsjeng_r/1,1/super_hot_regions:48,0x6224487b8b38,0
531.deepsjeng_r/1,1/super_hot_regions:48,0x6224487b8b40,0
531.deepsjeng_r/1,1/super_hot_regions:48,0x6224487b8b53,0

531.deepsjeng_r/1,1/super_hot_regions:49,0x6224487b8b5c,1
531.deepsjeng_r/1,1/super_hot_regions:49,0x6224487b8b5f,0
531.deepsjeng_r/1,1/super_hot_regions:49,0x6224487b8b68,0

531.deepsjeng_r/1,1/super_hot_regions:50,0x6224487b8b57,1
531.deepsjeng_r/1,1/super_hot_regions:50,0x6224487b8b62,0
531.deepsjeng_r/1,1/super_hot_regions:50,0x6224487b8b65,0
531.deepsjeng_r/1,1/super_hot_regions:50,0x6224487b8b6f,0

531.deepsjeng_r/1,1/super_hot_regions:51,0x6224487b8b59,1
531.deepsjeng_r/1,1/super_hot_regions:51,0x6224487b8b73,0
531.deepsjeng_r/1,1/super_hot_regions:51,0x6224487b8b83,0
531.deepsjeng_r/1,1/super_hot_regions:51,0x6224487b8b89,0

531.deepsjeng_r/1,1/super_hot_regions:52,0x6224487b8b4c,1
531.deepsjeng_r/1,1/super_hot_regions:52,0x6224487b8b93,0

531.deepsjeng_r/1,1/super_hot_regions:53,0x6224487b8b51,1
531.deepsjeng_r/1,1/super_hot_regions:53,0x6224487b8b80,0
531.deepsjeng_r/1,1/super_hot_regions:53,0x6224487b8b97,0

531.deepsjeng_r/1,1/super_hot_regions:55,0x6224487b8bbb,2
531.deepsjeng_r/1,1/super_hot_regions:55,0x6224487b8bc5,0

531.deepsjeng_r/1,1/super_hot_regions:57,0x6224487b8bd4,2
531.deepsjeng_r/1,1/super_hot_regions:57,0x6224487b8bdd,0

531.deepsjeng_r/1,1/super_hot_regions:58,0x6224487b8be7,2
531.deepsjeng_r/1,1/super_hot_regions:58,0x6224487b8bf5,0

531.deepsjeng_r/1,1/super_hot_regions:59,0x6224487b8bee,2
531.deepsjeng_r/1,1/super_hot_regions:59,0x6224487b8c01,0

531.deepsjeng_r/1,1/super_hot_regions:60,0x6224487b8bfa,2
531.deepsjeng_r/1,1/super_hot_regions:60,0x6224487b8c06,0

531.deepsjeng_r/1,1/super_hot_regions:61,0x6224487b8be3,2
531.deepsjeng_r/1,1/super_hot_regions:61,0x6224487b8c19,0

531.deepsjeng_r/1,1/super_hot_regions:62,0x6224487b8c0e,3
531.deepsjeng_r/1,1/super_hot_regions:62,0x6224487b8c15,0
531.deepsjeng_r/1,1/super_hot_regions:62,0x6224487b8c1d,0

531.deepsjeng_r/1,1/super_hot_regions:63,0x6224487b8c22,3
531.deepsjeng_r/1,1/super_hot_regions:63,0x6224487b8c29,0
531.deepsjeng_r/1,1/super_hot_regions:63,0x6224487b8c35,0

531.deepsjeng_r/1,1/super_hot_regions:66,0x6224487b8e6e,1
531.deepsjeng_r/1,1/super_hot_regions:66,0x6224487b8e71,0

531.deepsjeng_r/1,1/super_hot_regions:7,0x6224487b48bb,1
531.deepsjeng_r/1,1/super_hot_regions:7,0x6224487b48bd,0

531.deepsjeng_r/1,1/super_hot_regions:71,0x6224487b8f2d,3
531.deepsjeng_r/1,1/super_hot_regions:71,0x6224487b8f32,0
531.deepsjeng_r/1,1/super_hot_regions:71,0x6224487b8f3f,0

531.deepsjeng_r/1,1/super_hot_regions:74,0x6224487b94e9,1
531.deepsjeng_r/1,1/super_hot_regions:74,0x6224487b94ec,0

531.deepsjeng_r/1,1/super_hot_regions:78,0x6224487b8e08,2
531.deepsjeng_r/1,1/super_hot_regions:78,0x6224487b8e17,0
531.deepsjeng_r/1,1/super_hot_regions:78,0x6224487b8e36,0
531.deepsjeng_r/1,1/super_hot_regions:78,0x6224487b8e3f,0
531.deepsjeng_r/1,1/super_hot_regions:78,0x6224487b8e42,0
531.deepsjeng_r/1,1/super_hot_regions:78,0x6224487b8e46,0

531.deepsjeng_r/1,1/super_hot_regions:79,0x6224487b8e14,5
531.deepsjeng_r/1,1/super_hot_regions:79,0x6224487b8e1b,0
531.deepsjeng_r/1,1/super_hot_regions:79,0x6224487b8e1e,0
531.deepsjeng_r/1,1/super_hot_regions:79,0x6224487b8e22,0
531.deepsjeng_r/1,1/super_hot_regions:79,0x6224487b8e25,0
531.deepsjeng_r/1,1/super_hot_regions:79,0x6224487b8e2d,0
531.deepsjeng_r/1,1/super_hot_regions:79,0x6224487b8e30,0
531.deepsjeng_r/1,1/super_hot_regions:79,0x6224487b8e39,0
531.deepsjeng_r/1,1/super_hot_regions:79,0x6224487b8e3d,0
531.deepsjeng_r/1,1/super_hot_regions:79,0x6224487b8e4f,0
531.deepsjeng_r/1,1/super_hot_regions:79,0x6224487b8e53,0
531.deepsjeng_r/1,1/super_hot_regions:79,0x6224487b8e59,0

531.deepsjeng_r/1,1/super_hot_regions:8,0x6224487b48e0,1
531.deepsjeng_r/1,1/super_hot_regions:8,0x6224487b48e9,0

531.deepsjeng_r/1,1/super_hot_regions:81,0x6224487b8e7c,3
531.deepsjeng_r/1,1/super_hot_regions:81,0x6224487b8e81,0
531.deepsjeng_r/1,1/super_hot_regions:81,0x6224487b8e86,0

531.deepsjeng_r/1,1/super_hot_regions:84,0x6224487b98ba,1
531.deepsjeng_r/1,1/super_hot_regions:84,0x6224487b98bc,0

531.deepsjeng_r/1,1/super_hot_regions:86,0x6224487b953c,1
531.deepsjeng_r/1,1/super_hot_regions:86,0x6224487b953f,0

531.deepsjeng_r/1,1/super_hot_regions:9,0x6224487b48f0,2
531.deepsjeng_r/1,1/super_hot_regions:9,0x6224487b48f7,0

531.deepsjeng_r/1,1/super_hot_regions:93,0x6224487c2976,2
531.deepsjeng_r/1,1/super_hot_regions:93,0x6224487c2980,0

531.deepsjeng_r/1,1/super_hot_regions:94,0x6224487c297b,2
531.deepsjeng_r/1,1/super_hot_regions:94,0x6224487c298c,0

531.deepsjeng_r/1,1/super_hot_regions:98,0x6224487c2686,1
531.deepsjeng_r/1,1/super_hot_regions:98,0x6224487c26a4,0

538.imagick_r/1,1/super_hot_regions:10,0x633a6b357fc4,2
538.imagick_r/1,1/super_hot_regions:10,0x633a6b357fc8,0

538.imagick_r/1,1/super_hot_regions:108,0x633a6b365791,3
538.imagick_r/1,1/super_hot_regions:108,0x633a6b365794,0
538.imagick_r/1,1/super_hot_regions:108,0x633a6b36579b,0

538.imagick_r/1,1/super_hot_regions:109,0x633a6b365798,1
538.imagick_r/1,1/super_hot_regions:109,0x633a6b3657a1,0

538.imagick_r/1,1/super_hot_regions:121,0x633a6b677293,2
538.imagick_r/1,1/super_hot_regions:121,0x633a6b677299,0

538.imagick_r/1,1/super_hot_regions:122,0x633a6b67729b,2
538.imagick_r/1,1/super_hot_regions:122,0x633a6b6772a2,0

538.imagick_r/1,1/super_hot_regions:123,0x633a6b6772a6,1
538.imagick_r/1,1/super_hot_regions:123,0x633a6b6772a9,0

538.imagick_r/1,1/super_hot_regions:128,0x633a6b6773bf,2
538.imagick_r/1,1/super_hot_regions:128,0x633a6b6773c5,0
538.imagick_r/1,1/super_hot_regions:128,0x633a6b6773c8,0

538.imagick_r/1,1/super_hot_regions:16,0x633a6b40c700,2
538.imagick_r/1,1/super_hot_regions:16,0x633a6b40c708,0
538.imagick_r/1,1/super_hot_regions:16,0x633a6b40c70b,0

538.imagick_r/1,1/super_hot_regions:29,0x633a6b2e0d12,1
538.imagick_r/1,1/super_hot_regions:29,0x633a6b2e0d1a,0

538.imagick_r/1,1/super_hot_regions:40,0x633a6b2e0275,2
538.imagick_r/1,1/super_hot_regions:40,0x633a6b2e0279,0

538.imagick_r/1,1/super_hot_regions:43,0x633a6b2e00e5,2
538.imagick_r/1,1/super_hot_regions:43,0x633a6b2e00e9,0
538.imagick_r/1,1/super_hot_regions:43,0x633a6b2e00ec,0

538.imagick_r/1,1/super_hot_regions:44,0x633a6b2e00ef,1
538.imagick_r/1,1/super_hot_regions:44,0x633a6b2e00f2,0

538.imagick_r/1,1/super_hot_regions:45,0x633a6b2e0c1c,2
538.imagick_r/1,1/super_hot_regions:45,0x633a6b2e0c1f,0

538.imagick_r/1,1/super_hot_regions:52,0x633a6b2f5126,2
538.imagick_r/1,1/super_hot_regions:52,0x633a6b2f5129,0

538.imagick_r/1,1/super_hot_regions:57,0x633a6b2f50e5,1
538.imagick_r/1,1/super_hot_regions:57,0x633a6b2f5112,0

538.imagick_r/1,1/super_hot_regions:59,0x633a6b2f50f6,3
538.imagick_r/1,1/super_hot_regions:59,0x633a6b2f50fc,0
538.imagick_r/1,1/super_hot_regions:59,0x633a6b2f5100,0
538.imagick_r/1,1/super_hot_regions:59,0x633a6b2f5117,0

538.imagick_r/1,1/super_hot_regions:6,0x633a6b358014,2
538.imagick_r/1,1/super_hot_regions:6,0x633a6b358018,0

538.imagick_r/1,1/super_hot_regions:70,0x7f92b47a0845,2
538.imagick_r/1,1/super_hot_regions:70,0x7f92b47a0848,0

538.imagick_r/1,1/super_hot_regions:71,0x7f92b47a0840,2
538.imagick_r/1,1/super_hot_regions:71,0x7f92b47a084b,0

538.imagick_r/1,1/super_hot_regions:8,0x633a6b357ff4,2
538.imagick_r/1,1/super_hot_regions:8,0x633a6b357ff8,0

538.imagick_r/1,1/super_hot_regions:98,0x633a6b302fd1,3
538.imagick_r/1,1/super_hot_regions:98,0x633a6b302fda,0
538.imagick_r/1,1/super_hot_regions:98,0x633a6b302fde,0

541.leela_r/1,1/super_hot_regions:0,0x5f7fdf5da6b4,1
541.leela_r/1,1/super_hot_regions:0,0x5f7fdf5da6b7,0

541.leela_r/1,1/super_hot_regions:101,0x5f7fdf5da560,1
541.leela_r/1,1/super_hot_regions:101,0x5f7fdf5da56c,0

541.leela_r/1,1/super_hot_regions:111,0x5f7fdf5da050,1
541.leela_r/1,1/super_hot_regions:111,0x5f7fdf5da054,0

541.leela_r/1,1/super_hot_regions:15,0x5f7fdf5dae54,3
541.leela_r/1,1/super_hot_regions:15,0x5f7fdf5dae56,0
541.leela_r/1,1/super_hot_regions:15,0x5f7fdf5dae5f,0
541.leela_r/1,1/super_hot_regions:15,0x5f7fdf5daf32,0
541.leela_r/1,1/super_hot_regions:15,0x5f7fdf5daf35,0
541.leela_r/1,1/super_hot_regions:15,0x5f7fdf5daf38,0
541.leela_r/1,1/super_hot_regions:15,0x5f7fdf5daf49,0
541.leela_r/1,1/super_hot_regions:15,0x5f7fdf5daf52,0

541.leela_r/1,1/super_hot_regions:16,0x5f7fdf5dae5c,3
541.leela_r/1,1/super_hot_regions:16,0x5f7fdf5dae6d,0
541.leela_r/1,1/super_hot_regions:16,0x5f7fdf5dae73,0
541.leela_r/1,1/super_hot_regions:16,0x5f7fdf5daf58,0
541.leela_r/1,1/super_hot_regions:16,0x5f7fdf5daf5e,0
541.leela_r/1,1/super_hot_regions:16,0x5f7fdf5daf63,0
541.leela_r/1,1/super_hot_regions:16,0x5f7fdf5daf6b,0
541.leela_r/1,1/super_hot_regions:16,0x5f7fdf5daf74,0

541.leela_r/1,1/super_hot_regions:17,0x5f7fdf5dae62,13
541.leela_r/1,1/super_hot_regions:17,0x5f7fdf5dae66,0
541.leela_r/1,1/super_hot_regions:17,0x5f7fdf5dae6a,0
541.leela_r/1,1/super_hot_regions:17,0x5f7fdf5dae76,0
541.leela_r/1,1/super_hot_regions:17,0x5f7fdf5dae7a,0
541.leela_r/1,1/super_hot_regions:17,0x5f7fdf5dae7d,0
541.leela_r/1,1/super_hot_regions:17,0x5f7fdf5dae80,0
541.leela_r/1,1/super_hot_regions:17,0x5f7fdf5dae85,0
541.leela_r/1,1/super_hot_regions:17,0x5f7fdf5dae8b,0
541.leela_r/1,1/super_hot_regions:17,0x5f7fdf5dae95,0
541.leela_r/1,1/super_hot_regions:17,0x5f7fdf5dae9f,0
541.leela_r/1,1/super_hot_regions:17,0x5f7fdf5daea2,0
541.leela_r/1,1/super_hot_regions:17,0x5f7fdf5daea9,0
541.leela_r/1,1/super_hot_regions:17,0x5f7fdf5daeaf,0
541.leela_r/1,1/super_hot_regions:17,0x5f7fdf5daeb8,0
541.leela_r/1,1/super_hot_regions:17,0x5f7fdf5daebb,0
541.leela_r/1,1/super_hot_regions:17,0x5f7fdf5daec1,0
541.leela_r/1,1/super_hot_regions:17,0x5f7fdf5daeca,0
541.leela_r/1,1/super_hot_regions:17,0x5f7fdf5daed1,0
541.leela_r/1,1/super_hot_regions:17,0x5f7fdf5daed4,0
541.leela_r/1,1/super_hot_regions:17,0x5f7fdf5daed8,0
541.leela_r/1,1/super_hot_regions:17,0x5f7fdf5daedb,0
541.leela_r/1,1/super_hot_regions:17,0x5f7fdf5daee1,0
541.leela_r/1,1/super_hot_regions:17,0x5f7fdf5daeea,0
541.leela_r/1,1/super_hot_regions:17,0x5f7fdf5daef1,0
541.leela_r/1,1/super_hot_regions:17,0x5f7fdf5daefa,0
541.leela_r/1,1/super_hot_regions:17,0x5f7fdf5daefd,0
541.leela_r/1,1/super_hot_regions:17,0x5f7fdf5daf01,0
541.leela_r/1,1/super_hot_regions:17,0x5f7fdf5daf04,0
541.leela_r/1,1/super_hot_regions:17,0x5f7fdf5daf0e,0
541.leela_r/1,1/super_hot_regions:17,0x5f7fdf5daf12,0
541.leela_r/1,1/super_hot_regions:17,0x5f7fdf5daf1a,0
541.leela_r/1,1/super_hot_regions:17,0x5f7fdf5daf1e,0
541.leela_r/1,1/super_hot_regions:17,0x5f7fdf5daf22,0
541.leela_r/1,1/super_hot_regions:17,0x5f7fdf5daf25,0
541.leela_r/1,1/super_hot_regions:17,0x5f7fdf5daf2e,0
541.leela_r/1,1/super_hot_regions:17,0x5f7fdf5daf40,0
541.leela_r/1,1/super_hot_regions:17,0x5f7fdf5daf44,0
541.leela_r/1,1/super_hot_regions:17,0x5f7fdf5daf47,0
541.leela_r/1,1/super_hot_regions:17,0x5f7fdf5daf55,0
541.leela_r/1,1/super_hot_regions:17,0x5f7fdf5daf5b,0
541.leela_r/1,1/super_hot_regions:17,0x5f7fdf5daf61,0
541.leela_r/1,1/super_hot_regions:17,0x5f7fdf5daf77,0
541.leela_r/1,1/super_hot_regions:17,0x5f7fdf5daf7a,0
541.leela_r/1,1/super_hot_regions:17,0x5f7fdf5daf7d,0

541.leela_r/1,1/super_hot_regions:18,0x5f7fdf5e1d97,2
541.leela_r/1,1/super_hot_regions:18,0x5f7fdf5e1d9b,0

541.leela_r/1,1/super_hot_regions:19,0x5f7fdf5e1d9f,1
541.leela_r/1,1/super_hot_regions:19,0x5f7fdf5e1da2,0

541.leela_r/1,1/super_hot_regions:20,0x5f7fdf5d6584,1
541.leela_r/1,1/super_hot_regions:20,0x5f7fdf5d658e,0
541.leela_r/1,1/super_hot_regions:20,0x5f7fdf5d6591,0
541.leela_r/1,1/super_hot_regions:20,0x5f7fdf5d659f,0

541.leela_r/1,1/super_hot_regions:25,0x5f7fdf5d5a04,1
541.leela_r/1,1/super_hot_regions:25,0x5f7fdf5d5a07,0

541.leela_r/1,1/super_hot_regions:37,0x5f7fdf5c3e7b,2
541.leela_r/1,1/super_hot_regions:37,0x5f7fdf5c3e7e,0

541.leela_r/1,1/super_hot_regions:38,0x5f7fdf5c3e82,1
541.leela_r/1,1/super_hot_regions:38,0x5f7fdf5c3e85,0

541.leela_r/1,1/super_hot_regions:39,0x5f7fdf5c3e89,3
541.leela_r/1,1/super_hot_regions:39,0x5f7fdf5c3e93,0
541.leela_r/1,1/super_hot_regions:39,0x5f7fdf5c3e98,0
541.leela_r/1,1/super_hot_regions:39,0x5f7fdf5c3e9c,0

541.leela_r/1,1/super_hot_regions:4,0x5f7fdf5f0456,2
541.leela_r/1,1/super_hot_regions:4,0x5f7fdf5f046e,0
541.leela_r/1,1/super_hot_regions:4,0x5f7fdf5f0475,0
541.leela_r/1,1/super_hot_regions:4,0x5f7fdf5f047a,0
541.leela_r/1,1/super_hot_regions:4,0x5f7fdf5f0480,0
541.leela_r/1,1/super_hot_regions:4,0x5f7fdf5f0483,0
541.leela_r/1,1/super_hot_regions:4,0x5f7fdf5f0486,0

541.leela_r/1,1/super_hot_regions:51,0x5f7fdf5f0eb1,3
541.leela_r/1,1/super_hot_regions:51,0x5f7fdf5f0eb4,0
541.leela_r/1,1/super_hot_regions:51,0x5f7fdf5f0ec0,0

541.leela_r/1,1/super_hot_regions:52,0x5f7fdf5f0ebe,1
541.leela_r/1,1/super_hot_regions:52,0x5f7fdf5f0ecb,0

541.leela_r/1,1/super_hot_regions:53,0x5f7fdf5f0ed6,2
541.leela_r/1,1/super_hot_regions:53,0x5f7fdf5f0edd,0

541.leela_r/1,1/super_hot_regions:62,0x5f7fdf5e7972,2
541.leela_r/1,1/super_hot_regions:62,0x5f7fdf5e797d,0

541.leela_r/1,1/super_hot_regions:67,0x5f7fdf5e7997,5
541.leela_r/1,1/super_hot_regions:67,0x5f7fdf5e799e,0
541.leela_r/1,1/super_hot_regions:67,0x5f7fdf5e79a7,0
541.leela_r/1,1/super_hot_regions:67,0x5f7fdf5e79ae,0
541.leela_r/1,1/super_hot_regions:67,0x5f7fdf5e79b3,0
541.leela_r/1,1/super_hot_regions:67,0x5f7fdf5e79b8,0
541.leela_r/1,1/super_hot_regions:67,0x5f7fdf5e79c7,0

541.leela_r/1,1/super_hot_regions:74,0x5f7fdf5d65f6,1
541.leela_r/1,1/super_hot_regions:74,0x5f7fdf5d65f8,0
541.leela_r/1,1/super_hot_regions:74,0x5f7fdf5d65fb,0
541.leela_r/1,1/super_hot_regions:74,0x5f7fdf5d65fe,0

541.leela_r/1,1/super_hot_regions:75,0x5f7fdf5d6606,1
541.leela_r/1,1/super_hot_regions:75,0x5f7fdf5d660f,0

541.leela_r/1,1/super_hot_regions:76,0x5f7fdf5d9fb5,6
541.leela_r/1,1/super_hot_regions:76,0x5f7fdf5d9fbe,0
541.leela_r/1,1/super_hot_regions:76,0x5f7fdf5d9fc2,0
541.leela_r/1,1/super_hot_regions:76,0x5f7fdf5d9fc5,0
541.leela_r/1,1/super_hot_regions:76,0x5f7fdf5d9fc7,0
541.leela_r/1,1/super_hot_regions:76,0x5f7fdf5d9fda,0
541.leela_r/1,1/super_hot_regions:76,0x5f7fdf5d9fdc,0
541.leela_r/1,1/super_hot_regions:76,0x5f7fdf5d9fe4,0
541.leela_r/1,1/super_hot_regions:76,0x5f7fdf5d9fe6,0
541.leela_r/1,1/super_hot_regions:76,0x5f7fdf5d9fe9,0
541.leela_r/1,1/super_hot_regions:76,0x5f7fdf5d9feb,0
541.leela_r/1,1/super_hot_regions:76,0x5f7fdf5d9fed,0
541.leela_r/1,1/super_hot_regions:76,0x5f7fdf5d9ff0,0
541.leela_r/1,1/super_hot_regions:76,0x5f7fdf5d9ff2,0
541.leela_r/1,1/super_hot_regions:76,0x5f7fdf5d9ffa,0

541.leela_r/1,1/super_hot_regions:77,0x5f7fdf5d9ffd,3
541.leela_r/1,1/super_hot_regions:77,0x5f7fdf5da002,0
541.leela_r/1,1/super_hot_regions:77,0x5f7fdf5da004,0
541.leela_r/1,1/super_hot_regions:77,0x5f7fdf5da00c,0

541.leela_r/1,1/super_hot_regions:78,0x5f7fdf5da00f,3
541.leela_r/1,1/super_hot_regions:78,0x5f7fdf5da013,0
541.leela_r/1,1/super_hot_regions:78,0x5f7fdf5da015,0
541.leela_r/1,1/super_hot_regions:78,0x5f7fdf5da01d,0
541.leela_r/1,1/super_hot_regions:78,0x5f7fdf5da020,0

541.leela_r/1,1/super_hot_regions:79,0x5f7fdf5da022,1
541.leela_r/1,1/super_hot_regions:79,0x5f7fdf5da024,0

541.leela_r/1,1/super_hot_regions:88,0x5f7fdf5d59e4,2
541.leela_r/1,1/super_hot_regions:88,0x5f7fdf5d59ea,0
541.leela_r/1,1/super_hot_regions:88,0x5f7fdf5d59ec,0
541.leela_r/1,1/super_hot_regions:88,0x5f7fdf5d59ef,0

541.leela_r/1,1/super_hot_regions:93,0x5f7fdf5c3d01,1
541.leela_r/1,1/super_hot_regions:93,0x5f7fdf5c3d0a,0

544.nab_r/1,1/super_hot_regions:100,0x62424f81bbb4,2
544.nab_r/1,1/super_hot_regions:100,0x62424f81bbbb,0

544.nab_r/1,1/super_hot_regions:109,0x62424f81bce0,2
544.nab_r/1,1/super_hot_regions:109,0x62424f81bce6,0
544.nab_r/1,1/super_hot_regions:109,0x62424f81bcef,0

544.nab_r/1,1/super_hot_regions:114,0x62424f81bca4,2
544.nab_r/1,1/super_hot_regions:114,0x62424f81bca9,0

544.nab_r/1,1/super_hot_regions:117,0x62424f81c3a8,2
544.nab_r/1,1/super_hot_regions:117,0x62424f81c3af,0
544.nab_r/1,1/super_hot_regions:117,0x62424f81c3b4,0

544.nab_r/1,1/super_hot_regions:118,0x62424f81c3ab,2
544.nab_r/1,1/super_hot_regions:118,0x62424f81c3b7,0

544.nab_r/1,1/super_hot_regions:13,0x62424f81bd10,2
544.nab_r/1,1/super_hot_regions:13,0x62424f81bd15,0

544.nab_r/1,1/super_hot_regions:130,0x62424f81ada8,1
544.nab_r/1,1/super_hot_regions:130,0x62424f81adaa,0

544.nab_r/1,1/super_hot_regions:136,0x62424f81bcb6,1
544.nab_r/1,1/super_hot_regions:136,0x62424f81bcb8,0

544.nab_r/1,1/super_hot_regions:139,0x62424f8155e0,2
544.nab_r/1,1/super_hot_regions:139,0x62424f8155e3,0

544.nab_r/1,1/super_hot_regions:29,0x62424f815744,1
544.nab_r/1,1/super_hot_regions:29,0x62424f815746,0

544.nab_r/1,1/super_hot_regions:42,0x62424f81bd22,1
544.nab_r/1,1/super_hot_regions:42,0x62424f81bd24,0

544.nab_r/1,1/super_hot_regions:61,0x62424f8174c8,2
544.nab_r/1,1/super_hot_regions:61,0x62424f8174cc,0

544.nab_r/1,1/super_hot_regions:63,0x62424f817522,2
544.nab_r/1,1/super_hot_regions:63,0x62424f817532,0

544.nab_r/1,1/super_hot_regions:85,0x62424f81bb58,1
544.nab_r/1,1/super_hot_regions:85,0x62424f81bb60,0

544.nab_r/1,1/super_hot_regions:90,0x62424f81b9c4,1
544.nab_r/1,1/super_hot_regions:90,0x62424f81b9c9,0

544.nab_r/1,1/super_hot_regions:91,0x62424f81b9f6,2
544.nab_r/1,1/super_hot_regions:91,0x62424f81b9fa,0

544.nab_r/1,1/super_hot_regions:92,0x62424f81ba0e,2
544.nab_r/1,1/super_hot_regions:92,0x62424f81ba18,0

544.nab_r/1,1/super_hot_regions:93,0x62424f81ba1d,2
544.nab_r/1,1/super_hot_regions:93,0x62424f81ba2e,0

544.nab_r/1,1/super_hot_regions:94,0x62424f81ba26,2
544.nab_r/1,1/super_hot_regions:94,0x62424f81ba33,0

544.nab_r/1,1/super_hot_regions:95,0x62424f81ba22,2
544.nab_r/1,1/super_hot_regions:95,0x62424f81ba38,0

548.exchange2_r/1,1/super_hot_regions:100,0x60cba88e581c,2
548.exchange2_r/1,1/super_hot_regions:100,0x60cba88e5824,0

548.exchange2_r/1,1/super_hot_regions:102,0x60cba88e6f25,8
548.exchange2_r/1,1/super_hot_regions:102,0x60cba88e6f2d,0
548.exchange2_r/1,1/super_hot_regions:102,0x60cba88e6f31,0
548.exchange2_r/1,1/super_hot_regions:102,0x60cba88e6f35,0
548.exchange2_r/1,1/super_hot_regions:102,0x60cba88e6f39,0
548.exchange2_r/1,1/super_hot_regions:102,0x60cba88e6f40,0
548.exchange2_r/1,1/super_hot_regions:102,0x60cba88e6f47,0
548.exchange2_r/1,1/super_hot_regions:102,0x60cba88e6f4e,0
548.exchange2_r/1,1/super_hot_regions:102,0x60cba88e6f55,0
548.exchange2_r/1,1/super_hot_regions:102,0x60cba88e6f5c,0
548.exchange2_r/1,1/super_hot_regions:102,0x60cba88e6f60,0
548.exchange2_r/1,1/super_hot_regions:102,0x60cba88e6f64,0
548.exchange2_r/1,1/super_hot_regions:102,0x60cba88e6f68,0
548.exchange2_r/1,1/super_hot_regions:102,0x60cba88e6f6c,0
548.exchange2_r/1,1/super_hot_regions:102,0x60cba88e6f70,0

548.exchange2_r/1,1/super_hot_regions:109,0x60cba88e9602,1
548.exchange2_r/1,1/super_hot_regions:109,0x60cba88e9604,0

548.exchange2_r/1,1/super_hot_regions:110,0x60cba88e9600,1
548.exchange2_r/1,1/super_hot_regions:110,0x60cba88e960b,0

548.exchange2_r/1,1/super_hot_regions:112,0x60cba88ea5b3,2
548.exchange2_r/1,1/super_hot_regions:112,0x60cba88ea5b5,0

548.exchange2_r/1,1/super_hot_regions:113,0x60cba88ea5b0,1
548.exchange2_r/1,1/super_hot_regions:113,0x60cba88ea5bc,0

548.exchange2_r/1,1/super_hot_regions:120,0x60cba88e8f93,1
548.exchange2_r/1,1/super_hot_regions:120,0x60cba88e8f9a,0

548.exchange2_r/1,1/super_hot_regions:124,0x60cba88e529d,3
548.exchange2_r/1,1/super_hot_regions:124,0x60cba88e52a1,0
548.exchange2_r/1,1/super_hot_regions:124,0x60cba88e52a6,0
548.exchange2_r/1,1/super_hot_regions:124,0x60cba88e52de,0
548.exchange2_r/1,1/super_hot_regions:124,0x60cba88e52e0,0
548.exchange2_r/1,1/super_hot_regions:124,0x60cba88e52e6,0

548.exchange2_r/1,1/super_hot_regions:126,0x60cba88e4fd1,2
548.exchange2_r/1,1/super_hot_regions:126,0x60cba88e4fd8,0

548.exchange2_r/1,1/super_hot_regions:128,0x60cba88e5002,2
548.exchange2_r/1,1/super_hot_regions:128,0x60cba88e5004,0
548.exchange2_r/1,1/super_hot_regions:128,0x60cba88e5007,0

548.exchange2_r/1,1/super_hot_regions:129,0x60cba88e500e,2
548.exchange2_r/1,1/super_hot_regions:129,0x60cba88e5015,0

548.exchange2_r/1,1/super_hot_regions:130,0x60cba88e501c,2
548.exchange2_r/1,1/super_hot_regions:130,0x60cba88e5024,0

548.exchange2_r/1,1/super_hot_regions:131,0x60cba88e7001,8
548.exchange2_r/1,1/super_hot_regions:131,0x60cba88e7009,0
548.exchange2_r/1,1/super_hot_regions:131,0x60cba88e700d,0
548.exchange2_r/1,1/super_hot_regions:131,0x60cba88e7011,0
548.exchange2_r/1,1/super_hot_regions:131,0x60cba88e7015,0
548.exchange2_r/1,1/super_hot_regions:131,0x60cba88e701c,0
548.exchange2_r/1,1/super_hot_regions:131,0x60cba88e7023,0
548.exchange2_r/1,1/super_hot_regions:131,0x60cba88e7027,0
548.exchange2_r/1,1/super_hot_regions:131,0x60cba88e702b,0
548.exchange2_r/1,1/super_hot_regions:131,0x60cba88e702f,0
548.exchange2_r/1,1/super_hot_regions:131,0x60cba88e7033,0
548.exchange2_r/1,1/super_hot_regions:131,0x60cba88e7037,0
548.exchange2_r/1,1/super_hot_regions:131,0x60cba88e703b,0
548.exchange2_r/1,1/super_hot_regions:131,0x60cba88e703f,0
548.exchange2_r/1,1/super_hot_regions:131,0x60cba88e7043,0

548.exchange2_r/1,1/super_hot_regions:132,0x78f0e2261fbd,2
548.exchange2_r/1,1/super_hot_regions:132,0x78f0e2261fc1,0

548.exchange2_r/1,1/super_hot_regions:133,0x78f0e2261fc5,3
548.exchange2_r/1,1/super_hot_regions:133,0x78f0e2261fc9,0
548.exchange2_r/1,1/super_hot_regions:133,0x78f0e2261fcd,0

548.exchange2_r/1,1/super_hot_regions:136,0x60cba88e5678,2
548.exchange2_r/1,1/super_hot_regions:136,0x60cba88e567b,0
548.exchange2_r/1,1/super_hot_regions:136,0x60cba88e567e,0

548.exchange2_r/1,1/super_hot_regions:137,0x60cba88e568f,2
548.exchange2_r/1,1/super_hot_regions:137,0x60cba88e5697,0

548.exchange2_r/1,1/super_hot_regions:138,0x60cba88e569f,3
548.exchange2_r/1,1/super_hot_regions:138,0x60cba88e56af,0
548.exchange2_r/1,1/super_hot_regions:138,0x60cba88e56b2,0

548.exchange2_r/1,1/super_hot_regions:139,0x60cba88e5685,1
548.exchange2_r/1,1/super_hot_regions:139,0x60cba88e56b9,0
548.exchange2_r/1,1/super_hot_regions:139,0x60cba88e56bb,0

548.exchange2_r/1,1/super_hot_regions:140,0x60cba88e56c2,2
548.exchange2_r/1,1/super_hot_regions:140,0x60cba88e56ca,0

548.exchange2_r/1,1/super_hot_regions:141,0x60cba88e56d2,2
548.exchange2_r/1,1/super_hot_regions:141,0x60cba88e56d5,0

548.exchange2_r/1,1/super_hot_regions:142,0x60cba88e56dc,2
548.exchange2_r/1,1/super_hot_regions:142,0x60cba88e56e4,0

548.exchange2_r/1,1/super_hot_regions:143,0x60cba88e56ec,2
548.exchange2_r/1,1/super_hot_regions:143,0x60cba88e56f4,0

548.exchange2_r/1,1/super_hot_regions:144,0x60cba88e56fb,2
548.exchange2_r/1,1/super_hot_regions:144,0x60cba88e5703,0

548.exchange2_r/1,1/super_hot_regions:145,0x60cba88e570b,2
548.exchange2_r/1,1/super_hot_regions:145,0x60cba88e5713,0

548.exchange2_r/1,1/super_hot_regions:146,0x60cba88e571a,2
548.exchange2_r/1,1/super_hot_regions:146,0x60cba88e5722,0

548.exchange2_r/1,1/super_hot_regions:147,0x60cba88e572a,2
548.exchange2_r/1,1/super_hot_regions:147,0x60cba88e5732,0

548.exchange2_r/1,1/super_hot_regions:148,0x60cba88e5739,2
548.exchange2_r/1,1/super_hot_regions:148,0x60cba88e5741,0

548.exchange2_r/1,1/super_hot_regions:149,0x60cba88e5749,2
548.exchange2_r/1,1/super_hot_regions:149,0x60cba88e5751,0

548.exchange2_r/1,1/super_hot_regions:150,0x60cba88e5758,2
548.exchange2_r/1,1/super_hot_regions:150,0x60cba88e575d,0

548.exchange2_r/1,1/super_hot_regions:151,0x60cba88e5765,2
548.exchange2_r/1,1/super_hot_regions:151,0x60cba88e576d,0

548.exchange2_r/1,1/super_hot_regions:152,0x60cba88e5774,2
548.exchange2_r/1,1/super_hot_regions:152,0x60cba88e5779,0

548.exchange2_r/1,1/super_hot_regions:26,0x60cba88e5b14,2
548.exchange2_r/1,1/super_hot_regions:26,0x60cba88e5b22,0

548.exchange2_r/1,1/super_hot_regions:27,0x60cba88e5b28,2
548.exchange2_r/1,1/super_hot_regions:27,0x60cba88e5b37,0

548.exchange2_r/1,1/super_hot_regions:28,0x60cba88e5b1b,3
548.exchange2_r/1,1/super_hot_regions:28,0x60cba88e5b30,0
548.exchange2_r/1,1/super_hot_regions:28,0x60cba88e5b43,0

548.exchange2_r/1,1/super_hot_regions:30,0x60cba88e6d4a,6
548.exchange2_r/1,1/super_hot_regions:30,0x60cba88e6d52,0
548.exchange2_r/1,1/super_hot_regions:30,0x60cba88e6d56,0
548.exchange2_r/1,1/super_hot_regions:30,0x60cba88e6d5a,0
548.exchange2_r/1,1/super_hot_regions:30,0x60cba88e6d61,0
548.exchange2_r/1,1/super_hot_regions:30,0x60cba88e6d68,0
548.exchange2_r/1,1/super_hot_regions:30,0x60cba88e6d6c,0
548.exchange2_r/1,1/super_hot_regions:30,0x60cba88e6d70,0
548.exchange2_r/1,1/super_hot_regions:30,0x60cba88e6d74,0
548.exchange2_r/1,1/super_hot_regions:30,0x60cba88e6d77,0
548.exchange2_r/1,1/super_hot_regions:30,0x60cba88e6d7b,0

548.exchange2_r/1,1/super_hot_regions:32,0x60cba88e6d17,6
548.exchange2_r/1,1/super_hot_regions:32,0x60cba88e6d1c,0
548.exchange2_r/1,1/super_hot_regions:32,0x60cba88e6d20,0
548.exchange2_r/1,1/super_hot_regions:32,0x60cba88e6d27,0
548.exchange2_r/1,1/super_hot_regions:32,0x60cba88e6d2e,0
548.exchange2_r/1,1/super_hot_regions:32,0x60cba88e6d32,0
548.exchange2_r/1,1/super_hot_regions:32,0x60cba88e6d36,0
548.exchange2_r/1,1/super_hot_regions:32,0x60cba88e6d3a,0
548.exchange2_r/1,1/super_hot_regions:32,0x60cba88e6d3d,0
548.exchange2_r/1,1/super_hot_regions:32,0x60cba88e6d41,0

548.exchange2_r/1,1/super_hot_regions:33,0x78f0e2262175,2
548.exchange2_r/1,1/super_hot_regions:33,0x78f0e2262187,0

548.exchange2_r/1,1/super_hot_regions:39,0x78f0e2262140,2
548.exchange2_r/1,1/super_hot_regions:39,0x78f0e2262148,0
548.exchange2_r/1,1/super_hot_regions:39,0x78f0e226214f,0

548.exchange2_r/1,1/super_hot_regions:40,0x78f0e226215a,2
548.exchange2_r/1,1/super_hot_regions:40,0x78f0e226215e,0
548.exchange2_r/1,1/super_hot_regions:40,0x78f0e2262161,0
548.exchange2_r/1,1/super_hot_regions:40,0x78f0e2262169,0

548.exchange2_r/1,1/super_hot_regions:44,0x60cba88e5c3c,2
548.exchange2_r/1,1/super_hot_regions:44,0x60cba88e5c48,0

548.exchange2_r/1,1/super_hot_regions:46,0x60cba88e6c5a,5
548.exchange2_r/1,1/super_hot_regions:46,0x60cba88e6c5f,0
548.exchange2_r/1,1/super_hot_regions:46,0x60cba88e6c63,0
548.exchange2_r/1,1/super_hot_regions:46,0x60cba88e6c67,0
548.exchange2_r/1,1/super_hot_regions:46,0x60cba88e6c6b,0
548.exchange2_r/1,1/super_hot_regions:46,0x60cba88e6c6f,0
548.exchange2_r/1,1/super_hot_regions:46,0x60cba88e6c73,0
548.exchange2_r/1,1/super_hot_regions:46,0x60cba88e6c77,0
548.exchange2_r/1,1/super_hot_regions:46,0x60cba88e6c7b,0

548.exchange2_r/1,1/super_hot_regions:47,0x60cba88e5a58,2
548.exchange2_r/1,1/super_hot_regions:47,0x60cba88e5a66,0

548.exchange2_r/1,1/super_hot_regions:48,0x60cba88e5a7c,2
548.exchange2_r/1,1/super_hot_regions:48,0x60cba88e5a8b,0

548.exchange2_r/1,1/super_hot_regions:50,0x60cba88e6d84,7
548.exchange2_r/1,1/super_hot_regions:50,0x60cba88e6d8c,0
548.exchange2_r/1,1/super_hot_regions:50,0x60cba88e6d90,0
548.exchange2_r/1,1/super_hot_regions:50,0x60cba88e6d94,0
548.exchange2_r/1,1/super_hot_regions:50,0x60cba88e6d98,0
548.exchange2_r/1,1/super_hot_regions:50,0x60cba88e6d9f,0
548.exchange2_r/1,1/super_hot_regions:50,0x60cba88e6da6,0
548.exchange2_r/1,1/super_hot_regions:50,0x60cba88e6daa,0
548.exchange2_r/1,1/super_hot_regions:50,0x60cba88e6dae,0
548.exchange2_r/1,1/super_hot_regions:50,0x60cba88e6db2,0
548.exchange2_r/1,1/super_hot_regions:50,0x60cba88e6db6,0
548.exchange2_r/1,1/super_hot_regions:50,0x60cba88e6dba,0

548.exchange2_r/1,1/super_hot_regions:51,0x78f0e2262210,2
548.exchange2_r/1,1/super_hot_regions:51,0x78f0e226221f,0

548.exchange2_r/1,1/super_hot_regions:55,0x60cba88e58cf,2
548.exchange2_r/1,1/super_hot_regions:55,0x60cba88e58d6,0

548.exchange2_r/1,1/super_hot_regions:56,0x60cba88e58dc,2
548.exchange2_r/1,1/super_hot_regions:56,0x60cba88e58e3,0

548.exchange2_r/1,1/super_hot_regions:57,0x60cba88e58ea,2
548.exchange2_r/1,1/super_hot_regions:57,0x60cba88e58f2,0

548.exchange2_r/1,1/super_hot_regions:60,0x60cba88e599b,2
548.exchange2_r/1,1/super_hot_regions:60,0x60cba88e59a9,0

548.exchange2_r/1,1/super_hot_regions:61,0x60cba88e59b6,2
548.exchange2_r/1,1/super_hot_regions:61,0x60cba88e59c7,0

548.exchange2_r/1,1/super_hot_regions:63,0x60cba88e6e52,7
548.exchange2_r/1,1/super_hot_regions:63,0x60cba88e6e5a,0
548.exchange2_r/1,1/super_hot_regions:63,0x60cba88e6e5e,0
548.exchange2_r/1,1/super_hot_regions:63,0x60cba88e6e65,0
548.exchange2_r/1,1/super_hot_regions:63,0x60cba88e6e6c,0
548.exchange2_r/1,1/super_hot_regions:63,0x60cba88e6e73,0
548.exchange2_r/1,1/super_hot_regions:63,0x60cba88e6e7a,0
548.exchange2_r/1,1/super_hot_regions:63,0x60cba88e6e81,0
548.exchange2_r/1,1/super_hot_regions:63,0x60cba88e6e85,0
548.exchange2_r/1,1/super_hot_regions:63,0x60cba88e6e89,0
548.exchange2_r/1,1/super_hot_regions:63,0x60cba88e6e8d,0
548.exchange2_r/1,1/super_hot_regions:63,0x60cba88e6e90,0
548.exchange2_r/1,1/super_hot_regions:63,0x60cba88e6e94,0

548.exchange2_r/1,1/super_hot_regions:65,0x60cba88e6ed6,8
548.exchange2_r/1,1/super_hot_regions:65,0x60cba88e6ede,0
548.exchange2_r/1,1/super_hot_regions:65,0x60cba88e6ee2,0
548.exchange2_r/1,1/super_hot_regions:65,0x60cba88e6ee6,0
548.exchange2_r/1,1/super_hot_regions:65,0x60cba88e6eed,0
548.exchange2_r/1,1/super_hot_regions:65,0x60cba88e6ef4,0
548.exchange2_r/1,1/super_hot_regions:65,0x60cba88e6efb,0
548.exchange2_r/1,1/super_hot_regions:65,0x60cba88e6f02,0
548.exchange2_r/1,1/super_hot_regions:65,0x60cba88e6f09,0
548.exchange2_r/1,1/super_hot_regions:65,0x60cba88e6f0d,0
548.exchange2_r/1,1/super_hot_regions:65,0x60cba88e6f11,0
548.exchange2_r/1,1/super_hot_regions:65,0x60cba88e6f15,0
548.exchange2_r/1,1/super_hot_regions:65,0x60cba88e6f18,0
548.exchange2_r/1,1/super_hot_regions:65,0x60cba88e6f1c,0

548.exchange2_r/1,1/super_hot_regions:70,0x60cba88dbcc0,1
548.exchange2_r/1,1/super_hot_regions:70,0x60cba88dbcc3,0

548.exchange2_r/1,1/super_hot_regions:72,0x60cba88dbd60,1
548.exchange2_r/1,1/super_hot_regions:72,0x60cba88dbd62,0

548.exchange2_r/1,1/super_hot_regions:76,0x78f0e22621e1,6
548.exchange2_r/1,1/super_hot_regions:76,0x78f0e22621e5,0
548.exchange2_r/1,1/super_hot_regions:76,0x78f0e22621e8,0
548.exchange2_r/1,1/super_hot_regions:76,0x78f0e22621ed,0
548.exchange2_r/1,1/super_hot_regions:76,0x78f0e22621f0,0
548.exchange2_r/1,1/super_hot_regions:76,0x78f0e22621fc,0
548.exchange2_r/1,1/super_hot_regions:76,0x78f0e2262200,0
548.exchange2_r/1,1/super_hot_regions:76,0x78f0e2262204,0
548.exchange2_r/1,1/super_hot_regions:76,0x78f0e2262207,0

548.exchange2_r/1,1/super_hot_regions:80,0x60cba88e5194,2
548.exchange2_r/1,1/super_hot_regions:80,0x60cba88e5196,0
548.exchange2_r/1,1/super_hot_regions:80,0x60cba88e5199,0

548.exchange2_r/1,1/super_hot_regions:81,0x60cba88e51a0,2
548.exchange2_r/1,1/super_hot_regions:81,0x60cba88e51a5,0

548.exchange2_r/1,1/super_hot_regions:82,0x60cba88e51ad,3
548.exchange2_r/1,1/super_hot_regions:82,0x60cba88e51b4,0
548.exchange2_r/1,1/super_hot_regions:82,0x60cba88e51b6,0
548.exchange2_r/1,1/super_hot_regions:82,0x60cba88e51bd,0

548.exchange2_r/1,1/super_hot_regions:83,0x60cba88e5163,2
548.exchange2_r/1,1/super_hot_regions:83,0x60cba88e5171,0

548.exchange2_r/1,1/super_hot_regions:85,0x60cba88e6f79,7
548.exchange2_r/1,1/super_hot_regions:85,0x60cba88e6f81,0
548.exchange2_r/1,1/super_hot_regions:85,0x60cba88e6f85,0
548.exchange2_r/1,1/super_hot_regions:85,0x60cba88e6f8c,0
548.exchange2_r/1,1/super_hot_regions:85,0x60cba88e6f93,0
548.exchange2_r/1,1/super_hot_regions:85,0x60cba88e6f97,0
548.exchange2_r/1,1/super_hot_regions:85,0x60cba88e6f9b,0
548.exchange2_r/1,1/super_hot_regions:85,0x60cba88e6f9f,0
548.exchange2_r/1,1/super_hot_regions:85,0x60cba88e6fa2,0
548.exchange2_r/1,1/super_hot_regions:85,0x60cba88e6fa6,0
548.exchange2_r/1,1/super_hot_regions:85,0x60cba88e6faa,0
548.exchange2_r/1,1/super_hot_regions:85,0x60cba88e6fae,0
548.exchange2_r/1,1/super_hot_regions:85,0x60cba88e6fb2,0

548.exchange2_r/1,1/super_hot_regions:86,0x60cba88e5230,2
548.exchange2_r/1,1/super_hot_regions:86,0x60cba88e523e,0

548.exchange2_r/1,1/super_hot_regions:88,0x60cba88e525e,2
548.exchange2_r/1,1/super_hot_regions:88,0x60cba88e5263,0

548.exchange2_r/1,1/super_hot_regions:89,0x60cba88e6e9d,7
548.exchange2_r/1,1/super_hot_regions:89,0x60cba88e6ea5,0
548.exchange2_r/1,1/super_hot_regions:89,0x60cba88e6ea9,0
548.exchange2_r/1,1/super_hot_regions:89,0x60cba88e6ead,0
548.exchange2_r/1,1/super_hot_regions:89,0x60cba88e6eb1,0
548.exchange2_r/1,1/super_hot_regions:89,0x60cba88e6eb5,0
548.exchange2_r/1,1/super_hot_regions:89,0x60cba88e6eb9,0
548.exchange2_r/1,1/super_hot_regions:89,0x60cba88e6ebd,0
548.exchange2_r/1,1/super_hot_regions:89,0x60cba88e6ec1,0
548.exchange2_r/1,1/super_hot_regions:89,0x60cba88e6ec5,0
548.exchange2_r/1,1/super_hot_regions:89,0x60cba88e6ec9,0
548.exchange2_r/1,1/super_hot_regions:89,0x60cba88e6ecd,0

548.exchange2_r/1,1/super_hot_regions:90,0x60cba88e5c89,3
548.exchange2_r/1,1/super_hot_regions:90,0x60cba88e5c8d,0
548.exchange2_r/1,1/super_hot_regions:90,0x60cba88e5c92,0
548.exchange2_r/1,1/super_hot_regions:90,0x60cba88e5cb8,0
548.exchange2_r/1,1/super_hot_regions:90,0x60cba88e5cba,0
548.exchange2_r/1,1/super_hot_regions:90,0x60cba88e5cc0,0

548.exchange2_r/1,1/super_hot_regions:94,0x60cba88e50a4,2
548.exchange2_r/1,1/super_hot_regions:94,0x60cba88e50b2,0

548.exchange2_r/1,1/super_hot_regions:96,0x60cba88e50d5,2
548.exchange2_r/1,1/super_hot_regions:96,0x60cba88e50dd,0

548.exchange2_r/1,1/super_hot_regions:97,0x60cba88e50e4,2
548.exchange2_r/1,1/super_hot_regions:97,0x60cba88e50ec,0

548.exchange2_r/1,1/super_hot_regions:98,0x60cba88e6fbb,8
548.exchange2_r/1,1/super_hot_regions:98,0x60cba88e6fc3,0
548.exchange2_r/1,1/super_hot_regions:98,0x60cba88e6fc7,0
548.exchange2_r/1,1/super_hot_regions:98,0x60cba88e6fcb,0
548.exchange2_r/1,1/super_hot_regions:98,0x60cba88e6fd2,0
548.exchange2_r/1,1/super_hot_regions:98,0x60cba88e6fd9,0
548.exchange2_r/1,1/super_hot_regions:98,0x60cba88e6fdd,0
548.exchange2_r/1,1/super_hot_regions:98,0x60cba88e6fe1,0
548.exchange2_r/1,1/super_hot_regions:98,0x60cba88e6fe5,0
548.exchange2_r/1,1/super_hot_regions:98,0x60cba88e6fe8,0
548.exchange2_r/1,1/super_hot_regions:98,0x60cba88e6fec,0
548.exchange2_r/1,1/super_hot_regions:98,0x60cba88e6ff0,0
548.exchange2_r/1,1/super_hot_regions:98,0x60cba88e6ff4,0
548.exchange2_r/1,1/super_hot_regions:98,0x60cba88e6ff8,0

548.exchange2_r/1,1/super_hot_regions:99,0x60cba88e57ff,2
548.exchange2_r/1,1/super_hot_regions:99,0x60cba88e5806,0
548.exchange2_r/1,1/super_hot_regions:99,0x60cba88e580d,0
548.exchange2_r/1,1/super_hot_regions:99,0x60cba88e580f,0
548.exchange2_r/1,1/super_hot_regions:99,0x60cba88e5815,0

549.fotonik3d_r/1,1/super_hot_regions:100,0x5dbd09c1394e,2
549.fotonik3d_r/1,1/super_hot_regions:100,0x5dbd09c13952,0
549.fotonik3d_r/1,1/super_hot_regions:100,0x5dbd09c13af0,0

549.fotonik3d_r/1,1/super_hot_regions:103,0x5dbd09c13c8b,2
549.fotonik3d_r/1,1/super_hot_regions:103,0x5dbd09c13c92,0

549.fotonik3d_r/1,1/super_hot_regions:105,0x5dbd09c13dd7,2
549.fotonik3d_r/1,1/super_hot_regions:105,0x5dbd09c13de7,0

549.fotonik3d_r/1,1/super_hot_regions:106,0x5dbd09c13def,2
549.fotonik3d_r/1,1/super_hot_regions:106,0x5dbd09c13dff,0

549.fotonik3d_r/1,1/super_hot_regions:107,0x5dbd09c13ddf,2
549.fotonik3d_r/1,1/super_hot_regions:107,0x5dbd09c13df7,0
549.fotonik3d_r/1,1/super_hot_regions:107,0x5dbd09c13e0f,0

549.fotonik3d_r/1,1/super_hot_regions:108,0x5dbd09c13e07,2
549.fotonik3d_r/1,1/super_hot_regions:108,0x5dbd09c13e17,0

549.fotonik3d_r/1,1/super_hot_regions:109,0x5dbd09c13e1f,2
549.fotonik3d_r/1,1/super_hot_regions:109,0x5dbd09c13e2f,0

549.fotonik3d_r/1,1/super_hot_regions:110,0x5dbd09c13e37,2
549.fotonik3d_r/1,1/super_hot_regions:110,0x5dbd09c13e47,0

549.fotonik3d_r/1,1/super_hot_regions:111,0x5dbd09c13e27,2
549.fotonik3d_r/1,1/super_hot_regions:111,0x5dbd09c13e3f,0
549.fotonik3d_r/1,1/super_hot_regions:111,0x5dbd09c13e57,0

549.fotonik3d_r/1,1/super_hot_regions:112,0x5dbd09c13e4f,2
549.fotonik3d_r/1,1/super_hot_regions:112,0x5dbd09c13e5f,0

549.fotonik3d_r/1,1/super_hot_regions:113,0x5dbd09c13e6f,2
549.fotonik3d_r/1,1/super_hot_regions:113,0x5dbd09c13e7f,0
549.fotonik3d_r/1,1/super_hot_regions:113,0x5dbd09c13ea7,0

549.fotonik3d_r/1,1/super_hot_regions:114,0x5dbd09c13e67,2
549.fotonik3d_r/1,1/super_hot_regions:114,0x5dbd09c13e77,0
549.fotonik3d_r/1,1/super_hot_regions:114,0x5dbd09c13eda,0

549.fotonik3d_r/1,1/super_hot_regions:115,0x5dbd09c13e87,2
549.fotonik3d_r/1,1/super_hot_regions:115,0x5dbd09c13eba,0
549.fotonik3d_r/1,1/super_hot_regions:115,0x5dbd09c13ee2,0

549.fotonik3d_r/1,1/super_hot_regions:116,0x5dbd09c13e8f,2
549.fotonik3d_r/1,1/super_hot_regions:116,0x5dbd09c13ec2,0
549.fotonik3d_r/1,1/super_hot_regions:116,0x5dbd09c13eea,0

549.fotonik3d_r/1,1/super_hot_regions:117,0x5dbd09c13e97,2
549.fotonik3d_r/1,1/super_hot_regions:117,0x5dbd09c13eca,0
549.fotonik3d_r/1,1/super_hot_regions:117,0x5dbd09c13ef2,0

549.fotonik3d_r/1,1/super_hot_regions:118,0x5dbd09c13e9f,2
549.fotonik3d_r/1,1/super_hot_regions:118,0x5dbd09c13ed2,0
549.fotonik3d_r/1,1/super_hot_regions:118,0x5dbd09c13efa,0

549.fotonik3d_r/1,1/super_hot_regions:119,0x5dbd09c13eaf,2
549.fotonik3d_r/1,1/super_hot_regions:119,0x5dbd09c13f02,0

549.fotonik3d_r/1,1/super_hot_regions:123,0x5dbd09c1345c,2
549.fotonik3d_r/1,1/super_hot_regions:123,0x5dbd09c13464,0
549.fotonik3d_r/1,1/super_hot_regions:123,0x5dbd09c13467,0

549.fotonik3d_r/1,1/super_hot_regions:124,0x5dbd09c1346f,2
549.fotonik3d_r/1,1/super_hot_regions:124,0x5dbd09c13477,0
549.fotonik3d_r/1,1/super_hot_regions:124,0x5dbd09c1347a,0

549.fotonik3d_r/1,1/super_hot_regions:125,0x5dbd09c13482,2
549.fotonik3d_r/1,1/super_hot_regions:125,0x5dbd09c1348a,0
549.fotonik3d_r/1,1/super_hot_regions:125,0x5dbd09c1348d,0

549.fotonik3d_r/1,1/super_hot_regions:126,0x5dbd09c13495,2
549.fotonik3d_r/1,1/super_hot_regions:126,0x5dbd09c1349d,0
549.fotonik3d_r/1,1/super_hot_regions:126,0x5dbd09c134a0,0

549.fotonik3d_r/1,1/super_hot_regions:128,0x5dbd09c134b6,2
549.fotonik3d_r/1,1/super_hot_regions:128,0x5dbd09c134be,0
549.fotonik3d_r/1,1/super_hot_regions:128,0x5dbd09c134c1,0

549.fotonik3d_r/1,1/super_hot_regions:129,0x5dbd09c134c9,2
549.fotonik3d_r/1,1/super_hot_regions:129,0x5dbd09c134d1,0
549.fotonik3d_r/1,1/super_hot_regions:129,0x5dbd09c134d4,0

549.fotonik3d_r/1,1/super_hot_regions:134,0x5dbd09c41299,2
549.fotonik3d_r/1,1/super_hot_regions:134,0x5dbd09c412a9,0
549.fotonik3d_r/1,1/super_hot_regions:134,0x5dbd09c412b1,0

549.fotonik3d_r/1,1/super_hot_regions:135,0x5dbd09c412b9,2
549.fotonik3d_r/1,1/super_hot_regions:135,0x5dbd09c412c9,0
549.fotonik3d_r/1,1/super_hot_regions:135,0x5dbd09c412d1,0

549.fotonik3d_r/1,1/super_hot_regions:136,0x5dbd09c412a1,2
549.fotonik3d_r/1,1/super_hot_regions:136,0x5dbd09c412e1,0

549.fotonik3d_r/1,1/super_hot_regions:137,0x5dbd09c412d9,2
549.fotonik3d_r/1,1/super_hot_regions:137,0x5dbd09c412e9,0

549.fotonik3d_r/1,1/super_hot_regions:138,0x5dbd09c412c1,2
549.fotonik3d_r/1,1/super_hot_regions:138,0x5dbd09c41301,0

549.fotonik3d_r/1,1/super_hot_regions:139,0x5dbd09c412f9,2
549.fotonik3d_r/1,1/super_hot_regions:139,0x5dbd09c41321,0

549.fotonik3d_r/1,1/super_hot_regions:140,0x5dbd09c412f1,3
549.fotonik3d_r/1,1/super_hot_regions:140,0x5dbd09c41311,0
549.fotonik3d_r/1,1/super_hot_regions:140,0x5dbd09c41319,0
549.fotonik3d_r/1,1/super_hot_regions:140,0x5dbd09c41329,0

549.fotonik3d_r/1,1/super_hot_regions:141,0x5dbd09c41351,2
549.fotonik3d_r/1,1/super_hot_regions:141,0x5dbd09c41379,0

549.fotonik3d_r/1,1/super_hot_regions:142,0x5dbd09c41349,2
549.fotonik3d_r/1,1/super_hot_regions:142,0x5dbd09c41371,0
549.fotonik3d_r/1,1/super_hot_regions:142,0x5dbd09c41381,0

549.fotonik3d_r/1,1/super_hot_regions:143,0x5dbd09c41341,2
549.fotonik3d_r/1,1/super_hot_regions:143,0x5dbd09c41399,0
549.fotonik3d_r/1,1/super_hot_regions:143,0x5dbd09c413b9,0

549.fotonik3d_r/1,1/super_hot_regions:144,0x5dbd09c41359,2
549.fotonik3d_r/1,1/super_hot_regions:144,0x5dbd09c413a1,0
549.fotonik3d_r/1,1/super_hot_regions:144,0x5dbd09c413c1,0

549.fotonik3d_r/1,1/super_hot_regions:145,0x5dbd09c41361,2
549.fotonik3d_r/1,1/super_hot_regions:145,0x5dbd09c413a9,0
549.fotonik3d_r/1,1/super_hot_regions:145,0x5dbd09c413c9,0

549.fotonik3d_r/1,1/super_hot_regions:146,0x5dbd09c41389,2
549.fotonik3d_r/1,1/super_hot_regions:146,0x5dbd09c413d1,0

549.fotonik3d_r/1,1/super_hot_regions:147,0x5dbd09c41369,2
549.fotonik3d_r/1,1/super_hot_regions:147,0x5dbd09c413b1,0
549.fotonik3d_r/1,1/super_hot_regions:147,0x5dbd09c413d9,0

549.fotonik3d_r/1,1/super_hot_regions:148,0x5dbd09c41391,2
549.fotonik3d_r/1,1/super_hot_regions:148,0x5dbd09c413e1,0

549.fotonik3d_r/1,1/super_hot_regions:149,0x5dbd09c413e9,2
549.fotonik3d_r/1,1/super_hot_regions:149,0x5dbd09c413f5,0

549.fotonik3d_r/1,1/super_hot_regions:150,0x5dbd09c413fd,2
549.fotonik3d_r/1,1/super_hot_regions:150,0x5dbd09c41405,0

549.fotonik3d_r/1,1/super_hot_regions:153,0x5dbd09c40a35,2
549.fotonik3d_r/1,1/super_hot_regions:153,0x5dbd09c40a47,0
549.fotonik3d_r/1,1/super_hot_regions:153,0x5dbd09c40b59,0

549.fotonik3d_r/1,1/super_hot_regions:154,0x5dbd09c40a19,2
549.fotonik3d_r/1,1/super_hot_regions:154,0x5dbd09c40a2d,0
549.fotonik3d_r/1,1/super_hot_regions:154,0x5dbd09c40b81,0

549.fotonik3d_r/1,1/super_hot_regions:161,0x5dbd09c4096e,3
549.fotonik3d_r/1,1/super_hot_regions:161,0x5dbd09c40976,0
549.fotonik3d_r/1,1/super_hot_regions:161,0x5dbd09c40983,0
549.fotonik3d_r/1,1/super_hot_regions:161,0x5dbd09c40986,0
549.fotonik3d_r/1,1/super_hot_regions:161,0x5dbd09c4098e,0
549.fotonik3d_r/1,1/super_hot_regions:161,0x5dbd09c40996,0

549.fotonik3d_r/1,1/super_hot_regions:168,0x5dbd09bee6e4,2
549.fotonik3d_r/1,1/super_hot_regions:168,0x5dbd09bee6e8,0

549.fotonik3d_r/1,1/super_hot_regions:169,0x5dbd09bee6a1,2
549.fotonik3d_r/1,1/super_hot_regions:169,0x5dbd09bee71c,0

549.fotonik3d_r/1,1/super_hot_regions:172,0x5dbd09beeb1e,2
549.fotonik3d_r/1,1/super_hot_regions:172,0x5dbd09beeb2d,0

549.fotonik3d_r/1,1/super_hot_regions:173,0x5dbd09beeb35,2
549.fotonik3d_r/1,1/super_hot_regions:173,0x5dbd09beeb65,0

549.fotonik3d_r/1,1/super_hot_regions:174,0x5dbd09beeb75,2
549.fotonik3d_r/1,1/super_hot_regions:174,0x5dbd09beeb85,0

549.fotonik3d_r/1,1/super_hot_regions:175,0x5dbd09beebcc,2
549.fotonik3d_r/1,1/super_hot_regions:175,0x5dbd09beebdc,0

549.fotonik3d_r/1,1/super_hot_regions:176,0x5dbd09beeb45,2
549.fotonik3d_r/1,1/super_hot_regions:176,0x5dbd09beeb7d,0
549.fotonik3d_r/1,1/super_hot_regions:176,0x5dbd09beebec,0

549.fotonik3d_r/1,1/super_hot_regions:177,0x5dbd09beebe4,2
549.fotonik3d_r/1,1/super_hot_regions:177,0x5dbd09beebf4,0

549.fotonik3d_r/1,1/super_hot_regions:178,0x5dbd09beebfc,2
549.fotonik3d_r/1,1/super_hot_regions:178,0x5dbd09beec0c,0

549.fotonik3d_r/1,1/super_hot_regions:179,0x5dbd09beeb5d,2
549.fotonik3d_r/1,1/super_hot_regions:179,0x5dbd09beebad,0
549.fotonik3d_r/1,1/super_hot_regions:179,0x5dbd09beec1c,0

549.fotonik3d_r/1,1/super_hot_regions:180,0x5dbd09beec14,2
549.fotonik3d_r/1,1/super_hot_regions:180,0x5dbd09beec24,0

549.fotonik3d_r/1,1/super_hot_regions:181,0x5dbd09beeb6d,2
549.fotonik3d_r/1,1/super_hot_regions:181,0x5dbd09beebc4,0
549.fotonik3d_r/1,1/super_hot_regions:181,0x5dbd09beec34,0

549.fotonik3d_r/1,1/super_hot_regions:182,0x5dbd09beec2c,2
549.fotonik3d_r/1,1/super_hot_regions:182,0x5dbd09beec3c,0

549.fotonik3d_r/1,1/super_hot_regions:183,0x5dbd09beebd4,2
549.fotonik3d_r/1,1/super_hot_regions:183,0x5dbd09beec04,0
549.fotonik3d_r/1,1/super_hot_regions:183,0x5dbd09beec4c,0

549.fotonik3d_r/1,1/super_hot_regions:184,0x5dbd09beec44,2
549.fotonik3d_r/1,1/super_hot_regions:184,0x5dbd09beec54,0

549.fotonik3d_r/1,1/super_hot_regions:185,0x5dbd09beeb3d,3
549.fotonik3d_r/1,1/super_hot_regions:185,0x5dbd09beeb8d,0
549.fotonik3d_r/1,1/super_hot_regions:185,0x5dbd09beeb95,0
549.fotonik3d_r/1,1/super_hot_regions:185,0x5dbd09beec5c,0
549.fotonik3d_r/1,1/super_hot_regions:185,0x5dbd09beec64,0

549.fotonik3d_r/1,1/super_hot_regions:186,0x5dbd09beec6c,2
549.fotonik3d_r/1,1/super_hot_regions:186,0x5dbd09beec7c,0

549.fotonik3d_r/1,1/super_hot_regions:187,0x5dbd09beeb4d,2
549.fotonik3d_r/1,1/super_hot_regions:187,0x5dbd09beeb9d,0
549.fotonik3d_r/1,1/super_hot_regions:187,0x5dbd09beec8c,0

549.fotonik3d_r/1,1/super_hot_regions:188,0x5dbd09beec84,2
549.fotonik3d_r/1,1/super_hot_regions:188,0x5dbd09beec94,0

549.fotonik3d_r/1,1/super_hot_regions:189,0x5dbd09beeb55,2
549.fotonik3d_r/1,1/super_hot_regions:189,0x5dbd09beeba5,0
549.fotonik3d_r/1,1/super_hot_regions:189,0x5dbd09beeca4,0

549.fotonik3d_r/1,1/super_hot_regions:190,0x5dbd09beec9c,2
549.fotonik3d_r/1,1/super_hot_regions:190,0x5dbd09beecac,0

549.fotonik3d_r/1,1/super_hot_regions:191,0x5dbd09beec74,2
549.fotonik3d_r/1,1/super_hot_regions:191,0x5dbd09beecbc,0

549.fotonik3d_r/1,1/super_hot_regions:192,0x5dbd09beecb4,2
549.fotonik3d_r/1,1/super_hot_regions:192,0x5dbd09beecc4,0

549.fotonik3d_r/1,1/super_hot_regions:195,0x5dbd09bedf3b,2
549.fotonik3d_r/1,1/super_hot_regions:195,0x5dbd09bedf42,0

549.fotonik3d_r/1,1/super_hot_regions:196,0x5dbd09bedf52,2
549.fotonik3d_r/1,1/super_hot_regions:196,0x5dbd09bedf55,0

549.fotonik3d_r/1,1/super_hot_regions:198,0x5dbd09bedf6d,3
549.fotonik3d_r/1,1/super_hot_regions:198,0x5dbd09bedf89,0
549.fotonik3d_r/1,1/super_hot_regions:198,0x5dbd09bedf99,0
549.fotonik3d_r/1,1/super_hot_regions:198,0x5dbd09bedf9c,0
549.fotonik3d_r/1,1/super_hot_regions:198,0x5dbd09bedf9f,0
549.fotonik3d_r/1,1/super_hot_regions:198,0x5dbd09bedfa7,0
549.fotonik3d_r/1,1/super_hot_regions:198,0x5dbd09bedfb7,0
549.fotonik3d_r/1,1/super_hot_regions:198,0x5dbd09bedfba,0

549.fotonik3d_r/1,1/super_hot_regions:199,0x5dbd09bedfc9,3
549.fotonik3d_r/1,1/super_hot_regions:199,0x5dbd09bedfd1,0
549.fotonik3d_r/1,1/super_hot_regions:199,0x5dbd09bedfe1,0
549.fotonik3d_r/1,1/super_hot_regions:199,0x5dbd09bedfe4,0
549.fotonik3d_r/1,1/super_hot_regions:199,0x5dbd09bedfe7,0
549.fotonik3d_r/1,1/super_hot_regions:199,0x5dbd09bedff3,0
549.fotonik3d_r/1,1/super_hot_regions:199,0x5dbd09bedff6,0
549.fotonik3d_r/1,1/super_hot_regions:199,0x5dbd09bee001,0
549.fotonik3d_r/1,1/super_hot_regions:199,0x5dbd09bee00d,0

549.fotonik3d_r/1,1/super_hot_regions:200,0x5dbd09bee083,2
549.fotonik3d_r/1,1/super_hot_regions:200,0x5dbd09bee097,0

549.fotonik3d_r/1,1/super_hot_regions:201,0x5dbd09bedfd9,4
549.fotonik3d_r/1,1/super_hot_regions:201,0x5dbd09bee014,0
549.fotonik3d_r/1,1/super_hot_regions:201,0x5dbd09bee024,0
549.fotonik3d_r/1,1/super_hot_regions:201,0x5dbd09bee027,0
549.fotonik3d_r/1,1/super_hot_regions:201,0x5dbd09bee036,0
549.fotonik3d_r/1,1/super_hot_regions:201,0x5dbd09bee046,0
549.fotonik3d_r/1,1/super_hot_regions:201,0x5dbd09bee049,0
549.fotonik3d_r/1,1/super_hot_regions:201,0x5dbd09bee0b7,0
549.fotonik3d_r/1,1/super_hot_regions:201,0x5dbd09bee0c3,0
549.fotonik3d_r/1,1/super_hot_regions:201,0x5dbd09bee0c6,0

549.fotonik3d_r/1,1/super_hot_regions:202,0x5dbd09bedfa3,2
549.fotonik3d_r/1,1/super_hot_regions:202,0x5dbd09bedfaf,0
549.fotonik3d_r/1,1/super_hot_regions:202,0x5dbd09bee0e4,0

549.fotonik3d_r/1,1/super_hot_regions:203,0x5dbd09bedfbd,2
549.fotonik3d_r/1,1/super_hot_regions:203,0x5dbd09bedfc1,0
549.fotonik3d_r/1,1/super_hot_regions:203,0x5dbd09bee0fb,0

549.fotonik3d_r/1,1/super_hot_regions:204,0x5dbd09bee005,2
549.fotonik3d_r/1,1/super_hot_regions:204,0x5dbd09bee03e,0
549.fotonik3d_r/1,1/super_hot_regions:204,0x5dbd09bee11b,0

549.fotonik3d_r/1,1/super_hot_regions:205,0x5dbd09bee060,2
549.fotonik3d_r/1,1/super_hot_regions:205,0x5dbd09bee075,0
549.fotonik3d_r/1,1/super_hot_regions:205,0x5dbd09bee08b,0
549.fotonik3d_r/1,1/super_hot_regions:205,0x5dbd09bee167,0

549.fotonik3d_r/1,1/super_hot_regions:206,0x5dbd09bee02a,2
549.fotonik3d_r/1,1/super_hot_regions:206,0x5dbd09bee02e,0
549.fotonik3d_r/1,1/super_hot_regions:206,0x5dbd09bee197,0

549.fotonik3d_r/1,1/super_hot_regions:207,0x5dbd09bee04c,2
549.fotonik3d_r/1,1/super_hot_regions:207,0x5dbd09bee050,0
549.fotonik3d_r/1,1/super_hot_regions:207,0x5dbd09bee1ac,0

549.fotonik3d_r/1,1/super_hot_regions:208,0x5dbd09bee0aa,2
549.fotonik3d_r/1,1/super_hot_regions:208,0x5dbd09bee0af,0
549.fotonik3d_r/1,1/super_hot_regions:208,0x5dbd09bee1c1,0

549.fotonik3d_r/1,1/super_hot_regions:209,0x5dbd09bee06d,2
549.fotonik3d_r/1,1/super_hot_regions:209,0x5dbd09bee078,0
549.fotonik3d_r/1,1/super_hot_regions:209,0x5dbd09bee07b,0
549.fotonik3d_r/1,1/super_hot_regions:209,0x5dbd09bee1f2,0

549.fotonik3d_r/1,1/super_hot_regions:212,0x5dbd09bee2a2,5
549.fotonik3d_r/1,1/super_hot_regions:212,0x5dbd09bee2aa,0
549.fotonik3d_r/1,1/super_hot_regions:212,0x5dbd09bee2ba,0
549.fotonik3d_r/1,1/super_hot_regions:212,0x5dbd09bee2c2,0
549.fotonik3d_r/1,1/super_hot_regions:212,0x5dbd09bee2ca,0
549.fotonik3d_r/1,1/super_hot_regions:212,0x5dbd09bee2da,0
549.fotonik3d_r/1,1/super_hot_regions:212,0x5dbd09bee2e2,0
549.fotonik3d_r/1,1/super_hot_regions:212,0x5dbd09bee2f5,0

549.fotonik3d_r/1,1/super_hot_regions:215,0x5dbd09bee329,2
549.fotonik3d_r/1,1/super_hot_regions:215,0x5dbd09bee338,0

549.fotonik3d_r/1,1/super_hot_regions:216,0x5dbd09bee439,2
549.fotonik3d_r/1,1/super_hot_regions:216,0x5dbd09bee445,0

549.fotonik3d_r/1,1/super_hot_regions:218,0x5dbd09bee322,1
549.fotonik3d_r/1,1/super_hot_regions:218,0x5dbd09bee331,0
549.fotonik3d_r/1,1/super_hot_regions:218,0x5dbd09bee5d6,0

549.fotonik3d_r/1,1/super_hot_regions:221,0x5dbd09bedcef,2
549.fotonik3d_r/1,1/super_hot_regions:221,0x5dbd09bedd27,0

549.fotonik3d_r/1,1/super_hot_regions:225,0x5dbd09bedceb,2
549.fotonik3d_r/1,1/super_hot_regions:225,0x5dbd09bedd07,0
549.fotonik3d_r/1,1/super_hot_regions:225,0x5dbd09bede79,0

549.fotonik3d_r/1,1/super_hot_regions:23,0x5dbd09beacc9,2
549.fotonik3d_r/1,1/super_hot_regions:23,0x5dbd09beaccc,0

549.fotonik3d_r/1,1/super_hot_regions:231,0x5dbd09bedc20,3
549.fotonik3d_r/1,1/super_hot_regions:231,0x5dbd09bedc28,0
549.fotonik3d_r/1,1/super_hot_regions:231,0x5dbd09bedc30,0
549.fotonik3d_r/1,1/super_hot_regions:231,0x5dbd09bedc33,0
549.fotonik3d_r/1,1/super_hot_regions:231,0x5dbd09bedc3b,0
549.fotonik3d_r/1,1/super_hot_regions:231,0x5dbd09bedc43,0

549.fotonik3d_r/1,1/super_hot_regions:232,0x5dbd09bedc4b,3
549.fotonik3d_r/1,1/super_hot_regions:232,0x5dbd09bedc53,0
549.fotonik3d_r/1,1/super_hot_regions:232,0x5dbd09bedc5b,0
549.fotonik3d_r/1,1/super_hot_regions:232,0x5dbd09bedc5e,0
549.fotonik3d_r/1,1/super_hot_regions:232,0x5dbd09bedc66,0
549.fotonik3d_r/1,1/super_hot_regions:232,0x5dbd09bedc6e,0

549.fotonik3d_r/1,1/super_hot_regions:234,0x5dbd09bef130,2
549.fotonik3d_r/1,1/super_hot_regions:234,0x5dbd09bef165,0

549.fotonik3d_r/1,1/super_hot_regions:242,0x5dbd09c18d1e,2
549.fotonik3d_r/1,1/super_hot_regions:242,0x5dbd09c18d2e,0

549.fotonik3d_r/1,1/super_hot_regions:243,0x5dbd09c18d36,2
549.fotonik3d_r/1,1/super_hot_regions:243,0x5dbd09c18d41,0
549.fotonik3d_r/1,1/super_hot_regions:243,0x5dbd09c18d49,0

549.fotonik3d_r/1,1/super_hot_regions:244,0x5dbd09c18d51,2
549.fotonik3d_r/1,1/super_hot_regions:244,0x5dbd09c18d59,0
549.fotonik3d_r/1,1/super_hot_regions:244,0x5dbd09c18d61,0

549.fotonik3d_r/1,1/super_hot_regions:245,0x5dbd09c18d69,2
549.fotonik3d_r/1,1/super_hot_regions:245,0x5dbd09c18d71,0

549.fotonik3d_r/1,1/super_hot_regions:246,0x5dbd09c18d79,2
549.fotonik3d_r/1,1/super_hot_regions:246,0x5dbd09c18d81,0

549.fotonik3d_r/1,1/super_hot_regions:247,0x5dbd09c18d89,2
549.fotonik3d_r/1,1/super_hot_regions:247,0x5dbd09c18d91,0

549.fotonik3d_r/1,1/super_hot_regions:248,0x5dbd09c18d99,2
549.fotonik3d_r/1,1/super_hot_regions:248,0x5dbd09c18da1,0

549.fotonik3d_r/1,1/super_hot_regions:249,0x5dbd09c18da9,2
549.fotonik3d_r/1,1/super_hot_regions:249,0x5dbd09c18db1,0

549.fotonik3d_r/1,1/super_hot_regions:25,0x5dbd09beacfd,2
549.fotonik3d_r/1,1/super_hot_regions:25,0x5dbd09bead0d,0

549.fotonik3d_r/1,1/super_hot_regions:250,0x5dbd09c18db9,2
549.fotonik3d_r/1,1/super_hot_regions:250,0x5dbd09c18dc1,0
549.fotonik3d_r/1,1/super_hot_regions:250,0x5dbd09c18df9,0

549.fotonik3d_r/1,1/super_hot_regions:251,0x5dbd09c18dd1,2
549.fotonik3d_r/1,1/super_hot_regions:251,0x5dbd09c18df1,0
549.fotonik3d_r/1,1/super_hot_regions:251,0x5dbd09c18e01,0

549.fotonik3d_r/1,1/super_hot_regions:252,0x5dbd09c18d26,2
549.fotonik3d_r/1,1/super_hot_regions:252,0x5dbd09c18dc9,0
549.fotonik3d_r/1,1/super_hot_regions:252,0x5dbd09c18e31,0

549.fotonik3d_r/1,1/super_hot_regions:253,0x5dbd09c18dd9,2
549.fotonik3d_r/1,1/super_hot_regions:253,0x5dbd09c18e19,0
549.fotonik3d_r/1,1/super_hot_regions:253,0x5dbd09c18e39,0

549.fotonik3d_r/1,1/super_hot_regions:254,0x5dbd09c18de1,2
549.fotonik3d_r/1,1/super_hot_regions:254,0x5dbd09c18e21,0
549.fotonik3d_r/1,1/super_hot_regions:254,0x5dbd09c18e41,0

549.fotonik3d_r/1,1/super_hot_regions:255,0x5dbd09c18de9,2
549.fotonik3d_r/1,1/super_hot_regions:255,0x5dbd09c18e29,0
549.fotonik3d_r/1,1/super_hot_regions:255,0x5dbd09c18e49,0

549.fotonik3d_r/1,1/super_hot_regions:256,0x5dbd09c18e09,2
549.fotonik3d_r/1,1/super_hot_regions:256,0x5dbd09c18e51,0

549.fotonik3d_r/1,1/super_hot_regions:257,0x5dbd09c18e11,2
549.fotonik3d_r/1,1/super_hot_regions:257,0x5dbd09c18e59,0

549.fotonik3d_r/1,1/super_hot_regions:26,0x5dbd09bead1a,2
549.fotonik3d_r/1,1/super_hot_regions:26,0x5dbd09bead2a,0

549.fotonik3d_r/1,1/super_hot_regions:261,0x5dbd09c18378,3
549.fotonik3d_r/1,1/super_hot_regions:261,0x5dbd09c18394,0
549.fotonik3d_r/1,1/super_hot_regions:261,0x5dbd09c1839c,0
549.fotonik3d_r/1,1/super_hot_regions:261,0x5dbd09c1839f,0
549.fotonik3d_r/1,1/super_hot_regions:261,0x5dbd09c183a7,0
549.fotonik3d_r/1,1/super_hot_regions:261,0x5dbd09c183af,0
549.fotonik3d_r/1,1/super_hot_regions:261,0x5dbd09c183b2,0

549.fotonik3d_r/1,1/super_hot_regions:262,0x5dbd09c183ba,2
549.fotonik3d_r/1,1/super_hot_regions:262,0x5dbd09c183c2,0
549.fotonik3d_r/1,1/super_hot_regions:262,0x5dbd09c183c5,0

549.fotonik3d_r/1,1/super_hot_regions:263,0x5dbd09c183cd,2
549.fotonik3d_r/1,1/super_hot_regions:263,0x5dbd09c183d5,0
549.fotonik3d_r/1,1/super_hot_regions:263,0x5dbd09c183d8,0

549.fotonik3d_r/1,1/super_hot_regions:265,0x5dbd09c183ee,2
549.fotonik3d_r/1,1/super_hot_regions:265,0x5dbd09c183f6,0
549.fotonik3d_r/1,1/super_hot_regions:265,0x5dbd09c183f9,0

549.fotonik3d_r/1,1/super_hot_regions:266,0x5dbd09c18401,2
549.fotonik3d_r/1,1/super_hot_regions:266,0x5dbd09c18409,0
549.fotonik3d_r/1,1/super_hot_regions:266,0x5dbd09c1840c,0

549.fotonik3d_r/1,1/super_hot_regions:27,0x5dbd09beadcc,2
549.fotonik3d_r/1,1/super_hot_regions:27,0x5dbd09beade2,0

549.fotonik3d_r/1,1/super_hot_regions:28,0x5dbd09beacf1,2
549.fotonik3d_r/1,1/super_hot_regions:28,0x5dbd09beacf5,0
549.fotonik3d_r/1,1/super_hot_regions:28,0x5dbd09beae0d,0

549.fotonik3d_r/1,1/super_hot_regions:286,0x5dbd09c383d5,2
549.fotonik3d_r/1,1/super_hot_regions:286,0x5dbd09c383e1,0
549.fotonik3d_r/1,1/super_hot_regions:286,0x5dbd09c383e4,0

549.fotonik3d_r/1,1/super_hot_regions:29,0x5dbd09bead32,3
549.fotonik3d_r/1,1/super_hot_regions:29,0x5dbd09bead78,0
549.fotonik3d_r/1,1/super_hot_regions:29,0x5dbd09beadaf,0
549.fotonik3d_r/1,1/super_hot_regions:29,0x5dbd09beae2c,0

549.fotonik3d_r/1,1/super_hot_regions:296,0x5dbd09e46293,2
549.fotonik3d_r/1,1/super_hot_regions:296,0x5dbd09e46299,0

549.fotonik3d_r/1,1/super_hot_regions:297,0x5dbd09e4629b,2
549.fotonik3d_r/1,1/super_hot_regions:297,0x5dbd09e462a2,0

549.fotonik3d_r/1,1/super_hot_regions:298,0x5dbd09e462a6,1
549.fotonik3d_r/1,1/super_hot_regions:298,0x5dbd09e462a9,0

549.fotonik3d_r/1,1/super_hot_regions:30,0x5dbd09bead60,2
549.fotonik3d_r/1,1/super_hot_regions:30,0x5dbd09bead65,0
549.fotonik3d_r/1,1/super_hot_regions:30,0x5dbd09bead68,0
549.fotonik3d_r/1,1/super_hot_regions:30,0x5dbd09beae40,0

549.fotonik3d_r/1,1/super_hot_regions:303,0x5dbd09e463bf,2
549.fotonik3d_r/1,1/super_hot_regions:303,0x5dbd09e463c5,0
549.fotonik3d_r/1,1/super_hot_regions:303,0x5dbd09e463c8,0

549.fotonik3d_r/1,1/super_hot_regions:31,0x5dbd09bead4c,2
549.fotonik3d_r/1,1/super_hot_regions:31,0x5dbd09bead58,0
549.fotonik3d_r/1,1/super_hot_regions:31,0x5dbd09beae53,0

549.fotonik3d_r/1,1/super_hot_regions:32,0x5dbd09bead15,3
549.fotonik3d_r/1,1/super_hot_regions:32,0x5dbd09bead22,0
549.fotonik3d_r/1,1/super_hot_regions:32,0x5dbd09beadbf,0
549.fotonik3d_r/1,1/super_hot_regions:32,0x5dbd09beadf2,0
549.fotonik3d_r/1,1/super_hot_regions:32,0x5dbd09beae5b,0

549.fotonik3d_r/1,1/super_hot_regions:327,0x5dbd09bcdaa4,2
549.fotonik3d_r/1,1/super_hot_regions:327,0x5dbd09bcdadd,0

549.fotonik3d_r/1,1/super_hot_regions:33,0x5dbd09beadab,2
549.fotonik3d_r/1,1/super_hot_regions:33,0x5dbd09beadb7,0
549.fotonik3d_r/1,1/super_hot_regions:33,0x5dbd09beae80,0

549.fotonik3d_r/1,1/super_hot_regions:330,0x5dbd09bcdb38,2
549.fotonik3d_r/1,1/super_hot_regions:330,0x5dbd09bcdb3c,0
549.fotonik3d_r/1,1/super_hot_regions:330,0x5dbd09bcdb4c,0

549.fotonik3d_r/1,1/super_hot_regions:332,0x5dbd09bcdb4f,1
549.fotonik3d_r/1,1/super_hot_regions:332,0x5dbd09bcdb6c,0

549.fotonik3d_r/1,1/super_hot_regions:334,0x5dbd09bcdb30,2
549.fotonik3d_r/1,1/super_hot_regions:334,0x5dbd09bcdb35,0
549.fotonik3d_r/1,1/super_hot_regions:334,0x5dbd09bcdb60,0
549.fotonik3d_r/1,1/super_hot_regions:334,0x5dbd09bcdb76,0

549.fotonik3d_r/1,1/super_hot_regions:335,0x5dbd09bcdb64,2
549.fotonik3d_r/1,1/super_hot_regions:335,0x5dbd09bcdb68,0
549.fotonik3d_r/1,1/super_hot_regions:335,0x5dbd09bcdb79,0

549.fotonik3d_r/1,1/super_hot_regions:338,0x5dbd09bcbb9d,1
549.fotonik3d_r/1,1/super_hot_regions:338,0x5dbd09bcbc01,0

549.fotonik3d_r/1,1/super_hot_regions:339,0x5dbd09bcbae7,27
549.fotonik3d_r/1,1/super_hot_regions:339,0x5dbd09bcbaef,0
549.fotonik3d_r/1,1/super_hot_regions:339,0x5dbd09bcbb05,0
549.fotonik3d_r/1,1/super_hot_regions:339,0x5dbd09bcbb0c,0
549.fotonik3d_r/1,1/super_hot_regions:339,0x5dbd09bcbb13,0
549.fotonik3d_r/1,1/super_hot_regions:339,0x5dbd09bcbb16,0
549.fotonik3d_r/1,1/super_hot_regions:339,0x5dbd09bcbb1e,0
549.fotonik3d_r/1,1/super_hot_regions:339,0x5dbd09bcbb22,0
549.fotonik3d_r/1,1/super_hot_regions:339,0x5dbd09bcbb29,0
549.fotonik3d_r/1,1/super_hot_regions:339,0x5dbd09bcbb30,0
549.fotonik3d_r/1,1/super_hot_regions:339,0x5dbd09bcbb33,0
549.fotonik3d_r/1,1/super_hot_regions:339,0x5dbd09bcbb36,0
549.fotonik3d_r/1,1/super_hot_regions:339,0x5dbd09bcbb3c,0
549.fotonik3d_r/1,1/super_hot_regions:339,0x5dbd09bcbb43,0
549.fotonik3d_r/1,1/super_hot_regions:339,0x5dbd09bcbb46,0
549.fotonik3d_r/1,1/super_hot_regions:339,0x5dbd09bcbb4a,0
549.fotonik3d_r/1,1/super_hot_regions:339,0x5dbd09bcbb4e,0
549.fotonik3d_r/1,1/super_hot_regions:339,0x5dbd09bcbb54,0
549.fotonik3d_r/1,1/super_hot_regions:339,0x5dbd09bcbb5e,0
549.fotonik3d_r/1,1/super_hot_regions:339,0x5dbd09bcbb61,0
549.fotonik3d_r/1,1/super_hot_regions:339,0x5dbd09bcbb65,0
549.fotonik3d_r/1,1/super_hot_regions:339,0x5dbd09bcbb6c,0
549.fotonik3d_r/1,1/super_hot_regions:339,0x5dbd09bcbb73,0
549.fotonik3d_r/1,1/super_hot_regions:339,0x5dbd09bcbb76,0
549.fotonik3d_r/1,1/super_hot_regions:339,0x5dbd09bcbb7d,0
549.fotonik3d_r/1,1/super_hot_regions:339,0x5dbd09bcbb84,0
549.fotonik3d_r/1,1/super_hot_regions:339,0x5dbd09bcbb8c,0
549.fotonik3d_r/1,1/super_hot_regions:339,0x5dbd09bcbb90,0
549.fotonik3d_r/1,1/super_hot_regions:339,0x5dbd09bcbb93,0
549.fotonik3d_r/1,1/super_hot_regions:339,0x5dbd09bcbb96,0
549.fotonik3d_r/1,1/super_hot_regions:339,0x5dbd09bcbb99,0
549.fotonik3d_r/1,1/super_hot_regions:339,0x5dbd09bcbba8,0
549.fotonik3d_r/1,1/super_hot_regions:339,0x5dbd09bcbbab,0
549.fotonik3d_r/1,1/super_hot_regions:339,0x5dbd09bcbbaf,0
549.fotonik3d_r/1,1/super_hot_regions:339,0x5dbd09bcbbb3,0
549.fotonik3d_r/1,1/super_hot_regions:339,0x5dbd09bcbbbd,0
549.fotonik3d_r/1,1/super_hot_regions:339,0x5dbd09bcbbc0,0
549.fotonik3d_r/1,1/super_hot_regions:339,0x5dbd09bcbbcb,0
549.fotonik3d_r/1,1/super_hot_regions:339,0x5dbd09bcbbcf,0
549.fotonik3d_r/1,1/super_hot_regions:339,0x5dbd09bcbbd2,0
549.fotonik3d_r/1,1/super_hot_regions:339,0x5dbd09bcbbd7,0
549.fotonik3d_r/1,1/super_hot_regions:339,0x5dbd09bcbbda,0
549.fotonik3d_r/1,1/super_hot_regions:339,0x5dbd09bcbbe1,0
549.fotonik3d_r/1,1/super_hot_regions:339,0x5dbd09bcbbe4,0
549.fotonik3d_r/1,1/super_hot_regions:339,0x5dbd09bcbbec,0
549.fotonik3d_r/1,1/super_hot_regions:339,0x5dbd09bcbbf0,0
549.fotonik3d_r/1,1/super_hot_regions:339,0x5dbd09bcbbf7,0
549.fotonik3d_r/1,1/super_hot_regions:339,0x5dbd09bcbbfa,0
549.fotonik3d_r/1,1/super_hot_regions:339,0x5dbd09bcbbfd,0
549.fotonik3d_r/1,1/super_hot_regions:339,0x5dbd09bcbc04,0
549.fotonik3d_r/1,1/super_hot_regions:339,0x5dbd09bcbc07,0
549.fotonik3d_r/1,1/super_hot_regions:339,0x5dbd09bcbc0b,0
549.fotonik3d_r/1,1/super_hot_regions:339,0x5dbd09bcbc0f,0
549.fotonik3d_r/1,1/super_hot_regions:339,0x5dbd09bcbc12,0
549.fotonik3d_r/1,1/super_hot_regions:339,0x5dbd09bcbc15,0
549.fotonik3d_r/1,1/super_hot_regions:339,0x5dbd09bcbc1c,0
549.fotonik3d_r/1,1/super_hot_regions:339,0x5dbd09bcbc20,0

549.fotonik3d_r/1,1/super_hot_regions:343,0x5dbd09bcd947,2
549.fotonik3d_r/1,1/super_hot_regions:343,0x5dbd09bcd94d,0
549.fotonik3d_r/1,1/super_hot_regions:343,0x5dbd09bcd954,0

549.fotonik3d_r/1,1/super_hot_regions:345,0x5dbd09bcbef7,26
549.fotonik3d_r/1,1/super_hot_regions:345,0x5dbd09bcbf01,0
549.fotonik3d_r/1,1/super_hot_regions:345,0x5dbd09bcbf15,0
549.fotonik3d_r/1,1/super_hot_regions:345,0x5dbd09bcbf1c,0
549.fotonik3d_r/1,1/super_hot_regions:345,0x5dbd09bcbf23,0
549.fotonik3d_r/1,1/super_hot_regions:345,0x5dbd09bcbf26,0
549.fotonik3d_r/1,1/super_hot_regions:345,0x5dbd09bcbf29,0
549.fotonik3d_r/1,1/super_hot_regions:345,0x5dbd09bcbf35,0
549.fotonik3d_r/1,1/super_hot_regions:345,0x5dbd09bcbf39,0
549.fotonik3d_r/1,1/super_hot_regions:345,0x5dbd09bcbf40,0
549.fotonik3d_r/1,1/super_hot_regions:345,0x5dbd09bcbf43,0
549.fotonik3d_r/1,1/super_hot_regions:345,0x5dbd09bcbf46,0
549.fotonik3d_r/1,1/super_hot_regions:345,0x5dbd09bcbf49,0
549.fotonik3d_r/1,1/super_hot_regions:345,0x5dbd09bcbf50,0
549.fotonik3d_r/1,1/super_hot_regions:345,0x5dbd09bcbf57,0
549.fotonik3d_r/1,1/super_hot_regions:345,0x5dbd09bcbf5a,0
549.fotonik3d_r/1,1/super_hot_regions:345,0x5dbd09bcbf5e,0
549.fotonik3d_r/1,1/super_hot_regions:345,0x5dbd09bcbf62,0
549.fotonik3d_r/1,1/super_hot_regions:345,0x5dbd09bcbf6c,0
549.fotonik3d_r/1,1/super_hot_regions:345,0x5dbd09bcbf6f,0
549.fotonik3d_r/1,1/super_hot_regions:345,0x5dbd09bcbf76,0
549.fotonik3d_r/1,1/super_hot_regions:345,0x5dbd09bcbf7d,0
549.fotonik3d_r/1,1/super_hot_regions:345,0x5dbd09bcbf89,0
549.fotonik3d_r/1,1/super_hot_regions:345,0x5dbd09bcbf93,0
549.fotonik3d_r/1,1/super_hot_regions:345,0x5dbd09bcbf9f,0
549.fotonik3d_r/1,1/super_hot_regions:345,0x5dbd09bcbfa2,0
549.fotonik3d_r/1,1/super_hot_regions:345,0x5dbd09bcbfaa,0
549.fotonik3d_r/1,1/super_hot_regions:345,0x5dbd09bcbfae,0
549.fotonik3d_r/1,1/super_hot_regions:345,0x5dbd09bcbfb1,0
549.fotonik3d_r/1,1/super_hot_regions:345,0x5dbd09bcbfb4,0
549.fotonik3d_r/1,1/super_hot_regions:345,0x5dbd09bcbfb7,0
549.fotonik3d_r/1,1/super_hot_regions:345,0x5dbd09bcbfc2,0
549.fotonik3d_r/1,1/super_hot_regions:345,0x5dbd09bcbfc5,0
549.fotonik3d_r/1,1/super_hot_regions:345,0x5dbd09bcbfc9,0
549.fotonik3d_r/1,1/super_hot_regions:345,0x5dbd09bcbfcd,0
549.fotonik3d_r/1,1/super_hot_regions:345,0x5dbd09bcbfd7,0
549.fotonik3d_r/1,1/super_hot_regions:345,0x5dbd09bcbfda,0
549.fotonik3d_r/1,1/super_hot_regions:345,0x5dbd09bcbfe6,0
549.fotonik3d_r/1,1/super_hot_regions:345,0x5dbd09bcbfea,0
549.fotonik3d_r/1,1/super_hot_regions:345,0x5dbd09bcbff4,0
549.fotonik3d_r/1,1/super_hot_regions:345,0x5dbd09bcbff9,0
549.fotonik3d_r/1,1/super_hot_regions:345,0x5dbd09bcbffc,0
549.fotonik3d_r/1,1/super_hot_regions:345,0x5dbd09bcbfff,0
549.fotonik3d_r/1,1/super_hot_regions:345,0x5dbd09bcc008,0
549.fotonik3d_r/1,1/super_hot_regions:345,0x5dbd09bcc00c,0
549.fotonik3d_r/1,1/super_hot_regions:345,0x5dbd09bcc013,0
549.fotonik3d_r/1,1/super_hot_regions:345,0x5dbd09bcc016,0
549.fotonik3d_r/1,1/super_hot_regions:345,0x5dbd09bcc019,0
549.fotonik3d_r/1,1/super_hot_regions:345,0x5dbd09bcc01f,0
549.fotonik3d_r/1,1/super_hot_regions:345,0x5dbd09bcc022,0
549.fotonik3d_r/1,1/super_hot_regions:345,0x5dbd09bcc026,0
549.fotonik3d_r/1,1/super_hot_regions:345,0x5dbd09bcc02a,0
549.fotonik3d_r/1,1/super_hot_regions:345,0x5dbd09bcc031,0
549.fotonik3d_r/1,1/super_hot_regions:345,0x5dbd09bcc034,0
549.fotonik3d_r/1,1/super_hot_regions:345,0x5dbd09bcc03b,0
549.fotonik3d_r/1,1/super_hot_regions:345,0x5dbd09bcc03f,0
549.fotonik3d_r/1,1/super_hot_regions:345,0x5dbd09bcc042,0

549.fotonik3d_r/1,1/super_hot_regions:354,0x5dbd09bcd99c,2
549.fotonik3d_r/1,1/super_hot_regions:354,0x5dbd09bcd9aa,0

549.fotonik3d_r/1,1/super_hot_regions:356,0x5dbd09bcd9e2,2
549.fotonik3d_r/1,1/super_hot_regions:356,0x5dbd09bcd9eb,0
549.fotonik3d_r/1,1/super_hot_regions:356,0x5dbd09bcd9fe,0

549.fotonik3d_r/1,1/super_hot_regions:358,0x5dbd09bcda05,1
549.fotonik3d_r/1,1/super_hot_regions:358,0x5dbd09bcda22,0

549.fotonik3d_r/1,1/super_hot_regions:360,0x5dbd09bcd9e6,2
549.fotonik3d_r/1,1/super_hot_regions:360,0x5dbd09bcd9f7,0
549.fotonik3d_r/1,1/super_hot_regions:360,0x5dbd09bcda0e,0
549.fotonik3d_r/1,1/super_hot_regions:360,0x5dbd09bcda30,0

549.fotonik3d_r/1,1/super_hot_regions:361,0x5dbd09bcda16,2
549.fotonik3d_r/1,1/super_hot_regions:361,0x5dbd09bcda1e,0
549.fotonik3d_r/1,1/super_hot_regions:361,0x5dbd09bcda33,0

549.fotonik3d_r/1,1/super_hot_regions:364,0x5dbd09bcd8ef,2
549.fotonik3d_r/1,1/super_hot_regions:364,0x5dbd09bcd8f5,0
549.fotonik3d_r/1,1/super_hot_regions:364,0x5dbd09bcd8fc,0

549.fotonik3d_r/1,1/super_hot_regions:366,0x5dbd09bcd907,2
549.fotonik3d_r/1,1/super_hot_regions:366,0x5dbd09bcd932,0

549.fotonik3d_r/1,1/super_hot_regions:367,0x5dbd09bcd913,2
549.fotonik3d_r/1,1/super_hot_regions:367,0x5dbd09bcd935,0

549.fotonik3d_r/1,1/super_hot_regions:368,0x5dbd09c460e5,2
549.fotonik3d_r/1,1/super_hot_regions:368,0x5dbd09c460f1,0
549.fotonik3d_r/1,1/super_hot_regions:368,0x5dbd09c46233,0

549.fotonik3d_r/1,1/super_hot_regions:369,0x5dbd09c460d9,2
549.fotonik3d_r/1,1/super_hot_regions:369,0x5dbd09c460dd,0
549.fotonik3d_r/1,1/super_hot_regions:369,0x5dbd09c46245,0

549.fotonik3d_r/1,1/super_hot_regions:37,0x5dbd09beafca,2
549.fotonik3d_r/1,1/super_hot_regions:37,0x5dbd09beafda,0
549.fotonik3d_r/1,1/super_hot_regions:37,0x5dbd09beafe2,0

549.fotonik3d_r/1,1/super_hot_regions:373,0x5dbd09c46969,2
549.fotonik3d_r/1,1/super_hot_regions:373,0x5dbd09c46991,0
549.fotonik3d_r/1,1/super_hot_regions:373,0x5dbd09c46999,0

549.fotonik3d_r/1,1/super_hot_regions:374,0x5dbd09c46971,2
549.fotonik3d_r/1,1/super_hot_regions:374,0x5dbd09c469a1,0

549.fotonik3d_r/1,1/super_hot_regions:375,0x5dbd09c46981,2
549.fotonik3d_r/1,1/super_hot_regions:375,0x5dbd09c469b9,0
549.fotonik3d_r/1,1/super_hot_regions:375,0x5dbd09c469c1,0

549.fotonik3d_r/1,1/super_hot_regions:376,0x5dbd09c46989,2
549.fotonik3d_r/1,1/super_hot_regions:376,0x5dbd09c469d9,0

549.fotonik3d_r/1,1/super_hot_regions:377,0x5dbd09c469b1,3
549.fotonik3d_r/1,1/super_hot_regions:377,0x5dbd09c469c9,0
549.fotonik3d_r/1,1/super_hot_regions:377,0x5dbd09c469d1,0
549.fotonik3d_r/1,1/super_hot_regions:377,0x5dbd09c469e1,0

549.fotonik3d_r/1,1/super_hot_regions:378,0x5dbd09c469a9,2
549.fotonik3d_r/1,1/super_hot_regions:378,0x5dbd09c469e9,0

549.fotonik3d_r/1,1/super_hot_regions:379,0x5dbd09c46a21,2
549.fotonik3d_r/1,1/super_hot_regions:379,0x5dbd09c46a49,0

549.fotonik3d_r/1,1/super_hot_regions:38,0x5dbd09beafea,2
549.fotonik3d_r/1,1/super_hot_regions:38,0x5dbd09beaffa,0
549.fotonik3d_r/1,1/super_hot_regions:38,0x5dbd09beb002,0

549.fotonik3d_r/1,1/super_hot_regions:380,0x5dbd09c46a19,2
549.fotonik3d_r/1,1/super_hot_regions:380,0x5dbd09c46a41,0
549.fotonik3d_r/1,1/super_hot_regions:380,0x5dbd09c46a51,0

549.fotonik3d_r/1,1/super_hot_regions:381,0x5dbd09c46a29,2
549.fotonik3d_r/1,1/super_hot_regions:381,0x5dbd09c46a69,0
549.fotonik3d_r/1,1/super_hot_regions:381,0x5dbd09c46a71,0

549.fotonik3d_r/1,1/super_hot_regions:382,0x5dbd09c46a11,2
549.fotonik3d_r/1,1/super_hot_regions:382,0x5dbd09c46a79,0
549.fotonik3d_r/1,1/super_hot_regions:382,0x5dbd09c46a91,0

549.fotonik3d_r/1,1/super_hot_regions:383,0x5dbd09c46a31,2
549.fotonik3d_r/1,1/super_hot_regions:383,0x5dbd09c46a81,0
549.fotonik3d_r/1,1/super_hot_regions:383,0x5dbd09c46a99,0

549.fotonik3d_r/1,1/super_hot_regions:384,0x5dbd09c46a59,2
549.fotonik3d_r/1,1/super_hot_regions:384,0x5dbd09c46aa1,0

549.fotonik3d_r/1,1/super_hot_regions:385,0x5dbd09c46a39,2
549.fotonik3d_r/1,1/super_hot_regions:385,0x5dbd09c46a89,0
549.fotonik3d_r/1,1/super_hot_regions:385,0x5dbd09c46aa9,0

549.fotonik3d_r/1,1/super_hot_regions:386,0x5dbd09c46a61,2
549.fotonik3d_r/1,1/super_hot_regions:386,0x5dbd09c46ab1,0

549.fotonik3d_r/1,1/super_hot_regions:387,0x5dbd09c46ab9,2
549.fotonik3d_r/1,1/super_hot_regions:387,0x5dbd09c46ac9,0

549.fotonik3d_r/1,1/super_hot_regions:388,0x5dbd09c46ac1,2
549.fotonik3d_r/1,1/super_hot_regions:388,0x5dbd09c46ad1,0

549.fotonik3d_r/1,1/super_hot_regions:39,0x5dbd09beb00a,2
549.fotonik3d_r/1,1/super_hot_regions:39,0x5dbd09beb01a,0
549.fotonik3d_r/1,1/super_hot_regions:39,0x5dbd09beb022,0

549.fotonik3d_r/1,1/super_hot_regions:392,0x5dbd09c45fe0,3
549.fotonik3d_r/1,1/super_hot_regions:392,0x5dbd09c46002,0
549.fotonik3d_r/1,1/super_hot_regions:392,0x5dbd09c46012,0
549.fotonik3d_r/1,1/super_hot_regions:392,0x5dbd09c46015,0
549.fotonik3d_r/1,1/super_hot_regions:392,0x5dbd09c4601d,0
549.fotonik3d_r/1,1/super_hot_regions:392,0x5dbd09c460a2,0

549.fotonik3d_r/1,1/super_hot_regions:395,0x5dbd09c482ea,2
549.fotonik3d_r/1,1/super_hot_regions:395,0x5dbd09c482f2,0
549.fotonik3d_r/1,1/super_hot_regions:395,0x5dbd09c483fc,0

549.fotonik3d_r/1,1/super_hot_regions:396,0x5dbd09c482ee,2
549.fotonik3d_r/1,1/super_hot_regions:396,0x5dbd09c482fa,0
549.fotonik3d_r/1,1/super_hot_regions:396,0x5dbd09c4848c,0

549.fotonik3d_r/1,1/super_hot_regions:40,0x5dbd09beaff2,2
549.fotonik3d_r/1,1/super_hot_regions:40,0x5dbd09beb03a,0
549.fotonik3d_r/1,1/super_hot_regions:40,0x5dbd09beb04a,0

549.fotonik3d_r/1,1/super_hot_regions:400,0x5dbd09c48b84,2
549.fotonik3d_r/1,1/super_hot_regions:400,0x5dbd09c48b9c,0

549.fotonik3d_r/1,1/super_hot_regions:401,0x5dbd09c48b8c,2
549.fotonik3d_r/1,1/super_hot_regions:401,0x5dbd09c48bbc,0
549.fotonik3d_r/1,1/super_hot_regions:401,0x5dbd09c48bc4,0

549.fotonik3d_r/1,1/super_hot_regions:402,0x5dbd09c48ba4,2
549.fotonik3d_r/1,1/super_hot_regions:402,0x5dbd09c48bcc,0

549.fotonik3d_r/1,1/super_hot_regions:403,0x5dbd09c48bdc,2
549.fotonik3d_r/1,1/super_hot_regions:403,0x5dbd09c48bf4,0

549.fotonik3d_r/1,1/super_hot_regions:404,0x5dbd09c48bd4,3
549.fotonik3d_r/1,1/super_hot_regions:404,0x5dbd09c48be4,0
549.fotonik3d_r/1,1/super_hot_regions:404,0x5dbd09c48bec,0
549.fotonik3d_r/1,1/super_hot_regions:404,0x5dbd09c48bfc,0

549.fotonik3d_r/1,1/super_hot_regions:405,0x5dbd09c48bb4,2
549.fotonik3d_r/1,1/super_hot_regions:405,0x5dbd09c48c04,0

549.fotonik3d_r/1,1/super_hot_regions:406,0x5dbd09c48bac,2
549.fotonik3d_r/1,1/super_hot_regions:406,0x5dbd09c48c0c,0
549.fotonik3d_r/1,1/super_hot_regions:406,0x5dbd09c48c1c,0

549.fotonik3d_r/1,1/super_hot_regions:407,0x5dbd09c48c3f,2
549.fotonik3d_r/1,1/super_hot_regions:407,0x5dbd09c48c67,0

549.fotonik3d_r/1,1/super_hot_regions:408,0x5dbd09c48c37,2
549.fotonik3d_r/1,1/super_hot_regions:408,0x5dbd09c48c5f,0
549.fotonik3d_r/1,1/super_hot_regions:408,0x5dbd09c48c6f,0

549.fotonik3d_r/1,1/super_hot_regions:409,0x5dbd09c48c47,2
549.fotonik3d_r/1,1/super_hot_regions:409,0x5dbd09c48c87,0
549.fotonik3d_r/1,1/super_hot_regions:409,0x5dbd09c48c8f,0

549.fotonik3d_r/1,1/super_hot_regions:41,0x5dbd09beb012,2
549.fotonik3d_r/1,1/super_hot_regions:41,0x5dbd09beb042,0
549.fotonik3d_r/1,1/super_hot_regions:41,0x5dbd09beb052,0

549.fotonik3d_r/1,1/super_hot_regions:410,0x5dbd09c48c2f,2
549.fotonik3d_r/1,1/super_hot_regions:410,0x5dbd09c48c97,0
549.fotonik3d_r/1,1/super_hot_regions:410,0x5dbd09c48caf,0

549.fotonik3d_r/1,1/super_hot_regions:411,0x5dbd09c48c4f,2
549.fotonik3d_r/1,1/super_hot_regions:411,0x5dbd09c48c9f,0
549.fotonik3d_r/1,1/super_hot_regions:411,0x5dbd09c48cb7,0

549.fotonik3d_r/1,1/super_hot_regions:412,0x5dbd09c48c77,2
549.fotonik3d_r/1,1/super_hot_regions:412,0x5dbd09c48cbf,0

549.fotonik3d_r/1,1/super_hot_regions:413,0x5dbd09c48c57,2
549.fotonik3d_r/1,1/super_hot_regions:413,0x5dbd09c48ca7,0
549.fotonik3d_r/1,1/super_hot_regions:413,0x5dbd09c48cc7,0

549.fotonik3d_r/1,1/super_hot_regions:414,0x5dbd09c48c7f,2
549.fotonik3d_r/1,1/super_hot_regions:414,0x5dbd09c48ccf,0

549.fotonik3d_r/1,1/super_hot_regions:415,0x5dbd09c48cd7,2
549.fotonik3d_r/1,1/super_hot_regions:415,0x5dbd09c48ce7,0

549.fotonik3d_r/1,1/super_hot_regions:416,0x5dbd09c48cdf,2
549.fotonik3d_r/1,1/super_hot_regions:416,0x5dbd09c48cef,0

549.fotonik3d_r/1,1/super_hot_regions:42,0x5dbd09beb02a,2
549.fotonik3d_r/1,1/super_hot_regions:42,0x5dbd09beb072,0

549.fotonik3d_r/1,1/super_hot_regions:43,0x5dbd09beb07a,2
549.fotonik3d_r/1,1/super_hot_regions:43,0x5dbd09beb085,0

549.fotonik3d_r/1,1/super_hot_regions:44,0x5dbd09beafd2,2
549.fotonik3d_r/1,1/super_hot_regions:44,0x5dbd09beb032,0
549.fotonik3d_r/1,1/super_hot_regions:44,0x5dbd09beb082,0
549.fotonik3d_r/1,1/super_hot_regions:44,0x5dbd09beb095,0

549.fotonik3d_r/1,1/super_hot_regions:45,0x5dbd09beb08d,2
549.fotonik3d_r/1,1/super_hot_regions:45,0x5dbd09beb098,0

549.fotonik3d_r/1,1/super_hot_regions:47,0x5dbd09beaaf8,3
549.fotonik3d_r/1,1/super_hot_regions:47,0x5dbd09beab00,0
549.fotonik3d_r/1,1/super_hot_regions:47,0x5dbd09beab0f,0
549.fotonik3d_r/1,1/super_hot_regions:47,0x5dbd09beab12,0
549.fotonik3d_r/1,1/super_hot_regions:47,0x5dbd09beab1a,0
549.fotonik3d_r/1,1/super_hot_regions:47,0x5dbd09beab22,0
549.fotonik3d_r/1,1/super_hot_regions:47,0x5dbd09beab25,0

549.fotonik3d_r/1,1/super_hot_regions:48,0x5dbd09beab2d,3
549.fotonik3d_r/1,1/super_hot_regions:48,0x5dbd09beab35,0
549.fotonik3d_r/1,1/super_hot_regions:48,0x5dbd09beab3d,0
549.fotonik3d_r/1,1/super_hot_regions:48,0x5dbd09beab40,0
549.fotonik3d_r/1,1/super_hot_regions:48,0x5dbd09beab48,0
549.fotonik3d_r/1,1/super_hot_regions:48,0x5dbd09beab50,0

549.fotonik3d_r/1,1/super_hot_regions:50,0x5dbd09c3e396,2
549.fotonik3d_r/1,1/super_hot_regions:50,0x5dbd09c3e3a9,0
549.fotonik3d_r/1,1/super_hot_regions:50,0x5dbd09c3e4e2,0

549.fotonik3d_r/1,1/super_hot_regions:51,0x5dbd09c3e371,2
549.fotonik3d_r/1,1/super_hot_regions:51,0x5dbd09c3e38e,0
549.fotonik3d_r/1,1/super_hot_regions:51,0x5dbd09c3e4f9,0

549.fotonik3d_r/1,1/super_hot_regions:57,0x5dbd09c3ebf4,2
549.fotonik3d_r/1,1/super_hot_regions:57,0x5dbd09c3ec04,0

549.fotonik3d_r/1,1/super_hot_regions:58,0x5dbd09c3ebec,2
549.fotonik3d_r/1,1/super_hot_regions:58,0x5dbd09c3ebfc,0
549.fotonik3d_r/1,1/super_hot_regions:58,0x5dbd09c3ec0c,0

549.fotonik3d_r/1,1/super_hot_regions:59,0x5dbd09c3ec0f,2
549.fotonik3d_r/1,1/super_hot_regions:59,0x5dbd09c3ec1f,0

549.fotonik3d_r/1,1/super_hot_regions:60,0x5dbd09c3ec17,2
549.fotonik3d_r/1,1/super_hot_regions:60,0x5dbd09c3ec27,0
549.fotonik3d_r/1,1/super_hot_regions:60,0x5dbd09c3ec37,0

549.fotonik3d_r/1,1/super_hot_regions:61,0x5dbd09c3ec3a,2
549.fotonik3d_r/1,1/super_hot_regions:61,0x5dbd09c3ec52,0

549.fotonik3d_r/1,1/super_hot_regions:62,0x5dbd09c3ec2f,2
549.fotonik3d_r/1,1/super_hot_regions:62,0x5dbd09c3ec5a,0

549.fotonik3d_r/1,1/super_hot_regions:63,0x5dbd09c3ec62,2
549.fotonik3d_r/1,1/super_hot_regions:63,0x5dbd09c3ec82,0

549.fotonik3d_r/1,1/super_hot_regions:64,0x5dbd09c3ec6a,2
549.fotonik3d_r/1,1/super_hot_regions:64,0x5dbd09c3ec7a,0
549.fotonik3d_r/1,1/super_hot_regions:64,0x5dbd09c3ecb2,0

549.fotonik3d_r/1,1/super_hot_regions:65,0x5dbd09c3ecaa,2
549.fotonik3d_r/1,1/super_hot_regions:65,0x5dbd09c3ecba,0

549.fotonik3d_r/1,1/super_hot_regions:66,0x5dbd09c3ecc2,2
549.fotonik3d_r/1,1/super_hot_regions:66,0x5dbd09c3ecd2,0

549.fotonik3d_r/1,1/super_hot_regions:67,0x5dbd09c3ecca,2
549.fotonik3d_r/1,1/super_hot_regions:67,0x5dbd09c3ecda,0

549.fotonik3d_r/1,1/super_hot_regions:68,0x5dbd09c3ece2,2
549.fotonik3d_r/1,1/super_hot_regions:68,0x5dbd09c3ecf2,0

549.fotonik3d_r/1,1/super_hot_regions:69,0x5dbd09c3ecea,2
549.fotonik3d_r/1,1/super_hot_regions:69,0x5dbd09c3ecfa,0

549.fotonik3d_r/1,1/super_hot_regions:70,0x5dbd09c3ec42,2
549.fotonik3d_r/1,1/super_hot_regions:70,0x5dbd09c3ec8a,0
549.fotonik3d_r/1,1/super_hot_regions:70,0x5dbd09c3ed1a,0

549.fotonik3d_r/1,1/super_hot_regions:71,0x5dbd09c3ec4a,2
549.fotonik3d_r/1,1/super_hot_regions:71,0x5dbd09c3ec92,0
549.fotonik3d_r/1,1/super_hot_regions:71,0x5dbd09c3ed22,0

549.fotonik3d_r/1,1/super_hot_regions:72,0x5dbd09c3eca2,2
549.fotonik3d_r/1,1/super_hot_regions:72,0x5dbd09c3ed12,0
549.fotonik3d_r/1,1/super_hot_regions:72,0x5dbd09c3ed2a,0

549.fotonik3d_r/1,1/super_hot_regions:73,0x5dbd09c3ed0a,2
549.fotonik3d_r/1,1/super_hot_regions:73,0x5dbd09c3ed32,0

549.fotonik3d_r/1,1/super_hot_regions:74,0x5dbd09c3ed02,2
549.fotonik3d_r/1,1/super_hot_regions:74,0x5dbd09c3ed3a,0

549.fotonik3d_r/1,1/super_hot_regions:75,0x5dbd09c3ed42,2
549.fotonik3d_r/1,1/super_hot_regions:75,0x5dbd09c3ed4e,0

549.fotonik3d_r/1,1/super_hot_regions:79,0x5dbd09c3e2d6,3
549.fotonik3d_r/1,1/super_hot_regions:79,0x5dbd09c3e2de,0
549.fotonik3d_r/1,1/super_hot_regions:79,0x5dbd09c3e2eb,0
549.fotonik3d_r/1,1/super_hot_regions:79,0x5dbd09c3e2ee,0
549.fotonik3d_r/1,1/super_hot_regions:79,0x5dbd09c3e2f6,0
549.fotonik3d_r/1,1/super_hot_regions:79,0x5dbd09c3e2fe,0

549.fotonik3d_r/1,1/super_hot_regions:85,0x5dbd09c137f2,2
549.fotonik3d_r/1,1/super_hot_regions:85,0x5dbd09c137f9,0

549.fotonik3d_r/1,1/super_hot_regions:87,0x5dbd09c1396c,2
549.fotonik3d_r/1,1/super_hot_regions:87,0x5dbd09c13978,0

549.fotonik3d_r/1,1/super_hot_regions:88,0x5dbd09c13851,2
549.fotonik3d_r/1,1/super_hot_regions:88,0x5dbd09c13987,0

549.fotonik3d_r/1,1/super_hot_regions:89,0x5dbd09c139a1,2
549.fotonik3d_r/1,1/super_hot_regions:89,0x5dbd09c139a9,0

549.fotonik3d_r/1,1/super_hot_regions:90,0x5dbd09c13990,2
549.fotonik3d_r/1,1/super_hot_regions:90,0x5dbd09c1399e,0
549.fotonik3d_r/1,1/super_hot_regions:90,0x5dbd09c139b2,0

549.fotonik3d_r/1,1/super_hot_regions:91,0x5dbd09c13879,2
549.fotonik3d_r/1,1/super_hot_regions:91,0x5dbd09c13895,0
549.fotonik3d_r/1,1/super_hot_regions:91,0x5dbd09c1389b,0
549.fotonik3d_r/1,1/super_hot_regions:91,0x5dbd09c139dd,0

549.fotonik3d_r/1,1/super_hot_regions:92,0x5dbd09c13885,2
549.fotonik3d_r/1,1/super_hot_regions:92,0x5dbd09c13898,0
549.fotonik3d_r/1,1/super_hot_regions:92,0x5dbd09c138af,0
549.fotonik3d_r/1,1/super_hot_regions:92,0x5dbd09c13a06,0

549.fotonik3d_r/1,1/super_hot_regions:93,0x5dbd09c1383d,3
549.fotonik3d_r/1,1/super_hot_regions:93,0x5dbd09c13859,0
549.fotonik3d_r/1,1/super_hot_regions:93,0x5dbd09c1397f,0
549.fotonik3d_r/1,1/super_hot_regions:93,0x5dbd09c13a1b,0

549.fotonik3d_r/1,1/super_hot_regions:94,0x5dbd09c13865,2
549.fotonik3d_r/1,1/super_hot_regions:94,0x5dbd09c13869,0
549.fotonik3d_r/1,1/super_hot_regions:94,0x5dbd09c13a29,0

549.fotonik3d_r/1,1/super_hot_regions:95,0x5dbd09c138c3,2
549.fotonik3d_r/1,1/super_hot_regions:95,0x5dbd09c138ea,0
549.fotonik3d_r/1,1/super_hot_regions:95,0x5dbd09c13a38,0

549.fotonik3d_r/1,1/super_hot_regions:96,0x5dbd09c138cb,2
549.fotonik3d_r/1,1/super_hot_regions:96,0x5dbd09c138fa,0
549.fotonik3d_r/1,1/super_hot_regions:96,0x5dbd09c13a67,0

549.fotonik3d_r/1,1/super_hot_regions:97,0x5dbd09c138a3,2
549.fotonik3d_r/1,1/super_hot_regions:97,0x5dbd09c138d7,0
549.fotonik3d_r/1,1/super_hot_regions:97,0x5dbd09c13a73,0

549.fotonik3d_r/1,1/super_hot_regions:98,0x5dbd09c138cf,2
549.fotonik3d_r/1,1/super_hot_regions:98,0x5dbd09c138e7,0
549.fotonik3d_r/1,1/super_hot_regions:98,0x5dbd09c13902,0
549.fotonik3d_r/1,1/super_hot_regions:98,0x5dbd09c13a92,0

549.fotonik3d_r/1,1/super_hot_regions:99,0x5dbd09c138f2,2
549.fotonik3d_r/1,1/super_hot_regions:99,0x5dbd09c1391a,0
549.fotonik3d_r/1,1/super_hot_regions:99,0x5dbd09c13921,0
549.fotonik3d_r/1,1/super_hot_regions:99,0x5dbd09c13adb,0

554.roms_r/1,1/super_hot_regions:131,0x7e3586c9394e,1
554.roms_r/1,1/super_hot_regions:131,0x7e3586c93a13,0

554.roms_r/1,1/super_hot_regions:22,0x5d9dc6ebc2da,2
554.roms_r/1,1/super_hot_regions:22,0x5d9dc6ebc2e1,0

554.roms_r/1,1/super_hot_regions:23,0x5d9dc6ebc2ec,2
554.roms_r/1,1/super_hot_regions:23,0x5d9dc6ebc2f3,0

554.roms_r/1,1/super_hot_regions:25,0x5d9dc6ebc1c5,2
554.roms_r/1,1/super_hot_regions:25,0x5d9dc6ebc360,0
554.roms_r/1,1/super_hot_regions:25,0x5d9dc6ebc36d,0
554.roms_r/1,1/super_hot_regions:25,0x5d9dc6ebc377,0
554.roms_r/1,1/super_hot_regions:25,0x5d9dc6ebc37e,0

554.roms_r/1,1/super_hot_regions:48,0x5d9dc6ebf21d,2
554.roms_r/1,1/super_hot_regions:48,0x5d9dc6ebf22b,0

554.roms_r/1,1/super_hot_regions:49,0x5d9dc6ebf232,2
554.roms_r/1,1/super_hot_regions:49,0x5d9dc6ebf23e,0

554.roms_r/1,1/super_hot_regions:50,0x5d9dc6ebf245,2
554.roms_r/1,1/super_hot_regions:50,0x5d9dc6ebf253,0

554.roms_r/1,1/super_hot_regions:51,0x5d9dc6ebf25a,2
554.roms_r/1,1/super_hot_regions:51,0x5d9dc6ebf264,0

554.roms_r/1,1/super_hot_regions:52,0x5d9dc6ebf26b,2
554.roms_r/1,1/super_hot_regions:52,0x5d9dc6ebf276,0

554.roms_r/1,1/super_hot_regions:53,0x5d9dc6ebf24c,2
554.roms_r/1,1/super_hot_regions:53,0x5d9dc6ebf261,0
554.roms_r/1,1/super_hot_regions:53,0x5d9dc6ebf27d,0

557.xz_r/1,1/super_hot_regions:1,0x5c92f1c8ef52,2
557.xz_r/1,1/super_hot_regions:1,0x5c92f1c8ef59,0

557.xz_r/1,1/super_hot_regions:10,0x5c92f1c8ef05,2
557.xz_r/1,1/super_hot_regions:10,0x5c92f1c8ef11,0
557.xz_r/1,1/super_hot_regions:10,0x5c92f1c8ef14,0
557.xz_r/1,1/super_hot_regions:10,0x5c92f1c8ef17,0
557.xz_r/1,1/super_hot_regions:10,0x5c92f1c8ef1a,0

557.xz_r/1,1/super_hot_regions:100,0x5c92f1c8ee5c,4
557.xz_r/1,1/super_hot_regions:100,0x5c92f1c8ee63,0
557.xz_r/1,1/super_hot_regions:100,0x5c92f1c8ee67,0
557.xz_r/1,1/super_hot_regions:100,0x5c92f1c8ee70,0
557.xz_r/1,1/super_hot_regions:100,0x5c92f1c8ee88,0
557.xz_r/1,1/super_hot_regions:100,0x5c92f1c8ee91,0

557.xz_r/1,1/super_hot_regions:101,0x5c92f1c8ee78,2
557.xz_r/1,1/super_hot_regions:101,0x5c92f1c8ee94,0
557.xz_r/1,1/super_hot_regions:101,0x5c92f1c8ee98,0
557.xz_r/1,1/super_hot_regions:101,0x5c92f1c8ee9c,0
557.xz_r/1,1/super_hot_regions:101,0x5c92f1c8eea2,0
557.xz_r/1,1/super_hot_regions:101,0x5c92f1c8eea8,0

557.xz_r/1,1/super_hot_regions:102,0x5c92f1c8ee7e,1
557.xz_r/1,1/super_hot_regions:102,0x5c92f1c8ee81,0
557.xz_r/1,1/super_hot_regions:102,0x5c92f1c8eead,0
557.xz_r/1,1/super_hot_regions:102,0x5c92f1c8eeb0,0
557.xz_r/1,1/super_hot_regions:102,0x5c92f1c8eeb3,0
557.xz_r/1,1/super_hot_regions:102,0x5c92f1c8eeb7,0

557.xz_r/1,1/super_hot_regions:103,0x5c92f1c8ee60,3
557.xz_r/1,1/super_hot_regions:103,0x5c92f1c8ee6b,0
557.xz_r/1,1/super_hot_regions:103,0x5c92f1c8ee73,0
557.xz_r/1,1/super_hot_regions:103,0x5c92f1c8ee9f,0
557.xz_r/1,1/super_hot_regions:103,0x5c92f1c8eeaa,0
557.xz_r/1,1/super_hot_regions:103,0x5c92f1c8eeb9,0
557.xz_r/1,1/super_hot_regions:103,0x5c92f1c8eebe,0

557.xz_r/1,1/super_hot_regions:105,0x5c92f1c95672,2
557.xz_r/1,1/super_hot_regions:105,0x5c92f1c95679,0

557.xz_r/1,1/super_hot_regions:108,0x5c92f1c94e1c,2
557.xz_r/1,1/super_hot_regions:108,0x5c92f1c94e2c,0

557.xz_r/1,1/super_hot_regions:109,0x5c92f1c94e37,2
557.xz_r/1,1/super_hot_regions:109,0x5c92f1c94e3f,0

557.xz_r/1,1/super_hot_regions:11,0x5c92f1c8ef1d,1
557.xz_r/1,1/super_hot_regions:11,0x5c92f1c8ef20,0

557.xz_r/1,1/super_hot_regions:110,0x5c92f1c94df2,3
557.xz_r/1,1/super_hot_regions:110,0x5c92f1c94df9,0
557.xz_r/1,1/super_hot_regions:110,0x5c92f1c94e01,0
557.xz_r/1,1/super_hot_regions:110,0x5c92f1c94e04,0
557.xz_r/1,1/super_hot_regions:110,0x5c92f1c94e08,0
557.xz_r/1,1/super_hot_regions:110,0x5c92f1c94e10,0
557.xz_r/1,1/super_hot_regions:110,0x5c92f1c94e12,0
557.xz_r/1,1/super_hot_regions:110,0x5c92f1c94e15,0
557.xz_r/1,1/super_hot_regions:110,0x5c92f1c94e18,0
557.xz_r/1,1/super_hot_regions:110,0x5c92f1c94e44,0

557.xz_r/1,1/super_hot_regions:111,0x5c92f1c94e4c,1
557.xz_r/1,1/super_hot_regions:111,0x5c92f1c94e52,0

557.xz_r/1,1/super_hot_regions:112,0x5c92f1c94e24,3
557.xz_r/1,1/super_hot_regions:112,0x5c92f1c94e30,0
557.xz_r/1,1/super_hot_regions:112,0x5c92f1c94e5c,0

557.xz_r/1,1/super_hot_regions:113,0x5c92f1c94e5a,1
557.xz_r/1,1/super_hot_regions:113,0x5c92f1c94e67,0

557.xz_r/1,1/super_hot_regions:114,0x5c92f1c94e5f,3
557.xz_r/1,1/super_hot_regions:114,0x5c92f1c94e6a,0
557.xz_r/1,1/super_hot_regions:114,0x5c92f1c94e6d,0
557.xz_r/1,1/super_hot_regions:114,0x5c92f1c94e70,0
557.xz_r/1,1/super_hot_regions:114,0x5c92f1c94e73,0

557.xz_r/1,1/super_hot_regions:116,0x5c92f1c94efe,4
557.xz_r/1,1/super_hot_regions:116,0x5c92f1c94f0b,0
557.xz_r/1,1/super_hot_regions:116,0x5c92f1c94f1f,0
557.xz_r/1,1/super_hot_regions:116,0x5c92f1c94f23,0

557.xz_r/1,1/super_hot_regions:119,0x5c92f1c95082,1
557.xz_r/1,1/super_hot_regions:119,0x5c92f1c95087,0
557.xz_r/1,1/super_hot_regions:119,0x5c92f1c95089,0
557.xz_r/1,1/super_hot_regions:119,0x5c92f1c95094,0

557.xz_r/1,1/super_hot_regions:122,0x5c92f1c951d3,3
557.xz_r/1,1/super_hot_regions:122,0x5c92f1c951da,0
557.xz_r/1,1/super_hot_regions:122,0x5c92f1c951de,0

557.xz_r/1,1/super_hot_regions:124,0x5c92f1c94c80,2
557.xz_r/1,1/super_hot_regions:124,0x5c92f1c94c8b,0
557.xz_r/1,1/super_hot_regions:124,0x5c92f1c94ccd,0

557.xz_r/1,1/super_hot_regions:125,0x5c92f1c94cb6,2
557.xz_r/1,1/super_hot_regions:125,0x5c92f1c94cbd,0
557.xz_r/1,1/super_hot_regions:125,0x5c92f1c94cc4,0
557.xz_r/1,1/super_hot_regions:125,0x5c92f1c94ccb,0
557.xz_r/1,1/super_hot_regions:125,0x5c92f1c94cd0,0

557.xz_r/1,1/super_hot_regions:126,0x5c92f1c94cde,2
557.xz_r/1,1/super_hot_regions:126,0x5c92f1c94cf2,0

557.xz_r/1,1/super_hot_regions:127,0x5c92f1c94c7c,3
557.xz_r/1,1/super_hot_regions:127,0x5c92f1c94c88,0
557.xz_r/1,1/super_hot_regions:127,0x5c92f1c94cf8,0
557.xz_r/1,1/super_hot_regions:127,0x5c92f1c94d0f,0

557.xz_r/1,1/super_hot_regions:128,0x5c92f1c94cab,2
557.xz_r/1,1/super_hot_regions:128,0x5c92f1c94cae,0
557.xz_r/1,1/super_hot_regions:128,0x5c92f1c94cb1,0
557.xz_r/1,1/super_hot_regions:128,0x5c92f1c94cd2,0
557.xz_r/1,1/super_hot_regions:128,0x5c92f1c94cda,0
557.xz_r/1,1/super_hot_regions:128,0x5c92f1c94d17,0

557.xz_r/1,1/super_hot_regions:131,0x5c92f1c94f9e,1
557.xz_r/1,1/super_hot_regions:131,0x5c92f1c94fa6,0
557.xz_r/1,1/super_hot_regions:131,0x5c92f1c94fa8,0
557.xz_r/1,1/super_hot_regions:131,0x5c92f1c94fab,0
557.xz_r/1,1/super_hot_regions:131,0x5c92f1c94fae,0

557.xz_r/1,1/super_hot_regions:132,0x5c92f1c94fb5,2
557.xz_r/1,1/super_hot_regions:132,0x5c92f1c94fcf,0

557.xz_r/1,1/super_hot_regions:133,0x5c92f1c94fd7,2
557.xz_r/1,1/super_hot_regions:133,0x5c92f1c94fe6,0
557.xz_r/1,1/super_hot_regions:133,0x5c92f1c94fe8,0

557.xz_r/1,1/super_hot_regions:134,0x5c92f1c8cfb4,1
557.xz_r/1,1/super_hot_regions:134,0x5c92f1c8cfb7,0

557.xz_r/1,1/super_hot_regions:135,0x5c92f1c8cf90,2
557.xz_r/1,1/super_hot_regions:135,0x5c92f1c8cf97,0
557.xz_r/1,1/super_hot_regions:135,0x5c92f1c8cf9c,0
557.xz_r/1,1/super_hot_regions:135,0x5c92f1c8cfa6,0
557.xz_r/1,1/super_hot_regions:135,0x5c92f1c8cfb9,0

557.xz_r/1,1/super_hot_regions:136,0x5c92f1c8cf9e,4
557.xz_r/1,1/super_hot_regions:136,0x5c92f1c8cfa9,0
557.xz_r/1,1/super_hot_regions:136,0x5c92f1c8cfad,0
557.xz_r/1,1/super_hot_regions:136,0x5c92f1c8cfb1,0
557.xz_r/1,1/super_hot_regions:136,0x5c92f1c8cfbc,0
557.xz_r/1,1/super_hot_regions:136,0x5c92f1c8cfc7,0

557.xz_r/1,1/super_hot_regions:138,0x5c92f1c90bb0,2
557.xz_r/1,1/super_hot_regions:138,0x5c92f1c90bbb,0

557.xz_r/1,1/super_hot_regions:142,0x5c92f1c90ad2,2
557.xz_r/1,1/super_hot_regions:142,0x5c92f1c90ad9,0

557.xz_r/1,1/super_hot_regions:146,0x5c92f1c94d74,1
557.xz_r/1,1/super_hot_regions:146,0x5c92f1c94d77,0

557.xz_r/1,1/super_hot_regions:147,0x5c92f1c94dbd,1
557.xz_r/1,1/super_hot_regions:147,0x5c92f1c94dc1,0

557.xz_r/1,1/super_hot_regions:148,0x5c92f1c94d9c,4
557.xz_r/1,1/super_hot_regions:148,0x5c92f1c94da0,0
557.xz_r/1,1/super_hot_regions:148,0x5c92f1c94da8,0
557.xz_r/1,1/super_hot_regions:148,0x5c92f1c94dac,0
557.xz_r/1,1/super_hot_regions:148,0x5c92f1c94dc6,0
557.xz_r/1,1/super_hot_regions:148,0x5c92f1c94dc9,0
557.xz_r/1,1/super_hot_regions:148,0x5c92f1c94dce,0
557.xz_r/1,1/super_hot_regions:148,0x5c92f1c94dd2,0
557.xz_r/1,1/super_hot_regions:148,0x5c92f1c94dd4,0

557.xz_r/1,1/super_hot_regions:15,0x5c92f1c9196d,3
557.xz_r/1,1/super_hot_regions:15,0x5c92f1c91974,0
557.xz_r/1,1/super_hot_regions:15,0x5c92f1c91978,0

557.xz_r/1,1/super_hot_regions:150,0x5c92f1c94560,2
557.xz_r/1,1/super_hot_regions:150,0x5c92f1c94566,0
557.xz_r/1,1/super_hot_regions:150,0x5c92f1c9456c,0
557.xz_r/1,1/super_hot_regions:150,0x5c92f1c94570,0
557.xz_r/1,1/super_hot_regions:150,0x5c92f1c94572,0
557.xz_r/1,1/super_hot_regions:150,0x5c92f1c94578,0
557.xz_r/1,1/super_hot_regions:150,0x5c92f1c9457a,0

557.xz_r/1,1/super_hot_regions:151,0x5c92f1c94553,3
557.xz_r/1,1/super_hot_regions:151,0x5c92f1c94556,0
557.xz_r/1,1/super_hot_regions:151,0x5c92f1c9457d,0
557.xz_r/1,1/super_hot_regions:151,0x5c92f1c94581,0

557.xz_r/1,1/super_hot_regions:154,0x5c92f1c96fd9,2
557.xz_r/1,1/super_hot_regions:154,0x5c92f1c96fe1,0
557.xz_r/1,1/super_hot_regions:154,0x5c92f1c96fe6,0
557.xz_r/1,1/super_hot_regions:154,0x5c92f1c96fe9,0
557.xz_r/1,1/super_hot_regions:154,0x5c92f1c96fed,0

557.xz_r/1,1/super_hot_regions:155,0x5c92f1c96ff2,2
557.xz_r/1,1/super_hot_regions:155,0x5c92f1c96ff7,0

557.xz_r/1,1/super_hot_regions:157,0x5c92f1c97060,1
557.xz_r/1,1/super_hot_regions:157,0x5c92f1c97065,0
557.xz_r/1,1/super_hot_regions:157,0x5c92f1c97068,0
557.xz_r/1,1/super_hot_regions:157,0x5c92f1c9706b,0

557.xz_r/1,1/super_hot_regions:158,0x5c92f1c97077,2
557.xz_r/1,1/super_hot_regions:158,0x5c92f1c9707e,0

557.xz_r/1,1/super_hot_regions:159,0x5c92f1c97072,4
557.xz_r/1,1/super_hot_regions:159,0x5c92f1c9707b,0
557.xz_r/1,1/super_hot_regions:159,0x5c92f1c97080,0
557.xz_r/1,1/super_hot_regions:159,0x5c92f1c9708d,0
557.xz_r/1,1/super_hot_regions:159,0x5c92f1c97090,0
557.xz_r/1,1/super_hot_regions:159,0x5c92f1c97098,0
557.xz_r/1,1/super_hot_regions:159,0x5c92f1c9709d,0
557.xz_r/1,1/super_hot_regions:159,0x5c92f1c970a1,0
557.xz_r/1,1/super_hot_regions:159,0x5c92f1c970a6,0
557.xz_r/1,1/super_hot_regions:159,0x5c92f1c970a9,0
557.xz_r/1,1/super_hot_regions:159,0x5c92f1c970ae,0
557.xz_r/1,1/super_hot_regions:159,0x5c92f1c970b1,0

557.xz_r/1,1/super_hot_regions:160,0x5c92f1c970b4,2
557.xz_r/1,1/super_hot_regions:160,0x5c92f1c970b8,0

557.xz_r/1,1/super_hot_regions:161,0x5c92f1c970bc,2
557.xz_r/1,1/super_hot_regions:161,0x5c92f1c970c5,0

557.xz_r/1,1/super_hot_regions:166,0x5c92f1c95838,1
557.xz_r/1,1/super_hot_regions:166,0x5c92f1c9583b,0
557.xz_r/1,1/super_hot_regions:166,0x5c92f1c95846,0

557.xz_r/1,1/super_hot_regions:169,0x5c92f1c956fd,2
557.xz_r/1,1/super_hot_regions:169,0x5c92f1c95705,0

557.xz_r/1,1/super_hot_regions:170,0x5c92f1c95701,2
557.xz_r/1,1/super_hot_regions:170,0x5c92f1c95709,0

557.xz_r/1,1/super_hot_regions:172,0x5c92f1c95886,1
557.xz_r/1,1/super_hot_regions:172,0x5c92f1c95890,0

557.xz_r/1,1/super_hot_regions:175,0x5c92f1c9199d,2
557.xz_r/1,1/super_hot_regions:175,0x5c92f1c919b6,0

557.xz_r/1,1/super_hot_regions:18,0x5c92f1c950db,1
557.xz_r/1,1/super_hot_regions:18,0x5c92f1c950de,0

557.xz_r/1,1/super_hot_regions:181,0x5c92f1c91a2b,2
557.xz_r/1,1/super_hot_regions:181,0x5c92f1c91a36,0

557.xz_r/1,1/super_hot_regions:182,0x5c92f1c91a3a,3
557.xz_r/1,1/super_hot_regions:182,0x5c92f1c91a42,0
557.xz_r/1,1/super_hot_regions:182,0x5c92f1c91a48,0
557.xz_r/1,1/super_hot_regions:182,0x5c92f1c91a4a,0

557.xz_r/1,1/super_hot_regions:183,0x5c92f1c91a4e,1
557.xz_r/1,1/super_hot_regions:183,0x5c92f1c91a51,0

557.xz_r/1,1/super_hot_regions:184,0x5c92f1c91a5a,2
557.xz_r/1,1/super_hot_regions:184,0x5c92f1c91a66,0

557.xz_r/1,1/super_hot_regions:19,0x5c92f1c950cf,3
557.xz_r/1,1/super_hot_regions:19,0x5c92f1c950d7,0
557.xz_r/1,1/super_hot_regions:19,0x5c92f1c950e2,0

557.xz_r/1,1/super_hot_regions:2,0x5c92f1c8ef56,1
557.xz_r/1,1/super_hot_regions:2,0x5c92f1c8ef5d,0

557.xz_r/1,1/super_hot_regions:21,0x5c92f1c9507f,1
557.xz_r/1,1/super_hot_regions:21,0x5c92f1c95082,0
557.xz_r/1,1/super_hot_regions:21,0x5c92f1c95087,0
557.xz_r/1,1/super_hot_regions:21,0x5c92f1c95089,0
557.xz_r/1,1/super_hot_regions:21,0x5c92f1c95094,0

557.xz_r/1,1/super_hot_regions:24,0x5c92f1c94560,2
557.xz_r/1,1/super_hot_regions:24,0x5c92f1c94566,0
557.xz_r/1,1/super_hot_regions:24,0x5c92f1c9456c,0
557.xz_r/1,1/super_hot_regions:24,0x5c92f1c94570,0
557.xz_r/1,1/super_hot_regions:24,0x5c92f1c94572,0
557.xz_r/1,1/super_hot_regions:24,0x5c92f1c94578,0
557.xz_r/1,1/super_hot_regions:24,0x5c92f1c9457a,0

557.xz_r/1,1/super_hot_regions:25,0x5c92f1c9457d,2
557.xz_r/1,1/super_hot_regions:25,0x5c92f1c94581,0

557.xz_r/1,1/super_hot_regions:31,0x5c92f1c951bb,3
557.xz_r/1,1/super_hot_regions:31,0x5c92f1c951c2,0
557.xz_r/1,1/super_hot_regions:31,0x5c92f1c951c6,0

557.xz_r/1,1/super_hot_regions:36,0x5c92f1c945cc,2
557.xz_r/1,1/super_hot_regions:36,0x5c92f1c945d3,0

557.xz_r/1,1/super_hot_regions:39,0x5c92f1c8eed0,2
557.xz_r/1,1/super_hot_regions:39,0x5c92f1c8eed8,0
557.xz_r/1,1/super_hot_regions:39,0x5c92f1c8eedc,0
557.xz_r/1,1/super_hot_regions:39,0x5c92f1c8eedf,0
557.xz_r/1,1/super_hot_regions:39,0x5c92f1c8eee2,0

557.xz_r/1,1/super_hot_regions:40,0x5c92f1c8eee5,1
557.xz_r/1,1/super_hot_regions:40,0x5c92f1c8eee8,0

557.xz_r/1,1/super_hot_regions:45,0x5c92f1c94e5f,3
557.xz_r/1,1/super_hot_regions:45,0x5c92f1c94e6a,0
557.xz_r/1,1/super_hot_regions:45,0x5c92f1c94e6d,0
557.xz_r/1,1/super_hot_regions:45,0x5c92f1c94e70,0
557.xz_r/1,1/super_hot_regions:45,0x5c92f1c94e73,0

557.xz_r/1,1/super_hot_regions:47,0x5c92f1c91c40,4
557.xz_r/1,1/super_hot_regions:47,0x5c92f1c91c48,0
557.xz_r/1,1/super_hot_regions:47,0x5c92f1c91c4b,0
557.xz_r/1,1/super_hot_regions:47,0x5c92f1c91c4e,0
557.xz_r/1,1/super_hot_regions:47,0x5c92f1c91c51,0
557.xz_r/1,1/super_hot_regions:47,0x5c92f1c91c54,0
557.xz_r/1,1/super_hot_regions:47,0x5c92f1c91c56,0
557.xz_r/1,1/super_hot_regions:47,0x5c92f1c91c58,0
557.xz_r/1,1/super_hot_regions:47,0x5c92f1c91c5b,0
557.xz_r/1,1/super_hot_regions:47,0x5c92f1c91c5d,0

557.xz_r/1,1/super_hot_regions:48,0x5c92f1c9514d,1
557.xz_r/1,1/super_hot_regions:48,0x5c92f1c95150,0

557.xz_r/1,1/super_hot_regions:5,0x5c92f1c8ee88,2
557.xz_r/1,1/super_hot_regions:5,0x5c92f1c8ee91,0

557.xz_r/1,1/super_hot_regions:51,0x5c92f1c9517f,1
557.xz_r/1,1/super_hot_regions:51,0x5c92f1c95185,0

557.xz_r/1,1/super_hot_regions:54,0x5c92f1c91c10,4
557.xz_r/1,1/super_hot_regions:54,0x5c92f1c91c18,0
557.xz_r/1,1/super_hot_regions:54,0x5c92f1c91c1a,0
557.xz_r/1,1/super_hot_regions:54,0x5c92f1c91c1d,0
557.xz_r/1,1/super_hot_regions:54,0x5c92f1c91c20,0
557.xz_r/1,1/super_hot_regions:54,0x5c92f1c91c23,0
557.xz_r/1,1/super_hot_regions:54,0x5c92f1c91c25,0
557.xz_r/1,1/super_hot_regions:54,0x5c92f1c91c27,0
557.xz_r/1,1/super_hot_regions:54,0x5c92f1c91c29,0
557.xz_r/1,1/super_hot_regions:54,0x5c92f1c91c2f,0
557.xz_r/1,1/super_hot_regions:54,0x5c92f1c91c34,0

557.xz_r/1,1/super_hot_regions:56,0x5c92f1c8ef9e,2
557.xz_r/1,1/super_hot_regions:56,0x5c92f1c8efb3,0
557.xz_r/1,1/super_hot_regions:56,0x5c92f1c8efb7,0

557.xz_r/1,1/super_hot_regions:57,0x5c92f1c9505d,2
557.xz_r/1,1/super_hot_regions:57,0x5c92f1c95061,0

557.xz_r/1,1/super_hot_regions:6,0x5c92f1c8ee94,2
557.xz_r/1,1/super_hot_regions:6,0x5c92f1c8ee98,0
557.xz_r/1,1/super_hot_regions:6,0x5c92f1c8ee9c,0
557.xz_r/1,1/super_hot_regions:6,0x5c92f1c8eea2,0

557.xz_r/1,1/super_hot_regions:60,0x5c92f1c98625,2
557.xz_r/1,1/super_hot_regions:60,0x5c92f1c98628,0
557.xz_r/1,1/super_hot_regions:60,0x5c92f1c9862b,0
557.xz_r/1,1/super_hot_regions:60,0x5c92f1c9862e,0
557.xz_r/1,1/super_hot_regions:60,0x5c92f1c98631,0
557.xz_r/1,1/super_hot_regions:60,0x5c92f1c98634,0
557.xz_r/1,1/super_hot_regions:60,0x5c92f1c98636,0

557.xz_r/1,1/super_hot_regions:62,0x5c92f1c94510,3
557.xz_r/1,1/super_hot_regions:62,0x5c92f1c94513,0
557.xz_r/1,1/super_hot_regions:62,0x5c92f1c9451c,0
557.xz_r/1,1/super_hot_regions:62,0x5c92f1c94521,0
557.xz_r/1,1/super_hot_regions:62,0x5c92f1c94527,0
557.xz_r/1,1/super_hot_regions:62,0x5c92f1c94529,0
557.xz_r/1,1/super_hot_regions:62,0x5c92f1c9452e,0
557.xz_r/1,1/super_hot_regions:62,0x5c92f1c94533,0
557.xz_r/1,1/super_hot_regions:62,0x5c92f1c94535,0

557.xz_r/1,1/super_hot_regions:63,0x5c92f1c94537,2
557.xz_r/1,1/super_hot_regions:63,0x5c92f1c9453b,0

557.xz_r/1,1/super_hot_regions:7,0x5c92f1c8eead,1
557.xz_r/1,1/super_hot_regions:7,0x5c92f1c8eeb3,0
557.xz_r/1,1/super_hot_regions:7,0x5c92f1c8eeb7,0

557.xz_r/1,1/super_hot_regions:78,0x5c92f1c90a10,7
557.xz_r/1,1/super_hot_regions:78,0x5c92f1c90a13,0
557.xz_r/1,1/super_hot_regions:78,0x5c92f1c90a16,0
557.xz_r/1,1/super_hot_regions:78,0x5c92f1c90a1a,0
557.xz_r/1,1/super_hot_regions:78,0x5c92f1c90a21,0
557.xz_r/1,1/super_hot_regions:78,0x5c92f1c90a25,0
557.xz_r/1,1/super_hot_regions:78,0x5c92f1c90a2d,0
557.xz_r/1,1/super_hot_regions:78,0x5c92f1c90a30,0
557.xz_r/1,1/super_hot_regions:78,0x5c92f1c90a41,0
557.xz_r/1,1/super_hot_regions:78,0x5c92f1c90a4a,0
557.xz_r/1,1/super_hot_regions:78,0x5c92f1c90a4e,0
557.xz_r/1,1/super_hot_regions:78,0x5c92f1c90a54,0
557.xz_r/1,1/super_hot_regions:78,0x5c92f1c90a58,0
557.xz_r/1,1/super_hot_regions:78,0x5c92f1c90a5b,0
557.xz_r/1,1/super_hot_regions:78,0x5c92f1c90a69,0
557.xz_r/1,1/super_hot_regions:78,0x5c92f1c90a71,0

557.xz_r/1,1/super_hot_regions:8,0x5c92f1c8ee9f,1
557.xz_r/1,1/super_hot_regions:8,0x5c92f1c8eeaa,0
557.xz_r/1,1/super_hot_regions:8,0x5c92f1c8eeb9,0

557.xz_r/1,1/super_hot_regions:83,0x5c92f1c8ee31,2
557.xz_r/1,1/super_hot_regions:83,0x5c92f1c8ee40,0

557.xz_r/1,1/super_hot_regions:85,0x5c92f1c90b5a,1
557.xz_r/1,1/super_hot_regions:85,0x5c92f1c90b5f,0

557.xz_r/1,1/super_hot_regions:91,0x5c92f1c94ae7,5
557.xz_r/1,1/super_hot_regions:91,0x5c92f1c94aea,0
557.xz_r/1,1/super_hot_regions:91,0x5c92f1c94af1,0
557.xz_r/1,1/super_hot_regions:91,0x5c92f1c94af8,0
557.xz_r/1,1/super_hot_regions:91,0x5c92f1c94afb,0
557.xz_r/1,1/super_hot_regions:91,0x5c92f1c94b00,0
557.xz_r/1,1/super_hot_regions:91,0x5c92f1c94b07,0
557.xz_r/1,1/super_hot_regions:91,0x5c92f1c94b09,0
557.xz_r/1,1/super_hot_regions:91,0x5c92f1c94b10,0
557.xz_r/1,1/super_hot_regions:91,0x5c92f1c94b12,0
557.xz_r/1,1/super_hot_regions:91,0x5c92f1c94b14,0
557.xz_r/1,1/super_hot_regions:91,0x5c92f1c94b1b,0
557.xz_r/1,1/super_hot_regions:91,0x5c92f1c94b22,0
557.xz_r/1,1/super_hot_regions:91,0x5c92f1c94b27,0
557.xz_r/1,1/super_hot_regions:91,0x5c92f1c94b2e,0
557.xz_r/1,1/super_hot_regions:91,0x5c92f1c94b35,0

557.xz_r/1,1/super_hot_regions:92,0x5c92f1c94b41,2
557.xz_r/1,1/super_hot_regions:92,0x5c92f1c94b52,0

557.xz_r/1,1/super_hot_regions:95,0x5c92f1c95407,2
557.xz_r/1,1/super_hot_regions:95,0x5c92f1c9540e,0

557.xz_r/1,1/super_hot_regions:96,0x5c92f1c94ab0,2
557.xz_r/1,1/super_hot_regions:96,0x5c92f1c94abf,0

557.xz_r/1,1/super_hot_regions:98,0x5c92f1c90b13,1
557.xz_r/1,1/super_hot_regions:98,0x5c92f1c90b19,0
557.xz_r/1,1/super_hot_regions:98,0x5c92f1c90b20,0

557.xz_r/2,2/super_hot_regions:100,0x5c02260f40b4,2
557.xz_r/2,2/super_hot_regions:100,0x5c02260f40b8,0

557.xz_r/2,2/super_hot_regions:101,0x5c02260f40bc,2
557.xz_r/2,2/super_hot_regions:101,0x5c02260f40c5,0

557.xz_r/2,2/super_hot_regions:104,0x5c02260f1ae7,5
557.xz_r/2,2/super_hot_regions:104,0x5c02260f1aea,0
557.xz_r/2,2/super_hot_regions:104,0x5c02260f1af1,0
557.xz_r/2,2/super_hot_regions:104,0x5c02260f1af8,0
557.xz_r/2,2/super_hot_regions:104,0x5c02260f1afb,0
557.xz_r/2,2/super_hot_regions:104,0x5c02260f1b00,0
557.xz_r/2,2/super_hot_regions:104,0x5c02260f1b07,0
557.xz_r/2,2/super_hot_regions:104,0x5c02260f1b09,0
557.xz_r/2,2/super_hot_regions:104,0x5c02260f1b10,0
557.xz_r/2,2/super_hot_regions:104,0x5c02260f1b12,0
557.xz_r/2,2/super_hot_regions:104,0x5c02260f1b14,0
557.xz_r/2,2/super_hot_regions:104,0x5c02260f1b1b,0
557.xz_r/2,2/super_hot_regions:104,0x5c02260f1b22,0
557.xz_r/2,2/super_hot_regions:104,0x5c02260f1b27,0
557.xz_r/2,2/super_hot_regions:104,0x5c02260f1b2e,0
557.xz_r/2,2/super_hot_regions:104,0x5c02260f1b35,0

557.xz_r/2,2/super_hot_regions:105,0x5c02260f1b41,2
557.xz_r/2,2/super_hot_regions:105,0x5c02260f1b52,0

557.xz_r/2,2/super_hot_regions:11,0x5c02260ebe88,2
557.xz_r/2,2/super_hot_regions:11,0x5c02260ebe91,0

557.xz_r/2,2/super_hot_regions:110,0x5c02260f2672,2
557.xz_r/2,2/super_hot_regions:110,0x5c02260f2679,0

557.xz_r/2,2/super_hot_regions:115,0x5c02260ebe5c,4
557.xz_r/2,2/super_hot_regions:115,0x5c02260ebe63,0
557.xz_r/2,2/super_hot_regions:115,0x5c02260ebe67,0
557.xz_r/2,2/super_hot_regions:115,0x5c02260ebe70,0
557.xz_r/2,2/super_hot_regions:115,0x5c02260ebe88,0
557.xz_r/2,2/super_hot_regions:115,0x5c02260ebe91,0

557.xz_r/2,2/super_hot_regions:116,0x5c02260ebe78,2
557.xz_r/2,2/super_hot_regions:116,0x5c02260ebe94,0
557.xz_r/2,2/super_hot_regions:116,0x5c02260ebe98,0
557.xz_r/2,2/super_hot_regions:116,0x5c02260ebe9c,0
557.xz_r/2,2/super_hot_regions:116,0x5c02260ebea2,0
557.xz_r/2,2/super_hot_regions:116,0x5c02260ebea8,0

557.xz_r/2,2/super_hot_regions:117,0x5c02260ebe7e,1
557.xz_r/2,2/super_hot_regions:117,0x5c02260ebe81,0
557.xz_r/2,2/super_hot_regions:117,0x5c02260ebead,0
557.xz_r/2,2/super_hot_regions:117,0x5c02260ebeb0,0
557.xz_r/2,2/super_hot_regions:117,0x5c02260ebeb3,0
557.xz_r/2,2/super_hot_regions:117,0x5c02260ebeb7,0

557.xz_r/2,2/super_hot_regions:118,0x5c02260ebe60,3
557.xz_r/2,2/super_hot_regions:118,0x5c02260ebe6b,0
557.xz_r/2,2/super_hot_regions:118,0x5c02260ebe73,0
557.xz_r/2,2/super_hot_regions:118,0x5c02260ebe9f,0
557.xz_r/2,2/super_hot_regions:118,0x5c02260ebeaa,0
557.xz_r/2,2/super_hot_regions:118,0x5c02260ebeb9,0
557.xz_r/2,2/super_hot_regions:118,0x5c02260ebebe,0

557.xz_r/2,2/super_hot_regions:12,0x5c02260ebe94,2
557.xz_r/2,2/super_hot_regions:12,0x5c02260ebe98,0
557.xz_r/2,2/super_hot_regions:12,0x5c02260ebe9c,0
557.xz_r/2,2/super_hot_regions:12,0x5c02260ebea2,0

557.xz_r/2,2/super_hot_regions:120,0x5c02260f2407,2
557.xz_r/2,2/super_hot_regions:120,0x5c02260f240e,0

557.xz_r/2,2/super_hot_regions:121,0x5c02260f1ab0,2
557.xz_r/2,2/super_hot_regions:121,0x5c02260f1abf,0

557.xz_r/2,2/super_hot_regions:123,0x5c02260edb13,1
557.xz_r/2,2/super_hot_regions:123,0x5c02260edb19,0
557.xz_r/2,2/super_hot_regions:123,0x5c02260edb20,0

557.xz_r/2,2/super_hot_regions:125,0x5c02261021e9,2
557.xz_r/2,2/super_hot_regions:125,0x5c02261021f0,0

557.xz_r/2,2/super_hot_regions:128,0x5c02260f1e1c,2
557.xz_r/2,2/super_hot_regions:128,0x5c02260f1e2c,0

557.xz_r/2,2/super_hot_regions:129,0x5c02260f1e37,2
557.xz_r/2,2/super_hot_regions:129,0x5c02260f1e3f,0

557.xz_r/2,2/super_hot_regions:13,0x5c02260ebead,1
557.xz_r/2,2/super_hot_regions:13,0x5c02260ebeb3,0
557.xz_r/2,2/super_hot_regions:13,0x5c02260ebeb7,0

557.xz_r/2,2/super_hot_regions:130,0x5c02260f1df2,3
557.xz_r/2,2/super_hot_regions:130,0x5c02260f1df9,0
557.xz_r/2,2/super_hot_regions:130,0x5c02260f1e01,0
557.xz_r/2,2/super_hot_regions:130,0x5c02260f1e04,0
557.xz_r/2,2/super_hot_regions:130,0x5c02260f1e08,0
557.xz_r/2,2/super_hot_regions:130,0x5c02260f1e10,0
557.xz_r/2,2/super_hot_regions:130,0x5c02260f1e12,0
557.xz_r/2,2/super_hot_regions:130,0x5c02260f1e15,0
557.xz_r/2,2/super_hot_regions:130,0x5c02260f1e18,0
557.xz_r/2,2/super_hot_regions:130,0x5c02260f1e44,0

557.xz_r/2,2/super_hot_regions:131,0x5c02260f1e4c,1
557.xz_r/2,2/super_hot_regions:131,0x5c02260f1e52,0

557.xz_r/2,2/super_hot_regions:132,0x5c02260f1e24,3
557.xz_r/2,2/super_hot_regions:132,0x5c02260f1e30,0
557.xz_r/2,2/super_hot_regions:132,0x5c02260f1e5c,0

557.xz_r/2,2/super_hot_regions:133,0x5c02260f1e5a,1
557.xz_r/2,2/super_hot_regions:133,0x5c02260f1e67,0

557.xz_r/2,2/super_hot_regions:134,0x5c02260f1e5f,3
557.xz_r/2,2/super_hot_regions:134,0x5c02260f1e6a,0
557.xz_r/2,2/super_hot_regions:134,0x5c02260f1e6d,0
557.xz_r/2,2/super_hot_regions:134,0x5c02260f1e70,0
557.xz_r/2,2/super_hot_regions:134,0x5c02260f1e73,0

557.xz_r/2,2/super_hot_regions:138,0x5c02260f2838,1
557.xz_r/2,2/super_hot_regions:138,0x5c02260f283b,0
557.xz_r/2,2/super_hot_regions:138,0x5c02260f2846,0

557.xz_r/2,2/super_hot_regions:14,0x5c02260ebe9f,1
557.xz_r/2,2/super_hot_regions:14,0x5c02260ebeaa,0
557.xz_r/2,2/super_hot_regions:14,0x5c02260ebeb9,0

557.xz_r/2,2/super_hot_regions:141,0x5c02260f2420,1
557.xz_r/2,2/super_hot_regions:141,0x5c02260f2423,0

557.xz_r/2,2/super_hot_regions:142,0x5c02260f242d,3
557.xz_r/2,2/super_hot_regions:142,0x5c02260f2439,0
557.xz_r/2,2/super_hot_regions:142,0x5c02260f2452,0
557.xz_r/2,2/super_hot_regions:142,0x5c02260f2454,0
557.xz_r/2,2/super_hot_regions:142,0x5c02260f2457,0

557.xz_r/2,2/super_hot_regions:143,0x5c02260f244e,1
557.xz_r/2,2/super_hot_regions:143,0x5c02260f2461,0

557.xz_r/2,2/super_hot_regions:144,0x5c02260f2435,2
557.xz_r/2,2/super_hot_regions:144,0x5c02260f2442,0
557.xz_r/2,2/super_hot_regions:144,0x5c02260f245d,0
557.xz_r/2,2/super_hot_regions:144,0x5c02260f2466,0
557.xz_r/2,2/super_hot_regions:144,0x5c02260f2468,0

557.xz_r/2,2/super_hot_regions:146,0x5c02260f26fd,2
557.xz_r/2,2/super_hot_regions:146,0x5c02260f2705,0

557.xz_r/2,2/super_hot_regions:147,0x5c02260f2701,2
557.xz_r/2,2/super_hot_regions:147,0x5c02260f2709,0

557.xz_r/2,2/super_hot_regions:149,0x5c02260f2886,1
557.xz_r/2,2/super_hot_regions:149,0x5c02260f2890,0

557.xz_r/2,2/super_hot_regions:16,0x5c02260ebf05,2
557.xz_r/2,2/super_hot_regions:16,0x5c02260ebf11,0
557.xz_r/2,2/super_hot_regions:16,0x5c02260ebf14,0
557.xz_r/2,2/super_hot_regions:16,0x5c02260ebf17,0
557.xz_r/2,2/super_hot_regions:16,0x5c02260ebf1a,0

557.xz_r/2,2/super_hot_regions:162,0x5c02260f1c80,2
557.xz_r/2,2/super_hot_regions:162,0x5c02260f1c8b,0
557.xz_r/2,2/super_hot_regions:162,0x5c02260f1ccd,0

557.xz_r/2,2/super_hot_regions:163,0x5c02260f1cb6,2
557.xz_r/2,2/super_hot_regions:163,0x5c02260f1cbd,0
557.xz_r/2,2/super_hot_regions:163,0x5c02260f1cc4,0
557.xz_r/2,2/super_hot_regions:163,0x5c02260f1ccb,0
557.xz_r/2,2/super_hot_regions:163,0x5c02260f1cd0,0

557.xz_r/2,2/super_hot_regions:164,0x5c02260f1cde,2
557.xz_r/2,2/super_hot_regions:164,0x5c02260f1cf2,0

557.xz_r/2,2/super_hot_regions:165,0x5c02260f1c7c,3
557.xz_r/2,2/super_hot_regions:165,0x5c02260f1c88,0
557.xz_r/2,2/super_hot_regions:165,0x5c02260f1cf8,0
557.xz_r/2,2/super_hot_regions:165,0x5c02260f1d0f,0

557.xz_r/2,2/super_hot_regions:166,0x5c02260f1cab,2
557.xz_r/2,2/super_hot_regions:166,0x5c02260f1cae,0
557.xz_r/2,2/super_hot_regions:166,0x5c02260f1cb1,0
557.xz_r/2,2/super_hot_regions:166,0x5c02260f1cd2,0
557.xz_r/2,2/super_hot_regions:166,0x5c02260f1cda,0
557.xz_r/2,2/super_hot_regions:166,0x5c02260f1d17,0

557.xz_r/2,2/super_hot_regions:167,0x5c02260f2773,3
557.xz_r/2,2/super_hot_regions:167,0x5c02260f2780,0
557.xz_r/2,2/super_hot_regions:167,0x5c02260f279b,0
557.xz_r/2,2/super_hot_regions:167,0x5c02260f27a7,0

557.xz_r/2,2/super_hot_regions:168,0x5c02260f2786,3
557.xz_r/2,2/super_hot_regions:168,0x5c02260f2792,0
557.xz_r/2,2/super_hot_regions:168,0x5c02260f27ad,0

557.xz_r/2,2/super_hot_regions:169,0x5c02260f2778,3
557.xz_r/2,2/super_hot_regions:169,0x5c02260f27b3,0
557.xz_r/2,2/super_hot_regions:169,0x5c02260f27b7,0
557.xz_r/2,2/super_hot_regions:169,0x5c02260f27bb,0

557.xz_r/2,2/super_hot_regions:17,0x5c02260ebf1d,1
557.xz_r/2,2/super_hot_regions:17,0x5c02260ebf20,0

557.xz_r/2,2/super_hot_regions:170,0x5c02260f27d4,1
557.xz_r/2,2/super_hot_regions:170,0x5c02260f27e0,0

557.xz_r/2,2/super_hot_regions:172,0x5c02260edbb0,2
557.xz_r/2,2/super_hot_regions:172,0x5c02260edbbb,0

557.xz_r/2,2/super_hot_regions:23,0x5c02260f207f,1
557.xz_r/2,2/super_hot_regions:23,0x5c02260f2082,0
557.xz_r/2,2/super_hot_regions:23,0x5c02260f2087,0
557.xz_r/2,2/super_hot_regions:23,0x5c02260f2089,0
557.xz_r/2,2/super_hot_regions:23,0x5c02260f2094,0

557.xz_r/2,2/super_hot_regions:25,0x5c02260f20db,1
557.xz_r/2,2/super_hot_regions:25,0x5c02260f20de,0

557.xz_r/2,2/super_hot_regions:26,0x5c02260f20cf,3
557.xz_r/2,2/super_hot_regions:26,0x5c02260f20d7,0
557.xz_r/2,2/super_hot_regions:26,0x5c02260f20e2,0

557.xz_r/2,2/super_hot_regions:3,0x5c02260ebf52,2
557.xz_r/2,2/super_hot_regions:3,0x5c02260ebf59,0

557.xz_r/2,2/super_hot_regions:30,0x5c02260f21bb,3
557.xz_r/2,2/super_hot_regions:30,0x5c02260f21c2,0
557.xz_r/2,2/super_hot_regions:30,0x5c02260f21c6,0

557.xz_r/2,2/super_hot_regions:32,0x5c02260ec0a0,2
557.xz_r/2,2/super_hot_regions:32,0x5c02260ec0a7,0

557.xz_r/2,2/super_hot_regions:33,0x5c02260ec0a9,2
557.xz_r/2,2/super_hot_regions:33,0x5c02260ec0ad,0
557.xz_r/2,2/super_hot_regions:33,0x5c02260ec0b1,0
557.xz_r/2,2/super_hot_regions:33,0x5c02260ec0b7,0

557.xz_r/2,2/super_hot_regions:34,0x5c02260ec0bd,1
557.xz_r/2,2/super_hot_regions:34,0x5c02260ec0c2,0
557.xz_r/2,2/super_hot_regions:34,0x5c02260ec0c6,0

557.xz_r/2,2/super_hot_regions:35,0x5c02260ec0a4,1
557.xz_r/2,2/super_hot_regions:35,0x5c02260ec0b4,0
557.xz_r/2,2/super_hot_regions:35,0x5c02260ec0c8,0

557.xz_r/2,2/super_hot_regions:37,0x5c02260f15cc,2
557.xz_r/2,2/super_hot_regions:37,0x5c02260f15d3,0

557.xz_r/2,2/super_hot_regions:4,0x5c02260ebf56,1
557.xz_r/2,2/super_hot_regions:4,0x5c02260ebf5d,0

557.xz_r/2,2/super_hot_regions:40,0x5c02260ec13f,1
557.xz_r/2,2/super_hot_regions:40,0x5c02260ec142,0

557.xz_r/2,2/super_hot_regions:43,0x5c02260f21d3,3
557.xz_r/2,2/super_hot_regions:43,0x5c02260f21da,0
557.xz_r/2,2/super_hot_regions:43,0x5c02260f21de,0

557.xz_r/2,2/super_hot_regions:45,0x5c02260ebed0,2
557.xz_r/2,2/super_hot_regions:45,0x5c02260ebed8,0
557.xz_r/2,2/super_hot_regions:45,0x5c02260ebedc,0
557.xz_r/2,2/super_hot_regions:45,0x5c02260ebedf,0
557.xz_r/2,2/super_hot_regions:45,0x5c02260ebee2,0

557.xz_r/2,2/super_hot_regions:46,0x5c02260ebee5,1
557.xz_r/2,2/super_hot_regions:46,0x5c02260ebee8,0

557.xz_r/2,2/super_hot_regions:51,0x5c02260f1e5f,3
557.xz_r/2,2/super_hot_regions:51,0x5c02260f1e6a,0
557.xz_r/2,2/super_hot_regions:51,0x5c02260f1e6d,0
557.xz_r/2,2/super_hot_regions:51,0x5c02260f1e70,0
557.xz_r/2,2/super_hot_regions:51,0x5c02260f1e73,0

557.xz_r/2,2/super_hot_regions:53,0x5c02260ee96d,3
557.xz_r/2,2/super_hot_regions:53,0x5c02260ee974,0
557.xz_r/2,2/super_hot_regions:53,0x5c02260ee978,0

557.xz_r/2,2/super_hot_regions:58,0x5c02260ec0ea,1
557.xz_r/2,2/super_hot_regions:58,0x5c02260ec0ed,0

557.xz_r/2,2/super_hot_regions:60,0x5c02260f205d,2
557.xz_r/2,2/super_hot_regions:60,0x5c02260f2061,0

557.xz_r/2,2/super_hot_regions:64,0x5c02260ebf9e,2
557.xz_r/2,2/super_hot_regions:64,0x5c02260ebfb3,0
557.xz_r/2,2/super_hot_regions:64,0x5c02260ebfb7,0

557.xz_r/2,2/super_hot_regions:65,0x5c02260eec40,4
557.xz_r/2,2/super_hot_regions:65,0x5c02260eec48,0
557.xz_r/2,2/super_hot_regions:65,0x5c02260eec4b,0
557.xz_r/2,2/super_hot_regions:65,0x5c02260eec4e,0
557.xz_r/2,2/super_hot_regions:65,0x5c02260eec51,0
557.xz_r/2,2/super_hot_regions:65,0x5c02260eec54,0
557.xz_r/2,2/super_hot_regions:65,0x5c02260eec56,0
557.xz_r/2,2/super_hot_regions:65,0x5c02260eec58,0
557.xz_r/2,2/super_hot_regions:65,0x5c02260eec5b,0
557.xz_r/2,2/super_hot_regions:65,0x5c02260eec5d,0

557.xz_r/2,2/super_hot_regions:66,0x5c02260eec10,4
557.xz_r/2,2/super_hot_regions:66,0x5c02260eec18,0
557.xz_r/2,2/super_hot_regions:66,0x5c02260eec1a,0
557.xz_r/2,2/super_hot_regions:66,0x5c02260eec1d,0
557.xz_r/2,2/super_hot_regions:66,0x5c02260eec20,0
557.xz_r/2,2/super_hot_regions:66,0x5c02260eec23,0
557.xz_r/2,2/super_hot_regions:66,0x5c02260eec25,0
557.xz_r/2,2/super_hot_regions:66,0x5c02260eec27,0
557.xz_r/2,2/super_hot_regions:66,0x5c02260eec29,0
557.xz_r/2,2/super_hot_regions:66,0x5c02260eec2f,0
557.xz_r/2,2/super_hot_regions:66,0x5c02260eec34,0

557.xz_r/2,2/super_hot_regions:67,0x5c02260f214d,1
557.xz_r/2,2/super_hot_regions:67,0x5c02260f2150,0

557.xz_r/2,2/super_hot_regions:71,0x5c02260f217f,1
557.xz_r/2,2/super_hot_regions:71,0x5c02260f2185,0

557.xz_r/2,2/super_hot_regions:79,0x5c02260eda10,7
557.xz_r/2,2/super_hot_regions:79,0x5c02260eda13,0
557.xz_r/2,2/super_hot_regions:79,0x5c02260eda16,0
557.xz_r/2,2/super_hot_regions:79,0x5c02260eda1a,0
557.xz_r/2,2/super_hot_regions:79,0x5c02260eda21,0
557.xz_r/2,2/super_hot_regions:79,0x5c02260eda25,0
557.xz_r/2,2/super_hot_regions:79,0x5c02260eda2d,0
557.xz_r/2,2/super_hot_regions:79,0x5c02260eda30,0
557.xz_r/2,2/super_hot_regions:79,0x5c02260eda41,0
557.xz_r/2,2/super_hot_regions:79,0x5c02260eda4a,0
557.xz_r/2,2/super_hot_regions:79,0x5c02260eda4e,0
557.xz_r/2,2/super_hot_regions:79,0x5c02260eda54,0
557.xz_r/2,2/super_hot_regions:79,0x5c02260eda58,0
557.xz_r/2,2/super_hot_regions:79,0x5c02260eda5b,0
557.xz_r/2,2/super_hot_regions:79,0x5c02260eda69,0
557.xz_r/2,2/super_hot_regions:79,0x5c02260eda71,0

557.xz_r/2,2/super_hot_regions:82,0x5c02260edb5a,1
557.xz_r/2,2/super_hot_regions:82,0x5c02260edb5f,0

557.xz_r/2,2/super_hot_regions:84,0x5c02260ebe31,2
557.xz_r/2,2/super_hot_regions:84,0x5c02260ebe40,0

557.xz_r/2,2/super_hot_regions:86,0x5c02260f1510,3
557.xz_r/2,2/super_hot_regions:86,0x5c02260f1513,0
557.xz_r/2,2/super_hot_regions:86,0x5c02260f151c,0
557.xz_r/2,2/super_hot_regions:86,0x5c02260f1521,0
557.xz_r/2,2/super_hot_regions:86,0x5c02260f1527,0
557.xz_r/2,2/super_hot_regions:86,0x5c02260f1529,0
557.xz_r/2,2/super_hot_regions:86,0x5c02260f152e,0
557.xz_r/2,2/super_hot_regions:86,0x5c02260f1533,0
557.xz_r/2,2/super_hot_regions:86,0x5c02260f1535,0

557.xz_r/2,2/super_hot_regions:87,0x5c02260f1537,2
557.xz_r/2,2/super_hot_regions:87,0x5c02260f153b,0

557.xz_r/2,2/super_hot_regions:92,0x5c02260f1595,3
557.xz_r/2,2/super_hot_regions:92,0x5c02260f1598,0
557.xz_r/2,2/super_hot_regions:92,0x5c02260f15cc,0
557.xz_r/2,2/super_hot_regions:92,0x5c02260f15d3,0

557.xz_r/2,2/super_hot_regions:94,0x5c02260f3fd9,2
557.xz_r/2,2/super_hot_regions:94,0x5c02260f3fe1,0
557.xz_r/2,2/super_hot_regions:94,0x5c02260f3fe6,0
557.xz_r/2,2/super_hot_regions:94,0x5c02260f3fe9,0
557.xz_r/2,2/super_hot_regions:94,0x5c02260f3fed,0

557.xz_r/2,2/super_hot_regions:95,0x5c02260f3ff2,2
557.xz_r/2,2/super_hot_regions:95,0x5c02260f3ff7,0

557.xz_r/2,2/super_hot_regions:97,0x5c02260f4060,1
557.xz_r/2,2/super_hot_regions:97,0x5c02260f4065,0
557.xz_r/2,2/super_hot_regions:97,0x5c02260f4068,0
557.xz_r/2,2/super_hot_regions:97,0x5c02260f406b,0

557.xz_r/2,2/super_hot_regions:98,0x5c02260f4077,2
557.xz_r/2,2/super_hot_regions:98,0x5c02260f407e,0

557.xz_r/2,2/super_hot_regions:99,0x5c02260f4072,4
557.xz_r/2,2/super_hot_regions:99,0x5c02260f407b,0
557.xz_r/2,2/super_hot_regions:99,0x5c02260f4080,0
557.xz_r/2,2/super_hot_regions:99,0x5c02260f408d,0
557.xz_r/2,2/super_hot_regions:99,0x5c02260f4090,0
557.xz_r/2,2/super_hot_regions:99,0x5c02260f4098,0
557.xz_r/2,2/super_hot_regions:99,0x5c02260f409d,0
557.xz_r/2,2/super_hot_regions:99,0x5c02260f40a1,0
557.xz_r/2,2/super_hot_regions:99,0x5c02260f40a6,0
557.xz_r/2,2/super_hot_regions:99,0x5c02260f40a9,0
557.xz_r/2,2/super_hot_regions:99,0x5c02260f40ae,0
557.xz_r/2,2/super_hot_regions:99,0x5c02260f40b1,0

557.xz_r/3,3/super_hot_regions:1,0x5b74f5e71f52,2
557.xz_r/3,3/super_hot_regions:1,0x5b74f5e71f59,0

557.xz_r/3,3/super_hot_regions:10,0x5b74f5e71e9f,1
557.xz_r/3,3/super_hot_regions:10,0x5b74f5e71eaa,0
557.xz_r/3,3/super_hot_regions:10,0x5b74f5e71eb9,0

557.xz_r/3,3/super_hot_regions:100,0x5b74f5e77560,2
557.xz_r/3,3/super_hot_regions:100,0x5b74f5e77566,0
557.xz_r/3,3/super_hot_regions:100,0x5b74f5e7756c,0
557.xz_r/3,3/super_hot_regions:100,0x5b74f5e77570,0
557.xz_r/3,3/super_hot_regions:100,0x5b74f5e77572,0
557.xz_r/3,3/super_hot_regions:100,0x5b74f5e77578,0
557.xz_r/3,3/super_hot_regions:100,0x5b74f5e7757a,0

557.xz_r/3,3/super_hot_regions:101,0x5b74f5e7757d,2
557.xz_r/3,3/super_hot_regions:101,0x5b74f5e77581,0

557.xz_r/3,3/super_hot_regions:105,0x5b74f5e71e5c,4
557.xz_r/3,3/super_hot_regions:105,0x5b74f5e71e63,0
557.xz_r/3,3/super_hot_regions:105,0x5b74f5e71e67,0
557.xz_r/3,3/super_hot_regions:105,0x5b74f5e71e70,0
557.xz_r/3,3/super_hot_regions:105,0x5b74f5e71e88,0
557.xz_r/3,3/super_hot_regions:105,0x5b74f5e71e91,0

557.xz_r/3,3/super_hot_regions:106,0x5b74f5e71e78,2
557.xz_r/3,3/super_hot_regions:106,0x5b74f5e71e94,0
557.xz_r/3,3/super_hot_regions:106,0x5b74f5e71e98,0
557.xz_r/3,3/super_hot_regions:106,0x5b74f5e71e9c,0
557.xz_r/3,3/super_hot_regions:106,0x5b74f5e71ea2,0
557.xz_r/3,3/super_hot_regions:106,0x5b74f5e71ea8,0

557.xz_r/3,3/super_hot_regions:107,0x5b74f5e71e7e,1
557.xz_r/3,3/super_hot_regions:107,0x5b74f5e71e81,0
557.xz_r/3,3/super_hot_regions:107,0x5b74f5e71ead,0
557.xz_r/3,3/super_hot_regions:107,0x5b74f5e71eb0,0
557.xz_r/3,3/super_hot_regions:107,0x5b74f5e71eb3,0
557.xz_r/3,3/super_hot_regions:107,0x5b74f5e71eb7,0

557.xz_r/3,3/super_hot_regions:108,0x5b74f5e71e60,3
557.xz_r/3,3/super_hot_regions:108,0x5b74f5e71e6b,0
557.xz_r/3,3/super_hot_regions:108,0x5b74f5e71e73,0
557.xz_r/3,3/super_hot_regions:108,0x5b74f5e71e9f,0
557.xz_r/3,3/super_hot_regions:108,0x5b74f5e71eaa,0
557.xz_r/3,3/super_hot_regions:108,0x5b74f5e71eb9,0
557.xz_r/3,3/super_hot_regions:108,0x5b74f5e71ebe,0

557.xz_r/3,3/super_hot_regions:110,0x5b74f5e77ae7,5
557.xz_r/3,3/super_hot_regions:110,0x5b74f5e77aea,0
557.xz_r/3,3/super_hot_regions:110,0x5b74f5e77af1,0
557.xz_r/3,3/super_hot_regions:110,0x5b74f5e77af8,0
557.xz_r/3,3/super_hot_regions:110,0x5b74f5e77afb,0
557.xz_r/3,3/super_hot_regions:110,0x5b74f5e77b00,0
557.xz_r/3,3/super_hot_regions:110,0x5b74f5e77b07,0
557.xz_r/3,3/super_hot_regions:110,0x5b74f5e77b09,0
557.xz_r/3,3/super_hot_regions:110,0x5b74f5e77b10,0
557.xz_r/3,3/super_hot_regions:110,0x5b74f5e77b12,0
557.xz_r/3,3/super_hot_regions:110,0x5b74f5e77b14,0
557.xz_r/3,3/super_hot_regions:110,0x5b74f5e77b1b,0
557.xz_r/3,3/super_hot_regions:110,0x5b74f5e77b22,0
557.xz_r/3,3/super_hot_regions:110,0x5b74f5e77b27,0
557.xz_r/3,3/super_hot_regions:110,0x5b74f5e77b2e,0
557.xz_r/3,3/super_hot_regions:110,0x5b74f5e77b35,0

557.xz_r/3,3/super_hot_regions:111,0x5b74f5e77b41,2
557.xz_r/3,3/super_hot_regions:111,0x5b74f5e77b52,0

557.xz_r/3,3/super_hot_regions:118,0x5b74f5e78407,2
557.xz_r/3,3/super_hot_regions:118,0x5b74f5e7840e,0

557.xz_r/3,3/super_hot_regions:119,0x5b74f5e77ab0,2
557.xz_r/3,3/super_hot_regions:119,0x5b74f5e77abf,0

557.xz_r/3,3/super_hot_regions:120,0x5b74f5e78672,2
557.xz_r/3,3/super_hot_regions:120,0x5b74f5e78679,0

557.xz_r/3,3/super_hot_regions:122,0x5b74f5e73b13,1
557.xz_r/3,3/super_hot_regions:122,0x5b74f5e73b19,0
557.xz_r/3,3/super_hot_regions:122,0x5b74f5e73b20,0

557.xz_r/3,3/super_hot_regions:123,0x5b74f5e78838,1
557.xz_r/3,3/super_hot_regions:123,0x5b74f5e7883b,0
557.xz_r/3,3/super_hot_regions:123,0x5b74f5e78846,0

557.xz_r/3,3/super_hot_regions:126,0x5b74f5e78886,1
557.xz_r/3,3/super_hot_regions:126,0x5b74f5e78890,0

557.xz_r/3,3/super_hot_regions:128,0x5b74f5e786fd,2
557.xz_r/3,3/super_hot_regions:128,0x5b74f5e78705,0

557.xz_r/3,3/super_hot_regions:129,0x5b74f5e78701,2
557.xz_r/3,3/super_hot_regions:129,0x5b74f5e78709,0

557.xz_r/3,3/super_hot_regions:133,0x5b74f5e77e1c,2
557.xz_r/3,3/super_hot_regions:133,0x5b74f5e77e2c,0

557.xz_r/3,3/super_hot_regions:134,0x5b74f5e77e37,2
557.xz_r/3,3/super_hot_regions:134,0x5b74f5e77e3f,0

557.xz_r/3,3/super_hot_regions:135,0x5b74f5e77df2,3
557.xz_r/3,3/super_hot_regions:135,0x5b74f5e77df9,0
557.xz_r/3,3/super_hot_regions:135,0x5b74f5e77e01,0
557.xz_r/3,3/super_hot_regions:135,0x5b74f5e77e04,0
557.xz_r/3,3/super_hot_regions:135,0x5b74f5e77e08,0
557.xz_r/3,3/super_hot_regions:135,0x5b74f5e77e10,0
557.xz_r/3,3/super_hot_regions:135,0x5b74f5e77e12,0
557.xz_r/3,3/super_hot_regions:135,0x5b74f5e77e15,0
557.xz_r/3,3/super_hot_regions:135,0x5b74f5e77e18,0
557.xz_r/3,3/super_hot_regions:135,0x5b74f5e77e44,0

557.xz_r/3,3/super_hot_regions:136,0x5b74f5e77e4c,1
557.xz_r/3,3/super_hot_regions:136,0x5b74f5e77e52,0

557.xz_r/3,3/super_hot_regions:137,0x5b74f5e77e24,3
557.xz_r/3,3/super_hot_regions:137,0x5b74f5e77e30,0
557.xz_r/3,3/super_hot_regions:137,0x5b74f5e77e5c,0

557.xz_r/3,3/super_hot_regions:138,0x5b74f5e77e5a,1
557.xz_r/3,3/super_hot_regions:138,0x5b74f5e77e67,0

557.xz_r/3,3/super_hot_regions:139,0x5b74f5e77e5f,3
557.xz_r/3,3/super_hot_regions:139,0x5b74f5e77e6a,0
557.xz_r/3,3/super_hot_regions:139,0x5b74f5e77e6d,0
557.xz_r/3,3/super_hot_regions:139,0x5b74f5e77e70,0
557.xz_r/3,3/super_hot_regions:139,0x5b74f5e77e73,0

557.xz_r/3,3/super_hot_regions:14,0x5b74f5e775cc,2
557.xz_r/3,3/super_hot_regions:14,0x5b74f5e775d3,0

557.xz_r/3,3/super_hot_regions:141,0x5b74f5e78420,1
557.xz_r/3,3/super_hot_regions:141,0x5b74f5e78423,0

557.xz_r/3,3/super_hot_regions:142,0x5b74f5e7842d,3
557.xz_r/3,3/super_hot_regions:142,0x5b74f5e78439,0
557.xz_r/3,3/super_hot_regions:142,0x5b74f5e78452,0
557.xz_r/3,3/super_hot_regions:142,0x5b74f5e78454,0
557.xz_r/3,3/super_hot_regions:142,0x5b74f5e78457,0

557.xz_r/3,3/super_hot_regions:143,0x5b74f5e7844e,1
557.xz_r/3,3/super_hot_regions:143,0x5b74f5e78461,0

557.xz_r/3,3/super_hot_regions:144,0x5b74f5e78435,2
557.xz_r/3,3/super_hot_regions:144,0x5b74f5e78442,0
557.xz_r/3,3/super_hot_regions:144,0x5b74f5e7845d,0
557.xz_r/3,3/super_hot_regions:144,0x5b74f5e78466,0
557.xz_r/3,3/super_hot_regions:144,0x5b74f5e78468,0

557.xz_r/3,3/super_hot_regions:146,0x5b74f5e73bb0,2
557.xz_r/3,3/super_hot_regions:146,0x5b74f5e73bbb,0

557.xz_r/3,3/super_hot_regions:149,0x5b74f5e77efe,4
557.xz_r/3,3/super_hot_regions:149,0x5b74f5e77f0b,0
557.xz_r/3,3/super_hot_regions:149,0x5b74f5e77f1f,0
557.xz_r/3,3/super_hot_regions:149,0x5b74f5e77f23,0

557.xz_r/3,3/super_hot_regions:152,0x5b74f5e78082,1
557.xz_r/3,3/super_hot_regions:152,0x5b74f5e78087,0
557.xz_r/3,3/super_hot_regions:152,0x5b74f5e78089,0
557.xz_r/3,3/super_hot_regions:152,0x5b74f5e78094,0

557.xz_r/3,3/super_hot_regions:154,0x5b74f5e77c80,2
557.xz_r/3,3/super_hot_regions:154,0x5b74f5e77c8b,0
557.xz_r/3,3/super_hot_regions:154,0x5b74f5e77ccd,0

557.xz_r/3,3/super_hot_regions:155,0x5b74f5e77cb6,2
557.xz_r/3,3/super_hot_regions:155,0x5b74f5e77cbd,0
557.xz_r/3,3/super_hot_regions:155,0x5b74f5e77cc4,0
557.xz_r/3,3/super_hot_regions:155,0x5b74f5e77ccb,0
557.xz_r/3,3/super_hot_regions:155,0x5b74f5e77cd0,0

557.xz_r/3,3/super_hot_regions:156,0x5b74f5e77cde,2
557.xz_r/3,3/super_hot_regions:156,0x5b74f5e77cf2,0

557.xz_r/3,3/super_hot_regions:157,0x5b74f5e77c7c,3
557.xz_r/3,3/super_hot_regions:157,0x5b74f5e77c88,0
557.xz_r/3,3/super_hot_regions:157,0x5b74f5e77cf8,0
557.xz_r/3,3/super_hot_regions:157,0x5b74f5e77d0f,0

557.xz_r/3,3/super_hot_regions:158,0x5b74f5e77cab,2
557.xz_r/3,3/super_hot_regions:158,0x5b74f5e77cae,0
557.xz_r/3,3/super_hot_regions:158,0x5b74f5e77cb1,0
557.xz_r/3,3/super_hot_regions:158,0x5b74f5e77cd2,0
557.xz_r/3,3/super_hot_regions:158,0x5b74f5e77cda,0
557.xz_r/3,3/super_hot_regions:158,0x5b74f5e77d17,0

557.xz_r/3,3/super_hot_regions:16,0x5b74f5e71f05,2
557.xz_r/3,3/super_hot_regions:16,0x5b74f5e71f11,0
557.xz_r/3,3/super_hot_regions:16,0x5b74f5e71f14,0
557.xz_r/3,3/super_hot_regions:16,0x5b74f5e71f17,0
557.xz_r/3,3/super_hot_regions:16,0x5b74f5e71f1a,0

557.xz_r/3,3/super_hot_regions:162,0x5b74f5e78773,3
557.xz_r/3,3/super_hot_regions:162,0x5b74f5e78780,0
557.xz_r/3,3/super_hot_regions:162,0x5b74f5e7879b,0
557.xz_r/3,3/super_hot_regions:162,0x5b74f5e787a7,0

557.xz_r/3,3/super_hot_regions:163,0x5b74f5e78786,3
557.xz_r/3,3/super_hot_regions:163,0x5b74f5e78792,0
557.xz_r/3,3/super_hot_regions:163,0x5b74f5e787ad,0

557.xz_r/3,3/super_hot_regions:164,0x5b74f5e78778,3
557.xz_r/3,3/super_hot_regions:164,0x5b74f5e787b3,0
557.xz_r/3,3/super_hot_regions:164,0x5b74f5e787b7,0
557.xz_r/3,3/super_hot_regions:164,0x5b74f5e787bb,0

557.xz_r/3,3/super_hot_regions:165,0x5b74f5e787d4,1
557.xz_r/3,3/super_hot_regions:165,0x5b74f5e787e0,0

557.xz_r/3,3/super_hot_regions:169,0x5b74f5e78ac2,3
557.xz_r/3,3/super_hot_regions:169,0x5b74f5e78ad2,0
557.xz_r/3,3/super_hot_regions:169,0x5b74f5e78adb,0
557.xz_r/3,3/super_hot_regions:169,0x5b74f5e78adf,0
557.xz_r/3,3/super_hot_regions:169,0x5b74f5e78b08,0

557.xz_r/3,3/super_hot_regions:17,0x5b74f5e71f1d,1
557.xz_r/3,3/super_hot_regions:17,0x5b74f5e71f20,0

557.xz_r/3,3/super_hot_regions:174,0x5b74f5e77f9e,1
557.xz_r/3,3/super_hot_regions:174,0x5b74f5e77fa6,0
557.xz_r/3,3/super_hot_regions:174,0x5b74f5e77fa8,0
557.xz_r/3,3/super_hot_regions:174,0x5b74f5e77fab,0
557.xz_r/3,3/super_hot_regions:174,0x5b74f5e77fae,0

557.xz_r/3,3/super_hot_regions:175,0x5b74f5e77fb5,2
557.xz_r/3,3/super_hot_regions:175,0x5b74f5e77fcf,0

557.xz_r/3,3/super_hot_regions:176,0x5b74f5e77fd7,2
557.xz_r/3,3/super_hot_regions:176,0x5b74f5e77fe6,0
557.xz_r/3,3/super_hot_regions:176,0x5b74f5e77fe8,0

557.xz_r/3,3/super_hot_regions:2,0x5b74f5e71f56,1
557.xz_r/3,3/super_hot_regions:2,0x5b74f5e71f5d,0

557.xz_r/3,3/super_hot_regions:23,0x5b74f5e7807f,1
557.xz_r/3,3/super_hot_regions:23,0x5b74f5e78082,0
557.xz_r/3,3/super_hot_regions:23,0x5b74f5e78087,0
557.xz_r/3,3/super_hot_regions:23,0x5b74f5e78089,0
557.xz_r/3,3/super_hot_regions:23,0x5b74f5e78094,0

557.xz_r/3,3/super_hot_regions:27,0x5b74f5e780db,1
557.xz_r/3,3/super_hot_regions:27,0x5b74f5e780de,0

557.xz_r/3,3/super_hot_regions:28,0x5b74f5e780cf,3
557.xz_r/3,3/super_hot_regions:28,0x5b74f5e780d7,0
557.xz_r/3,3/super_hot_regions:28,0x5b74f5e780e2,0

557.xz_r/3,3/super_hot_regions:33,0x5b74f5e781bb,3
557.xz_r/3,3/super_hot_regions:33,0x5b74f5e781c2,0
557.xz_r/3,3/super_hot_regions:33,0x5b74f5e781c6,0

557.xz_r/3,3/super_hot_regions:36,0x5b74f5e71ed0,2
557.xz_r/3,3/super_hot_regions:36,0x5b74f5e71ed8,0
557.xz_r/3,3/super_hot_regions:36,0x5b74f5e71edc,0
557.xz_r/3,3/super_hot_regions:36,0x5b74f5e71edf,0
557.xz_r/3,3/super_hot_regions:36,0x5b74f5e71ee2,0

557.xz_r/3,3/super_hot_regions:37,0x5b74f5e71ee5,1
557.xz_r/3,3/super_hot_regions:37,0x5b74f5e71ee8,0

557.xz_r/3,3/super_hot_regions:39,0x5b74f5e720a0,2
557.xz_r/3,3/super_hot_regions:39,0x5b74f5e720a7,0

557.xz_r/3,3/super_hot_regions:40,0x5b74f5e720a9,2
557.xz_r/3,3/super_hot_regions:40,0x5b74f5e720ad,0
557.xz_r/3,3/super_hot_regions:40,0x5b74f5e720b1,0
557.xz_r/3,3/super_hot_regions:40,0x5b74f5e720b7,0

557.xz_r/3,3/super_hot_regions:41,0x5b74f5e720bd,1
557.xz_r/3,3/super_hot_regions:41,0x5b74f5e720c2,0
557.xz_r/3,3/super_hot_regions:41,0x5b74f5e720c6,0

557.xz_r/3,3/super_hot_regions:42,0x5b74f5e720a4,1
557.xz_r/3,3/super_hot_regions:42,0x5b74f5e720b4,0
557.xz_r/3,3/super_hot_regions:42,0x5b74f5e720c8,0

557.xz_r/3,3/super_hot_regions:47,0x5b74f5e7496d,3
557.xz_r/3,3/super_hot_regions:47,0x5b74f5e74974,0
557.xz_r/3,3/super_hot_regions:47,0x5b74f5e74978,0

557.xz_r/3,3/super_hot_regions:51,0x5b74f5e77e5f,3
557.xz_r/3,3/super_hot_regions:51,0x5b74f5e77e6a,0
557.xz_r/3,3/super_hot_regions:51,0x5b74f5e77e6d,0
557.xz_r/3,3/super_hot_regions:51,0x5b74f5e77e70,0
557.xz_r/3,3/super_hot_regions:51,0x5b74f5e77e73,0

557.xz_r/3,3/super_hot_regions:53,0x5b74f5e7213f,1
557.xz_r/3,3/super_hot_regions:53,0x5b74f5e72142,0

557.xz_r/3,3/super_hot_regions:56,0x5b74f5e7814d,1
557.xz_r/3,3/super_hot_regions:56,0x5b74f5e78150,0

557.xz_r/3,3/super_hot_regions:58,0x5b74f5e7817f,1
557.xz_r/3,3/super_hot_regions:58,0x5b74f5e78185,0

557.xz_r/3,3/super_hot_regions:60,0x5b74f5e720ea,1
557.xz_r/3,3/super_hot_regions:60,0x5b74f5e720ed,0

557.xz_r/3,3/super_hot_regions:63,0x5b74f5e7805d,2
557.xz_r/3,3/super_hot_regions:63,0x5b74f5e78061,0

557.xz_r/3,3/super_hot_regions:65,0x5b74f5e74c40,4
557.xz_r/3,3/super_hot_regions:65,0x5b74f5e74c48,0
557.xz_r/3,3/super_hot_regions:65,0x5b74f5e74c4b,0
557.xz_r/3,3/super_hot_regions:65,0x5b74f5e74c4e,0
557.xz_r/3,3/super_hot_regions:65,0x5b74f5e74c51,0
557.xz_r/3,3/super_hot_regions:65,0x5b74f5e74c54,0
557.xz_r/3,3/super_hot_regions:65,0x5b74f5e74c56,0
557.xz_r/3,3/super_hot_regions:65,0x5b74f5e74c58,0
557.xz_r/3,3/super_hot_regions:65,0x5b74f5e74c5b,0
557.xz_r/3,3/super_hot_regions:65,0x5b74f5e74c5d,0

557.xz_r/3,3/super_hot_regions:67,0x5b74f5e781d3,3
557.xz_r/3,3/super_hot_regions:67,0x5b74f5e781da,0
557.xz_r/3,3/super_hot_regions:67,0x5b74f5e781de,0

557.xz_r/3,3/super_hot_regions:69,0x5b74f5e74c10,4
557.xz_r/3,3/super_hot_regions:69,0x5b74f5e74c18,0
557.xz_r/3,3/super_hot_regions:69,0x5b74f5e74c1a,0
557.xz_r/3,3/super_hot_regions:69,0x5b74f5e74c1d,0
557.xz_r/3,3/super_hot_regions:69,0x5b74f5e74c20,0
557.xz_r/3,3/super_hot_regions:69,0x5b74f5e74c23,0
557.xz_r/3,3/super_hot_regions:69,0x5b74f5e74c25,0
557.xz_r/3,3/super_hot_regions:69,0x5b74f5e74c27,0
557.xz_r/3,3/super_hot_regions:69,0x5b74f5e74c29,0
557.xz_r/3,3/super_hot_regions:69,0x5b74f5e74c2f,0
557.xz_r/3,3/super_hot_regions:69,0x5b74f5e74c34,0

557.xz_r/3,3/super_hot_regions:7,0x5b74f5e71e88,2
557.xz_r/3,3/super_hot_regions:7,0x5b74f5e71e91,0

557.xz_r/3,3/super_hot_regions:70,0x5b74f5e77510,3
557.xz_r/3,3/super_hot_regions:70,0x5b74f5e77513,0
557.xz_r/3,3/super_hot_regions:70,0x5b74f5e7751c,0
557.xz_r/3,3/super_hot_regions:70,0x5b74f5e77521,0
557.xz_r/3,3/super_hot_regions:70,0x5b74f5e77527,0
557.xz_r/3,3/super_hot_regions:70,0x5b74f5e77529,0
557.xz_r/3,3/super_hot_regions:70,0x5b74f5e7752e,0
557.xz_r/3,3/super_hot_regions:70,0x5b74f5e77533,0
557.xz_r/3,3/super_hot_regions:70,0x5b74f5e77535,0

557.xz_r/3,3/super_hot_regions:71,0x5b74f5e77537,2
557.xz_r/3,3/super_hot_regions:71,0x5b74f5e7753b,0

557.xz_r/3,3/super_hot_regions:74,0x5b74f5e71f9e,2
557.xz_r/3,3/super_hot_regions:74,0x5b74f5e71fb3,0
557.xz_r/3,3/super_hot_regions:74,0x5b74f5e71fb7,0

557.xz_r/3,3/super_hot_regions:75,0x5b74f5e7b625,2
557.xz_r/3,3/super_hot_regions:75,0x5b74f5e7b628,0
557.xz_r/3,3/super_hot_regions:75,0x5b74f5e7b62b,0
557.xz_r/3,3/super_hot_regions:75,0x5b74f5e7b62e,0
557.xz_r/3,3/super_hot_regions:75,0x5b74f5e7b631,0
557.xz_r/3,3/super_hot_regions:75,0x5b74f5e7b634,0
557.xz_r/3,3/super_hot_regions:75,0x5b74f5e7b636,0

557.xz_r/3,3/super_hot_regions:78,0x5b74f5e77595,3
557.xz_r/3,3/super_hot_regions:78,0x5b74f5e77598,0
557.xz_r/3,3/super_hot_regions:78,0x5b74f5e775cc,0
557.xz_r/3,3/super_hot_regions:78,0x5b74f5e775d3,0

557.xz_r/3,3/super_hot_regions:8,0x5b74f5e71e94,2
557.xz_r/3,3/super_hot_regions:8,0x5b74f5e71e98,0
557.xz_r/3,3/super_hot_regions:8,0x5b74f5e71e9c,0
557.xz_r/3,3/super_hot_regions:8,0x5b74f5e71ea2,0

557.xz_r/3,3/super_hot_regions:83,0x5b74f5e6ffb4,1
557.xz_r/3,3/super_hot_regions:83,0x5b74f5e6ffb7,0

557.xz_r/3,3/super_hot_regions:84,0x5b74f5e6ff90,2
557.xz_r/3,3/super_hot_regions:84,0x5b74f5e6ff97,0
557.xz_r/3,3/super_hot_regions:84,0x5b74f5e6ff9c,0
557.xz_r/3,3/super_hot_regions:84,0x5b74f5e6ffa6,0
557.xz_r/3,3/super_hot_regions:84,0x5b74f5e6ffb9,0

557.xz_r/3,3/super_hot_regions:85,0x5b74f5e6ff9e,4
557.xz_r/3,3/super_hot_regions:85,0x5b74f5e6ffa9,0
557.xz_r/3,3/super_hot_regions:85,0x5b74f5e6ffad,0
557.xz_r/3,3/super_hot_regions:85,0x5b74f5e6ffb1,0
557.xz_r/3,3/super_hot_regions:85,0x5b74f5e6ffbc,0
557.xz_r/3,3/super_hot_regions:85,0x5b74f5e6ffc7,0

557.xz_r/3,3/super_hot_regions:9,0x5b74f5e71ead,1
557.xz_r/3,3/super_hot_regions:9,0x5b74f5e71eb3,0
557.xz_r/3,3/super_hot_regions:9,0x5b74f5e71eb7,0

557.xz_r/3,3/super_hot_regions:93,0x5b74f5e73a10,7
557.xz_r/3,3/super_hot_regions:93,0x5b74f5e73a13,0
557.xz_r/3,3/super_hot_regions:93,0x5b74f5e73a16,0
557.xz_r/3,3/super_hot_regions:93,0x5b74f5e73a1a,0
557.xz_r/3,3/super_hot_regions:93,0x5b74f5e73a21,0
557.xz_r/3,3/super_hot_regions:93,0x5b74f5e73a25,0
557.xz_r/3,3/super_hot_regions:93,0x5b74f5e73a2d,0
557.xz_r/3,3/super_hot_regions:93,0x5b74f5e73a30,0
557.xz_r/3,3/super_hot_regions:93,0x5b74f5e73a41,0
557.xz_r/3,3/super_hot_regions:93,0x5b74f5e73a4a,0
557.xz_r/3,3/super_hot_regions:93,0x5b74f5e73a4e,0
557.xz_r/3,3/super_hot_regions:93,0x5b74f5e73a54,0
557.xz_r/3,3/super_hot_regions:93,0x5b74f5e73a58,0
557.xz_r/3,3/super_hot_regions:93,0x5b74f5e73a5b,0
557.xz_r/3,3/super_hot_regions:93,0x5b74f5e73a69,0
557.xz_r/3,3/super_hot_regions:93,0x5b74f5e73a71,0

557.xz_r/3,3/super_hot_regions:96,0x5b74f5e73b5a,1
557.xz_r/3,3/super_hot_regions:96,0x5b74f5e73b5f,0

557.xz_r/3,3/super_hot_regions:98,0x5b74f5e71e31,2
557.xz_r/3,3/super_hot_regions:98,0x5b74f5e71e40,0

600.perlbench_s/1,1/super_hot_regions:0,0x65462c690ea5,2
600.perlbench_s/1,1/super_hot_regions:0,0x65462c690eaa,0

600.perlbench_s/1,1/super_hot_regions:107,0x65462c6e79a8,2
600.perlbench_s/1,1/super_hot_regions:107,0x65462c6e79b3,0

600.perlbench_s/1,1/super_hot_regions:109,0x65462c691844,2
600.perlbench_s/1,1/super_hot_regions:109,0x65462c691848,0
600.perlbench_s/1,1/super_hot_regions:109,0x65462c69184c,0
600.perlbench_s/1,1/super_hot_regions:109,0x65462c69185b,0

600.perlbench_s/1,1/super_hot_regions:11,0x65462c6a0ed5,2
600.perlbench_s/1,1/super_hot_regions:11,0x65462c6a0ed9,0

600.perlbench_s/1,1/super_hot_regions:115,0x65462c6918d8,3
600.perlbench_s/1,1/super_hot_regions:115,0x65462c6918df,0
600.perlbench_s/1,1/super_hot_regions:115,0x65462c6918e3,0

600.perlbench_s/1,1/super_hot_regions:116,0x65462c6946cc,2
600.perlbench_s/1,1/super_hot_regions:116,0x65462c6946d0,0

600.perlbench_s/1,1/super_hot_regions:119,0x65462c693ff5,2
600.perlbench_s/1,1/super_hot_regions:119,0x65462c694012,0

600.perlbench_s/1,1/super_hot_regions:12,0x65462c6a0e7e,1
600.perlbench_s/1,1/super_hot_regions:12,0x65462c6a0e80,0

600.perlbench_s/1,1/super_hot_regions:121,0x65462c693fb0,1
600.perlbench_s/1,1/super_hot_regions:121,0x65462c693fbb,0

600.perlbench_s/1,1/super_hot_regions:125,0x65462c69eb58,2
600.perlbench_s/1,1/super_hot_regions:125,0x65462c69eb5c,0

600.perlbench_s/1,1/super_hot_regions:13,0x65462c6a0e83,2
600.perlbench_s/1,1/super_hot_regions:13,0x65462c6a0e87,0

600.perlbench_s/1,1/super_hot_regions:133,0x65462c69170e,2
600.perlbench_s/1,1/super_hot_regions:133,0x65462c691713,0
600.perlbench_s/1,1/super_hot_regions:133,0x65462c691718,0
600.perlbench_s/1,1/super_hot_regions:133,0x65462c69171a,0
600.perlbench_s/1,1/super_hot_regions:133,0x65462c691721,0
600.perlbench_s/1,1/super_hot_regions:133,0x65462c691724,0
600.perlbench_s/1,1/super_hot_regions:133,0x65462c69173b,0

600.perlbench_s/1,1/super_hot_regions:135,0x65462c64367f,2
600.perlbench_s/1,1/super_hot_regions:135,0x65462c64368d,0

600.perlbench_s/1,1/super_hot_regions:136,0x65462c643678,5
600.perlbench_s/1,1/super_hot_regions:136,0x65462c643694,0
600.perlbench_s/1,1/super_hot_regions:136,0x65462c64369f,0
600.perlbench_s/1,1/super_hot_regions:136,0x65462c6436a3,0
600.perlbench_s/1,1/super_hot_regions:136,0x65462c6436a7,0

600.perlbench_s/1,1/super_hot_regions:137,0x65462c6436b2,2
600.perlbench_s/1,1/super_hot_regions:137,0x65462c6436b6,0

600.perlbench_s/1,1/super_hot_regions:14,0x65462c6a0e8a,1
600.perlbench_s/1,1/super_hot_regions:14,0x65462c6a0e8c,0

600.perlbench_s/1,1/super_hot_regions:140,0x65462c6436dd,2
600.perlbench_s/1,1/super_hot_regions:140,0x65462c6436e4,0

600.perlbench_s/1,1/super_hot_regions:17,0x65462c6a0ebf,1
600.perlbench_s/1,1/super_hot_regions:17,0x65462c6a0ec1,0

600.perlbench_s/1,1/super_hot_regions:2,0x65462c690e54,2
600.perlbench_s/1,1/super_hot_regions:2,0x65462c690e5d,0

600.perlbench_s/1,1/super_hot_regions:26,0x65462c6a02a2,1
600.perlbench_s/1,1/super_hot_regions:26,0x65462c6a02ac,0

600.perlbench_s/1,1/super_hot_regions:27,0x65462c6a02b0,2
600.perlbench_s/1,1/super_hot_regions:27,0x65462c6a02b3,0

600.perlbench_s/1,1/super_hot_regions:28,0x65462c6a0294,2
600.perlbench_s/1,1/super_hot_regions:28,0x65462c6a02b9,0

600.perlbench_s/1,1/super_hot_regions:3,0x65462c690e59,2
600.perlbench_s/1,1/super_hot_regions:3,0x65462c690e5f,0
600.perlbench_s/1,1/super_hot_regions:3,0x65462c690e62,0

600.perlbench_s/1,1/super_hot_regions:32,0x65462c6a114e,1
600.perlbench_s/1,1/super_hot_regions:32,0x65462c6a1150,0

600.perlbench_s/1,1/super_hot_regions:35,0x65462c69111d,3
600.perlbench_s/1,1/super_hot_regions:35,0x65462c691124,0
600.perlbench_s/1,1/super_hot_regions:35,0x65462c691128,0
600.perlbench_s/1,1/super_hot_regions:35,0x65462c69112d,0
600.perlbench_s/1,1/super_hot_regions:35,0x65462c691132,0
600.perlbench_s/1,1/super_hot_regions:35,0x65462c691138,0
600.perlbench_s/1,1/super_hot_regions:35,0x65462c69113b,0

600.perlbench_s/1,1/super_hot_regions:38,0x65462c6910f7,2
600.perlbench_s/1,1/super_hot_regions:38,0x65462c691105,0

600.perlbench_s/1,1/super_hot_regions:39,0x65462c6910fb,3
600.perlbench_s/1,1/super_hot_regions:39,0x65462c691102,0
600.perlbench_s/1,1/super_hot_regions:39,0x65462c691107,0
600.perlbench_s/1,1/super_hot_regions:39,0x65462c69110c,0
600.perlbench_s/1,1/super_hot_regions:39,0x65462c691111,0

600.perlbench_s/1,1/super_hot_regions:42,0x65462c6f2520,2
600.perlbench_s/1,1/super_hot_regions:42,0x65462c6f2527,0

600.perlbench_s/1,1/super_hot_regions:47,0x65462c690cbb,2
600.perlbench_s/1,1/super_hot_regions:47,0x65462c690cc6,0

600.perlbench_s/1,1/super_hot_regions:48,0x65462c690ccd,3
600.perlbench_s/1,1/super_hot_regions:48,0x65462c690cd6,0
600.perlbench_s/1,1/super_hot_regions:48,0x65462c690cd9,0

600.perlbench_s/1,1/super_hot_regions:49,0x65462c690cf0,1
600.perlbench_s/1,1/super_hot_regions:49,0x65462c690cf3,0

600.perlbench_s/1,1/super_hot_regions:5,0x65462c699bc5,2
600.perlbench_s/1,1/super_hot_regions:5,0x65462c699bc9,0
600.perlbench_s/1,1/super_hot_regions:5,0x65462c699bce,0
600.perlbench_s/1,1/super_hot_regions:5,0x65462c699bd3,0

600.perlbench_s/1,1/super_hot_regions:50,0x65462c690d1f,2
600.perlbench_s/1,1/super_hot_regions:50,0x65462c690d22,0
600.perlbench_s/1,1/super_hot_regions:50,0x65462c690d27,0
600.perlbench_s/1,1/super_hot_regions:50,0x65462c690d29,0
600.perlbench_s/1,1/super_hot_regions:50,0x65462c690d2c,0

600.perlbench_s/1,1/super_hot_regions:51,0x65462c690cfa,7
600.perlbench_s/1,1/super_hot_regions:51,0x65462c690d05,0
600.perlbench_s/1,1/super_hot_regions:51,0x65462c690d09,0
600.perlbench_s/1,1/super_hot_regions:51,0x65462c690d0e,0
600.perlbench_s/1,1/super_hot_regions:51,0x65462c690d12,0
600.perlbench_s/1,1/super_hot_regions:51,0x65462c690d17,0
600.perlbench_s/1,1/super_hot_regions:51,0x65462c690d1c,0
600.perlbench_s/1,1/super_hot_regions:51,0x65462c690d33,0
600.perlbench_s/1,1/super_hot_regions:51,0x65462c690d36,0
600.perlbench_s/1,1/super_hot_regions:51,0x65462c690d39,0
600.perlbench_s/1,1/super_hot_regions:51,0x65462c690d3c,0
600.perlbench_s/1,1/super_hot_regions:51,0x65462c690d43,0
600.perlbench_s/1,1/super_hot_regions:51,0x65462c690d46,0

600.perlbench_s/1,1/super_hot_regions:53,0x65462c690d71,2
600.perlbench_s/1,1/super_hot_regions:53,0x65462c690d81,0
600.perlbench_s/1,1/super_hot_regions:53,0x65462c690d84,0

600.perlbench_s/1,1/super_hot_regions:54,0x65462c690e38,1
600.perlbench_s/1,1/super_hot_regions:54,0x65462c690e4c,0

600.perlbench_s/1,1/super_hot_regions:71,0x65462c691416,2
600.perlbench_s/1,1/super_hot_regions:71,0x65462c69141e,0

600.perlbench_s/1,1/super_hot_regions:75,0x65462c690f34,2
600.perlbench_s/1,1/super_hot_regions:75,0x65462c690f36,0

600.perlbench_s/1,1/super_hot_regions:79,0x65462c694f00,1
600.perlbench_s/1,1/super_hot_regions:79,0x65462c694f03,0

600.perlbench_s/1,1/super_hot_regions:80,0x65462c694ef9,2
600.perlbench_s/1,1/super_hot_regions:80,0x65462c694f07,0

600.perlbench_s/1,1/super_hot_regions:81,0x65462c691669,4
600.perlbench_s/1,1/super_hot_regions:81,0x65462c691675,0
600.perlbench_s/1,1/super_hot_regions:81,0x65462c69167c,0
600.perlbench_s/1,1/super_hot_regions:81,0x65462c691685,0
600.perlbench_s/1,1/super_hot_regions:81,0x65462c69168c,0

600.perlbench_s/1,1/super_hot_regions:82,0x65462c69168f,2
600.perlbench_s/1,1/super_hot_regions:82,0x65462c69169b,0

600.perlbench_s/1,1/super_hot_regions:85,0x65462c691d0d,2
600.perlbench_s/1,1/super_hot_regions:85,0x65462c691d10,0

600.perlbench_s/1,1/super_hot_regions:87,0x65462c691d20,2
600.perlbench_s/1,1/super_hot_regions:87,0x65462c691d2d,0

600.perlbench_s/1,1/super_hot_regions:89,0x65462c691cb5,1
600.perlbench_s/1,1/super_hot_regions:89,0x65462c691cba,0
600.perlbench_s/1,1/super_hot_regions:89,0x65462c691cc2,0

600.perlbench_s/1,1/super_hot_regions:94,0x65462c68ceaf,1
600.perlbench_s/1,1/super_hot_regions:94,0x65462c68ceb4,0

600.perlbench_s/1,1/super_hot_regions:96,0x65462c68d023,1
600.perlbench_s/1,1/super_hot_regions:96,0x65462c68d026,0
600.perlbench_s/1,1/super_hot_regions:96,0x65462c68d028,0

600.perlbench_s/2,2/super_hot_regions:1,0x574b6ac10ea5,2
600.perlbench_s/2,2/super_hot_regions:1,0x574b6ac10eaa,0

600.perlbench_s/2,2/super_hot_regions:100,0x574b6ac2c75e,3
600.perlbench_s/2,2/super_hot_regions:100,0x574b6ac2c768,0
600.perlbench_s/2,2/super_hot_regions:100,0x574b6ac2c76c,0

600.perlbench_s/2,2/super_hot_regions:102,0x574b6ac2c748,2
600.perlbench_s/2,2/super_hot_regions:102,0x574b6ac2c74d,0
600.perlbench_s/2,2/super_hot_regions:102,0x574b6ac2c74f,0

600.perlbench_s/2,2/super_hot_regions:108,0x574b6ac2c7fe,2
600.perlbench_s/2,2/super_hot_regions:108,0x574b6ac2c804,0

600.perlbench_s/2,2/super_hot_regions:110,0x574b6ac2ca70,2
600.perlbench_s/2,2/super_hot_regions:110,0x574b6ac2ca74,0
600.perlbench_s/2,2/super_hot_regions:110,0x574b6ac2ca78,0
600.perlbench_s/2,2/super_hot_regions:110,0x574b6ac2ca7b,0

600.perlbench_s/2,2/super_hot_regions:113,0x574b6ac2c834,1
600.perlbench_s/2,2/super_hot_regions:113,0x574b6ac2c837,0
600.perlbench_s/2,2/super_hot_regions:113,0x574b6ac2c83a,0

600.perlbench_s/2,2/super_hot_regions:118,0x574b6ac2c891,2
600.perlbench_s/2,2/super_hot_regions:118,0x574b6ac2c895,0

600.perlbench_s/2,2/super_hot_regions:12,0x574b6ac10e54,2
600.perlbench_s/2,2/super_hot_regions:12,0x574b6ac10e5d,0

600.perlbench_s/2,2/super_hot_regions:120,0x574b6ac20ebf,1
600.perlbench_s/2,2/super_hot_regions:120,0x574b6ac20ec1,0

600.perlbench_s/2,2/super_hot_regions:124,0x574b6ac2b669,2
600.perlbench_s/2,2/super_hot_regions:124,0x574b6ac2b675,0

600.perlbench_s/2,2/super_hot_regions:125,0x574b6ac11669,4
600.perlbench_s/2,2/super_hot_regions:125,0x574b6ac11675,0
600.perlbench_s/2,2/super_hot_regions:125,0x574b6ac1167c,0
600.perlbench_s/2,2/super_hot_regions:125,0x574b6ac11685,0
600.perlbench_s/2,2/super_hot_regions:125,0x574b6ac1168c,0

600.perlbench_s/2,2/super_hot_regions:126,0x574b6ac1168f,2
600.perlbench_s/2,2/super_hot_regions:126,0x574b6ac1169b,0

600.perlbench_s/2,2/super_hot_regions:128,0x574b6ac11cb5,1
600.perlbench_s/2,2/super_hot_regions:128,0x574b6ac11cba,0
600.perlbench_s/2,2/super_hot_regions:128,0x574b6ac11cc2,0

600.perlbench_s/2,2/super_hot_regions:13,0x574b6ac10e59,2
600.perlbench_s/2,2/super_hot_regions:13,0x574b6ac10e5f,0
600.perlbench_s/2,2/super_hot_regions:13,0x574b6ac10e62,0

600.perlbench_s/2,2/super_hot_regions:131,0x574b6ac11d0d,2
600.perlbench_s/2,2/super_hot_regions:131,0x574b6ac11d10,0

600.perlbench_s/2,2/super_hot_regions:133,0x574b6ac11d20,2
600.perlbench_s/2,2/super_hot_regions:133,0x574b6ac11d2d,0

600.perlbench_s/2,2/super_hot_regions:17,0x574b6abc367f,2
600.perlbench_s/2,2/super_hot_regions:17,0x574b6abc368d,0

600.perlbench_s/2,2/super_hot_regions:18,0x574b6abc3678,5
600.perlbench_s/2,2/super_hot_regions:18,0x574b6abc3694,0
600.perlbench_s/2,2/super_hot_regions:18,0x574b6abc369f,0
600.perlbench_s/2,2/super_hot_regions:18,0x574b6abc36a3,0
600.perlbench_s/2,2/super_hot_regions:18,0x574b6abc36a7,0

600.perlbench_s/2,2/super_hot_regions:19,0x574b6abc36b2,2
600.perlbench_s/2,2/super_hot_regions:19,0x574b6abc36b6,0

600.perlbench_s/2,2/super_hot_regions:2,0x574b6ac8c8d0,5
600.perlbench_s/2,2/super_hot_regions:2,0x574b6ac8c8d6,0
600.perlbench_s/2,2/super_hot_regions:2,0x574b6ac8c8dc,0
600.perlbench_s/2,2/super_hot_regions:2,0x574b6ac8c8e2,0
600.perlbench_s/2,2/super_hot_regions:2,0x574b6ac8c8e8,0
600.perlbench_s/2,2/super_hot_regions:2,0x574b6ac8c8ee,0
600.perlbench_s/2,2/super_hot_regions:2,0x574b6ac8c8f1,0
600.perlbench_s/2,2/super_hot_regions:2,0x574b6ac8c8f7,0
600.perlbench_s/2,2/super_hot_regions:2,0x574b6ac8c8fa,0
600.perlbench_s/2,2/super_hot_regions:2,0x574b6ac8c904,0
600.perlbench_s/2,2/super_hot_regions:2,0x574b6ac8c908,0
600.perlbench_s/2,2/super_hot_regions:2,0x574b6ac8c90b,0
600.perlbench_s/2,2/super_hot_regions:2,0x574b6ac8c90e,0
600.perlbench_s/2,2/super_hot_regions:2,0x574b6ac8c911,0
600.perlbench_s/2,2/super_hot_regions:2,0x574b6ac8c914,0
600.perlbench_s/2,2/super_hot_regions:2,0x574b6ac8c917,0
600.perlbench_s/2,2/super_hot_regions:2,0x574b6ac8c92f,0
600.perlbench_s/2,2/super_hot_regions:2,0x574b6ac8c94c,0
600.perlbench_s/2,2/super_hot_regions:2,0x574b6ac8c94f,0

600.perlbench_s/2,2/super_hot_regions:22,0x574b6abc36dd,2
600.perlbench_s/2,2/super_hot_regions:22,0x574b6abc36e4,0

600.perlbench_s/2,2/super_hot_regions:3,0x574b6ac8c8d3,3
600.perlbench_s/2,2/super_hot_regions:3,0x574b6ac8c8d9,0
600.perlbench_s/2,2/super_hot_regions:3,0x574b6ac8c8df,0
600.perlbench_s/2,2/super_hot_regions:3,0x574b6ac8c8fe,0
600.perlbench_s/2,2/super_hot_regions:3,0x574b6ac8c91a,0
600.perlbench_s/2,2/super_hot_regions:3,0x574b6ac8c920,0
600.perlbench_s/2,2/super_hot_regions:3,0x574b6ac8c923,0
600.perlbench_s/2,2/super_hot_regions:3,0x574b6ac8c929,0
600.perlbench_s/2,2/super_hot_regions:3,0x574b6ac8c92c,0
600.perlbench_s/2,2/super_hot_regions:3,0x574b6ac8c932,0
600.perlbench_s/2,2/super_hot_regions:3,0x574b6ac8c935,0
600.perlbench_s/2,2/super_hot_regions:3,0x574b6ac8c938,0
600.perlbench_s/2,2/super_hot_regions:3,0x574b6ac8c93b,0
600.perlbench_s/2,2/super_hot_regions:3,0x574b6ac8c93e,0
600.perlbench_s/2,2/super_hot_regions:3,0x574b6ac8c941,0
600.perlbench_s/2,2/super_hot_regions:3,0x574b6ac8c952,0

600.perlbench_s/2,2/super_hot_regions:34,0x574b6ac22d62,2
600.perlbench_s/2,2/super_hot_regions:34,0x574b6ac22d69,0

600.perlbench_s/2,2/super_hot_regions:36,0x574b6ac23c08,1
600.perlbench_s/2,2/super_hot_regions:36,0x574b6ac23c0f,0

600.perlbench_s/2,2/super_hot_regions:39,0x574b6ac23d96,3
600.perlbench_s/2,2/super_hot_regions:39,0x574b6ac23d9d,0
600.perlbench_s/2,2/super_hot_regions:39,0x574b6ac23da1,0

600.perlbench_s/2,2/super_hot_regions:40,0x574b6ac23c2e,2
600.perlbench_s/2,2/super_hot_regions:40,0x574b6ac23c35,0

600.perlbench_s/2,2/super_hot_regions:41,0x574b6ac23c32,2
600.perlbench_s/2,2/super_hot_regions:41,0x574b6ac23c38,0

600.perlbench_s/2,2/super_hot_regions:43,0x574b6ac23e20,1
600.perlbench_s/2,2/super_hot_regions:43,0x574b6ac23e28,0

600.perlbench_s/2,2/super_hot_regions:57,0x574b6ac2afbc,2
600.perlbench_s/2,2/super_hot_regions:57,0x574b6ac2afc3,0

600.perlbench_s/2,2/super_hot_regions:59,0x574b6ac2afd3,3
600.perlbench_s/2,2/super_hot_regions:59,0x574b6ac2afdc,0
600.perlbench_s/2,2/super_hot_regions:59,0x574b6ac2afe0,0

600.perlbench_s/2,2/super_hot_regions:77,0x574b6abc3635,1
600.perlbench_s/2,2/super_hot_regions:77,0x574b6abc3640,0

600.perlbench_s/2,2/super_hot_regions:78,0x574b6abc362e,3
600.perlbench_s/2,2/super_hot_regions:78,0x574b6abc3639,0
600.perlbench_s/2,2/super_hot_regions:78,0x574b6abc363d,0
600.perlbench_s/2,2/super_hot_regions:78,0x574b6abc3647,0

600.perlbench_s/2,2/super_hot_regions:79,0x574b6ac11416,2
600.perlbench_s/2,2/super_hot_regions:79,0x574b6ac1141e,0

600.perlbench_s/2,2/super_hot_regions:8,0x574b6abcb122,3
600.perlbench_s/2,2/super_hot_regions:8,0x574b6abcb126,0
600.perlbench_s/2,2/super_hot_regions:8,0x574b6abcb129,0

600.perlbench_s/2,2/super_hot_regions:81,0x574b6ac10f34,2
600.perlbench_s/2,2/super_hot_regions:81,0x574b6ac10f36,0

600.perlbench_s/2,2/super_hot_regions:85,0x574b6ac2b181,1
600.perlbench_s/2,2/super_hot_regions:85,0x574b6ac2b186,0

600.perlbench_s/2,2/super_hot_regions:87,0x574b6ac20ed5,2
600.perlbench_s/2,2/super_hot_regions:87,0x574b6ac20ed9,0

600.perlbench_s/2,2/super_hot_regions:88,0x574b6ac20e7e,1
600.perlbench_s/2,2/super_hot_regions:88,0x574b6ac20e80,0

600.perlbench_s/2,2/super_hot_regions:89,0x574b6ac20e83,2
600.perlbench_s/2,2/super_hot_regions:89,0x574b6ac20e87,0

600.perlbench_s/2,2/super_hot_regions:9,0x574b6abcb12d,2
600.perlbench_s/2,2/super_hot_regions:9,0x574b6abcb131,0

600.perlbench_s/2,2/super_hot_regions:90,0x574b6ac20e8a,1
600.perlbench_s/2,2/super_hot_regions:90,0x574b6ac20e8c,0

600.perlbench_s/2,2/super_hot_regions:99,0x574b6ac2c63c,3
600.perlbench_s/2,2/super_hot_regions:99,0x574b6ac2c643,0
600.perlbench_s/2,2/super_hot_regions:99,0x574b6ac2c647,0

600.perlbench_s/3,3/super_hot_regions:1,0x5ad3367cdea5,2
600.perlbench_s/3,3/super_hot_regions:1,0x5ad3367cdeaa,0

600.perlbench_s/3,3/super_hot_regions:10,0x5ad3367dde7e,1
600.perlbench_s/3,3/super_hot_regions:10,0x5ad3367dde80,0

600.perlbench_s/3,3/super_hot_regions:107,0x5ad33670aa37,2
600.perlbench_s/3,3/super_hot_regions:107,0x5ad33670aa3a,0
600.perlbench_s/3,3/super_hot_regions:107,0x5ad33670aa3c,0
600.perlbench_s/3,3/super_hot_regions:107,0x5ad33670aa3f,0

600.perlbench_s/3,3/super_hot_regions:109,0x5ad33670ab00,2
600.perlbench_s/3,3/super_hot_regions:109,0x5ad33670ab07,0
600.perlbench_s/3,3/super_hot_regions:109,0x5ad33670ab0a,0

600.perlbench_s/3,3/super_hot_regions:11,0x5ad3367dde83,2
600.perlbench_s/3,3/super_hot_regions:11,0x5ad3367dde87,0

600.perlbench_s/3,3/super_hot_regions:115,0x5ad33670aa23,2
600.perlbench_s/3,3/super_hot_regions:115,0x5ad33670aa2a,0

600.perlbench_s/3,3/super_hot_regions:117,0x5ad33670a9e7,3
600.perlbench_s/3,3/super_hot_regions:117,0x5ad33670a9ef,0
600.perlbench_s/3,3/super_hot_regions:117,0x5ad33670a9f3,0

600.perlbench_s/3,3/super_hot_regions:118,0x5ad33670a9f8,1
600.perlbench_s/3,3/super_hot_regions:118,0x5ad33670a9fa,0
600.perlbench_s/3,3/super_hot_regions:118,0x5ad33670aa00,0

600.perlbench_s/3,3/super_hot_regions:12,0x5ad3367dde8a,1
600.perlbench_s/3,3/super_hot_regions:12,0x5ad3367dde8c,0

600.perlbench_s/3,3/super_hot_regions:124,0x5ad33678892e,1
600.perlbench_s/3,3/super_hot_regions:124,0x5ad336788932,0

600.perlbench_s/3,3/super_hot_regions:125,0x5ad336788939,2
600.perlbench_s/3,3/super_hot_regions:125,0x5ad336788940,0

600.perlbench_s/3,3/super_hot_regions:130,0x5ad33670b098,1
600.perlbench_s/3,3/super_hot_regions:130,0x5ad33670b09b,0
600.perlbench_s/3,3/super_hot_regions:130,0x5ad33670b09d,0

600.perlbench_s/3,3/super_hot_regions:131,0x5ad33670b09f,1
600.perlbench_s/3,3/super_hot_regions:131,0x5ad33670b0a2,0
600.perlbench_s/3,3/super_hot_regions:131,0x5ad33670b0a4,0

600.perlbench_s/3,3/super_hot_regions:134,0x5ad33670b030,1
600.perlbench_s/3,3/super_hot_regions:134,0x5ad33670b033,0

600.perlbench_s/3,3/super_hot_regions:135,0x5ad33670b022,4
600.perlbench_s/3,3/super_hot_regions:135,0x5ad33670b029,0
600.perlbench_s/3,3/super_hot_regions:135,0x5ad33670b037,0
600.perlbench_s/3,3/super_hot_regions:135,0x5ad33670b03e,0
600.perlbench_s/3,3/super_hot_regions:135,0x5ad33670b042,0

600.perlbench_s/3,3/super_hot_regions:137,0x5ad33670b1c0,2
600.perlbench_s/3,3/super_hot_regions:137,0x5ad33670b1c4,0
600.perlbench_s/3,3/super_hot_regions:137,0x5ad33670b1c8,0
600.perlbench_s/3,3/super_hot_regions:137,0x5ad33670b1ca,0

600.perlbench_s/3,3/super_hot_regions:14,0x5ad3367dded5,2
600.perlbench_s/3,3/super_hot_regions:14,0x5ad3367dded9,0

600.perlbench_s/3,3/super_hot_regions:141,0x5ad33670b056,2
600.perlbench_s/3,3/super_hot_regions:141,0x5ad33670b05d,0

600.perlbench_s/3,3/super_hot_regions:16,0x5ad3367ddebf,1
600.perlbench_s/3,3/super_hot_regions:16,0x5ad3367ddec1,0

600.perlbench_s/3,3/super_hot_regions:25,0x5ad336788657,2
600.perlbench_s/3,3/super_hot_regions:25,0x5ad33678865b,0

600.perlbench_s/3,3/super_hot_regions:28,0x5ad3367dd2a2,1
600.perlbench_s/3,3/super_hot_regions:28,0x5ad3367dd2ac,0

600.perlbench_s/3,3/super_hot_regions:29,0x5ad3367dd2b0,2
600.perlbench_s/3,3/super_hot_regions:29,0x5ad3367dd2b3,0

600.perlbench_s/3,3/super_hot_regions:3,0x5ad3367cde54,2
600.perlbench_s/3,3/super_hot_regions:3,0x5ad3367cde5d,0

600.perlbench_s/3,3/super_hot_regions:30,0x5ad3367dd294,2
600.perlbench_s/3,3/super_hot_regions:30,0x5ad3367dd2b9,0

600.perlbench_s/3,3/super_hot_regions:34,0x5ad3367de14e,1
600.perlbench_s/3,3/super_hot_regions:34,0x5ad3367de150,0

600.perlbench_s/3,3/super_hot_regions:4,0x5ad3367cde59,2
600.perlbench_s/3,3/super_hot_regions:4,0x5ad3367cde5f,0
600.perlbench_s/3,3/super_hot_regions:4,0x5ad3367cde62,0

600.perlbench_s/3,3/super_hot_regions:42,0x5ad3367cdcbb,2
600.perlbench_s/3,3/super_hot_regions:42,0x5ad3367cdcc6,0

600.perlbench_s/3,3/super_hot_regions:43,0x5ad3367cdccd,3
600.perlbench_s/3,3/super_hot_regions:43,0x5ad3367cdcd6,0
600.perlbench_s/3,3/super_hot_regions:43,0x5ad3367cdcd9,0

600.perlbench_s/3,3/super_hot_regions:44,0x5ad3367cdcf0,1
600.perlbench_s/3,3/super_hot_regions:44,0x5ad3367cdcf3,0

600.perlbench_s/3,3/super_hot_regions:45,0x5ad3367cdd1f,2
600.perlbench_s/3,3/super_hot_regions:45,0x5ad3367cdd22,0
600.perlbench_s/3,3/super_hot_regions:45,0x5ad3367cdd27,0
600.perlbench_s/3,3/super_hot_regions:45,0x5ad3367cdd29,0
600.perlbench_s/3,3/super_hot_regions:45,0x5ad3367cdd2c,0

600.perlbench_s/3,3/super_hot_regions:46,0x5ad3367cdcfa,7
600.perlbench_s/3,3/super_hot_regions:46,0x5ad3367cdd05,0
600.perlbench_s/3,3/super_hot_regions:46,0x5ad3367cdd09,0
600.perlbench_s/3,3/super_hot_regions:46,0x5ad3367cdd0e,0
600.perlbench_s/3,3/super_hot_regions:46,0x5ad3367cdd12,0
600.perlbench_s/3,3/super_hot_regions:46,0x5ad3367cdd17,0
600.perlbench_s/3,3/super_hot_regions:46,0x5ad3367cdd1c,0
600.perlbench_s/3,3/super_hot_regions:46,0x5ad3367cdd33,0
600.perlbench_s/3,3/super_hot_regions:46,0x5ad3367cdd36,0
600.perlbench_s/3,3/super_hot_regions:46,0x5ad3367cdd39,0
600.perlbench_s/3,3/super_hot_regions:46,0x5ad3367cdd3c,0
600.perlbench_s/3,3/super_hot_regions:46,0x5ad3367cdd43,0
600.perlbench_s/3,3/super_hot_regions:46,0x5ad3367cdd46,0

600.perlbench_s/3,3/super_hot_regions:48,0x5ad3367cdd71,2
600.perlbench_s/3,3/super_hot_regions:48,0x5ad3367cdd81,0
600.perlbench_s/3,3/super_hot_regions:48,0x5ad3367cdd84,0

600.perlbench_s/3,3/super_hot_regions:49,0x5ad3367cde38,1
600.perlbench_s/3,3/super_hot_regions:49,0x5ad3367cde4c,0

600.perlbench_s/3,3/super_hot_regions:51,0x5ad33682f520,2
600.perlbench_s/3,3/super_hot_regions:51,0x5ad33682f527,0

600.perlbench_s/3,3/super_hot_regions:52,0x5ad3367d4cca,2
600.perlbench_s/3,3/super_hot_regions:52,0x5ad3367d4cce,0
600.perlbench_s/3,3/super_hot_regions:52,0x5ad3367d4cd3,0
600.perlbench_s/3,3/super_hot_regions:52,0x5ad3367d4cdb,0
600.perlbench_s/3,3/super_hot_regions:52,0x5ad3367d4cde,0
600.perlbench_s/3,3/super_hot_regions:52,0x5ad3367d4ce3,0

600.perlbench_s/3,3/super_hot_regions:56,0x5ad336788122,3
600.perlbench_s/3,3/super_hot_regions:56,0x5ad336788126,0
600.perlbench_s/3,3/super_hot_regions:56,0x5ad336788129,0

600.perlbench_s/3,3/super_hot_regions:57,0x5ad33678812d,2
600.perlbench_s/3,3/super_hot_regions:57,0x5ad336788131,0

600.perlbench_s/3,3/super_hot_regions:66,0x5ad3367ce416,2
600.perlbench_s/3,3/super_hot_regions:66,0x5ad3367ce41e,0

600.perlbench_s/3,3/super_hot_regions:69,0x5ad33678067f,2
600.perlbench_s/3,3/super_hot_regions:69,0x5ad33678068d,0

600.perlbench_s/3,3/super_hot_regions:7,0x5ad3368498d0,5
600.perlbench_s/3,3/super_hot_regions:7,0x5ad3368498d6,0
600.perlbench_s/3,3/super_hot_regions:7,0x5ad3368498dc,0
600.perlbench_s/3,3/super_hot_regions:7,0x5ad3368498e2,0
600.perlbench_s/3,3/super_hot_regions:7,0x5ad3368498e8,0
600.perlbench_s/3,3/super_hot_regions:7,0x5ad3368498ee,0
600.perlbench_s/3,3/super_hot_regions:7,0x5ad3368498f1,0
600.perlbench_s/3,3/super_hot_regions:7,0x5ad3368498f7,0
600.perlbench_s/3,3/super_hot_regions:7,0x5ad3368498fa,0
600.perlbench_s/3,3/super_hot_regions:7,0x5ad336849904,0
600.perlbench_s/3,3/super_hot_regions:7,0x5ad336849908,0
600.perlbench_s/3,3/super_hot_regions:7,0x5ad33684990b,0
600.perlbench_s/3,3/super_hot_regions:7,0x5ad33684990e,0
600.perlbench_s/3,3/super_hot_regions:7,0x5ad336849911,0
600.perlbench_s/3,3/super_hot_regions:7,0x5ad336849914,0
600.perlbench_s/3,3/super_hot_regions:7,0x5ad336849917,0
600.perlbench_s/3,3/super_hot_regions:7,0x5ad33684992f,0
600.perlbench_s/3,3/super_hot_regions:7,0x5ad33684994c,0
600.perlbench_s/3,3/super_hot_regions:7,0x5ad33684994f,0

600.perlbench_s/3,3/super_hot_regions:70,0x5ad336780678,5
600.perlbench_s/3,3/super_hot_regions:70,0x5ad336780694,0
600.perlbench_s/3,3/super_hot_regions:70,0x5ad33678069f,0
600.perlbench_s/3,3/super_hot_regions:70,0x5ad3367806a3,0
600.perlbench_s/3,3/super_hot_regions:70,0x5ad3367806a7,0

600.perlbench_s/3,3/super_hot_regions:71,0x5ad3367806b2,2
600.perlbench_s/3,3/super_hot_regions:71,0x5ad3367806b6,0

600.perlbench_s/3,3/super_hot_regions:74,0x5ad3367806dd,2
600.perlbench_s/3,3/super_hot_regions:74,0x5ad3367806e4,0

600.perlbench_s/3,3/super_hot_regions:8,0x5ad3368498d3,3
600.perlbench_s/3,3/super_hot_regions:8,0x5ad3368498d9,0
600.perlbench_s/3,3/super_hot_regions:8,0x5ad3368498df,0
600.perlbench_s/3,3/super_hot_regions:8,0x5ad3368498fe,0
600.perlbench_s/3,3/super_hot_regions:8,0x5ad33684991a,0
600.perlbench_s/3,3/super_hot_regions:8,0x5ad336849920,0
600.perlbench_s/3,3/super_hot_regions:8,0x5ad336849923,0
600.perlbench_s/3,3/super_hot_regions:8,0x5ad336849929,0
600.perlbench_s/3,3/super_hot_regions:8,0x5ad33684992c,0
600.perlbench_s/3,3/super_hot_regions:8,0x5ad336849932,0
600.perlbench_s/3,3/super_hot_regions:8,0x5ad336849935,0
600.perlbench_s/3,3/super_hot_regions:8,0x5ad336849938,0
600.perlbench_s/3,3/super_hot_regions:8,0x5ad33684993b,0
600.perlbench_s/3,3/super_hot_regions:8,0x5ad33684993e,0
600.perlbench_s/3,3/super_hot_regions:8,0x5ad336849941,0
600.perlbench_s/3,3/super_hot_regions:8,0x5ad336849952,0

600.perlbench_s/3,3/super_hot_regions:81,0x5ad3367cdf34,2
600.perlbench_s/3,3/super_hot_regions:81,0x5ad3367cdf36,0

600.perlbench_s/3,3/super_hot_regions:88,0x5ad3367ce669,4
600.perlbench_s/3,3/super_hot_regions:88,0x5ad3367ce675,0
600.perlbench_s/3,3/super_hot_regions:88,0x5ad3367ce67c,0
600.perlbench_s/3,3/super_hot_regions:88,0x5ad3367ce685,0
600.perlbench_s/3,3/super_hot_regions:88,0x5ad3367ce68c,0

600.perlbench_s/3,3/super_hot_regions:89,0x5ad3367ce68f,2
600.perlbench_s/3,3/super_hot_regions:89,0x5ad3367ce69b,0

600.perlbench_s/3,3/super_hot_regions:92,0x5ad3367ced20,2
600.perlbench_s/3,3/super_hot_regions:92,0x5ad3367ced2d,0

600.perlbench_s/3,3/super_hot_regions:94,0x5ad3367cecb5,1
600.perlbench_s/3,3/super_hot_regions:94,0x5ad3367cecba,0
600.perlbench_s/3,3/super_hot_regions:94,0x5ad3367cecc2,0

600.perlbench_s/3,3/super_hot_regions:97,0x5ad3367ced0d,2
600.perlbench_s/3,3/super_hot_regions:97,0x5ad3367ced10,0

602.gcc_s/1,1/super_hot_regions:112,0x5a9857bd4d01,1
602.gcc_s/1,1/super_hot_regions:112,0x5a9857bd4d03,0

602.gcc_s/1,1/super_hot_regions:20,0x5a9857bd673e,1
602.gcc_s/1,1/super_hot_regions:20,0x5a9857bd6740,0

602.gcc_s/1,1/super_hot_regions:36,0x5a98574d8045,2
602.gcc_s/1,1/super_hot_regions:36,0x5a98574d8048,0
602.gcc_s/1,1/super_hot_regions:36,0x5a98574d804b,0

602.gcc_s/1,1/super_hot_regions:39,0x5a98574d5c78,1
602.gcc_s/1,1/super_hot_regions:39,0x5a98574d5c7b,0

602.gcc_s/1,1/super_hot_regions:48,0x5a98574d68b9,2
602.gcc_s/1,1/super_hot_regions:48,0x5a98574d68c1,0
602.gcc_s/1,1/super_hot_regions:48,0x5a98574d68c5,0

602.gcc_s/1,1/super_hot_regions:49,0x5a98574d5966,1
602.gcc_s/1,1/super_hot_regions:49,0x5a98574d5968,0
602.gcc_s/1,1/super_hot_regions:49,0x5a98574d596d,0
602.gcc_s/1,1/super_hot_regions:49,0x5a98574d5970,0

602.gcc_s/1,1/super_hot_regions:5,0x5a98574d8045,2
602.gcc_s/1,1/super_hot_regions:5,0x5a98574d8048,0
602.gcc_s/1,1/super_hot_regions:5,0x5a98574d804b,0

602.gcc_s/1,1/super_hot_regions:50,0x5a98574d5985,1
602.gcc_s/1,1/super_hot_regions:50,0x5a98574d5987,0

602.gcc_s/1,1/super_hot_regions:61,0x5a9857748b80,1
602.gcc_s/1,1/super_hot_regions:61,0x5a9857748b86,0

602.gcc_s/1,1/super_hot_regions:65,0x5a98574d5cd7,2
602.gcc_s/1,1/super_hot_regions:65,0x5a98574d5cdc,0

602.gcc_s/1,1/super_hot_regions:66,0x5a98574d5ccf,1
602.gcc_s/1,1/super_hot_regions:66,0x5a98574d5cd1,0
602.gcc_s/1,1/super_hot_regions:66,0x5a98574d5cd4,0
602.gcc_s/1,1/super_hot_regions:66,0x5a98574d5ce1,0

602.gcc_s/1,1/super_hot_regions:72,0x5a98574d5a20,1
602.gcc_s/1,1/super_hot_regions:72,0x5a98574d5a23,0

602.gcc_s/1,1/super_hot_regions:83,0x5a98574d51f0,2
602.gcc_s/1,1/super_hot_regions:83,0x5a98574d51f4,0

602.gcc_s/1,1/super_hot_regions:93,0x5a98574d694c,2
602.gcc_s/1,1/super_hot_regions:93,0x5a98574d694f,0

602.gcc_s/1,1/super_hot_regions:98,0x5a98574d9990,3
602.gcc_s/1,1/super_hot_regions:98,0x5a98574d9997,0
602.gcc_s/1,1/super_hot_regions:98,0x5a98574d999e,0
602.gcc_s/1,1/super_hot_regions:98,0x5a98574d99a1,0

602.gcc_s/2,2/super_hot_regions:107,0x63316446ff5f,2
602.gcc_s/2,2/super_hot_regions:107,0x63316446ff63,0

602.gcc_s/2,2/super_hot_regions:120,0x633164b2197b,2
602.gcc_s/2,2/super_hot_regions:120,0x633164b2197e,0

602.gcc_s/2,2/super_hot_regions:121,0x633164b2196b,2
602.gcc_s/2,2/super_hot_regions:121,0x633164b21984,0

602.gcc_s/2,2/super_hot_regions:128,0x633164475c28,2
602.gcc_s/2,2/super_hot_regions:128,0x633164475c2c,0

602.gcc_s/2,2/super_hot_regions:129,0x63316446c3b0,1
602.gcc_s/2,2/super_hot_regions:129,0x63316446c3b3,0

602.gcc_s/2,2/super_hot_regions:130,0x63316446c3b9,1
602.gcc_s/2,2/super_hot_regions:130,0x63316446c3bc,0

602.gcc_s/2,2/super_hot_regions:19,0x633164475c78,1
602.gcc_s/2,2/super_hot_regions:19,0x633164475c7b,0

602.gcc_s/2,2/super_hot_regions:24,0x633164475966,1
602.gcc_s/2,2/super_hot_regions:24,0x633164475968,0
602.gcc_s/2,2/super_hot_regions:24,0x63316447596d,0
602.gcc_s/2,2/super_hot_regions:24,0x633164475970,0

602.gcc_s/2,2/super_hot_regions:25,0x633164475985,1
602.gcc_s/2,2/super_hot_regions:25,0x633164475987,0

602.gcc_s/2,2/super_hot_regions:3,0x633164905fcb,3
602.gcc_s/2,2/super_hot_regions:3,0x633164905fcf,0
602.gcc_s/2,2/super_hot_regions:3,0x633164905fdc,0

602.gcc_s/2,2/super_hot_regions:30,0x633164475cd7,2
602.gcc_s/2,2/super_hot_regions:30,0x633164475cdc,0

602.gcc_s/2,2/super_hot_regions:31,0x633164475ccf,1
602.gcc_s/2,2/super_hot_regions:31,0x633164475cd1,0
602.gcc_s/2,2/super_hot_regions:31,0x633164475cd4,0
602.gcc_s/2,2/super_hot_regions:31,0x633164475ce1,0

602.gcc_s/2,2/super_hot_regions:33,0x6331649062a0,2
602.gcc_s/2,2/super_hot_regions:33,0x6331649062a2,0
602.gcc_s/2,2/super_hot_regions:33,0x6331649062a6,0

602.gcc_s/2,2/super_hot_regions:36,0x63316446c2a8,1
602.gcc_s/2,2/super_hot_regions:36,0x63316446c2af,0

602.gcc_s/2,2/super_hot_regions:39,0x633164475a20,1
602.gcc_s/2,2/super_hot_regions:39,0x633164475a23,0

602.gcc_s/2,2/super_hot_regions:4,0x633164905fd5,3
602.gcc_s/2,2/super_hot_regions:4,0x633164905fd9,0
602.gcc_s/2,2/super_hot_regions:4,0x633164905fe4,0

602.gcc_s/2,2/super_hot_regions:50,0x633164704d87,1
602.gcc_s/2,2/super_hot_regions:50,0x633164704d8d,0

602.gcc_s/2,2/super_hot_regions:58,0x63316446cef6,1
602.gcc_s/2,2/super_hot_regions:58,0x63316446cf21,0

602.gcc_s/2,2/super_hot_regions:6,0x63316490626b,2
602.gcc_s/2,2/super_hot_regions:6,0x633164906274,0

602.gcc_s/2,2/super_hot_regions:62,0x63316446cf40,2
602.gcc_s/2,2/super_hot_regions:62,0x63316446cf45,0

602.gcc_s/2,2/super_hot_regions:67,0x63316446fe6e,2
602.gcc_s/2,2/super_hot_regions:67,0x63316446fe75,0

602.gcc_s/2,2/super_hot_regions:69,0x6331644757c8,1
602.gcc_s/2,2/super_hot_regions:69,0x6331644757ca,0

602.gcc_s/2,2/super_hot_regions:8,0x63316490623c,2
602.gcc_s/2,2/super_hot_regions:8,0x63316490624c,0
602.gcc_s/2,2/super_hot_regions:8,0x633164906257,0

602.gcc_s/2,2/super_hot_regions:80,0x633164475822,1
602.gcc_s/2,2/super_hot_regions:80,0x633164475824,0
602.gcc_s/2,2/super_hot_regions:80,0x633164475827,0

602.gcc_s/2,2/super_hot_regions:95,0x633164bed1cc,2
602.gcc_s/2,2/super_hot_regions:95,0x633164bed1d4,0

602.gcc_s/2,2/super_hot_regions:97,0x633164bed1f0,2
602.gcc_s/2,2/super_hot_regions:97,0x633164bed1f7,0

602.gcc_s/3,3/super_hot_regions:104,0x5692ecfc7842,1
602.gcc_s/3,3/super_hot_regions:104,0x5692ecfc7847,0

602.gcc_s/3,3/super_hot_regions:11,0x5692ecfc7966,1
602.gcc_s/3,3/super_hot_regions:11,0x5692ecfc7968,0
602.gcc_s/3,3/super_hot_regions:11,0x5692ecfc796d,0
602.gcc_s/3,3/super_hot_regions:11,0x5692ecfc7970,0

602.gcc_s/3,3/super_hot_regions:116,0x5692ecfbe3b0,1
602.gcc_s/3,3/super_hot_regions:116,0x5692ecfbe3b3,0

602.gcc_s/3,3/super_hot_regions:117,0x5692ecfbe3b9,1
602.gcc_s/3,3/super_hot_regions:117,0x5692ecfbe3bc,0

602.gcc_s/3,3/super_hot_regions:12,0x5692ecfc7985,1
602.gcc_s/3,3/super_hot_regions:12,0x5692ecfc7987,0

602.gcc_s/3,3/super_hot_regions:25,0x5692ecfc77c8,1
602.gcc_s/3,3/super_hot_regions:25,0x5692ecfc77ca,0

602.gcc_s/3,3/super_hot_regions:29,0x5692ecfc7822,1
602.gcc_s/3,3/super_hot_regions:29,0x5692ecfc7824,0
602.gcc_s/3,3/super_hot_regions:29,0x5692ecfc7827,0

602.gcc_s/3,3/super_hot_regions:34,0x5692ecfc7a20,1
602.gcc_s/3,3/super_hot_regions:34,0x5692ecfc7a23,0

602.gcc_s/3,3/super_hot_regions:38,0x5692ecfbe2a8,1
602.gcc_s/3,3/super_hot_regions:38,0x5692ecfbe2af,0

602.gcc_s/3,3/super_hot_regions:4,0x5692ecfc7c78,1
602.gcc_s/3,3/super_hot_regions:4,0x5692ecfc7c7b,0

602.gcc_s/3,3/super_hot_regions:47,0x5692ed256d87,1
602.gcc_s/3,3/super_hot_regions:47,0x5692ed256d8d,0

602.gcc_s/3,3/super_hot_regions:55,0x5692ecfbeef6,1
602.gcc_s/3,3/super_hot_regions:55,0x5692ecfbef21,0

602.gcc_s/3,3/super_hot_regions:58,0x5692ecfbef40,2
602.gcc_s/3,3/super_hot_regions:58,0x5692ecfbef45,0

602.gcc_s/3,3/super_hot_regions:62,0x5692ecfca045,2
602.gcc_s/3,3/super_hot_regions:62,0x5692ecfca048,0
602.gcc_s/3,3/super_hot_regions:62,0x5692ecfca04b,0

602.gcc_s/3,3/super_hot_regions:7,0x5692ecfc7cd7,2
602.gcc_s/3,3/super_hot_regions:7,0x5692ecfc7cdc,0

602.gcc_s/3,3/super_hot_regions:8,0x5692ecfc7ccf,1
602.gcc_s/3,3/super_hot_regions:8,0x5692ecfc7cd1,0
602.gcc_s/3,3/super_hot_regions:8,0x5692ecfc7cd4,0
602.gcc_s/3,3/super_hot_regions:8,0x5692ecfc7ce1,0

602.gcc_s/3,3/super_hot_regions:90,0x5692ed44ddf9,2
602.gcc_s/3,3/super_hot_regions:90,0x5692ed44de07,0

603.bwaves_s/1,1/super_hot_regions:103,0x5a7ed4f1f78b,4
603.bwaves_s/1,1/super_hot_regions:103,0x5a7ed4f1f793,0
603.bwaves_s/1,1/super_hot_regions:103,0x5a7ed4f1f798,0
603.bwaves_s/1,1/super_hot_regions:103,0x5a7ed4f1f79d,0
603.bwaves_s/1,1/super_hot_regions:103,0x5a7ed4f1f7a2,0
603.bwaves_s/1,1/super_hot_regions:103,0x5a7ed4f1f7a7,0

603.bwaves_s/1,1/super_hot_regions:104,0x5a7ed4f1f7b3,2
603.bwaves_s/1,1/super_hot_regions:104,0x5a7ed4f1f7c0,0

603.bwaves_s/1,1/super_hot_regions:105,0x5a7ed4f1f790,1
603.bwaves_s/1,1/super_hot_regions:105,0x5a7ed4f1f7c5,0

603.bwaves_s/1,1/super_hot_regions:110,0x5a7ed4f1f5f0,2
603.bwaves_s/1,1/super_hot_regions:110,0x5a7ed4f1f5fe,0

603.bwaves_s/1,1/super_hot_regions:111,0x5a7ed4f1f621,3
603.bwaves_s/1,1/super_hot_regions:111,0x5a7ed4f1f62b,0
603.bwaves_s/1,1/super_hot_regions:111,0x5a7ed4f1f637,0
603.bwaves_s/1,1/super_hot_regions:111,0x5a7ed4f1f639,0

603.bwaves_s/1,1/super_hot_regions:113,0x5a7ed4f1f63c,2
603.bwaves_s/1,1/super_hot_regions:113,0x5a7ed4f1f641,0

603.bwaves_s/1,1/super_hot_regions:114,0x5a7ed4f1f601,7
603.bwaves_s/1,1/super_hot_regions:114,0x5a7ed4f1f606,0
603.bwaves_s/1,1/super_hot_regions:114,0x5a7ed4f1f618,0
603.bwaves_s/1,1/super_hot_regions:114,0x5a7ed4f1f61b,0
603.bwaves_s/1,1/super_hot_regions:114,0x5a7ed4f1f61d,0
603.bwaves_s/1,1/super_hot_regions:114,0x5a7ed4f1f628,0
603.bwaves_s/1,1/super_hot_regions:114,0x5a7ed4f1f632,0
603.bwaves_s/1,1/super_hot_regions:114,0x5a7ed4f1f645,0
603.bwaves_s/1,1/super_hot_regions:114,0x5a7ed4f1f648,0
603.bwaves_s/1,1/super_hot_regions:114,0x5a7ed4f1f64a,0
603.bwaves_s/1,1/super_hot_regions:114,0x5a7ed4f1f656,0
603.bwaves_s/1,1/super_hot_regions:114,0x5a7ed4f1f659,0
603.bwaves_s/1,1/super_hot_regions:114,0x5a7ed4f1f65c,0

603.bwaves_s/1,1/super_hot_regions:124,0x5a7ed4f23fb1,2
603.bwaves_s/1,1/super_hot_regions:124,0x5a7ed4f23fce,0

603.bwaves_s/1,1/super_hot_regions:128,0x5a7ed4f22ee0,2
603.bwaves_s/1,1/super_hot_regions:128,0x5a7ed4f22eea,0

603.bwaves_s/1,1/super_hot_regions:132,0x5a7ed4f23dcc,1
603.bwaves_s/1,1/super_hot_regions:132,0x5a7ed4f23dcf,0

603.bwaves_s/1,1/super_hot_regions:133,0x5a7ed4f23de8,2
603.bwaves_s/1,1/super_hot_regions:133,0x5a7ed4f23dff,0

603.bwaves_s/1,1/super_hot_regions:139,0x5a7ed6992293,2
603.bwaves_s/1,1/super_hot_regions:139,0x5a7ed6992299,0

603.bwaves_s/1,1/super_hot_regions:140,0x5a7ed699229b,2
603.bwaves_s/1,1/super_hot_regions:140,0x5a7ed69922a2,0

603.bwaves_s/1,1/super_hot_regions:141,0x5a7ed69922a6,1
603.bwaves_s/1,1/super_hot_regions:141,0x5a7ed69922a9,0

603.bwaves_s/1,1/super_hot_regions:146,0x5a7ed69923bf,2
603.bwaves_s/1,1/super_hot_regions:146,0x5a7ed69923c5,0
603.bwaves_s/1,1/super_hot_regions:146,0x5a7ed69923c8,0

603.bwaves_s/1,1/super_hot_regions:150,0x5a7ed4f260ef,2
603.bwaves_s/1,1/super_hot_regions:150,0x5a7ed4f260f3,0

603.bwaves_s/1,1/super_hot_regions:151,0x5a7ed4f26114,2
603.bwaves_s/1,1/super_hot_regions:151,0x5a7ed4f26118,0

603.bwaves_s/1,1/super_hot_regions:152,0x5a7ed4f26137,2
603.bwaves_s/1,1/super_hot_regions:152,0x5a7ed4f2613b,0

603.bwaves_s/1,1/super_hot_regions:153,0x5a7ed4f26172,2
603.bwaves_s/1,1/super_hot_regions:153,0x5a7ed4f26175,0

603.bwaves_s/1,1/super_hot_regions:154,0x5a7ed4f260a6,2
603.bwaves_s/1,1/super_hot_regions:154,0x5a7ed4f260ad,0
603.bwaves_s/1,1/super_hot_regions:154,0x5a7ed4f260b0,0
603.bwaves_s/1,1/super_hot_regions:154,0x5a7ed4f26197,0

603.bwaves_s/1,1/super_hot_regions:155,0x5a7ed4f260fe,2
603.bwaves_s/1,1/super_hot_regions:155,0x5a7ed4f26102,0
603.bwaves_s/1,1/super_hot_regions:155,0x5a7ed4f261a0,0

603.bwaves_s/1,1/super_hot_regions:156,0x5a7ed4f260d5,2
603.bwaves_s/1,1/super_hot_regions:156,0x5a7ed4f262ed,0

603.bwaves_s/1,1/super_hot_regions:158,0x5a7ed4f26167,2
603.bwaves_s/1,1/super_hot_regions:158,0x5a7ed4f2616b,0
603.bwaves_s/1,1/super_hot_regions:158,0x5a7ed4f26397,0

603.bwaves_s/1,1/super_hot_regions:160,0x5a7ed4f21300,2
603.bwaves_s/1,1/super_hot_regions:160,0x5a7ed4f21307,0
603.bwaves_s/1,1/super_hot_regions:160,0x5a7ed4f21314,0

603.bwaves_s/1,1/super_hot_regions:162,0x5a7ed4f21225,1
603.bwaves_s/1,1/super_hot_regions:162,0x5a7ed4f21240,0

603.bwaves_s/1,1/super_hot_regions:165,0x5a7ed4f20a09,2
603.bwaves_s/1,1/super_hot_regions:165,0x5a7ed4f20a10,0
603.bwaves_s/1,1/super_hot_regions:165,0x5a7ed4f20a26,0
603.bwaves_s/1,1/super_hot_regions:165,0x5a7ed4f20a2f,0

603.bwaves_s/1,1/super_hot_regions:167,0x5a7ed4f20ae1,2
603.bwaves_s/1,1/super_hot_regions:167,0x5a7ed4f20ae8,0
603.bwaves_s/1,1/super_hot_regions:167,0x5a7ed4f20af5,0

603.bwaves_s/1,1/super_hot_regions:176,0x5a7ed4f273e6,2
603.bwaves_s/1,1/super_hot_regions:176,0x5a7ed4f2744f,0

603.bwaves_s/1,1/super_hot_regions:180,0x5a7ed4f205da,2
603.bwaves_s/1,1/super_hot_regions:180,0x5a7ed4f205e1,0
603.bwaves_s/1,1/super_hot_regions:180,0x5a7ed4f205ee,0

603.bwaves_s/1,1/super_hot_regions:182,0x5a7ed4f204de,2
603.bwaves_s/1,1/super_hot_regions:182,0x5a7ed4f204ec,0
603.bwaves_s/1,1/super_hot_regions:182,0x5a7ed4f204f7,0

603.bwaves_s/1,1/super_hot_regions:183,0x5a7ed4f204c9,3
603.bwaves_s/1,1/super_hot_regions:183,0x5a7ed4f204d0,0
603.bwaves_s/1,1/super_hot_regions:183,0x5a7ed4f204e5,0
603.bwaves_s/1,1/super_hot_regions:183,0x5a7ed4f204f4,0
603.bwaves_s/1,1/super_hot_regions:183,0x5a7ed4f204fe,0
603.bwaves_s/1,1/super_hot_regions:183,0x5a7ed4f20507,0

603.bwaves_s/1,1/super_hot_regions:186,0x5a7ed4f208c8,2
603.bwaves_s/1,1/super_hot_regions:186,0x5a7ed4f208cf,0
603.bwaves_s/1,1/super_hot_regions:186,0x5a7ed4f208dc,0

603.bwaves_s/1,1/super_hot_regions:188,0x5a7ed4f207b7,2
603.bwaves_s/1,1/super_hot_regions:188,0x5a7ed4f207bb,0

603.bwaves_s/1,1/super_hot_regions:189,0x5a7ed4f207d5,2
603.bwaves_s/1,1/super_hot_regions:189,0x5a7ed4f207da,0

603.bwaves_s/1,1/super_hot_regions:190,0x5a7ed4f207e0,1
603.bwaves_s/1,1/super_hot_regions:190,0x5a7ed4f207ea,0

603.bwaves_s/1,1/super_hot_regions:191,0x5a7ed4f2079f,2
603.bwaves_s/1,1/super_hot_regions:191,0x5a7ed4f207cb,0
603.bwaves_s/1,1/super_hot_regions:191,0x5a7ed4f207e3,0
603.bwaves_s/1,1/super_hot_regions:191,0x5a7ed4f207f4,0

603.bwaves_s/1,1/super_hot_regions:194,0x5a7ed4f20392,2
603.bwaves_s/1,1/super_hot_regions:194,0x5a7ed4f20399,0
603.bwaves_s/1,1/super_hot_regions:194,0x5a7ed4f203a6,0

603.bwaves_s/1,1/super_hot_regions:196,0x5a7ed4f2027d,2
603.bwaves_s/1,1/super_hot_regions:196,0x5a7ed4f20281,0

603.bwaves_s/1,1/super_hot_regions:197,0x5a7ed4f2029a,2
603.bwaves_s/1,1/super_hot_regions:197,0x5a7ed4f2029d,0

603.bwaves_s/1,1/super_hot_regions:198,0x5a7ed4f202a3,1
603.bwaves_s/1,1/super_hot_regions:198,0x5a7ed4f202ad,0

603.bwaves_s/1,1/super_hot_regions:199,0x5a7ed4f20265,2
603.bwaves_s/1,1/super_hot_regions:199,0x5a7ed4f20290,0
603.bwaves_s/1,1/super_hot_regions:199,0x5a7ed4f202a6,0
603.bwaves_s/1,1/super_hot_regions:199,0x5a7ed4f202b7,0

603.bwaves_s/1,1/super_hot_regions:202,0x5a7ed4f210cc,2
603.bwaves_s/1,1/super_hot_regions:202,0x5a7ed4f210d3,0
603.bwaves_s/1,1/super_hot_regions:202,0x5a7ed4f210e0,0

603.bwaves_s/1,1/super_hot_regions:204,0x5a7ed4f20f8f,2
603.bwaves_s/1,1/super_hot_regions:204,0x5a7ed4f20f9f,0
603.bwaves_s/1,1/super_hot_regions:204,0x5a7ed4f20fa1,0

603.bwaves_s/1,1/super_hot_regions:205,0x5a7ed4f20f6e,3
603.bwaves_s/1,1/super_hot_regions:205,0x5a7ed4f20f7c,0
603.bwaves_s/1,1/super_hot_regions:205,0x5a7ed4f20f83,0
603.bwaves_s/1,1/super_hot_regions:205,0x5a7ed4f20f95,0
603.bwaves_s/1,1/super_hot_regions:205,0x5a7ed4f20f98,0
603.bwaves_s/1,1/super_hot_regions:205,0x5a7ed4f20fa7,0

603.bwaves_s/1,1/super_hot_regions:64,0x5a7ed4f1ff76,2
603.bwaves_s/1,1/super_hot_regions:64,0x5a7ed4f1ff7f,0
603.bwaves_s/1,1/super_hot_regions:64,0x5a7ed4f1ff82,0

603.bwaves_s/1,1/super_hot_regions:67,0x5a7ed4f1fe78,2
603.bwaves_s/1,1/super_hot_regions:67,0x5a7ed4f1fe8f,0

603.bwaves_s/1,1/super_hot_regions:79,0x5a7ed4f26c08,2
603.bwaves_s/1,1/super_hot_regions:79,0x5a7ed4f26c0b,0

603.bwaves_s/1,1/super_hot_regions:80,0x5a7ed4f26c11,2
603.bwaves_s/1,1/super_hot_regions:80,0x5a7ed4f26c15,0

603.bwaves_s/1,1/super_hot_regions:81,0x5a7ed4f26c2d,2
603.bwaves_s/1,1/super_hot_regions:81,0x5a7ed4f26c30,0

603.bwaves_s/1,1/super_hot_regions:82,0x5a7ed4f26c47,2
603.bwaves_s/1,1/super_hot_regions:82,0x5a7ed4f26c4b,0

603.bwaves_s/1,1/super_hot_regions:83,0x5a7ed4f26c9c,3
603.bwaves_s/1,1/super_hot_regions:83,0x5a7ed4f26ca0,0
603.bwaves_s/1,1/super_hot_regions:83,0x5a7ed4f26ca7,0

603.bwaves_s/1,1/super_hot_regions:85,0x5a7ed4f26bcd,7
603.bwaves_s/1,1/super_hot_regions:85,0x5a7ed4f26bd0,0
603.bwaves_s/1,1/super_hot_regions:85,0x5a7ed4f26bde,0
603.bwaves_s/1,1/super_hot_regions:85,0x5a7ed4f26be4,0
603.bwaves_s/1,1/super_hot_regions:85,0x5a7ed4f26bf4,0
603.bwaves_s/1,1/super_hot_regions:85,0x5a7ed4f26bf7,0
603.bwaves_s/1,1/super_hot_regions:85,0x5a7ed4f26c01,0
603.bwaves_s/1,1/super_hot_regions:85,0x5a7ed4f26c04,0
603.bwaves_s/1,1/super_hot_regions:85,0x5a7ed4f26c3d,0
603.bwaves_s/1,1/super_hot_regions:85,0x5a7ed4f26c44,0
603.bwaves_s/1,1/super_hot_regions:85,0x5a7ed4f26c5f,0
603.bwaves_s/1,1/super_hot_regions:85,0x5a7ed4f26c67,0
603.bwaves_s/1,1/super_hot_regions:85,0x5a7ed4f26c72,0
603.bwaves_s/1,1/super_hot_regions:85,0x5a7ed4f26c75,0
603.bwaves_s/1,1/super_hot_regions:85,0x5a7ed4f26c7c,0
603.bwaves_s/1,1/super_hot_regions:85,0x5a7ed4f26c8a,0
603.bwaves_s/1,1/super_hot_regions:85,0x5a7ed4f26c8d,0
603.bwaves_s/1,1/super_hot_regions:85,0x5a7ed4f26c90,0
603.bwaves_s/1,1/super_hot_regions:85,0x5a7ed4f26cb5,0
603.bwaves_s/1,1/super_hot_regions:85,0x5a7ed4f26d33,0
603.bwaves_s/1,1/super_hot_regions:85,0x5a7ed4f26d75,0

603.bwaves_s/1,1/super_hot_regions:86,0x5a7ed4f26c0d,2
603.bwaves_s/1,1/super_hot_regions:86,0x5a7ed4f26c17,0
603.bwaves_s/1,1/super_hot_regions:86,0x5a7ed4f26e5f,0

603.bwaves_s/1,1/super_hot_regions:88,0x5a7ed4f26c32,2
603.bwaves_s/1,1/super_hot_regions:88,0x5a7ed4f26c36,0
603.bwaves_s/1,1/super_hot_regions:88,0x5a7ed4f26fea,0

603.bwaves_s/1,1/super_hot_regions:89,0x5a7ed4f26c54,2
603.bwaves_s/1,1/super_hot_regions:89,0x5a7ed4f26c58,0
603.bwaves_s/1,1/super_hot_regions:89,0x5a7ed4f2705c,0

603.bwaves_s/1,1/super_hot_regions:96,0x71cc30a6c94e,1
603.bwaves_s/1,1/super_hot_regions:96,0x71cc30a6ca13,0

603.bwaves_s/2,2/super_hot_regions:107,0x55c2daab3c08,2
603.bwaves_s/2,2/super_hot_regions:107,0x55c2daab3c0b,0

603.bwaves_s/2,2/super_hot_regions:108,0x55c2daab3c11,2
603.bwaves_s/2,2/super_hot_regions:108,0x55c2daab3c15,0

603.bwaves_s/2,2/super_hot_regions:109,0x55c2daab3c2d,2
603.bwaves_s/2,2/super_hot_regions:109,0x55c2daab3c30,0

603.bwaves_s/2,2/super_hot_regions:110,0x55c2daab3c47,2
603.bwaves_s/2,2/super_hot_regions:110,0x55c2daab3c4b,0

603.bwaves_s/2,2/super_hot_regions:111,0x55c2daab3c9c,3
603.bwaves_s/2,2/super_hot_regions:111,0x55c2daab3ca0,0
603.bwaves_s/2,2/super_hot_regions:111,0x55c2daab3ca7,0

603.bwaves_s/2,2/super_hot_regions:113,0x55c2daab3bcd,7
603.bwaves_s/2,2/super_hot_regions:113,0x55c2daab3bd0,0
603.bwaves_s/2,2/super_hot_regions:113,0x55c2daab3bde,0
603.bwaves_s/2,2/super_hot_regions:113,0x55c2daab3be4,0
603.bwaves_s/2,2/super_hot_regions:113,0x55c2daab3bf4,0
603.bwaves_s/2,2/super_hot_regions:113,0x55c2daab3bf7,0
603.bwaves_s/2,2/super_hot_regions:113,0x55c2daab3c01,0
603.bwaves_s/2,2/super_hot_regions:113,0x55c2daab3c04,0
603.bwaves_s/2,2/super_hot_regions:113,0x55c2daab3c3d,0
603.bwaves_s/2,2/super_hot_regions:113,0x55c2daab3c44,0
603.bwaves_s/2,2/super_hot_regions:113,0x55c2daab3c5f,0
603.bwaves_s/2,2/super_hot_regions:113,0x55c2daab3c67,0
603.bwaves_s/2,2/super_hot_regions:113,0x55c2daab3c72,0
603.bwaves_s/2,2/super_hot_regions:113,0x55c2daab3c75,0
603.bwaves_s/2,2/super_hot_regions:113,0x55c2daab3c7c,0
603.bwaves_s/2,2/super_hot_regions:113,0x55c2daab3c8a,0
603.bwaves_s/2,2/super_hot_regions:113,0x55c2daab3c8d,0
603.bwaves_s/2,2/super_hot_regions:113,0x55c2daab3c90,0
603.bwaves_s/2,2/super_hot_regions:113,0x55c2daab3cb5,0
603.bwaves_s/2,2/super_hot_regions:113,0x55c2daab3d33,0
603.bwaves_s/2,2/super_hot_regions:113,0x55c2daab3d75,0

603.bwaves_s/2,2/super_hot_regions:114,0x55c2daab3c0d,2
603.bwaves_s/2,2/super_hot_regions:114,0x55c2daab3c17,0
603.bwaves_s/2,2/super_hot_regions:114,0x55c2daab3e5f,0

603.bwaves_s/2,2/super_hot_regions:116,0x55c2daab3c32,2
603.bwaves_s/2,2/super_hot_regions:116,0x55c2daab3c36,0
603.bwaves_s/2,2/super_hot_regions:116,0x55c2daab3fea,0

603.bwaves_s/2,2/super_hot_regions:117,0x55c2daab3c54,2
603.bwaves_s/2,2/super_hot_regions:117,0x55c2daab3c58,0
603.bwaves_s/2,2/super_hot_regions:117,0x55c2daab405c,0

603.bwaves_s/2,2/super_hot_regions:120,0x55c2daaafee0,2
603.bwaves_s/2,2/super_hot_regions:120,0x55c2daaafeea,0

603.bwaves_s/2,2/super_hot_regions:126,0x55c2daab30ef,2
603.bwaves_s/2,2/super_hot_regions:126,0x55c2daab30f3,0

603.bwaves_s/2,2/super_hot_regions:127,0x55c2daab3114,2
603.bwaves_s/2,2/super_hot_regions:127,0x55c2daab3118,0

603.bwaves_s/2,2/super_hot_regions:128,0x55c2daab3137,2
603.bwaves_s/2,2/super_hot_regions:128,0x55c2daab313b,0

603.bwaves_s/2,2/super_hot_regions:129,0x55c2daab3172,2
603.bwaves_s/2,2/super_hot_regions:129,0x55c2daab3175,0

603.bwaves_s/2,2/super_hot_regions:130,0x55c2daab30a6,2
603.bwaves_s/2,2/super_hot_regions:130,0x55c2daab30ad,0
603.bwaves_s/2,2/super_hot_regions:130,0x55c2daab30b0,0
603.bwaves_s/2,2/super_hot_regions:130,0x55c2daab3197,0

603.bwaves_s/2,2/super_hot_regions:131,0x55c2daab30fe,2
603.bwaves_s/2,2/super_hot_regions:131,0x55c2daab3102,0
603.bwaves_s/2,2/super_hot_regions:131,0x55c2daab31a0,0

603.bwaves_s/2,2/super_hot_regions:132,0x55c2daab30d5,2
603.bwaves_s/2,2/super_hot_regions:132,0x55c2daab32ed,0

603.bwaves_s/2,2/super_hot_regions:134,0x55c2daab3167,2
603.bwaves_s/2,2/super_hot_regions:134,0x55c2daab316b,0
603.bwaves_s/2,2/super_hot_regions:134,0x55c2daab3397,0

603.bwaves_s/2,2/super_hot_regions:136,0x55c2daab0fb1,2
603.bwaves_s/2,2/super_hot_regions:136,0x55c2daab0fce,0

603.bwaves_s/2,2/super_hot_regions:142,0x55c2daab0dcc,1
603.bwaves_s/2,2/super_hot_regions:142,0x55c2daab0dcf,0

603.bwaves_s/2,2/super_hot_regions:143,0x55c2daab0de8,2
603.bwaves_s/2,2/super_hot_regions:143,0x55c2daab0dff,0

603.bwaves_s/2,2/super_hot_regions:146,0x55c2dc3aa293,2
603.bwaves_s/2,2/super_hot_regions:146,0x55c2dc3aa299,0

603.bwaves_s/2,2/super_hot_regions:147,0x55c2dc3aa29b,2
603.bwaves_s/2,2/super_hot_regions:147,0x55c2dc3aa2a2,0

603.bwaves_s/2,2/super_hot_regions:148,0x55c2dc3aa2a6,1
603.bwaves_s/2,2/super_hot_regions:148,0x55c2dc3aa2a9,0

603.bwaves_s/2,2/super_hot_regions:153,0x55c2dc3aa3bf,2
603.bwaves_s/2,2/super_hot_regions:153,0x55c2dc3aa3c5,0
603.bwaves_s/2,2/super_hot_regions:153,0x55c2dc3aa3c8,0

603.bwaves_s/2,2/super_hot_regions:157,0x55c2daaad5da,2
603.bwaves_s/2,2/super_hot_regions:157,0x55c2daaad5e1,0
603.bwaves_s/2,2/super_hot_regions:157,0x55c2daaad5ee,0

603.bwaves_s/2,2/super_hot_regions:159,0x55c2daaad4de,2
603.bwaves_s/2,2/super_hot_regions:159,0x55c2daaad4ec,0
603.bwaves_s/2,2/super_hot_regions:159,0x55c2daaad4f7,0

603.bwaves_s/2,2/super_hot_regions:160,0x55c2daaad4c9,3
603.bwaves_s/2,2/super_hot_regions:160,0x55c2daaad4d0,0
603.bwaves_s/2,2/super_hot_regions:160,0x55c2daaad4e5,0
603.bwaves_s/2,2/super_hot_regions:160,0x55c2daaad4f4,0
603.bwaves_s/2,2/super_hot_regions:160,0x55c2daaad4fe,0
603.bwaves_s/2,2/super_hot_regions:160,0x55c2daaad507,0

603.bwaves_s/2,2/super_hot_regions:163,0x55c2daaad392,2
603.bwaves_s/2,2/super_hot_regions:163,0x55c2daaad399,0
603.bwaves_s/2,2/super_hot_regions:163,0x55c2daaad3a6,0

603.bwaves_s/2,2/super_hot_regions:165,0x55c2daaad27d,2
603.bwaves_s/2,2/super_hot_regions:165,0x55c2daaad281,0

603.bwaves_s/2,2/super_hot_regions:166,0x55c2daaad29a,2
603.bwaves_s/2,2/super_hot_regions:166,0x55c2daaad29d,0

603.bwaves_s/2,2/super_hot_regions:167,0x55c2daaad2a3,1
603.bwaves_s/2,2/super_hot_regions:167,0x55c2daaad2ad,0

603.bwaves_s/2,2/super_hot_regions:168,0x55c2daaad265,2
603.bwaves_s/2,2/super_hot_regions:168,0x55c2daaad290,0
603.bwaves_s/2,2/super_hot_regions:168,0x55c2daaad2a6,0
603.bwaves_s/2,2/super_hot_regions:168,0x55c2daaad2b7,0

603.bwaves_s/2,2/super_hot_regions:171,0x55c2daaad8c8,2
603.bwaves_s/2,2/super_hot_regions:171,0x55c2daaad8cf,0
603.bwaves_s/2,2/super_hot_regions:171,0x55c2daaad8dc,0

603.bwaves_s/2,2/super_hot_regions:173,0x55c2daaad7b7,2
603.bwaves_s/2,2/super_hot_regions:173,0x55c2daaad7bb,0

603.bwaves_s/2,2/super_hot_regions:174,0x55c2daaad7d5,2
603.bwaves_s/2,2/super_hot_regions:174,0x55c2daaad7da,0

603.bwaves_s/2,2/super_hot_regions:175,0x55c2daaad7e0,1
603.bwaves_s/2,2/super_hot_regions:175,0x55c2daaad7ea,0

603.bwaves_s/2,2/super_hot_regions:176,0x55c2daaad79f,2
603.bwaves_s/2,2/super_hot_regions:176,0x55c2daaad7cb,0
603.bwaves_s/2,2/super_hot_regions:176,0x55c2daaad7e3,0
603.bwaves_s/2,2/super_hot_regions:176,0x55c2daaad7f4,0

603.bwaves_s/2,2/super_hot_regions:179,0x55c2daaae0cc,2
603.bwaves_s/2,2/super_hot_regions:179,0x55c2daaae0d3,0
603.bwaves_s/2,2/super_hot_regions:179,0x55c2daaae0e0,0

603.bwaves_s/2,2/super_hot_regions:181,0x55c2daaadf8f,2
603.bwaves_s/2,2/super_hot_regions:181,0x55c2daaadf9f,0
603.bwaves_s/2,2/super_hot_regions:181,0x55c2daaadfa1,0

603.bwaves_s/2,2/super_hot_regions:182,0x55c2daaadf6e,3
603.bwaves_s/2,2/super_hot_regions:182,0x55c2daaadf7c,0
603.bwaves_s/2,2/super_hot_regions:182,0x55c2daaadf83,0
603.bwaves_s/2,2/super_hot_regions:182,0x55c2daaadf95,0
603.bwaves_s/2,2/super_hot_regions:182,0x55c2daaadf98,0
603.bwaves_s/2,2/super_hot_regions:182,0x55c2daaadfa7,0

603.bwaves_s/2,2/super_hot_regions:185,0x55c2daaada09,2
603.bwaves_s/2,2/super_hot_regions:185,0x55c2daaada10,0
603.bwaves_s/2,2/super_hot_regions:185,0x55c2daaada26,0
603.bwaves_s/2,2/super_hot_regions:185,0x55c2daaada2f,0

603.bwaves_s/2,2/super_hot_regions:187,0x55c2daaadae1,2
603.bwaves_s/2,2/super_hot_regions:187,0x55c2daaadae8,0
603.bwaves_s/2,2/super_hot_regions:187,0x55c2daaadaf5,0

603.bwaves_s/2,2/super_hot_regions:190,0x55c2daaae300,2
603.bwaves_s/2,2/super_hot_regions:190,0x55c2daaae307,0
603.bwaves_s/2,2/super_hot_regions:190,0x55c2daaae314,0

603.bwaves_s/2,2/super_hot_regions:192,0x55c2daaae225,1
603.bwaves_s/2,2/super_hot_regions:192,0x55c2daaae240,0

603.bwaves_s/2,2/super_hot_regions:195,0x55c2daaade1b,2
603.bwaves_s/2,2/super_hot_regions:195,0x55c2daaade22,0
603.bwaves_s/2,2/super_hot_regions:195,0x55c2daaade2f,0

603.bwaves_s/2,2/super_hot_regions:197,0x55c2daaadccd,2
603.bwaves_s/2,2/super_hot_regions:197,0x55c2daaadcd1,0

603.bwaves_s/2,2/super_hot_regions:198,0x55c2daaadcea,2
603.bwaves_s/2,2/super_hot_regions:198,0x55c2daaadced,0

603.bwaves_s/2,2/super_hot_regions:199,0x55c2daaadcf3,1
603.bwaves_s/2,2/super_hot_regions:199,0x55c2daaadcfd,0

603.bwaves_s/2,2/super_hot_regions:200,0x55c2daaadcb5,2
603.bwaves_s/2,2/super_hot_regions:200,0x55c2daaadce0,0
603.bwaves_s/2,2/super_hot_regions:200,0x55c2daaadcf6,0
603.bwaves_s/2,2/super_hot_regions:200,0x55c2daaadd07,0

603.bwaves_s/2,2/super_hot_regions:65,0x55c2daaace78,2
603.bwaves_s/2,2/super_hot_regions:65,0x55c2daaace8f,0

603.bwaves_s/2,2/super_hot_regions:71,0x55c2daaacf76,2
603.bwaves_s/2,2/super_hot_regions:71,0x55c2daaacf7f,0
603.bwaves_s/2,2/super_hot_regions:71,0x55c2daaacf82,0

603.bwaves_s/2,2/super_hot_regions:74,0x55c2daaacbb2,2
603.bwaves_s/2,2/super_hot_regions:74,0x55c2daaacbb9,0
603.bwaves_s/2,2/super_hot_regions:74,0x55c2daaacbc3,0
603.bwaves_s/2,2/super_hot_regions:74,0x55c2daaacbc6,0
603.bwaves_s/2,2/super_hot_regions:74,0x55c2daaacbc9,0
603.bwaves_s/2,2/super_hot_regions:74,0x55c2daaacbcc,0

603.bwaves_s/2,2/super_hot_regions:85,0x7c1a1df8f94e,1
603.bwaves_s/2,2/super_hot_regions:85,0x7c1a1df8fa13,0

603.bwaves_s/2,2/super_hot_regions:88,0x55c2daaac78b,4
603.bwaves_s/2,2/super_hot_regions:88,0x55c2daaac793,0
603.bwaves_s/2,2/super_hot_regions:88,0x55c2daaac798,0
603.bwaves_s/2,2/super_hot_regions:88,0x55c2daaac79d,0
603.bwaves_s/2,2/super_hot_regions:88,0x55c2daaac7a2,0
603.bwaves_s/2,2/super_hot_regions:88,0x55c2daaac7a7,0

603.bwaves_s/2,2/super_hot_regions:89,0x55c2daaac7b3,2
603.bwaves_s/2,2/super_hot_regions:89,0x55c2daaac7c0,0

603.bwaves_s/2,2/super_hot_regions:90,0x55c2daaac790,1
603.bwaves_s/2,2/super_hot_regions:90,0x55c2daaac7c5,0

603.bwaves_s/2,2/super_hot_regions:94,0x55c2daaac5f0,2
603.bwaves_s/2,2/super_hot_regions:94,0x55c2daaac5fe,0

603.bwaves_s/2,2/super_hot_regions:95,0x55c2daaac621,3
603.bwaves_s/2,2/super_hot_regions:95,0x55c2daaac62b,0
603.bwaves_s/2,2/super_hot_regions:95,0x55c2daaac637,0
603.bwaves_s/2,2/super_hot_regions:95,0x55c2daaac639,0

603.bwaves_s/2,2/super_hot_regions:97,0x55c2daaac63c,2
603.bwaves_s/2,2/super_hot_regions:97,0x55c2daaac641,0

603.bwaves_s/2,2/super_hot_regions:98,0x55c2daaac601,7
603.bwaves_s/2,2/super_hot_regions:98,0x55c2daaac606,0
603.bwaves_s/2,2/super_hot_regions:98,0x55c2daaac618,0
603.bwaves_s/2,2/super_hot_regions:98,0x55c2daaac61b,0
603.bwaves_s/2,2/super_hot_regions:98,0x55c2daaac61d,0
603.bwaves_s/2,2/super_hot_regions:98,0x55c2daaac628,0
603.bwaves_s/2,2/super_hot_regions:98,0x55c2daaac632,0
603.bwaves_s/2,2/super_hot_regions:98,0x55c2daaac645,0
603.bwaves_s/2,2/super_hot_regions:98,0x55c2daaac648,0
603.bwaves_s/2,2/super_hot_regions:98,0x55c2daaac64a,0
603.bwaves_s/2,2/super_hot_regions:98,0x55c2daaac656,0
603.bwaves_s/2,2/super_hot_regions:98,0x55c2daaac659,0
603.bwaves_s/2,2/super_hot_regions:98,0x55c2daaac65c,0

605.mcf_s/1,1/super_hot_regions:100,0x5a81905e8c4d,2
605.mcf_s/1,1/super_hot_regions:100,0x5a81905e8c57,0
605.mcf_s/1,1/super_hot_regions:100,0x5a81905e8c60,0

605.mcf_s/1,1/super_hot_regions:102,0x5a81905e8055,2
605.mcf_s/1,1/super_hot_regions:102,0x5a81905e8058,0

605.mcf_s/1,1/super_hot_regions:103,0x5a81905e8050,2
605.mcf_s/1,1/super_hot_regions:103,0x5a81905e805d,0

605.mcf_s/1,1/super_hot_regions:105,0x5a81905e8d01,1
605.mcf_s/1,1/super_hot_regions:105,0x5a81905e8d0a,0

605.mcf_s/1,1/super_hot_regions:106,0x5a81905e8cff,1
605.mcf_s/1,1/super_hot_regions:106,0x5a81905e8d0d,0

605.mcf_s/1,1/super_hot_regions:108,0x5a81905e8bc2,1
605.mcf_s/1,1/super_hot_regions:108,0x5a81905e8bcb,0

605.mcf_s/1,1/super_hot_regions:113,0x5a81905e7644,2
605.mcf_s/1,1/super_hot_regions:113,0x5a81905e7648,0

605.mcf_s/1,1/super_hot_regions:114,0x5a81905e7641,2
605.mcf_s/1,1/super_hot_regions:114,0x5a81905e764b,0

605.mcf_s/1,1/super_hot_regions:116,0x5a81905e767f,1
605.mcf_s/1,1/super_hot_regions:116,0x5a81905e7688,0

605.mcf_s/1,1/super_hot_regions:117,0x5a81905e7682,1
605.mcf_s/1,1/super_hot_regions:117,0x5a81905e769b,0
605.mcf_s/1,1/super_hot_regions:117,0x5a81905e769e,0

605.mcf_s/1,1/super_hot_regions:120,0x5a81905e7a23,1
605.mcf_s/1,1/super_hot_regions:120,0x5a81905e7a29,0

605.mcf_s/1,1/super_hot_regions:123,0x5a81905e8040,1
605.mcf_s/1,1/super_hot_regions:123,0x5a81905e8043,0

605.mcf_s/1,1/super_hot_regions:126,0x5a81905e86bf,2
605.mcf_s/1,1/super_hot_regions:126,0x5a81905e86ca,0
605.mcf_s/1,1/super_hot_regions:126,0x5a81905e86cd,0

605.mcf_s/1,1/super_hot_regions:128,0x5a81905e961b,2
605.mcf_s/1,1/super_hot_regions:128,0x5a81905e9623,0
605.mcf_s/1,1/super_hot_regions:128,0x5a81905e962a,0
605.mcf_s/1,1/super_hot_regions:128,0x5a81905e962e,0
605.mcf_s/1,1/super_hot_regions:128,0x5a81905e9631,0
605.mcf_s/1,1/super_hot_regions:128,0x5a81905e9634,0

605.mcf_s/1,1/super_hot_regions:130,0x5a81905ea29f,2
605.mcf_s/1,1/super_hot_regions:130,0x5a81905ea2ad,0

605.mcf_s/1,1/super_hot_regions:131,0x5a81905ea299,2
605.mcf_s/1,1/super_hot_regions:131,0x5a81905ea29c,0
605.mcf_s/1,1/super_hot_regions:131,0x5a81905ea2a9,0
605.mcf_s/1,1/super_hot_regions:131,0x5a81905ea2b1,0

605.mcf_s/1,1/super_hot_regions:138,0x5a81905e7aba,1
605.mcf_s/1,1/super_hot_regions:138,0x5a81905e7abd,0

605.mcf_s/1,1/super_hot_regions:14,0x5a81905e3c92,3
605.mcf_s/1,1/super_hot_regions:14,0x5a81905e3c96,0
605.mcf_s/1,1/super_hot_regions:14,0x5a81905e3c9a,0
605.mcf_s/1,1/super_hot_regions:14,0x5a81905e3c9d,0
605.mcf_s/1,1/super_hot_regions:14,0x5a81905e3ca1,0

605.mcf_s/1,1/super_hot_regions:141,0x5a81905e50f0,2
605.mcf_s/1,1/super_hot_regions:141,0x5a81905e50f4,0
605.mcf_s/1,1/super_hot_regions:141,0x5a81905e50fb,0
605.mcf_s/1,1/super_hot_regions:141,0x5a81905e50ff,0

605.mcf_s/1,1/super_hot_regions:146,0x5a81905e74c3,2
605.mcf_s/1,1/super_hot_regions:146,0x5a81905e74c7,0

605.mcf_s/1,1/super_hot_regions:147,0x5a81905e74f8,2
605.mcf_s/1,1/super_hot_regions:147,0x5a81905e7500,0

605.mcf_s/1,1/super_hot_regions:148,0x5a81905e7532,2
605.mcf_s/1,1/super_hot_regions:148,0x5a81905e753a,0

605.mcf_s/1,1/super_hot_regions:149,0x5a81905e746c,9
605.mcf_s/1,1/super_hot_regions:149,0x5a81905e746e,0
605.mcf_s/1,1/super_hot_regions:149,0x5a81905e747d,0
605.mcf_s/1,1/super_hot_regions:149,0x5a81905e7482,0
605.mcf_s/1,1/super_hot_regions:149,0x5a81905e7485,0
605.mcf_s/1,1/super_hot_regions:149,0x5a81905e7491,0
605.mcf_s/1,1/super_hot_regions:149,0x5a81905e7494,0
605.mcf_s/1,1/super_hot_regions:149,0x5a81905e7498,0
605.mcf_s/1,1/super_hot_regions:149,0x5a81905e74a0,0
605.mcf_s/1,1/super_hot_regions:149,0x5a81905e74a3,0
605.mcf_s/1,1/super_hot_regions:149,0x5a81905e74a8,0
605.mcf_s/1,1/super_hot_regions:149,0x5a81905e74ab,0
605.mcf_s/1,1/super_hot_regions:149,0x5a81905e74b0,0
605.mcf_s/1,1/super_hot_regions:149,0x5a81905e74b3,0
605.mcf_s/1,1/super_hot_regions:149,0x5a81905e74b7,0
605.mcf_s/1,1/super_hot_regions:149,0x5a81905e74ba,0
605.mcf_s/1,1/super_hot_regions:149,0x5a81905e74be,0
605.mcf_s/1,1/super_hot_regions:149,0x5a81905e74cc,0
605.mcf_s/1,1/super_hot_regions:149,0x5a81905e74cf,0
605.mcf_s/1,1/super_hot_regions:149,0x5a81905e74d3,0
605.mcf_s/1,1/super_hot_regions:149,0x5a81905e74d8,0
605.mcf_s/1,1/super_hot_regions:149,0x5a81905e74dc,0
605.mcf_s/1,1/super_hot_regions:149,0x5a81905e74e0,0
605.mcf_s/1,1/super_hot_regions:149,0x5a81905e74e8,0
605.mcf_s/1,1/super_hot_regions:149,0x5a81905e74eb,0
605.mcf_s/1,1/super_hot_regions:149,0x5a81905e74ef,0
605.mcf_s/1,1/super_hot_regions:149,0x5a81905e74f3,0
605.mcf_s/1,1/super_hot_regions:149,0x5a81905e7505,0
605.mcf_s/1,1/super_hot_regions:149,0x5a81905e7508,0
605.mcf_s/1,1/super_hot_regions:149,0x5a81905e750c,0
605.mcf_s/1,1/super_hot_regions:149,0x5a81905e7514,0
605.mcf_s/1,1/super_hot_regions:149,0x5a81905e7518,0
605.mcf_s/1,1/super_hot_regions:149,0x5a81905e751c,0
605.mcf_s/1,1/super_hot_regions:149,0x5a81905e7524,0
605.mcf_s/1,1/super_hot_regions:149,0x5a81905e7527,0
605.mcf_s/1,1/super_hot_regions:149,0x5a81905e752f,0
605.mcf_s/1,1/super_hot_regions:149,0x5a81905e7543,0
605.mcf_s/1,1/super_hot_regions:149,0x5a81905e7548,0
605.mcf_s/1,1/super_hot_regions:149,0x5a81905e754c,0
605.mcf_s/1,1/super_hot_regions:149,0x5a81905e7551,0
605.mcf_s/1,1/super_hot_regions:149,0x5a81905e7559,0
605.mcf_s/1,1/super_hot_regions:149,0x5a81905e755e,0

605.mcf_s/1,1/super_hot_regions:150,0x5a81905e7451,2
605.mcf_s/1,1/super_hot_regions:150,0x5a81905e7471,0
605.mcf_s/1,1/super_hot_regions:150,0x5a81905e7563,0
605.mcf_s/1,1/super_hot_regions:150,0x5a81905e756b,0

605.mcf_s/1,1/super_hot_regions:155,0x5a81905e8be4,3
605.mcf_s/1,1/super_hot_regions:155,0x5a81905e8bec,0
605.mcf_s/1,1/super_hot_regions:155,0x5a81905e8bf8,0
605.mcf_s/1,1/super_hot_regions:155,0x5a81905e8c0d,0
605.mcf_s/1,1/super_hot_regions:155,0x5a81905e8c18,0

605.mcf_s/1,1/super_hot_regions:19,0x5a81905e381a,1
605.mcf_s/1,1/super_hot_regions:19,0x5a81905e381e,0

605.mcf_s/1,1/super_hot_regions:21,0x5a81905e6f90,3
605.mcf_s/1,1/super_hot_regions:21,0x5a81905e6f93,0
605.mcf_s/1,1/super_hot_regions:21,0x5a81905e6f96,0
605.mcf_s/1,1/super_hot_regions:21,0x5a81905e6f98,0
605.mcf_s/1,1/super_hot_regions:21,0x5a81905e6f9a,0

605.mcf_s/1,1/super_hot_regions:23,0x5a81905e7c02,2
605.mcf_s/1,1/super_hot_regions:23,0x5a81905e7c0a,0

605.mcf_s/1,1/super_hot_regions:26,0x5a81905e46fc,2
605.mcf_s/1,1/super_hot_regions:26,0x5a81905e4700,0

605.mcf_s/1,1/super_hot_regions:27,0x5a81905e470d,1
605.mcf_s/1,1/super_hot_regions:27,0x5a81905e4714,0

605.mcf_s/1,1/super_hot_regions:31,0x5a81905e76bc,2
605.mcf_s/1,1/super_hot_regions:31,0x5a81905e76cc,0
605.mcf_s/1,1/super_hot_regions:31,0x5a81905e76cf,0

605.mcf_s/1,1/super_hot_regions:33,0x5a81905e79ea,2
605.mcf_s/1,1/super_hot_regions:33,0x5a81905e79ee,0

605.mcf_s/1,1/super_hot_regions:34,0x5a81905e79e7,2
605.mcf_s/1,1/super_hot_regions:34,0x5a81905e79f1,0

605.mcf_s/1,1/super_hot_regions:41,0x5a81905e44a0,2
605.mcf_s/1,1/super_hot_regions:41,0x5a81905e44a2,0
605.mcf_s/1,1/super_hot_regions:41,0x5a81905e44a4,0

605.mcf_s/1,1/super_hot_regions:44,0x5a81905e4a40,2
605.mcf_s/1,1/super_hot_regions:44,0x5a81905e4a4d,0

605.mcf_s/1,1/super_hot_regions:45,0x5a81905e4a51,2
605.mcf_s/1,1/super_hot_regions:45,0x5a81905e4a55,0

605.mcf_s/1,1/super_hot_regions:46,0x5a81905e4a59,2
605.mcf_s/1,1/super_hot_regions:46,0x5a81905e4a5d,0
605.mcf_s/1,1/super_hot_regions:46,0x5a81905e4a61,0

605.mcf_s/1,1/super_hot_regions:47,0x5a81905e4a65,2
605.mcf_s/1,1/super_hot_regions:47,0x5a81905e4a69,0

605.mcf_s/1,1/super_hot_regions:48,0x5a81905e4a6d,2
605.mcf_s/1,1/super_hot_regions:48,0x5a81905e4a6f,0

605.mcf_s/1,1/super_hot_regions:51,0x5a81905e55f8,1
605.mcf_s/1,1/super_hot_regions:51,0x5a81905e55fb,0
605.mcf_s/1,1/super_hot_regions:51,0x5a81905e55ff,0
605.mcf_s/1,1/super_hot_regions:51,0x5a81905e5602,0

605.mcf_s/1,1/super_hot_regions:55,0x5a81905e71c1,1
605.mcf_s/1,1/super_hot_regions:55,0x5a81905e71c4,0
605.mcf_s/1,1/super_hot_regions:55,0x5a81905e71c8,0
605.mcf_s/1,1/super_hot_regions:55,0x5a81905e71cb,0
605.mcf_s/1,1/super_hot_regions:55,0x5a81905e71ce,0

605.mcf_s/1,1/super_hot_regions:56,0x5a81905e719e,6
605.mcf_s/1,1/super_hot_regions:56,0x5a81905e71a2,0
605.mcf_s/1,1/super_hot_regions:56,0x5a81905e71a5,0
605.mcf_s/1,1/super_hot_regions:56,0x5a81905e71af,0
605.mcf_s/1,1/super_hot_regions:56,0x5a81905e71b2,0
605.mcf_s/1,1/super_hot_regions:56,0x5a81905e71ba,0
605.mcf_s/1,1/super_hot_regions:56,0x5a81905e71bd,0
605.mcf_s/1,1/super_hot_regions:56,0x5a81905e71d2,0
605.mcf_s/1,1/super_hot_regions:56,0x5a81905e71d5,0

605.mcf_s/1,1/super_hot_regions:58,0x5a81905e50cb,2
605.mcf_s/1,1/super_hot_regions:58,0x5a81905e50cf,0

605.mcf_s/1,1/super_hot_regions:61,0x5a81905e8c83,1
605.mcf_s/1,1/super_hot_regions:61,0x5a81905e8c91,0

605.mcf_s/1,1/super_hot_regions:62,0x5a81905e8c8e,1
605.mcf_s/1,1/super_hot_regions:62,0x5a81905e8c94,0

605.mcf_s/1,1/super_hot_regions:64,0x5a81905e3973,4
605.mcf_s/1,1/super_hot_regions:64,0x5a81905e3976,0
605.mcf_s/1,1/super_hot_regions:64,0x5a81905e397a,0
605.mcf_s/1,1/super_hot_regions:64,0x5a81905e397e,0
605.mcf_s/1,1/super_hot_regions:64,0x5a81905e3982,0
605.mcf_s/1,1/super_hot_regions:64,0x5a81905e3985,0

605.mcf_s/1,1/super_hot_regions:69,0x5a81905e52fd,2
605.mcf_s/1,1/super_hot_regions:69,0x5a81905e5301,0

605.mcf_s/1,1/super_hot_regions:71,0x5a81905e529d,3
605.mcf_s/1,1/super_hot_regions:71,0x5a81905e52a4,0
605.mcf_s/1,1/super_hot_regions:71,0x5a81905e52a8,0

605.mcf_s/1,1/super_hot_regions:72,0x5a81905e52b0,3
605.mcf_s/1,1/super_hot_regions:72,0x5a81905e52b4,0
605.mcf_s/1,1/super_hot_regions:72,0x5a81905e52b8,0

605.mcf_s/1,1/super_hot_regions:73,0x5a81905e52c0,1
605.mcf_s/1,1/super_hot_regions:73,0x5a81905e52c4,0

605.mcf_s/1,1/super_hot_regions:74,0x5a81905e58d6,2
605.mcf_s/1,1/super_hot_regions:74,0x5a81905e58db,0

605.mcf_s/1,1/super_hot_regions:77,0x5a81905e3990,2
605.mcf_s/1,1/super_hot_regions:77,0x5a81905e3994,0

605.mcf_s/1,1/super_hot_regions:78,0x5a81905e5b00,3
605.mcf_s/1,1/super_hot_regions:78,0x5a81905e5b04,0
605.mcf_s/1,1/super_hot_regions:78,0x5a81905e5b08,0
605.mcf_s/1,1/super_hot_regions:78,0x5a81905e5b0b,0
605.mcf_s/1,1/super_hot_regions:78,0x5a81905e5b0f,0

605.mcf_s/1,1/super_hot_regions:8,0x5a81905e5097,1
605.mcf_s/1,1/super_hot_regions:8,0x5a81905e50ad,0

605.mcf_s/1,1/super_hot_regions:82,0x5a81905e806d,1
605.mcf_s/1,1/super_hot_regions:82,0x5a81905e807b,0

605.mcf_s/1,1/super_hot_regions:83,0x5a81905e8078,1
605.mcf_s/1,1/super_hot_regions:83,0x5a81905e807e,0

605.mcf_s/1,1/super_hot_regions:87,0x5a81905e55a0,2
605.mcf_s/1,1/super_hot_regions:87,0x5a81905e55ad,0

605.mcf_s/1,1/super_hot_regions:88,0x5a81905e55b1,2
605.mcf_s/1,1/super_hot_regions:88,0x5a81905e55b5,0

605.mcf_s/1,1/super_hot_regions:89,0x5a81905e55b9,2
605.mcf_s/1,1/super_hot_regions:89,0x5a81905e55bd,0
605.mcf_s/1,1/super_hot_regions:89,0x5a81905e55c1,0

605.mcf_s/1,1/super_hot_regions:90,0x5a81905e55c5,2
605.mcf_s/1,1/super_hot_regions:90,0x5a81905e55c9,0

605.mcf_s/1,1/super_hot_regions:91,0x5a81905e55cd,2
605.mcf_s/1,1/super_hot_regions:91,0x5a81905e55d0,0

605.mcf_s/1,1/super_hot_regions:94,0x5a81905e8c6c,2
605.mcf_s/1,1/super_hot_regions:94,0x5a81905e8c6f,0

605.mcf_s/1,1/super_hot_regions:95,0x5a81905e8c68,2
605.mcf_s/1,1/super_hot_regions:95,0x5a81905e8c73,0

605.mcf_s/1,1/super_hot_regions:98,0x5a81905e8c54,1
605.mcf_s/1,1/super_hot_regions:98,0x5a81905e8c5a,0

605.mcf_s/1,1/super_hot_regions:99,0x5a81905e8c51,1
605.mcf_s/1,1/super_hot_regions:99,0x5a81905e8c5d,0

607.cactuBSSN_s/1,1/super_hot_regions:135,0x72c8dcb2f94e,1
607.cactuBSSN_s/1,1/super_hot_regions:135,0x72c8dcb2fa13,0

607.cactuBSSN_s/1,1/super_hot_regions:147,0x626fc4220290,4
607.cactuBSSN_s/1,1/super_hot_regions:147,0x626fc422029a,0
607.cactuBSSN_s/1,1/super_hot_regions:147,0x626fc42202a1,0
607.cactuBSSN_s/1,1/super_hot_regions:147,0x626fc42202a8,0

607.cactuBSSN_s/1,1/super_hot_regions:152,0x626fc42200a8,4
607.cactuBSSN_s/1,1/super_hot_regions:152,0x626fc42200af,0
607.cactuBSSN_s/1,1/super_hot_regions:152,0x626fc42200b3,0
607.cactuBSSN_s/1,1/super_hot_regions:152,0x626fc42200ba,0
607.cactuBSSN_s/1,1/super_hot_regions:152,0x626fc42200c0,0
607.cactuBSSN_s/1,1/super_hot_regions:152,0x626fc42200c3,0

607.cactuBSSN_s/1,1/super_hot_regions:153,0x626fc42201a0,4
607.cactuBSSN_s/1,1/super_hot_regions:153,0x626fc42201a7,0
607.cactuBSSN_s/1,1/super_hot_regions:153,0x626fc42201ab,0
607.cactuBSSN_s/1,1/super_hot_regions:153,0x626fc42201b2,0
607.cactuBSSN_s/1,1/super_hot_regions:153,0x626fc42201b8,0
607.cactuBSSN_s/1,1/super_hot_regions:153,0x626fc42201bb,0

607.cactuBSSN_s/1,1/super_hot_regions:154,0x626fc4220458,4
607.cactuBSSN_s/1,1/super_hot_regions:154,0x626fc422045f,0
607.cactuBSSN_s/1,1/super_hot_regions:154,0x626fc4220463,0
607.cactuBSSN_s/1,1/super_hot_regions:154,0x626fc422046a,0
607.cactuBSSN_s/1,1/super_hot_regions:154,0x626fc4220470,0
607.cactuBSSN_s/1,1/super_hot_regions:154,0x626fc4220473,0

607.cactuBSSN_s/1,1/super_hot_regions:155,0x626fc421ff80,4
607.cactuBSSN_s/1,1/super_hot_regions:155,0x626fc421ff87,0
607.cactuBSSN_s/1,1/super_hot_regions:155,0x626fc421ff8b,0
607.cactuBSSN_s/1,1/super_hot_regions:155,0x626fc421ff92,0
607.cactuBSSN_s/1,1/super_hot_regions:155,0x626fc421ff98,0
607.cactuBSSN_s/1,1/super_hot_regions:155,0x626fc421ff9b,0

607.cactuBSSN_s/1,1/super_hot_regions:18,0x626fc43775ac,1
607.cactuBSSN_s/1,1/super_hot_regions:18,0x626fc43775af,0

607.cactuBSSN_s/1,1/super_hot_regions:20,0x626fc4377613,2
607.cactuBSSN_s/1,1/super_hot_regions:20,0x626fc437761f,0

607.cactuBSSN_s/1,1/super_hot_regions:204,0x626fc4220360,4
607.cactuBSSN_s/1,1/super_hot_regions:204,0x626fc422036a,0
607.cactuBSSN_s/1,1/super_hot_regions:204,0x626fc4220370,0
607.cactuBSSN_s/1,1/super_hot_regions:204,0x626fc4220377,0

607.cactuBSSN_s/1,1/super_hot_regions:205,0x626fc5373293,2
607.cactuBSSN_s/1,1/super_hot_regions:205,0x626fc5373299,0

607.cactuBSSN_s/1,1/super_hot_regions:206,0x626fc537329b,2
607.cactuBSSN_s/1,1/super_hot_regions:206,0x626fc53732a2,0

607.cactuBSSN_s/1,1/super_hot_regions:207,0x626fc53732a6,1
607.cactuBSSN_s/1,1/super_hot_regions:207,0x626fc53732a9,0

607.cactuBSSN_s/1,1/super_hot_regions:44,0x626fc43a5fac,1
607.cactuBSSN_s/1,1/super_hot_regions:44,0x626fc43a5faf,0

607.cactuBSSN_s/1,1/super_hot_regions:46,0x626fc43a601b,2
607.cactuBSSN_s/1,1/super_hot_regions:46,0x626fc43a6027,0

607.cactuBSSN_s/1,1/super_hot_regions:55,0x626fc43776ab,1
607.cactuBSSN_s/1,1/super_hot_regions:55,0x626fc43776ae,0

607.cactuBSSN_s/1,1/super_hot_regions:56,0x626fc43776b1,2
607.cactuBSSN_s/1,1/super_hot_regions:56,0x626fc43776b4,0

607.cactuBSSN_s/1,1/super_hot_regions:71,0x626fc43a60a7,2
607.cactuBSSN_s/1,1/super_hot_regions:71,0x626fc43a60ab,0

607.cactuBSSN_s/1,1/super_hot_regions:76,0x626fc43a60bb,1
607.cactuBSSN_s/1,1/super_hot_regions:76,0x626fc43a60be,0

607.cactuBSSN_s/1,1/super_hot_regions:77,0x626fc43a60c1,2
607.cactuBSSN_s/1,1/super_hot_regions:77,0x626fc43a60c4,0

607.cactuBSSN_s/1,1/super_hot_regions:82,0x72c8dc9a0845,2
607.cactuBSSN_s/1,1/super_hot_regions:82,0x72c8dc9a0848,0

607.cactuBSSN_s/1,1/super_hot_regions:83,0x72c8dc9a0840,2
607.cactuBSSN_s/1,1/super_hot_regions:83,0x72c8dc9a084b,0

619.lbm_s/1,1/super_hot_regions:101,0x78f2e2287a72,2
619.lbm_s/1,1/super_hot_regions:101,0x78f2e2287a76,0

619.lbm_s/1,1/super_hot_regions:104,0x5ad2ea1712b8,2
619.lbm_s/1,1/super_hot_regions:104,0x5ad2ea1712c5,0

619.lbm_s/1,1/super_hot_regions:105,0x5ad2ea1712be,2
619.lbm_s/1,1/super_hot_regions:105,0x5ad2ea1712d7,0

619.lbm_s/1,1/super_hot_regions:106,0x5ad2ea1712db,2
619.lbm_s/1,1/super_hot_regions:106,0x5ad2ea1712e1,0
619.lbm_s/1,1/super_hot_regions:106,0x5ad2ea1712e4,0

619.lbm_s/1,1/super_hot_regions:108,0x5ad2ea1713a3,2
619.lbm_s/1,1/super_hot_regions:108,0x5ad2ea1713a9,0
619.lbm_s/1,1/super_hot_regions:108,0x5ad2ea1713ac,0
619.lbm_s/1,1/super_hot_regions:108,0x5ad2ea1713ae,0
619.lbm_s/1,1/super_hot_regions:108,0x5ad2ea1713b5,0
619.lbm_s/1,1/super_hot_regions:108,0x5ad2ea1713b8,0

619.lbm_s/1,1/super_hot_regions:109,0x5ad2ea1713bf,2
619.lbm_s/1,1/super_hot_regions:109,0x5ad2ea1713c5,0
619.lbm_s/1,1/super_hot_regions:109,0x5ad2ea1713c8,0

619.lbm_s/1,1/super_hot_regions:112,0x5ad2ea17123d,2
619.lbm_s/1,1/super_hot_regions:112,0x5ad2ea171243,0
619.lbm_s/1,1/super_hot_regions:112,0x5ad2ea171246,0

619.lbm_s/1,1/super_hot_regions:114,0x5ad2ea170eb1,2
619.lbm_s/1,1/super_hot_regions:114,0x5ad2ea170eb7,0

619.lbm_s/1,1/super_hot_regions:115,0x5ad2ea170ec1,3
619.lbm_s/1,1/super_hot_regions:115,0x5ad2ea170ec8,0
619.lbm_s/1,1/super_hot_regions:115,0x5ad2ea170ecc,0

619.lbm_s/1,1/super_hot_regions:117,0x5ad2ea171127,2
619.lbm_s/1,1/super_hot_regions:117,0x5ad2ea17112d,0
619.lbm_s/1,1/super_hot_regions:117,0x5ad2ea171130,0

619.lbm_s/1,1/super_hot_regions:120,0x5ad2ea170521,2
619.lbm_s/1,1/super_hot_regions:120,0x5ad2ea170525,0

619.lbm_s/1,1/super_hot_regions:122,0x5ad2ea170511,2
619.lbm_s/1,1/super_hot_regions:122,0x5ad2ea170516,0
619.lbm_s/1,1/super_hot_regions:122,0x5ad2ea17051a,0

619.lbm_s/1,1/super_hot_regions:124,0x5ad2ea1704ed,2
619.lbm_s/1,1/super_hot_regions:124,0x5ad2ea1704f1,0

619.lbm_s/1,1/super_hot_regions:126,0x5ad2ea1704c7,2
619.lbm_s/1,1/super_hot_regions:126,0x5ad2ea1704cb,0

619.lbm_s/1,1/super_hot_regions:127,0x5ad2ea1704b3,3
619.lbm_s/1,1/super_hot_regions:127,0x5ad2ea1704b7,0
619.lbm_s/1,1/super_hot_regions:127,0x5ad2ea1704ba,0
619.lbm_s/1,1/super_hot_regions:127,0x5ad2ea1704be,0
619.lbm_s/1,1/super_hot_regions:127,0x5ad2ea1704c1,0
619.lbm_s/1,1/super_hot_regions:127,0x5ad2ea1704c4,0
619.lbm_s/1,1/super_hot_regions:127,0x5ad2ea1704ce,0
619.lbm_s/1,1/super_hot_regions:127,0x5ad2ea1704d2,0
619.lbm_s/1,1/super_hot_regions:127,0x5ad2ea1704d5,0
619.lbm_s/1,1/super_hot_regions:127,0x5ad2ea1704d9,0

619.lbm_s/1,1/super_hot_regions:128,0x5ad2ea1704dd,2
619.lbm_s/1,1/super_hot_regions:128,0x5ad2ea1704e2,0
619.lbm_s/1,1/super_hot_regions:128,0x5ad2ea1704e6,0

619.lbm_s/1,1/super_hot_regions:136,0x5ad2ea171376,2
619.lbm_s/1,1/super_hot_regions:136,0x5ad2ea171383,0

619.lbm_s/1,1/super_hot_regions:137,0x5ad2ea17137c,2
619.lbm_s/1,1/super_hot_regions:137,0x5ad2ea171395,0

619.lbm_s/1,1/super_hot_regions:138,0x5ad2ea171399,2
619.lbm_s/1,1/super_hot_regions:138,0x5ad2ea17139f,0
619.lbm_s/1,1/super_hot_regions:138,0x5ad2ea1713a2,0

619.lbm_s/1,1/super_hot_regions:140,0x5ad2ea171461,2
619.lbm_s/1,1/super_hot_regions:140,0x5ad2ea171467,0
619.lbm_s/1,1/super_hot_regions:140,0x5ad2ea17146a,0
619.lbm_s/1,1/super_hot_regions:140,0x5ad2ea17146c,0
619.lbm_s/1,1/super_hot_regions:140,0x5ad2ea171473,0
619.lbm_s/1,1/super_hot_regions:140,0x5ad2ea171476,0

619.lbm_s/1,1/super_hot_regions:141,0x5ad2ea17147d,2
619.lbm_s/1,1/super_hot_regions:141,0x5ad2ea171483,0
619.lbm_s/1,1/super_hot_regions:141,0x5ad2ea171486,0

619.lbm_s/1,1/super_hot_regions:144,0x5ad2ea1712fb,2
619.lbm_s/1,1/super_hot_regions:144,0x5ad2ea171301,0
619.lbm_s/1,1/super_hot_regions:144,0x5ad2ea171304,0

619.lbm_s/1,1/super_hot_regions:146,0x5ad2ea170f6f,2
619.lbm_s/1,1/super_hot_regions:146,0x5ad2ea170f75,0

619.lbm_s/1,1/super_hot_regions:147,0x5ad2ea170f7f,3
619.lbm_s/1,1/super_hot_regions:147,0x5ad2ea170f86,0
619.lbm_s/1,1/super_hot_regions:147,0x5ad2ea170f8a,0

619.lbm_s/1,1/super_hot_regions:149,0x5ad2ea1711e5,2
619.lbm_s/1,1/super_hot_regions:149,0x5ad2ea1711eb,0
619.lbm_s/1,1/super_hot_regions:149,0x5ad2ea1711ee,0

619.lbm_s/1,1/super_hot_regions:151,0x5ad2ea171761,2
619.lbm_s/1,1/super_hot_regions:151,0x5ad2ea17176e,0

619.lbm_s/1,1/super_hot_regions:152,0x5ad2ea171767,2
619.lbm_s/1,1/super_hot_regions:152,0x5ad2ea171780,0

619.lbm_s/1,1/super_hot_regions:153,0x5ad2ea171784,2
619.lbm_s/1,1/super_hot_regions:153,0x5ad2ea17178a,0
619.lbm_s/1,1/super_hot_regions:153,0x5ad2ea17178d,0

619.lbm_s/1,1/super_hot_regions:155,0x5ad2ea17184c,2
619.lbm_s/1,1/super_hot_regions:155,0x5ad2ea171852,0
619.lbm_s/1,1/super_hot_regions:155,0x5ad2ea171855,0
619.lbm_s/1,1/super_hot_regions:155,0x5ad2ea171857,0
619.lbm_s/1,1/super_hot_regions:155,0x5ad2ea17185e,0
619.lbm_s/1,1/super_hot_regions:155,0x5ad2ea171861,0

619.lbm_s/1,1/super_hot_regions:156,0x5ad2ea171868,2
619.lbm_s/1,1/super_hot_regions:156,0x5ad2ea17186e,0
619.lbm_s/1,1/super_hot_regions:156,0x5ad2ea171871,0

619.lbm_s/1,1/super_hot_regions:159,0x5ad2ea1716e6,2
619.lbm_s/1,1/super_hot_regions:159,0x5ad2ea1716ec,0
619.lbm_s/1,1/super_hot_regions:159,0x5ad2ea1716ef,0

619.lbm_s/1,1/super_hot_regions:161,0x5ad2ea17135a,2
619.lbm_s/1,1/super_hot_regions:161,0x5ad2ea171360,0

619.lbm_s/1,1/super_hot_regions:162,0x5ad2ea17136a,3
619.lbm_s/1,1/super_hot_regions:162,0x5ad2ea171371,0
619.lbm_s/1,1/super_hot_regions:162,0x5ad2ea171375,0

619.lbm_s/1,1/super_hot_regions:164,0x5ad2ea1715d0,2
619.lbm_s/1,1/super_hot_regions:164,0x5ad2ea1715d6,0
619.lbm_s/1,1/super_hot_regions:164,0x5ad2ea1715d9,0

619.lbm_s/1,1/super_hot_regions:169,0x5ad2ea170516,2
619.lbm_s/1,1/super_hot_regions:169,0x5ad2ea17051a,0

619.lbm_s/1,1/super_hot_regions:177,0x78f2e228ce00,2
619.lbm_s/1,1/super_hot_regions:177,0x78f2e228ce04,0

619.lbm_s/1,1/super_hot_regions:182,0x5ad2e9b21056,1
619.lbm_s/1,1/super_hot_regions:182,0x5ad2e9b2105b,0

619.lbm_s/1,1/super_hot_regions:188,0x5ad2ea1705db,2
619.lbm_s/1,1/super_hot_regions:188,0x5ad2ea1705df,0
619.lbm_s/1,1/super_hot_regions:188,0x5ad2ea1705e8,0

619.lbm_s/1,1/super_hot_regions:51,0x5ad2e9b1a5b5,1
619.lbm_s/1,1/super_hot_regions:51,0x5ad2e9b1a5b8,0

619.lbm_s/1,1/super_hot_regions:57,0x5ad2e9b1baea,2
619.lbm_s/1,1/super_hot_regions:57,0x5ad2e9b1baf9,0

619.lbm_s/1,1/super_hot_regions:59,0x5ad2e9b1bafe,2
619.lbm_s/1,1/super_hot_regions:59,0x5ad2e9b1bb0b,0

619.lbm_s/1,1/super_hot_regions:60,0x5ad2e9b1bb10,2
619.lbm_s/1,1/super_hot_regions:60,0x5ad2e9b1bb1f,0

619.lbm_s/1,1/super_hot_regions:61,0x5ad2e9b1bb24,2
619.lbm_s/1,1/super_hot_regions:61,0x5ad2e9b1bb31,0

619.lbm_s/1,1/super_hot_regions:62,0x5ad2e9b1bb36,2
619.lbm_s/1,1/super_hot_regions:62,0x5ad2e9b1bb45,0

619.lbm_s/1,1/super_hot_regions:63,0x5ad2e9b1bb6f,2
619.lbm_s/1,1/super_hot_regions:63,0x5ad2e9b1bb80,0

619.lbm_s/1,1/super_hot_regions:65,0x5ad2e9b1bb85,2
619.lbm_s/1,1/super_hot_regions:65,0x5ad2e9b1bb90,0

619.lbm_s/1,1/super_hot_regions:72,0x5ad2ea171293,2
619.lbm_s/1,1/super_hot_regions:72,0x5ad2ea171299,0

619.lbm_s/1,1/super_hot_regions:73,0x5ad2ea17129b,2
619.lbm_s/1,1/super_hot_regions:73,0x5ad2ea1712a2,0

619.lbm_s/1,1/super_hot_regions:74,0x5ad2ea1712a6,1
619.lbm_s/1,1/super_hot_regions:74,0x5ad2ea1712a9,0

619.lbm_s/1,1/super_hot_regions:79,0x5ad2ea1713bf,2
619.lbm_s/1,1/super_hot_regions:79,0x5ad2ea1713c5,0
619.lbm_s/1,1/super_hot_regions:79,0x5ad2ea1713c8,0

619.lbm_s/1,1/super_hot_regions:83,0x5ad2ea171351,2
619.lbm_s/1,1/super_hot_regions:83,0x5ad2ea171357,0

619.lbm_s/1,1/super_hot_regions:84,0x5ad2ea171359,2
619.lbm_s/1,1/super_hot_regions:84,0x5ad2ea171360,0

619.lbm_s/1,1/super_hot_regions:85,0x5ad2ea171364,1
619.lbm_s/1,1/super_hot_regions:85,0x5ad2ea171367,0

619.lbm_s/1,1/super_hot_regions:89,0x5ad2ea17173c,2
619.lbm_s/1,1/super_hot_regions:89,0x5ad2ea171742,0

619.lbm_s/1,1/super_hot_regions:90,0x5ad2ea171744,2
619.lbm_s/1,1/super_hot_regions:90,0x5ad2ea17174b,0

619.lbm_s/1,1/super_hot_regions:91,0x5ad2ea17174f,1
619.lbm_s/1,1/super_hot_regions:91,0x5ad2ea171752,0

619.lbm_s/1,1/super_hot_regions:96,0x5ad2ea17147d,2
619.lbm_s/1,1/super_hot_regions:96,0x5ad2ea171483,0
619.lbm_s/1,1/super_hot_regions:96,0x5ad2ea171486,0

619.lbm_s/1,1/super_hot_regions:99,0x5ad2ea171868,2
619.lbm_s/1,1/super_hot_regions:99,0x5ad2ea17186e,0
619.lbm_s/1,1/super_hot_regions:99,0x5ad2ea171871,0

620.omnetpp_s/1,1/super_hot_regions:0,0x5821d46372a4,1
620.omnetpp_s/1,1/super_hot_regions:0,0x5821d46372a7,0

620.omnetpp_s/1,1/super_hot_regions:1,0x5821d46372ab,3
620.omnetpp_s/1,1/super_hot_regions:1,0x5821d46372af,0
620.omnetpp_s/1,1/super_hot_regions:1,0x5821d46372b2,0

620.omnetpp_s/1,1/super_hot_regions:100,0x5821d45e1504,2
620.omnetpp_s/1,1/super_hot_regions:100,0x5821d45e150b,0

620.omnetpp_s/1,1/super_hot_regions:103,0x5821d4636f3b,2
620.omnetpp_s/1,1/super_hot_regions:103,0x5821d4636f3f,0

620.omnetpp_s/1,1/super_hot_regions:104,0x5821d4636f33,2
620.omnetpp_s/1,1/super_hot_regions:104,0x5821d4636f43,0

620.omnetpp_s/1,1/super_hot_regions:108,0x5821d4637068,1
620.omnetpp_s/1,1/super_hot_regions:108,0x5821d463706a,0
620.omnetpp_s/1,1/super_hot_regions:108,0x5821d463706c,0

620.omnetpp_s/1,1/super_hot_regions:117,0x5821d45d4565,2
620.omnetpp_s/1,1/super_hot_regions:117,0x5821d45d456e,0

620.omnetpp_s/1,1/super_hot_regions:12,0x75babbeaf064,1
620.omnetpp_s/1,1/super_hot_regions:12,0x75babbeaf06f,0

620.omnetpp_s/1,1/super_hot_regions:121,0x5821d46b4252,3
620.omnetpp_s/1,1/super_hot_regions:121,0x5821d46b4269,0
620.omnetpp_s/1,1/super_hot_regions:121,0x5821d46b4274,0

620.omnetpp_s/1,1/super_hot_regions:127,0x5821d46b42e5,2
620.omnetpp_s/1,1/super_hot_regions:127,0x5821d46b42f0,0

620.omnetpp_s/1,1/super_hot_regions:129,0x5821d46b42fd,2
620.omnetpp_s/1,1/super_hot_regions:129,0x5821d46b4308,0

620.omnetpp_s/1,1/super_hot_regions:132,0x5821d45f7958,2
620.omnetpp_s/1,1/super_hot_regions:132,0x5821d45f7965,0

620.omnetpp_s/1,1/super_hot_regions:133,0x5821d45f7944,1
620.omnetpp_s/1,1/super_hot_regions:133,0x5821d45f7969,0

620.omnetpp_s/1,1/super_hot_regions:19,0x5821d4637068,1
620.omnetpp_s/1,1/super_hot_regions:19,0x5821d463706a,0
620.omnetpp_s/1,1/super_hot_regions:19,0x5821d463706c,0

620.omnetpp_s/1,1/super_hot_regions:21,0x75babbeaf12d,1
620.omnetpp_s/1,1/super_hot_regions:21,0x75babbeaf138,0

620.omnetpp_s/1,1/super_hot_regions:25,0x5821d47297ad,3
620.omnetpp_s/1,1/super_hot_regions:25,0x5821d47297b4,0
620.omnetpp_s/1,1/super_hot_regions:25,0x5821d47297b8,0

620.omnetpp_s/1,1/super_hot_regions:27,0x5821d472978b,2
620.omnetpp_s/1,1/super_hot_regions:27,0x5821d4729792,0

620.omnetpp_s/1,1/super_hot_regions:35,0x75babbeaccb0,1
620.omnetpp_s/1,1/super_hot_regions:35,0x75babbeaccba,0

620.omnetpp_s/1,1/super_hot_regions:41,0x75babbeaccd4,1
620.omnetpp_s/1,1/super_hot_regions:41,0x75babbeacce1,0

620.omnetpp_s/1,1/super_hot_regions:42,0x75babbeaccd7,1
620.omnetpp_s/1,1/super_hot_regions:42,0x75babbeacced,0

620.omnetpp_s/1,1/super_hot_regions:47,0x5821d46da482,2
620.omnetpp_s/1,1/super_hot_regions:47,0x5821d46da489,0

620.omnetpp_s/1,1/super_hot_regions:58,0x75babbeae974,1
620.omnetpp_s/1,1/super_hot_regions:58,0x75babbeae97d,0
620.omnetpp_s/1,1/super_hot_regions:58,0x75babbeae981,0
620.omnetpp_s/1,1/super_hot_regions:58,0x75babbeae984,0

620.omnetpp_s/1,1/super_hot_regions:61,0x75babbaa51b4,2
620.omnetpp_s/1,1/super_hot_regions:61,0x75babbaa51b8,0

620.omnetpp_s/1,1/super_hot_regions:8,0x75babbb9897a,2
620.omnetpp_s/1,1/super_hot_regions:8,0x75babbb9897e,0
620.omnetpp_s/1,1/super_hot_regions:8,0x75babbb98982,0

620.omnetpp_s/1,1/super_hot_regions:88,0x75babbaa520e,2
620.omnetpp_s/1,1/super_hot_regions:88,0x75babbaa5213,0

620.omnetpp_s/1,1/super_hot_regions:90,0x75babbaa521f,2
620.omnetpp_s/1,1/super_hot_regions:90,0x75babbaa5225,0
620.omnetpp_s/1,1/super_hot_regions:90,0x75babbaa5229,0
620.omnetpp_s/1,1/super_hot_regions:90,0x75babbaa522c,0

620.omnetpp_s/1,1/super_hot_regions:92,0x5821d46d9dc4,3
620.omnetpp_s/1,1/super_hot_regions:92,0x5821d46d9dcb,0
620.omnetpp_s/1,1/super_hot_regions:92,0x5821d46d9dd5,0
620.omnetpp_s/1,1/super_hot_regions:92,0x5821d46d9dd8,0
620.omnetpp_s/1,1/super_hot_regions:92,0x5821d46d9dda,0
620.omnetpp_s/1,1/super_hot_regions:92,0x5821d46d9dde,0

621.wrf_s/1,1/super_hot_regions:101,0x57d804dec19a,1
621.wrf_s/1,1/super_hot_regions:101,0x57d804dec1a0,0

621.wrf_s/1,1/super_hot_regions:29,0x57d804e0d020,1
621.wrf_s/1,1/super_hot_regions:29,0x57d804e0d025,0

621.wrf_s/1,1/super_hot_regions:85,0x57d805ab1d38,1
621.wrf_s/1,1/super_hot_regions:85,0x57d805ab1d3a,0
621.wrf_s/1,1/super_hot_regions:85,0x57d805ab1d3c,0
621.wrf_s/1,1/super_hot_regions:85,0x57d805ab1d41,0

621.wrf_s/1,1/super_hot_regions:86,0x57d805ab1d4b,2
621.wrf_s/1,1/super_hot_regions:86,0x57d805ab1d4f,0
621.wrf_s/1,1/super_hot_regions:86,0x57d805ab1d51,0
621.wrf_s/1,1/super_hot_regions:86,0x57d805ab1d56,0

623.xalancbmk_s/1,1/super_hot_regions:102,0x57e5849eece4,3
623.xalancbmk_s/1,1/super_hot_regions:102,0x57e5849eeced,0
623.xalancbmk_s/1,1/super_hot_regions:102,0x57e5849eecf1,0

623.xalancbmk_s/1,1/super_hot_regions:104,0x57e5849aab88,1
623.xalancbmk_s/1,1/super_hot_regions:104,0x57e5849aab8b,0

623.xalancbmk_s/1,1/super_hot_regions:108,0x57e5849a1138,2
623.xalancbmk_s/1,1/super_hot_regions:108,0x57e5849a1148,0

623.xalancbmk_s/1,1/super_hot_regions:116,0x72d12b8a4598,2
623.xalancbmk_s/1,1/super_hot_regions:116,0x72d12b8a459c,0

623.xalancbmk_s/1,1/super_hot_regions:39,0x57e58499cef7,1
623.xalancbmk_s/1,1/super_hot_regions:39,0x57e58499cef9,0

623.xalancbmk_s/1,1/super_hot_regions:44,0x57e58499cf2a,1
623.xalancbmk_s/1,1/super_hot_regions:44,0x57e58499cf2d,0

623.xalancbmk_s/1,1/super_hot_regions:48,0x57e58499ceaa,1
623.xalancbmk_s/1,1/super_hot_regions:48,0x57e58499cead,0

623.xalancbmk_s/1,1/super_hot_regions:59,0x57e58499d0f3,2
623.xalancbmk_s/1,1/super_hot_regions:59,0x57e58499d0f7,0

623.xalancbmk_s/1,1/super_hot_regions:62,0x57e58499d10d,2
623.xalancbmk_s/1,1/super_hot_regions:62,0x57e58499d111,0

623.xalancbmk_s/1,1/super_hot_regions:65,0x57e58499d127,2
623.xalancbmk_s/1,1/super_hot_regions:65,0x57e58499d12b,0

623.xalancbmk_s/1,1/super_hot_regions:68,0x57e58499d141,2
623.xalancbmk_s/1,1/super_hot_regions:68,0x57e58499d145,0

623.xalancbmk_s/1,1/super_hot_regions:69,0x57e58499ce44,1
623.xalancbmk_s/1,1/super_hot_regions:69,0x57e58499ce47,0
623.xalancbmk_s/1,1/super_hot_regions:69,0x57e58499ce50,0

623.xalancbmk_s/1,1/super_hot_regions:70,0x57e58499ce53,1
623.xalancbmk_s/1,1/super_hot_regions:70,0x57e58499ce56,0

623.xalancbmk_s/1,1/super_hot_regions:86,0x57e5849fcd26,3
623.xalancbmk_s/1,1/super_hot_regions:86,0x57e5849fcd2d,0
623.xalancbmk_s/1,1/super_hot_regions:86,0x57e5849fcd31,0

623.xalancbmk_s/1,1/super_hot_regions:93,0x57e584a995b8,1
623.xalancbmk_s/1,1/super_hot_regions:93,0x57e584a995be,0

625.x264_s/1,1/super_hot_regions:0,0x5b5b15ecdcf1,2
625.x264_s/1,1/super_hot_regions:0,0x5b5b15ecdcf6,0

625.x264_s/1,1/super_hot_regions:101,0x5b5b15ed4193,2
625.x264_s/1,1/super_hot_regions:101,0x5b5b15ed4196,0
625.x264_s/1,1/super_hot_regions:101,0x5b5b15ed419a,0
625.x264_s/1,1/super_hot_regions:101,0x5b5b15ed419d,0
625.x264_s/1,1/super_hot_regions:101,0x5b5b15ed419f,0
625.x264_s/1,1/super_hot_regions:101,0x5b5b15ed41a2,0
625.x264_s/1,1/super_hot_regions:101,0x5b5b15ed41a9,0

625.x264_s/1,1/super_hot_regions:102,0x5b5b15ed4190,2
625.x264_s/1,1/super_hot_regions:102,0x5b5b15ed41ad,0
625.x264_s/1,1/super_hot_regions:102,0x5b5b15ed41b3,0
625.x264_s/1,1/super_hot_regions:102,0x5b5b15ed41b5,0
625.x264_s/1,1/super_hot_regions:102,0x5b5b15ed41b7,0
625.x264_s/1,1/super_hot_regions:102,0x5b5b15ed41ba,0
625.x264_s/1,1/super_hot_regions:102,0x5b5b15ed41c0,0

625.x264_s/1,1/super_hot_regions:103,0x5b5b15ed41c3,2
625.x264_s/1,1/super_hot_regions:103,0x5b5b15ed41c5,0
625.x264_s/1,1/super_hot_regions:103,0x5b5b15ed41cb,0
625.x264_s/1,1/super_hot_regions:103,0x5b5b15ed41cd,0
625.x264_s/1,1/super_hot_regions:103,0x5b5b15ed41cf,0
625.x264_s/1,1/super_hot_regions:103,0x5b5b15ed41d2,0
625.x264_s/1,1/super_hot_regions:103,0x5b5b15ed41d8,0

625.x264_s/1,1/super_hot_regions:104,0x5b5b15ed41db,2
625.x264_s/1,1/super_hot_regions:104,0x5b5b15ed41df,0
625.x264_s/1,1/super_hot_regions:104,0x5b5b15ed41e5,0
625.x264_s/1,1/super_hot_regions:104,0x5b5b15ed41e7,0
625.x264_s/1,1/super_hot_regions:104,0x5b5b15ed41e9,0
625.x264_s/1,1/super_hot_regions:104,0x5b5b15ed41ec,0
625.x264_s/1,1/super_hot_regions:104,0x5b5b15ed41f2,0

625.x264_s/1,1/super_hot_regions:105,0x5b5b15ed41f5,2
625.x264_s/1,1/super_hot_regions:105,0x5b5b15ed41f9,0
625.x264_s/1,1/super_hot_regions:105,0x5b5b15ed41ff,0
625.x264_s/1,1/super_hot_regions:105,0x5b5b15ed4201,0
625.x264_s/1,1/super_hot_regions:105,0x5b5b15ed4203,0
625.x264_s/1,1/super_hot_regions:105,0x5b5b15ed4206,0
625.x264_s/1,1/super_hot_regions:105,0x5b5b15ed420c,0

625.x264_s/1,1/super_hot_regions:106,0x5b5b15ed420f,2
625.x264_s/1,1/super_hot_regions:106,0x5b5b15ed4213,0
625.x264_s/1,1/super_hot_regions:106,0x5b5b15ed4219,0
625.x264_s/1,1/super_hot_regions:106,0x5b5b15ed421b,0
625.x264_s/1,1/super_hot_regions:106,0x5b5b15ed421d,0
625.x264_s/1,1/super_hot_regions:106,0x5b5b15ed4220,0
625.x264_s/1,1/super_hot_regions:106,0x5b5b15ed4226,0

625.x264_s/1,1/super_hot_regions:108,0x5b5b15efed74,4
625.x264_s/1,1/super_hot_regions:108,0x5b5b15efed7e,0
625.x264_s/1,1/super_hot_regions:108,0x5b5b15efed83,0
625.x264_s/1,1/super_hot_regions:108,0x5b5b15efed8d,0

625.x264_s/1,1/super_hot_regions:109,0x5b5b15efeda2,2
625.x264_s/1,1/super_hot_regions:109,0x5b5b15efeda7,0

625.x264_s/1,1/super_hot_regions:110,0x5b5b15efedac,2
625.x264_s/1,1/super_hot_regions:110,0x5b5b15efedb1,0

625.x264_s/1,1/super_hot_regions:114,0x5b5b15efd490,3
625.x264_s/1,1/super_hot_regions:114,0x5b5b15efd497,0
625.x264_s/1,1/super_hot_regions:114,0x5b5b15efd49b,0
625.x264_s/1,1/super_hot_regions:114,0x5b5b15efd49e,0
625.x264_s/1,1/super_hot_regions:114,0x5b5b15efd4a5,0
625.x264_s/1,1/super_hot_regions:114,0x5b5b15efd4a9,0
625.x264_s/1,1/super_hot_regions:114,0x5b5b15efd4ae,0
625.x264_s/1,1/super_hot_regions:114,0x5b5b15efd4b1,0
625.x264_s/1,1/super_hot_regions:114,0x5b5b15efd4b3,0

625.x264_s/1,1/super_hot_regions:115,0x5b5b15efd4b6,3
625.x264_s/1,1/super_hot_regions:115,0x5b5b15efd4bc,0
625.x264_s/1,1/super_hot_regions:115,0x5b5b15efd4c5,0
625.x264_s/1,1/super_hot_regions:115,0x5b5b15efd4c9,0
625.x264_s/1,1/super_hot_regions:115,0x5b5b15efd4cc,0
625.x264_s/1,1/super_hot_regions:115,0x5b5b15efd4d2,0
625.x264_s/1,1/super_hot_regions:115,0x5b5b15efd4d5,0
625.x264_s/1,1/super_hot_regions:115,0x5b5b15efd4d7,0
625.x264_s/1,1/super_hot_regions:115,0x5b5b15efd4dc,0
625.x264_s/1,1/super_hot_regions:115,0x5b5b15efd4de,0

625.x264_s/1,1/super_hot_regions:116,0x5b5b15efd4e9,3
625.x264_s/1,1/super_hot_regions:116,0x5b5b15efd4ed,0
625.x264_s/1,1/super_hot_regions:116,0x5b5b15efd4f1,0
625.x264_s/1,1/super_hot_regions:116,0x5b5b15efd4f4,0
625.x264_s/1,1/super_hot_regions:116,0x5b5b15efd4f8,0
625.x264_s/1,1/super_hot_regions:116,0x5b5b15efd4fd,0
625.x264_s/1,1/super_hot_regions:116,0x5b5b15efd500,0
625.x264_s/1,1/super_hot_regions:116,0x5b5b15efd502,0
625.x264_s/1,1/super_hot_regions:116,0x5b5b15efd507,0
625.x264_s/1,1/super_hot_regions:116,0x5b5b15efd509,0

625.x264_s/1,1/super_hot_regions:117,0x5b5b15efd514,3
625.x264_s/1,1/super_hot_regions:117,0x5b5b15efd518,0
625.x264_s/1,1/super_hot_regions:117,0x5b5b15efd51c,0
625.x264_s/1,1/super_hot_regions:117,0x5b5b15efd51f,0
625.x264_s/1,1/super_hot_regions:117,0x5b5b15efd523,0
625.x264_s/1,1/super_hot_regions:117,0x5b5b15efd528,0
625.x264_s/1,1/super_hot_regions:117,0x5b5b15efd52b,0
625.x264_s/1,1/super_hot_regions:117,0x5b5b15efd52d,0
625.x264_s/1,1/super_hot_regions:117,0x5b5b15efd532,0
625.x264_s/1,1/super_hot_regions:117,0x5b5b15efd534,0

625.x264_s/1,1/super_hot_regions:119,0x5b5b15efedce,3
625.x264_s/1,1/super_hot_regions:119,0x5b5b15efedd3,0
625.x264_s/1,1/super_hot_regions:119,0x5b5b15efedd6,0
625.x264_s/1,1/super_hot_regions:119,0x5b5b15efedd9,0
625.x264_s/1,1/super_hot_regions:119,0x5b5b15efeddc,0
625.x264_s/1,1/super_hot_regions:119,0x5b5b15efeddf,0

625.x264_s/1,1/super_hot_regions:121,0x5b5b15eff140,3
625.x264_s/1,1/super_hot_regions:121,0x5b5b15eff143,0
625.x264_s/1,1/super_hot_regions:121,0x5b5b15eff148,0
625.x264_s/1,1/super_hot_regions:121,0x5b5b15eff14b,0
625.x264_s/1,1/super_hot_regions:121,0x5b5b15eff14e,0
625.x264_s/1,1/super_hot_regions:121,0x5b5b15eff151,0
625.x264_s/1,1/super_hot_regions:121,0x5b5b15eff153,0

625.x264_s/1,1/super_hot_regions:122,0x5b5b15ecfb21,2
625.x264_s/1,1/super_hot_regions:122,0x5b5b15ecfb26,0

625.x264_s/1,1/super_hot_regions:125,0x5b5b15efd728,3
625.x264_s/1,1/super_hot_regions:125,0x5b5b15efd72b,0
625.x264_s/1,1/super_hot_regions:125,0x5b5b15efd730,0
625.x264_s/1,1/super_hot_regions:125,0x5b5b15efd733,0
625.x264_s/1,1/super_hot_regions:125,0x5b5b15efd736,0
625.x264_s/1,1/super_hot_regions:125,0x5b5b15efd739,0
625.x264_s/1,1/super_hot_regions:125,0x5b5b15efd73b,0

625.x264_s/1,1/super_hot_regions:126,0x5b5b15efe7ab,1
625.x264_s/1,1/super_hot_regions:126,0x5b5b15efe7ae,0

625.x264_s/1,1/super_hot_regions:13,0x5b5b15ecd210,3
625.x264_s/1,1/super_hot_regions:13,0x5b5b15ecd214,0
625.x264_s/1,1/super_hot_regions:13,0x5b5b15ecd217,0
625.x264_s/1,1/super_hot_regions:13,0x5b5b15ecd21a,0
625.x264_s/1,1/super_hot_regions:13,0x5b5b15ecd21e,0
625.x264_s/1,1/super_hot_regions:13,0x5b5b15ecd225,0
625.x264_s/1,1/super_hot_regions:13,0x5b5b15ecd228,0
625.x264_s/1,1/super_hot_regions:13,0x5b5b15ecd22b,0
625.x264_s/1,1/super_hot_regions:13,0x5b5b15ecd22f,0

625.x264_s/1,1/super_hot_regions:133,0x5b5b15ecfaeb,1
625.x264_s/1,1/super_hot_regions:133,0x5b5b15ecfaf4,0

625.x264_s/1,1/super_hot_regions:142,0x5b5b15efee2a,2
625.x264_s/1,1/super_hot_regions:142,0x5b5b15efee2e,0

625.x264_s/1,1/super_hot_regions:143,0x5b5b15efee33,2
625.x264_s/1,1/super_hot_regions:143,0x5b5b15efee50,0

625.x264_s/1,1/super_hot_regions:144,0x5b5b15efee76,2
625.x264_s/1,1/super_hot_regions:144,0x5b5b15efee82,0
625.x264_s/1,1/super_hot_regions:144,0x5b5b15efee89,0

625.x264_s/1,1/super_hot_regions:149,0x5b5b15efeebd,3
625.x264_s/1,1/super_hot_regions:149,0x5b5b15efeec4,0
625.x264_s/1,1/super_hot_regions:149,0x5b5b15efeec8,0
625.x264_s/1,1/super_hot_regions:149,0x5b5b15efeecb,0
625.x264_s/1,1/super_hot_regions:149,0x5b5b15efeed2,0
625.x264_s/1,1/super_hot_regions:149,0x5b5b15efeed6,0
625.x264_s/1,1/super_hot_regions:149,0x5b5b15efeedb,0
625.x264_s/1,1/super_hot_regions:149,0x5b5b15efeede,0
625.x264_s/1,1/super_hot_regions:149,0x5b5b15efeee0,0

625.x264_s/1,1/super_hot_regions:150,0x5b5b15efeee3,3
625.x264_s/1,1/super_hot_regions:150,0x5b5b15efeee9,0
625.x264_s/1,1/super_hot_regions:150,0x5b5b15efeef2,0
625.x264_s/1,1/super_hot_regions:150,0x5b5b15efeef6,0
625.x264_s/1,1/super_hot_regions:150,0x5b5b15efeef9,0
625.x264_s/1,1/super_hot_regions:150,0x5b5b15efeeff,0
625.x264_s/1,1/super_hot_regions:150,0x5b5b15efef02,0
625.x264_s/1,1/super_hot_regions:150,0x5b5b15efef04,0
625.x264_s/1,1/super_hot_regions:150,0x5b5b15efef09,0
625.x264_s/1,1/super_hot_regions:150,0x5b5b15efef0b,0

625.x264_s/1,1/super_hot_regions:151,0x5b5b15efef16,3
625.x264_s/1,1/super_hot_regions:151,0x5b5b15efef1a,0
625.x264_s/1,1/super_hot_regions:151,0x5b5b15efef1e,0
625.x264_s/1,1/super_hot_regions:151,0x5b5b15efef21,0
625.x264_s/1,1/super_hot_regions:151,0x5b5b15efef25,0
625.x264_s/1,1/super_hot_regions:151,0x5b5b15efef2a,0
625.x264_s/1,1/super_hot_regions:151,0x5b5b15efef2d,0
625.x264_s/1,1/super_hot_regions:151,0x5b5b15efef2f,0
625.x264_s/1,1/super_hot_regions:151,0x5b5b15efef34,0
625.x264_s/1,1/super_hot_regions:151,0x5b5b15efef36,0

625.x264_s/1,1/super_hot_regions:152,0x5b5b15efef41,3
625.x264_s/1,1/super_hot_regions:152,0x5b5b15efef45,0
625.x264_s/1,1/super_hot_regions:152,0x5b5b15efef49,0
625.x264_s/1,1/super_hot_regions:152,0x5b5b15efef4c,0
625.x264_s/1,1/super_hot_regions:152,0x5b5b15efef50,0
625.x264_s/1,1/super_hot_regions:152,0x5b5b15efef55,0
625.x264_s/1,1/super_hot_regions:152,0x5b5b15efef58,0
625.x264_s/1,1/super_hot_regions:152,0x5b5b15efef5a,0
625.x264_s/1,1/super_hot_regions:152,0x5b5b15efef5f,0
625.x264_s/1,1/super_hot_regions:152,0x5b5b15efef61,0

625.x264_s/1,1/super_hot_regions:155,0x5b5b15efd3a1,3
625.x264_s/1,1/super_hot_regions:155,0x5b5b15efd3a6,0
625.x264_s/1,1/super_hot_regions:155,0x5b5b15efd3a9,0
625.x264_s/1,1/super_hot_regions:155,0x5b5b15efd3ac,0
625.x264_s/1,1/super_hot_regions:155,0x5b5b15efd3af,0
625.x264_s/1,1/super_hot_regions:155,0x5b5b15efd3b2,0

625.x264_s/1,1/super_hot_regions:157,0x5b5b15f20cc1,2
625.x264_s/1,1/super_hot_regions:157,0x5b5b15f20cc4,0
625.x264_s/1,1/super_hot_regions:157,0x5b5b15f20cc8,0
625.x264_s/1,1/super_hot_regions:157,0x5b5b15f20cd2,0
625.x264_s/1,1/super_hot_regions:157,0x5b5b15f20cd5,0
625.x264_s/1,1/super_hot_regions:157,0x5b5b15f20cd8,0

625.x264_s/1,1/super_hot_regions:159,0x5b5b15f20d21,2
625.x264_s/1,1/super_hot_regions:159,0x5b5b15f20d29,0

625.x264_s/1,1/super_hot_regions:160,0x5b5b15f20daa,2
625.x264_s/1,1/super_hot_regions:160,0x5b5b15f20db2,0
625.x264_s/1,1/super_hot_regions:160,0x5b5b15f20db5,0

625.x264_s/1,1/super_hot_regions:161,0x5b5b15f20d2c,15
625.x264_s/1,1/super_hot_regions:161,0x5b5b15f20d30,0
625.x264_s/1,1/super_hot_regions:161,0x5b5b15f20d38,0
625.x264_s/1,1/super_hot_regions:161,0x5b5b15f20d3b,0
625.x264_s/1,1/super_hot_regions:161,0x5b5b15f20d3e,0
625.x264_s/1,1/super_hot_regions:161,0x5b5b15f20d45,0
625.x264_s/1,1/super_hot_regions:161,0x5b5b15f20d47,0
625.x264_s/1,1/super_hot_regions:161,0x5b5b15f20d4d,0
625.x264_s/1,1/super_hot_regions:161,0x5b5b15f20d53,0
625.x264_s/1,1/super_hot_regions:161,0x5b5b15f20d5b,0
625.x264_s/1,1/super_hot_regions:161,0x5b5b15f20d5e,0
625.x264_s/1,1/super_hot_regions:161,0x5b5b15f20d63,0
625.x264_s/1,1/super_hot_regions:161,0x5b5b15f20d66,0
625.x264_s/1,1/super_hot_regions:161,0x5b5b15f20d69,0
625.x264_s/1,1/super_hot_regions:161,0x5b5b15f20d6b,0
625.x264_s/1,1/super_hot_regions:161,0x5b5b15f20d79,0
625.x264_s/1,1/super_hot_regions:161,0x5b5b15f20d7f,0
625.x264_s/1,1/super_hot_regions:161,0x5b5b15f20d82,0
625.x264_s/1,1/super_hot_regions:161,0x5b5b15f20d86,0
625.x264_s/1,1/super_hot_regions:161,0x5b5b15f20d8e,0
625.x264_s/1,1/super_hot_regions:161,0x5b5b15f20d91,0
625.x264_s/1,1/super_hot_regions:161,0x5b5b15f20d95,0
625.x264_s/1,1/super_hot_regions:161,0x5b5b15f20d99,0
625.x264_s/1,1/super_hot_regions:161,0x5b5b15f20d9c,0
625.x264_s/1,1/super_hot_regions:161,0x5b5b15f20d9e,0
625.x264_s/1,1/super_hot_regions:161,0x5b5b15f20da4,0
625.x264_s/1,1/super_hot_regions:161,0x5b5b15f20db9,0
625.x264_s/1,1/super_hot_regions:161,0x5b5b15f20dbd,0
625.x264_s/1,1/super_hot_regions:161,0x5b5b15f20dbf,0
625.x264_s/1,1/super_hot_regions:161,0x5b5b15f20dc2,0
625.x264_s/1,1/super_hot_regions:161,0x5b5b15f20dc5,0
625.x264_s/1,1/super_hot_regions:161,0x5b5b15f20dcb,0
625.x264_s/1,1/super_hot_regions:161,0x5b5b15f20dcd,0
625.x264_s/1,1/super_hot_regions:161,0x5b5b15f20dd0,0
625.x264_s/1,1/super_hot_regions:161,0x5b5b15f20dd3,0
625.x264_s/1,1/super_hot_regions:161,0x5b5b15f20dd6,0
625.x264_s/1,1/super_hot_regions:161,0x5b5b15f20dd8,0
625.x264_s/1,1/super_hot_regions:161,0x5b5b15f20ddb,0
625.x264_s/1,1/super_hot_regions:161,0x5b5b15f20de1,0
625.x264_s/1,1/super_hot_regions:161,0x5b5b15f20de4,0
625.x264_s/1,1/super_hot_regions:161,0x5b5b15f20de7,0
625.x264_s/1,1/super_hot_regions:161,0x5b5b15f20de9,0
625.x264_s/1,1/super_hot_regions:161,0x5b5b15f20dee,0
625.x264_s/1,1/super_hot_regions:161,0x5b5b15f20df1,0

625.x264_s/1,1/super_hot_regions:164,0x5b5b15eece4b,2
625.x264_s/1,1/super_hot_regions:164,0x5b5b15eece4f,0

625.x264_s/1,1/super_hot_regions:165,0x5b5b15eece64,2
625.x264_s/1,1/super_hot_regions:165,0x5b5b15eece6b,0

625.x264_s/1,1/super_hot_regions:170,0x5b5b15ec9110,4
625.x264_s/1,1/super_hot_regions:170,0x5b5b15ec9113,0
625.x264_s/1,1/super_hot_regions:170,0x5b5b15ec9118,0
625.x264_s/1,1/super_hot_regions:170,0x5b5b15ec911c,0
625.x264_s/1,1/super_hot_regions:170,0x5b5b15ec911f,0
625.x264_s/1,1/super_hot_regions:170,0x5b5b15ec9122,0
625.x264_s/1,1/super_hot_regions:170,0x5b5b15ec9126,0
625.x264_s/1,1/super_hot_regions:170,0x5b5b15ec912c,0

625.x264_s/1,1/super_hot_regions:171,0x5b5b15ec9132,4
625.x264_s/1,1/super_hot_regions:171,0x5b5b15ec9136,0
625.x264_s/1,1/super_hot_regions:171,0x5b5b15ec913b,0
625.x264_s/1,1/super_hot_regions:171,0x5b5b15ec913f,0
625.x264_s/1,1/super_hot_regions:171,0x5b5b15ec9142,0
625.x264_s/1,1/super_hot_regions:171,0x5b5b15ec9145,0
625.x264_s/1,1/super_hot_regions:171,0x5b5b15ec9149,0
625.x264_s/1,1/super_hot_regions:171,0x5b5b15ec914f,0

625.x264_s/1,1/super_hot_regions:172,0x5b5b15ec9156,4
625.x264_s/1,1/super_hot_regions:172,0x5b5b15ec915a,0
625.x264_s/1,1/super_hot_regions:172,0x5b5b15ec915f,0
625.x264_s/1,1/super_hot_regions:172,0x5b5b15ec9163,0
625.x264_s/1,1/super_hot_regions:172,0x5b5b15ec9166,0
625.x264_s/1,1/super_hot_regions:172,0x5b5b15ec9169,0
625.x264_s/1,1/super_hot_regions:172,0x5b5b15ec916d,0
625.x264_s/1,1/super_hot_regions:172,0x5b5b15ec9173,0

625.x264_s/1,1/super_hot_regions:173,0x5b5b15ec917a,4
625.x264_s/1,1/super_hot_regions:173,0x5b5b15ec917e,0
625.x264_s/1,1/super_hot_regions:173,0x5b5b15ec9183,0
625.x264_s/1,1/super_hot_regions:173,0x5b5b15ec9187,0
625.x264_s/1,1/super_hot_regions:173,0x5b5b15ec918a,0
625.x264_s/1,1/super_hot_regions:173,0x5b5b15ec918d,0
625.x264_s/1,1/super_hot_regions:173,0x5b5b15ec9191,0
625.x264_s/1,1/super_hot_regions:173,0x5b5b15ec9197,0

625.x264_s/1,1/super_hot_regions:174,0x5b5b15ec919e,4
625.x264_s/1,1/super_hot_regions:174,0x5b5b15ec91a2,0
625.x264_s/1,1/super_hot_regions:174,0x5b5b15ec91a7,0
625.x264_s/1,1/super_hot_regions:174,0x5b5b15ec91ab,0
625.x264_s/1,1/super_hot_regions:174,0x5b5b15ec91ae,0
625.x264_s/1,1/super_hot_regions:174,0x5b5b15ec91b1,0
625.x264_s/1,1/super_hot_regions:174,0x5b5b15ec91b5,0
625.x264_s/1,1/super_hot_regions:174,0x5b5b15ec91bb,0

625.x264_s/1,1/super_hot_regions:175,0x5b5b15ec91c2,4
625.x264_s/1,1/super_hot_regions:175,0x5b5b15ec91c6,0
625.x264_s/1,1/super_hot_regions:175,0x5b5b15ec91cb,0
625.x264_s/1,1/super_hot_regions:175,0x5b5b15ec91cf,0
625.x264_s/1,1/super_hot_regions:175,0x5b5b15ec91d2,0
625.x264_s/1,1/super_hot_regions:175,0x5b5b15ec91d5,0
625.x264_s/1,1/super_hot_regions:175,0x5b5b15ec91d9,0
625.x264_s/1,1/super_hot_regions:175,0x5b5b15ec91df,0

625.x264_s/1,1/super_hot_regions:176,0x5b5b15ec91e6,4
625.x264_s/1,1/super_hot_regions:176,0x5b5b15ec91ea,0
625.x264_s/1,1/super_hot_regions:176,0x5b5b15ec91ef,0
625.x264_s/1,1/super_hot_regions:176,0x5b5b15ec91f3,0
625.x264_s/1,1/super_hot_regions:176,0x5b5b15ec91f6,0
625.x264_s/1,1/super_hot_regions:176,0x5b5b15ec91f9,0
625.x264_s/1,1/super_hot_regions:176,0x5b5b15ec91fd,0
625.x264_s/1,1/super_hot_regions:176,0x5b5b15ec9203,0

625.x264_s/1,1/super_hot_regions:18,0x5b5b15ec8148,2
625.x264_s/1,1/super_hot_regions:18,0x5b5b15ec814d,0

625.x264_s/1,1/super_hot_regions:185,0x5b5b15ef8376,2
625.x264_s/1,1/super_hot_regions:185,0x5b5b15ef8385,0

625.x264_s/1,1/super_hot_regions:190,0x5b5b15eca195,1
625.x264_s/1,1/super_hot_regions:190,0x5b5b15eca1a8,0

625.x264_s/1,1/super_hot_regions:2,0x5b5b15ec7760,4
625.x264_s/1,1/super_hot_regions:2,0x5b5b15ec7764,0
625.x264_s/1,1/super_hot_regions:2,0x5b5b15ec776a,0
625.x264_s/1,1/super_hot_regions:2,0x5b5b15ec776e,0
625.x264_s/1,1/super_hot_regions:2,0x5b5b15ec7772,0
625.x264_s/1,1/super_hot_regions:2,0x5b5b15ec7775,0
625.x264_s/1,1/super_hot_regions:2,0x5b5b15ec777a,0
625.x264_s/1,1/super_hot_regions:2,0x5b5b15ec777e,0

625.x264_s/1,1/super_hot_regions:21,0x5b5b15eccd00,1
625.x264_s/1,1/super_hot_regions:21,0x5b5b15eccd0c,0
625.x264_s/1,1/super_hot_regions:21,0x5b5b15eccd10,0

625.x264_s/1,1/super_hot_regions:22,0x5b5b15ecccb8,3
625.x264_s/1,1/super_hot_regions:22,0x5b5b15ecccc0,0
625.x264_s/1,1/super_hot_regions:22,0x5b5b15ecccc3,0
625.x264_s/1,1/super_hot_regions:22,0x5b5b15ecccd2,0
625.x264_s/1,1/super_hot_regions:22,0x5b5b15ecccd6,0
625.x264_s/1,1/super_hot_regions:22,0x5b5b15eccce2,0
625.x264_s/1,1/super_hot_regions:22,0x5b5b15eccd09,0
625.x264_s/1,1/super_hot_regions:22,0x5b5b15eccd14,0
625.x264_s/1,1/super_hot_regions:22,0x5b5b15eccd1d,0
625.x264_s/1,1/super_hot_regions:22,0x5b5b15eccd20,0
625.x264_s/1,1/super_hot_regions:22,0x5b5b15eccd23,0
625.x264_s/1,1/super_hot_regions:22,0x5b5b15eccd26,0

625.x264_s/1,1/super_hot_regions:3,0x5b5b15ec7781,2
625.x264_s/1,1/super_hot_regions:3,0x5b5b15ec7787,0

625.x264_s/1,1/super_hot_regions:30,0x5b5b15ed8180,2
625.x264_s/1,1/super_hot_regions:30,0x5b5b15ed8188,0

625.x264_s/1,1/super_hot_regions:31,0x5b5b15ed818f,2
625.x264_s/1,1/super_hot_regions:31,0x5b5b15ed8197,0

625.x264_s/1,1/super_hot_regions:34,0x5b5b15ec7722,2
625.x264_s/1,1/super_hot_regions:34,0x5b5b15ec772c,0
625.x264_s/1,1/super_hot_regions:34,0x5b5b15ec7733,0

625.x264_s/1,1/super_hot_regions:36,0x5b5b15eca1d8,2
625.x264_s/1,1/super_hot_regions:36,0x5b5b15eca1dd,0

625.x264_s/1,1/super_hot_regions:37,0x5b5b15eca1ec,2
625.x264_s/1,1/super_hot_regions:37,0x5b5b15eca1f1,0

625.x264_s/1,1/super_hot_regions:38,0x5b5b15eca201,2
625.x264_s/1,1/super_hot_regions:38,0x5b5b15eca206,0

625.x264_s/1,1/super_hot_regions:39,0x5b5b15eca216,2
625.x264_s/1,1/super_hot_regions:39,0x5b5b15eca21b,0

625.x264_s/1,1/super_hot_regions:4,0x5b5b15ec778b,2
625.x264_s/1,1/super_hot_regions:4,0x5b5b15ec7790,0

625.x264_s/1,1/super_hot_regions:40,0x5b5b15eca22b,2
625.x264_s/1,1/super_hot_regions:40,0x5b5b15eca230,0

625.x264_s/1,1/super_hot_regions:41,0x5b5b15eca240,2
625.x264_s/1,1/super_hot_regions:41,0x5b5b15eca245,0

625.x264_s/1,1/super_hot_regions:42,0x5b5b15eca255,2
625.x264_s/1,1/super_hot_regions:42,0x5b5b15eca25a,0

625.x264_s/1,1/super_hot_regions:43,0x5b5b15eca26c,2
625.x264_s/1,1/super_hot_regions:43,0x5b5b15eca271,0

625.x264_s/1,1/super_hot_regions:48,0x5b5b15ec74d0,1
625.x264_s/1,1/super_hot_regions:48,0x5b5b15ec74d3,0
625.x264_s/1,1/super_hot_regions:48,0x5b5b15ec74d6,0
625.x264_s/1,1/super_hot_regions:48,0x5b5b15ec74da,0

625.x264_s/1,1/super_hot_regions:49,0x5b5b15ec74de,1
625.x264_s/1,1/super_hot_regions:49,0x5b5b15ec74e3,0

625.x264_s/1,1/super_hot_regions:52,0x5b5b15eece11,2
625.x264_s/1,1/super_hot_regions:52,0x5b5b15eece15,0

625.x264_s/1,1/super_hot_regions:55,0x5b5b15ecd1a6,1
625.x264_s/1,1/super_hot_regions:55,0x5b5b15ecd1aa,0

625.x264_s/1,1/super_hot_regions:56,0x5b5b15ecd198,3
625.x264_s/1,1/super_hot_regions:56,0x5b5b15ecd19f,0
625.x264_s/1,1/super_hot_regions:56,0x5b5b15ecd1b7,0
625.x264_s/1,1/super_hot_regions:56,0x5b5b15ecd1ba,0

625.x264_s/1,1/super_hot_regions:57,0x5b5b15ecd1ae,2
625.x264_s/1,1/super_hot_regions:57,0x5b5b15ecd1be,0

625.x264_s/1,1/super_hot_regions:59,0x5b5b15ecd1c9,1
625.x264_s/1,1/super_hot_regions:59,0x5b5b15ecd1cc,0

625.x264_s/1,1/super_hot_regions:61,0x5b5b15ecd1de,1
625.x264_s/1,1/super_hot_regions:61,0x5b5b15ecd1e0,0

625.x264_s/1,1/super_hot_regions:62,0x5b5b15ecd1d9,1
625.x264_s/1,1/super_hot_regions:62,0x5b5b15ecd1db,0
625.x264_s/1,1/super_hot_regions:62,0x5b5b15ecd1e3,0
625.x264_s/1,1/super_hot_regions:62,0x5b5b15ecd1e7,0
625.x264_s/1,1/super_hot_regions:62,0x5b5b15ecd1ed,0

625.x264_s/1,1/super_hot_regions:63,0x5b5b15ecd1f1,1
625.x264_s/1,1/super_hot_regions:63,0x5b5b15ecd200,0

625.x264_s/1,1/super_hot_regions:64,0x5b5b15ecd1f4,1
625.x264_s/1,1/super_hot_regions:64,0x5b5b15ecd204,0

625.x264_s/1,1/super_hot_regions:65,0x5b5b15ecd1f7,3
625.x264_s/1,1/super_hot_regions:65,0x5b5b15ecd210,0
625.x264_s/1,1/super_hot_regions:65,0x5b5b15ecd214,0
625.x264_s/1,1/super_hot_regions:65,0x5b5b15ecd217,0
625.x264_s/1,1/super_hot_regions:65,0x5b5b15ecd21a,0
625.x264_s/1,1/super_hot_regions:65,0x5b5b15ecd21e,0
625.x264_s/1,1/super_hot_regions:65,0x5b5b15ecd222,0
625.x264_s/1,1/super_hot_regions:65,0x5b5b15ecd225,0
625.x264_s/1,1/super_hot_regions:65,0x5b5b15ecd228,0
625.x264_s/1,1/super_hot_regions:65,0x5b5b15ecd22b,0
625.x264_s/1,1/super_hot_regions:65,0x5b5b15ecd22f,0

625.x264_s/1,1/super_hot_regions:7,0x5b5b15ec65e8,2
625.x264_s/1,1/super_hot_regions:7,0x5b5b15ec65ed,0
625.x264_s/1,1/super_hot_regions:7,0x5b5b15ec65f8,0

625.x264_s/1,1/super_hot_regions:75,0x5b5b15efd344,4
625.x264_s/1,1/super_hot_regions:75,0x5b5b15efd34e,0
625.x264_s/1,1/super_hot_regions:75,0x5b5b15efd353,0
625.x264_s/1,1/super_hot_regions:75,0x5b5b15efd360,0

625.x264_s/1,1/super_hot_regions:76,0x5b5b15efd375,2
625.x264_s/1,1/super_hot_regions:76,0x5b5b15efd37a,0

625.x264_s/1,1/super_hot_regions:77,0x5b5b15efd37f,2
625.x264_s/1,1/super_hot_regions:77,0x5b5b15efd384,0

625.x264_s/1,1/super_hot_regions:8,0x5b5b15ec65f3,3
625.x264_s/1,1/super_hot_regions:8,0x5b5b15ec65fb,0
625.x264_s/1,1/super_hot_regions:8,0x5b5b15ec65ff,0
625.x264_s/1,1/super_hot_regions:8,0x5b5b15ec6604,0
625.x264_s/1,1/super_hot_regions:8,0x5b5b15ec6607,0

625.x264_s/1,1/super_hot_regions:82,0x5b5b15eece4b,2
625.x264_s/1,1/super_hot_regions:82,0x5b5b15eece4f,0

625.x264_s/1,1/super_hot_regions:83,0x5b5b15eece5c,1
625.x264_s/1,1/super_hot_regions:83,0x5b5b15eece5e,0
625.x264_s/1,1/super_hot_regions:83,0x5b5b15eece61,0

625.x264_s/1,1/super_hot_regions:86,0x5b5b15f385ae,2
625.x264_s/1,1/super_hot_regions:86,0x5b5b15f385bc,0

625.x264_s/1,1/super_hot_regions:87,0x5b5b15f385b5,2
625.x264_s/1,1/super_hot_regions:87,0x5b5b15f385bf,0

625.x264_s/1,1/super_hot_regions:9,0x5b5b15ec660a,2
625.x264_s/1,1/super_hot_regions:9,0x5b5b15ec660f,0
625.x264_s/1,1/super_hot_regions:9,0x5b5b15ec6614,0

625.x264_s/1,1/super_hot_regions:96,0x5b5b15efd3fd,2
625.x264_s/1,1/super_hot_regions:96,0x5b5b15efd401,0

625.x264_s/1,1/super_hot_regions:97,0x5b5b15efd406,2
625.x264_s/1,1/super_hot_regions:97,0x5b5b15efd423,0

625.x264_s/1,1/super_hot_regions:98,0x5b5b15efd449,2
625.x264_s/1,1/super_hot_regions:98,0x5b5b15efd455,0
625.x264_s/1,1/super_hot_regions:98,0x5b5b15efd45c,0

625.x264_s/2,2/super_hot_regions:0,0x577f79d8ecf1,2
625.x264_s/2,2/super_hot_regions:0,0x577f79d8ecf6,0

625.x264_s/2,2/super_hot_regions:104,0x577f79d99180,2
625.x264_s/2,2/super_hot_regions:104,0x577f79d99188,0

625.x264_s/2,2/super_hot_regions:105,0x577f79d9918f,2
625.x264_s/2,2/super_hot_regions:105,0x577f79d99197,0

625.x264_s/2,2/super_hot_regions:110,0x577f79d8f4fd,1
625.x264_s/2,2/super_hot_regions:110,0x577f79d8f500,0

625.x264_s/2,2/super_hot_regions:117,0x577f79d98ec6,2
625.x264_s/2,2/super_hot_regions:117,0x577f79d98ece,0
625.x264_s/2,2/super_hot_regions:117,0x577f79d98ed5,0

625.x264_s/2,2/super_hot_regions:118,0x577f79d98eda,2
625.x264_s/2,2/super_hot_regions:118,0x577f79d98ee2,0
625.x264_s/2,2/super_hot_regions:118,0x577f79d98eef,0

625.x264_s/2,2/super_hot_regions:119,0x577f79d98ed0,2
625.x264_s/2,2/super_hot_regions:119,0x577f79d98ee9,0
625.x264_s/2,2/super_hot_regions:119,0x577f79d98efa,0

625.x264_s/2,2/super_hot_regions:120,0x577f79d98ee5,2
625.x264_s/2,2/super_hot_regions:120,0x577f79d98eec,0
625.x264_s/2,2/super_hot_regions:120,0x577f79d98eff,0

625.x264_s/2,2/super_hot_regions:121,0x577f79d98f9c,2
625.x264_s/2,2/super_hot_regions:121,0x577f79d98fa4,0

625.x264_s/2,2/super_hot_regions:122,0x577f79d98fa7,2
625.x264_s/2,2/super_hot_regions:122,0x577f79d98faf,0

625.x264_s/2,2/super_hot_regions:123,0x577f79d98fb6,2
625.x264_s/2,2/super_hot_regions:123,0x577f79d98fbe,0

625.x264_s/2,2/super_hot_regions:124,0x577f79d98fd0,2
625.x264_s/2,2/super_hot_regions:124,0x577f79d98fd4,0
625.x264_s/2,2/super_hot_regions:124,0x577f79d98fd7,0

625.x264_s/2,2/super_hot_regions:125,0x577f79d98fde,2
625.x264_s/2,2/super_hot_regions:125,0x577f79d98fe2,0
625.x264_s/2,2/super_hot_regions:125,0x577f79d98fe5,0

625.x264_s/2,2/super_hot_regions:126,0x577f79d98f58,2
625.x264_s/2,2/super_hot_regions:126,0x577f79d98f65,0

625.x264_s/2,2/super_hot_regions:127,0x577f79d98f61,2
625.x264_s/2,2/super_hot_regions:127,0x577f79d98f6c,0

625.x264_s/2,2/super_hot_regions:128,0x577f79d98f5d,2
625.x264_s/2,2/super_hot_regions:128,0x577f79d98f72,0

625.x264_s/2,2/super_hot_regions:129,0x577f79d98ff7,2
625.x264_s/2,2/super_hot_regions:129,0x577f79d99002,0
625.x264_s/2,2/super_hot_regions:129,0x577f79d99005,0

625.x264_s/2,2/super_hot_regions:131,0x577f79d8b1d8,2
625.x264_s/2,2/super_hot_regions:131,0x577f79d8b1dd,0

625.x264_s/2,2/super_hot_regions:132,0x577f79d8b1ec,2
625.x264_s/2,2/super_hot_regions:132,0x577f79d8b1f1,0

625.x264_s/2,2/super_hot_regions:133,0x577f79d8b201,2
625.x264_s/2,2/super_hot_regions:133,0x577f79d8b206,0

625.x264_s/2,2/super_hot_regions:134,0x577f79d8b216,2
625.x264_s/2,2/super_hot_regions:134,0x577f79d8b21b,0

625.x264_s/2,2/super_hot_regions:135,0x577f79d8b22b,2
625.x264_s/2,2/super_hot_regions:135,0x577f79d8b230,0

625.x264_s/2,2/super_hot_regions:136,0x577f79d8b240,2
625.x264_s/2,2/super_hot_regions:136,0x577f79d8b245,0

625.x264_s/2,2/super_hot_regions:137,0x577f79d8b255,2
625.x264_s/2,2/super_hot_regions:137,0x577f79d8b25a,0

625.x264_s/2,2/super_hot_regions:138,0x577f79d8b26c,2
625.x264_s/2,2/super_hot_regions:138,0x577f79d8b271,0

625.x264_s/2,2/super_hot_regions:140,0x577f79dc0c89,2
625.x264_s/2,2/super_hot_regions:140,0x577f79dc0c97,0

625.x264_s/2,2/super_hot_regions:143,0x577f79dade11,2
625.x264_s/2,2/super_hot_regions:143,0x577f79dade15,0

625.x264_s/2,2/super_hot_regions:16,0x577f79d88722,2
625.x264_s/2,2/super_hot_regions:16,0x577f79d8872c,0
625.x264_s/2,2/super_hot_regions:16,0x577f79d88733,0

625.x264_s/2,2/super_hot_regions:162,0x577f79d99e18,2
625.x264_s/2,2/super_hot_regions:162,0x577f79d99e1b,0
625.x264_s/2,2/super_hot_regions:162,0x577f79d99e1f,0
625.x264_s/2,2/super_hot_regions:162,0x577f79d99e22,0

625.x264_s/2,2/super_hot_regions:169,0x577f79de105e,3
625.x264_s/2,2/super_hot_regions:169,0x577f79de1064,0
625.x264_s/2,2/super_hot_regions:169,0x577f79de1067,0
625.x264_s/2,2/super_hot_regions:169,0x577f79de106d,0
625.x264_s/2,2/super_hot_regions:169,0x577f79de1071,0
625.x264_s/2,2/super_hot_regions:169,0x577f79de1078,0
625.x264_s/2,2/super_hot_regions:169,0x577f79de107c,0
625.x264_s/2,2/super_hot_regions:169,0x577f79de107f,0
625.x264_s/2,2/super_hot_regions:169,0x577f79de1081,0
625.x264_s/2,2/super_hot_regions:169,0x577f79de1085,0
625.x264_s/2,2/super_hot_regions:169,0x577f79de108f,0
625.x264_s/2,2/super_hot_regions:169,0x577f79de10d1,0
625.x264_s/2,2/super_hot_regions:169,0x577f79de10d8,0

625.x264_s/2,2/super_hot_regions:173,0x577f79dc0c32,1
625.x264_s/2,2/super_hot_regions:173,0x577f79dc0c35,0
625.x264_s/2,2/super_hot_regions:173,0x577f79dc0c3c,0
625.x264_s/2,2/super_hot_regions:173,0x577f79dc0c3f,0

625.x264_s/2,2/super_hot_regions:174,0x577f79dc0c2a,2
625.x264_s/2,2/super_hot_regions:174,0x577f79dc0c50,0

625.x264_s/2,2/super_hot_regions:177,0x577f79dade4b,2
625.x264_s/2,2/super_hot_regions:177,0x577f79dade4f,0

625.x264_s/2,2/super_hot_regions:178,0x577f79dade5c,1
625.x264_s/2,2/super_hot_regions:178,0x577f79dade5e,0
625.x264_s/2,2/super_hot_regions:178,0x577f79dade61,0

625.x264_s/2,2/super_hot_regions:182,0x577f79d89840,4
625.x264_s/2,2/super_hot_regions:182,0x577f79d89843,0
625.x264_s/2,2/super_hot_regions:182,0x577f79d89848,0
625.x264_s/2,2/super_hot_regions:182,0x577f79d8984c,0
625.x264_s/2,2/super_hot_regions:182,0x577f79d8984f,0
625.x264_s/2,2/super_hot_regions:182,0x577f79d89852,0
625.x264_s/2,2/super_hot_regions:182,0x577f79d89856,0
625.x264_s/2,2/super_hot_regions:182,0x577f79d8985c,0

625.x264_s/2,2/super_hot_regions:183,0x577f79d89862,4
625.x264_s/2,2/super_hot_regions:183,0x577f79d89866,0
625.x264_s/2,2/super_hot_regions:183,0x577f79d8986b,0
625.x264_s/2,2/super_hot_regions:183,0x577f79d8986f,0
625.x264_s/2,2/super_hot_regions:183,0x577f79d89872,0
625.x264_s/2,2/super_hot_regions:183,0x577f79d89875,0
625.x264_s/2,2/super_hot_regions:183,0x577f79d89879,0
625.x264_s/2,2/super_hot_regions:183,0x577f79d8987f,0

625.x264_s/2,2/super_hot_regions:184,0x577f79d89886,4
625.x264_s/2,2/super_hot_regions:184,0x577f79d8988a,0
625.x264_s/2,2/super_hot_regions:184,0x577f79d8988f,0
625.x264_s/2,2/super_hot_regions:184,0x577f79d89893,0
625.x264_s/2,2/super_hot_regions:184,0x577f79d89896,0
625.x264_s/2,2/super_hot_regions:184,0x577f79d89899,0
625.x264_s/2,2/super_hot_regions:184,0x577f79d8989d,0
625.x264_s/2,2/super_hot_regions:184,0x577f79d898a3,0

625.x264_s/2,2/super_hot_regions:185,0x577f79d898aa,4
625.x264_s/2,2/super_hot_regions:185,0x577f79d898ae,0
625.x264_s/2,2/super_hot_regions:185,0x577f79d898b3,0
625.x264_s/2,2/super_hot_regions:185,0x577f79d898b7,0
625.x264_s/2,2/super_hot_regions:185,0x577f79d898ba,0
625.x264_s/2,2/super_hot_regions:185,0x577f79d898bd,0
625.x264_s/2,2/super_hot_regions:185,0x577f79d898c1,0
625.x264_s/2,2/super_hot_regions:185,0x577f79d898c7,0

625.x264_s/2,2/super_hot_regions:186,0x577f79d898ce,4
625.x264_s/2,2/super_hot_regions:186,0x577f79d898d2,0
625.x264_s/2,2/super_hot_regions:186,0x577f79d898d7,0
625.x264_s/2,2/super_hot_regions:186,0x577f79d898db,0
625.x264_s/2,2/super_hot_regions:186,0x577f79d898de,0
625.x264_s/2,2/super_hot_regions:186,0x577f79d898e1,0
625.x264_s/2,2/super_hot_regions:186,0x577f79d898e5,0
625.x264_s/2,2/super_hot_regions:186,0x577f79d898eb,0

625.x264_s/2,2/super_hot_regions:187,0x577f79d898f2,4
625.x264_s/2,2/super_hot_regions:187,0x577f79d898f6,0
625.x264_s/2,2/super_hot_regions:187,0x577f79d898fb,0
625.x264_s/2,2/super_hot_regions:187,0x577f79d898ff,0
625.x264_s/2,2/super_hot_regions:187,0x577f79d89902,0
625.x264_s/2,2/super_hot_regions:187,0x577f79d89905,0
625.x264_s/2,2/super_hot_regions:187,0x577f79d89909,0
625.x264_s/2,2/super_hot_regions:187,0x577f79d8990f,0

625.x264_s/2,2/super_hot_regions:188,0x577f79d89916,4
625.x264_s/2,2/super_hot_regions:188,0x577f79d8991a,0
625.x264_s/2,2/super_hot_regions:188,0x577f79d8991f,0
625.x264_s/2,2/super_hot_regions:188,0x577f79d89923,0
625.x264_s/2,2/super_hot_regions:188,0x577f79d89926,0
625.x264_s/2,2/super_hot_regions:188,0x577f79d89929,0
625.x264_s/2,2/super_hot_regions:188,0x577f79d8992d,0
625.x264_s/2,2/super_hot_regions:188,0x577f79d89933,0

625.x264_s/2,2/super_hot_regions:189,0x577f79d8993a,4
625.x264_s/2,2/super_hot_regions:189,0x577f79d8993e,0
625.x264_s/2,2/super_hot_regions:189,0x577f79d89943,0
625.x264_s/2,2/super_hot_regions:189,0x577f79d89947,0
625.x264_s/2,2/super_hot_regions:189,0x577f79d8994a,0
625.x264_s/2,2/super_hot_regions:189,0x577f79d8994d,0
625.x264_s/2,2/super_hot_regions:189,0x577f79d89951,0
625.x264_s/2,2/super_hot_regions:189,0x577f79d89957,0

625.x264_s/2,2/super_hot_regions:19,0x577f79d875e8,2
625.x264_s/2,2/super_hot_regions:19,0x577f79d875ed,0
625.x264_s/2,2/super_hot_regions:19,0x577f79d875f8,0

625.x264_s/2,2/super_hot_regions:190,0x577f79d8995e,4
625.x264_s/2,2/super_hot_regions:190,0x577f79d89962,0
625.x264_s/2,2/super_hot_regions:190,0x577f79d89967,0
625.x264_s/2,2/super_hot_regions:190,0x577f79d8996b,0
625.x264_s/2,2/super_hot_regions:190,0x577f79d8996e,0
625.x264_s/2,2/super_hot_regions:190,0x577f79d89971,0
625.x264_s/2,2/super_hot_regions:190,0x577f79d89975,0
625.x264_s/2,2/super_hot_regions:190,0x577f79d8997b,0

625.x264_s/2,2/super_hot_regions:191,0x577f79d89982,4
625.x264_s/2,2/super_hot_regions:191,0x577f79d89986,0
625.x264_s/2,2/super_hot_regions:191,0x577f79d8998b,0
625.x264_s/2,2/super_hot_regions:191,0x577f79d8998f,0
625.x264_s/2,2/super_hot_regions:191,0x577f79d89992,0
625.x264_s/2,2/super_hot_regions:191,0x577f79d89995,0
625.x264_s/2,2/super_hot_regions:191,0x577f79d89999,0
625.x264_s/2,2/super_hot_regions:191,0x577f79d8999f,0

625.x264_s/2,2/super_hot_regions:192,0x577f79d899a6,4
625.x264_s/2,2/super_hot_regions:192,0x577f79d899aa,0
625.x264_s/2,2/super_hot_regions:192,0x577f79d899af,0
625.x264_s/2,2/super_hot_regions:192,0x577f79d899b3,0
625.x264_s/2,2/super_hot_regions:192,0x577f79d899b6,0
625.x264_s/2,2/super_hot_regions:192,0x577f79d899b9,0
625.x264_s/2,2/super_hot_regions:192,0x577f79d899bd,0
625.x264_s/2,2/super_hot_regions:192,0x577f79d899c3,0

625.x264_s/2,2/super_hot_regions:193,0x577f79d899ca,4
625.x264_s/2,2/super_hot_regions:193,0x577f79d899ce,0
625.x264_s/2,2/super_hot_regions:193,0x577f79d899d3,0
625.x264_s/2,2/super_hot_regions:193,0x577f79d899d7,0
625.x264_s/2,2/super_hot_regions:193,0x577f79d899da,0
625.x264_s/2,2/super_hot_regions:193,0x577f79d899dd,0
625.x264_s/2,2/super_hot_regions:193,0x577f79d899e1,0
625.x264_s/2,2/super_hot_regions:193,0x577f79d899e7,0

625.x264_s/2,2/super_hot_regions:194,0x577f79d899ee,4
625.x264_s/2,2/super_hot_regions:194,0x577f79d899f2,0
625.x264_s/2,2/super_hot_regions:194,0x577f79d899f7,0
625.x264_s/2,2/super_hot_regions:194,0x577f79d899fb,0
625.x264_s/2,2/super_hot_regions:194,0x577f79d899fe,0
625.x264_s/2,2/super_hot_regions:194,0x577f79d89a01,0
625.x264_s/2,2/super_hot_regions:194,0x577f79d89a05,0
625.x264_s/2,2/super_hot_regions:194,0x577f79d89a0b,0

625.x264_s/2,2/super_hot_regions:195,0x577f79d89a12,4
625.x264_s/2,2/super_hot_regions:195,0x577f79d89a16,0
625.x264_s/2,2/super_hot_regions:195,0x577f79d89a1b,0
625.x264_s/2,2/super_hot_regions:195,0x577f79d89a1f,0
625.x264_s/2,2/super_hot_regions:195,0x577f79d89a22,0
625.x264_s/2,2/super_hot_regions:195,0x577f79d89a25,0
625.x264_s/2,2/super_hot_regions:195,0x577f79d89a29,0
625.x264_s/2,2/super_hot_regions:195,0x577f79d89a2f,0

625.x264_s/2,2/super_hot_regions:196,0x577f79d89a36,4
625.x264_s/2,2/super_hot_regions:196,0x577f79d89a3a,0
625.x264_s/2,2/super_hot_regions:196,0x577f79d89a3f,0
625.x264_s/2,2/super_hot_regions:196,0x577f79d89a43,0
625.x264_s/2,2/super_hot_regions:196,0x577f79d89a46,0
625.x264_s/2,2/super_hot_regions:196,0x577f79d89a49,0
625.x264_s/2,2/super_hot_regions:196,0x577f79d89a4d,0
625.x264_s/2,2/super_hot_regions:196,0x577f79d89a53,0

625.x264_s/2,2/super_hot_regions:2,0x577f79d88760,4
625.x264_s/2,2/super_hot_regions:2,0x577f79d88764,0
625.x264_s/2,2/super_hot_regions:2,0x577f79d8876a,0
625.x264_s/2,2/super_hot_regions:2,0x577f79d8876e,0
625.x264_s/2,2/super_hot_regions:2,0x577f79d88772,0
625.x264_s/2,2/super_hot_regions:2,0x577f79d88775,0
625.x264_s/2,2/super_hot_regions:2,0x577f79d8877a,0
625.x264_s/2,2/super_hot_regions:2,0x577f79d8877e,0

625.x264_s/2,2/super_hot_regions:20,0x577f79d875f3,3
625.x264_s/2,2/super_hot_regions:20,0x577f79d875fb,0
625.x264_s/2,2/super_hot_regions:20,0x577f79d875ff,0
625.x264_s/2,2/super_hot_regions:20,0x577f79d87604,0
625.x264_s/2,2/super_hot_regions:20,0x577f79d87607,0

625.x264_s/2,2/super_hot_regions:201,0x577f79dc0d8e,3
625.x264_s/2,2/super_hot_regions:201,0x577f79dc0d92,0
625.x264_s/2,2/super_hot_regions:201,0x577f79dc0d9a,0
625.x264_s/2,2/super_hot_regions:201,0x577f79dc0d9e,0

625.x264_s/2,2/super_hot_regions:204,0x577f79d8fc00,3
625.x264_s/2,2/super_hot_regions:204,0x577f79d8fc04,0
625.x264_s/2,2/super_hot_regions:204,0x577f79d8fc07,0
625.x264_s/2,2/super_hot_regions:204,0x577f79d8fc0a,0
625.x264_s/2,2/super_hot_regions:204,0x577f79d8fc0e,0
625.x264_s/2,2/super_hot_regions:204,0x577f79d8fc15,0
625.x264_s/2,2/super_hot_regions:204,0x577f79d8fc18,0
625.x264_s/2,2/super_hot_regions:204,0x577f79d8fc1b,0
625.x264_s/2,2/super_hot_regions:204,0x577f79d8fc1f,0

625.x264_s/2,2/super_hot_regions:206,0x577f79dc0cd8,1
625.x264_s/2,2/super_hot_regions:206,0x577f79dc0cda,0

625.x264_s/2,2/super_hot_regions:207,0x577f79dc0cf2,1
625.x264_s/2,2/super_hot_regions:207,0x577f79dc0cf5,0

625.x264_s/2,2/super_hot_regions:208,0x577f79dc0cc9,4
625.x264_s/2,2/super_hot_regions:208,0x577f79dc0cd0,0
625.x264_s/2,2/super_hot_regions:208,0x577f79dc0ce7,0
625.x264_s/2,2/super_hot_regions:208,0x577f79dc0cf9,0
625.x264_s/2,2/super_hot_regions:208,0x577f79dc0d00,0
625.x264_s/2,2/super_hot_regions:208,0x577f79dc0d0e,0
625.x264_s/2,2/super_hot_regions:208,0x577f79dc0d18,0
625.x264_s/2,2/super_hot_regions:208,0x577f79dc0d1d,0
625.x264_s/2,2/super_hot_regions:208,0x577f79dc0d2a,0

625.x264_s/2,2/super_hot_regions:21,0x577f79d8760a,2
625.x264_s/2,2/super_hot_regions:21,0x577f79d8760f,0
625.x264_s/2,2/super_hot_regions:21,0x577f79d87614,0

625.x264_s/2,2/super_hot_regions:218,0x577f79df9149,2
625.x264_s/2,2/super_hot_regions:218,0x577f79df9152,0

625.x264_s/2,2/super_hot_regions:23,0x577f79d884d0,1
625.x264_s/2,2/super_hot_regions:23,0x577f79d884d3,0
625.x264_s/2,2/super_hot_regions:23,0x577f79d884d6,0
625.x264_s/2,2/super_hot_regions:23,0x577f79d884da,0

625.x264_s/2,2/super_hot_regions:24,0x577f79d884de,1
625.x264_s/2,2/super_hot_regions:24,0x577f79d884e3,0

625.x264_s/2,2/super_hot_regions:3,0x577f79d88781,2
625.x264_s/2,2/super_hot_regions:3,0x577f79d88787,0

625.x264_s/2,2/super_hot_regions:32,0x577f79d8dd00,1
625.x264_s/2,2/super_hot_regions:32,0x577f79d8dd0c,0
625.x264_s/2,2/super_hot_regions:32,0x577f79d8dd10,0

625.x264_s/2,2/super_hot_regions:33,0x577f79d8dcb8,3
625.x264_s/2,2/super_hot_regions:33,0x577f79d8dcc0,0
625.x264_s/2,2/super_hot_regions:33,0x577f79d8dcc3,0
625.x264_s/2,2/super_hot_regions:33,0x577f79d8dcd2,0
625.x264_s/2,2/super_hot_regions:33,0x577f79d8dcd6,0
625.x264_s/2,2/super_hot_regions:33,0x577f79d8dce2,0
625.x264_s/2,2/super_hot_regions:33,0x577f79d8dd09,0
625.x264_s/2,2/super_hot_regions:33,0x577f79d8dd14,0
625.x264_s/2,2/super_hot_regions:33,0x577f79d8dd1d,0
625.x264_s/2,2/super_hot_regions:33,0x577f79d8dd20,0
625.x264_s/2,2/super_hot_regions:33,0x577f79d8dd23,0
625.x264_s/2,2/super_hot_regions:33,0x577f79d8dd26,0

625.x264_s/2,2/super_hot_regions:36,0x577f79dc0c6f,2
625.x264_s/2,2/super_hot_regions:36,0x577f79dc0c80,0

625.x264_s/2,2/super_hot_regions:4,0x577f79d8878b,2
625.x264_s/2,2/super_hot_regions:4,0x577f79d88790,0

625.x264_s/2,2/super_hot_regions:47,0x577f79d99268,2
625.x264_s/2,2/super_hot_regions:47,0x577f79d99287,0
625.x264_s/2,2/super_hot_regions:47,0x577f79d99290,0

625.x264_s/2,2/super_hot_regions:48,0x577f79d99281,7
625.x264_s/2,2/super_hot_regions:48,0x577f79d9928b,0
625.x264_s/2,2/super_hot_regions:48,0x577f79d9929d,0
625.x264_s/2,2/super_hot_regions:48,0x577f79d992a1,0
625.x264_s/2,2/super_hot_regions:48,0x577f79d992a9,0
625.x264_s/2,2/super_hot_regions:48,0x577f79d992ab,0
625.x264_s/2,2/super_hot_regions:48,0x577f79d992af,0
625.x264_s/2,2/super_hot_regions:48,0x577f79d992b1,0
625.x264_s/2,2/super_hot_regions:48,0x577f79d992b3,0
625.x264_s/2,2/super_hot_regions:48,0x577f79d992b5,0
625.x264_s/2,2/super_hot_regions:48,0x577f79d992b7,0
625.x264_s/2,2/super_hot_regions:48,0x577f79d992be,0
625.x264_s/2,2/super_hot_regions:48,0x577f79d992c0,0
625.x264_s/2,2/super_hot_regions:48,0x577f79d992c7,0
625.x264_s/2,2/super_hot_regions:48,0x577f79d992c9,0
625.x264_s/2,2/super_hot_regions:48,0x577f79d992d0,0
625.x264_s/2,2/super_hot_regions:48,0x577f79d992d3,0
625.x264_s/2,2/super_hot_regions:48,0x577f79d992d5,0
625.x264_s/2,2/super_hot_regions:48,0x577f79d992d8,0
625.x264_s/2,2/super_hot_regions:48,0x577f79d992db,0
625.x264_s/2,2/super_hot_regions:48,0x577f79d992de,0

625.x264_s/2,2/super_hot_regions:52,0x577f79d8e1a6,1
625.x264_s/2,2/super_hot_regions:52,0x577f79d8e1aa,0

625.x264_s/2,2/super_hot_regions:53,0x577f79d8e198,3
625.x264_s/2,2/super_hot_regions:53,0x577f79d8e19f,0
625.x264_s/2,2/super_hot_regions:53,0x577f79d8e1b7,0
625.x264_s/2,2/super_hot_regions:53,0x577f79d8e1ba,0

625.x264_s/2,2/super_hot_regions:54,0x577f79d8e1ae,2
625.x264_s/2,2/super_hot_regions:54,0x577f79d8e1be,0

625.x264_s/2,2/super_hot_regions:56,0x577f79d8e1c9,1
625.x264_s/2,2/super_hot_regions:56,0x577f79d8e1cc,0

625.x264_s/2,2/super_hot_regions:58,0x577f79d8e1de,1
625.x264_s/2,2/super_hot_regions:58,0x577f79d8e1e0,0

625.x264_s/2,2/super_hot_regions:59,0x577f79d8e1d9,1
625.x264_s/2,2/super_hot_regions:59,0x577f79d8e1db,0
625.x264_s/2,2/super_hot_regions:59,0x577f79d8e1e3,0
625.x264_s/2,2/super_hot_regions:59,0x577f79d8e1e7,0
625.x264_s/2,2/super_hot_regions:59,0x577f79d8e1ed,0

625.x264_s/2,2/super_hot_regions:60,0x577f79d8e1f1,1
625.x264_s/2,2/super_hot_regions:60,0x577f79d8e200,0

625.x264_s/2,2/super_hot_regions:61,0x577f79d8e1f4,1
625.x264_s/2,2/super_hot_regions:61,0x577f79d8e204,0

625.x264_s/2,2/super_hot_regions:62,0x577f79d8e1f7,3
625.x264_s/2,2/super_hot_regions:62,0x577f79d8e210,0
625.x264_s/2,2/super_hot_regions:62,0x577f79d8e214,0
625.x264_s/2,2/super_hot_regions:62,0x577f79d8e217,0
625.x264_s/2,2/super_hot_regions:62,0x577f79d8e21a,0
625.x264_s/2,2/super_hot_regions:62,0x577f79d8e21e,0
625.x264_s/2,2/super_hot_regions:62,0x577f79d8e222,0
625.x264_s/2,2/super_hot_regions:62,0x577f79d8e225,0
625.x264_s/2,2/super_hot_regions:62,0x577f79d8e228,0
625.x264_s/2,2/super_hot_regions:62,0x577f79d8e22b,0
625.x264_s/2,2/super_hot_regions:62,0x577f79d8e22f,0

625.x264_s/2,2/super_hot_regions:64,0x577f79d89148,2
625.x264_s/2,2/super_hot_regions:64,0x577f79d8914d,0

625.x264_s/2,2/super_hot_regions:66,0x577f79d98760,17
625.x264_s/2,2/super_hot_regions:66,0x577f79d98763,0
625.x264_s/2,2/super_hot_regions:66,0x577f79d98766,0
625.x264_s/2,2/super_hot_regions:66,0x577f79d9876a,0
625.x264_s/2,2/super_hot_regions:66,0x577f79d9876c,0
625.x264_s/2,2/super_hot_regions:66,0x577f79d98770,0
625.x264_s/2,2/super_hot_regions:66,0x577f79d98774,0
625.x264_s/2,2/super_hot_regions:66,0x577f79d98776,0
625.x264_s/2,2/super_hot_regions:66,0x577f79d9877a,0
625.x264_s/2,2/super_hot_regions:66,0x577f79d9877f,0
625.x264_s/2,2/super_hot_regions:66,0x577f79d98781,0
625.x264_s/2,2/super_hot_regions:66,0x577f79d98785,0
625.x264_s/2,2/super_hot_regions:66,0x577f79d9878a,0
625.x264_s/2,2/super_hot_regions:66,0x577f79d9878d,0
625.x264_s/2,2/super_hot_regions:66,0x577f79d98791,0
625.x264_s/2,2/super_hot_regions:66,0x577f79d98796,0
625.x264_s/2,2/super_hot_regions:66,0x577f79d98799,0
625.x264_s/2,2/super_hot_regions:66,0x577f79d9879d,0
625.x264_s/2,2/super_hot_regions:66,0x577f79d987a2,0
625.x264_s/2,2/super_hot_regions:66,0x577f79d987a5,0
625.x264_s/2,2/super_hot_regions:66,0x577f79d987a9,0
625.x264_s/2,2/super_hot_regions:66,0x577f79d987ad,0
625.x264_s/2,2/super_hot_regions:66,0x577f79d987b0,0
625.x264_s/2,2/super_hot_regions:66,0x577f79d987b7,0
625.x264_s/2,2/super_hot_regions:66,0x577f79d987bc,0
625.x264_s/2,2/super_hot_regions:66,0x577f79d987bf,0
625.x264_s/2,2/super_hot_regions:66,0x577f79d987c2,0
625.x264_s/2,2/super_hot_regions:66,0x577f79d987c4,0
625.x264_s/2,2/super_hot_regions:66,0x577f79d987c7,0
625.x264_s/2,2/super_hot_regions:66,0x577f79d987ca,0
625.x264_s/2,2/super_hot_regions:66,0x577f79d987ce,0
625.x264_s/2,2/super_hot_regions:66,0x577f79d987d1,0
625.x264_s/2,2/super_hot_regions:66,0x577f79d987d3,0
625.x264_s/2,2/super_hot_regions:66,0x577f79d987d7,0
625.x264_s/2,2/super_hot_regions:66,0x577f79d987da,0
625.x264_s/2,2/super_hot_regions:66,0x577f79d987dc,0
625.x264_s/2,2/super_hot_regions:66,0x577f79d987e0,0
625.x264_s/2,2/super_hot_regions:66,0x577f79d987e3,0
625.x264_s/2,2/super_hot_regions:66,0x577f79d987e6,0
625.x264_s/2,2/super_hot_regions:66,0x577f79d987ea,0
625.x264_s/2,2/super_hot_regions:66,0x577f79d987ec,0
625.x264_s/2,2/super_hot_regions:66,0x577f79d987ef,0
625.x264_s/2,2/super_hot_regions:66,0x577f79d987f2,0
625.x264_s/2,2/super_hot_regions:66,0x577f79d987f5,0
625.x264_s/2,2/super_hot_regions:66,0x577f79d987f8,0
625.x264_s/2,2/super_hot_regions:66,0x577f79d987fb,0
625.x264_s/2,2/super_hot_regions:66,0x577f79d987fe,0

625.x264_s/2,2/super_hot_regions:70,0x577f79df8e2d,3
625.x264_s/2,2/super_hot_regions:70,0x577f79df8e32,0
625.x264_s/2,2/super_hot_regions:70,0x577f79df8e3c,0
625.x264_s/2,2/super_hot_regions:70,0x577f79df8e3f,0
625.x264_s/2,2/super_hot_regions:70,0x577f79df8e46,0

625.x264_s/2,2/super_hot_regions:75,0x577f79d883b3,4
625.x264_s/2,2/super_hot_regions:75,0x577f79d883b8,0
625.x264_s/2,2/super_hot_regions:75,0x577f79d883be,0
625.x264_s/2,2/super_hot_regions:75,0x577f79d883c4,0
625.x264_s/2,2/super_hot_regions:75,0x577f79d883c7,0
625.x264_s/2,2/super_hot_regions:75,0x577f79d883d8,0
625.x264_s/2,2/super_hot_regions:75,0x577f79d883dd,0
625.x264_s/2,2/super_hot_regions:75,0x577f79d883e6,0
625.x264_s/2,2/super_hot_regions:75,0x577f79d883ec,0
625.x264_s/2,2/super_hot_regions:75,0x577f79d883f3,0
625.x264_s/2,2/super_hot_regions:75,0x577f79d883fc,0
625.x264_s/2,2/super_hot_regions:75,0x577f79d88400,0
625.x264_s/2,2/super_hot_regions:75,0x577f79d88404,0

625.x264_s/2,2/super_hot_regions:76,0x577f79d883a5,2
625.x264_s/2,2/super_hot_regions:76,0x577f79d883a8,0
625.x264_s/2,2/super_hot_regions:76,0x577f79d883b0,0
625.x264_s/2,2/super_hot_regions:76,0x577f79d883cd,0
625.x264_s/2,2/super_hot_regions:76,0x577f79d883d0,0
625.x264_s/2,2/super_hot_regions:76,0x577f79d883d5,0
625.x264_s/2,2/super_hot_regions:76,0x577f79d883db,0
625.x264_s/2,2/super_hot_regions:76,0x577f79d883e0,0
625.x264_s/2,2/super_hot_regions:76,0x577f79d883e3,0
625.x264_s/2,2/super_hot_regions:76,0x577f79d883f7,0
625.x264_s/2,2/super_hot_regions:76,0x577f79d8840b,0

625.x264_s/2,2/super_hot_regions:78,0x577f79d88416,1
625.x264_s/2,2/super_hot_regions:78,0x577f79d88419,0

625.x264_s/2,2/super_hot_regions:8,0x577f79d8e210,3
625.x264_s/2,2/super_hot_regions:8,0x577f79d8e214,0
625.x264_s/2,2/super_hot_regions:8,0x577f79d8e217,0
625.x264_s/2,2/super_hot_regions:8,0x577f79d8e21a,0
625.x264_s/2,2/super_hot_regions:8,0x577f79d8e21e,0
625.x264_s/2,2/super_hot_regions:8,0x577f79d8e225,0
625.x264_s/2,2/super_hot_regions:8,0x577f79d8e228,0
625.x264_s/2,2/super_hot_regions:8,0x577f79d8e22b,0
625.x264_s/2,2/super_hot_regions:8,0x577f79d8e22f,0

625.x264_s/2,2/super_hot_regions:80,0x577f79d88431,1
625.x264_s/2,2/super_hot_regions:80,0x577f79d88433,0

625.x264_s/2,2/super_hot_regions:81,0x577f79d8843a,1
625.x264_s/2,2/super_hot_regions:81,0x577f79d8843c,0
625.x264_s/2,2/super_hot_regions:81,0x577f79d8843f,0

625.x264_s/2,2/super_hot_regions:82,0x577f79d88443,1
625.x264_s/2,2/super_hot_regions:82,0x577f79d88445,0
625.x264_s/2,2/super_hot_regions:82,0x577f79d88448,0
625.x264_s/2,2/super_hot_regions:82,0x577f79d88451,0
625.x264_s/2,2/super_hot_regions:82,0x577f79d88460,0

625.x264_s/2,2/super_hot_regions:88,0x577f79d88478,1
625.x264_s/2,2/super_hot_regions:88,0x577f79d884b4,0

625.x264_s/2,2/super_hot_regions:92,0x577f79d88426,2
625.x264_s/2,2/super_hot_regions:92,0x577f79d884d0,0
625.x264_s/2,2/super_hot_regions:92,0x577f79d884d3,0
625.x264_s/2,2/super_hot_regions:92,0x577f79d884d6,0
625.x264_s/2,2/super_hot_regions:92,0x577f79d884da,0

625.x264_s/2,2/super_hot_regions:93,0x577f79d8842a,2
625.x264_s/2,2/super_hot_regions:93,0x577f79d8842d,0
625.x264_s/2,2/super_hot_regions:93,0x577f79d884de,0
625.x264_s/2,2/super_hot_regions:93,0x577f79d884e3,0

625.x264_s/2,2/super_hot_regions:95,0x577f79d90b21,2
625.x264_s/2,2/super_hot_regions:95,0x577f79d90b26,0

625.x264_s/2,2/super_hot_regions:99,0x577f79d90aeb,1
625.x264_s/2,2/super_hot_regions:99,0x577f79d90af4,0

625.x264_s/3,3/super_hot_regions:0,0x63b8bf9facf1,2
625.x264_s/3,3/super_hot_regions:0,0x63b8bf9facf6,0

625.x264_s/3,3/super_hot_regions:104,0x63b8bf9fcaeb,1
625.x264_s/3,3/super_hot_regions:104,0x63b8bf9fcaf4,0

625.x264_s/3,3/super_hot_regions:106,0x63b8bf9f71d8,2
625.x264_s/3,3/super_hot_regions:106,0x63b8bf9f71dd,0

625.x264_s/3,3/super_hot_regions:107,0x63b8bf9f71ec,2
625.x264_s/3,3/super_hot_regions:107,0x63b8bf9f71f1,0

625.x264_s/3,3/super_hot_regions:108,0x63b8bf9f7201,2
625.x264_s/3,3/super_hot_regions:108,0x63b8bf9f7206,0

625.x264_s/3,3/super_hot_regions:109,0x63b8bf9f7216,2
625.x264_s/3,3/super_hot_regions:109,0x63b8bf9f721b,0

625.x264_s/3,3/super_hot_regions:110,0x63b8bf9f722b,2
625.x264_s/3,3/super_hot_regions:110,0x63b8bf9f7230,0

625.x264_s/3,3/super_hot_regions:111,0x63b8bf9f7240,2
625.x264_s/3,3/super_hot_regions:111,0x63b8bf9f7245,0

625.x264_s/3,3/super_hot_regions:112,0x63b8bf9f7255,2
625.x264_s/3,3/super_hot_regions:112,0x63b8bf9f725a,0

625.x264_s/3,3/super_hot_regions:113,0x63b8bf9f726c,2
625.x264_s/3,3/super_hot_regions:113,0x63b8bf9f7271,0

625.x264_s/3,3/super_hot_regions:121,0x63b8bfa01193,2
625.x264_s/3,3/super_hot_regions:121,0x63b8bfa01196,0
625.x264_s/3,3/super_hot_regions:121,0x63b8bfa0119a,0
625.x264_s/3,3/super_hot_regions:121,0x63b8bfa0119d,0
625.x264_s/3,3/super_hot_regions:121,0x63b8bfa0119f,0
625.x264_s/3,3/super_hot_regions:121,0x63b8bfa011a2,0
625.x264_s/3,3/super_hot_regions:121,0x63b8bfa011a9,0

625.x264_s/3,3/super_hot_regions:122,0x63b8bfa01190,2
625.x264_s/3,3/super_hot_regions:122,0x63b8bfa011ad,0
625.x264_s/3,3/super_hot_regions:122,0x63b8bfa011b3,0
625.x264_s/3,3/super_hot_regions:122,0x63b8bfa011b5,0
625.x264_s/3,3/super_hot_regions:122,0x63b8bfa011b7,0
625.x264_s/3,3/super_hot_regions:122,0x63b8bfa011ba,0
625.x264_s/3,3/super_hot_regions:122,0x63b8bfa011c0,0

625.x264_s/3,3/super_hot_regions:123,0x63b8bfa011c3,2
625.x264_s/3,3/super_hot_regions:123,0x63b8bfa011c5,0
625.x264_s/3,3/super_hot_regions:123,0x63b8bfa011cb,0
625.x264_s/3,3/super_hot_regions:123,0x63b8bfa011cd,0
625.x264_s/3,3/super_hot_regions:123,0x63b8bfa011cf,0
625.x264_s/3,3/super_hot_regions:123,0x63b8bfa011d2,0
625.x264_s/3,3/super_hot_regions:123,0x63b8bfa011d8,0

625.x264_s/3,3/super_hot_regions:124,0x63b8bfa011db,2
625.x264_s/3,3/super_hot_regions:124,0x63b8bfa011df,0
625.x264_s/3,3/super_hot_regions:124,0x63b8bfa011e5,0
625.x264_s/3,3/super_hot_regions:124,0x63b8bfa011e7,0
625.x264_s/3,3/super_hot_regions:124,0x63b8bfa011e9,0
625.x264_s/3,3/super_hot_regions:124,0x63b8bfa011ec,0
625.x264_s/3,3/super_hot_regions:124,0x63b8bfa011f2,0

625.x264_s/3,3/super_hot_regions:125,0x63b8bfa011f5,2
625.x264_s/3,3/super_hot_regions:125,0x63b8bfa011f9,0
625.x264_s/3,3/super_hot_regions:125,0x63b8bfa011ff,0
625.x264_s/3,3/super_hot_regions:125,0x63b8bfa01201,0
625.x264_s/3,3/super_hot_regions:125,0x63b8bfa01203,0
625.x264_s/3,3/super_hot_regions:125,0x63b8bfa01206,0
625.x264_s/3,3/super_hot_regions:125,0x63b8bfa0120c,0

625.x264_s/3,3/super_hot_regions:126,0x63b8bfa0120f,2
625.x264_s/3,3/super_hot_regions:126,0x63b8bfa01213,0
625.x264_s/3,3/super_hot_regions:126,0x63b8bfa01219,0
625.x264_s/3,3/super_hot_regions:126,0x63b8bfa0121b,0
625.x264_s/3,3/super_hot_regions:126,0x63b8bfa0121d,0
625.x264_s/3,3/super_hot_regions:126,0x63b8bfa01220,0
625.x264_s/3,3/super_hot_regions:126,0x63b8bfa01226,0

625.x264_s/3,3/super_hot_regions:138,0x63b8bfa2b7ab,1
625.x264_s/3,3/super_hot_regions:138,0x63b8bfa2b7ae,0

625.x264_s/3,3/super_hot_regions:140,0x63b8bfa05268,2
625.x264_s/3,3/super_hot_regions:140,0x63b8bfa05287,0
625.x264_s/3,3/super_hot_regions:140,0x63b8bfa05290,0

625.x264_s/3,3/super_hot_regions:141,0x63b8bfa05281,7
625.x264_s/3,3/super_hot_regions:141,0x63b8bfa0528b,0
625.x264_s/3,3/super_hot_regions:141,0x63b8bfa0529d,0
625.x264_s/3,3/super_hot_regions:141,0x63b8bfa052a1,0
625.x264_s/3,3/super_hot_regions:141,0x63b8bfa052a9,0
625.x264_s/3,3/super_hot_regions:141,0x63b8bfa052ab,0
625.x264_s/3,3/super_hot_regions:141,0x63b8bfa052af,0
625.x264_s/3,3/super_hot_regions:141,0x63b8bfa052b1,0
625.x264_s/3,3/super_hot_regions:141,0x63b8bfa052b3,0
625.x264_s/3,3/super_hot_regions:141,0x63b8bfa052b5,0
625.x264_s/3,3/super_hot_regions:141,0x63b8bfa052b7,0
625.x264_s/3,3/super_hot_regions:141,0x63b8bfa052be,0
625.x264_s/3,3/super_hot_regions:141,0x63b8bfa052c0,0
625.x264_s/3,3/super_hot_regions:141,0x63b8bfa052c7,0
625.x264_s/3,3/super_hot_regions:141,0x63b8bfa052c9,0
625.x264_s/3,3/super_hot_regions:141,0x63b8bfa052d0,0
625.x264_s/3,3/super_hot_regions:141,0x63b8bfa052d3,0
625.x264_s/3,3/super_hot_regions:141,0x63b8bfa052d5,0
625.x264_s/3,3/super_hot_regions:141,0x63b8bfa052d8,0
625.x264_s/3,3/super_hot_regions:141,0x63b8bfa052db,0
625.x264_s/3,3/super_hot_regions:141,0x63b8bfa052de,0

625.x264_s/3,3/super_hot_regions:149,0x63b8bfa4d05e,3
625.x264_s/3,3/super_hot_regions:149,0x63b8bfa4d064,0
625.x264_s/3,3/super_hot_regions:149,0x63b8bfa4d067,0
625.x264_s/3,3/super_hot_regions:149,0x63b8bfa4d06d,0
625.x264_s/3,3/super_hot_regions:149,0x63b8bfa4d071,0
625.x264_s/3,3/super_hot_regions:149,0x63b8bfa4d078,0
625.x264_s/3,3/super_hot_regions:149,0x63b8bfa4d07c,0
625.x264_s/3,3/super_hot_regions:149,0x63b8bfa4d07f,0
625.x264_s/3,3/super_hot_regions:149,0x63b8bfa4d081,0
625.x264_s/3,3/super_hot_regions:149,0x63b8bfa4d085,0
625.x264_s/3,3/super_hot_regions:149,0x63b8bfa4d08f,0
625.x264_s/3,3/super_hot_regions:149,0x63b8bfa4d0d1,0
625.x264_s/3,3/super_hot_regions:149,0x63b8bfa4d0d8,0

625.x264_s/3,3/super_hot_regions:151,0x63b8bfa2a344,4
625.x264_s/3,3/super_hot_regions:151,0x63b8bfa2a34e,0
625.x264_s/3,3/super_hot_regions:151,0x63b8bfa2a353,0
625.x264_s/3,3/super_hot_regions:151,0x63b8bfa2a360,0

625.x264_s/3,3/super_hot_regions:152,0x63b8bfa2a375,2
625.x264_s/3,3/super_hot_regions:152,0x63b8bfa2a37a,0

625.x264_s/3,3/super_hot_regions:153,0x63b8bfa2a37f,2
625.x264_s/3,3/super_hot_regions:153,0x63b8bfa2a384,0

625.x264_s/3,3/super_hot_regions:157,0x63b8bfa04fd0,2
625.x264_s/3,3/super_hot_regions:157,0x63b8bfa04fd4,0
625.x264_s/3,3/super_hot_regions:157,0x63b8bfa04fd7,0

625.x264_s/3,3/super_hot_regions:158,0x63b8bfa04fde,2
625.x264_s/3,3/super_hot_regions:158,0x63b8bfa04fe2,0
625.x264_s/3,3/super_hot_regions:158,0x63b8bfa04fe5,0

625.x264_s/3,3/super_hot_regions:159,0x63b8bfa04ff7,2
625.x264_s/3,3/super_hot_regions:159,0x63b8bfa05002,0
625.x264_s/3,3/super_hot_regions:159,0x63b8bfa05005,0

625.x264_s/3,3/super_hot_regions:161,0x63b8bfa04f58,2
625.x264_s/3,3/super_hot_regions:161,0x63b8bfa04f65,0

625.x264_s/3,3/super_hot_regions:162,0x63b8bfa04f61,2
625.x264_s/3,3/super_hot_regions:162,0x63b8bfa04f6c,0

625.x264_s/3,3/super_hot_regions:163,0x63b8bfa04f5d,2
625.x264_s/3,3/super_hot_regions:163,0x63b8bfa04f72,0

625.x264_s/3,3/super_hot_regions:164,0x63b8bfa04f9c,2
625.x264_s/3,3/super_hot_regions:164,0x63b8bfa04fa4,0

625.x264_s/3,3/super_hot_regions:165,0x63b8bfa04fa7,2
625.x264_s/3,3/super_hot_regions:165,0x63b8bfa04faf,0

625.x264_s/3,3/super_hot_regions:166,0x63b8bfa04fb6,2
625.x264_s/3,3/super_hot_regions:166,0x63b8bfa04fbe,0

625.x264_s/3,3/super_hot_regions:168,0x63b8bfa04ec6,2
625.x264_s/3,3/super_hot_regions:168,0x63b8bfa04ece,0
625.x264_s/3,3/super_hot_regions:168,0x63b8bfa04ed5,0

625.x264_s/3,3/super_hot_regions:169,0x63b8bfa04eda,2
625.x264_s/3,3/super_hot_regions:169,0x63b8bfa04ee2,0
625.x264_s/3,3/super_hot_regions:169,0x63b8bfa04eef,0

625.x264_s/3,3/super_hot_regions:17,0x63b8bf9f4722,2
625.x264_s/3,3/super_hot_regions:17,0x63b8bf9f472c,0
625.x264_s/3,3/super_hot_regions:17,0x63b8bf9f4733,0

625.x264_s/3,3/super_hot_regions:170,0x63b8bfa04ed0,2
625.x264_s/3,3/super_hot_regions:170,0x63b8bfa04ee9,0
625.x264_s/3,3/super_hot_regions:170,0x63b8bfa04efa,0

625.x264_s/3,3/super_hot_regions:171,0x63b8bfa04ee5,2
625.x264_s/3,3/super_hot_regions:171,0x63b8bfa04eec,0
625.x264_s/3,3/super_hot_regions:171,0x63b8bfa04eff,0

625.x264_s/3,3/super_hot_regions:174,0x63b8bfa19e11,2
625.x264_s/3,3/super_hot_regions:174,0x63b8bfa19e15,0

625.x264_s/3,3/super_hot_regions:192,0x63b8bfa05e18,2
625.x264_s/3,3/super_hot_regions:192,0x63b8bfa05e1b,0
625.x264_s/3,3/super_hot_regions:192,0x63b8bfa05e1f,0
625.x264_s/3,3/super_hot_regions:192,0x63b8bfa05e22,0

625.x264_s/3,3/super_hot_regions:195,0x63b8bfa2cc89,2
625.x264_s/3,3/super_hot_regions:195,0x63b8bfa2cc97,0

625.x264_s/3,3/super_hot_regions:2,0x63b8bf9f4760,4
625.x264_s/3,3/super_hot_regions:2,0x63b8bf9f4764,0
625.x264_s/3,3/super_hot_regions:2,0x63b8bf9f476a,0
625.x264_s/3,3/super_hot_regions:2,0x63b8bf9f476e,0
625.x264_s/3,3/super_hot_regions:2,0x63b8bf9f4772,0
625.x264_s/3,3/super_hot_regions:2,0x63b8bf9f4775,0
625.x264_s/3,3/super_hot_regions:2,0x63b8bf9f477a,0
625.x264_s/3,3/super_hot_regions:2,0x63b8bf9f477e,0

625.x264_s/3,3/super_hot_regions:20,0x63b8bf9f44d0,1
625.x264_s/3,3/super_hot_regions:20,0x63b8bf9f44d3,0
625.x264_s/3,3/super_hot_regions:20,0x63b8bf9f44d6,0
625.x264_s/3,3/super_hot_regions:20,0x63b8bf9f44da,0

625.x264_s/3,3/super_hot_regions:201,0x63b8bfa4a1e4,2
625.x264_s/3,3/super_hot_regions:201,0x63b8bfa4a1e9,0

625.x264_s/3,3/super_hot_regions:202,0x63b8bfa4a1ee,2
625.x264_s/3,3/super_hot_regions:202,0x63b8bfa4a1fb,0
625.x264_s/3,3/super_hot_regions:202,0x63b8bfa4a1ff,0
625.x264_s/3,3/super_hot_regions:202,0x63b8bfa4a204,0

625.x264_s/3,3/super_hot_regions:21,0x63b8bf9f44de,1
625.x264_s/3,3/super_hot_regions:21,0x63b8bf9f44e3,0

625.x264_s/3,3/super_hot_regions:211,0x63b8bfa4a25d,2
625.x264_s/3,3/super_hot_regions:211,0x63b8bfa4a265,0

625.x264_s/3,3/super_hot_regions:215,0x63b8bfa4a282,2
625.x264_s/3,3/super_hot_regions:215,0x63b8bfa4a285,0
625.x264_s/3,3/super_hot_regions:215,0x63b8bfa4a2a0,0

625.x264_s/3,3/super_hot_regions:216,0x63b8bfa4a275,2
625.x264_s/3,3/super_hot_regions:216,0x63b8bfa4a2a4,0

625.x264_s/3,3/super_hot_regions:24,0x63b8bf9f35e8,2
625.x264_s/3,3/super_hot_regions:24,0x63b8bf9f35ed,0
625.x264_s/3,3/super_hot_regions:24,0x63b8bf9f35f8,0

625.x264_s/3,3/super_hot_regions:25,0x63b8bf9f35f3,3
625.x264_s/3,3/super_hot_regions:25,0x63b8bf9f35fb,0
625.x264_s/3,3/super_hot_regions:25,0x63b8bf9f35ff,0
625.x264_s/3,3/super_hot_regions:25,0x63b8bf9f3604,0
625.x264_s/3,3/super_hot_regions:25,0x63b8bf9f3607,0

625.x264_s/3,3/super_hot_regions:26,0x63b8bf9f360a,2
625.x264_s/3,3/super_hot_regions:26,0x63b8bf9f360f,0
625.x264_s/3,3/super_hot_regions:26,0x63b8bf9f3614,0

625.x264_s/3,3/super_hot_regions:3,0x63b8bf9f4781,2
625.x264_s/3,3/super_hot_regions:3,0x63b8bf9f4787,0

625.x264_s/3,3/super_hot_regions:30,0x63b8bf9f9d00,1
625.x264_s/3,3/super_hot_regions:30,0x63b8bf9f9d0c,0
625.x264_s/3,3/super_hot_regions:30,0x63b8bf9f9d10,0

625.x264_s/3,3/super_hot_regions:31,0x63b8bf9f9cb8,3
625.x264_s/3,3/super_hot_regions:31,0x63b8bf9f9cc0,0
625.x264_s/3,3/super_hot_regions:31,0x63b8bf9f9cc3,0
625.x264_s/3,3/super_hot_regions:31,0x63b8bf9f9cd2,0
625.x264_s/3,3/super_hot_regions:31,0x63b8bf9f9cd6,0
625.x264_s/3,3/super_hot_regions:31,0x63b8bf9f9ce2,0
625.x264_s/3,3/super_hot_regions:31,0x63b8bf9f9d09,0
625.x264_s/3,3/super_hot_regions:31,0x63b8bf9f9d14,0
625.x264_s/3,3/super_hot_regions:31,0x63b8bf9f9d1d,0
625.x264_s/3,3/super_hot_regions:31,0x63b8bf9f9d20,0
625.x264_s/3,3/super_hot_regions:31,0x63b8bf9f9d23,0
625.x264_s/3,3/super_hot_regions:31,0x63b8bf9f9d26,0

625.x264_s/3,3/super_hot_regions:36,0x63b8bfa05180,2
625.x264_s/3,3/super_hot_regions:36,0x63b8bfa05188,0

625.x264_s/3,3/super_hot_regions:37,0x63b8bfa0518f,2
625.x264_s/3,3/super_hot_regions:37,0x63b8bfa05197,0

625.x264_s/3,3/super_hot_regions:4,0x63b8bf9f478b,2
625.x264_s/3,3/super_hot_regions:4,0x63b8bf9f4790,0

625.x264_s/3,3/super_hot_regions:40,0x63b8bf9f5148,2
625.x264_s/3,3/super_hot_regions:40,0x63b8bf9f514d,0

625.x264_s/3,3/super_hot_regions:42,0x63b8bf9fa1a6,1
625.x264_s/3,3/super_hot_regions:42,0x63b8bf9fa1aa,0

625.x264_s/3,3/super_hot_regions:43,0x63b8bf9fa198,3
625.x264_s/3,3/super_hot_regions:43,0x63b8bf9fa19f,0
625.x264_s/3,3/super_hot_regions:43,0x63b8bf9fa1b7,0
625.x264_s/3,3/super_hot_regions:43,0x63b8bf9fa1ba,0

625.x264_s/3,3/super_hot_regions:44,0x63b8bf9fa1ae,2
625.x264_s/3,3/super_hot_regions:44,0x63b8bf9fa1be,0

625.x264_s/3,3/super_hot_regions:46,0x63b8bf9fa1c9,1
625.x264_s/3,3/super_hot_regions:46,0x63b8bf9fa1cc,0

625.x264_s/3,3/super_hot_regions:48,0x63b8bf9fa1de,1
625.x264_s/3,3/super_hot_regions:48,0x63b8bf9fa1e0,0

625.x264_s/3,3/super_hot_regions:49,0x63b8bf9fa1d9,1
625.x264_s/3,3/super_hot_regions:49,0x63b8bf9fa1db,0
625.x264_s/3,3/super_hot_regions:49,0x63b8bf9fa1e3,0
625.x264_s/3,3/super_hot_regions:49,0x63b8bf9fa1e7,0
625.x264_s/3,3/super_hot_regions:49,0x63b8bf9fa1ed,0

625.x264_s/3,3/super_hot_regions:50,0x63b8bf9fa1f1,1
625.x264_s/3,3/super_hot_regions:50,0x63b8bf9fa200,0

625.x264_s/3,3/super_hot_regions:51,0x63b8bf9fa1f4,1
625.x264_s/3,3/super_hot_regions:51,0x63b8bf9fa204,0

625.x264_s/3,3/super_hot_regions:52,0x63b8bf9fa1f7,3
625.x264_s/3,3/super_hot_regions:52,0x63b8bf9fa210,0
625.x264_s/3,3/super_hot_regions:52,0x63b8bf9fa214,0
625.x264_s/3,3/super_hot_regions:52,0x63b8bf9fa217,0
625.x264_s/3,3/super_hot_regions:52,0x63b8bf9fa21a,0
625.x264_s/3,3/super_hot_regions:52,0x63b8bf9fa21e,0
625.x264_s/3,3/super_hot_regions:52,0x63b8bf9fa222,0
625.x264_s/3,3/super_hot_regions:52,0x63b8bf9fa225,0
625.x264_s/3,3/super_hot_regions:52,0x63b8bf9fa228,0
625.x264_s/3,3/super_hot_regions:52,0x63b8bf9fa22b,0
625.x264_s/3,3/super_hot_regions:52,0x63b8bf9fa22f,0

625.x264_s/3,3/super_hot_regions:58,0x63b8bfa2cc6f,2
625.x264_s/3,3/super_hot_regions:58,0x63b8bfa2cc80,0

625.x264_s/3,3/super_hot_regions:62,0x63b8bf9fcb21,2
625.x264_s/3,3/super_hot_regions:62,0x63b8bf9fcb26,0

625.x264_s/3,3/super_hot_regions:70,0x63b8bfa04760,17
625.x264_s/3,3/super_hot_regions:70,0x63b8bfa04763,0
625.x264_s/3,3/super_hot_regions:70,0x63b8bfa04766,0
625.x264_s/3,3/super_hot_regions:70,0x63b8bfa0476a,0
625.x264_s/3,3/super_hot_regions:70,0x63b8bfa0476c,0
625.x264_s/3,3/super_hot_regions:70,0x63b8bfa04770,0
625.x264_s/3,3/super_hot_regions:70,0x63b8bfa04774,0
625.x264_s/3,3/super_hot_regions:70,0x63b8bfa04776,0
625.x264_s/3,3/super_hot_regions:70,0x63b8bfa0477a,0
625.x264_s/3,3/super_hot_regions:70,0x63b8bfa0477f,0
625.x264_s/3,3/super_hot_regions:70,0x63b8bfa04781,0
625.x264_s/3,3/super_hot_regions:70,0x63b8bfa04785,0
625.x264_s/3,3/super_hot_regions:70,0x63b8bfa0478a,0
625.x264_s/3,3/super_hot_regions:70,0x63b8bfa0478d,0
625.x264_s/3,3/super_hot_regions:70,0x63b8bfa04791,0
625.x264_s/3,3/super_hot_regions:70,0x63b8bfa04796,0
625.x264_s/3,3/super_hot_regions:70,0x63b8bfa04799,0
625.x264_s/3,3/super_hot_regions:70,0x63b8bfa0479d,0
625.x264_s/3,3/super_hot_regions:70,0x63b8bfa047a2,0
625.x264_s/3,3/super_hot_regions:70,0x63b8bfa047a5,0
625.x264_s/3,3/super_hot_regions:70,0x63b8bfa047a9,0
625.x264_s/3,3/super_hot_regions:70,0x63b8bfa047ad,0
625.x264_s/3,3/super_hot_regions:70,0x63b8bfa047b0,0
625.x264_s/3,3/super_hot_regions:70,0x63b8bfa047b7,0
625.x264_s/3,3/super_hot_regions:70,0x63b8bfa047bc,0
625.x264_s/3,3/super_hot_regions:70,0x63b8bfa047bf,0
625.x264_s/3,3/super_hot_regions:70,0x63b8bfa047c2,0
625.x264_s/3,3/super_hot_regions:70,0x63b8bfa047c4,0
625.x264_s/3,3/super_hot_regions:70,0x63b8bfa047c7,0
625.x264_s/3,3/super_hot_regions:70,0x63b8bfa047ca,0
625.x264_s/3,3/super_hot_regions:70,0x63b8bfa047ce,0
625.x264_s/3,3/super_hot_regions:70,0x63b8bfa047d1,0
625.x264_s/3,3/super_hot_regions:70,0x63b8bfa047d3,0
625.x264_s/3,3/super_hot_regions:70,0x63b8bfa047d7,0
625.x264_s/3,3/super_hot_regions:70,0x63b8bfa047da,0
625.x264_s/3,3/super_hot_regions:70,0x63b8bfa047dc,0
625.x264_s/3,3/super_hot_regions:70,0x63b8bfa047e0,0
625.x264_s/3,3/super_hot_regions:70,0x63b8bfa047e3,0
625.x264_s/3,3/super_hot_regions:70,0x63b8bfa047e6,0
625.x264_s/3,3/super_hot_regions:70,0x63b8bfa047ea,0
625.x264_s/3,3/super_hot_regions:70,0x63b8bfa047ec,0
625.x264_s/3,3/super_hot_regions:70,0x63b8bfa047ef,0
625.x264_s/3,3/super_hot_regions:70,0x63b8bfa047f2,0
625.x264_s/3,3/super_hot_regions:70,0x63b8bfa047f5,0
625.x264_s/3,3/super_hot_regions:70,0x63b8bfa047f8,0
625.x264_s/3,3/super_hot_regions:70,0x63b8bfa047fb,0
625.x264_s/3,3/super_hot_regions:70,0x63b8bfa047fe,0

625.x264_s/3,3/super_hot_regions:74,0x63b8bfa64e2d,3
625.x264_s/3,3/super_hot_regions:74,0x63b8bfa64e32,0
625.x264_s/3,3/super_hot_regions:74,0x63b8bfa64e3c,0
625.x264_s/3,3/super_hot_regions:74,0x63b8bfa64e3f,0
625.x264_s/3,3/super_hot_regions:74,0x63b8bfa64e46,0

625.x264_s/3,3/super_hot_regions:78,0x63b8bf9f43b3,4
625.x264_s/3,3/super_hot_regions:78,0x63b8bf9f43b8,0
625.x264_s/3,3/super_hot_regions:78,0x63b8bf9f43be,0
625.x264_s/3,3/super_hot_regions:78,0x63b8bf9f43c4,0
625.x264_s/3,3/super_hot_regions:78,0x63b8bf9f43c7,0
625.x264_s/3,3/super_hot_regions:78,0x63b8bf9f43d8,0
625.x264_s/3,3/super_hot_regions:78,0x63b8bf9f43dd,0
625.x264_s/3,3/super_hot_regions:78,0x63b8bf9f43e6,0
625.x264_s/3,3/super_hot_regions:78,0x63b8bf9f43ec,0
625.x264_s/3,3/super_hot_regions:78,0x63b8bf9f43f3,0
625.x264_s/3,3/super_hot_regions:78,0x63b8bf9f43fc,0
625.x264_s/3,3/super_hot_regions:78,0x63b8bf9f4400,0
625.x264_s/3,3/super_hot_regions:78,0x63b8bf9f4404,0

625.x264_s/3,3/super_hot_regions:79,0x63b8bf9f43a5,2
625.x264_s/3,3/super_hot_regions:79,0x63b8bf9f43a8,0
625.x264_s/3,3/super_hot_regions:79,0x63b8bf9f43b0,0
625.x264_s/3,3/super_hot_regions:79,0x63b8bf9f43cd,0
625.x264_s/3,3/super_hot_regions:79,0x63b8bf9f43d0,0
625.x264_s/3,3/super_hot_regions:79,0x63b8bf9f43d5,0
625.x264_s/3,3/super_hot_regions:79,0x63b8bf9f43db,0
625.x264_s/3,3/super_hot_regions:79,0x63b8bf9f43e0,0
625.x264_s/3,3/super_hot_regions:79,0x63b8bf9f43e3,0
625.x264_s/3,3/super_hot_regions:79,0x63b8bf9f43f7,0
625.x264_s/3,3/super_hot_regions:79,0x63b8bf9f440b,0

625.x264_s/3,3/super_hot_regions:8,0x63b8bf9fa210,3
625.x264_s/3,3/super_hot_regions:8,0x63b8bf9fa214,0
625.x264_s/3,3/super_hot_regions:8,0x63b8bf9fa217,0
625.x264_s/3,3/super_hot_regions:8,0x63b8bf9fa21a,0
625.x264_s/3,3/super_hot_regions:8,0x63b8bf9fa21e,0
625.x264_s/3,3/super_hot_regions:8,0x63b8bf9fa225,0
625.x264_s/3,3/super_hot_regions:8,0x63b8bf9fa228,0
625.x264_s/3,3/super_hot_regions:8,0x63b8bf9fa22b,0
625.x264_s/3,3/super_hot_regions:8,0x63b8bf9fa22f,0

625.x264_s/3,3/super_hot_regions:81,0x63b8bf9f4416,1
625.x264_s/3,3/super_hot_regions:81,0x63b8bf9f4419,0

625.x264_s/3,3/super_hot_regions:83,0x63b8bf9f4431,1
625.x264_s/3,3/super_hot_regions:83,0x63b8bf9f4433,0

625.x264_s/3,3/super_hot_regions:84,0x63b8bf9f443a,1
625.x264_s/3,3/super_hot_regions:84,0x63b8bf9f443c,0
625.x264_s/3,3/super_hot_regions:84,0x63b8bf9f443f,0

625.x264_s/3,3/super_hot_regions:85,0x63b8bf9f4443,1
625.x264_s/3,3/super_hot_regions:85,0x63b8bf9f4445,0
625.x264_s/3,3/super_hot_regions:85,0x63b8bf9f4448,0
625.x264_s/3,3/super_hot_regions:85,0x63b8bf9f4451,0
625.x264_s/3,3/super_hot_regions:85,0x63b8bf9f4460,0

625.x264_s/3,3/super_hot_regions:91,0x63b8bf9f4478,1
625.x264_s/3,3/super_hot_regions:91,0x63b8bf9f44b4,0

625.x264_s/3,3/super_hot_regions:95,0x63b8bf9f4426,2
625.x264_s/3,3/super_hot_regions:95,0x63b8bf9f44d0,0
625.x264_s/3,3/super_hot_regions:95,0x63b8bf9f44d3,0
625.x264_s/3,3/super_hot_regions:95,0x63b8bf9f44d6,0
625.x264_s/3,3/super_hot_regions:95,0x63b8bf9f44da,0

625.x264_s/3,3/super_hot_regions:96,0x63b8bf9f442a,2
625.x264_s/3,3/super_hot_regions:96,0x63b8bf9f442d,0
625.x264_s/3,3/super_hot_regions:96,0x63b8bf9f44de,0
625.x264_s/3,3/super_hot_regions:96,0x63b8bf9f44e3,0

625.x264_s/3,3/super_hot_regions:99,0x63b8bf9fb4fd,1
625.x264_s/3,3/super_hot_regions:99,0x63b8bf9fb500,0

627.cam4_s/1,1/super_hot_regions:101,0x7935f40a51b4,2
627.cam4_s/1,1/super_hot_regions:101,0x7935f40a51b8,0

627.cam4_s/1,1/super_hot_regions:22,0x60348ed81f00,2
627.cam4_s/1,1/super_hot_regions:22,0x60348ed81f06,0

627.cam4_s/1,1/super_hot_regions:24,0x60348ed81e28,2
627.cam4_s/1,1/super_hot_regions:24,0x60348ed81e2d,0

627.cam4_s/1,1/super_hot_regions:29,0x60348ed81e80,4
627.cam4_s/1,1/super_hot_regions:29,0x60348ed81e83,0
627.cam4_s/1,1/super_hot_regions:29,0x60348ed81e89,0
627.cam4_s/1,1/super_hot_regions:29,0x60348ed81e8c,0
627.cam4_s/1,1/super_hot_regions:29,0x60348ed81e8f,0
627.cam4_s/1,1/super_hot_regions:29,0x60348ed81e93,0

627.cam4_s/1,1/super_hot_regions:32,0x60348edd3fd0,2
627.cam4_s/1,1/super_hot_regions:32,0x60348edd3fd4,0

627.cam4_s/1,1/super_hot_regions:53,0x7935f452494e,1
627.cam4_s/1,1/super_hot_regions:53,0x7935f4524a13,0

627.cam4_s/1,1/super_hot_regions:93,0x7935f40a520e,2
627.cam4_s/1,1/super_hot_regions:93,0x7935f40a5213,0

627.cam4_s/1,1/super_hot_regions:95,0x7935f40a521f,2
627.cam4_s/1,1/super_hot_regions:95,0x7935f40a5225,0
627.cam4_s/1,1/super_hot_regions:95,0x7935f40a5229,0
627.cam4_s/1,1/super_hot_regions:95,0x7935f40a522c,0

627.cam4_s/1,1/super_hot_regions:98,0x7935f40a2a00,2
627.cam4_s/1,1/super_hot_regions:98,0x7935f40a2a0a,0

627.cam4_s/1,1/super_hot_regions:99,0x7935f40a2a0e,2
627.cam4_s/1,1/super_hot_regions:99,0x7935f40a2a11,0
627.cam4_s/1,1/super_hot_regions:99,0x7935f40a2a15,0
627.cam4_s/1,1/super_hot_regions:99,0x7935f40a2a1d,0

628.pop2_s/1,1/super_hot_regions:107,0x5dd06da502d0,1
628.pop2_s/1,1/super_hot_regions:107,0x5dd06da502d4,0

628.pop2_s/1,1/super_hot_regions:110,0x5dd06da50877,1
628.pop2_s/1,1/super_hot_regions:110,0x5dd06da5087b,0

628.pop2_s/1,1/super_hot_regions:41,0x5dd06d856668,1
628.pop2_s/1,1/super_hot_regions:41,0x5dd06d85666b,0
628.pop2_s/1,1/super_hot_regions:41,0x5dd06d85666e,0

628.pop2_s/1,1/super_hot_regions:42,0x5dd06d856672,2
628.pop2_s/1,1/super_hot_regions:42,0x5dd06d856679,0

628.pop2_s/1,1/super_hot_regions:43,0x5dd06d85667d,2
628.pop2_s/1,1/super_hot_regions:43,0x5dd06d856680,0
628.pop2_s/1,1/super_hot_regions:43,0x5dd06d856683,0
628.pop2_s/1,1/super_hot_regions:43,0x5dd06d85668a,0

628.pop2_s/1,1/super_hot_regions:46,0x5dd06d856617,6
628.pop2_s/1,1/super_hot_regions:46,0x5dd06d85661c,0
628.pop2_s/1,1/super_hot_regions:46,0x5dd06d856628,0
628.pop2_s/1,1/super_hot_regions:46,0x5dd06d856633,0
628.pop2_s/1,1/super_hot_regions:46,0x5dd06d856640,0
628.pop2_s/1,1/super_hot_regions:46,0x5dd06d856643,0

628.pop2_s/1,1/super_hot_regions:99,0x5dd06da4f138,1
628.pop2_s/1,1/super_hot_regions:99,0x5dd06da4f13c,0

631.deepsjeng_s/1,1/super_hot_regions:10,0x57ee1502990d,2
631.deepsjeng_s/1,1/super_hot_regions:10,0x57ee15029911,0

631.deepsjeng_s/1,1/super_hot_regions:104,0x57ee1502e8ba,1
631.deepsjeng_s/1,1/super_hot_regions:104,0x57ee1502e8bc,0

631.deepsjeng_s/1,1/super_hot_regions:108,0x57ee1502e4e9,1
631.deepsjeng_s/1,1/super_hot_regions:108,0x57ee1502e4ec,0

631.deepsjeng_s/1,1/super_hot_regions:11,0x57ee150298b4,4
631.deepsjeng_s/1,1/super_hot_regions:11,0x57ee150298c0,0
631.deepsjeng_s/1,1/super_hot_regions:11,0x57ee150298ca,0
631.deepsjeng_s/1,1/super_hot_regions:11,0x57ee150298cf,0
631.deepsjeng_s/1,1/super_hot_regions:11,0x57ee150298d2,0
631.deepsjeng_s/1,1/super_hot_regions:11,0x57ee150298dc,0
631.deepsjeng_s/1,1/super_hot_regions:11,0x57ee150298e5,0
631.deepsjeng_s/1,1/super_hot_regions:11,0x57ee150298ec,0
631.deepsjeng_s/1,1/super_hot_regions:11,0x57ee150298fe,0
631.deepsjeng_s/1,1/super_hot_regions:11,0x57ee15029915,0
631.deepsjeng_s/1,1/super_hot_regions:11,0x57ee1502991a,0
631.deepsjeng_s/1,1/super_hot_regions:11,0x57ee1502991f,0

631.deepsjeng_s/1,1/super_hot_regions:110,0x57ee1502de08,2
631.deepsjeng_s/1,1/super_hot_regions:110,0x57ee1502de17,0
631.deepsjeng_s/1,1/super_hot_regions:110,0x57ee1502de36,0
631.deepsjeng_s/1,1/super_hot_regions:110,0x57ee1502de3f,0
631.deepsjeng_s/1,1/super_hot_regions:110,0x57ee1502de42,0
631.deepsjeng_s/1,1/super_hot_regions:110,0x57ee1502de46,0

631.deepsjeng_s/1,1/super_hot_regions:111,0x57ee1502de14,5
631.deepsjeng_s/1,1/super_hot_regions:111,0x57ee1502de1b,0
631.deepsjeng_s/1,1/super_hot_regions:111,0x57ee1502de1e,0
631.deepsjeng_s/1,1/super_hot_regions:111,0x57ee1502de22,0
631.deepsjeng_s/1,1/super_hot_regions:111,0x57ee1502de25,0
631.deepsjeng_s/1,1/super_hot_regions:111,0x57ee1502de2d,0
631.deepsjeng_s/1,1/super_hot_regions:111,0x57ee1502de30,0
631.deepsjeng_s/1,1/super_hot_regions:111,0x57ee1502de39,0
631.deepsjeng_s/1,1/super_hot_regions:111,0x57ee1502de3d,0
631.deepsjeng_s/1,1/super_hot_regions:111,0x57ee1502de4f,0
631.deepsjeng_s/1,1/super_hot_regions:111,0x57ee1502de53,0
631.deepsjeng_s/1,1/super_hot_regions:111,0x57ee1502de59,0

631.deepsjeng_s/1,1/super_hot_regions:120,0x57ee15037810,1
631.deepsjeng_s/1,1/super_hot_regions:120,0x57ee15037815,0

631.deepsjeng_s/1,1/super_hot_regions:121,0x57ee1503781c,2
631.deepsjeng_s/1,1/super_hot_regions:121,0x57ee15037822,0
631.deepsjeng_s/1,1/super_hot_regions:121,0x57ee1503782b,0

631.deepsjeng_s/1,1/super_hot_regions:128,0x57ee1502c3f0,2
631.deepsjeng_s/1,1/super_hot_regions:128,0x57ee1502c3f3,0
631.deepsjeng_s/1,1/super_hot_regions:128,0x57ee1502c3f6,0
631.deepsjeng_s/1,1/super_hot_regions:128,0x57ee1502c3f8,0
631.deepsjeng_s/1,1/super_hot_regions:128,0x57ee1502c3fb,0
631.deepsjeng_s/1,1/super_hot_regions:128,0x57ee1502c3fd,0

631.deepsjeng_s/1,1/super_hot_regions:130,0x57ee15037792,1
631.deepsjeng_s/1,1/super_hot_regions:130,0x57ee1503779b,0

631.deepsjeng_s/1,1/super_hot_regions:132,0x57ee15029774,1
631.deepsjeng_s/1,1/super_hot_regions:132,0x57ee15029776,0

631.deepsjeng_s/1,1/super_hot_regions:133,0x57ee15029779,3
631.deepsjeng_s/1,1/super_hot_regions:133,0x57ee15029783,0
631.deepsjeng_s/1,1/super_hot_regions:133,0x57ee15029788,0
631.deepsjeng_s/1,1/super_hot_regions:133,0x57ee1502978b,0
631.deepsjeng_s/1,1/super_hot_regions:133,0x57ee15029795,0
631.deepsjeng_s/1,1/super_hot_regions:133,0x57ee150297a3,0

631.deepsjeng_s/1,1/super_hot_regions:134,0x57ee150297a7,3
631.deepsjeng_s/1,1/super_hot_regions:134,0x57ee150297ab,0
631.deepsjeng_s/1,1/super_hot_regions:134,0x57ee150297af,0

631.deepsjeng_s/1,1/super_hot_regions:135,0x57ee15033e6d,2
631.deepsjeng_s/1,1/super_hot_regions:135,0x57ee15033e78,0
631.deepsjeng_s/1,1/super_hot_regions:135,0x57ee15033e7a,0

631.deepsjeng_s/1,1/super_hot_regions:142,0x57ee150379f6,2
631.deepsjeng_s/1,1/super_hot_regions:142,0x57ee15037a04,0

631.deepsjeng_s/1,1/super_hot_regions:144,0x57ee15033e38,2
631.deepsjeng_s/1,1/super_hot_regions:144,0x57ee15033e42,0
631.deepsjeng_s/1,1/super_hot_regions:144,0x57ee15033e44,0

631.deepsjeng_s/1,1/super_hot_regions:145,0x57ee15033e3e,2
631.deepsjeng_s/1,1/super_hot_regions:145,0x57ee15033e51,0
631.deepsjeng_s/1,1/super_hot_regions:145,0x57ee15033e53,0
631.deepsjeng_s/1,1/super_hot_regions:145,0x57ee15033e56,0

631.deepsjeng_s/1,1/super_hot_regions:147,0x57ee15029a54,3
631.deepsjeng_s/1,1/super_hot_regions:147,0x57ee15029a56,0
631.deepsjeng_s/1,1/super_hot_regions:147,0x57ee15029a58,0
631.deepsjeng_s/1,1/super_hot_regions:147,0x57ee15029a5b,0
631.deepsjeng_s/1,1/super_hot_regions:147,0x57ee15029a5e,0
631.deepsjeng_s/1,1/super_hot_regions:147,0x57ee15029a60,0
631.deepsjeng_s/1,1/super_hot_regions:147,0x57ee15029a61,0
631.deepsjeng_s/1,1/super_hot_regions:147,0x57ee15029a64,0
631.deepsjeng_s/1,1/super_hot_regions:147,0x57ee15029a67,0
631.deepsjeng_s/1,1/super_hot_regions:147,0x57ee15029a69,0
631.deepsjeng_s/1,1/super_hot_regions:147,0x57ee15029a6b,0
631.deepsjeng_s/1,1/super_hot_regions:147,0x57ee15029a6d,0
631.deepsjeng_s/1,1/super_hot_regions:147,0x57ee15029a6f,0
631.deepsjeng_s/1,1/super_hot_regions:147,0x57ee15029a72,0
631.deepsjeng_s/1,1/super_hot_regions:147,0x57ee15029a74,0
631.deepsjeng_s/1,1/super_hot_regions:147,0x57ee15029a76,0
631.deepsjeng_s/1,1/super_hot_regions:147,0x57ee15029a78,0

631.deepsjeng_s/1,1/super_hot_regions:148,0x57ee1502def3,2
631.deepsjeng_s/1,1/super_hot_regions:148,0x57ee1502def7,0
631.deepsjeng_s/1,1/super_hot_regions:148,0x57ee1502defa,0
631.deepsjeng_s/1,1/super_hot_regions:148,0x57ee1502defe,0

631.deepsjeng_s/1,1/super_hot_regions:154,0x57ee1503465d,1
631.deepsjeng_s/1,1/super_hot_regions:154,0x57ee15034662,0
631.deepsjeng_s/1,1/super_hot_regions:154,0x57ee15034664,0

631.deepsjeng_s/1,1/super_hot_regions:159,0x57ee1502dd38,2
631.deepsjeng_s/1,1/super_hot_regions:159,0x57ee1502dd43,0
631.deepsjeng_s/1,1/super_hot_regions:159,0x57ee1502dd45,0

631.deepsjeng_s/1,1/super_hot_regions:163,0x57ee15032c24,1
631.deepsjeng_s/1,1/super_hot_regions:163,0x57ee15032c30,0

631.deepsjeng_s/1,1/super_hot_regions:164,0x57ee15032c1a,5
631.deepsjeng_s/1,1/super_hot_regions:164,0x57ee15032c21,0
631.deepsjeng_s/1,1/super_hot_regions:164,0x57ee15032c27,0
631.deepsjeng_s/1,1/super_hot_regions:164,0x57ee15032c29,0
631.deepsjeng_s/1,1/super_hot_regions:164,0x57ee15032c2c,0
631.deepsjeng_s/1,1/super_hot_regions:164,0x57ee15032c2e,0
631.deepsjeng_s/1,1/super_hot_regions:164,0x57ee15032c35,0
631.deepsjeng_s/1,1/super_hot_regions:164,0x57ee15032c38,0
631.deepsjeng_s/1,1/super_hot_regions:164,0x57ee15032c3b,0
631.deepsjeng_s/1,1/super_hot_regions:164,0x57ee15032c41,0
631.deepsjeng_s/1,1/super_hot_regions:164,0x57ee15032c43,0
631.deepsjeng_s/1,1/super_hot_regions:164,0x57ee15032c46,0
631.deepsjeng_s/1,1/super_hot_regions:164,0x57ee15032c48,0
631.deepsjeng_s/1,1/super_hot_regions:164,0x57ee15032c4a,0
631.deepsjeng_s/1,1/super_hot_regions:164,0x57ee15032c4c,0

631.deepsjeng_s/1,1/super_hot_regions:169,0x57ee15032d1e,2
631.deepsjeng_s/1,1/super_hot_regions:169,0x57ee15032d29,0

631.deepsjeng_s/1,1/super_hot_regions:17,0x57ee15029846,10
631.deepsjeng_s/1,1/super_hot_regions:17,0x57ee1502984d,0
631.deepsjeng_s/1,1/super_hot_regions:17,0x57ee15029854,0
631.deepsjeng_s/1,1/super_hot_regions:17,0x57ee15029858,0
631.deepsjeng_s/1,1/super_hot_regions:17,0x57ee1502985f,0
631.deepsjeng_s/1,1/super_hot_regions:17,0x57ee15029863,0
631.deepsjeng_s/1,1/super_hot_regions:17,0x57ee15029866,0
631.deepsjeng_s/1,1/super_hot_regions:17,0x57ee15029869,0
631.deepsjeng_s/1,1/super_hot_regions:17,0x57ee15029873,0
631.deepsjeng_s/1,1/super_hot_regions:17,0x57ee15029876,0
631.deepsjeng_s/1,1/super_hot_regions:17,0x57ee1502987a,0
631.deepsjeng_s/1,1/super_hot_regions:17,0x57ee15029881,0
631.deepsjeng_s/1,1/super_hot_regions:17,0x57ee15029885,0
631.deepsjeng_s/1,1/super_hot_regions:17,0x57ee15029890,0
631.deepsjeng_s/1,1/super_hot_regions:17,0x57ee15029898,0
631.deepsjeng_s/1,1/super_hot_regions:17,0x57ee1502989c,0
631.deepsjeng_s/1,1/super_hot_regions:17,0x57ee150298a0,0

631.deepsjeng_s/1,1/super_hot_regions:170,0x57ee15032d35,2
631.deepsjeng_s/1,1/super_hot_regions:170,0x57ee15032d43,0

631.deepsjeng_s/1,1/super_hot_regions:171,0x57ee15032d22,3
631.deepsjeng_s/1,1/super_hot_regions:171,0x57ee15032d25,0
631.deepsjeng_s/1,1/super_hot_regions:171,0x57ee15032d30,0
631.deepsjeng_s/1,1/super_hot_regions:171,0x57ee15032d3d,0
631.deepsjeng_s/1,1/super_hot_regions:171,0x57ee15032d3f,0
631.deepsjeng_s/1,1/super_hot_regions:171,0x57ee15032d4a,0

631.deepsjeng_s/1,1/super_hot_regions:2,0x57ee15029954,2
631.deepsjeng_s/1,1/super_hot_regions:2,0x57ee15029957,0
631.deepsjeng_s/1,1/super_hot_regions:2,0x57ee1502995c,0
631.deepsjeng_s/1,1/super_hot_regions:2,0x57ee15029961,0

631.deepsjeng_s/1,1/super_hot_regions:26,0x57ee1503248a,2
631.deepsjeng_s/1,1/super_hot_regions:26,0x57ee1503248d,0

631.deepsjeng_s/1,1/super_hot_regions:27,0x57ee150324a4,2
631.deepsjeng_s/1,1/super_hot_regions:27,0x57ee150324ab,0

631.deepsjeng_s/1,1/super_hot_regions:28,0x57ee1503247f,5
631.deepsjeng_s/1,1/super_hot_regions:28,0x57ee15032482,0
631.deepsjeng_s/1,1/super_hot_regions:28,0x57ee15032494,0
631.deepsjeng_s/1,1/super_hot_regions:28,0x57ee15032499,0
631.deepsjeng_s/1,1/super_hot_regions:28,0x57ee1503249d,0
631.deepsjeng_s/1,1/super_hot_regions:28,0x57ee150324a1,0
631.deepsjeng_s/1,1/super_hot_regions:28,0x57ee150324ae,0
631.deepsjeng_s/1,1/super_hot_regions:28,0x57ee150324b1,0
631.deepsjeng_s/1,1/super_hot_regions:28,0x57ee150324bd,0

631.deepsjeng_s/1,1/super_hot_regions:32,0x57ee15032c58,2
631.deepsjeng_s/1,1/super_hot_regions:32,0x57ee15032c5c,0

631.deepsjeng_s/1,1/super_hot_regions:34,0x57ee15032c73,1
631.deepsjeng_s/1,1/super_hot_regions:34,0x57ee15032c78,0
631.deepsjeng_s/1,1/super_hot_regions:34,0x57ee15032c7e,0

631.deepsjeng_s/1,1/super_hot_regions:36,0x57ee15037976,2
631.deepsjeng_s/1,1/super_hot_regions:36,0x57ee15037980,0

631.deepsjeng_s/1,1/super_hot_regions:37,0x57ee1503797b,2
631.deepsjeng_s/1,1/super_hot_regions:37,0x57ee1503798c,0

631.deepsjeng_s/1,1/super_hot_regions:41,0x57ee15037686,1
631.deepsjeng_s/1,1/super_hot_regions:41,0x57ee150376a4,0

631.deepsjeng_s/1,1/super_hot_regions:43,0x57ee150376e1,2
631.deepsjeng_s/1,1/super_hot_regions:43,0x57ee150376e8,0

631.deepsjeng_s/1,1/super_hot_regions:44,0x57ee150376b2,4
631.deepsjeng_s/1,1/super_hot_regions:44,0x57ee150376b9,0
631.deepsjeng_s/1,1/super_hot_regions:44,0x57ee150376d4,0
631.deepsjeng_s/1,1/super_hot_regions:44,0x57ee150376d7,0
631.deepsjeng_s/1,1/super_hot_regions:44,0x57ee150376dc,0
631.deepsjeng_s/1,1/super_hot_regions:44,0x57ee150376ec,0
631.deepsjeng_s/1,1/super_hot_regions:44,0x57ee150376f1,0
631.deepsjeng_s/1,1/super_hot_regions:44,0x57ee150376f4,0
631.deepsjeng_s/1,1/super_hot_regions:44,0x57ee150376fd,0

631.deepsjeng_s/1,1/super_hot_regions:45,0x57ee15037689,1
631.deepsjeng_s/1,1/super_hot_regions:45,0x57ee15037700,0

631.deepsjeng_s/1,1/super_hot_regions:46,0x57ee15026bce,1
631.deepsjeng_s/1,1/super_hot_regions:46,0x57ee15026bd1,0
631.deepsjeng_s/1,1/super_hot_regions:46,0x57ee15026bd8,0

631.deepsjeng_s/1,1/super_hot_regions:48,0x57ee15026bd5,1
631.deepsjeng_s/1,1/super_hot_regions:48,0x57ee15026c77,0

631.deepsjeng_s/1,1/super_hot_regions:5,0x57ee15038294,1
631.deepsjeng_s/1,1/super_hot_regions:5,0x57ee15038298,0
631.deepsjeng_s/1,1/super_hot_regions:5,0x57ee1503829b,0
631.deepsjeng_s/1,1/super_hot_regions:5,0x57ee150382a0,0
631.deepsjeng_s/1,1/super_hot_regions:5,0x57ee150382a9,0

631.deepsjeng_s/1,1/super_hot_regions:54,0x57ee15037708,1
631.deepsjeng_s/1,1/super_hot_regions:54,0x57ee1503770e,0

631.deepsjeng_s/1,1/super_hot_regions:55,0x57ee15037713,3
631.deepsjeng_s/1,1/super_hot_regions:55,0x57ee1503771a,0
631.deepsjeng_s/1,1/super_hot_regions:55,0x57ee1503771e,0
631.deepsjeng_s/1,1/super_hot_regions:55,0x57ee15037721,0
631.deepsjeng_s/1,1/super_hot_regions:55,0x57ee15037724,0
631.deepsjeng_s/1,1/super_hot_regions:55,0x57ee15037727,0
631.deepsjeng_s/1,1/super_hot_regions:55,0x57ee1503772a,0
631.deepsjeng_s/1,1/super_hot_regions:55,0x57ee1503772d,0

631.deepsjeng_s/1,1/super_hot_regions:58,0x57ee1503773b,2
631.deepsjeng_s/1,1/super_hot_regions:58,0x57ee1503773e,0
631.deepsjeng_s/1,1/super_hot_regions:58,0x57ee15037740,0
631.deepsjeng_s/1,1/super_hot_regions:58,0x57ee15037743,0
631.deepsjeng_s/1,1/super_hot_regions:58,0x57ee15037745,0

631.deepsjeng_s/1,1/super_hot_regions:59,0x57ee15037747,4
631.deepsjeng_s/1,1/super_hot_regions:59,0x57ee1503774e,0
631.deepsjeng_s/1,1/super_hot_regions:59,0x57ee15037755,0
631.deepsjeng_s/1,1/super_hot_regions:59,0x57ee1503775c,0
631.deepsjeng_s/1,1/super_hot_regions:59,0x57ee15037763,0
631.deepsjeng_s/1,1/super_hot_regions:59,0x57ee1503776a,0
631.deepsjeng_s/1,1/super_hot_regions:59,0x57ee15037771,0
631.deepsjeng_s/1,1/super_hot_regions:59,0x57ee15037774,0
631.deepsjeng_s/1,1/super_hot_regions:59,0x57ee15037777,0
631.deepsjeng_s/1,1/super_hot_regions:59,0x57ee1503777b,0

631.deepsjeng_s/1,1/super_hot_regions:61,0x57ee1502e53c,1
631.deepsjeng_s/1,1/super_hot_regions:61,0x57ee1502e53f,0

631.deepsjeng_s/1,1/super_hot_regions:63,0x57ee1502e631,1
631.deepsjeng_s/1,1/super_hot_regions:63,0x57ee1502e636,0

631.deepsjeng_s/1,1/super_hot_regions:64,0x57ee1502db36,1
631.deepsjeng_s/1,1/super_hot_regions:64,0x57ee1502db38,0
631.deepsjeng_s/1,1/super_hot_regions:64,0x57ee1502db40,0
631.deepsjeng_s/1,1/super_hot_regions:64,0x57ee1502db53,0

631.deepsjeng_s/1,1/super_hot_regions:65,0x57ee1502db5c,1
631.deepsjeng_s/1,1/super_hot_regions:65,0x57ee1502db5f,0
631.deepsjeng_s/1,1/super_hot_regions:65,0x57ee1502db68,0

631.deepsjeng_s/1,1/super_hot_regions:66,0x57ee1502db57,1
631.deepsjeng_s/1,1/super_hot_regions:66,0x57ee1502db62,0
631.deepsjeng_s/1,1/super_hot_regions:66,0x57ee1502db65,0
631.deepsjeng_s/1,1/super_hot_regions:66,0x57ee1502db6f,0

631.deepsjeng_s/1,1/super_hot_regions:67,0x57ee1502db59,1
631.deepsjeng_s/1,1/super_hot_regions:67,0x57ee1502db73,0
631.deepsjeng_s/1,1/super_hot_regions:67,0x57ee1502db83,0
631.deepsjeng_s/1,1/super_hot_regions:67,0x57ee1502db89,0

631.deepsjeng_s/1,1/super_hot_regions:68,0x57ee1502db4c,1
631.deepsjeng_s/1,1/super_hot_regions:68,0x57ee1502db93,0

631.deepsjeng_s/1,1/super_hot_regions:69,0x57ee1502db51,1
631.deepsjeng_s/1,1/super_hot_regions:69,0x57ee1502db80,0
631.deepsjeng_s/1,1/super_hot_regions:69,0x57ee1502db97,0

631.deepsjeng_s/1,1/super_hot_regions:7,0x57ee150298bb,1
631.deepsjeng_s/1,1/super_hot_regions:7,0x57ee150298bd,0

631.deepsjeng_s/1,1/super_hot_regions:71,0x57ee1502dbbb,2
631.deepsjeng_s/1,1/super_hot_regions:71,0x57ee1502dbc5,0

631.deepsjeng_s/1,1/super_hot_regions:73,0x57ee1502dbd4,2
631.deepsjeng_s/1,1/super_hot_regions:73,0x57ee1502dbdd,0

631.deepsjeng_s/1,1/super_hot_regions:74,0x57ee1502dbe7,2
631.deepsjeng_s/1,1/super_hot_regions:74,0x57ee1502dbf5,0

631.deepsjeng_s/1,1/super_hot_regions:75,0x57ee1502dbee,2
631.deepsjeng_s/1,1/super_hot_regions:75,0x57ee1502dc01,0

631.deepsjeng_s/1,1/super_hot_regions:76,0x57ee1502dbfa,2
631.deepsjeng_s/1,1/super_hot_regions:76,0x57ee1502dc06,0

631.deepsjeng_s/1,1/super_hot_regions:77,0x57ee1502dbe3,2
631.deepsjeng_s/1,1/super_hot_regions:77,0x57ee1502dc19,0

631.deepsjeng_s/1,1/super_hot_regions:78,0x57ee1502dc0e,3
631.deepsjeng_s/1,1/super_hot_regions:78,0x57ee1502dc15,0
631.deepsjeng_s/1,1/super_hot_regions:78,0x57ee1502dc1d,0

631.deepsjeng_s/1,1/super_hot_regions:79,0x57ee1502dc22,3
631.deepsjeng_s/1,1/super_hot_regions:79,0x57ee1502dc29,0
631.deepsjeng_s/1,1/super_hot_regions:79,0x57ee1502dc35,0

631.deepsjeng_s/1,1/super_hot_regions:8,0x57ee150298e0,1
631.deepsjeng_s/1,1/super_hot_regions:8,0x57ee150298e9,0

631.deepsjeng_s/1,1/super_hot_regions:82,0x57ee1502e410,1
631.deepsjeng_s/1,1/super_hot_regions:82,0x57ee1502e415,0

631.deepsjeng_s/1,1/super_hot_regions:83,0x57ee1502e409,1
631.deepsjeng_s/1,1/super_hot_regions:83,0x57ee1502e40d,0
631.deepsjeng_s/1,1/super_hot_regions:83,0x57ee1502e419,0
631.deepsjeng_s/1,1/super_hot_regions:83,0x57ee1502e41e,0
631.deepsjeng_s/1,1/super_hot_regions:83,0x57ee1502e4a1,0

631.deepsjeng_s/1,1/super_hot_regions:86,0x57ee1502e464,1
631.deepsjeng_s/1,1/super_hot_regions:86,0x57ee1502e4ca,0

631.deepsjeng_s/1,1/super_hot_regions:87,0x57ee1502e406,3
631.deepsjeng_s/1,1/super_hot_regions:87,0x57ee1502e421,0
631.deepsjeng_s/1,1/super_hot_regions:87,0x57ee1502e42d,0
631.deepsjeng_s/1,1/super_hot_regions:87,0x57ee1502e441,0
631.deepsjeng_s/1,1/super_hot_regions:87,0x57ee1502e493,0
631.deepsjeng_s/1,1/super_hot_regions:87,0x57ee1502e4bd,0
631.deepsjeng_s/1,1/super_hot_regions:87,0x57ee1502e4ce,0

631.deepsjeng_s/1,1/super_hot_regions:88,0x57ee1502e451,1
631.deepsjeng_s/1,1/super_hot_regions:88,0x57ee1502e473,0
631.deepsjeng_s/1,1/super_hot_regions:88,0x57ee1502e4d3,0

631.deepsjeng_s/1,1/super_hot_regions:89,0x57ee1502e45a,1
631.deepsjeng_s/1,1/super_hot_regions:89,0x57ee1502e485,0
631.deepsjeng_s/1,1/super_hot_regions:89,0x57ee1502e4d6,0

631.deepsjeng_s/1,1/super_hot_regions:9,0x57ee150298f0,2
631.deepsjeng_s/1,1/super_hot_regions:9,0x57ee150298f7,0

631.deepsjeng_s/1,1/super_hot_regions:90,0x57ee1502e432,3
631.deepsjeng_s/1,1/super_hot_regions:90,0x57ee1502e439,0
631.deepsjeng_s/1,1/super_hot_regions:90,0x57ee1502e43d,0
631.deepsjeng_s/1,1/super_hot_regions:90,0x57ee1502e490,0
631.deepsjeng_s/1,1/super_hot_regions:90,0x57ee1502e4da,0

631.deepsjeng_s/1,1/super_hot_regions:92,0x57ee1502de6e,1
631.deepsjeng_s/1,1/super_hot_regions:92,0x57ee1502de71,0

631.deepsjeng_s/1,1/super_hot_regions:94,0x57ee1502de7c,3
631.deepsjeng_s/1,1/super_hot_regions:94,0x57ee1502de81,0
631.deepsjeng_s/1,1/super_hot_regions:94,0x57ee1502de86,0

631.deepsjeng_s/1,1/super_hot_regions:99,0x57ee1502df2d,3
631.deepsjeng_s/1,1/super_hot_regions:99,0x57ee1502df32,0
631.deepsjeng_s/1,1/super_hot_regions:99,0x57ee1502df3f,0

641.leela_s/1,1/super_hot_regions:0,0x61244ae736b4,1
641.leela_s/1,1/super_hot_regions:0,0x61244ae736b7,0

641.leela_s/1,1/super_hot_regions:106,0x61244ae73560,1
641.leela_s/1,1/super_hot_regions:106,0x61244ae7356c,0

641.leela_s/1,1/super_hot_regions:110,0x61244ae73050,1
641.leela_s/1,1/super_hot_regions:110,0x61244ae73054,0

641.leela_s/1,1/super_hot_regions:15,0x61244ae7ad97,2
641.leela_s/1,1/super_hot_regions:15,0x61244ae7ad9b,0

641.leela_s/1,1/super_hot_regions:16,0x61244ae7ad9f,1
641.leela_s/1,1/super_hot_regions:16,0x61244ae7ada2,0

641.leela_s/1,1/super_hot_regions:17,0x61244ae73e54,3
641.leela_s/1,1/super_hot_regions:17,0x61244ae73e56,0
641.leela_s/1,1/super_hot_regions:17,0x61244ae73e5f,0
641.leela_s/1,1/super_hot_regions:17,0x61244ae73f32,0
641.leela_s/1,1/super_hot_regions:17,0x61244ae73f35,0
641.leela_s/1,1/super_hot_regions:17,0x61244ae73f38,0
641.leela_s/1,1/super_hot_regions:17,0x61244ae73f49,0
641.leela_s/1,1/super_hot_regions:17,0x61244ae73f52,0

641.leela_s/1,1/super_hot_regions:18,0x61244ae73e5c,3
641.leela_s/1,1/super_hot_regions:18,0x61244ae73e6d,0
641.leela_s/1,1/super_hot_regions:18,0x61244ae73e73,0
641.leela_s/1,1/super_hot_regions:18,0x61244ae73f58,0
641.leela_s/1,1/super_hot_regions:18,0x61244ae73f5e,0
641.leela_s/1,1/super_hot_regions:18,0x61244ae73f63,0
641.leela_s/1,1/super_hot_regions:18,0x61244ae73f6b,0
641.leela_s/1,1/super_hot_regions:18,0x61244ae73f74,0

641.leela_s/1,1/super_hot_regions:19,0x61244ae73e62,13
641.leela_s/1,1/super_hot_regions:19,0x61244ae73e66,0
641.leela_s/1,1/super_hot_regions:19,0x61244ae73e6a,0
641.leela_s/1,1/super_hot_regions:19,0x61244ae73e76,0
641.leela_s/1,1/super_hot_regions:19,0x61244ae73e7a,0
641.leela_s/1,1/super_hot_regions:19,0x61244ae73e7d,0
641.leela_s/1,1/super_hot_regions:19,0x61244ae73e80,0
641.leela_s/1,1/super_hot_regions:19,0x61244ae73e85,0
641.leela_s/1,1/super_hot_regions:19,0x61244ae73e8b,0
641.leela_s/1,1/super_hot_regions:19,0x61244ae73e95,0
641.leela_s/1,1/super_hot_regions:19,0x61244ae73e9f,0
641.leela_s/1,1/super_hot_regions:19,0x61244ae73ea2,0
641.leela_s/1,1/super_hot_regions:19,0x61244ae73ea9,0
641.leela_s/1,1/super_hot_regions:19,0x61244ae73eaf,0
641.leela_s/1,1/super_hot_regions:19,0x61244ae73eb8,0
641.leela_s/1,1/super_hot_regions:19,0x61244ae73ebb,0
641.leela_s/1,1/super_hot_regions:19,0x61244ae73ec1,0
641.leela_s/1,1/super_hot_regions:19,0x61244ae73eca,0
641.leela_s/1,1/super_hot_regions:19,0x61244ae73ed1,0
641.leela_s/1,1/super_hot_regions:19,0x61244ae73ed4,0
641.leela_s/1,1/super_hot_regions:19,0x61244ae73ed8,0
641.leela_s/1,1/super_hot_regions:19,0x61244ae73edb,0
641.leela_s/1,1/super_hot_regions:19,0x61244ae73ee1,0
641.leela_s/1,1/super_hot_regions:19,0x61244ae73eea,0
641.leela_s/1,1/super_hot_regions:19,0x61244ae73ef1,0
641.leela_s/1,1/super_hot_regions:19,0x61244ae73efa,0
641.leela_s/1,1/super_hot_regions:19,0x61244ae73efd,0
641.leela_s/1,1/super_hot_regions:19,0x61244ae73f01,0
641.leela_s/1,1/super_hot_regions:19,0x61244ae73f04,0
641.leela_s/1,1/super_hot_regions:19,0x61244ae73f0e,0
641.leela_s/1,1/super_hot_regions:19,0x61244ae73f12,0
641.leela_s/1,1/super_hot_regions:19,0x61244ae73f1a,0
641.leela_s/1,1/super_hot_regions:19,0x61244ae73f1e,0
641.leela_s/1,1/super_hot_regions:19,0x61244ae73f22,0
641.leela_s/1,1/super_hot_regions:19,0x61244ae73f25,0
641.leela_s/1,1/super_hot_regions:19,0x61244ae73f2e,0
641.leela_s/1,1/super_hot_regions:19,0x61244ae73f40,0
641.leela_s/1,1/super_hot_regions:19,0x61244ae73f44,0
641.leela_s/1,1/super_hot_regions:19,0x61244ae73f47,0
641.leela_s/1,1/super_hot_regions:19,0x61244ae73f55,0
641.leela_s/1,1/super_hot_regions:19,0x61244ae73f5b,0
641.leela_s/1,1/super_hot_regions:19,0x61244ae73f61,0
641.leela_s/1,1/super_hot_regions:19,0x61244ae73f77,0
641.leela_s/1,1/super_hot_regions:19,0x61244ae73f7a,0
641.leela_s/1,1/super_hot_regions:19,0x61244ae73f7d,0

641.leela_s/1,1/super_hot_regions:20,0x61244ae6f584,1
641.leela_s/1,1/super_hot_regions:20,0x61244ae6f58e,0
641.leela_s/1,1/super_hot_regions:20,0x61244ae6f591,0
641.leela_s/1,1/super_hot_regions:20,0x61244ae6f59f,0

641.leela_s/1,1/super_hot_regions:25,0x61244ae6ea04,1
641.leela_s/1,1/super_hot_regions:25,0x61244ae6ea07,0

641.leela_s/1,1/super_hot_regions:38,0x61244ae5ce7b,2
641.leela_s/1,1/super_hot_regions:38,0x61244ae5ce7e,0

641.leela_s/1,1/super_hot_regions:39,0x61244ae5ce82,1
641.leela_s/1,1/super_hot_regions:39,0x61244ae5ce85,0

641.leela_s/1,1/super_hot_regions:4,0x61244ae89456,2
641.leela_s/1,1/super_hot_regions:4,0x61244ae8946e,0
641.leela_s/1,1/super_hot_regions:4,0x61244ae89475,0
641.leela_s/1,1/super_hot_regions:4,0x61244ae8947a,0
641.leela_s/1,1/super_hot_regions:4,0x61244ae89480,0
641.leela_s/1,1/super_hot_regions:4,0x61244ae89483,0
641.leela_s/1,1/super_hot_regions:4,0x61244ae89486,0

641.leela_s/1,1/super_hot_regions:40,0x61244ae5ce89,3
641.leela_s/1,1/super_hot_regions:40,0x61244ae5ce93,0
641.leela_s/1,1/super_hot_regions:40,0x61244ae5ce98,0
641.leela_s/1,1/super_hot_regions:40,0x61244ae5ce9c,0

641.leela_s/1,1/super_hot_regions:51,0x61244ae89eb1,3
641.leela_s/1,1/super_hot_regions:51,0x61244ae89eb4,0
641.leela_s/1,1/super_hot_regions:51,0x61244ae89ec0,0

641.leela_s/1,1/super_hot_regions:52,0x61244ae89ebe,1
641.leela_s/1,1/super_hot_regions:52,0x61244ae89ecb,0

641.leela_s/1,1/super_hot_regions:53,0x61244ae89ed6,2
641.leela_s/1,1/super_hot_regions:53,0x61244ae89edd,0

641.leela_s/1,1/super_hot_regions:62,0x61244ae80972,2
641.leela_s/1,1/super_hot_regions:62,0x61244ae8097d,0

641.leela_s/1,1/super_hot_regions:67,0x61244ae80997,5
641.leela_s/1,1/super_hot_regions:67,0x61244ae8099e,0
641.leela_s/1,1/super_hot_regions:67,0x61244ae809a7,0
641.leela_s/1,1/super_hot_regions:67,0x61244ae809ae,0
641.leela_s/1,1/super_hot_regions:67,0x61244ae809b3,0
641.leela_s/1,1/super_hot_regions:67,0x61244ae809b8,0
641.leela_s/1,1/super_hot_regions:67,0x61244ae809c7,0

641.leela_s/1,1/super_hot_regions:72,0x61244ae6f5f6,1
641.leela_s/1,1/super_hot_regions:72,0x61244ae6f5f8,0
641.leela_s/1,1/super_hot_regions:72,0x61244ae6f5fb,0
641.leela_s/1,1/super_hot_regions:72,0x61244ae6f5fe,0

641.leela_s/1,1/super_hot_regions:73,0x61244ae6f606,1
641.leela_s/1,1/super_hot_regions:73,0x61244ae6f60f,0

641.leela_s/1,1/super_hot_regions:74,0x61244ae72fb5,6
641.leela_s/1,1/super_hot_regions:74,0x61244ae72fbe,0
641.leela_s/1,1/super_hot_regions:74,0x61244ae72fc2,0
641.leela_s/1,1/super_hot_regions:74,0x61244ae72fc5,0
641.leela_s/1,1/super_hot_regions:74,0x61244ae72fc7,0
641.leela_s/1,1/super_hot_regions:74,0x61244ae72fda,0
641.leela_s/1,1/super_hot_regions:74,0x61244ae72fdc,0
641.leela_s/1,1/super_hot_regions:74,0x61244ae72fe4,0
641.leela_s/1,1/super_hot_regions:74,0x61244ae72fe6,0
641.leela_s/1,1/super_hot_regions:74,0x61244ae72fe9,0
641.leela_s/1,1/super_hot_regions:74,0x61244ae72feb,0
641.leela_s/1,1/super_hot_regions:74,0x61244ae72fed,0
641.leela_s/1,1/super_hot_regions:74,0x61244ae72ff0,0
641.leela_s/1,1/super_hot_regions:74,0x61244ae72ff2,0
641.leela_s/1,1/super_hot_regions:74,0x61244ae72ffa,0

641.leela_s/1,1/super_hot_regions:75,0x61244ae72ffd,3
641.leela_s/1,1/super_hot_regions:75,0x61244ae73002,0
641.leela_s/1,1/super_hot_regions:75,0x61244ae73004,0
641.leela_s/1,1/super_hot_regions:75,0x61244ae7300c,0

641.leela_s/1,1/super_hot_regions:76,0x61244ae7300f,3
641.leela_s/1,1/super_hot_regions:76,0x61244ae73013,0
641.leela_s/1,1/super_hot_regions:76,0x61244ae73015,0
641.leela_s/1,1/super_hot_regions:76,0x61244ae7301d,0
641.leela_s/1,1/super_hot_regions:76,0x61244ae73020,0

641.leela_s/1,1/super_hot_regions:77,0x61244ae73022,1
641.leela_s/1,1/super_hot_regions:77,0x61244ae73024,0

641.leela_s/1,1/super_hot_regions:88,0x61244ae6e9e4,2
641.leela_s/1,1/super_hot_regions:88,0x61244ae6e9ea,0
641.leela_s/1,1/super_hot_regions:88,0x61244ae6e9ec,0
641.leela_s/1,1/super_hot_regions:88,0x61244ae6e9ef,0

641.leela_s/1,1/super_hot_regions:94,0x61244ae5cd01,1
641.leela_s/1,1/super_hot_regions:94,0x61244ae5cd0a,0

644.nab_s/1,1/super_hot_regions:0,0x5fac5e140d10,2
644.nab_s/1,1/super_hot_regions:0,0x5fac5e140d15,0

644.nab_s/1,1/super_hot_regions:114,0x5fac5e1392a4,2
644.nab_s/1,1/super_hot_regions:114,0x5fac5e1392a8,0

644.nab_s/1,1/super_hot_regions:116,0x5fac5e139999,2
644.nab_s/1,1/super_hot_regions:116,0x5fac5e1399a1,0

644.nab_s/1,1/super_hot_regions:117,0x5fac5e1399de,2
644.nab_s/1,1/super_hot_regions:117,0x5fac5e1399e6,0

644.nab_s/1,1/super_hot_regions:118,0x5fac5e139a5f,2
644.nab_s/1,1/super_hot_regions:118,0x5fac5e139a67,0

644.nab_s/1,1/super_hot_regions:119,0x5fac5e139c4d,2
644.nab_s/1,1/super_hot_regions:119,0x5fac5e139c55,0

644.nab_s/1,1/super_hot_regions:120,0x5fac5e139c80,2
644.nab_s/1,1/super_hot_regions:120,0x5fac5e139c88,0

644.nab_s/1,1/super_hot_regions:121,0x5fac5e139caa,2
644.nab_s/1,1/super_hot_regions:121,0x5fac5e139cb2,0

644.nab_s/1,1/super_hot_regions:124,0x5fac5e138cfa,3
644.nab_s/1,1/super_hot_regions:124,0x5fac5e138d1c,0
644.nab_s/1,1/super_hot_regions:124,0x5fac5e138d24,0

644.nab_s/1,1/super_hot_regions:125,0x5fac5e138d20,2
644.nab_s/1,1/super_hot_regions:125,0x5fac5e138d46,0
644.nab_s/1,1/super_hot_regions:125,0x5fac5e138d48,0
644.nab_s/1,1/super_hot_regions:125,0x5fac5e138d4a,0

644.nab_s/1,1/super_hot_regions:126,0x5fac5e138dcb,2
644.nab_s/1,1/super_hot_regions:126,0x5fac5e138dcf,0

644.nab_s/1,1/super_hot_regions:127,0x5fac5e138dd7,2
644.nab_s/1,1/super_hot_regions:127,0x5fac5e138ddb,0

644.nab_s/1,1/super_hot_regions:128,0x5fac5e138de3,2
644.nab_s/1,1/super_hot_regions:128,0x5fac5e138de7,0

644.nab_s/1,1/super_hot_regions:129,0x5fac5e138def,2
644.nab_s/1,1/super_hot_regions:129,0x5fac5e138df3,0

644.nab_s/1,1/super_hot_regions:130,0x5fac5e138e0c,2
644.nab_s/1,1/super_hot_regions:130,0x5fac5e138e10,0

644.nab_s/1,1/super_hot_regions:131,0x5fac5e138e18,2
644.nab_s/1,1/super_hot_regions:131,0x5fac5e138e1c,0

644.nab_s/1,1/super_hot_regions:132,0x5fac5e138ec7,2
644.nab_s/1,1/super_hot_regions:132,0x5fac5e138ecb,0

644.nab_s/1,1/super_hot_regions:135,0x5fac5e1413a8,2
644.nab_s/1,1/super_hot_regions:135,0x5fac5e1413af,0
644.nab_s/1,1/super_hot_regions:135,0x5fac5e1413b4,0

644.nab_s/1,1/super_hot_regions:136,0x5fac5e1413ab,2
644.nab_s/1,1/super_hot_regions:136,0x5fac5e1413b7,0

644.nab_s/1,1/super_hot_regions:147,0x5fac5e140cb6,1
644.nab_s/1,1/super_hot_regions:147,0x5fac5e140cb8,0

644.nab_s/1,1/super_hot_regions:154,0x5fac5e13c4c8,2
644.nab_s/1,1/super_hot_regions:154,0x5fac5e13c4cc,0

644.nab_s/1,1/super_hot_regions:156,0x5fac5e13c522,2
644.nab_s/1,1/super_hot_regions:156,0x5fac5e13c532,0

644.nab_s/1,1/super_hot_regions:34,0x5fac5e13a744,1
644.nab_s/1,1/super_hot_regions:34,0x5fac5e13a746,0

644.nab_s/1,1/super_hot_regions:47,0x5fac5e140b58,1
644.nab_s/1,1/super_hot_regions:47,0x5fac5e140b60,0

644.nab_s/1,1/super_hot_regions:5,0x5fac5e140d22,1
644.nab_s/1,1/super_hot_regions:5,0x5fac5e140d24,0

644.nab_s/1,1/super_hot_regions:52,0x5fac5e1409c4,1
644.nab_s/1,1/super_hot_regions:52,0x5fac5e1409c9,0

644.nab_s/1,1/super_hot_regions:53,0x5fac5e1409f6,2
644.nab_s/1,1/super_hot_regions:53,0x5fac5e1409fa,0

644.nab_s/1,1/super_hot_regions:54,0x5fac5e140a0e,2
644.nab_s/1,1/super_hot_regions:54,0x5fac5e140a18,0

644.nab_s/1,1/super_hot_regions:55,0x5fac5e140a1d,2
644.nab_s/1,1/super_hot_regions:55,0x5fac5e140a2e,0

644.nab_s/1,1/super_hot_regions:56,0x5fac5e140a26,2
644.nab_s/1,1/super_hot_regions:56,0x5fac5e140a33,0

644.nab_s/1,1/super_hot_regions:57,0x5fac5e140a22,2
644.nab_s/1,1/super_hot_regions:57,0x5fac5e140a38,0

644.nab_s/1,1/super_hot_regions:61,0x5fac5e140bb4,2
644.nab_s/1,1/super_hot_regions:61,0x5fac5e140bbb,0

644.nab_s/1,1/super_hot_regions:73,0x5fac5e140ce0,2
644.nab_s/1,1/super_hot_regions:73,0x5fac5e140ce6,0
644.nab_s/1,1/super_hot_regions:73,0x5fac5e140cef,0

644.nab_s/1,1/super_hot_regions:78,0x5fac5e13fda8,1
644.nab_s/1,1/super_hot_regions:78,0x5fac5e13fdaa,0

644.nab_s/1,1/super_hot_regions:80,0x5fac5e140ca4,2
644.nab_s/1,1/super_hot_regions:80,0x5fac5e140ca9,0

644.nab_s/1,1/super_hot_regions:99,0x5fac5e13a5e0,2
644.nab_s/1,1/super_hot_regions:99,0x5fac5e13a5e3,0

648.exchange2_s/1,1/super_hot_regions:100,0x63beba65e0d5,2
648.exchange2_s/1,1/super_hot_regions:100,0x63beba65e0dd,0

648.exchange2_s/1,1/super_hot_regions:101,0x63beba65e0e4,2
648.exchange2_s/1,1/super_hot_regions:101,0x63beba65e0ec,0

648.exchange2_s/1,1/super_hot_regions:102,0x63beba65ffbb,8
648.exchange2_s/1,1/super_hot_regions:102,0x63beba65ffc3,0
648.exchange2_s/1,1/super_hot_regions:102,0x63beba65ffc7,0
648.exchange2_s/1,1/super_hot_regions:102,0x63beba65ffcb,0
648.exchange2_s/1,1/super_hot_regions:102,0x63beba65ffd2,0
648.exchange2_s/1,1/super_hot_regions:102,0x63beba65ffd9,0
648.exchange2_s/1,1/super_hot_regions:102,0x63beba65ffdd,0
648.exchange2_s/1,1/super_hot_regions:102,0x63beba65ffe1,0
648.exchange2_s/1,1/super_hot_regions:102,0x63beba65ffe5,0
648.exchange2_s/1,1/super_hot_regions:102,0x63beba65ffe8,0
648.exchange2_s/1,1/super_hot_regions:102,0x63beba65ffec,0
648.exchange2_s/1,1/super_hot_regions:102,0x63beba65fff0,0
648.exchange2_s/1,1/super_hot_regions:102,0x63beba65fff4,0
648.exchange2_s/1,1/super_hot_regions:102,0x63beba65fff8,0

648.exchange2_s/1,1/super_hot_regions:108,0x63beba65e7ff,2
648.exchange2_s/1,1/super_hot_regions:108,0x63beba65e806,0
648.exchange2_s/1,1/super_hot_regions:108,0x63beba65e80d,0
648.exchange2_s/1,1/super_hot_regions:108,0x63beba65e80f,0
648.exchange2_s/1,1/super_hot_regions:108,0x63beba65e815,0

648.exchange2_s/1,1/super_hot_regions:109,0x63beba65e81c,2
648.exchange2_s/1,1/super_hot_regions:109,0x63beba65e824,0

648.exchange2_s/1,1/super_hot_regions:111,0x63beba65ff25,8
648.exchange2_s/1,1/super_hot_regions:111,0x63beba65ff2d,0
648.exchange2_s/1,1/super_hot_regions:111,0x63beba65ff31,0
648.exchange2_s/1,1/super_hot_regions:111,0x63beba65ff35,0
648.exchange2_s/1,1/super_hot_regions:111,0x63beba65ff39,0
648.exchange2_s/1,1/super_hot_regions:111,0x63beba65ff40,0
648.exchange2_s/1,1/super_hot_regions:111,0x63beba65ff47,0
648.exchange2_s/1,1/super_hot_regions:111,0x63beba65ff4e,0
648.exchange2_s/1,1/super_hot_regions:111,0x63beba65ff55,0
648.exchange2_s/1,1/super_hot_regions:111,0x63beba65ff5c,0
648.exchange2_s/1,1/super_hot_regions:111,0x63beba65ff60,0
648.exchange2_s/1,1/super_hot_regions:111,0x63beba65ff64,0
648.exchange2_s/1,1/super_hot_regions:111,0x63beba65ff68,0
648.exchange2_s/1,1/super_hot_regions:111,0x63beba65ff6c,0
648.exchange2_s/1,1/super_hot_regions:111,0x63beba65ff70,0

648.exchange2_s/1,1/super_hot_regions:112,0x63beba662602,1
648.exchange2_s/1,1/super_hot_regions:112,0x63beba662604,0

648.exchange2_s/1,1/super_hot_regions:113,0x63beba662600,1
648.exchange2_s/1,1/super_hot_regions:113,0x63beba66260b,0

648.exchange2_s/1,1/super_hot_regions:115,0x63beba6635b3,2
648.exchange2_s/1,1/super_hot_regions:115,0x63beba6635b5,0

648.exchange2_s/1,1/super_hot_regions:116,0x63beba6635b0,1
648.exchange2_s/1,1/super_hot_regions:116,0x63beba6635bc,0

648.exchange2_s/1,1/super_hot_regions:122,0x63beba661f93,1
648.exchange2_s/1,1/super_hot_regions:122,0x63beba661f9a,0

648.exchange2_s/1,1/super_hot_regions:124,0x7bd1ede61fbd,2
648.exchange2_s/1,1/super_hot_regions:124,0x7bd1ede61fc1,0

648.exchange2_s/1,1/super_hot_regions:125,0x7bd1ede61fc5,3
648.exchange2_s/1,1/super_hot_regions:125,0x7bd1ede61fc9,0
648.exchange2_s/1,1/super_hot_regions:125,0x7bd1ede61fcd,0

648.exchange2_s/1,1/super_hot_regions:130,0x63beba65d0d2,3
648.exchange2_s/1,1/super_hot_regions:130,0x63beba65d0d9,0
648.exchange2_s/1,1/super_hot_regions:130,0x63beba65d0dd,0

648.exchange2_s/1,1/super_hot_regions:133,0x63beba65dfd1,2
648.exchange2_s/1,1/super_hot_regions:133,0x63beba65dfd8,0

648.exchange2_s/1,1/super_hot_regions:26,0x63beba65eb14,2
648.exchange2_s/1,1/super_hot_regions:26,0x63beba65eb22,0

648.exchange2_s/1,1/super_hot_regions:27,0x63beba65eb28,2
648.exchange2_s/1,1/super_hot_regions:27,0x63beba65eb37,0

648.exchange2_s/1,1/super_hot_regions:28,0x63beba65eb1b,3
648.exchange2_s/1,1/super_hot_regions:28,0x63beba65eb30,0
648.exchange2_s/1,1/super_hot_regions:28,0x63beba65eb43,0

648.exchange2_s/1,1/super_hot_regions:32,0x63beba65fd17,6
648.exchange2_s/1,1/super_hot_regions:32,0x63beba65fd1c,0
648.exchange2_s/1,1/super_hot_regions:32,0x63beba65fd20,0
648.exchange2_s/1,1/super_hot_regions:32,0x63beba65fd27,0
648.exchange2_s/1,1/super_hot_regions:32,0x63beba65fd2e,0
648.exchange2_s/1,1/super_hot_regions:32,0x63beba65fd32,0
648.exchange2_s/1,1/super_hot_regions:32,0x63beba65fd36,0
648.exchange2_s/1,1/super_hot_regions:32,0x63beba65fd3a,0
648.exchange2_s/1,1/super_hot_regions:32,0x63beba65fd3d,0
648.exchange2_s/1,1/super_hot_regions:32,0x63beba65fd41,0

648.exchange2_s/1,1/super_hot_regions:34,0x63beba65fd4a,6
648.exchange2_s/1,1/super_hot_regions:34,0x63beba65fd52,0
648.exchange2_s/1,1/super_hot_regions:34,0x63beba65fd56,0
648.exchange2_s/1,1/super_hot_regions:34,0x63beba65fd5a,0
648.exchange2_s/1,1/super_hot_regions:34,0x63beba65fd61,0
648.exchange2_s/1,1/super_hot_regions:34,0x63beba65fd68,0
648.exchange2_s/1,1/super_hot_regions:34,0x63beba65fd6c,0
648.exchange2_s/1,1/super_hot_regions:34,0x63beba65fd70,0
648.exchange2_s/1,1/super_hot_regions:34,0x63beba65fd74,0
648.exchange2_s/1,1/super_hot_regions:34,0x63beba65fd77,0
648.exchange2_s/1,1/super_hot_regions:34,0x63beba65fd7b,0

648.exchange2_s/1,1/super_hot_regions:37,0x7bd1ede62175,2
648.exchange2_s/1,1/super_hot_regions:37,0x7bd1ede62187,0

648.exchange2_s/1,1/super_hot_regions:39,0x7bd1ede62140,2
648.exchange2_s/1,1/super_hot_regions:39,0x7bd1ede62148,0
648.exchange2_s/1,1/super_hot_regions:39,0x7bd1ede6214f,0

648.exchange2_s/1,1/super_hot_regions:40,0x7bd1ede6215a,2
648.exchange2_s/1,1/super_hot_regions:40,0x7bd1ede6215e,0
648.exchange2_s/1,1/super_hot_regions:40,0x7bd1ede62161,0
648.exchange2_s/1,1/super_hot_regions:40,0x7bd1ede62169,0

648.exchange2_s/1,1/super_hot_regions:42,0x63beba65ec3c,2
648.exchange2_s/1,1/super_hot_regions:42,0x63beba65ec48,0

648.exchange2_s/1,1/super_hot_regions:44,0x63beba65fc5a,5
648.exchange2_s/1,1/super_hot_regions:44,0x63beba65fc5f,0
648.exchange2_s/1,1/super_hot_regions:44,0x63beba65fc63,0
648.exchange2_s/1,1/super_hot_regions:44,0x63beba65fc67,0
648.exchange2_s/1,1/super_hot_regions:44,0x63beba65fc6b,0
648.exchange2_s/1,1/super_hot_regions:44,0x63beba65fc6f,0
648.exchange2_s/1,1/super_hot_regions:44,0x63beba65fc73,0
648.exchange2_s/1,1/super_hot_regions:44,0x63beba65fc77,0
648.exchange2_s/1,1/super_hot_regions:44,0x63beba65fc7b,0

648.exchange2_s/1,1/super_hot_regions:45,0x7bd1ede62210,2
648.exchange2_s/1,1/super_hot_regions:45,0x7bd1ede6221f,0

648.exchange2_s/1,1/super_hot_regions:49,0x63beba65ea58,2
648.exchange2_s/1,1/super_hot_regions:49,0x63beba65ea66,0

648.exchange2_s/1,1/super_hot_regions:50,0x63beba65ea7c,2
648.exchange2_s/1,1/super_hot_regions:50,0x63beba65ea8b,0

648.exchange2_s/1,1/super_hot_regions:52,0x63beba65fd84,7
648.exchange2_s/1,1/super_hot_regions:52,0x63beba65fd8c,0
648.exchange2_s/1,1/super_hot_regions:52,0x63beba65fd90,0
648.exchange2_s/1,1/super_hot_regions:52,0x63beba65fd94,0
648.exchange2_s/1,1/super_hot_regions:52,0x63beba65fd98,0
648.exchange2_s/1,1/super_hot_regions:52,0x63beba65fd9f,0
648.exchange2_s/1,1/super_hot_regions:52,0x63beba65fda6,0
648.exchange2_s/1,1/super_hot_regions:52,0x63beba65fdaa,0
648.exchange2_s/1,1/super_hot_regions:52,0x63beba65fdae,0
648.exchange2_s/1,1/super_hot_regions:52,0x63beba65fdb2,0
648.exchange2_s/1,1/super_hot_regions:52,0x63beba65fdb6,0
648.exchange2_s/1,1/super_hot_regions:52,0x63beba65fdba,0

648.exchange2_s/1,1/super_hot_regions:61,0x63beba65e8cf,2
648.exchange2_s/1,1/super_hot_regions:61,0x63beba65e8d6,0

648.exchange2_s/1,1/super_hot_regions:62,0x63beba65e8dc,2
648.exchange2_s/1,1/super_hot_regions:62,0x63beba65e8e3,0

648.exchange2_s/1,1/super_hot_regions:63,0x63beba65e8ea,2
648.exchange2_s/1,1/super_hot_regions:63,0x63beba65e8f2,0

648.exchange2_s/1,1/super_hot_regions:66,0x63beba65e99b,2
648.exchange2_s/1,1/super_hot_regions:66,0x63beba65e9a9,0

648.exchange2_s/1,1/super_hot_regions:67,0x63beba65e9b6,2
648.exchange2_s/1,1/super_hot_regions:67,0x63beba65e9c7,0

648.exchange2_s/1,1/super_hot_regions:69,0x63beba65fe52,7
648.exchange2_s/1,1/super_hot_regions:69,0x63beba65fe5a,0
648.exchange2_s/1,1/super_hot_regions:69,0x63beba65fe5e,0
648.exchange2_s/1,1/super_hot_regions:69,0x63beba65fe65,0
648.exchange2_s/1,1/super_hot_regions:69,0x63beba65fe6c,0
648.exchange2_s/1,1/super_hot_regions:69,0x63beba65fe73,0
648.exchange2_s/1,1/super_hot_regions:69,0x63beba65fe7a,0
648.exchange2_s/1,1/super_hot_regions:69,0x63beba65fe81,0
648.exchange2_s/1,1/super_hot_regions:69,0x63beba65fe85,0
648.exchange2_s/1,1/super_hot_regions:69,0x63beba65fe89,0
648.exchange2_s/1,1/super_hot_regions:69,0x63beba65fe8d,0
648.exchange2_s/1,1/super_hot_regions:69,0x63beba65fe90,0
648.exchange2_s/1,1/super_hot_regions:69,0x63beba65fe94,0

648.exchange2_s/1,1/super_hot_regions:71,0x63beba65fed6,8
648.exchange2_s/1,1/super_hot_regions:71,0x63beba65fede,0
648.exchange2_s/1,1/super_hot_regions:71,0x63beba65fee2,0
648.exchange2_s/1,1/super_hot_regions:71,0x63beba65fee6,0
648.exchange2_s/1,1/super_hot_regions:71,0x63beba65feed,0
648.exchange2_s/1,1/super_hot_regions:71,0x63beba65fef4,0
648.exchange2_s/1,1/super_hot_regions:71,0x63beba65fefb,0
648.exchange2_s/1,1/super_hot_regions:71,0x63beba65ff02,0
648.exchange2_s/1,1/super_hot_regions:71,0x63beba65ff09,0
648.exchange2_s/1,1/super_hot_regions:71,0x63beba65ff0d,0
648.exchange2_s/1,1/super_hot_regions:71,0x63beba65ff11,0
648.exchange2_s/1,1/super_hot_regions:71,0x63beba65ff15,0
648.exchange2_s/1,1/super_hot_regions:71,0x63beba65ff18,0
648.exchange2_s/1,1/super_hot_regions:71,0x63beba65ff1c,0

648.exchange2_s/1,1/super_hot_regions:74,0x63beba654cc0,1
648.exchange2_s/1,1/super_hot_regions:74,0x63beba654cc3,0

648.exchange2_s/1,1/super_hot_regions:76,0x63beba654d60,1
648.exchange2_s/1,1/super_hot_regions:76,0x63beba654d62,0

648.exchange2_s/1,1/super_hot_regions:79,0x7bd1ede621e1,6
648.exchange2_s/1,1/super_hot_regions:79,0x7bd1ede621e5,0
648.exchange2_s/1,1/super_hot_regions:79,0x7bd1ede621e8,0
648.exchange2_s/1,1/super_hot_regions:79,0x7bd1ede621ed,0
648.exchange2_s/1,1/super_hot_regions:79,0x7bd1ede621f0,0
648.exchange2_s/1,1/super_hot_regions:79,0x7bd1ede621fc,0
648.exchange2_s/1,1/super_hot_regions:79,0x7bd1ede62200,0
648.exchange2_s/1,1/super_hot_regions:79,0x7bd1ede62204,0
648.exchange2_s/1,1/super_hot_regions:79,0x7bd1ede62207,0

648.exchange2_s/1,1/super_hot_regions:80,0x63beba65ec89,3
648.exchange2_s/1,1/super_hot_regions:80,0x63beba65ec8d,0
648.exchange2_s/1,1/super_hot_regions:80,0x63beba65ec92,0
648.exchange2_s/1,1/super_hot_regions:80,0x63beba65ecb8,0
648.exchange2_s/1,1/super_hot_regions:80,0x63beba65ecba,0
648.exchange2_s/1,1/super_hot_regions:80,0x63beba65ecc0,0

648.exchange2_s/1,1/super_hot_regions:86,0x63beba65e194,2
648.exchange2_s/1,1/super_hot_regions:86,0x63beba65e196,0
648.exchange2_s/1,1/super_hot_regions:86,0x63beba65e199,0

648.exchange2_s/1,1/super_hot_regions:87,0x63beba65e1a0,2
648.exchange2_s/1,1/super_hot_regions:87,0x63beba65e1a5,0

648.exchange2_s/1,1/super_hot_regions:88,0x63beba65e1ad,3
648.exchange2_s/1,1/super_hot_regions:88,0x63beba65e1b4,0
648.exchange2_s/1,1/super_hot_regions:88,0x63beba65e1b6,0
648.exchange2_s/1,1/super_hot_regions:88,0x63beba65e1bd,0

648.exchange2_s/1,1/super_hot_regions:89,0x63beba65e163,2
648.exchange2_s/1,1/super_hot_regions:89,0x63beba65e171,0

648.exchange2_s/1,1/super_hot_regions:91,0x63beba65ff79,7
648.exchange2_s/1,1/super_hot_regions:91,0x63beba65ff81,0
648.exchange2_s/1,1/super_hot_regions:91,0x63beba65ff85,0
648.exchange2_s/1,1/super_hot_regions:91,0x63beba65ff8c,0
648.exchange2_s/1,1/super_hot_regions:91,0x63beba65ff93,0
648.exchange2_s/1,1/super_hot_regions:91,0x63beba65ff97,0
648.exchange2_s/1,1/super_hot_regions:91,0x63beba65ff9b,0
648.exchange2_s/1,1/super_hot_regions:91,0x63beba65ff9f,0
648.exchange2_s/1,1/super_hot_regions:91,0x63beba65ffa2,0
648.exchange2_s/1,1/super_hot_regions:91,0x63beba65ffa6,0
648.exchange2_s/1,1/super_hot_regions:91,0x63beba65ffaa,0
648.exchange2_s/1,1/super_hot_regions:91,0x63beba65ffae,0
648.exchange2_s/1,1/super_hot_regions:91,0x63beba65ffb2,0

648.exchange2_s/1,1/super_hot_regions:92,0x63beba65e230,2
648.exchange2_s/1,1/super_hot_regions:92,0x63beba65e23e,0

648.exchange2_s/1,1/super_hot_regions:94,0x63beba65e25e,2
648.exchange2_s/1,1/super_hot_regions:94,0x63beba65e263,0

648.exchange2_s/1,1/super_hot_regions:95,0x63beba65fe9d,7
648.exchange2_s/1,1/super_hot_regions:95,0x63beba65fea5,0
648.exchange2_s/1,1/super_hot_regions:95,0x63beba65fea9,0
648.exchange2_s/1,1/super_hot_regions:95,0x63beba65fead,0
648.exchange2_s/1,1/super_hot_regions:95,0x63beba65feb1,0
648.exchange2_s/1,1/super_hot_regions:95,0x63beba65feb5,0
648.exchange2_s/1,1/super_hot_regions:95,0x63beba65feb9,0
648.exchange2_s/1,1/super_hot_regions:95,0x63beba65febd,0
648.exchange2_s/1,1/super_hot_regions:95,0x63beba65fec1,0
648.exchange2_s/1,1/super_hot_regions:95,0x63beba65fec5,0
648.exchange2_s/1,1/super_hot_regions:95,0x63beba65fec9,0
648.exchange2_s/1,1/super_hot_regions:95,0x63beba65fecd,0

648.exchange2_s/1,1/super_hot_regions:98,0x63beba65e0a4,2
648.exchange2_s/1,1/super_hot_regions:98,0x63beba65e0b2,0

649.fotonik3d_s/1,1/super_hot_regions:102,0x566cf36b3c8b,2
649.fotonik3d_s/1,1/super_hot_regions:102,0x566cf36b3c92,0

649.fotonik3d_s/1,1/super_hot_regions:104,0x566cf36b3dd7,2
649.fotonik3d_s/1,1/super_hot_regions:104,0x566cf36b3de7,0

649.fotonik3d_s/1,1/super_hot_regions:105,0x566cf36b3def,2
649.fotonik3d_s/1,1/super_hot_regions:105,0x566cf36b3dff,0

649.fotonik3d_s/1,1/super_hot_regions:106,0x566cf36b3ddf,2
649.fotonik3d_s/1,1/super_hot_regions:106,0x566cf36b3df7,0
649.fotonik3d_s/1,1/super_hot_regions:106,0x566cf36b3e0f,0

649.fotonik3d_s/1,1/super_hot_regions:107,0x566cf36b3e07,2
649.fotonik3d_s/1,1/super_hot_regions:107,0x566cf36b3e17,0

649.fotonik3d_s/1,1/super_hot_regions:108,0x566cf36b3e1f,2
649.fotonik3d_s/1,1/super_hot_regions:108,0x566cf36b3e2f,0

649.fotonik3d_s/1,1/super_hot_regions:109,0x566cf36b3e37,2
649.fotonik3d_s/1,1/super_hot_regions:109,0x566cf36b3e47,0

649.fotonik3d_s/1,1/super_hot_regions:110,0x566cf36b3e27,2
649.fotonik3d_s/1,1/super_hot_regions:110,0x566cf36b3e3f,0
649.fotonik3d_s/1,1/super_hot_regions:110,0x566cf36b3e57,0

649.fotonik3d_s/1,1/super_hot_regions:111,0x566cf36b3e4f,2
649.fotonik3d_s/1,1/super_hot_regions:111,0x566cf36b3e5f,0

649.fotonik3d_s/1,1/super_hot_regions:112,0x566cf36b3e6f,2
649.fotonik3d_s/1,1/super_hot_regions:112,0x566cf36b3e7f,0
649.fotonik3d_s/1,1/super_hot_regions:112,0x566cf36b3ea7,0

649.fotonik3d_s/1,1/super_hot_regions:113,0x566cf36b3e67,2
649.fotonik3d_s/1,1/super_hot_regions:113,0x566cf36b3e77,0
649.fotonik3d_s/1,1/super_hot_regions:113,0x566cf36b3eda,0

649.fotonik3d_s/1,1/super_hot_regions:114,0x566cf36b3e87,2
649.fotonik3d_s/1,1/super_hot_regions:114,0x566cf36b3eba,0
649.fotonik3d_s/1,1/super_hot_regions:114,0x566cf36b3ee2,0

649.fotonik3d_s/1,1/super_hot_regions:115,0x566cf36b3e8f,2
649.fotonik3d_s/1,1/super_hot_regions:115,0x566cf36b3ec2,0
649.fotonik3d_s/1,1/super_hot_regions:115,0x566cf36b3eea,0

649.fotonik3d_s/1,1/super_hot_regions:116,0x566cf36b3e97,2
649.fotonik3d_s/1,1/super_hot_regions:116,0x566cf36b3eca,0
649.fotonik3d_s/1,1/super_hot_regions:116,0x566cf36b3ef2,0

649.fotonik3d_s/1,1/super_hot_regions:117,0x566cf36b3e9f,2
649.fotonik3d_s/1,1/super_hot_regions:117,0x566cf36b3ed2,0
649.fotonik3d_s/1,1/super_hot_regions:117,0x566cf36b3efa,0

649.fotonik3d_s/1,1/super_hot_regions:118,0x566cf36b3eaf,2
649.fotonik3d_s/1,1/super_hot_regions:118,0x566cf36b3f02,0

649.fotonik3d_s/1,1/super_hot_regions:120,0x566cf36b396c,2
649.fotonik3d_s/1,1/super_hot_regions:120,0x566cf36b3978,0

649.fotonik3d_s/1,1/super_hot_regions:121,0x566cf36b3851,2
649.fotonik3d_s/1,1/super_hot_regions:121,0x566cf36b3987,0

649.fotonik3d_s/1,1/super_hot_regions:122,0x566cf36b39a1,2
649.fotonik3d_s/1,1/super_hot_regions:122,0x566cf36b39a9,0

649.fotonik3d_s/1,1/super_hot_regions:123,0x566cf36b3990,2
649.fotonik3d_s/1,1/super_hot_regions:123,0x566cf36b399e,0
649.fotonik3d_s/1,1/super_hot_regions:123,0x566cf36b39b2,0

649.fotonik3d_s/1,1/super_hot_regions:124,0x566cf36b3879,2
649.fotonik3d_s/1,1/super_hot_regions:124,0x566cf36b3895,0
649.fotonik3d_s/1,1/super_hot_regions:124,0x566cf36b389b,0
649.fotonik3d_s/1,1/super_hot_regions:124,0x566cf36b39dd,0

649.fotonik3d_s/1,1/super_hot_regions:125,0x566cf36b3885,2
649.fotonik3d_s/1,1/super_hot_regions:125,0x566cf36b3898,0
649.fotonik3d_s/1,1/super_hot_regions:125,0x566cf36b38af,0
649.fotonik3d_s/1,1/super_hot_regions:125,0x566cf36b3a06,0

649.fotonik3d_s/1,1/super_hot_regions:126,0x566cf36b383d,3
649.fotonik3d_s/1,1/super_hot_regions:126,0x566cf36b3859,0
649.fotonik3d_s/1,1/super_hot_regions:126,0x566cf36b397f,0
649.fotonik3d_s/1,1/super_hot_regions:126,0x566cf36b3a1b,0

649.fotonik3d_s/1,1/super_hot_regions:127,0x566cf36b3865,2
649.fotonik3d_s/1,1/super_hot_regions:127,0x566cf36b3869,0
649.fotonik3d_s/1,1/super_hot_regions:127,0x566cf36b3a29,0

649.fotonik3d_s/1,1/super_hot_regions:128,0x566cf36b38c3,2
649.fotonik3d_s/1,1/super_hot_regions:128,0x566cf36b38ea,0
649.fotonik3d_s/1,1/super_hot_regions:128,0x566cf36b3a38,0

649.fotonik3d_s/1,1/super_hot_regions:129,0x566cf36b38cb,2
649.fotonik3d_s/1,1/super_hot_regions:129,0x566cf36b38fa,0
649.fotonik3d_s/1,1/super_hot_regions:129,0x566cf36b3a67,0

649.fotonik3d_s/1,1/super_hot_regions:130,0x566cf36b38a3,2
649.fotonik3d_s/1,1/super_hot_regions:130,0x566cf36b38d7,0
649.fotonik3d_s/1,1/super_hot_regions:130,0x566cf36b3a73,0

649.fotonik3d_s/1,1/super_hot_regions:131,0x566cf36b38cf,2
649.fotonik3d_s/1,1/super_hot_regions:131,0x566cf36b38e7,0
649.fotonik3d_s/1,1/super_hot_regions:131,0x566cf36b3902,0
649.fotonik3d_s/1,1/super_hot_regions:131,0x566cf36b3a92,0

649.fotonik3d_s/1,1/super_hot_regions:132,0x566cf36b38f2,2
649.fotonik3d_s/1,1/super_hot_regions:132,0x566cf36b391a,0
649.fotonik3d_s/1,1/super_hot_regions:132,0x566cf36b3921,0
649.fotonik3d_s/1,1/super_hot_regions:132,0x566cf36b3adb,0

649.fotonik3d_s/1,1/super_hot_regions:133,0x566cf36b394e,2
649.fotonik3d_s/1,1/super_hot_regions:133,0x566cf36b3952,0
649.fotonik3d_s/1,1/super_hot_regions:133,0x566cf36b3af0,0

649.fotonik3d_s/1,1/super_hot_regions:141,0x566cf36b37f2,2
649.fotonik3d_s/1,1/super_hot_regions:141,0x566cf36b37f9,0

649.fotonik3d_s/1,1/super_hot_regions:145,0x566cf36b345c,2
649.fotonik3d_s/1,1/super_hot_regions:145,0x566cf36b3464,0
649.fotonik3d_s/1,1/super_hot_regions:145,0x566cf36b3467,0

649.fotonik3d_s/1,1/super_hot_regions:146,0x566cf36b346f,2
649.fotonik3d_s/1,1/super_hot_regions:146,0x566cf36b3477,0
649.fotonik3d_s/1,1/super_hot_regions:146,0x566cf36b347a,0

649.fotonik3d_s/1,1/super_hot_regions:147,0x566cf36b3482,2
649.fotonik3d_s/1,1/super_hot_regions:147,0x566cf36b348a,0
649.fotonik3d_s/1,1/super_hot_regions:147,0x566cf36b348d,0

649.fotonik3d_s/1,1/super_hot_regions:148,0x566cf36b3495,2
649.fotonik3d_s/1,1/super_hot_regions:148,0x566cf36b349d,0
649.fotonik3d_s/1,1/super_hot_regions:148,0x566cf36b34a0,0

649.fotonik3d_s/1,1/super_hot_regions:150,0x566cf36b34b6,2
649.fotonik3d_s/1,1/super_hot_regions:150,0x566cf36b34be,0
649.fotonik3d_s/1,1/super_hot_regions:150,0x566cf36b34c1,0

649.fotonik3d_s/1,1/super_hot_regions:151,0x566cf36b34c9,2
649.fotonik3d_s/1,1/super_hot_regions:151,0x566cf36b34d1,0
649.fotonik3d_s/1,1/super_hot_regions:151,0x566cf36b34d4,0

649.fotonik3d_s/1,1/super_hot_regions:158,0x566cf36debf4,2
649.fotonik3d_s/1,1/super_hot_regions:158,0x566cf36dec04,0

649.fotonik3d_s/1,1/super_hot_regions:159,0x566cf36debec,2
649.fotonik3d_s/1,1/super_hot_regions:159,0x566cf36debfc,0
649.fotonik3d_s/1,1/super_hot_regions:159,0x566cf36dec0c,0

649.fotonik3d_s/1,1/super_hot_regions:160,0x566cf36dec0f,2
649.fotonik3d_s/1,1/super_hot_regions:160,0x566cf36dec1f,0

649.fotonik3d_s/1,1/super_hot_regions:161,0x566cf36dec17,2
649.fotonik3d_s/1,1/super_hot_regions:161,0x566cf36dec27,0
649.fotonik3d_s/1,1/super_hot_regions:161,0x566cf36dec37,0

649.fotonik3d_s/1,1/super_hot_regions:162,0x566cf36dec3a,2
649.fotonik3d_s/1,1/super_hot_regions:162,0x566cf36dec52,0

649.fotonik3d_s/1,1/super_hot_regions:163,0x566cf36dec2f,2
649.fotonik3d_s/1,1/super_hot_regions:163,0x566cf36dec5a,0

649.fotonik3d_s/1,1/super_hot_regions:164,0x566cf36dec62,2
649.fotonik3d_s/1,1/super_hot_regions:164,0x566cf36dec82,0

649.fotonik3d_s/1,1/super_hot_regions:165,0x566cf36dec6a,2
649.fotonik3d_s/1,1/super_hot_regions:165,0x566cf36dec7a,0
649.fotonik3d_s/1,1/super_hot_regions:165,0x566cf36decb2,0

649.fotonik3d_s/1,1/super_hot_regions:166,0x566cf36decaa,2
649.fotonik3d_s/1,1/super_hot_regions:166,0x566cf36decba,0

649.fotonik3d_s/1,1/super_hot_regions:167,0x566cf36decc2,2
649.fotonik3d_s/1,1/super_hot_regions:167,0x566cf36decd2,0

649.fotonik3d_s/1,1/super_hot_regions:168,0x566cf36decca,2
649.fotonik3d_s/1,1/super_hot_regions:168,0x566cf36decda,0

649.fotonik3d_s/1,1/super_hot_regions:169,0x566cf36dece2,2
649.fotonik3d_s/1,1/super_hot_regions:169,0x566cf36decf2,0

649.fotonik3d_s/1,1/super_hot_regions:170,0x566cf36decea,2
649.fotonik3d_s/1,1/super_hot_regions:170,0x566cf36decfa,0

649.fotonik3d_s/1,1/super_hot_regions:171,0x566cf36dec42,2
649.fotonik3d_s/1,1/super_hot_regions:171,0x566cf36dec8a,0
649.fotonik3d_s/1,1/super_hot_regions:171,0x566cf36ded1a,0

649.fotonik3d_s/1,1/super_hot_regions:172,0x566cf36dec4a,2
649.fotonik3d_s/1,1/super_hot_regions:172,0x566cf36dec92,0
649.fotonik3d_s/1,1/super_hot_regions:172,0x566cf36ded22,0

649.fotonik3d_s/1,1/super_hot_regions:173,0x566cf36deca2,2
649.fotonik3d_s/1,1/super_hot_regions:173,0x566cf36ded12,0
649.fotonik3d_s/1,1/super_hot_regions:173,0x566cf36ded2a,0

649.fotonik3d_s/1,1/super_hot_regions:174,0x566cf36ded0a,2
649.fotonik3d_s/1,1/super_hot_regions:174,0x566cf36ded32,0

649.fotonik3d_s/1,1/super_hot_regions:175,0x566cf36ded02,2
649.fotonik3d_s/1,1/super_hot_regions:175,0x566cf36ded3a,0

649.fotonik3d_s/1,1/super_hot_regions:176,0x566cf36ded42,2
649.fotonik3d_s/1,1/super_hot_regions:176,0x566cf36ded4e,0

649.fotonik3d_s/1,1/super_hot_regions:178,0x566cf36de396,2
649.fotonik3d_s/1,1/super_hot_regions:178,0x566cf36de3a9,0
649.fotonik3d_s/1,1/super_hot_regions:178,0x566cf36de4e2,0

649.fotonik3d_s/1,1/super_hot_regions:179,0x566cf36de371,2
649.fotonik3d_s/1,1/super_hot_regions:179,0x566cf36de38e,0
649.fotonik3d_s/1,1/super_hot_regions:179,0x566cf36de4f9,0

649.fotonik3d_s/1,1/super_hot_regions:184,0x566cf36de2d6,3
649.fotonik3d_s/1,1/super_hot_regions:184,0x566cf36de2de,0
649.fotonik3d_s/1,1/super_hot_regions:184,0x566cf36de2eb,0
649.fotonik3d_s/1,1/super_hot_regions:184,0x566cf36de2ee,0
649.fotonik3d_s/1,1/super_hot_regions:184,0x566cf36de2f6,0
649.fotonik3d_s/1,1/super_hot_regions:184,0x566cf36de2fe,0

649.fotonik3d_s/1,1/super_hot_regions:187,0x566cf36eea3a,1
649.fotonik3d_s/1,1/super_hot_regions:187,0x566cf36eea40,0

649.fotonik3d_s/1,1/super_hot_regions:189,0x566cf36eeb3a,1
649.fotonik3d_s/1,1/super_hot_regions:189,0x566cf36eeb40,0

649.fotonik3d_s/1,1/super_hot_regions:191,0x566cf36eec3a,1
649.fotonik3d_s/1,1/super_hot_regions:191,0x566cf36eec40,0

649.fotonik3d_s/1,1/super_hot_regions:205,0x566cf36d83d5,2
649.fotonik3d_s/1,1/super_hot_regions:205,0x566cf36d83e1,0
649.fotonik3d_s/1,1/super_hot_regions:205,0x566cf36d83e4,0

649.fotonik3d_s/1,1/super_hot_regions:211,0x566cf368acc9,2
649.fotonik3d_s/1,1/super_hot_regions:211,0x566cf368accc,0

649.fotonik3d_s/1,1/super_hot_regions:213,0x566cf368acfd,2
649.fotonik3d_s/1,1/super_hot_regions:213,0x566cf368ad0d,0

649.fotonik3d_s/1,1/super_hot_regions:214,0x566cf368ad1a,2
649.fotonik3d_s/1,1/super_hot_regions:214,0x566cf368ad2a,0

649.fotonik3d_s/1,1/super_hot_regions:215,0x566cf368adcc,2
649.fotonik3d_s/1,1/super_hot_regions:215,0x566cf368ade2,0

649.fotonik3d_s/1,1/super_hot_regions:216,0x566cf368acf1,2
649.fotonik3d_s/1,1/super_hot_regions:216,0x566cf368acf5,0
649.fotonik3d_s/1,1/super_hot_regions:216,0x566cf368ae0d,0

649.fotonik3d_s/1,1/super_hot_regions:217,0x566cf368ad32,3
649.fotonik3d_s/1,1/super_hot_regions:217,0x566cf368ad78,0
649.fotonik3d_s/1,1/super_hot_regions:217,0x566cf368adaf,0
649.fotonik3d_s/1,1/super_hot_regions:217,0x566cf368ae2c,0

649.fotonik3d_s/1,1/super_hot_regions:218,0x566cf368ad60,2
649.fotonik3d_s/1,1/super_hot_regions:218,0x566cf368ad65,0
649.fotonik3d_s/1,1/super_hot_regions:218,0x566cf368ad68,0
649.fotonik3d_s/1,1/super_hot_regions:218,0x566cf368ae40,0

649.fotonik3d_s/1,1/super_hot_regions:219,0x566cf368ad4c,2
649.fotonik3d_s/1,1/super_hot_regions:219,0x566cf368ad58,0
649.fotonik3d_s/1,1/super_hot_regions:219,0x566cf368ae53,0

649.fotonik3d_s/1,1/super_hot_regions:220,0x566cf368ad15,3
649.fotonik3d_s/1,1/super_hot_regions:220,0x566cf368ad22,0
649.fotonik3d_s/1,1/super_hot_regions:220,0x566cf368adbf,0
649.fotonik3d_s/1,1/super_hot_regions:220,0x566cf368adf2,0
649.fotonik3d_s/1,1/super_hot_regions:220,0x566cf368ae5b,0

649.fotonik3d_s/1,1/super_hot_regions:221,0x566cf368adab,2
649.fotonik3d_s/1,1/super_hot_regions:221,0x566cf368adb7,0
649.fotonik3d_s/1,1/super_hot_regions:221,0x566cf368ae80,0

649.fotonik3d_s/1,1/super_hot_regions:225,0x566cf368afca,2
649.fotonik3d_s/1,1/super_hot_regions:225,0x566cf368afda,0
649.fotonik3d_s/1,1/super_hot_regions:225,0x566cf368afe2,0

649.fotonik3d_s/1,1/super_hot_regions:226,0x566cf368afea,2
649.fotonik3d_s/1,1/super_hot_regions:226,0x566cf368affa,0
649.fotonik3d_s/1,1/super_hot_regions:226,0x566cf368b002,0

649.fotonik3d_s/1,1/super_hot_regions:227,0x566cf368b00a,2
649.fotonik3d_s/1,1/super_hot_regions:227,0x566cf368b01a,0
649.fotonik3d_s/1,1/super_hot_regions:227,0x566cf368b022,0

649.fotonik3d_s/1,1/super_hot_regions:228,0x566cf368aff2,2
649.fotonik3d_s/1,1/super_hot_regions:228,0x566cf368b03a,0
649.fotonik3d_s/1,1/super_hot_regions:228,0x566cf368b04a,0

649.fotonik3d_s/1,1/super_hot_regions:229,0x566cf368b012,2
649.fotonik3d_s/1,1/super_hot_regions:229,0x566cf368b042,0
649.fotonik3d_s/1,1/super_hot_regions:229,0x566cf368b052,0

649.fotonik3d_s/1,1/super_hot_regions:230,0x566cf368b02a,2
649.fotonik3d_s/1,1/super_hot_regions:230,0x566cf368b072,0

649.fotonik3d_s/1,1/super_hot_regions:231,0x566cf368b07a,2
649.fotonik3d_s/1,1/super_hot_regions:231,0x566cf368b085,0

649.fotonik3d_s/1,1/super_hot_regions:232,0x566cf368afd2,2
649.fotonik3d_s/1,1/super_hot_regions:232,0x566cf368b032,0
649.fotonik3d_s/1,1/super_hot_regions:232,0x566cf368b082,0
649.fotonik3d_s/1,1/super_hot_regions:232,0x566cf368b095,0

649.fotonik3d_s/1,1/super_hot_regions:233,0x566cf368b08d,2
649.fotonik3d_s/1,1/super_hot_regions:233,0x566cf368b098,0

649.fotonik3d_s/1,1/super_hot_regions:237,0x566cf368aaf8,3
649.fotonik3d_s/1,1/super_hot_regions:237,0x566cf368ab00,0
649.fotonik3d_s/1,1/super_hot_regions:237,0x566cf368ab0f,0
649.fotonik3d_s/1,1/super_hot_regions:237,0x566cf368ab12,0
649.fotonik3d_s/1,1/super_hot_regions:237,0x566cf368ab1a,0
649.fotonik3d_s/1,1/super_hot_regions:237,0x566cf368ab22,0
649.fotonik3d_s/1,1/super_hot_regions:237,0x566cf368ab25,0

649.fotonik3d_s/1,1/super_hot_regions:238,0x566cf368ab2d,3
649.fotonik3d_s/1,1/super_hot_regions:238,0x566cf368ab35,0
649.fotonik3d_s/1,1/super_hot_regions:238,0x566cf368ab3d,0
649.fotonik3d_s/1,1/super_hot_regions:238,0x566cf368ab40,0
649.fotonik3d_s/1,1/super_hot_regions:238,0x566cf368ab48,0
649.fotonik3d_s/1,1/super_hot_regions:238,0x566cf368ab50,0

649.fotonik3d_s/1,1/super_hot_regions:246,0x566cf49fe293,2
649.fotonik3d_s/1,1/super_hot_regions:246,0x566cf49fe299,0

649.fotonik3d_s/1,1/super_hot_regions:247,0x566cf49fe29b,2
649.fotonik3d_s/1,1/super_hot_regions:247,0x566cf49fe2a2,0

649.fotonik3d_s/1,1/super_hot_regions:248,0x566cf49fe2a6,1
649.fotonik3d_s/1,1/super_hot_regions:248,0x566cf49fe2a9,0

649.fotonik3d_s/1,1/super_hot_regions:253,0x566cf49fe3bf,2
649.fotonik3d_s/1,1/super_hot_regions:253,0x566cf49fe3c5,0
649.fotonik3d_s/1,1/super_hot_regions:253,0x566cf49fe3c8,0

649.fotonik3d_s/1,1/super_hot_regions:260,0x566cf368df3b,2
649.fotonik3d_s/1,1/super_hot_regions:260,0x566cf368df42,0

649.fotonik3d_s/1,1/super_hot_regions:261,0x566cf368df52,2
649.fotonik3d_s/1,1/super_hot_regions:261,0x566cf368df55,0

649.fotonik3d_s/1,1/super_hot_regions:263,0x566cf368df6d,3
649.fotonik3d_s/1,1/super_hot_regions:263,0x566cf368df89,0
649.fotonik3d_s/1,1/super_hot_regions:263,0x566cf368df99,0
649.fotonik3d_s/1,1/super_hot_regions:263,0x566cf368df9c,0
649.fotonik3d_s/1,1/super_hot_regions:263,0x566cf368df9f,0
649.fotonik3d_s/1,1/super_hot_regions:263,0x566cf368dfa7,0
649.fotonik3d_s/1,1/super_hot_regions:263,0x566cf368dfb7,0
649.fotonik3d_s/1,1/super_hot_regions:263,0x566cf368dfba,0

649.fotonik3d_s/1,1/super_hot_regions:264,0x566cf368dfc9,3
649.fotonik3d_s/1,1/super_hot_regions:264,0x566cf368dfd1,0
649.fotonik3d_s/1,1/super_hot_regions:264,0x566cf368dfe1,0
649.fotonik3d_s/1,1/super_hot_regions:264,0x566cf368dfe4,0
649.fotonik3d_s/1,1/super_hot_regions:264,0x566cf368dfe7,0
649.fotonik3d_s/1,1/super_hot_regions:264,0x566cf368dff3,0
649.fotonik3d_s/1,1/super_hot_regions:264,0x566cf368dff6,0
649.fotonik3d_s/1,1/super_hot_regions:264,0x566cf368e001,0
649.fotonik3d_s/1,1/super_hot_regions:264,0x566cf368e00d,0

649.fotonik3d_s/1,1/super_hot_regions:265,0x566cf368e083,2
649.fotonik3d_s/1,1/super_hot_regions:265,0x566cf368e097,0

649.fotonik3d_s/1,1/super_hot_regions:266,0x566cf368dfd9,4
649.fotonik3d_s/1,1/super_hot_regions:266,0x566cf368e014,0
649.fotonik3d_s/1,1/super_hot_regions:266,0x566cf368e024,0
649.fotonik3d_s/1,1/super_hot_regions:266,0x566cf368e027,0
649.fotonik3d_s/1,1/super_hot_regions:266,0x566cf368e036,0
649.fotonik3d_s/1,1/super_hot_regions:266,0x566cf368e046,0
649.fotonik3d_s/1,1/super_hot_regions:266,0x566cf368e049,0
649.fotonik3d_s/1,1/super_hot_regions:266,0x566cf368e0b7,0
649.fotonik3d_s/1,1/super_hot_regions:266,0x566cf368e0c3,0
649.fotonik3d_s/1,1/super_hot_regions:266,0x566cf368e0c6,0

649.fotonik3d_s/1,1/super_hot_regions:267,0x566cf368dfa3,2
649.fotonik3d_s/1,1/super_hot_regions:267,0x566cf368dfaf,0
649.fotonik3d_s/1,1/super_hot_regions:267,0x566cf368e0e4,0

649.fotonik3d_s/1,1/super_hot_regions:268,0x566cf368dfbd,2
649.fotonik3d_s/1,1/super_hot_regions:268,0x566cf368dfc1,0
649.fotonik3d_s/1,1/super_hot_regions:268,0x566cf368e0fb,0

649.fotonik3d_s/1,1/super_hot_regions:269,0x566cf368e005,2
649.fotonik3d_s/1,1/super_hot_regions:269,0x566cf368e03e,0
649.fotonik3d_s/1,1/super_hot_regions:269,0x566cf368e11b,0

649.fotonik3d_s/1,1/super_hot_regions:270,0x566cf368e060,2
649.fotonik3d_s/1,1/super_hot_regions:270,0x566cf368e075,0
649.fotonik3d_s/1,1/super_hot_regions:270,0x566cf368e08b,0
649.fotonik3d_s/1,1/super_hot_regions:270,0x566cf368e167,0

649.fotonik3d_s/1,1/super_hot_regions:271,0x566cf368e02a,2
649.fotonik3d_s/1,1/super_hot_regions:271,0x566cf368e02e,0
649.fotonik3d_s/1,1/super_hot_regions:271,0x566cf368e197,0

649.fotonik3d_s/1,1/super_hot_regions:272,0x566cf368e04c,2
649.fotonik3d_s/1,1/super_hot_regions:272,0x566cf368e050,0
649.fotonik3d_s/1,1/super_hot_regions:272,0x566cf368e1ac,0

649.fotonik3d_s/1,1/super_hot_regions:273,0x566cf368e0aa,2
649.fotonik3d_s/1,1/super_hot_regions:273,0x566cf368e0af,0
649.fotonik3d_s/1,1/super_hot_regions:273,0x566cf368e1c1,0

649.fotonik3d_s/1,1/super_hot_regions:274,0x566cf368e06d,2
649.fotonik3d_s/1,1/super_hot_regions:274,0x566cf368e078,0
649.fotonik3d_s/1,1/super_hot_regions:274,0x566cf368e07b,0
649.fotonik3d_s/1,1/super_hot_regions:274,0x566cf368e1f2,0

649.fotonik3d_s/1,1/super_hot_regions:277,0x566cf368e2a2,5
649.fotonik3d_s/1,1/super_hot_regions:277,0x566cf368e2aa,0
649.fotonik3d_s/1,1/super_hot_regions:277,0x566cf368e2ba,0
649.fotonik3d_s/1,1/super_hot_regions:277,0x566cf368e2c2,0
649.fotonik3d_s/1,1/super_hot_regions:277,0x566cf368e2ca,0
649.fotonik3d_s/1,1/super_hot_regions:277,0x566cf368e2da,0
649.fotonik3d_s/1,1/super_hot_regions:277,0x566cf368e2e2,0
649.fotonik3d_s/1,1/super_hot_regions:277,0x566cf368e2f5,0

649.fotonik3d_s/1,1/super_hot_regions:280,0x566cf368e329,2
649.fotonik3d_s/1,1/super_hot_regions:280,0x566cf368e338,0

649.fotonik3d_s/1,1/super_hot_regions:281,0x566cf368e439,2
649.fotonik3d_s/1,1/super_hot_regions:281,0x566cf368e445,0

649.fotonik3d_s/1,1/super_hot_regions:283,0x566cf368e322,1
649.fotonik3d_s/1,1/super_hot_regions:283,0x566cf368e331,0
649.fotonik3d_s/1,1/super_hot_regions:283,0x566cf368e5d6,0

649.fotonik3d_s/1,1/super_hot_regions:286,0x566cf368e6e4,2
649.fotonik3d_s/1,1/super_hot_regions:286,0x566cf368e6e8,0

649.fotonik3d_s/1,1/super_hot_regions:287,0x566cf368e6a1,2
649.fotonik3d_s/1,1/super_hot_regions:287,0x566cf368e71c,0

649.fotonik3d_s/1,1/super_hot_regions:290,0x566cf368eb1e,2
649.fotonik3d_s/1,1/super_hot_regions:290,0x566cf368eb2d,0

649.fotonik3d_s/1,1/super_hot_regions:291,0x566cf368eb35,2
649.fotonik3d_s/1,1/super_hot_regions:291,0x566cf368eb65,0

649.fotonik3d_s/1,1/super_hot_regions:292,0x566cf368eb75,2
649.fotonik3d_s/1,1/super_hot_regions:292,0x566cf368eb85,0

649.fotonik3d_s/1,1/super_hot_regions:293,0x566cf368ebcc,2
649.fotonik3d_s/1,1/super_hot_regions:293,0x566cf368ebdc,0

649.fotonik3d_s/1,1/super_hot_regions:294,0x566cf368eb45,2
649.fotonik3d_s/1,1/super_hot_regions:294,0x566cf368eb7d,0
649.fotonik3d_s/1,1/super_hot_regions:294,0x566cf368ebec,0

649.fotonik3d_s/1,1/super_hot_regions:295,0x566cf368ebe4,2
649.fotonik3d_s/1,1/super_hot_regions:295,0x566cf368ebf4,0

649.fotonik3d_s/1,1/super_hot_regions:296,0x566cf368ebfc,2
649.fotonik3d_s/1,1/super_hot_regions:296,0x566cf368ec0c,0

649.fotonik3d_s/1,1/super_hot_regions:297,0x566cf368eb5d,2
649.fotonik3d_s/1,1/super_hot_regions:297,0x566cf368ebad,0
649.fotonik3d_s/1,1/super_hot_regions:297,0x566cf368ec1c,0

649.fotonik3d_s/1,1/super_hot_regions:298,0x566cf368ec14,2
649.fotonik3d_s/1,1/super_hot_regions:298,0x566cf368ec24,0

649.fotonik3d_s/1,1/super_hot_regions:299,0x566cf368eb6d,2
649.fotonik3d_s/1,1/super_hot_regions:299,0x566cf368ebc4,0
649.fotonik3d_s/1,1/super_hot_regions:299,0x566cf368ec34,0

649.fotonik3d_s/1,1/super_hot_regions:300,0x566cf368ec2c,2
649.fotonik3d_s/1,1/super_hot_regions:300,0x566cf368ec3c,0

649.fotonik3d_s/1,1/super_hot_regions:301,0x566cf368ebd4,2
649.fotonik3d_s/1,1/super_hot_regions:301,0x566cf368ec04,0
649.fotonik3d_s/1,1/super_hot_regions:301,0x566cf368ec4c,0

649.fotonik3d_s/1,1/super_hot_regions:302,0x566cf368ec44,2
649.fotonik3d_s/1,1/super_hot_regions:302,0x566cf368ec54,0

649.fotonik3d_s/1,1/super_hot_regions:303,0x566cf368eb3d,3
649.fotonik3d_s/1,1/super_hot_regions:303,0x566cf368eb8d,0
649.fotonik3d_s/1,1/super_hot_regions:303,0x566cf368eb95,0
649.fotonik3d_s/1,1/super_hot_regions:303,0x566cf368ec5c,0
649.fotonik3d_s/1,1/super_hot_regions:303,0x566cf368ec64,0

649.fotonik3d_s/1,1/super_hot_regions:304,0x566cf368ec6c,2
649.fotonik3d_s/1,1/super_hot_regions:304,0x566cf368ec7c,0

649.fotonik3d_s/1,1/super_hot_regions:305,0x566cf368eb4d,2
649.fotonik3d_s/1,1/super_hot_regions:305,0x566cf368eb9d,0
649.fotonik3d_s/1,1/super_hot_regions:305,0x566cf368ec8c,0

649.fotonik3d_s/1,1/super_hot_regions:306,0x566cf368ec84,2
649.fotonik3d_s/1,1/super_hot_regions:306,0x566cf368ec94,0

649.fotonik3d_s/1,1/super_hot_regions:307,0x566cf368eb55,2
649.fotonik3d_s/1,1/super_hot_regions:307,0x566cf368eba5,0
649.fotonik3d_s/1,1/super_hot_regions:307,0x566cf368eca4,0

649.fotonik3d_s/1,1/super_hot_regions:308,0x566cf368ec9c,2
649.fotonik3d_s/1,1/super_hot_regions:308,0x566cf368ecac,0

649.fotonik3d_s/1,1/super_hot_regions:309,0x566cf368ec74,2
649.fotonik3d_s/1,1/super_hot_regions:309,0x566cf368ecbc,0

649.fotonik3d_s/1,1/super_hot_regions:31,0x566cf36e0a35,2
649.fotonik3d_s/1,1/super_hot_regions:31,0x566cf36e0a47,0
649.fotonik3d_s/1,1/super_hot_regions:31,0x566cf36e0b59,0

649.fotonik3d_s/1,1/super_hot_regions:310,0x566cf368ecb4,2
649.fotonik3d_s/1,1/super_hot_regions:310,0x566cf368ecc4,0

649.fotonik3d_s/1,1/super_hot_regions:312,0x566cf368dcef,2
649.fotonik3d_s/1,1/super_hot_regions:312,0x566cf368dd27,0

649.fotonik3d_s/1,1/super_hot_regions:316,0x566cf368dceb,2
649.fotonik3d_s/1,1/super_hot_regions:316,0x566cf368dd07,0
649.fotonik3d_s/1,1/super_hot_regions:316,0x566cf368de79,0

649.fotonik3d_s/1,1/super_hot_regions:32,0x566cf36e0a19,2
649.fotonik3d_s/1,1/super_hot_regions:32,0x566cf36e0a2d,0
649.fotonik3d_s/1,1/super_hot_regions:32,0x566cf36e0b81,0

649.fotonik3d_s/1,1/super_hot_regions:322,0x566cf368dc20,3
649.fotonik3d_s/1,1/super_hot_regions:322,0x566cf368dc28,0
649.fotonik3d_s/1,1/super_hot_regions:322,0x566cf368dc30,0
649.fotonik3d_s/1,1/super_hot_regions:322,0x566cf368dc33,0
649.fotonik3d_s/1,1/super_hot_regions:322,0x566cf368dc3b,0
649.fotonik3d_s/1,1/super_hot_regions:322,0x566cf368dc43,0

649.fotonik3d_s/1,1/super_hot_regions:323,0x566cf368dc4b,3
649.fotonik3d_s/1,1/super_hot_regions:323,0x566cf368dc53,0
649.fotonik3d_s/1,1/super_hot_regions:323,0x566cf368dc5b,0
649.fotonik3d_s/1,1/super_hot_regions:323,0x566cf368dc5e,0
649.fotonik3d_s/1,1/super_hot_regions:323,0x566cf368dc66,0
649.fotonik3d_s/1,1/super_hot_regions:323,0x566cf368dc6e,0

649.fotonik3d_s/1,1/super_hot_regions:327,0x566cf3685bb5,1
649.fotonik3d_s/1,1/super_hot_regions:327,0x566cf3685bbb,0

649.fotonik3d_s/1,1/super_hot_regions:329,0x566cf3685d85,1
649.fotonik3d_s/1,1/super_hot_regions:329,0x566cf3685d8b,0

649.fotonik3d_s/1,1/super_hot_regions:337,0x566cf36eed3a,1
649.fotonik3d_s/1,1/super_hot_regions:337,0x566cf36eed40,0

649.fotonik3d_s/1,1/super_hot_regions:339,0x566cf36e60e5,2
649.fotonik3d_s/1,1/super_hot_regions:339,0x566cf36e60f1,0
649.fotonik3d_s/1,1/super_hot_regions:339,0x566cf36e6233,0

649.fotonik3d_s/1,1/super_hot_regions:340,0x566cf36e60d9,2
649.fotonik3d_s/1,1/super_hot_regions:340,0x566cf36e60dd,0
649.fotonik3d_s/1,1/super_hot_regions:340,0x566cf36e6245,0

649.fotonik3d_s/1,1/super_hot_regions:344,0x566cf36e6969,2
649.fotonik3d_s/1,1/super_hot_regions:344,0x566cf36e6991,0
649.fotonik3d_s/1,1/super_hot_regions:344,0x566cf36e6999,0

649.fotonik3d_s/1,1/super_hot_regions:345,0x566cf36e6971,2
649.fotonik3d_s/1,1/super_hot_regions:345,0x566cf36e69a1,0

649.fotonik3d_s/1,1/super_hot_regions:346,0x566cf36e6981,2
649.fotonik3d_s/1,1/super_hot_regions:346,0x566cf36e69b9,0
649.fotonik3d_s/1,1/super_hot_regions:346,0x566cf36e69c1,0

649.fotonik3d_s/1,1/super_hot_regions:347,0x566cf36e6989,2
649.fotonik3d_s/1,1/super_hot_regions:347,0x566cf36e69d9,0

649.fotonik3d_s/1,1/super_hot_regions:348,0x566cf36e69b1,3
649.fotonik3d_s/1,1/super_hot_regions:348,0x566cf36e69c9,0
649.fotonik3d_s/1,1/super_hot_regions:348,0x566cf36e69d1,0
649.fotonik3d_s/1,1/super_hot_regions:348,0x566cf36e69e1,0

649.fotonik3d_s/1,1/super_hot_regions:349,0x566cf36e69a9,2
649.fotonik3d_s/1,1/super_hot_regions:349,0x566cf36e69e9,0

649.fotonik3d_s/1,1/super_hot_regions:350,0x566cf36e6a21,2
649.fotonik3d_s/1,1/super_hot_regions:350,0x566cf36e6a49,0

649.fotonik3d_s/1,1/super_hot_regions:351,0x566cf36e6a19,2
649.fotonik3d_s/1,1/super_hot_regions:351,0x566cf36e6a41,0
649.fotonik3d_s/1,1/super_hot_regions:351,0x566cf36e6a51,0

649.fotonik3d_s/1,1/super_hot_regions:352,0x566cf36e6a29,2
649.fotonik3d_s/1,1/super_hot_regions:352,0x566cf36e6a69,0
649.fotonik3d_s/1,1/super_hot_regions:352,0x566cf36e6a71,0

649.fotonik3d_s/1,1/super_hot_regions:353,0x566cf36e6a11,2
649.fotonik3d_s/1,1/super_hot_regions:353,0x566cf36e6a79,0
649.fotonik3d_s/1,1/super_hot_regions:353,0x566cf36e6a91,0

649.fotonik3d_s/1,1/super_hot_regions:354,0x566cf36e6a31,2
649.fotonik3d_s/1,1/super_hot_regions:354,0x566cf36e6a81,0
649.fotonik3d_s/1,1/super_hot_regions:354,0x566cf36e6a99,0

649.fotonik3d_s/1,1/super_hot_regions:355,0x566cf36e6a59,2
649.fotonik3d_s/1,1/super_hot_regions:355,0x566cf36e6aa1,0

649.fotonik3d_s/1,1/super_hot_regions:356,0x566cf36e6a39,2
649.fotonik3d_s/1,1/super_hot_regions:356,0x566cf36e6a89,0
649.fotonik3d_s/1,1/super_hot_regions:356,0x566cf36e6aa9,0

649.fotonik3d_s/1,1/super_hot_regions:357,0x566cf36e6a61,2
649.fotonik3d_s/1,1/super_hot_regions:357,0x566cf36e6ab1,0

649.fotonik3d_s/1,1/super_hot_regions:358,0x566cf36e6ab9,2
649.fotonik3d_s/1,1/super_hot_regions:358,0x566cf36e6ac9,0

649.fotonik3d_s/1,1/super_hot_regions:359,0x566cf36e6ac1,2
649.fotonik3d_s/1,1/super_hot_regions:359,0x566cf36e6ad1,0

649.fotonik3d_s/1,1/super_hot_regions:36,0x566cf36e1299,2
649.fotonik3d_s/1,1/super_hot_regions:36,0x566cf36e12a9,0
649.fotonik3d_s/1,1/super_hot_regions:36,0x566cf36e12b1,0

649.fotonik3d_s/1,1/super_hot_regions:363,0x566cf36e5fe0,3
649.fotonik3d_s/1,1/super_hot_regions:363,0x566cf36e6002,0
649.fotonik3d_s/1,1/super_hot_regions:363,0x566cf36e6012,0
649.fotonik3d_s/1,1/super_hot_regions:363,0x566cf36e6015,0
649.fotonik3d_s/1,1/super_hot_regions:363,0x566cf36e601d,0
649.fotonik3d_s/1,1/super_hot_regions:363,0x566cf36e60a2,0

649.fotonik3d_s/1,1/super_hot_regions:369,0x566cf36c1b27,2
649.fotonik3d_s/1,1/super_hot_regions:369,0x566cf36c1b37,0

649.fotonik3d_s/1,1/super_hot_regions:37,0x566cf36e12b9,2
649.fotonik3d_s/1,1/super_hot_regions:37,0x566cf36e12c9,0
649.fotonik3d_s/1,1/super_hot_regions:37,0x566cf36e12d1,0

649.fotonik3d_s/1,1/super_hot_regions:370,0x566cf36c1b3f,2
649.fotonik3d_s/1,1/super_hot_regions:370,0x566cf36c1b4f,0
649.fotonik3d_s/1,1/super_hot_regions:370,0x566cf36c1b57,0

649.fotonik3d_s/1,1/super_hot_regions:371,0x566cf36c1b2f,2
649.fotonik3d_s/1,1/super_hot_regions:371,0x566cf36c1b47,0
649.fotonik3d_s/1,1/super_hot_regions:371,0x566cf36c1b67,0

649.fotonik3d_s/1,1/super_hot_regions:372,0x566cf36c1b5f,2
649.fotonik3d_s/1,1/super_hot_regions:372,0x566cf36c1b6f,0

649.fotonik3d_s/1,1/super_hot_regions:373,0x566cf36c1b77,2
649.fotonik3d_s/1,1/super_hot_regions:373,0x566cf36c1b82,0

649.fotonik3d_s/1,1/super_hot_regions:374,0x566cf36c1b8a,2
649.fotonik3d_s/1,1/super_hot_regions:374,0x566cf36c1b92,0

649.fotonik3d_s/1,1/super_hot_regions:375,0x566cf36c1b9a,2
649.fotonik3d_s/1,1/super_hot_regions:375,0x566cf36c1ba2,0

649.fotonik3d_s/1,1/super_hot_regions:376,0x566cf36c1baa,2
649.fotonik3d_s/1,1/super_hot_regions:376,0x566cf36c1bb2,0

649.fotonik3d_s/1,1/super_hot_regions:377,0x566cf36c1bba,2
649.fotonik3d_s/1,1/super_hot_regions:377,0x566cf36c1bc2,0

649.fotonik3d_s/1,1/super_hot_regions:378,0x566cf36c1bca,2
649.fotonik3d_s/1,1/super_hot_regions:378,0x566cf36c1bd2,0

649.fotonik3d_s/1,1/super_hot_regions:379,0x566cf36c1bda,2
649.fotonik3d_s/1,1/super_hot_regions:379,0x566cf36c1bfa,0

649.fotonik3d_s/1,1/super_hot_regions:38,0x566cf36e12a1,2
649.fotonik3d_s/1,1/super_hot_regions:38,0x566cf36e12e1,0

649.fotonik3d_s/1,1/super_hot_regions:380,0x566cf36c1be2,2
649.fotonik3d_s/1,1/super_hot_regions:380,0x566cf36c1c02,0

649.fotonik3d_s/1,1/super_hot_regions:381,0x566cf36c1c2a,2
649.fotonik3d_s/1,1/super_hot_regions:381,0x566cf36c1c52,0

649.fotonik3d_s/1,1/super_hot_regions:382,0x566cf36c1c0a,2
649.fotonik3d_s/1,1/super_hot_regions:382,0x566cf36c1c3a,0
649.fotonik3d_s/1,1/super_hot_regions:382,0x566cf36c1c7a,0

649.fotonik3d_s/1,1/super_hot_regions:383,0x566cf36c1bea,2
649.fotonik3d_s/1,1/super_hot_regions:383,0x566cf36c1c42,0
649.fotonik3d_s/1,1/super_hot_regions:383,0x566cf36c1c8a,0

649.fotonik3d_s/1,1/super_hot_regions:384,0x566cf36c1bf2,2
649.fotonik3d_s/1,1/super_hot_regions:384,0x566cf36c1c4a,0
649.fotonik3d_s/1,1/super_hot_regions:384,0x566cf36c1c92,0

649.fotonik3d_s/1,1/super_hot_regions:385,0x566cf36c1c82,2
649.fotonik3d_s/1,1/super_hot_regions:385,0x566cf36c1c9a,0

649.fotonik3d_s/1,1/super_hot_regions:386,0x566cf36c1c12,2
649.fotonik3d_s/1,1/super_hot_regions:386,0x566cf36c1c5a,0
649.fotonik3d_s/1,1/super_hot_regions:386,0x566cf36c1cc2,0

649.fotonik3d_s/1,1/super_hot_regions:387,0x566cf36c1c1a,2
649.fotonik3d_s/1,1/super_hot_regions:387,0x566cf36c1c62,0
649.fotonik3d_s/1,1/super_hot_regions:387,0x566cf36c1cca,0

649.fotonik3d_s/1,1/super_hot_regions:388,0x566cf36c1c22,2
649.fotonik3d_s/1,1/super_hot_regions:388,0x566cf36c1c6a,0
649.fotonik3d_s/1,1/super_hot_regions:388,0x566cf36c1cd2,0

649.fotonik3d_s/1,1/super_hot_regions:389,0x566cf36c1caa,2
649.fotonik3d_s/1,1/super_hot_regions:389,0x566cf36c1cda,0

649.fotonik3d_s/1,1/super_hot_regions:39,0x566cf36e12d9,2
649.fotonik3d_s/1,1/super_hot_regions:39,0x566cf36e12e9,0

649.fotonik3d_s/1,1/super_hot_regions:390,0x566cf36c1c32,2
649.fotonik3d_s/1,1/super_hot_regions:390,0x566cf36c1c72,0
649.fotonik3d_s/1,1/super_hot_regions:390,0x566cf36c1ce2,0

649.fotonik3d_s/1,1/super_hot_regions:391,0x566cf36c1ca2,2
649.fotonik3d_s/1,1/super_hot_regions:391,0x566cf36c1cea,0

649.fotonik3d_s/1,1/super_hot_regions:392,0x566cf36c1cb2,2
649.fotonik3d_s/1,1/super_hot_regions:392,0x566cf36c1cf2,0

649.fotonik3d_s/1,1/super_hot_regions:393,0x566cf36c1cba,2
649.fotonik3d_s/1,1/super_hot_regions:393,0x566cf36c1cfa,0

649.fotonik3d_s/1,1/super_hot_regions:397,0x566cf36c1148,3
649.fotonik3d_s/1,1/super_hot_regions:397,0x566cf36c116a,0
649.fotonik3d_s/1,1/super_hot_regions:397,0x566cf36c1172,0
649.fotonik3d_s/1,1/super_hot_regions:397,0x566cf36c1175,0
649.fotonik3d_s/1,1/super_hot_regions:397,0x566cf36c117d,0
649.fotonik3d_s/1,1/super_hot_regions:397,0x566cf36c1185,0
649.fotonik3d_s/1,1/super_hot_regions:397,0x566cf36c1188,0

649.fotonik3d_s/1,1/super_hot_regions:398,0x566cf36c115d,3
649.fotonik3d_s/1,1/super_hot_regions:398,0x566cf36c1190,0
649.fotonik3d_s/1,1/super_hot_regions:398,0x566cf36c1198,0
649.fotonik3d_s/1,1/super_hot_regions:398,0x566cf36c119b,0
649.fotonik3d_s/1,1/super_hot_regions:398,0x566cf36c11a3,0
649.fotonik3d_s/1,1/super_hot_regions:398,0x566cf36c11ab,0
649.fotonik3d_s/1,1/super_hot_regions:398,0x566cf36c11ae,0

649.fotonik3d_s/1,1/super_hot_regions:399,0x566cf36c11b6,2
649.fotonik3d_s/1,1/super_hot_regions:399,0x566cf36c11be,0
649.fotonik3d_s/1,1/super_hot_regions:399,0x566cf36c11c1,0

649.fotonik3d_s/1,1/super_hot_regions:40,0x566cf36e12c1,2
649.fotonik3d_s/1,1/super_hot_regions:40,0x566cf36e1301,0

649.fotonik3d_s/1,1/super_hot_regions:400,0x566cf36c11c9,2
649.fotonik3d_s/1,1/super_hot_regions:400,0x566cf36c11d1,0
649.fotonik3d_s/1,1/super_hot_regions:400,0x566cf36c11d4,0

649.fotonik3d_s/1,1/super_hot_regions:408,0x566cf3690c10,1
649.fotonik3d_s/1,1/super_hot_regions:408,0x566cf3690c13,0

649.fotonik3d_s/1,1/super_hot_regions:41,0x566cf36e12f9,2
649.fotonik3d_s/1,1/super_hot_regions:41,0x566cf36e1321,0

649.fotonik3d_s/1,1/super_hot_regions:42,0x566cf36e12f1,3
649.fotonik3d_s/1,1/super_hot_regions:42,0x566cf36e1311,0
649.fotonik3d_s/1,1/super_hot_regions:42,0x566cf36e1319,0
649.fotonik3d_s/1,1/super_hot_regions:42,0x566cf36e1329,0

649.fotonik3d_s/1,1/super_hot_regions:43,0x566cf36e1351,2
649.fotonik3d_s/1,1/super_hot_regions:43,0x566cf36e1379,0

649.fotonik3d_s/1,1/super_hot_regions:44,0x566cf36e1349,2
649.fotonik3d_s/1,1/super_hot_regions:44,0x566cf36e1371,0
649.fotonik3d_s/1,1/super_hot_regions:44,0x566cf36e1381,0

649.fotonik3d_s/1,1/super_hot_regions:45,0x566cf36e1341,2
649.fotonik3d_s/1,1/super_hot_regions:45,0x566cf36e1399,0
649.fotonik3d_s/1,1/super_hot_regions:45,0x566cf36e13b9,0

649.fotonik3d_s/1,1/super_hot_regions:46,0x566cf36e1359,2
649.fotonik3d_s/1,1/super_hot_regions:46,0x566cf36e13a1,0
649.fotonik3d_s/1,1/super_hot_regions:46,0x566cf36e13c1,0

649.fotonik3d_s/1,1/super_hot_regions:47,0x566cf36e1361,2
649.fotonik3d_s/1,1/super_hot_regions:47,0x566cf36e13a9,0
649.fotonik3d_s/1,1/super_hot_regions:47,0x566cf36e13c9,0

649.fotonik3d_s/1,1/super_hot_regions:48,0x566cf36e1389,2
649.fotonik3d_s/1,1/super_hot_regions:48,0x566cf36e13d1,0

649.fotonik3d_s/1,1/super_hot_regions:49,0x566cf36e1369,2
649.fotonik3d_s/1,1/super_hot_regions:49,0x566cf36e13b1,0
649.fotonik3d_s/1,1/super_hot_regions:49,0x566cf36e13d9,0

649.fotonik3d_s/1,1/super_hot_regions:50,0x566cf36e1391,2
649.fotonik3d_s/1,1/super_hot_regions:50,0x566cf36e13e1,0

649.fotonik3d_s/1,1/super_hot_regions:51,0x566cf36e13e9,2
649.fotonik3d_s/1,1/super_hot_regions:51,0x566cf36e13f5,0

649.fotonik3d_s/1,1/super_hot_regions:52,0x566cf36e13fd,2
649.fotonik3d_s/1,1/super_hot_regions:52,0x566cf36e1405,0

649.fotonik3d_s/1,1/super_hot_regions:56,0x566cf36e096e,3
649.fotonik3d_s/1,1/super_hot_regions:56,0x566cf36e0976,0
649.fotonik3d_s/1,1/super_hot_regions:56,0x566cf36e0983,0
649.fotonik3d_s/1,1/super_hot_regions:56,0x566cf36e0986,0
649.fotonik3d_s/1,1/super_hot_regions:56,0x566cf36e098e,0
649.fotonik3d_s/1,1/super_hot_regions:56,0x566cf36e0996,0

649.fotonik3d_s/1,1/super_hot_regions:61,0x566cf3690c10,1
649.fotonik3d_s/1,1/super_hot_regions:61,0x566cf3690c13,0

649.fotonik3d_s/1,1/super_hot_regions:70,0x566cf36b8d1e,2
649.fotonik3d_s/1,1/super_hot_regions:70,0x566cf36b8d2e,0

649.fotonik3d_s/1,1/super_hot_regions:71,0x566cf36b8d36,2
649.fotonik3d_s/1,1/super_hot_regions:71,0x566cf36b8d41,0
649.fotonik3d_s/1,1/super_hot_regions:71,0x566cf36b8d49,0

649.fotonik3d_s/1,1/super_hot_regions:72,0x566cf36b8d51,2
649.fotonik3d_s/1,1/super_hot_regions:72,0x566cf36b8d59,0
649.fotonik3d_s/1,1/super_hot_regions:72,0x566cf36b8d61,0

649.fotonik3d_s/1,1/super_hot_regions:73,0x566cf36b8d69,2
649.fotonik3d_s/1,1/super_hot_regions:73,0x566cf36b8d71,0

649.fotonik3d_s/1,1/super_hot_regions:74,0x566cf36b8d79,2
649.fotonik3d_s/1,1/super_hot_regions:74,0x566cf36b8d81,0

649.fotonik3d_s/1,1/super_hot_regions:75,0x566cf36b8d89,2
649.fotonik3d_s/1,1/super_hot_regions:75,0x566cf36b8d91,0

649.fotonik3d_s/1,1/super_hot_regions:76,0x566cf36b8d99,2
649.fotonik3d_s/1,1/super_hot_regions:76,0x566cf36b8da1,0

649.fotonik3d_s/1,1/super_hot_regions:77,0x566cf36b8da9,2
649.fotonik3d_s/1,1/super_hot_regions:77,0x566cf36b8db1,0

649.fotonik3d_s/1,1/super_hot_regions:78,0x566cf36b8db9,2
649.fotonik3d_s/1,1/super_hot_regions:78,0x566cf36b8dc1,0
649.fotonik3d_s/1,1/super_hot_regions:78,0x566cf36b8df9,0

649.fotonik3d_s/1,1/super_hot_regions:79,0x566cf36b8dd1,2
649.fotonik3d_s/1,1/super_hot_regions:79,0x566cf36b8df1,0
649.fotonik3d_s/1,1/super_hot_regions:79,0x566cf36b8e01,0

649.fotonik3d_s/1,1/super_hot_regions:80,0x566cf36b8d26,2
649.fotonik3d_s/1,1/super_hot_regions:80,0x566cf36b8dc9,0
649.fotonik3d_s/1,1/super_hot_regions:80,0x566cf36b8e31,0

649.fotonik3d_s/1,1/super_hot_regions:81,0x566cf36b8dd9,2
649.fotonik3d_s/1,1/super_hot_regions:81,0x566cf36b8e19,0
649.fotonik3d_s/1,1/super_hot_regions:81,0x566cf36b8e39,0

649.fotonik3d_s/1,1/super_hot_regions:82,0x566cf36b8de1,2
649.fotonik3d_s/1,1/super_hot_regions:82,0x566cf36b8e21,0
649.fotonik3d_s/1,1/super_hot_regions:82,0x566cf36b8e41,0

649.fotonik3d_s/1,1/super_hot_regions:83,0x566cf36b8de9,2
649.fotonik3d_s/1,1/super_hot_regions:83,0x566cf36b8e29,0
649.fotonik3d_s/1,1/super_hot_regions:83,0x566cf36b8e49,0

649.fotonik3d_s/1,1/super_hot_regions:84,0x566cf36b8e09,2
649.fotonik3d_s/1,1/super_hot_regions:84,0x566cf36b8e51,0

649.fotonik3d_s/1,1/super_hot_regions:85,0x566cf36b8e11,2
649.fotonik3d_s/1,1/super_hot_regions:85,0x566cf36b8e59,0

649.fotonik3d_s/1,1/super_hot_regions:91,0x566cf36b8378,3
649.fotonik3d_s/1,1/super_hot_regions:91,0x566cf36b8394,0
649.fotonik3d_s/1,1/super_hot_regions:91,0x566cf36b839c,0
649.fotonik3d_s/1,1/super_hot_regions:91,0x566cf36b839f,0
649.fotonik3d_s/1,1/super_hot_regions:91,0x566cf36b83a7,0
649.fotonik3d_s/1,1/super_hot_regions:91,0x566cf36b83af,0
649.fotonik3d_s/1,1/super_hot_regions:91,0x566cf36b83b2,0

649.fotonik3d_s/1,1/super_hot_regions:92,0x566cf36b83ba,2
649.fotonik3d_s/1,1/super_hot_regions:92,0x566cf36b83c2,0
649.fotonik3d_s/1,1/super_hot_regions:92,0x566cf36b83c5,0

649.fotonik3d_s/1,1/super_hot_regions:93,0x566cf36b83cd,2
649.fotonik3d_s/1,1/super_hot_regions:93,0x566cf36b83d5,0
649.fotonik3d_s/1,1/super_hot_regions:93,0x566cf36b83d8,0

649.fotonik3d_s/1,1/super_hot_regions:95,0x566cf36b83ee,2
649.fotonik3d_s/1,1/super_hot_regions:95,0x566cf36b83f6,0
649.fotonik3d_s/1,1/super_hot_regions:95,0x566cf36b83f9,0

649.fotonik3d_s/1,1/super_hot_regions:96,0x566cf36b8401,2
649.fotonik3d_s/1,1/super_hot_regions:96,0x566cf36b8409,0
649.fotonik3d_s/1,1/super_hot_regions:96,0x566cf36b840c,0

654.roms_s/1,1/super_hot_regions:10,0x5c4526bb5232,2
654.roms_s/1,1/super_hot_regions:10,0x5c4526bb523e,0

654.roms_s/1,1/super_hot_regions:11,0x5c4526bb5245,2
654.roms_s/1,1/super_hot_regions:11,0x5c4526bb5253,0

654.roms_s/1,1/super_hot_regions:12,0x5c4526bb525a,2
654.roms_s/1,1/super_hot_regions:12,0x5c4526bb5264,0

654.roms_s/1,1/super_hot_regions:13,0x5c4526bb526b,2
654.roms_s/1,1/super_hot_regions:13,0x5c4526bb5276,0

654.roms_s/1,1/super_hot_regions:14,0x5c4526bb524c,2
654.roms_s/1,1/super_hot_regions:14,0x5c4526bb5261,0
654.roms_s/1,1/super_hot_regions:14,0x5c4526bb527d,0

654.roms_s/1,1/super_hot_regions:76,0x77ba1252d94e,1
654.roms_s/1,1/super_hot_regions:76,0x77ba1252da13,0

654.roms_s/1,1/super_hot_regions:9,0x5c4526bb521d,2
654.roms_s/1,1/super_hot_regions:9,0x5c4526bb522b,0

657.xz_s/1,1/super_hot_regions:100,0x609e9ee3014d,1
657.xz_s/1,1/super_hot_regions:100,0x609e9ee30150,0

657.xz_s/1,1/super_hot_regions:102,0x609e9ee3017f,1
657.xz_s/1,1/super_hot_regions:102,0x609e9ee30185,0

657.xz_s/1,1/super_hot_regions:11,0x609e9ee29f52,2
657.xz_s/1,1/super_hot_regions:11,0x609e9ee29f59,0

657.xz_s/1,1/super_hot_regions:110,0x609ea2075293,2
657.xz_s/1,1/super_hot_regions:110,0x609ea2075299,0

657.xz_s/1,1/super_hot_regions:111,0x609ea207529b,2
657.xz_s/1,1/super_hot_regions:111,0x609ea20752a2,0

657.xz_s/1,1/super_hot_regions:112,0x609ea20752a6,1
657.xz_s/1,1/super_hot_regions:112,0x609ea20752a9,0

657.xz_s/1,1/super_hot_regions:117,0x609ea20753bf,2
657.xz_s/1,1/super_hot_regions:117,0x609ea20753c5,0
657.xz_s/1,1/super_hot_regions:117,0x609ea20753c8,0

657.xz_s/1,1/super_hot_regions:12,0x609e9ee29f56,1
657.xz_s/1,1/super_hot_regions:12,0x609e9ee29f5d,0

657.xz_s/1,1/super_hot_regions:125,0x609e9ee2ba10,7
657.xz_s/1,1/super_hot_regions:125,0x609e9ee2ba13,0
657.xz_s/1,1/super_hot_regions:125,0x609e9ee2ba16,0
657.xz_s/1,1/super_hot_regions:125,0x609e9ee2ba1a,0
657.xz_s/1,1/super_hot_regions:125,0x609e9ee2ba21,0
657.xz_s/1,1/super_hot_regions:125,0x609e9ee2ba25,0
657.xz_s/1,1/super_hot_regions:125,0x609e9ee2ba2d,0
657.xz_s/1,1/super_hot_regions:125,0x609e9ee2ba30,0
657.xz_s/1,1/super_hot_regions:125,0x609e9ee2ba41,0
657.xz_s/1,1/super_hot_regions:125,0x609e9ee2ba4a,0
657.xz_s/1,1/super_hot_regions:125,0x609e9ee2ba4e,0
657.xz_s/1,1/super_hot_regions:125,0x609e9ee2ba54,0
657.xz_s/1,1/super_hot_regions:125,0x609e9ee2ba58,0
657.xz_s/1,1/super_hot_regions:125,0x609e9ee2ba5b,0
657.xz_s/1,1/super_hot_regions:125,0x609e9ee2ba69,0
657.xz_s/1,1/super_hot_regions:125,0x609e9ee2ba71,0

657.xz_s/1,1/super_hot_regions:128,0x609e9ee31fd9,2
657.xz_s/1,1/super_hot_regions:128,0x609e9ee31fe1,0
657.xz_s/1,1/super_hot_regions:128,0x609e9ee31fe6,0
657.xz_s/1,1/super_hot_regions:128,0x609e9ee31fe9,0
657.xz_s/1,1/super_hot_regions:128,0x609e9ee31fed,0

657.xz_s/1,1/super_hot_regions:129,0x609e9ee31ff2,2
657.xz_s/1,1/super_hot_regions:129,0x609e9ee31ff7,0

657.xz_s/1,1/super_hot_regions:131,0x609e9ee32060,1
657.xz_s/1,1/super_hot_regions:131,0x609e9ee32065,0
657.xz_s/1,1/super_hot_regions:131,0x609e9ee32068,0
657.xz_s/1,1/super_hot_regions:131,0x609e9ee3206b,0

657.xz_s/1,1/super_hot_regions:132,0x609e9ee32077,2
657.xz_s/1,1/super_hot_regions:132,0x609e9ee3207e,0

657.xz_s/1,1/super_hot_regions:133,0x609e9ee32072,4
657.xz_s/1,1/super_hot_regions:133,0x609e9ee3207b,0
657.xz_s/1,1/super_hot_regions:133,0x609e9ee32080,0
657.xz_s/1,1/super_hot_regions:133,0x609e9ee3208d,0
657.xz_s/1,1/super_hot_regions:133,0x609e9ee32090,0
657.xz_s/1,1/super_hot_regions:133,0x609e9ee32098,0
657.xz_s/1,1/super_hot_regions:133,0x609e9ee3209d,0
657.xz_s/1,1/super_hot_regions:133,0x609e9ee320a1,0
657.xz_s/1,1/super_hot_regions:133,0x609e9ee320a6,0
657.xz_s/1,1/super_hot_regions:133,0x609e9ee320a9,0
657.xz_s/1,1/super_hot_regions:133,0x609e9ee320ae,0
657.xz_s/1,1/super_hot_regions:133,0x609e9ee320b1,0

657.xz_s/1,1/super_hot_regions:134,0x609e9ee320b4,2
657.xz_s/1,1/super_hot_regions:134,0x609e9ee320b8,0

657.xz_s/1,1/super_hot_regions:135,0x609e9ee320bc,2
657.xz_s/1,1/super_hot_regions:135,0x609e9ee320c5,0

657.xz_s/1,1/super_hot_regions:137,0x609e9ee29e31,2
657.xz_s/1,1/super_hot_regions:137,0x609e9ee29e40,0

657.xz_s/1,1/super_hot_regions:139,0x609e9ee2bb5a,1
657.xz_s/1,1/super_hot_regions:139,0x609e9ee2bb5f,0

657.xz_s/1,1/super_hot_regions:144,0x609e9ee29f9e,2
657.xz_s/1,1/super_hot_regions:144,0x609e9ee29fb3,0
657.xz_s/1,1/super_hot_regions:144,0x609e9ee29fb7,0

657.xz_s/1,1/super_hot_regions:145,0x609e9ee3005d,2
657.xz_s/1,1/super_hot_regions:145,0x609e9ee30061,0

657.xz_s/1,1/super_hot_regions:147,0x609e9ee311c8,2
657.xz_s/1,1/super_hot_regions:147,0x609e9ee311cd,0
657.xz_s/1,1/super_hot_regions:147,0x609e9ee311d3,0
657.xz_s/1,1/super_hot_regions:147,0x609e9ee311d7,0
657.xz_s/1,1/super_hot_regions:147,0x609e9ee311da,0
657.xz_s/1,1/super_hot_regions:147,0x609e9ee311e1,0
657.xz_s/1,1/super_hot_regions:147,0x609e9ee311e4,0

657.xz_s/1,1/super_hot_regions:148,0x609e9ee311e7,2
657.xz_s/1,1/super_hot_regions:148,0x609e9ee311ec,0

657.xz_s/1,1/super_hot_regions:157,0x609e9ee2cc88,2
657.xz_s/1,1/super_hot_regions:157,0x609e9ee2cc8b,0
657.xz_s/1,1/super_hot_regions:157,0x609e9ee2cc8e,0

657.xz_s/1,1/super_hot_regions:160,0x609e9ee2ccd0,2
657.xz_s/1,1/super_hot_regions:160,0x609e9ee2ccd8,0

657.xz_s/1,1/super_hot_regions:162,0x609e9ee2ccf8,1
657.xz_s/1,1/super_hot_regions:162,0x609e9ee2ccfb,0

657.xz_s/1,1/super_hot_regions:163,0x609e9ee2ccb6,1
657.xz_s/1,1/super_hot_regions:163,0x609e9ee2ccb9,0

657.xz_s/1,1/super_hot_regions:165,0x609e9ee2f510,3
657.xz_s/1,1/super_hot_regions:165,0x609e9ee2f513,0
657.xz_s/1,1/super_hot_regions:165,0x609e9ee2f51c,0
657.xz_s/1,1/super_hot_regions:165,0x609e9ee2f521,0
657.xz_s/1,1/super_hot_regions:165,0x609e9ee2f527,0
657.xz_s/1,1/super_hot_regions:165,0x609e9ee2f529,0
657.xz_s/1,1/super_hot_regions:165,0x609e9ee2f52e,0
657.xz_s/1,1/super_hot_regions:165,0x609e9ee2f533,0
657.xz_s/1,1/super_hot_regions:165,0x609e9ee2f535,0

657.xz_s/1,1/super_hot_regions:166,0x609e9ee2f537,2
657.xz_s/1,1/super_hot_regions:166,0x609e9ee2f53b,0

657.xz_s/1,1/super_hot_regions:170,0x609e9ee29e5c,4
657.xz_s/1,1/super_hot_regions:170,0x609e9ee29e63,0
657.xz_s/1,1/super_hot_regions:170,0x609e9ee29e67,0
657.xz_s/1,1/super_hot_regions:170,0x609e9ee29e70,0
657.xz_s/1,1/super_hot_regions:170,0x609e9ee29e88,0
657.xz_s/1,1/super_hot_regions:170,0x609e9ee29e91,0

657.xz_s/1,1/super_hot_regions:171,0x609e9ee29e78,2
657.xz_s/1,1/super_hot_regions:171,0x609e9ee29e94,0
657.xz_s/1,1/super_hot_regions:171,0x609e9ee29e98,0
657.xz_s/1,1/super_hot_regions:171,0x609e9ee29e9c,0
657.xz_s/1,1/super_hot_regions:171,0x609e9ee29ea2,0
657.xz_s/1,1/super_hot_regions:171,0x609e9ee29ea8,0

657.xz_s/1,1/super_hot_regions:172,0x609e9ee29e7e,1
657.xz_s/1,1/super_hot_regions:172,0x609e9ee29e81,0
657.xz_s/1,1/super_hot_regions:172,0x609e9ee29ead,0
657.xz_s/1,1/super_hot_regions:172,0x609e9ee29eb0,0
657.xz_s/1,1/super_hot_regions:172,0x609e9ee29eb3,0
657.xz_s/1,1/super_hot_regions:172,0x609e9ee29eb7,0

657.xz_s/1,1/super_hot_regions:173,0x609e9ee29e60,3
657.xz_s/1,1/super_hot_regions:173,0x609e9ee29e6b,0
657.xz_s/1,1/super_hot_regions:173,0x609e9ee29e73,0
657.xz_s/1,1/super_hot_regions:173,0x609e9ee29e9f,0
657.xz_s/1,1/super_hot_regions:173,0x609e9ee29eaa,0
657.xz_s/1,1/super_hot_regions:173,0x609e9ee29eb9,0
657.xz_s/1,1/super_hot_regions:173,0x609e9ee29ebe,0

657.xz_s/1,1/super_hot_regions:175,0x609e9ee2bb13,1
657.xz_s/1,1/super_hot_regions:175,0x609e9ee2bb19,0
657.xz_s/1,1/super_hot_regions:175,0x609e9ee2bb20,0

657.xz_s/1,1/super_hot_regions:180,0x609e9ee2fae7,5
657.xz_s/1,1/super_hot_regions:180,0x609e9ee2faea,0
657.xz_s/1,1/super_hot_regions:180,0x609e9ee2faf1,0
657.xz_s/1,1/super_hot_regions:180,0x609e9ee2faf8,0
657.xz_s/1,1/super_hot_regions:180,0x609e9ee2fafb,0
657.xz_s/1,1/super_hot_regions:180,0x609e9ee2fb00,0
657.xz_s/1,1/super_hot_regions:180,0x609e9ee2fb07,0
657.xz_s/1,1/super_hot_regions:180,0x609e9ee2fb09,0
657.xz_s/1,1/super_hot_regions:180,0x609e9ee2fb10,0
657.xz_s/1,1/super_hot_regions:180,0x609e9ee2fb12,0
657.xz_s/1,1/super_hot_regions:180,0x609e9ee2fb14,0
657.xz_s/1,1/super_hot_regions:180,0x609e9ee2fb1b,0
657.xz_s/1,1/super_hot_regions:180,0x609e9ee2fb22,0
657.xz_s/1,1/super_hot_regions:180,0x609e9ee2fb27,0
657.xz_s/1,1/super_hot_regions:180,0x609e9ee2fb2e,0
657.xz_s/1,1/super_hot_regions:180,0x609e9ee2fb35,0

657.xz_s/1,1/super_hot_regions:181,0x609e9ee2fb41,2
657.xz_s/1,1/super_hot_regions:181,0x609e9ee2fb52,0

657.xz_s/1,1/super_hot_regions:184,0x609e9ee30672,2
657.xz_s/1,1/super_hot_regions:184,0x609e9ee30679,0

657.xz_s/1,1/super_hot_regions:31,0x609e9ee2a13f,1
657.xz_s/1,1/super_hot_regions:31,0x609e9ee2a142,0

657.xz_s/1,1/super_hot_regions:35,0x609e9ee2c96d,3
657.xz_s/1,1/super_hot_regions:35,0x609e9ee2c974,0
657.xz_s/1,1/super_hot_regions:35,0x609e9ee2c978,0

657.xz_s/1,1/super_hot_regions:37,0x609e9ee2a0ea,1
657.xz_s/1,1/super_hot_regions:37,0x609e9ee2a0ed,0

657.xz_s/1,1/super_hot_regions:42,0x609e9ee2a087,4
657.xz_s/1,1/super_hot_regions:42,0x609e9ee2a08b,0
657.xz_s/1,1/super_hot_regions:42,0x609e9ee2a08d,0
657.xz_s/1,1/super_hot_regions:42,0x609e9ee2a091,0
657.xz_s/1,1/super_hot_regions:42,0x609e9ee2a0a0,0
657.xz_s/1,1/super_hot_regions:42,0x609e9ee2a0a7,0

657.xz_s/1,1/super_hot_regions:43,0x609e9ee2a0a9,2
657.xz_s/1,1/super_hot_regions:43,0x609e9ee2a0ad,0
657.xz_s/1,1/super_hot_regions:43,0x609e9ee2a0b1,0
657.xz_s/1,1/super_hot_regions:43,0x609e9ee2a0b7,0

657.xz_s/1,1/super_hot_regions:44,0x609e9ee2a099,1
657.xz_s/1,1/super_hot_regions:44,0x609e9ee2a09c,0
657.xz_s/1,1/super_hot_regions:44,0x609e9ee2a0bd,0
657.xz_s/1,1/super_hot_regions:44,0x609e9ee2a0c0,0
657.xz_s/1,1/super_hot_regions:44,0x609e9ee2a0c2,0
657.xz_s/1,1/super_hot_regions:44,0x609e9ee2a0c6,0

657.xz_s/1,1/super_hot_regions:45,0x609e9ee2a0a4,1
657.xz_s/1,1/super_hot_regions:45,0x609e9ee2a0b4,0
657.xz_s/1,1/super_hot_regions:45,0x609e9ee2a0c8,0

657.xz_s/1,1/super_hot_regions:48,0x609e9ee2befd,7
657.xz_s/1,1/super_hot_regions:48,0x609e9ee2bf00,0
657.xz_s/1,1/super_hot_regions:48,0x609e9ee2bf03,0
657.xz_s/1,1/super_hot_regions:48,0x609e9ee2bf0b,0
657.xz_s/1,1/super_hot_regions:48,0x609e9ee2bf0f,0
657.xz_s/1,1/super_hot_regions:48,0x609e9ee2bf13,0
657.xz_s/1,1/super_hot_regions:48,0x609e9ee2bf16,0
657.xz_s/1,1/super_hot_regions:48,0x609e9ee2bf19,0
657.xz_s/1,1/super_hot_regions:48,0x609e9ee2bf1b,0
657.xz_s/1,1/super_hot_regions:48,0x609e9ee2bf22,0
657.xz_s/1,1/super_hot_regions:48,0x609e9ee2bf26,0
657.xz_s/1,1/super_hot_regions:48,0x609e9ee2bf29,0
657.xz_s/1,1/super_hot_regions:48,0x609e9ee2bf2b,0
657.xz_s/1,1/super_hot_regions:48,0x609e9ee2bf35,0
657.xz_s/1,1/super_hot_regions:48,0x609e9ee2bf38,0

657.xz_s/1,1/super_hot_regions:49,0x609e9ee2bf07,3
657.xz_s/1,1/super_hot_regions:49,0x609e9ee2bf3e,0
657.xz_s/1,1/super_hot_regions:49,0x609e9ee2bf54,0

657.xz_s/1,1/super_hot_regions:5,0x609e9ee2a0a0,2
657.xz_s/1,1/super_hot_regions:5,0x609e9ee2a0a7,0

657.xz_s/1,1/super_hot_regions:50,0x609e9ee2bf1f,3
657.xz_s/1,1/super_hot_regions:50,0x609e9ee2bf42,0
657.xz_s/1,1/super_hot_regions:50,0x609e9ee2bf4d,0
657.xz_s/1,1/super_hot_regions:50,0x609e9ee2bf5b,0

657.xz_s/1,1/super_hot_regions:54,0x609e9ee2a11d,2
657.xz_s/1,1/super_hot_regions:54,0x609e9ee2a120,0

657.xz_s/1,1/super_hot_regions:55,0x609e9ee2a123,2
657.xz_s/1,1/super_hot_regions:55,0x609e9ee2a127,0

657.xz_s/1,1/super_hot_regions:56,0x609e9ee29e88,2
657.xz_s/1,1/super_hot_regions:56,0x609e9ee29e91,0

657.xz_s/1,1/super_hot_regions:57,0x609e9ee29e94,2
657.xz_s/1,1/super_hot_regions:57,0x609e9ee29e98,0
657.xz_s/1,1/super_hot_regions:57,0x609e9ee29e9c,0
657.xz_s/1,1/super_hot_regions:57,0x609e9ee29ea2,0

657.xz_s/1,1/super_hot_regions:58,0x609e9ee29ead,1
657.xz_s/1,1/super_hot_regions:58,0x609e9ee29eb3,0
657.xz_s/1,1/super_hot_regions:58,0x609e9ee29eb7,0

657.xz_s/1,1/super_hot_regions:59,0x609e9ee29e9f,1
657.xz_s/1,1/super_hot_regions:59,0x609e9ee29eaa,0
657.xz_s/1,1/super_hot_regions:59,0x609e9ee29eb9,0

657.xz_s/1,1/super_hot_regions:6,0x609e9ee2a0a9,2
657.xz_s/1,1/super_hot_regions:6,0x609e9ee2a0ad,0
657.xz_s/1,1/super_hot_regions:6,0x609e9ee2a0b1,0
657.xz_s/1,1/super_hot_regions:6,0x609e9ee2a0b7,0

657.xz_s/1,1/super_hot_regions:61,0x609e9ee27fb4,1
657.xz_s/1,1/super_hot_regions:61,0x609e9ee27fb7,0

657.xz_s/1,1/super_hot_regions:62,0x609e9ee27f90,2
657.xz_s/1,1/super_hot_regions:62,0x609e9ee27f97,0
657.xz_s/1,1/super_hot_regions:62,0x609e9ee27f9c,0
657.xz_s/1,1/super_hot_regions:62,0x609e9ee27fa6,0
657.xz_s/1,1/super_hot_regions:62,0x609e9ee27fb9,0

657.xz_s/1,1/super_hot_regions:63,0x609e9ee27f9e,4
657.xz_s/1,1/super_hot_regions:63,0x609e9ee27fa9,0
657.xz_s/1,1/super_hot_regions:63,0x609e9ee27fad,0
657.xz_s/1,1/super_hot_regions:63,0x609e9ee27fb1,0
657.xz_s/1,1/super_hot_regions:63,0x609e9ee27fbc,0
657.xz_s/1,1/super_hot_regions:63,0x609e9ee27fc7,0

657.xz_s/1,1/super_hot_regions:65,0x609e9ee2f5cc,2
657.xz_s/1,1/super_hot_regions:65,0x609e9ee2f5d3,0

657.xz_s/1,1/super_hot_regions:67,0x609e9ee2cc40,4
657.xz_s/1,1/super_hot_regions:67,0x609e9ee2cc48,0
657.xz_s/1,1/super_hot_regions:67,0x609e9ee2cc4b,0
657.xz_s/1,1/super_hot_regions:67,0x609e9ee2cc4e,0
657.xz_s/1,1/super_hot_regions:67,0x609e9ee2cc51,0
657.xz_s/1,1/super_hot_regions:67,0x609e9ee2cc54,0
657.xz_s/1,1/super_hot_regions:67,0x609e9ee2cc56,0
657.xz_s/1,1/super_hot_regions:67,0x609e9ee2cc58,0
657.xz_s/1,1/super_hot_regions:67,0x609e9ee2cc5b,0
657.xz_s/1,1/super_hot_regions:67,0x609e9ee2cc5d,0

657.xz_s/1,1/super_hot_regions:7,0x609e9ee2a0bd,1
657.xz_s/1,1/super_hot_regions:7,0x609e9ee2a0c2,0
657.xz_s/1,1/super_hot_regions:7,0x609e9ee2a0c6,0

657.xz_s/1,1/super_hot_regions:71,0x609e9ee300db,1
657.xz_s/1,1/super_hot_regions:71,0x609e9ee300de,0

657.xz_s/1,1/super_hot_regions:72,0x609e9ee300cf,3
657.xz_s/1,1/super_hot_regions:72,0x609e9ee300d7,0
657.xz_s/1,1/super_hot_regions:72,0x609e9ee300e2,0

657.xz_s/1,1/super_hot_regions:73,0x609e9ee2cc10,4
657.xz_s/1,1/super_hot_regions:73,0x609e9ee2cc18,0
657.xz_s/1,1/super_hot_regions:73,0x609e9ee2cc1a,0
657.xz_s/1,1/super_hot_regions:73,0x609e9ee2cc1d,0
657.xz_s/1,1/super_hot_regions:73,0x609e9ee2cc20,0
657.xz_s/1,1/super_hot_regions:73,0x609e9ee2cc23,0
657.xz_s/1,1/super_hot_regions:73,0x609e9ee2cc25,0
657.xz_s/1,1/super_hot_regions:73,0x609e9ee2cc27,0
657.xz_s/1,1/super_hot_regions:73,0x609e9ee2cc29,0
657.xz_s/1,1/super_hot_regions:73,0x609e9ee2cc2f,0
657.xz_s/1,1/super_hot_regions:73,0x609e9ee2cc34,0

657.xz_s/1,1/super_hot_regions:75,0x609e9ee3007f,1
657.xz_s/1,1/super_hot_regions:75,0x609e9ee30082,0
657.xz_s/1,1/super_hot_regions:75,0x609e9ee30087,0
657.xz_s/1,1/super_hot_regions:75,0x609e9ee30089,0
657.xz_s/1,1/super_hot_regions:75,0x609e9ee30094,0

657.xz_s/1,1/super_hot_regions:8,0x609e9ee2a0a4,1
657.xz_s/1,1/super_hot_regions:8,0x609e9ee2a0b4,0
657.xz_s/1,1/super_hot_regions:8,0x609e9ee2a0c8,0

657.xz_s/1,1/super_hot_regions:81,0x609e9ee301bb,3
657.xz_s/1,1/super_hot_regions:81,0x609e9ee301c2,0
657.xz_s/1,1/super_hot_regions:81,0x609e9ee301c6,0

657.xz_s/1,1/super_hot_regions:82,0x609e9ee33625,2
657.xz_s/1,1/super_hot_regions:82,0x609e9ee33628,0
657.xz_s/1,1/super_hot_regions:82,0x609e9ee3362b,0
657.xz_s/1,1/super_hot_regions:82,0x609e9ee3362e,0
657.xz_s/1,1/super_hot_regions:82,0x609e9ee33631,0
657.xz_s/1,1/super_hot_regions:82,0x609e9ee33634,0
657.xz_s/1,1/super_hot_regions:82,0x609e9ee33636,0

657.xz_s/1,1/super_hot_regions:84,0x609e9ee29f05,2
657.xz_s/1,1/super_hot_regions:84,0x609e9ee29f11,0
657.xz_s/1,1/super_hot_regions:84,0x609e9ee29f14,0
657.xz_s/1,1/super_hot_regions:84,0x609e9ee29f17,0
657.xz_s/1,1/super_hot_regions:84,0x609e9ee29f1a,0

657.xz_s/1,1/super_hot_regions:85,0x609e9ee29f1d,1
657.xz_s/1,1/super_hot_regions:85,0x609e9ee29f20,0

657.xz_s/1,1/super_hot_regions:88,0x609e9ee29ed0,2
657.xz_s/1,1/super_hot_regions:88,0x609e9ee29ed8,0
657.xz_s/1,1/super_hot_regions:88,0x609e9ee29edc,0
657.xz_s/1,1/super_hot_regions:88,0x609e9ee29edf,0
657.xz_s/1,1/super_hot_regions:88,0x609e9ee29ee2,0

657.xz_s/1,1/super_hot_regions:89,0x609e9ee29ee5,1
657.xz_s/1,1/super_hot_regions:89,0x609e9ee29ee8,0

657.xz_s/1,1/super_hot_regions:91,0x609e9ee2fe5f,3
657.xz_s/1,1/super_hot_regions:91,0x609e9ee2fe6a,0
657.xz_s/1,1/super_hot_regions:91,0x609e9ee2fe6d,0
657.xz_s/1,1/super_hot_regions:91,0x609e9ee2fe70,0
657.xz_s/1,1/super_hot_regions:91,0x609e9ee2fe73,0

657.xz_s/1,1/super_hot_regions:96,0x609e9ee2f560,2
657.xz_s/1,1/super_hot_regions:96,0x609e9ee2f566,0
657.xz_s/1,1/super_hot_regions:96,0x609e9ee2f56c,0
657.xz_s/1,1/super_hot_regions:96,0x609e9ee2f570,0
657.xz_s/1,1/super_hot_regions:96,0x609e9ee2f572,0
657.xz_s/1,1/super_hot_regions:96,0x609e9ee2f578,0
657.xz_s/1,1/super_hot_regions:96,0x609e9ee2f57a,0

657.xz_s/1,1/super_hot_regions:97,0x609e9ee2f57d,2
657.xz_s/1,1/super_hot_regions:97,0x609e9ee2f581,0

657.xz_s/2,2/super_hot_regions:10,0x58fa710a8e9f,1
657.xz_s/2,2/super_hot_regions:10,0x58fa710a8eaa,0
657.xz_s/2,2/super_hot_regions:10,0x58fa710a8eb9,0

657.xz_s/2,2/super_hot_regions:102,0x58fa710a8e5c,4
657.xz_s/2,2/super_hot_regions:102,0x58fa710a8e63,0
657.xz_s/2,2/super_hot_regions:102,0x58fa710a8e67,0
657.xz_s/2,2/super_hot_regions:102,0x58fa710a8e70,0
657.xz_s/2,2/super_hot_regions:102,0x58fa710a8e88,0
657.xz_s/2,2/super_hot_regions:102,0x58fa710a8e91,0

657.xz_s/2,2/super_hot_regions:103,0x58fa710a8e78,2
657.xz_s/2,2/super_hot_regions:103,0x58fa710a8e94,0
657.xz_s/2,2/super_hot_regions:103,0x58fa710a8e98,0
657.xz_s/2,2/super_hot_regions:103,0x58fa710a8e9c,0
657.xz_s/2,2/super_hot_regions:103,0x58fa710a8ea2,0
657.xz_s/2,2/super_hot_regions:103,0x58fa710a8ea8,0

657.xz_s/2,2/super_hot_regions:104,0x58fa710a8e7e,1
657.xz_s/2,2/super_hot_regions:104,0x58fa710a8e81,0
657.xz_s/2,2/super_hot_regions:104,0x58fa710a8ead,0
657.xz_s/2,2/super_hot_regions:104,0x58fa710a8eb0,0
657.xz_s/2,2/super_hot_regions:104,0x58fa710a8eb3,0
657.xz_s/2,2/super_hot_regions:104,0x58fa710a8eb7,0

657.xz_s/2,2/super_hot_regions:105,0x58fa710a8e60,3
657.xz_s/2,2/super_hot_regions:105,0x58fa710a8e6b,0
657.xz_s/2,2/super_hot_regions:105,0x58fa710a8e73,0
657.xz_s/2,2/super_hot_regions:105,0x58fa710a8e9f,0
657.xz_s/2,2/super_hot_regions:105,0x58fa710a8eaa,0
657.xz_s/2,2/super_hot_regions:105,0x58fa710a8eb9,0
657.xz_s/2,2/super_hot_regions:105,0x58fa710a8ebe,0

657.xz_s/2,2/super_hot_regions:109,0x58fa710aeae7,5
657.xz_s/2,2/super_hot_regions:109,0x58fa710aeaea,0
657.xz_s/2,2/super_hot_regions:109,0x58fa710aeaf1,0
657.xz_s/2,2/super_hot_regions:109,0x58fa710aeaf8,0
657.xz_s/2,2/super_hot_regions:109,0x58fa710aeafb,0
657.xz_s/2,2/super_hot_regions:109,0x58fa710aeb00,0
657.xz_s/2,2/super_hot_regions:109,0x58fa710aeb07,0
657.xz_s/2,2/super_hot_regions:109,0x58fa710aeb09,0
657.xz_s/2,2/super_hot_regions:109,0x58fa710aeb10,0
657.xz_s/2,2/super_hot_regions:109,0x58fa710aeb12,0
657.xz_s/2,2/super_hot_regions:109,0x58fa710aeb14,0
657.xz_s/2,2/super_hot_regions:109,0x58fa710aeb1b,0
657.xz_s/2,2/super_hot_regions:109,0x58fa710aeb22,0
657.xz_s/2,2/super_hot_regions:109,0x58fa710aeb27,0
657.xz_s/2,2/super_hot_regions:109,0x58fa710aeb2e,0
657.xz_s/2,2/super_hot_regions:109,0x58fa710aeb35,0

657.xz_s/2,2/super_hot_regions:110,0x58fa710aeb41,2
657.xz_s/2,2/super_hot_regions:110,0x58fa710aeb52,0

657.xz_s/2,2/super_hot_regions:114,0x58fa710af407,2
657.xz_s/2,2/super_hot_regions:114,0x58fa710af40e,0

657.xz_s/2,2/super_hot_regions:115,0x58fa710aeab0,2
657.xz_s/2,2/super_hot_regions:115,0x58fa710aeabf,0

657.xz_s/2,2/super_hot_regions:117,0x58fa710aab13,1
657.xz_s/2,2/super_hot_regions:117,0x58fa710aab19,0
657.xz_s/2,2/super_hot_regions:117,0x58fa710aab20,0

657.xz_s/2,2/super_hot_regions:118,0x58fa710af672,2
657.xz_s/2,2/super_hot_regions:118,0x58fa710af679,0

657.xz_s/2,2/super_hot_regions:12,0x58fa710a8f05,2
657.xz_s/2,2/super_hot_regions:12,0x58fa710a8f11,0
657.xz_s/2,2/super_hot_regions:12,0x58fa710a8f14,0
657.xz_s/2,2/super_hot_regions:12,0x58fa710a8f17,0
657.xz_s/2,2/super_hot_regions:12,0x58fa710a8f1a,0

657.xz_s/2,2/super_hot_regions:120,0x58fa710aeefe,4
657.xz_s/2,2/super_hot_regions:120,0x58fa710aef0b,0
657.xz_s/2,2/super_hot_regions:120,0x58fa710aef1f,0
657.xz_s/2,2/super_hot_regions:120,0x58fa710aef23,0

657.xz_s/2,2/super_hot_regions:123,0x58fa710af082,1
657.xz_s/2,2/super_hot_regions:123,0x58fa710af087,0
657.xz_s/2,2/super_hot_regions:123,0x58fa710af089,0
657.xz_s/2,2/super_hot_regions:123,0x58fa710af094,0

657.xz_s/2,2/super_hot_regions:126,0x58fa710b1127,1
657.xz_s/2,2/super_hot_regions:126,0x58fa710b112c,0
657.xz_s/2,2/super_hot_regions:126,0x58fa710b112f,0
657.xz_s/2,2/super_hot_regions:126,0x58fa710b1132,0

657.xz_s/2,2/super_hot_regions:128,0x58fa710b3899,1
657.xz_s/2,2/super_hot_regions:128,0x58fa710b389f,0

657.xz_s/2,2/super_hot_regions:13,0x58fa710a8f1d,1
657.xz_s/2,2/super_hot_regions:13,0x58fa710a8f20,0

657.xz_s/2,2/super_hot_regions:134,0x58fa710aec80,2
657.xz_s/2,2/super_hot_regions:134,0x58fa710aec8b,0
657.xz_s/2,2/super_hot_regions:134,0x58fa710aeccd,0

657.xz_s/2,2/super_hot_regions:135,0x58fa710aecb6,2
657.xz_s/2,2/super_hot_regions:135,0x58fa710aecbd,0
657.xz_s/2,2/super_hot_regions:135,0x58fa710aecc4,0
657.xz_s/2,2/super_hot_regions:135,0x58fa710aeccb,0
657.xz_s/2,2/super_hot_regions:135,0x58fa710aecd0,0

657.xz_s/2,2/super_hot_regions:136,0x58fa710aecde,2
657.xz_s/2,2/super_hot_regions:136,0x58fa710aecf2,0

657.xz_s/2,2/super_hot_regions:137,0x58fa710aec7c,3
657.xz_s/2,2/super_hot_regions:137,0x58fa710aec88,0
657.xz_s/2,2/super_hot_regions:137,0x58fa710aecf8,0
657.xz_s/2,2/super_hot_regions:137,0x58fa710aed0f,0

657.xz_s/2,2/super_hot_regions:138,0x58fa710aecab,2
657.xz_s/2,2/super_hot_regions:138,0x58fa710aecae,0
657.xz_s/2,2/super_hot_regions:138,0x58fa710aecb1,0
657.xz_s/2,2/super_hot_regions:138,0x58fa710aecd2,0
657.xz_s/2,2/super_hot_regions:138,0x58fa710aecda,0
657.xz_s/2,2/super_hot_regions:138,0x58fa710aed17,0

657.xz_s/2,2/super_hot_regions:140,0x58fa710aee1c,2
657.xz_s/2,2/super_hot_regions:140,0x58fa710aee2c,0

657.xz_s/2,2/super_hot_regions:141,0x58fa710aee37,2
657.xz_s/2,2/super_hot_regions:141,0x58fa710aee3f,0

657.xz_s/2,2/super_hot_regions:142,0x58fa710aedf2,3
657.xz_s/2,2/super_hot_regions:142,0x58fa710aedf9,0
657.xz_s/2,2/super_hot_regions:142,0x58fa710aee01,0
657.xz_s/2,2/super_hot_regions:142,0x58fa710aee04,0
657.xz_s/2,2/super_hot_regions:142,0x58fa710aee08,0
657.xz_s/2,2/super_hot_regions:142,0x58fa710aee10,0
657.xz_s/2,2/super_hot_regions:142,0x58fa710aee12,0
657.xz_s/2,2/super_hot_regions:142,0x58fa710aee15,0
657.xz_s/2,2/super_hot_regions:142,0x58fa710aee18,0
657.xz_s/2,2/super_hot_regions:142,0x58fa710aee44,0

657.xz_s/2,2/super_hot_regions:143,0x58fa710aee4c,1
657.xz_s/2,2/super_hot_regions:143,0x58fa710aee52,0

657.xz_s/2,2/super_hot_regions:144,0x58fa710aee24,3
657.xz_s/2,2/super_hot_regions:144,0x58fa710aee30,0
657.xz_s/2,2/super_hot_regions:144,0x58fa710aee5c,0

657.xz_s/2,2/super_hot_regions:145,0x58fa710aee5a,1
657.xz_s/2,2/super_hot_regions:145,0x58fa710aee67,0

657.xz_s/2,2/super_hot_regions:146,0x58fa710aee5f,3
657.xz_s/2,2/super_hot_regions:146,0x58fa710aee6a,0
657.xz_s/2,2/super_hot_regions:146,0x58fa710aee6d,0
657.xz_s/2,2/super_hot_regions:146,0x58fa710aee70,0
657.xz_s/2,2/super_hot_regions:146,0x58fa710aee73,0

657.xz_s/2,2/super_hot_regions:153,0x58fa710b129e,1
657.xz_s/2,2/super_hot_regions:153,0x58fa710b12a3,0
657.xz_s/2,2/super_hot_regions:153,0x58fa710b12a5,0
657.xz_s/2,2/super_hot_regions:153,0x58fa710b12a8,0

657.xz_s/2,2/super_hot_regions:155,0x58fa710aef9e,1
657.xz_s/2,2/super_hot_regions:155,0x58fa710aefa6,0
657.xz_s/2,2/super_hot_regions:155,0x58fa710aefa8,0
657.xz_s/2,2/super_hot_regions:155,0x58fa710aefab,0
657.xz_s/2,2/super_hot_regions:155,0x58fa710aefae,0

657.xz_s/2,2/super_hot_regions:156,0x58fa710aefb5,2
657.xz_s/2,2/super_hot_regions:156,0x58fa710aefcf,0

657.xz_s/2,2/super_hot_regions:157,0x58fa710aefd7,2
657.xz_s/2,2/super_hot_regions:157,0x58fa710aefe6,0
657.xz_s/2,2/super_hot_regions:157,0x58fa710aefe8,0

657.xz_s/2,2/super_hot_regions:159,0x58fa710aabb0,2
657.xz_s/2,2/super_hot_regions:159,0x58fa710aabbb,0

657.xz_s/2,2/super_hot_regions:162,0x58fa710aaad2,2
657.xz_s/2,2/super_hot_regions:162,0x58fa710aaad9,0

657.xz_s/2,2/super_hot_regions:164,0x58fa710b0fbb,3
657.xz_s/2,2/super_hot_regions:164,0x58fa710b0fc2,0
657.xz_s/2,2/super_hot_regions:164,0x58fa710b0fc5,0

657.xz_s/2,2/super_hot_regions:167,0x58fa710b1187,1
657.xz_s/2,2/super_hot_regions:167,0x58fa710b118c,0
657.xz_s/2,2/super_hot_regions:167,0x58fa710b118f,0
657.xz_s/2,2/super_hot_regions:167,0x58fa710b1192,0

657.xz_s/2,2/super_hot_regions:169,0x58fa710b378c,1
657.xz_s/2,2/super_hot_regions:169,0x58fa710b3792,0

657.xz_s/2,2/super_hot_regions:17,0x58fa710af0db,1
657.xz_s/2,2/super_hot_regions:17,0x58fa710af0de,0

657.xz_s/2,2/super_hot_regions:18,0x58fa710af0cf,3
657.xz_s/2,2/super_hot_regions:18,0x58fa710af0d7,0
657.xz_s/2,2/super_hot_regions:18,0x58fa710af0e2,0

657.xz_s/2,2/super_hot_regions:20,0x58fa710af07f,1
657.xz_s/2,2/super_hot_regions:20,0x58fa710af082,0
657.xz_s/2,2/super_hot_regions:20,0x58fa710af087,0
657.xz_s/2,2/super_hot_regions:20,0x58fa710af089,0
657.xz_s/2,2/super_hot_regions:20,0x58fa710af094,0

657.xz_s/2,2/super_hot_regions:25,0x58fa710ab96d,3
657.xz_s/2,2/super_hot_regions:25,0x58fa710ab974,0
657.xz_s/2,2/super_hot_regions:25,0x58fa710ab978,0

657.xz_s/2,2/super_hot_regions:26,0x58fa710a8ed0,2
657.xz_s/2,2/super_hot_regions:26,0x58fa710a8ed8,0
657.xz_s/2,2/super_hot_regions:26,0x58fa710a8edc,0
657.xz_s/2,2/super_hot_regions:26,0x58fa710a8edf,0
657.xz_s/2,2/super_hot_regions:26,0x58fa710a8ee2,0

657.xz_s/2,2/super_hot_regions:27,0x58fa710a8ee5,1
657.xz_s/2,2/super_hot_regions:27,0x58fa710a8ee8,0

657.xz_s/2,2/super_hot_regions:3,0x58fa710a8f52,2
657.xz_s/2,2/super_hot_regions:3,0x58fa710a8f59,0

657.xz_s/2,2/super_hot_regions:31,0x58fa710af1bb,3
657.xz_s/2,2/super_hot_regions:31,0x58fa710af1c2,0
657.xz_s/2,2/super_hot_regions:31,0x58fa710af1c6,0

657.xz_s/2,2/super_hot_regions:32,0x58fa710ae5cc,2
657.xz_s/2,2/super_hot_regions:32,0x58fa710ae5d3,0

657.xz_s/2,2/super_hot_regions:35,0x58fa710ae560,2
657.xz_s/2,2/super_hot_regions:35,0x58fa710ae566,0
657.xz_s/2,2/super_hot_regions:35,0x58fa710ae56c,0
657.xz_s/2,2/super_hot_regions:35,0x58fa710ae570,0
657.xz_s/2,2/super_hot_regions:35,0x58fa710ae572,0
657.xz_s/2,2/super_hot_regions:35,0x58fa710ae578,0
657.xz_s/2,2/super_hot_regions:35,0x58fa710ae57a,0

657.xz_s/2,2/super_hot_regions:36,0x58fa710ae57d,2
657.xz_s/2,2/super_hot_regions:36,0x58fa710ae581,0

657.xz_s/2,2/super_hot_regions:4,0x58fa710a8f56,1
657.xz_s/2,2/super_hot_regions:4,0x58fa710a8f5d,0

657.xz_s/2,2/super_hot_regions:41,0x58fa710b2625,2
657.xz_s/2,2/super_hot_regions:41,0x58fa710b2628,0
657.xz_s/2,2/super_hot_regions:41,0x58fa710b262b,0
657.xz_s/2,2/super_hot_regions:41,0x58fa710b262e,0
657.xz_s/2,2/super_hot_regions:41,0x58fa710b2631,0
657.xz_s/2,2/super_hot_regions:41,0x58fa710b2634,0
657.xz_s/2,2/super_hot_regions:41,0x58fa710b2636,0

657.xz_s/2,2/super_hot_regions:45,0x58fa710af14d,1
657.xz_s/2,2/super_hot_regions:45,0x58fa710af150,0

657.xz_s/2,2/super_hot_regions:47,0x58fa710af17f,1
657.xz_s/2,2/super_hot_regions:47,0x58fa710af185,0

657.xz_s/2,2/super_hot_regions:51,0x58fa710aee5f,3
657.xz_s/2,2/super_hot_regions:51,0x58fa710aee6a,0
657.xz_s/2,2/super_hot_regions:51,0x58fa710aee6d,0
657.xz_s/2,2/super_hot_regions:51,0x58fa710aee70,0
657.xz_s/2,2/super_hot_regions:51,0x58fa710aee73,0

657.xz_s/2,2/super_hot_regions:55,0x58fa710abc40,4
657.xz_s/2,2/super_hot_regions:55,0x58fa710abc48,0
657.xz_s/2,2/super_hot_regions:55,0x58fa710abc4b,0
657.xz_s/2,2/super_hot_regions:55,0x58fa710abc4e,0
657.xz_s/2,2/super_hot_regions:55,0x58fa710abc51,0
657.xz_s/2,2/super_hot_regions:55,0x58fa710abc54,0
657.xz_s/2,2/super_hot_regions:55,0x58fa710abc56,0
657.xz_s/2,2/super_hot_regions:55,0x58fa710abc58,0
657.xz_s/2,2/super_hot_regions:55,0x58fa710abc5b,0
657.xz_s/2,2/super_hot_regions:55,0x58fa710abc5d,0

657.xz_s/2,2/super_hot_regions:60,0x58fa710a8f9e,2
657.xz_s/2,2/super_hot_regions:60,0x58fa710a8fb3,0
657.xz_s/2,2/super_hot_regions:60,0x58fa710a8fb7,0

657.xz_s/2,2/super_hot_regions:61,0x58fa710abc10,4
657.xz_s/2,2/super_hot_regions:61,0x58fa710abc18,0
657.xz_s/2,2/super_hot_regions:61,0x58fa710abc1a,0
657.xz_s/2,2/super_hot_regions:61,0x58fa710abc1d,0
657.xz_s/2,2/super_hot_regions:61,0x58fa710abc20,0
657.xz_s/2,2/super_hot_regions:61,0x58fa710abc23,0
657.xz_s/2,2/super_hot_regions:61,0x58fa710abc25,0
657.xz_s/2,2/super_hot_regions:61,0x58fa710abc27,0
657.xz_s/2,2/super_hot_regions:61,0x58fa710abc29,0
657.xz_s/2,2/super_hot_regions:61,0x58fa710abc2f,0
657.xz_s/2,2/super_hot_regions:61,0x58fa710abc34,0

657.xz_s/2,2/super_hot_regions:62,0x58fa710af05d,2
657.xz_s/2,2/super_hot_regions:62,0x58fa710af061,0

657.xz_s/2,2/super_hot_regions:67,0x58fa710af1d3,3
657.xz_s/2,2/super_hot_regions:67,0x58fa710af1da,0
657.xz_s/2,2/super_hot_regions:67,0x58fa710af1de,0

657.xz_s/2,2/super_hot_regions:68,0x58fa710a6fb4,1
657.xz_s/2,2/super_hot_regions:68,0x58fa710a6fb7,0

657.xz_s/2,2/super_hot_regions:69,0x58fa710a6f90,2
657.xz_s/2,2/super_hot_regions:69,0x58fa710a6f97,0
657.xz_s/2,2/super_hot_regions:69,0x58fa710a6f9c,0
657.xz_s/2,2/super_hot_regions:69,0x58fa710a6fa6,0
657.xz_s/2,2/super_hot_regions:69,0x58fa710a6fb9,0

657.xz_s/2,2/super_hot_regions:7,0x58fa710a8e88,2
657.xz_s/2,2/super_hot_regions:7,0x58fa710a8e91,0

657.xz_s/2,2/super_hot_regions:70,0x58fa710a6f9e,4
657.xz_s/2,2/super_hot_regions:70,0x58fa710a6fa9,0
657.xz_s/2,2/super_hot_regions:70,0x58fa710a6fad,0
657.xz_s/2,2/super_hot_regions:70,0x58fa710a6fb1,0
657.xz_s/2,2/super_hot_regions:70,0x58fa710a6fbc,0
657.xz_s/2,2/super_hot_regions:70,0x58fa710a6fc7,0

657.xz_s/2,2/super_hot_regions:73,0x58fa710ae510,3
657.xz_s/2,2/super_hot_regions:73,0x58fa710ae513,0
657.xz_s/2,2/super_hot_regions:73,0x58fa710ae51c,0
657.xz_s/2,2/super_hot_regions:73,0x58fa710ae521,0
657.xz_s/2,2/super_hot_regions:73,0x58fa710ae527,0
657.xz_s/2,2/super_hot_regions:73,0x58fa710ae529,0
657.xz_s/2,2/super_hot_regions:73,0x58fa710ae52e,0
657.xz_s/2,2/super_hot_regions:73,0x58fa710ae533,0
657.xz_s/2,2/super_hot_regions:73,0x58fa710ae535,0

657.xz_s/2,2/super_hot_regions:74,0x58fa710ae537,2
657.xz_s/2,2/super_hot_regions:74,0x58fa710ae53b,0

657.xz_s/2,2/super_hot_regions:76,0x58fa710b0fd9,2
657.xz_s/2,2/super_hot_regions:76,0x58fa710b0fe1,0
657.xz_s/2,2/super_hot_regions:76,0x58fa710b0fe6,0
657.xz_s/2,2/super_hot_regions:76,0x58fa710b0fe9,0
657.xz_s/2,2/super_hot_regions:76,0x58fa710b0fed,0

657.xz_s/2,2/super_hot_regions:77,0x58fa710b0ff2,2
657.xz_s/2,2/super_hot_regions:77,0x58fa710b0ff7,0

657.xz_s/2,2/super_hot_regions:79,0x58fa710b1060,1
657.xz_s/2,2/super_hot_regions:79,0x58fa710b1065,0
657.xz_s/2,2/super_hot_regions:79,0x58fa710b1068,0
657.xz_s/2,2/super_hot_regions:79,0x58fa710b106b,0

657.xz_s/2,2/super_hot_regions:8,0x58fa710a8e94,2
657.xz_s/2,2/super_hot_regions:8,0x58fa710a8e98,0
657.xz_s/2,2/super_hot_regions:8,0x58fa710a8e9c,0
657.xz_s/2,2/super_hot_regions:8,0x58fa710a8ea2,0

657.xz_s/2,2/super_hot_regions:80,0x58fa710b1077,2
657.xz_s/2,2/super_hot_regions:80,0x58fa710b107e,0

657.xz_s/2,2/super_hot_regions:81,0x58fa710b1072,4
657.xz_s/2,2/super_hot_regions:81,0x58fa710b107b,0
657.xz_s/2,2/super_hot_regions:81,0x58fa710b1080,0
657.xz_s/2,2/super_hot_regions:81,0x58fa710b108d,0
657.xz_s/2,2/super_hot_regions:81,0x58fa710b1090,0
657.xz_s/2,2/super_hot_regions:81,0x58fa710b1098,0
657.xz_s/2,2/super_hot_regions:81,0x58fa710b109d,0
657.xz_s/2,2/super_hot_regions:81,0x58fa710b10a1,0
657.xz_s/2,2/super_hot_regions:81,0x58fa710b10a6,0
657.xz_s/2,2/super_hot_regions:81,0x58fa710b10a9,0
657.xz_s/2,2/super_hot_regions:81,0x58fa710b10ae,0
657.xz_s/2,2/super_hot_regions:81,0x58fa710b10b1,0

657.xz_s/2,2/super_hot_regions:82,0x58fa710b10b4,2
657.xz_s/2,2/super_hot_regions:82,0x58fa710b10b8,0

657.xz_s/2,2/super_hot_regions:83,0x58fa710b10bc,2
657.xz_s/2,2/super_hot_regions:83,0x58fa710b10c5,0

657.xz_s/2,2/super_hot_regions:85,0x58fa710bf1e9,2
657.xz_s/2,2/super_hot_regions:85,0x58fa710bf1f0,0

657.xz_s/2,2/super_hot_regions:9,0x58fa710a8ead,1
657.xz_s/2,2/super_hot_regions:9,0x58fa710a8eb3,0
657.xz_s/2,2/super_hot_regions:9,0x58fa710a8eb7,0

657.xz_s/2,2/super_hot_regions:91,0x58fa710aaa10,7
657.xz_s/2,2/super_hot_regions:91,0x58fa710aaa13,0
657.xz_s/2,2/super_hot_regions:91,0x58fa710aaa16,0
657.xz_s/2,2/super_hot_regions:91,0x58fa710aaa1a,0
657.xz_s/2,2/super_hot_regions:91,0x58fa710aaa21,0
657.xz_s/2,2/super_hot_regions:91,0x58fa710aaa25,0
657.xz_s/2,2/super_hot_regions:91,0x58fa710aaa2d,0
657.xz_s/2,2/super_hot_regions:91,0x58fa710aaa30,0
657.xz_s/2,2/super_hot_regions:91,0x58fa710aaa41,0
657.xz_s/2,2/super_hot_regions:91,0x58fa710aaa4a,0
657.xz_s/2,2/super_hot_regions:91,0x58fa710aaa4e,0
657.xz_s/2,2/super_hot_regions:91,0x58fa710aaa54,0
657.xz_s/2,2/super_hot_regions:91,0x58fa710aaa58,0
657.xz_s/2,2/super_hot_regions:91,0x58fa710aaa5b,0
657.xz_s/2,2/super_hot_regions:91,0x58fa710aaa69,0
657.xz_s/2,2/super_hot_regions:91,0x58fa710aaa71,0

657.xz_s/2,2/super_hot_regions:96,0x58fa710a8e31,2
657.xz_s/2,2/super_hot_regions:96,0x58fa710a8e40,0

657.xz_s/2,2/super_hot_regions:98,0x58fa710aab5a,1
657.xz_s/2,2/super_hot_regions:98,0x58fa710aab5f,0

