idx,stages,latency,critσ,combHits,dspHits,baseE,rawE,warE,wawE,flagWR,flagWAW,finalE
0,2,2,1.0,0,0,1,0,0,0,0,0,1
1,3,3,0.9428090415820634,0,0,3,0,0,0,0,0,3
2,2,2,0.0,0,0,1,0,0,0,0,0,1
3,2,2,1.0,0,0,1,0,0,0,0,0,1
4,1,1,0.0,0,0,1,0,0,0,0,0,1
5,1,1,0.0,0,0,1,0,0,0,0,0,1
6,2,2,0.5,0,0,6,2,1,0,0,1,10
7,2,2,0.0,0,0,1,0,0,0,0,0,1
8,2,2,1.0,0,0,1,0,0,0,0,0,1
9,2,2,1.0,0,0,1,0,0,0,0,0,1
10,1,1,0.0,0,0,1,0,0,0,0,0,1
11,5,5,0.4,0,1,5,1,0,1,0,0,7
12,2,2,1.0,0,0,1,0,0,0,0,0,1
13,2,2,0.0,0,0,1,0,0,0,0,0,1
14,2,2,1.0,0,0,1,0,0,0,0,0,1
15,1,1,0.0,0,0,1,0,0,0,0,0,1
16,2,2,1.0,0,0,2,0,0,0,0,0,1
17,1,1,0.0,0,0,1,0,0,0,0,0,1
18,2,2,1.0,0,0,1,0,0,0,0,0,1
19,2,2,1.0,0,0,1,0,0,0,0,0,1
20,2,2,0.5,0,0,2,0,0,1,0,0,3
21,1,1,0.0,0,0,1,0,0,0,0,0,1
22,2,2,1.0,0,0,1,0,0,0,0,0,1
23,2,2,1.0,0,0,1,0,0,0,0,0,1
24,3,3,0.9428090415820634,0,0,2,1,0,0,0,0,3
25,1,1,0.0,0,0,1,0,0,0,0,0,1
26,2,2,0.5,0,0,5,1,0,1,0,0,7
27,7,7,1.0301575072754257,0,0,12,20,12,6,0,0,50
28,2,2,0.5,0,0,2,0,0,0,0,0,2
29,1,1,0.0,0,0,1,0,0,0,0,0,1
30,2,2,0.0,0,0,3,1,0,1,1,0,6
31,3,3,0.9428090415820634,0,0,6,5,0,5,3,2,21
32,2,2,1.0,0,0,2,0,0,0,0,0,1
33,3,3,0.0,0,0,4,3,0,0,1,0,8
34,1,1,0.0,0,0,1,0,0,0,0,0,1
35,2,2,1.0,0,0,1,0,0,0,0,0,1
36,2,2,1.0,0,0,1,0,0,0,0,0,1
37,2,2,1.0,0,0,1,0,0,0,0,0,1
38,4,4,1.0897247358851685,0,0,4,1,1,1,0,0,7
39,2,2,1.0,0,0,1,0,0,0,0,0,1
40,2,2,1.0,0,0,1,0,0,0,0,0,1
41,2,2,1.0,0,0,1,0,0,0,0,0,1
42,1,1,0.0,0,0,2,0,0,0,0,0,2
43,2,2,0.0,0,0,1,0,0,0,0,0,1
44,2,2,1.0,0,0,3,0,1,0,0,0,4
45,2,2,1.0,0,0,1,0,0,0,0,0,1
46,2,2,0.5,0,0,2,0,0,1,0,0,3
47,3,3,0.9428090415820634,0,0,3,0,0,0,0,0,3
48,3,3,0.9428090415820634,0,0,3,0,0,0,0,0,3
49,2,2,0.5,0,0,2,1,0,0,0,0,3
50,2,2,1.0,0,0,1,0,0,0,0,0,1
51,1,1,0.0,0,0,1,0,0,0,0,0,1
52,2,2,0.0,0,0,1,0,0,0,0,0,1
53,2,2,1.0,0,0,3,1,0,0,0,0,4
54,1,1,0.0,0,0,2,0,0,0,0,0,2
55,5,5,1.3564659966250536,2,0,23,50,21,6,0,0,100
56,2,2,1.0,0,0,1,0,0,0,0,0,1
57,2,2,1.0,0,0,1,0,0,0,0,0,1
58,1,1,0.0,0,0,1,0,0,0,0,0,1
59,3,3,0.9428090415820634,2,0,20,19,11,3,0,0,53
60,2,2,1.0,0,0,1,0,0,0,0,0,1
61,5,5,0.4,0,1,5,1,0,1,0,0,7
62,2,2,1.0,0,0,1,0,0,0,0,0,1
63,2,2,0.0,0,0,1,0,0,0,0,0,1
64,2,2,1.0,0,0,1,0,0,0,0,0,1
65,2,2,1.0,0,0,1,0,0,0,0,0,1
66,2,2,1.0,0,0,1,0,0,0,0,0,1
67,3,3,0.9428090415820634,0,0,3,0,0,0,0,0,3
68,3,3,0.9428090415820634,0,0,2,0,0,0,0,0,2
69,1,1,0.0,0,0,1,0,0,0,0,0,1
70,3,3,2.0548046676563256,1,0,3,0,0,0,0,0,3
71,4,4,1.0897247358851685,0,0,4,1,1,1,0,0,7
72,2,2,1.0,0,0,1,0,0,0,0,0,1
73,2,2,1.0,0,0,1,0,0,0,0,0,1
74,1,1,0.0,0,0,1,0,0,0,0,0,1
75,3,3,0.9428090415820634,0,0,3,0,0,0,0,0,3
76,2,2,1.0,0,0,1,0,0,0,0,0,1
77,2,2,1.0,0,0,1,0,0,0,0,0,1
78,1,1,0.0,0,0,1,0,0,0,0,0,1
79,2,2,1.0,0,0,1,0,0,0,0,0,1
80,1,1,0.0,0,0,2,0,0,0,0,0,2
81,2,2,1.0,0,0,1,0,0,0,0,0,1
82,2,2,1.0,0,0,1,0,0,0,0,0,1
83,2,2,1.0,0,0,1,0,0,0,0,0,1
84,1,1,0.0,0,0,1,0,0,0,0,0,1
85,2,2,1.0,0,0,2,0,0,0,0,0,1
86,2,2,0.0,0,0,1,0,0,0,0,0,1
87,1,1,0.0,0,0,1,0,0,0,0,0,1
88,1,1,0.0,0,0,1,0,0,0,0,0,1
89,2,2,1.0,0,0,1,0,0,0,0,0,1
90,2,2,1.0,0,0,1,0,0,0,0,0,1
91,2,2,0.5,0,0,5,1,0,1,0,0,7
92,7,7,1.0301575072754257,0,0,12,20,12,6,0,0,50
93,2,2,0.5,0,0,2,0,0,0,0,0,2
94,1,1,0.0,0,0,1,0,0,0,0,0,1
95,2,2,1.0,0,0,1,0,0,0,0,0,1
96,2,2,2.0,1,0,4,0,0,0,0,0,3
97,2,2,0.0,0,0,1,0,0,0,0,0,1
98,2,2,0.0,0,0,1,0,0,0,0,0,1
99,1,1,0.0,0,0,1,0,0,0,0,0,1
100,2,2,1.0,0,0,1,0,0,0,0,0,1
101,2,2,1.0,0,0,2,0,0,0,0,0,1
102,1,1,0.0,0,0,1,0,0,0,0,0,1
103,2,2,1.0,0,0,1,0,0,0,0,0,1
104,2,2,1.0,0,0,1,0,0,0,0,0,1
105,5,5,1.3564659966250536,2,0,23,50,21,6,0,0,100
106,3,3,0.9428090415820634,2,0,20,19,11,3,0,0,53
107,2,2,0.5,0,0,2,0,0,1,0,0,3
108,1,1,0.0,0,0,1,0,0,0,0,0,1
109,3,3,0.9428090415820634,0,0,2,0,0,0,0,0,2
110,2,2,1.0,0,0,1,0,0,0,0,0,1
111,2,2,0.0,0,0,1,0,0,0,0,0,1
112,2,2,1.0,0,0,1,0,0,0,0,0,1
113,5,5,0.4,0,1,5,1,0,1,0,0,7
114,2,2,1.0,0,0,1,0,0,0,0,0,1
115,1,1,0.0,0,0,1,0,0,0,0,0,1
116,2,2,0.0,0,0,3,1,0,0,0,0,4
117,2,2,0.5,0,0,2,1,0,0,0,0,3
118,2,2,0.0,0,0,1,0,0,0,0,0,1
119,1,1,0.0,0,0,1,0,0,0,0,0,1
120,2,2,0.0,0,0,1,0,0,0,0,0,1
121,2,2,1.0,0,0,1,0,0,0,0,0,1
122,3,3,0.9428090415820634,0,0,2,1,0,0,0,0,3
123,1,1,0.0,0,0,2,0,0,0,0,0,2
124,1,1,0.0,0,0,1,0,0,0,0,0,1
125,1,1,0.0,0,0,2,0,0,0,0,1,3
126,1,1,0.0,0,0,2,0,0,0,0,1,3
127,1,1,0.0,0,0,1,0,0,0,0,0,1
128,4,4,0.4330127018922193,0,0,4,0,1,1,0,0,6
129,2,2,1.0,0,0,1,0,0,0,0,0,1
130,3,3,0.9428090415820634,0,0,2,1,0,0,0,0,3
131,1,1,0.0,0,0,1,0,0,0,0,0,1
132,4,4,0.4330127018922193,0,1,3,0,0,0,0,0,3
133,2,2,0.0,0,0,2,0,0,0,0,0,2
134,2,2,1.0,0,0,1,0,0,0,0,0,1
135,2,2,0.0,0,0,1,0,0,0,0,0,1
136,1,1,0.0,0,0,3,3,0,0,0,0,6
137,1,1,0.0,0,0,1,0,0,0,0,0,1
138,1,1,0.0,0,0,1,0,0,0,0,0,1
139,2,2,1.0,0,0,1,0,0,0,0,0,1
140,1,1,0.0,0,0,3,3,0,0,0,0,6
141,1,1,0.0,0,0,1,0,0,0,0,0,1
142,1,1,0.0,0,0,2,1,0,0,0,0,3
143,1,1,0.0,0,0,1,0,0,0,0,0,1
144,2,2,0.0,0,0,1,0,0,0,0,0,1
145,2,2,0.5,0,0,2,0,0,0,0,0,2
146,1,1,0.0,0,0,1,0,0,0,0,0,1
147,2,2,1.0,0,0,1,0,0,0,0,0,1
148,2,2,1.0,0,0,1,0,0,0,0,0,1
149,2,2,0.5,0,0,3,0,0,0,0,0,2
150,2,2,0.5,0,0,3,0,0,1,0,0,3
151,1,1,0.0,0,0,1,0,0,0,0,0,1
152,1,1,0.0,0,0,1,0,0,0,0,0,1
153,2,2,1.0,0,0,1,0,0,0,0,0,1
154,2,2,0.0,0,0,1,0,0,0,0,0,1
155,1,1,0.0,0,0,1,0,0,0,0,0,1
156,2,2,1.0,0,0,1,0,0,0,0,0,1
157,3,3,0.0,0,0,2,0,0,0,0,0,2
158,2,2,1.0,0,0,1,0,0,0,0,0,1
159,2,2,0.5,0,0,3,0,0,0,0,0,2
160,2,2,1.0,0,0,1,0,0,0,0,0,1
161,2,2,0.5,0,0,3,0,0,1,0,0,3
162,2,2,0.5,0,0,2,0,0,0,0,0,2
163,1,1,0.0,0,0,1,0,0,0,0,0,1
164,1,1,0.0,0,0,3,3,0,0,0,0,6
165,1,1,0.0,0,0,1,0,0,0,0,0,1
166,1,1,0.0,0,0,1,0,0,0,0,0,1
167,2,2,1.0,0,0,1,0,0,0,0,0,1
168,1,1,0.0,0,0,3,3,0,0,0,0,6
169,1,1,0.0,0,0,1,0,0,0,0,0,1
170,2,2,0.5,0,0,2,0,0,0,0,0,2
171,1,1,0.0,0,0,2,1,0,0,0,0,3
172,2,2,1.5,0,0,2,0,0,0,0,0,2
173,1,1,0.0,0,0,1,0,0,0,0,0,1
174,1,1,0.0,0,0,1,0,0,0,0,0,1
175,2,2,1.0,0,0,1,0,0,0,0,0,1
176,2,2,0.5,0,0,4,0,0,0,0,0,4
177,2,2,0.5,0,0,2,0,0,0,0,0,2
178,1,1,0.0,0,0,1,0,0,0,0,0,1
179,1,1,0.0,0,0,1,0,0,0,0,0,1
180,1,1,0.0,0,0,1,0,0,0,0,0,1
181,3,3,0.0,0,0,2,0,0,0,0,0,2
182,2,2,1.0,0,0,1,0,0,0,0,0,1
183,2,2,0.5,0,0,3,0,0,0,0,0,2
184,2,2,0.5,0,0,3,0,0,1,0,0,3
185,2,2,1.0,0,0,1,0,0,0,0,0,1
186,1,1,0.0,0,0,1,0,0,0,0,0,1
187,1,1,0.0,0,0,1,0,0,0,0,0,1
188,2,2,0.5,0,0,2,0,0,0,0,0,2
189,2,2,0.5,0,0,2,0,0,0,0,0,2
190,1,1,0.0,0,0,3,3,0,0,0,0,6
191,1,1,0.0,0,0,1,0,0,0,0,0,1
192,2,2,0.0,0,0,1,0,0,0,0,0,1
193,2,2,1.0,0,0,1,0,0,0,0,0,1
194,2,2,1.0,0,0,1,0,0,0,0,0,1
195,1,1,0.0,0,0,1,0,0,0,0,0,1
196,1,1,0.0,0,0,1,0,0,0,0,0,1
197,1,1,0.0,0,0,1,0,0,0,0,0,1
198,1,1,0.0,0,0,1,0,0,0,0,0,1
199,2,2,1.0,0,0,1,0,0,0,0,0,1
200,1,1,0.0,0,0,1,0,0,0,0,0,1
201,1,1,0.0,0,0,1,0,0,0,0,0,1
202,2,2,1.0,0,0,1,0,0,0,0,0,1
203,2,2,0.5,0,0,2,0,0,0,0,0,2
204,1,1,0.0,0,0,1,0,0,0,0,0,1
205,2,2,0.0,0,0,1,0,0,0,0,0,1
206,2,2,1.0,0,0,1,0,0,0,0,0,1
207,2,2,1.0,0,0,1,0,0,0,0,0,1
208,1,1,0.0,0,0,1,0,0,0,0,0,1
209,2,2,0.0,0,0,1,0,0,0,0,0,1
210,1,1,0.0,0,0,3,3,0,0,0,0,6
211,1,1,0.0,0,0,1,0,0,0,0,0,1
212,2,2,1.0,0,0,1,0,0,0,0,0,1
213,1,1,0.0,0,0,3,3,0,0,0,0,6
214,1,1,0.0,0,0,1,0,0,0,0,0,1
215,1,1,0.0,0,0,1,0,0,0,0,0,1
216,1,1,0.0,0,0,2,1,0,0,0,0,3
217,1,1,0.0,0,0,1,0,0,0,0,0,1
218,1,1,0.0,0,0,1,0,0,0,0,0,1
219,2,2,1.0,0,0,1,0,0,0,0,0,1
220,2,2,0.5,0,0,2,0,0,0,0,0,2
221,1,1,0.0,0,0,1,0,0,0,0,0,1
222,2,2,1.0,0,0,1,0,0,0,0,0,1
223,2,2,0.5,0,0,3,0,0,0,0,0,2
224,2,2,0.5,0,0,3,0,0,1,0,0,3
225,2,2,1.0,0,0,1,0,0,0,0,0,1
226,2,2,0.5,0,0,2,0,0,0,0,0,2
227,3,3,0.816496580927726,0,1,3,0,1,0,0,0,4
228,2,2,1.0,0,0,1,0,0,0,0,0,1
229,4,4,0.0,0,0,3,0,0,1,0,0,4
230,2,2,1.0,0,0,1,0,0,0,0,0,1
231,3,3,0.9428090415820634,0,0,2,0,0,0,0,0,2
232,2,2,1.0,0,0,3,0,2,0,0,0,5
233,2,2,1.0,0,0,1,0,0,0,0,0,1
234,2,2,0.5,0,0,2,0,0,0,0,0,2
235,3,3,0.9428090415820634,0,0,2,0,0,0,0,0,2
236,1,1,0.0,0,0,1,0,0,0,0,0,1
237,3,3,0.9428090415820634,0,0,2,0,0,0,0,0,2
238,1,1,0.0,0,0,1,0,0,0,0,0,1
239,1,1,0.0,0,0,3,3,0,0,0,0,6
240,1,1,0.0,0,0,1,0,0,0,0,0,1
241,3,3,1.247219128924647,0,0,3,1,0,0,0,0,4
242,1,1,0.0,0,0,1,0,0,0,0,0,1
243,3,3,1.247219128924647,0,0,3,0,0,0,0,0,3
244,1,1,0.0,0,0,1,0,0,0,0,0,1
245,3,3,0.9428090415820634,0,0,2,1,0,0,0,0,3
246,2,2,0.5,0,0,2,0,0,0,0,0,2
247,1,1,0.0,0,0,1,0,0,0,0,0,1
248,2,2,1.0,0,0,1,0,0,0,0,0,1
249,1,1,0.0,0,0,1,0,0,0,0,0,1
250,2,2,0.5,0,0,3,0,0,0,0,0,2
251,2,2,0.5,0,0,3,0,0,1,0,0,3
252,3,3,0.0,0,0,2,0,0,0,0,0,2
253,1,1,0.0,0,0,1,0,0,0,0,0,1
254,1,1,0.0,0,0,1,0,0,0,0,0,1
255,1,1,0.0,0,0,2,1,0,0,0,0,3
256,2,2,1.0,0,0,1,0,0,0,0,0,1
257,1,1,0.0,0,0,3,3,0,0,0,0,6
258,2,2,1.0,0,0,1,0,0,0,0,0,1
259,2,2,0.0,0,0,1,0,0,0,0,0,1
260,4,4,0.7071067811865476,0,0,5,0,0,0,0,0,5
261,2,2,1.0,0,0,1,0,0,0,0,0,1
262,2,2,1.0,0,0,1,0,0,0,0,0,1
263,2,2,1.0,0,0,1,0,0,0,0,0,1
264,2,2,1.0,0,0,1,0,0,0,0,0,1
265,3,3,0.9428090415820634,0,0,2,1,0,0,0,0,3
266,2,2,1.0,0,0,1,0,0,0,0,0,1
267,7,7,1.0497813183356477,5,0,20,30,25,9,0,0,84
268,2,2,0.5,0,0,2,0,0,0,0,0,2
269,2,2,0.5,0,0,2,0,0,1,0,0,3
270,2,2,0.5,0,0,2,0,0,0,0,0,2
271,1,1,0.0,0,0,1,0,0,0,0,0,1
272,2,2,1.0,0,0,1,0,0,0,0,0,1
273,1,1,0.0,0,0,1,0,0,0,0,0,1
274,2,2,1.0,1,0,5,0,0,0,0,0,5
275,2,2,0.0,0,0,1,0,0,0,0,0,1
276,2,2,0.0,0,0,1,0,0,0,0,0,1
277,2,2,1.0,0,0,1,0,0,0,0,0,1
278,2,2,1.0,0,0,1,0,0,0,0,0,1
279,2,2,1.0,0,0,3,1,0,0,0,0,4
280,2,2,0.5,0,0,2,0,0,1,0,0,3
281,2,2,1.0,0,0,1,0,0,0,0,0,1
282,2,2,0.5,0,0,2,0,0,0,0,0,2
283,2,2,1.0,0,0,1,0,0,0,0,0,1
284,2,2,0.0,0,0,1,0,0,0,0,0,1
285,1,1,0.0,0,0,1,0,0,0,0,0,1
286,2,2,0.5,0,0,2,1,0,0,0,0,3
287,2,2,1.0,0,0,1,0,0,0,0,0,1
288,2,2,1.0,0,0,1,0,0,0,0,0,1
289,2,2,1.0,0,0,1,0,0,0,0,0,1
290,2,2,1.0,0,0,1,0,0,0,0,0,1
291,2,2,1.0,0,0,1,0,0,0,0,0,1
292,3,3,1.247219128924647,0,0,3,0,0,0,0,0,3
293,26,26,1.6627666400936374,6,4,61,504,257,52,0,0,874
294,2,2,1.0,0,0,1,0,0,0,0,0,1
295,2,2,1.0,0,0,1,0,0,0,0,0,1
296,1,1,0.0,0,0,1,0,0,0,0,0,1
297,2,2,2.0,1,0,3,1,0,0,0,0,4
298,3,3,0.4714045207910317,0,0,3,1,1,1,0,0,6
299,2,2,0.5,0,0,2,0,0,0,0,0,2
300,1,1,0.0,0,0,1,0,0,0,0,0,1
301,2,2,1.0,0,0,1,0,0,0,0,0,1
302,2,2,0.5,0,0,2,1,0,0,0,0,3
303,3,3,2.160246899469287,1,0,5,1,0,0,0,0,6
304,2,2,0.5,0,0,2,0,0,0,0,0,2
305,2,2,1.0,0,0,1,0,0,0,0,0,1
306,2,2,1.0,0,0,1,0,0,0,0,0,1
307,1,1,0.0,0,0,1,0,0,0,0,0,1
308,2,2,2.0,1,0,3,1,0,0,0,0,4
309,7,7,1.6659862556700857,1,2,13,24,8,2,0,0,47
310,1,1,0.0,0,0,1,0,0,0,0,0,1
311,2,2,0.0,0,0,1,0,0,0,0,0,1
312,2,2,0.5,0,0,2,0,0,0,0,0,2
313,2,2,1.0,0,0,1,0,0,0,0,0,1
314,2,2,1.0,0,0,1,0,0,0,0,0,1
315,3,3,0.9428090415820634,0,0,2,1,0,0,0,0,3
316,7,7,1.0497813183356477,5,0,20,30,25,9,0,0,84
317,2,2,0.5,0,0,2,0,0,0,0,0,2
318,2,2,0.5,0,0,2,0,0,1,0,0,3
319,2,2,0.5,0,0,2,0,0,0,0,0,2
320,4,4,0.7071067811865476,0,0,5,0,0,0,0,0,5
321,2,2,0.0,0,0,1,0,0,0,0,0,1
322,1,1,0.0,0,0,1,0,0,0,0,0,1
323,2,2,1.0,0,0,1,0,0,0,0,0,1
324,2,2,1.0,0,0,1,0,0,0,0,0,1
325,2,2,0.0,0,0,1,0,0,0,0,0,1
326,2,2,0.5,0,0,2,0,0,0,0,0,2
327,1,1,0.0,0,0,1,0,0,0,0,0,1
328,2,2,1.0,1,0,5,0,0,0,0,0,5
329,2,2,0.0,0,0,1,0,0,0,0,0,1
330,2,2,0.0,0,0,1,0,0,0,0,0,1
331,2,2,1.0,0,0,1,0,0,0,0,0,1
332,2,2,1.0,0,0,1,0,0,0,0,0,1
333,2,2,1.0,0,0,3,1,0,0,0,0,4
334,2,2,0.5,0,0,2,0,0,1,0,0,3
335,2,2,1.0,0,0,1,0,0,0,0,0,1
336,2,2,0.5,0,0,2,0,0,0,0,0,2
337,2,2,1.0,0,0,1,0,0,0,0,0,1
338,2,2,0.0,0,0,1,0,0,0,0,0,1
339,1,1,0.0,0,0,1,0,0,0,0,0,1
340,2,2,0.5,0,0,2,1,0,0,0,0,3
341,2,2,1.0,0,0,1,0,0,0,0,0,1
342,2,2,1.0,0,0,1,0,0,0,0,0,1
343,2,2,1.0,0,0,1,0,0,0,0,0,1
344,2,2,1.0,0,0,1,0,0,0,0,0,1
345,2,2,1.0,0,0,1,0,0,0,0,0,1
346,3,3,1.247219128924647,0,0,3,0,0,0,0,0,3
347,26,26,1.6627666400936374,6,4,61,504,257,52,0,0,874
348,2,2,1.0,0,0,1,0,0,0,0,0,1
349,2,2,1.0,0,0,1,0,0,0,0,0,1
350,1,1,0.0,0,0,1,0,0,0,0,0,1
351,2,2,2.0,1,0,3,1,0,0,0,0,4
352,3,3,0.4714045207910317,0,0,3,1,1,1,0,0,6
353,2,2,0.5,0,0,2,0,0,0,0,0,2
354,2,2,0.5,0,0,2,1,0,0,0,0,3
355,3,3,2.160246899469287,1,0,5,1,0,0,0,0,6
356,2,2,0.5,0,0,2,0,0,0,0,0,2
357,2,2,1.0,0,0,1,0,0,0,0,0,1
358,2,2,0.0,0,0,1,0,0,0,0,0,1
359,1,1,0.0,0,0,1,0,0,0,0,0,1
360,2,2,0.5,0,0,2,1,0,0,0,0,3
361,1,1,0.0,0,0,1,0,0,0,0,0,1
362,2,2,1.0,0,0,1,0,0,0,0,0,1
363,2,2,0.5,0,0,2,0,0,0,0,0,2
364,7,7,1.6659862556700857,1,2,13,24,8,2,0,0,47
365,1,1,0.0,0,0,1,0,0,0,0,0,1
366,2,2,1.0,0,0,1,0,0,0,0,0,1
367,2,2,1.0,0,0,1,0,0,0,0,0,1
368,2,2,1.0,0,0,1,0,0,0,0,0,1
369,2,2,0.0,0,0,1,0,0,0,0,0,1
370,1,1,0.0,0,0,1,0,0,0,0,0,1
371,2,2,1.0,0,0,1,0,0,0,0,0,1
372,2,2,1.0,0,0,1,0,0,0,0,0,1
373,2,2,1.0,0,0,1,0,0,0,0,0,1
374,2,2,1.0,0,0,1,0,0,0,0,0,1
375,2,2,1.0,0,0,1,0,0,0,0,0,1
376,3,3,0.9428090415820634,0,0,2,1,0,0,0,0,3
377,7,7,1.0497813183356477,5,0,20,30,25,9,0,0,84
378,2,2,0.5,0,0,2,0,0,0,0,0,2
379,2,2,0.5,0,0,2,0,0,1,0,0,3
380,2,2,0.5,0,0,2,0,0,0,0,0,2
381,2,2,0.0,0,0,1,0,0,0,0,0,1
382,2,2,0.5,0,0,2,0,0,0,0,0,2
383,2,2,1.0,1,0,5,0,0,0,0,0,5
384,2,2,0.0,0,0,1,0,0,0,0,0,1
385,2,2,0.0,0,0,1,0,0,0,0,0,1
386,2,2,1.0,0,0,1,0,0,0,0,0,1
387,2,2,1.0,0,0,1,0,0,0,0,0,1
388,2,2,1.0,0,0,3,1,0,0,0,0,4
389,2,2,0.5,0,0,2,0,0,1,0,0,3
390,2,2,1.0,0,0,1,0,0,0,0,0,1
391,2,2,0.5,0,0,2,0,0,0,0,0,2
392,2,2,1.0,0,0,1,0,0,0,0,0,1
393,2,2,0.0,0,0,1,0,0,0,0,0,1
394,1,1,0.0,0,0,1,0,0,0,0,0,1
395,2,2,0.5,0,0,2,1,0,0,0,0,3
396,2,2,1.0,0,0,1,0,0,0,0,0,1
397,2,2,1.0,0,0,1,0,0,0,0,0,1
398,1,1,0.0,0,0,1,0,0,0,0,0,1
399,2,2,2.0,1,0,3,1,0,0,0,0,4
400,2,2,0.5,0,0,2,0,0,0,0,0,2
401,2,2,1.0,0,0,1,0,0,0,0,0,1
402,2,2,1.0,0,0,1,0,0,0,0,0,1
403,2,2,1.0,0,0,1,0,0,0,0,0,1
404,2,2,1.0,0,0,1,0,0,0,0,0,1
405,3,3,1.247219128924647,0,0,3,0,0,0,0,0,3
406,26,26,1.6627666400936374,6,4,61,504,257,52,0,0,874
407,2,2,0.5,0,0,2,1,0,0,0,0,3
408,3,3,2.160246899469287,1,0,5,1,0,0,0,0,6
409,2,2,0.5,0,0,2,0,0,0,0,0,2
410,1,1,0.0,0,0,1,0,0,0,0,0,1
411,2,2,0.5,0,0,2,0,0,0,0,0,2
412,2,2,1.0,0,0,1,0,0,0,0,0,1
413,2,2,0.0,0,0,1,0,0,0,0,0,1
414,1,1,0.0,0,0,1,0,0,0,0,0,1
415,2,2,0.5,0,0,2,1,0,0,0,0,3
416,2,2,1.0,0,0,1,0,0,0,0,0,1
417,2,2,1.0,0,0,1,0,0,0,0,0,1
418,1,1,0.0,0,0,1,0,0,0,0,0,1
419,2,2,2.0,1,0,3,1,0,0,0,0,4
420,1,1,0.0,0,0,1,0,0,0,0,0,1
421,4,4,0.7071067811865476,0,0,5,0,0,0,0,0,5
422,2,2,1.0,0,0,1,0,0,0,0,0,1
423,1,1,0.0,0,0,1,0,0,0,0,0,1
424,2,2,1.0,0,0,1,0,0,0,0,0,1
425,3,3,0.4714045207910317,0,0,3,1,1,1,0,0,6
426,2,2,1.0,0,0,1,0,0,0,0,0,1
427,7,7,1.6659862556700857,1,2,13,24,8,2,0,0,47
428,2,2,1.0,0,0,1,0,0,0,0,0,1
429,2,2,1.0,0,0,1,0,0,0,0,0,1
430,2,2,1.0,0,0,1,0,0,0,0,0,1
431,2,2,1.0,0,0,1,0,0,0,0,0,1
432,2,2,1.0,0,0,1,0,0,0,0,0,1
433,3,3,0.9428090415820634,0,0,2,1,0,0,0,0,3
434,7,7,1.0497813183356477,5,0,20,30,25,9,0,0,84
435,2,2,0.5,0,0,2,0,0,0,0,0,2
436,2,2,0.5,0,0,2,0,0,1,0,0,3
437,2,2,0.5,0,0,2,0,0,0,0,0,2
438,2,2,0.0,0,0,1,0,0,0,0,0,1
439,2,2,0.0,0,0,1,0,0,0,0,0,1
440,2,2,1.0,0,0,1,0,0,0,0,0,1
441,2,2,1.0,0,0,1,0,0,0,0,0,1
442,2,2,1.0,0,0,3,1,0,0,0,0,4
443,2,2,0.5,0,0,2,0,0,1,0,0,3
444,2,2,1.0,0,0,1,0,0,0,0,0,1
445,2,2,0.5,0,0,2,0,0,0,0,0,2
446,2,2,0.0,0,0,1,0,0,0,0,0,1
447,2,2,0.5,0,0,2,0,0,0,0,0,2
448,2,2,1.0,1,0,5,0,0,0,0,0,5
449,2,2,0.0,0,0,1,0,0,0,0,0,1
450,1,1,0.0,0,0,1,0,0,0,0,0,1
451,2,2,1.0,0,0,1,0,0,0,0,0,1
452,2,2,1.0,0,0,1,0,0,0,0,0,1
453,2,2,0.0,0,0,1,0,0,0,0,0,1
454,1,1,0.0,0,0,1,0,0,0,0,0,1
455,2,2,0.5,0,0,2,1,0,0,0,0,3
456,1,1,0.0,0,0,1,0,0,0,0,0,1
457,2,2,1.0,0,0,1,0,0,0,0,0,1
458,2,2,0.0,0,0,1,0,0,0,0,0,1
459,1,1,0.0,0,0,1,0,0,0,0,0,1
460,2,2,0.5,0,0,2,1,0,0,0,0,3
461,2,2,0.5,0,0,2,0,0,0,0,0,2
462,2,2,1.0,0,0,1,0,0,0,0,0,1
463,2,2,1.0,0,0,1,0,0,0,0,0,1
464,1,1,0.0,0,0,1,0,0,0,0,0,1
465,2,2,2.0,1,0,3,1,0,0,0,0,4
466,2,2,0.5,0,0,2,1,0,0,0,0,3
467,3,3,2.160246899469287,1,0,5,1,0,0,0,0,6
468,4,4,0.7071067811865476,0,0,5,0,0,0,0,0,5
469,2,2,1.0,0,0,1,0,0,0,0,0,1
470,1,1,0.0,0,0,1,0,0,0,0,0,1
471,2,2,1.0,0,0,1,0,0,0,0,0,1
472,3,3,0.4714045207910317,0,0,3,1,1,1,0,0,6
473,2,2,1.0,0,0,1,0,0,0,0,0,1
474,7,7,1.6659862556700857,1,2,13,24,8,2,0,0,47
475,1,1,0.0,0,0,1,0,0,0,0,0,1
476,2,2,1.0,0,0,1,0,0,0,0,0,1
477,2,2,1.0,0,0,1,0,0,0,0,0,1
478,1,1,0.0,0,0,1,0,0,0,0,0,1
479,1,1,0.0,0,0,1,0,0,0,0,0,1
480,1,1,0.0,0,0,1,0,0,0,0,0,1
481,3,3,1.4142135623730951,2,0,4,1,0,1,0,0,6
482,1,1,0.0,0,0,1,0,0,0,0,0,1
483,1,1,0.0,0,0,1,0,0,0,0,0,1
484,2,2,1.0,0,0,1,0,0,0,0,0,1
485,3,3,1.699673171197595,1,0,4,1,0,2,0,0,7
486,2,2,1.0,0,0,1,0,0,0,0,0,1
487,1,1,0.0,0,0,1,0,0,0,0,0,1
488,1,1,0.0,0,0,2,0,0,0,0,0,2
489,2,2,0.5,0,0,2,0,0,0,0,0,2
490,2,2,1.0,0,0,5,2,0,1,1,3,12
491,2,2,1.0,0,0,1,0,0,0,0,0,1
492,2,2,2.0,0,0,3,0,0,0,0,0,3
493,1,1,0.0,0,0,1,0,0,0,0,0,1
494,2,2,1.0,0,0,1,0,0,0,0,0,1
495,2,2,1.0,0,0,1,0,0,0,0,0,1
496,2,2,1.0,0,0,1,0,0,0,0,0,1
497,2,2,1.0,0,0,1,0,0,0,0,0,1
498,9,9,1.8257418583505538,5,0,44,76,74,9,11,66,279
499,2,2,2.0,0,0,3,0,0,0,0,0,3
500,2,2,1.0,0,0,1,0,0,0,0,0,1
501,1,1,0.0,0,0,1,0,0,0,0,0,1
502,3,3,1.8856180831641267,1,1,5,3,0,0,0,0,8
503,2,2,0.5,0,0,2,0,0,0,0,0,2
504,2,2,0.5,0,0,2,0,0,0,0,0,2
505,2,2,1.0,1,0,3,1,0,0,0,0,4
506,2,2,1.0,0,0,1,0,0,0,0,0,1
507,2,2,1.0,0,0,1,0,0,0,0,0,1
508,1,1,0.0,0,0,1,0,0,0,0,0,1
509,2,2,1.0,0,0,1,0,0,0,0,0,1
510,2,2,1.0,0,0,1,0,0,0,0,0,1
511,2,2,0.5,0,0,2,1,0,0,0,0,3
512,2,2,1.0,0,0,1,0,0,0,0,0,1
513,2,2,1.0,0,0,1,0,0,0,0,0,1
514,2,2,0.5,0,0,2,0,0,1,0,0,3
515,2,2,0.0,0,0,1,0,0,0,0,0,1
516,2,2,0.5,0,1,1,0,0,0,0,0,1
517,2,2,0.0,0,0,1,0,0,0,0,0,1
518,2,2,1.0,0,0,1,0,0,0,0,0,1
519,1,1,0.0,0,0,1,0,0,0,0,0,1
520,2,2,1.0,1,0,3,1,0,0,0,0,4
521,1,1,0.0,0,0,1,0,0,0,0,0,1
522,1,1,0.0,0,0,1,0,0,0,0,0,1
523,1,1,0.0,0,0,3,1,2,0,0,0,6
524,1,1,0.0,0,0,1,0,0,0,0,0,1
525,2,2,0.0,0,0,1,0,0,0,0,0,1
526,3,3,1.4142135623730951,2,0,4,1,0,1,0,0,6
527,1,1,0.0,0,0,5,3,0,0,0,0,8
528,6,6,1.3437096247164249,2,0,8,0,2,8,0,0,18
529,3,3,0.9428090415820634,0,0,2,0,0,0,0,0,2
530,3,3,0.9428090415820634,0,0,2,0,0,0,0,0,2
531,1,1,0.0,0,0,1,0,0,0,0,0,1
532,2,2,1.0,0,0,1,0,0,0,0,0,1
533,2,2,1.0,0,0,1,0,0,0,0,0,1
534,2,2,1.0,0,0,1,0,0,0,0,0,1
535,1,1,0.0,0,0,1,0,0,0,0,0,1
536,1,1,0.0,0,0,1,0,0,0,0,0,1
537,1,1,0.0,0,0,1,0,0,0,0,0,1
538,1,1,0.0,0,0,1,0,0,0,0,0,1
539,2,2,0.5,0,0,2,0,0,0,0,0,2
540,2,2,1.0,0,0,1,0,0,0,0,0,1
541,2,2,1.0,0,0,1,0,0,0,0,0,1
542,2,2,0.5,0,0,2,0,0,0,0,0,2
543,2,2,1.0,0,0,1,0,0,0,0,0,1
544,2,2,1.0,0,0,1,0,0,0,0,0,1
545,4,4,0.8660254037844386,0,2,5,3,1,0,0,0,9
546,2,2,1.0,0,0,1,0,0,0,0,0,1
547,2,2,1.5,0,0,1,0,0,0,0,0,1
548,4,4,1.5,1,0,5,0,1,0,0,0,6
549,4,4,1.5,1,0,5,0,1,0,0,0,6
550,4,4,1.5,1,0,5,0,1,0,0,0,6
551,4,4,1.5,1,0,5,0,1,0,0,0,6
552,4,4,0.8660254037844386,0,0,3,0,0,0,0,0,3
553,4,4,0.8660254037844386,0,0,3,0,0,0,0,0,3
554,1,1,0.0,0,0,1,0,0,0,0,0,1
555,1,1,0.0,0,0,1,0,0,0,0,0,1
556,4,4,0.5,0,0,3,3,0,0,0,0,6
557,2,2,0.5,0,0,2,0,0,0,0,0,2
558,1,1,0.0,0,0,1,0,0,0,0,0,1
559,2,2,0.0,0,0,1,0,0,0,0,0,1
560,4,4,0.8660254037844386,3,0,12,6,1,0,0,0,19
561,1,1,0.0,0,0,1,0,0,0,0,0,1
562,8,8,1.7853571071357126,5,1,17,18,10,4,0,0,49
563,2,2,1.0,0,0,1,0,0,0,0,0,1
564,2,2,1.0,0,0,1,0,0,0,0,0,1
565,2,2,1.0,0,0,1,0,0,0,0,0,1
566,2,2,1.0,0,0,1,0,0,0,0,0,1
567,2,2,1.0,0,0,1,0,0,0,0,0,1
568,1,1,0.0,0,0,1,0,0,0,0,0,1
569,2,2,1.0,0,0,1,0,0,0,0,0,1
570,1,1,0.0,0,0,1,0,0,0,0,0,1
571,2,2,1.0,0,0,1,0,0,0,0,0,1
572,1,1,0.0,0,0,1,0,0,0,0,0,1
573,2,2,1.5,0,0,1,0,0,0,0,0,1
574,1,1,0.0,0,0,1,0,0,0,0,0,1
575,4,4,1.7853571071357126,2,0,16,26,13,2,0,0,54
576,2,2,0.5,1,0,8,7,0,0,0,0,13
577,2,2,0.5,1,0,8,7,0,0,0,0,13
578,2,2,1.0,0,0,1,0,0,0,0,0,1
579,1,1,0.0,0,0,1,0,0,0,0,0,1
580,4,4,1.7853571071357126,2,0,16,26,13,2,0,0,54
581,2,2,1.0,0,0,1,0,0,0,0,0,1
582,1,1,0.0,0,0,1,0,0,0,0,0,1
583,1,1,0.0,0,0,1,0,0,0,0,0,1
584,3,3,0.9428090415820634,2,0,16,30,8,4,0,0,54
585,2,2,1.0,0,0,1,0,0,0,0,0,1
586,1,1,0.0,0,0,1,0,0,0,0,0,1
587,4,4,1.7853571071357126,2,0,16,26,13,2,0,0,54
588,3,3,0.4714045207910317,0,0,3,1,0,0,0,0,4
589,3,3,0.4714045207910317,0,0,3,3,0,0,0,0,6
590,2,2,0.5,0,0,2,1,0,0,0,0,3
591,2,2,0.5,0,0,2,1,0,0,0,0,3
592,3,3,0.4714045207910317,0,0,3,1,0,0,0,0,4
593,3,3,0.4714045207910317,0,0,3,1,0,0,0,0,4
594,3,3,0.4714045207910317,0,0,3,1,0,0,0,0,4
595,3,3,0.4714045207910317,0,0,3,1,0,0,0,0,4
596,1,1,0.0,0,0,1,0,0,0,0,0,1
597,1,1,0.0,0,0,1,0,0,0,0,0,1
598,1,1,0.0,0,0,1,0,0,0,0,0,1
599,3,3,0.9428090415820634,2,0,16,30,8,4,0,0,54
600,1,1,0.0,0,0,1,0,0,0,0,0,1
601,1,1,0.0,0,0,1,0,0,0,0,0,1
602,1,1,0.0,0,0,1,0,0,0,0,0,1
603,3,3,0.9428090415820634,2,0,16,30,8,4,0,0,54
604,3,3,0.4714045207910317,0,0,3,1,0,0,0,0,4
605,3,3,0.4714045207910317,0,0,3,1,0,0,0,0,4
606,3,3,0.4714045207910317,0,0,3,1,0,0,0,0,4
607,3,3,0.4714045207910317,0,0,3,3,0,0,0,0,6
608,1,1,0.0,0,0,1,0,0,0,0,0,1
609,1,1,0.0,0,0,1,0,0,0,0,0,1
610,1,1,0.0,0,0,1,0,0,0,0,0,1
611,3,3,0.9428090415820634,2,0,16,30,8,4,0,0,54
612,1,1,0.0,0,0,1,0,0,0,0,0,1
613,1,1,0.0,0,0,1,0,0,0,0,0,1
614,1,1,0.0,0,0,1,0,0,0,0,0,1
615,3,3,0.4714045207910317,0,0,3,3,0,0,0,0,6
616,3,3,0.9428090415820634,2,0,16,30,8,4,0,0,54
617,2,2,0.0,0,0,3,3,0,0,0,0,6
618,2,2,1.0,0,0,1,0,0,0,0,0,1
619,2,2,1.0,0,0,1,0,0,0,0,0,1
620,2,2,1.0,0,0,1,0,0,0,0,0,1
621,3,3,0.4714045207910317,0,0,3,1,0,0,0,0,4
622,1,1,0.0,0,0,1,0,0,0,0,0,1
623,4,4,1.7853571071357126,2,0,16,26,13,2,0,0,54
624,1,1,0.0,0,0,1,0,0,0,0,0,1
625,2,2,1.0,0,0,1,0,0,0,0,0,1
626,1,1,0.0,0,0,1,0,0,0,0,0,1
627,4,4,1.7853571071357126,2,0,16,26,13,2,0,0,54
628,2,2,0.5,1,0,8,7,0,0,0,0,13
629,2,2,0.5,1,0,8,7,0,0,0,0,13
630,2,2,0.5,1,0,8,7,0,0,0,0,13
631,2,2,1.0,0,0,1,0,0,0,0,0,1
632,2,2,1.0,0,0,1,0,0,0,0,0,1
633,3,3,1.247219128924647,1,0,15,26,13,2,0,0,53
634,2,2,0.5,1,0,8,7,0,0,0,0,13
635,2,2,0.5,0,0,2,1,0,0,0,0,3
636,2,2,0.5,0,0,2,1,0,0,0,0,3
637,2,2,0.5,0,0,2,1,0,0,0,0,3
638,2,2,0.5,0,0,2,1,0,0,0,0,3
639,2,2,1.0,0,0,1,0,0,0,0,0,1
640,2,2,0.5,0,0,2,1,0,0,0,0,3
641,2,2,0.0,0,0,3,3,0,0,0,0,6
642,3,3,0.4714045207910317,0,0,4,3,2,1,0,0,10
643,3,3,1.632993161855452,1,0,4,3,0,0,0,0,7
644,5,5,1.0954451150103321,1,0,6,1,1,1,0,0,9
645,2,2,0.5,0,0,2,1,0,0,0,0,3
646,3,3,1.632993161855452,1,0,4,3,0,0,0,0,7
647,5,5,1.0954451150103321,1,0,6,1,1,1,0,0,9
648,2,2,0.5,0,0,2,1,0,0,0,0,3
649,2,2,1.0,1,0,2,0,0,0,0,0,2
650,1,1,0.0,0,0,1,0,0,0,0,0,1
651,2,2,0.5,0,0,1,0,0,0,0,0,1
652,2,2,0.5,0,0,1,0,0,0,0,0,1
653,2,2,1.5,0,0,2,0,0,0,0,0,2
654,1,1,0.0,0,0,2,1,0,0,0,0,3
655,1,1,0.0,0,0,1,0,0,0,0,0,1
656,2,2,1.5,1,0,4,1,0,0,0,0,5
657,3,3,0.4714045207910317,0,0,3,0,0,0,0,0,3
658,2,2,0.0,0,0,1,0,0,0,0,0,1
659,3,3,0.0,0,0,2,0,0,0,0,0,2
660,1,1,0.0,0,0,2,1,0,0,0,0,3
661,1,1,0.0,0,0,3,3,0,0,0,0,6
662,1,1,0.0,0,0,1,0,0,0,0,0,1
663,2,2,0.0,0,0,1,0,0,0,0,0,1
664,1,1,0.0,0,0,1,0,0,0,0,0,1
665,2,2,0.5,0,0,2,0,0,0,0,0,2
666,1,1,0.0,0,0,1,0,0,0,0,0,1
667,1,1,0.0,0,0,1,0,0,0,0,0,1
668,2,2,1.0,0,0,1,0,0,0,0,0,1
669,2,2,1.5,1,0,4,1,0,0,0,0,5
670,1,1,0.0,0,0,2,1,0,0,0,0,3
671,2,2,0.0,0,0,3,1,0,0,1,0,5
672,2,2,1.0,0,0,1,0,0,0,0,0,1
673,2,2,0.0,0,0,1,0,0,0,0,0,1
674,1,1,0.0,0,0,2,0,0,0,0,0,2
675,1,1,0.0,0,0,3,3,0,0,0,0,6
676,2,2,0.0,0,0,3,3,0,0,0,0,6
677,3,3,0.4714045207910317,0,0,4,3,2,1,0,0,10
678,1,1,0.0,0,0,1,0,0,0,0,0,1
679,1,1,0.0,0,0,1,0,0,0,0,0,1
680,3,3,0.0,0,0,2,0,0,0,0,0,2
681,2,2,0.0,0,0,1,0,0,0,0,0,1
682,2,2,0.0,0,0,1,0,0,0,0,0,1
683,2,2,1.5,0,0,2,0,0,0,0,0,2
684,2,2,1.0,0,0,1,0,0,0,0,0,1
685,2,2,1.0,0,0,1,0,0,0,0,0,1
686,2,2,0.0,0,0,1,0,0,0,0,0,1
687,2,2,1.0,0,0,1,0,0,0,0,0,1
688,2,2,1.0,0,0,1,0,0,0,0,0,1
689,2,2,0.5,0,1,1,0,0,0,0,0,1
690,2,2,1.0,0,0,1,0,0,0,0,0,1
691,2,2,1.0,0,0,1,0,0,0,0,0,1
692,2,2,1.0,0,0,1,0,0,0,0,0,1
693,2,2,1.5,0,0,2,0,0,0,0,0,2
694,1,1,0.0,0,0,1,0,0,0,0,0,1
695,1,1,0.0,0,0,2,1,0,0,0,0,3
696,2,2,1.0,0,0,1,0,0,0,0,0,1
697,1,1,0.0,0,0,1,0,0,0,0,0,1
698,1,1,0.0,0,0,1,0,0,0,0,0,1
699,2,2,1.0,0,0,1,0,0,0,0,0,1
700,2,2,0.0,0,0,1,0,0,0,0,0,1
701,1,1,0.0,0,0,1,0,0,0,0,0,1
702,1,1,0.0,0,0,1,0,0,0,0,0,1
703,1,1,0.0,0,0,1,0,0,0,0,0,1
704,2,2,0.5,0,1,1,0,0,0,0,0,1
705,2,2,0.5,0,0,5,1,1,1,0,0,7
706,1,1,0.0,0,0,1,0,0,0,0,0,1
707,1,1,0.0,0,0,5,0,0,0,0,2,7
708,1,1,0.0,0,0,4,1,1,0,0,1,7
709,1,1,0.0,0,0,1,0,0,0,0,0,1
710,1,1,0.0,0,0,2,0,1,0,0,0,3
711,2,2,1.0,0,0,3,0,0,1,0,0,4
712,1,1,0.0,0,0,1,0,0,0,0,0,1
713,1,1,0.0,0,0,1,0,0,0,0,0,1
714,2,2,1.0,0,0,1,0,0,0,0,0,1
715,2,2,0.5,0,0,2,1,0,0,0,0,3
716,2,2,1.0,0,0,1,0,0,0,0,0,1
717,2,2,1.0,0,0,1,0,0,0,0,0,1
718,2,2,1.0,0,0,1,0,0,0,0,0,1
719,2,2,1.0,0,0,1,0,0,0,0,0,1
720,1,1,0.0,0,0,1,0,0,0,0,0,1
721,2,2,0.5,0,0,2,1,0,0,0,0,3
722,1,1,0.0,0,0,1,0,0,0,0,0,1
723,1,1,0.0,0,0,1,0,0,0,0,0,1
724,2,2,0.5,0,0,2,1,0,0,0,0,3
725,2,2,1.0,0,0,1,0,0,0,0,0,1
726,2,2,1.0,0,0,1,0,0,0,0,0,1
727,1,1,0.0,0,0,1,0,0,0,0,0,1
728,1,1,0.0,0,0,1,0,0,0,0,0,1
729,1,1,0.0,0,0,1,0,0,0,0,0,1
730,2,2,1.0,0,0,1,0,0,0,0,0,1
731,2,2,1.0,0,0,1,0,0,0,0,0,1
732,2,2,1.0,0,0,1,0,0,0,0,0,1
733,2,2,1.0,0,0,1,0,0,0,0,0,1
734,2,2,1.0,0,0,1,0,0,0,0,0,1
735,2,2,1.0,0,0,1,0,0,0,0,0,1
736,2,2,1.0,0,0,1,0,0,0,0,0,1
737,2,2,1.0,0,0,1,0,0,0,0,0,1
738,2,2,0.0,0,0,1,0,0,0,0,0,1
739,1,1,0.0,0,0,1,0,0,0,0,0,1
740,2,2,0.5,0,0,2,1,0,0,0,0,3
741,2,2,1.0,0,0,1,0,0,0,0,0,1
742,2,2,1.0,0,0,1,0,0,0,0,0,1
743,2,2,0.5,0,0,2,1,0,0,0,0,3
744,2,2,1.0,1,0,5,6,0,0,0,0,11
745,2,2,0.5,0,0,2,1,0,0,0,0,3
746,2,2,0.5,0,0,2,1,0,0,0,0,3
747,2,2,1.0,0,0,1,0,0,0,0,0,1
748,3,3,0.0,0,0,2,0,0,1,0,0,3
749,2,2,0.5,0,0,2,1,0,0,0,0,3
750,1,1,0.0,0,0,1,0,0,0,0,0,1
751,2,2,1.0,0,0,1,0,0,0,0,0,1
752,2,2,1.0,0,0,1,0,0,0,0,0,1
753,1,1,0.0,0,0,1,0,0,0,0,0,1
754,3,3,0.9428090415820634,0,1,4,0,1,0,2,0,7
755,1,1,0.0,0,0,1,0,0,0,0,0,1
756,3,3,0.0,0,0,2,0,0,0,0,0,2
757,1,1,0.0,0,0,1,0,0,0,0,0,1
758,3,3,2.0548046676563256,1,0,5,5,3,1,0,0,14
759,2,2,0.0,0,0,1,0,0,0,0,0,1
760,2,2,2.0,0,0,3,3,0,0,0,0,6
761,1,1,0.0,0,0,1,0,0,0,0,0,1
762,1,1,0.0,0,0,2,1,0,0,0,0,3
763,2,2,1.0,0,0,1,0,0,0,0,0,1
764,2,2,1.0,0,0,1,0,0,0,0,0,1
765,2,2,1.0,0,0,1,0,0,0,0,0,1
766,2,2,1.0,0,0,1,0,0,0,0,0,1
767,1,1,0.0,0,0,2,1,0,0,0,0,3
768,1,1,0.0,0,0,1,0,0,0,0,0,1
769,2,2,1.5,1,0,4,1,0,0,0,0,5
770,3,3,0.4714045207910317,0,0,3,0,0,0,0,0,3
771,1,1,0.0,0,0,2,1,0,0,0,0,3
772,1,1,0.0,0,0,2,1,0,0,0,0,3
773,1,1,0.0,0,0,1,0,0,0,0,0,1
774,2,2,0.0,0,0,1,0,0,0,0,0,1
775,3,3,0.9428090415820634,0,0,3,0,0,0,0,0,3
776,1,1,0.0,0,0,1,0,0,0,0,0,1
777,1,1,0.0,0,0,1,0,0,0,0,0,1
778,1,1,0.0,0,0,1,0,0,0,0,0,1
779,2,2,1.0,0,0,1,0,0,0,0,0,1
780,2,2,2.5,1,0,2,0,0,0,0,0,2
781,1,1,0.0,0,0,3,0,2,0,0,0,5
782,2,2,1.0,0,0,1,0,0,0,0,0,1
783,2,2,1.0,0,0,1,0,0,0,0,0,1
784,1,1,0.0,0,0,1,0,0,0,0,0,1
785,1,1,0.0,0,0,1,0,0,0,0,0,1
786,1,1,0.0,0,0,4,0,0,0,1,0,4
787,2,2,1.0,0,0,4,0,0,1,0,0,4
788,1,1,0.0,0,0,1,0,0,0,0,0,1
789,2,2,1.0,0,0,1,0,0,0,0,0,1
790,1,1,0.0,0,0,1,0,0,0,0,0,1
791,2,2,0.0,0,0,1,0,0,0,0,0,1
792,1,1,0.0,0,0,3,0,0,0,0,0,2
793,1,1,0.0,0,0,1,0,0,0,0,0,1
794,1,1,0.0,0,0,1,0,0,0,0,0,1
795,2,2,0.0,0,0,1,0,0,0,0,0,1
796,2,2,0.0,0,0,1,0,0,0,0,0,1
797,2,2,0.0,0,0,1,0,0,0,0,0,1
798,1,1,0.0,0,0,1,0,0,0,0,0,1
799,3,3,0.9428090415820634,0,0,3,0,0,0,0,0,3
800,1,1,0.0,0,0,1,0,0,0,0,0,1
801,1,1,0.0,0,0,1,0,0,0,0,0,1
802,2,2,1.0,0,0,1,0,0,0,0,0,1
803,5,5,0.7483314773547883,1,0,13,23,5,2,3,0,46
804,5,5,0.7483314773547883,1,0,13,23,5,2,3,0,46
805,5,5,0.7483314773547883,1,0,13,23,5,2,3,0,46
806,5,5,0.7483314773547883,1,0,13,23,5,2,3,0,46
807,5,5,0.7483314773547883,1,0,13,23,5,2,3,0,46
808,5,5,0.7483314773547883,1,0,13,23,5,2,3,0,46
809,3,3,0.4714045207910317,0,0,7,1,0,1,2,0,11
810,3,3,0.9428090415820634,0,0,5,6,0,0,0,0,11
811,3,3,0.4714045207910317,0,0,7,1,0,1,2,0,11
812,1,1,0.0,0,0,1,0,0,0,0,0,1
813,2,2,1.0,0,0,1,0,0,0,0,0,1
814,2,2,1.0,0,0,1,0,0,0,0,0,1
815,3,3,2.3570226039551585,2,0,8,2,0,2,4,4,20
816,2,2,1.0,0,0,1,0,0,0,0,0,1
817,2,2,1.0,0,0,1,0,0,0,0,0,1
818,2,2,1.0,0,0,1,0,0,0,0,0,1
819,2,2,1.0,0,0,1,0,0,0,0,0,1
820,2,2,1.0,0,0,1,0,0,0,0,0,1
821,2,2,1.0,0,0,1,0,0,0,0,0,1
822,2,2,1.0,0,0,1,0,0,0,0,0,1
823,4,4,1.299038105676658,2,0,6,0,0,3,0,0,9
824,2,2,1.0,0,0,1,0,0,0,0,0,1
825,2,2,1.0,0,0,1,0,0,0,0,0,1
826,2,2,1.0,0,0,1,0,0,0,0,0,1
827,4,4,0.0,0,0,3,0,0,3,0,0,6
828,2,2,1.0,0,0,1,0,0,0,0,0,1
829,2,2,1.0,0,0,1,0,0,0,0,0,1
830,2,2,1.0,0,0,1,0,0,0,0,0,1
831,2,2,0.0,0,0,1,0,0,0,0,0,1
832,2,2,0.0,0,0,1,0,0,0,0,0,1
833,2,2,1.0,0,0,1,0,0,0,0,0,1
834,2,2,1.5,1,0,5,6,0,0,0,0,11
835,2,2,1.0,0,0,1,0,0,0,0,0,1
836,2,2,0.5,0,0,2,0,0,1,0,0,3
837,15,15,1.0624918300339485,7,0,50,146,37,21,61,104,419
838,2,2,0.0,0,0,1,0,0,0,0,0,1
839,3,3,0.9428090415820634,0,0,5,6,0,0,0,0,11
840,1,1,0.0,0,0,1,0,0,0,0,0,1
841,2,2,1.0,0,0,1,0,0,0,0,0,1
842,4,4,0.0,3,0,26,23,9,7,24,58,147
843,1,1,0.0,0,0,1,0,0,0,0,0,1
844,3,3,0.4714045207910317,1,0,13,15,3,2,9,4,46
845,4,4,1.4142135623730951,1,0,12,16,0,1,11,11,51
846,1,1,0.0,0,0,1,0,0,0,0,0,1
847,3,3,0.816496580927726,1,0,15,16,3,1,9,10,54
848,1,1,0.0,0,0,1,0,0,0,0,0,1
849,4,4,0.4330127018922193,3,0,25,19,13,5,24,58,144
850,4,4,1.6583123951777,2,0,14,19,3,4,11,12,63
851,22,22,1.0295228775369203,18,6,96,280,66,7,0,0,433
852,2,2,1.0,0,0,1,0,0,0,0,0,1
853,2,2,1.0,0,0,1,0,0,0,0,0,1
854,1,1,0.0,0,0,2,0,0,0,1,0,3
855,3,3,0.9428090415820634,2,0,13,20,4,0,0,0,36
856,2,2,2.5,1,0,2,0,0,0,0,0,2
857,2,2,0.5,0,0,2,0,0,0,0,0,2
858,2,2,0.0,0,0,1,0,0,0,0,0,1
859,1,1,0.0,0,0,3,1,0,0,1,0,5
860,3,3,2.0548046676563256,1,0,4,1,0,0,0,0,5
861,1,1,0.0,0,0,1,0,0,0,0,0,1
862,2,2,1.0,0,0,1,0,0,0,0,0,1
863,2,2,1.0,0,0,1,0,0,0,0,0,1
864,2,2,2.5,1,0,2,0,0,0,0,0,2
865,2,2,1.0,0,0,1,0,0,0,0,0,1
866,2,2,1.0,0,0,1,0,0,0,0,0,1
867,2,2,1.0,0,0,1,0,0,0,0,0,1
868,2,2,1.0,0,0,1,0,0,0,0,0,1
869,2,2,1.0,0,0,1,0,0,0,0,0,1
870,2,2,1.0,0,0,1,0,0,0,0,0,1
871,1,1,0.0,0,0,1,0,0,0,0,0,1
872,3,3,0.4714045207910317,0,0,3,1,0,0,0,0,4
873,2,2,0.0,0,0,1,0,0,0,0,0,1
874,1,1,0.0,0,0,1,0,0,0,0,0,1
875,1,1,0.0,0,0,1,0,0,0,0,0,1
876,1,1,0.0,0,0,4,4,1,0,0,0,9
877,1,1,0.0,0,0,1,0,0,0,0,0,1
878,1,1,0.0,0,0,1,0,0,0,0,0,1
879,3,3,0.4714045207910317,2,0,10,4,1,4,4,4,27
880,4,4,1.299038105676658,1,1,7,9,3,1,0,0,20
881,2,2,0.0,0,0,1,0,0,0,0,0,1
882,1,1,0.0,0,0,2,1,0,0,0,0,3
883,2,2,0.5,0,0,1,0,0,0,0,0,1
884,2,2,1.0,0,0,1,0,0,0,0,0,1
885,2,2,1.0,0,0,1,0,0,0,0,0,1
886,2,2,2.5,1,0,7,4,0,1,2,0,14
887,2,2,1.5,0,0,7,4,0,1,2,0,14
888,2,2,2.5,1,0,7,4,0,1,2,0,14
889,2,2,1.0,0,0,1,0,0,0,0,0,1
890,2,2,1.5,0,0,7,4,0,1,2,0,14
891,2,2,1.5,0,0,7,4,0,1,2,0,14
892,2,2,1.5,0,0,7,4,0,1,2,0,14
893,4,4,0.0,0,0,3,0,0,3,0,0,6
894,2,2,1.0,0,0,1,0,0,0,0,0,1
895,2,2,1.0,0,0,1,0,0,0,0,0,1
896,5,5,0.7483314773547883,1,0,13,23,5,2,3,0,46
897,2,2,1.0,0,0,1,0,0,0,0,0,1
898,2,2,1.0,0,0,1,0,0,0,0,0,1
899,2,2,1.0,0,0,1,0,0,0,0,0,1
900,1,1,0.0,0,0,1,0,0,0,0,0,1
901,2,2,0.5,0,0,2,1,0,0,0,0,3
902,2,2,0.5,0,0,2,0,0,0,0,0,2
903,2,2,0.5,0,0,2,0,0,0,0,0,2
904,2,2,0.5,0,0,2,0,0,0,0,0,2
905,2,2,1.0,0,0,1,0,0,0,0,0,1
906,2,2,1.0,0,0,1,0,0,0,0,0,1
907,2,2,1.0,0,0,1,0,0,0,0,0,1
908,2,2,0.5,0,0,2,1,0,0,0,0,3
909,2,2,0.5,0,0,2,1,0,0,0,0,3
910,2,2,1.0,0,0,1,0,0,0,0,0,1
911,2,2,1.0,0,0,1,0,0,0,0,0,1
912,2,2,1.0,0,0,1,0,0,0,0,0,1
913,2,2,1.5,0,0,2,0,0,0,0,0,2
914,2,2,1.0,0,0,1,0,0,0,0,0,1
915,2,2,1.0,0,0,1,0,0,0,0,0,1
916,2,2,1.0,0,0,1,0,0,0,0,0,1
917,2,2,1.0,0,0,1,0,0,0,0,0,1
918,2,2,1.0,0,0,1,0,0,0,0,0,1
919,2,2,1.0,0,0,1,0,0,0,0,0,1
920,2,2,1.0,0,0,1,0,0,0,0,0,1
921,2,2,1.0,0,0,1,0,0,0,0,0,1
922,2,2,1.0,0,0,1,0,0,0,0,0,1
923,2,2,0.0,0,0,1,0,0,0,0,0,1
924,2,2,0.5,0,0,2,0,0,0,0,0,2
925,2,2,1.0,0,0,3,1,0,0,0,0,4
926,3,3,0.4714045207910317,2,0,14,3,0,4,6,6,33
927,1,1,0.0,0,0,3,1,0,0,0,0,4
928,2,2,1.0,0,0,1,0,0,0,0,0,1
929,2,2,0.0,0,0,1,0,0,0,0,0,1
930,1,1,0.0,0,0,2,1,0,0,0,0,3
931,3,3,0.4714045207910317,0,1,3,3,0,0,0,0,6
932,3,3,2.3570226039551585,2,0,8,2,0,2,4,4,20
933,1,1,0.0,0,0,1,0,0,0,0,0,1
934,2,2,2.5,1,0,2,0,0,0,0,0,2
935,1,1,0.0,0,0,1,0,0,0,0,0,1
936,4,4,1.299038105676658,3,0,8,2,1,1,0,0,12
937,4,4,1.299038105676658,1,1,7,9,3,1,0,0,20
938,3,3,2.0548046676563256,1,0,4,1,0,0,0,0,5
939,2,2,1.0,0,0,1,0,0,0,0,0,1
940,2,2,2.5,1,0,2,0,0,0,0,0,2
941,2,2,0.0,0,0,1,0,0,0,0,0,1
942,2,2,0.0,0,0,1,0,0,0,0,0,1
943,1,1,0.0,0,0,3,1,0,0,1,0,5
944,1,1,0.0,0,0,1,0,0,0,0,0,1
945,2,2,0.5,0,0,1,0,0,0,0,0,1
946,1,1,0.0,0,0,2,0,0,0,1,0,3
947,3,3,0.9428090415820634,2,0,13,20,4,0,0,0,36
948,2,2,1.0,0,0,1,0,0,0,0,0,1
949,2,2,1.0,0,0,1,0,0,0,0,0,1
950,2,2,2.5,1,0,2,0,0,0,0,0,2
951,7,7,1.1952286093343936,3,0,24,51,35,9,0,0,119
952,1,1,0.0,0,0,1,0,0,0,0,0,1
953,3,3,0.4714045207910317,0,0,3,1,0,0,0,0,4
954,2,2,0.0,0,0,1,0,0,0,0,0,1
955,1,1,0.0,0,0,1,0,0,0,0,0,1
956,1,1,0.0,0,0,1,0,0,0,0,0,1
957,1,1,0.0,0,0,4,4,1,0,0,0,9
958,1,1,0.0,0,0,1,0,0,0,0,0,1
959,1,1,0.0,0,0,1,0,0,0,0,0,1
960,3,3,0.4714045207910317,2,0,10,4,1,4,4,4,27
961,2,2,1.0,0,0,1,0,0,0,0,0,1
962,17,17,1.1314931800983143,10,2,60,149,82,28,0,0,311
963,3,3,2.0548046676563256,1,0,4,1,1,0,0,0,6
964,4,4,1.479019945774904,1,1,16,10,10,0,0,0,36
965,2,2,0.0,1,0,10,21,6,1,0,0,38
966,1,1,0.0,0,0,1,0,0,0,0,0,1
967,3,3,2.3570226039551585,2,0,8,2,0,2,4,4,20
968,1,1,0.0,0,0,1,0,0,0,0,0,1
969,1,1,0.0,0,0,2,1,0,0,0,0,3
970,1,1,0.0,0,0,4,4,1,0,0,0,9
971,1,1,0.0,0,0,1,0,0,0,0,0,1
972,2,2,0.5,0,0,4,1,0,0,1,0,6
973,2,2,0.0,0,0,3,0,0,0,0,0,3
974,2,2,1.0,0,0,1,0,0,0,0,0,1
975,1,1,0.0,0,0,1,0,0,0,0,0,1
976,2,2,1.0,0,0,1,0,0,0,0,0,1
977,1,1,0.0,0,0,1,0,0,0,0,0,1
978,2,2,1.0,0,0,1,0,0,0,0,0,1
979,2,2,1.0,0,0,1,0,0,0,0,0,1
980,2,2,1.0,0,0,1,0,0,0,0,0,1
981,2,2,1.0,0,0,1,0,0,0,0,0,1
982,2,2,1.0,0,0,1,0,0,0,0,0,1
983,2,2,1.0,0,0,1,0,0,0,0,0,1
984,2,2,1.0,0,0,1,0,0,0,0,0,1
985,2,2,1.0,0,0,1,0,0,0,0,0,1
986,2,2,2.5,1,0,7,4,0,1,2,0,14
987,2,2,1.5,0,0,7,4,0,1,2,0,14
988,2,2,2.5,1,0,7,4,0,1,2,0,14
989,2,2,1.5,0,0,7,4,0,1,2,0,14
990,2,2,1.5,0,0,7,4,0,1,2,0,14
991,2,2,1.5,0,0,7,4,0,1,2,0,14
992,1,1,0.0,0,0,1,0,0,0,0,0,1
993,2,2,2.5,1,0,2,0,0,0,0,0,2
994,7,7,1.1952286093343936,3,0,24,51,35,9,0,0,119
995,3,3,0.4714045207910317,2,0,14,3,0,4,6,6,33
996,4,4,0.0,0,0,3,0,0,3,0,0,6
997,2,2,1.0,0,0,1,0,0,0,0,0,1
998,2,2,1.0,0,0,1,0,0,0,0,0,1
999,2,2,0.5,0,0,2,1,0,0,0,0,3
1000,2,2,0.5,0,0,2,1,0,0,0,0,3
1001,2,2,1.5,0,0,2,0,0,0,0,0,2
1002,2,2,1.0,0,0,1,0,0,0,0,0,1
1003,2,2,1.0,0,0,1,0,0,0,0,0,1
1004,2,2,1.0,0,0,1,0,0,0,0,0,1
1005,2,2,1.0,0,0,1,0,0,0,0,0,1
1006,2,2,1.0,0,0,1,0,0,0,0,0,1
1007,2,2,1.0,0,0,1,0,0,0,0,0,1
1008,2,2,0.5,0,0,2,1,0,0,0,0,3
1009,2,2,0.5,0,0,2,0,0,0,0,0,2
1010,2,2,0.5,0,0,2,0,0,0,0,0,2
1011,2,2,0.5,0,0,2,0,0,0,0,0,2
1012,2,2,0.5,0,0,2,0,0,0,0,0,2
1013,2,2,0.0,0,0,1,0,0,0,0,0,1
1014,2,2,1.0,0,0,3,1,0,0,0,0,4
1015,2,2,1.0,0,0,1,0,0,0,0,0,1
1016,4,4,1.299038105676658,1,1,7,9,3,1,0,0,20
1017,1,1,0.0,0,0,3,1,0,0,1,0,5
1018,2,2,1.0,0,0,1,0,0,0,0,0,1
1019,2,2,2.0,1,0,3,0,0,0,0,0,3
1020,1,1,0.0,0,0,1,0,0,0,0,0,1
1021,2,2,1.0,0,0,1,0,0,0,0,0,1
1022,2,2,0.5,0,0,2,0,0,0,0,0,2
1023,2,2,1.0,0,0,1,0,0,0,0,0,1
1024,2,2,2.5,1,0,2,0,0,0,0,0,2
1025,3,3,2.0548046676563256,1,0,4,1,0,0,0,0,5
1026,2,2,2.5,1,0,2,0,0,0,0,0,2
1027,1,1,0.0,0,0,2,0,0,0,1,0,3
1028,2,2,0.5,0,0,1,0,0,0,0,0,1
1029,3,3,0.9428090415820634,2,0,13,20,4,0,0,0,36
1030,2,2,1.0,0,0,1,0,0,0,0,0,1
1031,2,2,1.0,0,0,1,0,0,0,0,0,1
1032,2,2,1.0,0,0,1,0,0,0,0,0,1
1033,2,2,1.0,0,0,1,0,0,0,0,0,1
1034,1,1,0.0,0,0,1,0,0,0,0,0,1
1035,3,3,0.4714045207910317,0,0,3,1,0,0,0,0,4
1036,2,2,0.0,0,0,1,0,0,0,0,0,1
1037,1,1,0.0,0,0,1,0,0,0,0,0,1
1038,1,1,0.0,0,0,1,0,0,0,0,0,1
1039,1,1,0.0,0,0,4,4,1,0,0,0,9
1040,1,1,0.0,0,0,1,0,0,0,0,0,1
1041,1,1,0.0,0,0,1,0,0,0,0,0,1
1042,3,3,0.4714045207910317,2,0,10,4,1,4,4,4,27
1043,2,2,1.0,0,0,1,0,0,0,0,0,1
1044,2,2,1.0,0,0,1,0,0,0,0,0,1
1045,17,17,1.1314931800983143,10,2,60,149,82,28,0,0,311
1046,3,3,2.0548046676563256,1,0,4,1,1,0,0,0,6
1047,4,4,1.479019945774904,1,1,16,10,10,0,0,0,36
1048,2,2,0.0,1,0,10,21,6,1,0,0,38
1049,3,3,2.3570226039551585,2,0,8,2,0,2,4,4,20
1050,1,1,0.0,0,0,1,0,0,0,0,0,1
1051,1,1,0.0,0,0,1,0,0,0,0,0,1
1052,1,1,0.0,0,0,2,1,0,0,0,0,3
1053,1,1,0.0,0,0,4,4,1,0,0,0,9
1054,1,1,0.0,0,0,1,0,0,0,0,0,1
1055,2,2,0.5,0,0,4,1,0,0,1,0,6
1056,2,2,0.0,0,0,3,0,0,0,0,0,3
1057,1,1,0.0,0,0,1,0,0,0,0,0,1
1058,2,2,0.0,0,0,1,0,0,0,0,0,1
1059,1,1,0.0,0,0,1,0,0,0,0,0,1
1060,2,2,1.0,0,0,1,0,0,0,0,0,1
1061,1,1,0.0,0,0,2,0,1,0,0,0,3
1062,2,2,0.5,0,0,2,0,0,0,0,0,2
1063,1,1,0.0,0,0,2,0,0,0,0,0,1
1064,1,1,0.0,0,0,1,0,0,0,0,0,1
1065,2,2,0.0,0,0,1,0,0,0,0,0,1
1066,2,2,0.5,0,0,2,0,0,0,0,0,2
1067,2,2,1.0,0,0,1,0,0,0,0,0,1
1068,2,2,0.5,0,0,2,0,0,0,0,0,2
1069,2,2,0.5,0,0,2,0,0,0,0,0,2
1070,1,1,0.0,0,0,1,0,0,0,0,0,1
1071,2,2,1.0,0,0,1,0,0,0,0,0,1
1072,2,2,1.0,0,0,1,0,0,0,0,0,1
1073,2,2,1.0,0,0,1,0,0,0,0,0,1
1074,1,1,0.0,0,0,2,0,0,0,0,0,2
1075,2,2,2.5,1,0,2,0,0,0,0,0,2
1076,2,2,1.0,0,0,1,0,0,0,0,0,1
1077,2,2,0.5,0,0,3,0,1,0,0,0,4
1078,2,2,0.0,0,0,1,0,0,0,0,0,1
1079,2,2,0.0,0,0,1,0,0,0,0,0,1
1080,4,4,1.479019945774904,1,0,9,1,1,0,0,0,11
1081,1,1,0.0,0,0,1,0,0,0,0,0,1
1082,1,1,0.0,0,0,2,1,0,0,0,0,3
1083,1,1,0.0,0,0,1,0,0,0,0,0,1
1084,4,4,1.7853571071357126,2,1,12,14,3,1,0,0,30
1085,1,1,0.0,0,0,1,0,0,0,0,0,1
1086,3,3,1.4142135623730951,0,0,9,5,0,0,0,0,14
1087,2,2,0.5,0,0,6,3,0,0,0,0,9
1088,4,4,0.8660254037844386,3,0,9,8,0,0,0,0,17
1089,1,1,0.0,0,0,1,0,0,0,0,0,1
1090,2,2,1.5,1,0,2,0,0,0,0,0,2
1091,2,2,1.0,0,0,5,4,1,0,0,0,10
1092,1,1,0.0,0,0,1,0,0,0,0,0,1
1093,2,2,0.5,0,0,2,1,0,0,0,0,3
1094,2,2,0.5,0,0,2,1,0,0,0,0,3
1095,2,2,0.0,0,0,3,1,0,0,0,0,4
1096,2,2,2.0,0,0,3,0,0,0,0,0,3
1097,10,10,1.91049731745428,3,2,19,14,9,6,0,0,48
1098,3,3,0.4714045207910317,2,0,21,37,12,4,10,0,83
1099,1,1,0.0,0,0,3,0,0,0,0,0,3
1100,2,2,0.5,0,0,2,1,0,0,0,0,3
1101,2,2,1.0,0,0,1,0,0,0,0,0,1
1102,1,1,0.0,0,0,1,0,0,0,0,0,1
1103,1,1,0.0,0,0,1,0,0,0,0,0,1
1104,1,1,0.0,0,0,1,0,0,0,0,0,1
1105,3,3,0.9428090415820634,0,0,2,1,0,0,0,0,3
1106,2,2,1.0,0,0,1,0,0,0,0,0,1
1107,3,3,0.9428090415820634,0,0,2,1,0,0,0,0,3
1108,2,2,1.5,0,0,2,0,0,0,0,0,2
1109,1,1,0.0,0,0,1,0,0,0,0,0,1
1110,5,5,1.469693845669907,1,0,19,30,9,1,0,0,59
1111,3,3,0.4714045207910317,0,0,3,1,0,0,0,0,4
1112,1,1,0.0,0,0,1,0,0,0,0,0,1
1113,3,3,1.247219128924647,0,1,5,4,1,1,0,0,11
1114,3,3,0.9428090415820634,0,0,2,0,0,0,0,0,2
1115,1,1,0.0,0,0,1,0,0,0,0,0,1
1116,3,3,0.9428090415820634,0,0,2,1,0,0,0,0,3
1117,2,2,1.0,0,0,1,0,0,0,0,0,1
1118,2,2,0.0,0,0,1,0,0,0,0,0,1
1119,5,5,1.3564659966250536,0,0,9,8,1,1,0,0,19
1120,1,1,0.0,0,0,4,3,1,0,0,0,8
1121,2,2,1.0,0,0,1,0,0,0,0,0,1
1122,1,1,0.0,0,0,2,1,0,0,0,0,3
1123,1,1,0.0,0,0,1,0,0,0,0,0,1
1124,1,1,0.0,0,0,4,2,1,0,0,0,7
1125,1,1,0.0,0,0,1,0,0,0,0,0,1
1126,3,3,0.4714045207910317,0,0,6,0,1,1,0,0,8
1127,1,1,0.0,0,0,2,1,0,0,0,0,3
1128,1,1,0.0,0,0,2,1,0,0,0,0,3
1129,3,3,1.699673171197595,1,0,5,0,0,0,0,0,5
1130,1,1,0.0,0,0,1,0,0,0,0,0,1
1131,1,1,0.0,0,0,3,3,0,0,0,0,6
1132,1,1,0.0,0,0,2,1,0,0,0,0,3
1133,1,1,0.0,0,0,3,3,0,0,0,0,6
1134,1,1,0.0,0,0,3,3,0,0,0,0,6
1135,1,1,0.0,0,0,1,0,0,0,0,0,1
1136,1,1,0.0,0,0,2,1,0,0,0,0,3
1137,2,2,1.0,0,0,1,0,0,0,0,0,1
1138,2,2,1.0,0,0,1,0,0,0,0,0,1
1139,2,2,1.0,0,0,1,0,0,0,0,0,1
1140,2,2,1.0,0,0,1,0,0,0,0,0,1
1141,2,2,1.0,0,0,1,0,0,0,0,0,1
1142,2,2,0.0,0,0,1,0,0,0,0,0,1
1143,3,3,0.9428090415820634,0,0,2,1,0,0,0,0,3
1144,3,3,0.9428090415820634,0,0,2,1,0,0,0,0,3
1145,1,1,0.0,0,0,1,0,0,0,0,0,1
1146,1,1,0.0,0,0,1,0,0,0,0,0,1
1147,3,3,0.9428090415820634,0,0,2,1,0,0,0,0,3
1148,1,1,0.0,0,0,1,0,0,0,0,0,1
1149,2,2,1.0,0,0,5,1,0,0,0,0,6
1150,5,5,1.6733200530681511,2,0,12,9,6,3,0,0,30
1151,1,1,0.0,0,0,1,0,0,0,0,0,1
1152,3,3,0.9428090415820634,0,0,2,1,0,0,0,0,3
1153,1,1,0.0,0,0,1,0,0,0,0,0,1
1154,1,1,0.0,0,0,1,0,0,0,0,0,1
1155,2,2,0.0,0,0,1,0,0,0,0,0,1
1156,2,2,1.0,0,0,1,0,0,0,0,0,1
1157,2,2,1.0,0,0,1,0,0,0,0,0,1
1158,1,1,0.0,0,0,1,0,0,0,0,0,1
1159,2,2,0.0,0,0,1,0,0,0,0,0,1
1160,3,3,0.4714045207910317,0,1,2,1,0,0,0,0,3
1161,1,1,0.0,0,0,1,0,0,0,0,0,1
1162,2,2,1.0,0,0,1,0,0,0,0,0,1
1163,2,2,0.0,0,0,1,0,0,0,0,0,1
1164,1,1,0.0,0,0,1,0,0,0,0,0,1
1165,2,2,0.5,0,0,2,1,0,0,0,0,3
1166,2,2,0.5,0,0,2,1,0,0,0,0,3
1167,1,1,0.0,0,0,1,0,0,0,0,0,1
1168,2,2,1.0,0,0,1,0,0,0,0,0,1
1169,2,2,0.5,0,0,2,0,0,1,0,0,3
1170,1,1,0.0,0,0,1,0,0,0,0,0,1
1171,2,2,0.5,0,1,1,0,0,0,0,0,1
1172,2,2,1.0,0,0,1,0,0,0,0,0,1
1173,1,1,0.0,0,0,1,0,0,0,0,0,1
1174,3,3,1.247219128924647,0,0,3,0,0,0,0,0,3
1175,2,2,0.0,0,0,1,0,0,0,0,0,1
1176,2,2,1.0,0,0,1,0,0,0,0,0,1
1177,2,2,1.0,0,0,1,0,0,0,0,0,1
1178,2,2,0.0,0,0,1,0,0,0,0,0,1
1179,3,3,0.9428090415820634,0,0,3,0,0,0,0,0,3
1180,1,1,0.0,0,0,1,0,0,0,0,0,1
1181,1,1,0.0,0,0,1,0,0,0,0,0,1
1182,1,1,0.0,0,0,1,0,0,0,0,0,1
1183,3,3,1.632993161855452,1,0,7,4,7,3,2,0,23
1184,3,3,2.160246899469287,1,0,7,1,2,1,2,0,13
1185,13,13,0.8355984993230935,10,0,49,92,14,11,21,106,293
1186,2,2,0.0,0,0,1,0,0,0,0,0,1
1187,1,1,0.0,0,0,1,0,0,0,0,0,1
1188,1,1,0.0,0,0,4,1,1,1,0,0,6
1189,1,1,0.0,0,0,1,0,0,0,0,0,1
1190,2,2,0.5,0,1,1,0,0,0,0,0,1
1191,1,1,0.0,0,0,1,0,0,0,0,0,1
1192,3,3,1.247219128924647,0,0,3,0,1,0,0,0,4
1193,2,2,0.5,1,0,7,6,2,0,0,0,15
1194,3,3,0.4714045207910317,0,1,2,1,0,0,0,0,3
1195,1,1,0.0,0,0,1,0,0,0,0,0,1
1196,2,2,1.5,0,0,1,0,0,0,0,0,1
1197,2,2,1.0,0,0,1,0,0,0,0,0,1
1198,5,5,0.4898979485566356,0,0,7,4,1,1,0,0,12
1199,1,1,0.0,0,0,3,1,0,0,0,0,4
1200,1,1,0.0,0,0,1,0,0,0,0,0,1
1201,6,6,1.674979270186815,1,0,14,21,10,6,0,0,51
1202,3,3,1.247219128924647,0,0,3,0,0,1,0,0,4
1203,3,3,0.816496580927726,0,0,5,2,0,1,0,0,7
1204,1,1,0.0,0,0,1,0,0,0,0,0,1
1205,2,2,0.5,0,0,3,1,0,0,0,0,4
1206,1,1,0.0,0,0,1,0,0,0,0,0,1
1207,2,2,1.0,0,0,1,0,0,0,0,0,1
1208,2,2,0.5,0,0,2,0,0,0,0,0,2
1209,2,2,0.0,0,0,1,0,0,0,0,0,1
1210,2,2,0.5,0,0,2,1,0,0,0,0,3
1211,2,2,1.0,0,0,1,0,0,0,0,0,1
1212,2,2,0.0,0,0,1,0,0,0,0,0,1
1213,1,1,0.0,0,0,1,0,0,0,0,0,1
1214,1,1,0.0,0,0,1,0,0,0,0,0,1
1215,2,2,0.0,0,0,1,0,0,0,0,0,1
1216,1,1,0.0,0,0,1,0,0,0,0,0,1
1217,1,1,0.0,0,0,1,0,0,0,0,0,1
1218,2,2,1.0,0,0,1,0,0,0,0,0,1
1219,2,2,1.0,0,0,1,0,0,0,0,0,1
1220,1,1,0.0,0,0,1,0,0,0,0,0,1
1221,1,1,0.0,0,0,1,0,0,0,0,0,1
1222,2,2,1.0,0,0,1,0,0,0,0,0,1
1223,2,2,1.0,0,0,1,0,0,0,0,0,1
1224,2,2,1.0,0,0,1,0,0,0,0,0,1
1225,2,2,1.0,0,0,1,0,0,0,0,0,1
1226,2,2,1.0,0,0,1,0,0,0,0,0,1
1227,2,2,1.0,0,0,1,0,0,0,0,0,1
1228,8,8,0.33071891388307384,0,0,14,0,0,0,0,0,14
1229,1,1,0.0,0,0,1,0,0,0,0,0,1
1230,1,1,0.0,0,0,1,0,0,0,0,0,1
1231,2,2,1.0,0,0,1,0,0,0,0,0,1
1232,1,1,0.0,0,0,1,0,0,0,0,0,1
1233,1,1,0.0,0,0,1,0,0,0,0,0,1
1234,3,3,0.9428090415820634,0,0,5,3,1,1,0,0,10
1235,2,2,1.0,0,0,1,0,0,0,0,0,1
1236,2,2,0.0,0,1,2,0,1,0,0,0,3
1237,2,2,1.0,0,0,1,0,0,0,0,0,1
1238,2,2,1.0,0,0,1,0,0,0,0,0,1
1239,8,8,0.33071891388307384,0,0,14,0,0,0,0,0,14
1240,2,2,1.0,0,0,1,0,0,0,0,0,1
1241,3,3,0.816496580927726,0,1,2,1,0,0,0,0,3
1242,2,2,0.0,0,1,2,0,1,0,0,0,3
1243,2,2,1.0,0,0,1,0,0,0,0,0,1
1244,3,3,0.816496580927726,0,1,2,0,1,0,0,0,3
1245,1,1,0.0,0,0,2,1,0,0,0,0,3
1246,2,2,1.0,0,0,1,0,0,0,0,0,1
1247,2,2,0.5,0,1,1,0,0,0,0,0,1
1248,2,2,1.0,0,0,1,0,0,0,0,0,1
1249,2,2,0.5,0,1,1,0,0,0,0,0,1
1250,2,2,1.0,0,0,1,0,0,0,0,0,1
1251,2,2,0.5,0,1,1,0,0,0,0,0,1
1252,2,2,1.0,0,0,1,0,0,0,0,0,1
1253,2,2,0.5,0,1,1,0,0,0,0,0,1
1254,2,2,1.0,0,0,1,0,0,0,0,0,1
1255,2,2,0.5,0,1,1,0,0,0,0,0,1
1256,2,2,1.0,0,0,1,0,0,0,0,0,1
1257,2,2,0.5,0,1,1,0,0,0,0,0,1
1258,2,2,1.0,0,0,1,0,0,0,0,0,1
1259,2,2,1.0,0,0,1,0,0,0,0,0,1
1260,2,2,1.0,0,0,1,0,0,0,0,0,1
1261,3,3,0.9428090415820634,0,0,2,1,0,0,0,0,3
1262,6,6,0.37267799624996495,0,0,10,0,0,0,0,0,10
1263,6,6,0.5773502691896257,0,0,9,0,0,0,0,0,9
1264,2,2,0.5,0,1,1,0,0,0,0,0,1
1265,2,2,0.5,0,0,2,0,0,0,0,0,2
1266,2,2,0.0,0,0,3,1,0,0,0,0,4
1267,2,2,1.0,0,0,1,0,0,0,0,0,1
1268,5,5,0.4,0,0,8,0,0,0,0,0,8
1269,2,2,1.0,0,0,1,0,0,0,0,0,1
1270,2,2,1.0,0,0,1,0,0,0,0,0,1
1271,7,7,0.5345224838248488,0,0,11,0,0,0,0,0,11
1272,2,2,1.0,0,0,1,0,0,0,0,0,1
1273,2,2,1.0,0,0,1,0,0,0,0,0,1
1274,2,2,1.0,0,0,1,0,0,0,0,0,1
1275,2,2,1.0,0,0,1,0,0,0,0,0,1
1276,2,2,1.0,0,0,1,0,0,0,0,0,1
1277,2,2,1.0,0,0,1,0,0,0,0,0,1
1278,7,7,0.3499271061118826,0,0,12,0,0,0,0,0,12
1279,8,8,0.5,0,0,13,0,0,0,0,0,13
1280,1,1,0.0,0,0,1,0,0,0,0,0,1
1281,1,1,0.0,0,0,1,0,0,0,0,0,1
1282,6,6,1.707825127659933,1,2,8,5,1,0,0,0,14
1283,2,2,0.0,0,1,2,0,1,0,0,0,3
1284,2,2,1.0,0,0,1,0,0,0,0,0,1
1285,3,3,1.247219128924647,0,0,3,3,0,0,0,0,6
1286,2,2,1.0,0,0,1,0,0,0,0,0,1
1287,7,7,0.3499271061118826,0,0,12,0,0,0,0,0,12
1288,2,2,1.0,0,0,1,0,0,0,0,0,1
1289,2,2,0.5,0,1,1,0,0,0,0,0,1
1290,7,7,0.5345224838248488,0,0,11,0,0,0,0,0,11
1291,3,3,0.9428090415820634,0,0,5,3,1,1,0,0,10
1292,2,2,1.0,0,0,1,0,0,0,0,0,1
1293,2,2,0.5,0,1,1,0,0,0,0,0,1
1294,2,2,1.0,0,0,1,0,0,0,0,0,1
1295,8,8,0.5,0,0,13,0,0,0,0,0,13
1296,2,2,1.5,1,0,4,1,0,0,0,0,5
1297,2,2,0.5,0,0,2,0,0,0,0,0,2
1298,2,2,1.0,0,0,1,0,0,0,0,0,1
1299,2,2,1.0,0,0,1,0,0,0,0,0,1
1300,2,2,1.0,0,0,1,0,0,0,0,0,1
1301,2,2,0.5,0,0,2,0,0,0,0,0,2
1302,2,2,1.0,0,0,1,0,0,0,0,0,1
1303,2,2,1.0,0,0,1,0,0,0,0,0,1
1304,2,2,1.0,0,0,1,0,0,0,0,0,1
1305,2,2,0.5,0,0,2,0,0,0,0,0,2
1306,2,2,1.0,0,0,1,0,0,0,0,0,1
1307,2,2,0.5,0,0,2,0,0,0,0,0,2
1308,2,2,0.5,0,0,2,0,0,0,0,0,2
1309,2,2,0.5,0,0,2,0,0,0,0,0,2
1310,2,2,0.5,0,0,2,0,0,0,0,0,2
1311,2,2,0.5,0,0,2,0,0,0,0,0,2
1312,2,2,0.5,0,0,2,0,0,0,0,0,2
1313,2,2,1.0,0,0,1,0,0,0,0,0,1
1314,2,2,0.5,0,0,2,1,0,0,0,0,3
1315,2,2,0.5,0,0,2,1,0,0,0,0,3
1316,2,2,0.5,0,0,2,1,0,0,0,0,3
1317,2,2,0.5,0,0,2,1,0,0,0,0,3
1318,2,2,0.5,0,0,2,1,0,0,0,0,3
1319,2,2,0.5,0,0,2,1,0,0,0,0,3
1320,2,2,0.5,0,0,2,0,0,0,0,0,2
1321,2,2,0.5,0,0,2,0,0,0,0,0,2
1322,2,2,1.0,0,0,1,0,0,0,0,0,1
1323,2,2,1.0,0,0,1,0,0,0,0,0,1
1324,2,2,1.0,0,0,1,0,0,0,0,0,1
1325,2,2,1.0,0,0,1,0,0,0,0,0,1
1326,3,3,0.816496580927726,0,0,3,0,0,0,0,0,3
1327,2,2,1.0,0,0,1,0,0,0,0,0,1
1328,2,2,0.5,0,0,2,0,0,0,0,0,2
1329,2,2,0.5,0,0,2,0,0,0,0,0,2
1330,2,2,0.5,0,0,2,0,0,0,0,0,2
1331,2,2,0.5,0,0,2,0,0,0,0,0,2
1332,2,2,1.0,0,0,1,0,0,0,0,0,1
1333,2,2,0.5,0,0,2,0,0,0,0,0,2
1334,2,2,1.0,0,0,1,0,0,0,0,0,1
1335,2,2,1.0,0,0,1,0,0,0,0,0,1
1336,2,2,1.0,0,0,1,0,0,0,0,0,1
1337,2,2,0.5,0,0,2,0,0,1,0,0,3
1338,2,2,0.5,0,0,2,0,0,1,0,0,3
1339,3,3,2.160246899469287,1,0,5,2,1,0,0,0,8
1340,2,2,0.0,0,0,1,0,0,0,0,0,1
1341,2,2,1.0,0,0,1,0,0,0,0,0,1
1342,2,2,1.0,0,0,1,0,0,0,0,0,1
1343,2,2,1.0,0,0,1,0,0,0,0,0,1
1344,2,2,1.0,0,0,1,0,0,0,0,0,1
1345,2,2,1.0,0,0,1,0,0,0,0,0,1
1346,2,2,0.5,0,0,2,0,0,0,0,0,2
1347,2,2,1.0,0,0,1,0,0,0,0,0,1
1348,2,2,1.0,0,0,1,0,0,0,0,0,1
1349,2,2,0.5,0,0,2,0,0,0,0,0,2
1350,2,2,1.0,0,0,1,0,0,0,0,0,1
1351,2,2,0.5,0,0,2,0,0,0,0,0,2
1352,2,2,1.0,0,0,1,0,0,0,0,0,1
1353,2,2,0.5,0,0,2,0,0,0,0,0,2
1354,2,2,1.0,0,0,1,0,0,0,0,0,1
1355,3,3,0.4714045207910317,0,0,4,0,0,0,0,0,4
1356,2,2,1.0,0,0,1,0,0,0,0,0,1
1357,2,2,0.5,0,0,2,0,0,0,0,0,2
1358,2,2,1.0,0,0,1,0,0,0,0,0,1
1359,2,2,0.5,0,0,2,0,0,0,0,0,2
1360,2,2,1.0,0,0,1,0,0,0,0,0,1
1361,2,2,1.0,0,0,1,0,0,0,0,0,1
1362,2,2,1.0,0,0,1,0,0,0,0,0,1
1363,2,2,1.0,0,0,1,0,0,0,0,0,1
1364,2,2,1.0,0,0,1,0,0,0,0,0,1
1365,3,3,1.8856180831641267,2,0,7,4,1,0,0,0,12
1366,3,3,0.816496580927726,1,0,8,10,5,1,0,0,24
1367,2,2,1.0,0,0,1,0,0,0,0,0,1
1368,4,4,1.5,1,0,9,9,2,1,0,0,21
1369,2,2,0.5,0,0,2,0,0,0,0,0,2
1370,2,2,0.5,0,0,2,0,0,0,0,0,2
1371,2,2,0.5,0,0,2,0,0,0,0,0,2
1372,2,2,1.0,0,0,3,1,1,1,0,0,6
1373,2,2,0.5,0,0,2,0,0,0,0,0,2
1374,2,2,0.5,0,0,2,0,0,0,0,0,2
1375,2,2,0.5,0,0,2,0,0,0,0,0,2
1376,2,2,1.0,0,0,3,1,0,0,0,0,4
1377,5,5,1.624807680927192,1,0,7,8,2,1,0,0,18
1378,2,2,1.0,0,0,1,0,0,0,0,0,1
1379,2,2,0.0,0,0,1,0,0,0,0,0,1
1380,1,1,0.0,0,0,2,0,0,0,0,0,2
1381,2,2,0.0,0,0,1,0,0,0,0,0,1
1382,2,2,0.5,0,0,2,0,0,0,0,0,2
1383,2,2,1.0,0,0,1,0,0,0,0,0,1
1384,3,3,2.160246899469287,1,0,5,2,1,0,0,0,8
1385,3,3,2.160246899469287,1,0,5,2,1,0,0,0,8
1386,2,2,0.0,0,0,1,0,0,0,0,0,1
1387,2,2,1.0,0,0,1,0,0,0,0,0,1
1388,2,2,0.5,0,0,2,0,0,0,0,0,2
1389,2,2,0.5,0,0,2,0,0,0,0,0,2
1390,2,2,1.0,0,0,1,0,0,0,0,0,1
1391,2,2,1.0,0,0,1,0,0,0,0,0,1
1392,2,2,1.0,0,0,1,0,0,0,0,0,1
1393,2,2,1.0,0,0,1,0,0,0,0,0,1
1394,2,2,1.0,0,0,1,0,0,0,0,0,1
1395,2,2,0.0,0,0,1,0,0,0,0,0,1
1396,2,2,0.5,0,0,2,0,0,0,0,0,2
1397,2,2,0.5,0,0,2,0,0,0,0,0,2
1398,2,2,0.5,0,0,2,0,0,0,0,0,2
1399,2,2,0.5,0,0,2,0,0,0,0,0,2
1400,2,2,0.5,0,0,2,0,0,0,0,0,2
1401,2,2,0.5,0,0,2,0,0,0,0,0,2
1402,2,2,1.0,0,0,1,0,0,0,0,0,1
1403,2,2,1.0,0,0,1,0,0,0,0,0,1
1404,2,2,0.0,0,0,1,0,0,0,0,0,1
1405,3,3,1.699673171197595,1,0,6,6,3,1,0,0,16
1406,2,2,0.5,0,0,2,1,0,0,0,0,3
1407,2,2,0.5,0,0,2,1,0,0,0,0,3
1408,2,2,0.5,0,0,2,1,0,0,0,0,3
1409,2,2,0.5,0,0,2,1,0,0,0,0,3
1410,2,2,1.0,0,0,1,0,0,0,0,0,1
1411,2,2,0.5,0,0,2,0,0,0,0,0,2
1412,2,2,0.5,0,0,2,0,0,0,0,0,2
1413,3,3,0.4714045207910317,0,0,3,0,0,1,0,0,4
1414,2,2,1.0,0,0,1,0,0,0,0,0,1
1415,2,2,0.0,0,0,1,0,0,0,0,0,1
1416,1,1,0.0,0,0,1,0,0,0,0,0,1
1417,2,2,1.0,0,0,3,1,0,0,0,0,4
1418,2,2,0.5,0,0,2,1,0,0,0,0,3
1419,2,2,0.5,0,0,2,0,0,0,0,0,2
1420,3,3,0.9428090415820634,0,0,4,0,1,1,0,0,6
1421,2,2,0.5,0,1,1,0,0,0,0,0,1
1422,2,2,0.5,0,0,2,0,0,0,0,0,2
1423,2,2,0.5,0,0,2,1,0,0,0,0,3
1424,1,1,0.0,0,0,1,0,0,0,0,0,1
1425,2,2,0.0,0,0,3,3,0,0,0,0,6
1426,2,2,1.5,0,0,2,0,0,0,0,0,2
1427,1,1,0.0,0,0,2,0,0,0,0,0,1
1428,27,27,1.830993643601226,6,9,75,150,100,25,63,243,653
1429,2,2,0.0,0,1,2,1,0,0,0,0,3
1430,26,26,1.995557195549669,9,9,77,166,95,18,62,243,658
1431,2,2,0.5,0,1,1,0,0,0,0,0,1
1432,2,2,0.5,0,0,2,1,0,0,0,0,3
1433,1,1,0.0,0,0,1,0,0,0,0,0,1
1434,2,2,0.0,0,0,3,3,0,0,0,0,6
1435,2,2,1.5,0,0,2,0,0,0,0,0,2
1436,2,2,0.0,0,1,2,1,0,0,0,0,3
1437,2,2,1.0,0,0,1,0,0,0,0,0,1
1438,2,2,1.0,0,0,1,0,0,0,0,0,1
1439,2,2,0.5,0,0,2,0,0,1,0,0,3
1440,2,2,0.5,0,0,2,0,0,1,0,0,3
1441,2,2,0.5,0,0,2,0,0,0,0,0,2
1442,2,2,0.5,0,0,2,0,0,0,0,0,2
1443,2,2,1.0,0,0,1,0,0,0,0,0,1
1444,2,2,0.5,0,0,2,0,0,0,0,0,2
1445,2,2,1.0,0,0,1,0,0,0,0,0,1
1446,3,3,0.816496580927726,0,0,3,0,0,0,0,0,3
1447,2,2,1.0,0,0,1,0,0,0,0,0,1
1448,2,2,1.0,0,0,1,0,0,0,0,0,1
1449,2,2,0.5,0,0,2,0,0,0,0,0,2
1450,2,2,0.5,0,0,2,0,0,0,0,0,2
1451,2,2,0.5,0,0,2,0,0,0,0,0,2
1452,2,2,0.5,0,0,2,0,0,0,0,0,2
1453,2,2,0.5,0,0,2,0,0,0,0,0,2
1454,2,2,1.0,0,0,1,0,0,0,0,0,1
1455,2,2,0.5,0,0,2,0,0,0,0,0,2
1456,2,2,1.0,0,0,1,0,0,0,0,0,1
1457,2,2,1.0,0,0,1,0,0,0,0,0,1
1458,2,2,1.0,0,0,1,0,0,0,0,0,1
1459,2,2,0.5,0,0,2,0,0,0,0,0,2
1460,3,3,2.160246899469287,1,0,5,2,1,0,0,0,8
1461,2,2,0.5,0,0,2,0,0,1,0,0,3
1462,2,2,0.5,0,0,2,0,0,0,0,0,2
1463,2,2,0.5,0,0,2,0,0,0,0,0,2
1464,2,2,1.0,0,0,1,0,0,0,0,0,1
1465,2,2,0.5,0,0,2,0,0,0,0,0,2
1466,2,2,1.0,0,0,1,0,0,0,0,0,1
1467,2,2,1.0,0,0,1,0,0,0,0,0,1
1468,3,3,0.816496580927726,0,0,3,0,0,0,0,0,3
1469,2,2,1.0,0,0,1,0,0,0,0,0,1
1470,2,2,0.5,0,0,2,0,0,0,0,0,2
1471,2,2,1.0,0,0,1,0,0,0,0,0,1
1472,2,2,0.5,0,0,2,0,0,0,0,0,2
1473,2,2,0.5,0,0,2,0,0,0,0,0,2
1474,2,2,0.5,0,0,2,0,0,0,0,0,2
1475,2,2,0.5,0,0,2,0,0,0,0,0,2
1476,2,2,0.5,0,0,2,0,0,0,0,0,2
1477,2,2,1.0,0,0,1,0,0,0,0,0,1
1478,2,2,0.5,0,0,2,0,0,0,0,0,2
1479,2,2,1.0,0,0,1,0,0,0,0,0,1
1480,2,2,1.0,0,0,1,0,0,0,0,0,1
1481,2,2,1.0,0,0,1,0,0,0,0,0,1
1482,2,2,1.0,0,0,1,0,0,0,0,0,1
1483,2,2,1.0,0,0,1,0,0,0,0,0,1
1484,2,2,0.0,0,0,3,0,0,0,0,0,3
1485,2,2,1.0,0,0,1,0,0,0,0,0,1
1486,3,3,1.699673171197595,1,0,6,6,3,1,0,0,16
1487,3,3,2.160246899469287,1,0,5,2,1,0,0,0,8
1488,2,2,0.5,0,0,2,0,0,1,0,0,3
1489,2,2,0.5,0,0,2,0,0,1,0,0,3
1490,2,2,1.0,0,0,1,0,0,0,0,0,1
1491,2,2,0.5,0,0,2,0,0,0,0,0,2
1492,2,2,1.0,0,0,1,0,0,0,0,0,1
1493,2,2,0.5,0,0,2,0,0,0,0,0,2
1494,2,2,1.0,0,0,1,0,0,0,0,0,1
1495,2,2,1.0,0,0,1,0,0,0,0,0,1
1496,2,2,1.0,0,0,1,0,0,0,0,0,1
1497,2,2,0.5,0,0,2,0,0,0,0,0,2
1498,2,2,1.0,0,0,1,0,0,0,0,0,1
1499,2,2,1.0,0,0,1,0,0,0,0,0,1
1500,2,2,1.0,0,0,1,0,0,0,0,0,1
1501,2,2,1.0,0,0,1,0,0,0,0,0,1
1502,2,2,1.0,0,0,1,0,0,0,0,0,1
1503,2,2,0.5,0,0,2,0,0,0,0,0,2
1504,2,2,0.5,0,0,2,0,0,0,0,0,2
1505,2,2,0.5,0,0,2,0,0,0,0,0,2
1506,2,2,1.0,0,0,1,0,0,0,0,0,1
1507,2,2,1.0,0,0,1,0,0,0,0,0,1
1508,2,2,1.0,0,0,1,0,0,0,0,0,1
1509,3,3,2.160246899469287,1,0,5,2,1,0,0,0,8
1510,2,2,1.0,0,0,1,0,0,0,0,0,1
1511,2,2,1.0,0,0,1,0,0,0,0,0,1
1512,2,2,1.0,0,0,1,0,0,0,0,0,1
1513,2,2,1.0,0,0,1,0,0,0,0,0,1
1514,2,2,0.5,0,0,2,1,0,0,0,0,3
1515,2,2,1.0,0,0,3,1,1,0,0,0,5
1516,2,2,1.0,0,0,3,1,0,0,0,0,4
1517,3,3,0.4714045207910317,0,0,3,0,0,3,0,0,6
1518,2,2,0.5,0,0,2,0,0,0,0,0,2
1519,2,2,0.5,0,0,2,0,0,0,0,0,2
1520,2,2,0.5,0,0,2,0,0,0,0,0,2
1521,2,2,0.5,0,0,2,0,0,0,0,0,2
1522,2,2,1.0,0,0,3,1,1,1,0,0,6
1523,2,2,1.0,0,0,3,1,1,0,0,0,5
1524,1,1,0.0,0,0,1,0,0,0,0,0,1
1525,2,2,1.0,0,0,1,0,0,0,0,0,1
1526,2,2,1.0,0,0,1,0,0,0,0,0,1
1527,2,2,1.5,1,0,4,1,0,0,0,0,5
1528,2,2,1.0,0,0,1,0,0,0,0,0,1
1529,2,2,1.0,0,0,1,0,0,0,0,0,1
1530,2,2,1.0,0,0,1,0,0,0,0,0,1
1531,2,2,1.0,0,0,1,0,0,0,0,0,1
1532,2,2,1.0,0,0,1,0,0,0,0,0,1
1533,2,2,0.5,0,0,2,0,0,0,0,0,2
1534,2,2,0.0,0,0,1,0,0,0,0,0,1
1535,2,2,1.5,1,0,4,1,0,0,1,0,6
1536,4,4,1.224744871391589,0,0,5,3,2,1,0,0,11
1537,2,2,1.0,0,0,6,0,1,1,0,1,8
1538,1,1,0.0,0,0,6,1,0,1,1,0,9
1539,3,3,0.9428090415820634,0,0,6,0,0,0,0,0,6
1540,2,2,0.5,0,1,1,0,0,0,0,0,1
1541,2,2,1.0,0,0,1,0,0,0,0,0,1
1542,2,2,1.0,0,0,1,0,0,0,0,0,1
1543,1,1,0.0,0,0,1,0,0,0,0,0,1
1544,3,3,1.8856180831641267,2,0,11,7,3,1,1,5,27
1545,1,1,0.0,0,0,1,0,0,0,0,0,1
1546,3,3,0.816496580927726,0,1,2,0,0,0,0,0,2
1547,1,1,0.0,0,0,1,0,0,0,0,0,1
1548,3,3,0.9428090415820634,0,0,4,3,0,0,0,0,7
1549,4,4,0.8660254037844386,0,0,3,1,0,0,0,0,4
1550,1,1,0.0,0,0,3,1,0,1,0,1,6
1551,3,3,0.9428090415820634,0,0,2,0,0,0,0,0,2
1552,2,2,0.5,0,0,2,0,0,0,0,0,2
1553,2,2,1.5,1,0,4,0,0,0,0,0,4
1554,2,2,0.0,0,0,1,0,0,0,0,0,1
1555,3,3,1.247219128924647,0,1,3,0,1,0,0,0,4
1556,2,2,2.0,1,0,5,2,1,0,0,0,8
1557,1,1,0.0,0,0,4,3,0,0,0,2,9
1558,2,2,1.5,0,1,1,0,0,0,0,0,1
1559,2,2,0.5,0,0,2,1,0,0,0,0,3
1560,1,1,0.0,0,0,1,0,0,0,0,0,1
1561,2,2,0.5,0,0,4,2,1,0,0,0,7
1562,4,4,0.5,0,0,6,4,0,0,0,0,10
1563,2,2,1.0,0,0,1,0,0,0,0,0,1
1564,2,2,1.0,0,0,1,0,0,0,0,0,1
1565,1,1,0.0,0,0,1,0,0,0,0,0,1
1566,1,1,0.0,0,0,1,0,0,0,0,0,1
1567,4,4,1.479019945774904,1,0,8,12,2,1,0,0,23
1568,3,3,0.9428090415820634,0,0,3,0,0,0,0,0,3
1569,2,2,1.5,1,0,6,7,0,0,0,0,13
1570,3,3,1.247219128924647,0,0,3,0,0,0,0,0,3
1571,2,2,1.5,1,0,5,1,0,1,0,0,7
1572,2,2,1.0,0,0,1,0,0,0,0,0,1
1573,1,1,0.0,0,0,3,3,0,0,0,0,6
1574,2,2,1.0,0,0,1,0,0,0,0,0,1
1575,4,4,1.118033988749895,1,0,11,13,7,2,0,3,36
1576,2,2,1.0,0,0,1,0,0,0,0,0,1
1577,2,2,1.0,0,0,1,0,0,0,0,0,1
1578,1,1,0.0,0,0,2,0,0,0,0,0,2
1579,2,2,1.0,0,0,1,0,0,0,0,0,1
1580,2,2,1.0,0,0,1,0,0,0,0,0,1
1581,1,1,0.0,0,0,1,0,0,0,0,0,1
1582,2,2,0.0,0,0,1,0,0,0,0,0,1
1583,1,1,0.0,0,0,1,0,0,0,0,0,1
1584,2,2,1.0,0,0,1,0,0,0,0,0,1
1585,3,3,0.4714045207910317,0,0,3,2,0,0,0,0,5
1586,1,1,0.0,0,0,1,0,0,0,0,0,1
1587,2,2,1.0,0,0,2,0,0,0,0,0,1
1588,3,3,0.0,0,0,2,1,0,0,0,0,3
1589,1,1,0.0,0,0,1,0,0,0,0,0,1
1590,1,1,0.0,0,0,5,1,0,1,0,1,8
1591,2,2,1.5,1,0,6,7,0,0,0,0,13
1592,2,2,1.0,0,0,1,0,0,0,0,0,1
1593,3,3,0.9428090415820634,0,0,2,0,0,0,0,0,2
1594,2,2,1.0,0,0,1,0,0,0,0,0,1
1595,2,2,1.5,1,0,4,1,0,0,1,0,6
1596,1,1,0.0,0,0,1,0,0,0,0,0,1
1597,3,3,0.9428090415820634,0,0,4,3,0,0,0,0,7
1598,4,4,1.920286436967152,1,0,10,4,0,0,0,0,14
1599,1,1,0.0,0,0,1,0,0,0,0,0,1
1600,2,2,1.0,0,0,1,0,0,0,0,0,1
1601,1,1,0.0,0,0,1,0,0,0,0,0,1
1602,4,4,1.5811388300841898,1,0,11,8,5,2,0,0,26
1603,2,2,0.5,0,0,2,1,0,0,0,0,3
1604,2,2,1.0,0,0,1,0,0,0,0,0,1
1605,2,2,1.0,0,0,4,0,0,0,0,1,4
1606,2,2,2.5,1,0,8,2,1,0,0,0,11
1607,3,3,0.9428090415820634,0,0,9,3,1,0,0,0,13
1608,2,2,1.0,0,0,1,0,0,0,0,0,1
1609,1,1,0.0,0,0,2,0,0,0,0,0,2
1610,7,7,1.7261494247992246,5,0,17,20,3,2,0,0,42
1611,1,1,0.0,0,0,2,0,0,0,0,0,2
1612,2,2,1.0,0,0,1,0,0,0,0,0,1
1613,1,1,0.0,0,0,1,0,0,0,0,0,1
1614,5,5,1.1661903789690602,3,0,17,18,14,4,2,3,58
1615,2,2,1.0,0,0,1,0,0,0,0,0,1
1616,2,2,1.0,0,0,1,0,0,0,0,0,1
1617,2,2,1.0,0,0,1,0,0,0,0,0,1
1618,1,1,0.0,0,0,3,0,0,0,0,0,3
1619,2,2,1.0,0,0,1,0,0,0,0,0,1
1620,2,2,1.0,0,0,1,0,0,0,0,0,1
1621,5,5,1.1661903789690602,3,0,17,18,14,4,2,3,58
1622,2,2,1.0,0,0,1,0,0,0,0,0,1
1623,2,2,1.0,0,0,1,0,0,0,0,0,1
1624,2,2,0.5,0,1,1,0,0,0,0,0,1
1625,4,4,1.224744871391589,0,0,5,3,2,1,0,0,11
1626,2,2,1.0,0,0,6,0,1,1,0,1,8
1627,1,1,0.0,0,0,6,1,0,1,1,0,9
1628,3,3,0.9428090415820634,0,0,6,0,0,0,0,0,6
1629,2,2,1.0,0,0,4,0,0,0,0,1,4
1630,2,2,1.0,0,0,1,0,0,0,0,0,1
1631,2,2,1.0,0,0,1,0,0,0,0,0,1
1632,1,1,0.0,0,0,3,0,0,0,0,0,3
1633,2,2,0.0,0,0,1,0,0,0,0,0,1
1634,2,2,1.0,0,0,1,0,0,0,0,0,1
1635,2,2,1.0,0,0,1,0,0,0,0,0,1
1636,1,1,0.0,0,0,2,0,0,0,0,0,2
1637,3,3,1.8856180831641267,2,0,11,7,3,1,1,5,27
1638,1,1,0.0,0,0,1,0,0,0,0,0,1
1639,3,3,0.816496580927726,0,1,2,0,0,0,0,0,2
1640,1,1,0.0,0,0,1,0,0,0,0,0,1
1641,3,3,0.9428090415820634,0,0,4,3,0,0,0,0,7
1642,1,1,0.0,0,0,2,0,0,0,0,0,2
1643,1,1,0.0,0,0,2,0,0,0,0,0,2
1644,1,1,0.0,0,0,1,0,0,0,0,0,1
1645,3,3,0.0,0,0,4,2,0,0,0,0,6
1646,1,1,0.0,0,0,1,0,0,0,0,0,1
1647,2,2,1.5,1,0,4,1,0,0,0,0,5
1648,2,2,1.0,0,0,1,0,0,0,0,0,1
1649,2,2,1.0,0,0,1,0,0,0,0,0,1
1650,1,1,0.0,0,0,1,0,0,0,0,0,1
1651,2,2,1.5,1,0,4,1,0,0,1,0,6
1652,2,2,0.5,0,0,2,0,0,0,0,0,2
1653,2,2,1.5,1,0,4,0,0,0,0,0,4
1654,2,2,0.0,0,0,1,0,0,0,0,0,1
1655,3,3,1.247219128924647,0,1,3,0,1,0,0,0,4
1656,2,2,2.0,1,0,5,2,1,0,0,0,8
1657,3,3,0.4714045207910317,0,0,3,1,0,0,0,0,4
1658,3,3,0.9428090415820634,0,0,2,1,0,0,0,0,3
1659,3,3,2.0548046676563256,1,0,4,0,0,0,0,0,4
1660,1,1,0.0,0,0,1,0,0,0,0,0,1
1661,1,1,0.0,0,0,1,0,0,0,0,0,1
1662,2,2,1.0,0,0,1,0,0,0,0,0,1
1663,1,1,0.0,0,0,5,1,0,1,0,1,8
1664,1,1,0.0,0,0,1,0,0,0,0,0,1
1665,3,3,0.0,0,0,2,1,0,0,0,0,3
1666,2,2,0.0,0,0,1,0,0,0,0,0,1
1667,3,3,0.9428090415820634,0,0,2,0,0,0,0,0,2
1668,2,2,1.0,0,0,1,0,0,0,0,0,1
1669,2,2,1.0,0,0,4,0,0,0,0,1,4
1670,1,1,0.0,0,0,2,0,0,0,0,0,2
1671,1,1,0.0,0,0,2,0,0,0,0,0,2
1672,2,2,1.0,0,0,1,0,0,0,0,0,1
1673,1,1,0.0,0,0,1,0,0,0,0,0,1
1674,1,1,0.0,0,0,1,0,0,0,0,0,1
1675,3,3,0.9428090415820634,0,0,2,0,0,0,0,0,2
1676,2,2,1.5,1,0,4,1,0,0,1,0,6
1677,1,1,0.0,0,0,1,0,0,0,0,0,1
1678,3,3,0.9428090415820634,0,0,4,3,0,0,0,0,7
1679,3,3,0.9428090415820634,0,0,3,0,0,0,0,0,3
1680,1,1,0.0,0,0,1,0,0,0,0,0,1
1681,2,2,1.0,0,0,1,0,0,0,0,0,1
1682,2,2,0.5,0,0,2,1,0,0,0,0,3
1683,4,4,1.920286436967152,1,0,10,4,0,0,0,0,14
1684,4,4,1.5811388300841898,1,0,11,8,5,2,0,0,26
1685,1,1,0.0,0,0,1,0,0,0,0,0,1
1686,1,1,0.0,0,0,1,0,0,0,0,0,1
1687,7,7,1.7261494247992246,5,0,17,20,3,2,0,0,42
1688,1,1,0.0,0,0,1,0,0,0,0,0,1
1689,2,2,1.0,0,0,1,0,0,0,0,0,1
1690,3,3,0.9428090415820634,0,0,9,3,1,0,0,0,13
1691,2,2,1.0,0,0,1,0,0,0,0,0,1
1692,3,3,1.247219128924647,0,0,3,0,0,0,0,0,3
1693,2,2,1.5,1,0,5,1,0,1,0,0,7
1694,2,2,1.0,0,0,1,0,0,0,0,0,1
1695,1,1,0.0,0,0,3,3,0,0,0,0,6
1696,2,2,1.0,0,0,1,0,0,0,0,0,1
1697,4,4,1.118033988749895,1,0,11,13,7,2,0,3,36
1698,2,2,0.0,0,0,1,0,0,0,0,0,1
1699,1,1,0.0,0,0,2,0,0,0,0,0,2
1700,2,2,1.5,1,0,6,7,0,0,0,0,13
1701,2,2,1.0,0,0,1,0,0,0,0,0,1
1702,4,4,1.224744871391589,0,0,5,3,2,1,0,0,11
1703,2,2,1.0,0,0,6,0,1,1,0,1,8
1704,1,1,0.0,0,0,6,1,0,1,1,0,9
1705,3,3,0.9428090415820634,0,0,6,0,0,0,0,0,6
1706,5,5,1.1661903789690602,3,0,17,18,14,4,2,3,58
1707,2,2,1.0,0,0,1,0,0,0,0,0,1
1708,2,2,1.0,0,0,1,0,0,0,0,0,1
1709,2,2,1.0,0,0,1,0,0,0,0,0,1
1710,2,2,0.5,0,1,1,0,0,0,0,0,1
1711,1,1,0.0,0,0,3,0,0,0,0,0,3
1712,1,1,0.0,0,0,2,0,0,0,0,0,2
1713,1,1,0.0,0,0,1,0,0,0,0,0,1
1714,2,2,1.0,0,0,1,0,0,0,0,0,1
1715,2,2,1.0,0,0,1,0,0,0,0,0,1
1716,2,2,1.0,0,0,1,0,0,0,0,0,1
1717,2,2,1.0,0,0,1,0,0,0,0,0,1
1718,3,3,1.8856180831641267,2,0,11,7,3,1,1,5,27
1719,1,1,0.0,0,0,1,0,0,0,0,0,1
1720,3,3,0.816496580927726,0,1,2,0,0,0,0,0,2
1721,1,1,0.0,0,0,1,0,0,0,0,0,1
1722,3,3,0.9428090415820634,0,0,4,3,0,0,0,0,7
1723,2,2,1.0,0,0,1,0,0,0,0,0,1
1724,1,1,0.0,0,0,1,0,0,0,0,0,1
1725,3,3,0.0,0,0,4,2,0,0,0,0,6
1726,1,1,0.0,0,0,1,0,0,0,0,0,1
1727,2,2,1.5,1,0,4,1,0,0,0,0,5
1728,2,2,1.0,0,0,1,0,0,0,0,0,1
1729,4,4,0.8660254037844386,0,0,3,1,0,0,0,0,4
1730,1,1,0.0,0,0,3,1,0,1,0,1,6
1731,2,2,0.5,0,0,2,0,0,0,0,0,2
1732,2,2,1.5,1,0,4,0,0,0,0,0,4
1733,2,2,0.0,0,0,1,0,0,0,0,0,1
1734,3,3,1.247219128924647,0,1,3,0,1,0,0,0,4
1735,2,2,2.0,1,0,5,2,1,0,0,0,8
1736,2,2,1.5,1,0,4,1,0,0,1,0,6
1737,3,3,0.4714045207910317,0,0,3,1,0,0,0,0,4
1738,3,3,0.9428090415820634,0,0,2,1,0,0,0,0,3
1739,3,3,2.0548046676563256,1,0,4,0,0,0,0,0,4
1740,1,1,0.0,0,0,1,0,0,0,0,0,1
1741,3,3,1.632993161855452,0,0,4,1,0,0,0,0,5
1742,1,1,0.0,0,0,1,0,0,0,0,0,1
1743,1,1,0.0,0,0,4,3,0,0,0,2,9
1744,2,2,1.5,0,1,1,0,0,0,0,0,1
1745,2,2,0.5,0,0,2,1,0,0,0,0,3
1746,1,1,0.0,0,0,1,0,0,0,0,0,1
1747,1,1,0.0,0,0,5,1,0,1,0,1,8
1748,1,1,0.0,0,0,1,0,0,0,0,0,1
1749,3,3,0.0,0,0,2,1,0,0,0,0,3
1750,3,3,0.9428090415820634,0,0,2,0,0,0,0,0,2
1751,2,2,1.5,1,0,4,1,0,0,1,0,6
1752,1,1,0.0,0,0,1,0,0,0,0,0,1
1753,2,2,1.0,0,0,1,0,0,0,0,0,1
1754,2,2,1.0,0,0,4,0,0,0,0,1,4
1755,1,1,0.0,0,0,2,0,0,0,0,0,2
1756,1,1,0.0,0,0,2,0,0,0,0,0,2
1757,3,3,0.9428090415820634,0,0,3,0,0,0,0,0,3
1758,3,3,0.9428090415820634,0,0,4,3,0,0,0,0,7
1759,1,1,0.0,0,0,1,0,0,0,0,0,1
1760,1,1,0.0,0,0,1,0,0,0,0,0,1
1761,1,1,0.0,0,0,1,0,0,0,0,0,1
1762,1,1,0.0,0,0,1,0,0,0,0,0,1
1763,2,2,1.0,0,0,1,0,0,0,0,0,1
1764,4,4,1.920286436967152,1,0,10,4,0,0,0,0,14
1765,3,3,0.9428090415820634,0,0,2,0,0,0,0,0,2
1766,4,4,1.5811388300841898,1,0,11,8,5,2,0,0,26
1767,2,2,1.0,0,0,1,0,0,0,0,0,1
1768,3,3,0.9428090415820634,0,0,9,3,1,0,0,0,13
1769,2,2,1.0,0,0,1,0,0,0,0,0,1
1770,2,2,0.5,0,0,2,1,0,0,0,0,3
1771,2,2,2.5,1,0,8,2,1,0,0,0,11
1772,3,3,1.247219128924647,0,0,3,0,0,0,0,0,3
1773,2,2,1.0,0,0,4,0,0,0,0,1,4
1774,1,1,0.0,0,0,1,0,0,0,0,0,1
1775,2,2,0.5,0,0,4,2,1,0,0,0,7
1776,4,4,0.5,0,0,6,4,0,0,0,0,10
1777,1,1,0.0,0,0,2,0,0,0,0,0,2
1778,7,7,1.7261494247992246,5,0,17,20,3,2,0,0,42
1779,1,1,0.0,0,0,1,0,0,0,0,0,1
1780,2,2,1.0,0,0,1,0,0,0,0,0,1
1781,2,2,1.0,0,0,1,0,0,0,0,0,1
1782,2,2,0.0,0,0,1,0,0,0,0,0,1
1783,2,2,1.0,0,0,3,0,1,0,0,0,4
1784,2,2,1.0,0,0,1,0,0,0,0,0,1
1785,3,3,0.9428090415820634,0,0,3,0,0,0,0,0,3
1786,2,2,0.0,0,0,1,0,0,0,0,0,1
1787,2,2,1.0,0,0,1,0,0,0,0,0,1
1788,1,1,0.0,0,0,1,0,0,0,0,0,1
1789,1,1,0.0,0,0,1,0,0,0,0,0,1
1790,2,2,1.0,0,0,1,0,0,0,0,0,1
1791,2,2,0.0,0,0,1,0,0,0,0,0,1
1792,2,2,0.5,0,0,6,2,1,0,0,1,10
1793,2,2,1.0,0,0,1,0,0,0,0,0,1
1794,5,5,0.4,0,1,5,1,0,1,0,0,7
1795,2,2,1.0,0,0,1,0,0,0,0,0,1
1796,1,1,0.0,0,0,1,0,0,0,0,0,1
1797,2,2,0.0,0,0,1,0,0,0,0,0,1
1798,1,1,0.0,0,0,1,0,0,0,0,0,1
1799,2,2,1.0,0,0,2,0,0,0,0,0,1
1800,1,1,0.0,0,0,1,0,0,0,0,0,1
1801,2,2,1.0,0,0,1,0,0,0,0,0,1
1802,2,2,1.0,0,0,1,0,0,0,0,0,1
1803,2,2,0.5,0,0,2,0,0,1,0,0,3
1804,1,1,0.0,0,0,1,0,0,0,0,0,1
1805,3,3,0.9428090415820634,0,0,6,5,0,5,3,2,21
1806,2,2,1.0,0,0,2,0,0,0,0,0,1
1807,3,3,0.0,0,0,4,3,0,0,1,0,8
1808,2,2,1.0,0,0,1,0,0,0,0,0,1
1809,2,2,1.0,0,0,1,0,0,0,0,0,1
1810,3,3,0.9428090415820634,0,0,2,1,0,0,0,0,3
1811,1,1,0.0,0,0,1,0,0,0,0,0,1
1812,2,2,0.0,0,0,3,1,0,1,1,0,6
1813,2,2,0.5,0,0,5,1,0,1,0,0,7
1814,7,7,1.0301575072754257,0,0,12,20,12,6,0,0,50
1815,2,2,0.5,0,0,2,0,0,0,0,0,2
1816,1,1,0.0,0,0,1,0,0,0,0,0,1
1817,2,2,1.0,0,0,1,0,0,0,0,0,1
1818,2,2,1.0,0,0,1,0,0,0,0,0,1
1819,1,1,0.0,0,0,1,0,0,0,0,0,1
1820,2,2,1.0,0,0,1,0,0,0,0,0,1
1821,4,4,1.0897247358851685,0,0,4,1,1,1,0,0,7
1822,2,2,1.0,0,0,1,0,0,0,0,0,1
1823,2,2,1.0,0,0,1,0,0,0,0,0,1
1824,2,2,1.0,0,0,1,0,0,0,0,0,1
1825,1,1,0.0,0,0,2,0,0,0,0,0,2
1826,1,1,0.0,0,0,1,0,0,0,0,0,1
1827,1,1,0.0,0,0,2,0,0,0,0,0,2
1828,2,2,1.0,0,0,1,0,0,0,0,0,1
1829,3,3,0.9428090415820634,0,0,3,0,0,0,0,0,3
1830,2,2,0.5,0,0,2,1,0,0,0,0,3
1831,2,2,1.0,0,0,1,0,0,0,0,0,1
1832,2,2,1.0,0,0,3,1,0,0,0,0,4
1833,1,1,0.0,0,0,2,0,0,0,0,0,2
1834,2,2,1.0,0,0,1,0,0,0,0,0,1
1835,2,2,1.0,0,0,2,0,0,0,0,0,1
1836,1,1,0.0,0,0,1,0,0,0,0,0,1
1837,2,2,1.0,0,0,1,0,0,0,0,0,1
1838,4,4,1.0897247358851685,0,0,4,1,1,1,0,0,7
1839,2,2,1.0,0,0,1,0,0,0,0,0,1
1840,1,1,0.0,0,0,2,0,0,0,0,0,2
1841,2,2,0.5,0,0,2,0,0,1,0,0,3
1842,2,2,1.0,0,0,1,0,0,0,0,0,1
1843,2,2,1.0,0,0,1,0,0,0,0,0,1
1844,2,2,1.0,0,0,1,0,0,0,0,0,1
1845,5,5,0.4,0,1,5,1,0,1,0,0,7
1846,2,2,1.0,0,0,1,0,0,0,0,0,1
1847,5,5,1.3564659966250536,2,0,23,50,21,6,0,0,100
1848,2,2,0.0,0,0,1,0,0,0,0,0,1
1849,3,3,0.9428090415820634,2,0,20,19,11,3,0,0,53
1850,2,2,1.0,0,0,1,0,0,0,0,0,1
1851,1,1,0.0,0,0,1,0,0,0,0,0,1
1852,3,3,0.9428090415820634,0,0,3,0,0,0,0,0,3
1853,2,2,1.0,0,0,1,0,0,0,0,0,1
1854,2,2,1.0,0,0,1,0,0,0,0,0,1
1855,1,1,0.0,0,0,1,0,0,0,0,0,1
1856,2,2,1.0,0,0,1,0,0,0,0,0,1
1857,3,3,0.9428090415820634,0,0,3,0,0,0,0,0,3
1858,1,1,0.0,0,0,1,0,0,0,0,0,1
1859,3,3,2.0548046676563256,1,0,3,0,0,0,0,0,3
1860,2,2,1.0,0,0,1,0,0,0,0,0,1
1861,3,3,0.9428090415820634,0,0,2,0,0,0,0,0,2
1862,2,2,1.0,0,0,1,0,0,0,0,0,1
1863,1,1,0.0,0,0,1,0,0,0,0,0,1
1864,2,2,1.0,0,0,1,0,0,0,0,0,1
1865,1,1,0.0,0,0,1,0,0,0,0,0,1
1866,2,2,0.0,0,0,1,0,0,0,0,0,1
1867,2,2,1.0,0,0,1,0,0,0,0,0,1
1868,1,1,0.0,0,0,1,0,0,0,0,0,1
1869,3,3,0.9428090415820634,0,0,3,0,0,0,0,0,3
1870,2,2,1.0,0,0,1,0,0,0,0,0,1
1871,1,1,0.0,0,0,1,0,0,0,0,0,1
1872,2,2,0.0,0,0,3,1,0,0,0,0,4
1873,2,2,0.5,0,0,2,1,0,0,0,0,3
1874,2,2,0.0,0,0,1,0,0,0,0,0,1
1875,2,2,1.0,0,0,1,0,0,0,0,0,1
1876,3,3,0.9428090415820634,0,0,2,1,0,0,0,0,3
1877,1,1,0.0,0,0,2,0,0,0,0,0,2
1878,1,1,0.0,0,0,1,0,0,0,0,0,1
1879,1,1,0.0,0,0,1,0,0,0,0,0,1
1880,2,2,0.0,0,0,1,0,0,0,0,0,1
1881,1,1,0.0,0,0,2,0,0,0,0,1,3
1882,1,1,0.0,0,0,2,0,0,0,0,1,3
1883,1,1,0.0,0,0,1,0,0,0,0,0,1
1884,4,4,0.4330127018922193,0,0,4,0,1,1,0,0,6
1885,2,2,2.0,1,0,4,0,0,0,0,0,3
1886,2,2,1.0,0,0,1,0,0,0,0,0,1
1887,2,2,0.0,0,0,1,0,0,0,0,0,1
1888,1,1,0.0,0,0,1,0,0,0,0,0,1
1889,2,2,1.0,0,0,1,0,0,0,0,0,1
1890,1,1,0.0,0,0,1,0,0,0,0,0,1
1891,2,2,1.0,0,0,1,0,0,0,0,0,1
1892,2,2,1.0,0,0,2,0,0,0,0,0,1
1893,2,2,1.0,0,0,1,0,0,0,0,0,1
1894,1,1,0.0,0,0,1,0,0,0,0,0,1
1895,2,2,0.5,0,0,2,0,0,1,0,0,3
1896,2,2,1.0,0,0,1,0,0,0,0,0,1
1897,3,3,0.9428090415820634,0,0,2,1,0,0,0,0,3
1898,1,1,0.0,0,0,1,0,0,0,0,0,1
1899,2,2,0.5,0,0,5,1,0,1,0,0,7
1900,7,7,1.0301575072754257,0,0,12,20,12,6,0,0,50
1901,2,2,0.5,0,0,2,0,0,0,0,0,2
1902,1,1,0.0,0,0,1,0,0,0,0,0,1
1903,2,2,1.0,0,0,1,0,0,0,0,0,1
1904,2,2,1.0,0,0,6,4,1,0,0,0,11
1905,3,3,0.9428090415820634,0,0,2,0,0,0,0,0,2
1906,2,2,1.0,0,0,1,0,0,0,0,0,1
1907,2,2,1.0,0,0,1,0,0,0,0,0,1
1908,2,2,1.0,0,0,1,0,0,0,0,0,1
1909,5,5,1.3564659966250536,2,0,23,50,21,6,0,0,100
1910,5,5,0.4,0,1,5,1,0,1,0,0,7
1911,2,2,1.0,0,0,1,0,0,0,0,0,1
1912,2,2,0.0,0,0,1,0,0,0,0,0,1
1913,3,3,0.9428090415820634,2,0,20,19,11,3,0,0,53
1914,2,2,1.0,0,0,1,0,0,0,0,0,1
1915,4,4,1.0897247358851685,0,0,4,1,1,1,0,0,7
1916,2,2,1.0,0,0,1,0,0,0,0,0,1
1917,2,2,1.0,0,0,1,0,0,0,0,0,1
1918,1,1,0.0,0,0,2,0,0,0,0,0,2
1919,2,2,1.0,0,0,1,0,0,0,0,0,1
1920,1,1,0.0,0,0,1,0,0,0,0,0,1
1921,1,1,0.0,0,0,1,0,0,0,0,0,1
1922,2,2,0.5,0,0,2,0,0,0,0,0,2
1923,1,1,0.0,0,0,1,0,0,0,0,0,1
1924,2,2,0.5,0,0,2,0,0,0,0,0,2
1925,1,1,0.0,0,0,3,3,0,0,0,0,6
1926,2,2,0.5,0,0,2,0,0,0,0,0,2
1927,1,1,0.0,0,0,1,0,0,0,0,0,1
1928,1,1,0.0,0,0,1,0,0,0,0,0,1
1929,2,2,1.0,0,0,1,0,0,0,0,0,1
1930,1,1,0.0,0,0,3,3,0,0,0,0,6
1931,1,1,0.0,0,0,1,0,0,0,0,0,1
1932,2,2,1.0,0,0,1,0,0,0,0,0,1
1933,2,2,1.0,0,0,1,0,0,0,0,0,1
1934,3,3,0.4714045207910317,0,0,3,3,0,0,0,0,6
1935,2,2,1.0,0,0,1,0,0,0,0,0,1
1936,2,2,0.0,0,0,1,0,0,0,0,0,1
1937,2,2,0.0,0,0,1,0,0,0,0,0,1
1938,2,2,1.0,0,0,1,0,0,0,0,0,1
1939,1,1,0.0,0,0,1,0,0,0,0,0,1
1940,1,1,0.0,0,0,1,0,0,0,0,0,1
1941,1,1,0.0,0,0,1,0,0,0,0,0,1
1942,1,1,0.0,0,0,3,3,0,0,0,0,6
1943,1,1,0.0,0,0,1,0,0,0,0,0,1
1944,3,3,0.0,0,0,2,0,0,0,0,0,2
1945,2,2,1.0,0,0,1,0,0,0,0,0,1
1946,1,1,0.0,0,0,3,3,0,0,0,0,6
1947,2,2,0.5,0,0,2,0,0,0,0,0,2
1948,1,1,0.0,0,0,1,0,0,0,0,0,1
1949,1,1,0.0,0,0,1,0,0,0,0,0,1
1950,3,3,0.0,0,0,2,0,0,0,0,0,2
1951,1,1,0.0,0,0,1,0,0,0,0,0,1
1952,1,1,0.0,0,0,1,0,0,0,0,0,1
1953,2,2,1.0,0,0,1,0,0,0,0,0,1
1954,2,2,1.0,0,0,1,0,0,0,0,0,1
1955,2,2,1.0,0,0,1,0,0,0,0,0,1
1956,1,1,0.0,0,0,1,0,0,0,0,0,1
1957,2,2,0.5,0,0,2,0,0,0,0,0,2
1958,1,1,0.0,0,0,2,1,0,0,0,0,3
1959,2,2,1.0,0,0,1,0,0,0,0,0,1
1960,2,2,0.0,0,0,1,0,0,0,0,0,1
1961,1,1,0.0,0,0,1,0,0,0,0,0,1
1962,1,1,0.0,0,0,3,3,0,0,0,0,6
1963,1,1,0.0,0,0,1,0,0,0,0,0,1
1964,1,1,0.0,0,0,1,0,0,0,0,0,1
1965,1,1,0.0,0,0,1,0,0,0,0,0,1
1966,1,1,0.0,0,0,1,0,0,0,0,0,1
1967,1,1,0.0,0,0,2,1,0,0,0,0,3
1968,1,1,0.0,0,0,1,0,0,0,0,0,1
1969,1,1,0.0,0,0,1,0,0,0,0,0,1
1970,1,1,0.0,0,0,1,0,0,0,0,0,1
1971,1,1,0.0,0,0,1,0,0,0,0,0,1
1972,1,1,0.0,0,0,1,0,0,0,0,0,1
1973,2,2,1.0,0,0,1,0,0,0,0,0,1
1974,2,2,0.5,0,0,2,0,0,0,0,0,2
1975,2,2,1.0,0,0,1,0,0,0,0,0,1
1976,1,1,0.0,0,0,3,3,0,0,0,0,6
1977,2,2,0.0,0,0,1,0,0,0,0,0,1
1978,4,4,0.7071067811865476,0,0,5,0,0,0,0,0,5
1979,2,2,1.0,0,0,1,0,0,0,0,0,1
1980,1,1,0.0,0,0,1,0,0,0,0,0,1
1981,2,2,1.0,0,0,1,0,0,0,0,0,1
1982,3,3,0.4714045207910317,0,0,3,1,1,1,0,0,6
1983,2,2,1.0,0,0,1,0,0,0,0,0,1
1984,7,7,1.6659862556700857,1,2,13,24,8,2,0,0,47
1985,2,2,0.0,0,0,1,0,0,0,0,0,1
1986,2,2,1.0,0,0,1,0,0,0,0,0,1
1987,1,1,0.0,0,0,1,0,0,0,0,0,1
1988,2,2,1.0,0,0,1,0,0,0,0,0,1
1989,2,2,1.0,0,0,1,0,0,0,0,0,1
1990,2,2,0.0,0,0,1,0,0,0,0,0,1
1991,1,1,0.0,0,0,1,0,0,0,0,0,1
1992,2,2,0.5,0,0,2,1,0,0,0,0,3
1993,2,2,0.0,0,0,1,0,0,0,0,0,1
1994,2,2,0.0,0,0,1,0,0,0,0,0,1
1995,2,2,1.0,0,0,1,0,0,0,0,0,1
1996,2,2,1.0,0,0,1,0,0,0,0,0,1
1997,2,2,1.0,0,0,3,1,0,0,0,0,4
1998,2,2,0.5,0,0,2,0,0,1,0,0,3
1999,2,2,1.0,0,0,1,0,0,0,0,0,1
2000,2,2,0.5,0,0,2,0,0,0,0,0,2
2001,2,2,0.5,0,0,2,0,0,0,0,0,2
2002,1,1,0.0,0,0,1,0,0,0,0,0,1
2003,2,2,2.0,1,0,3,1,0,0,0,0,4
2004,2,2,0.5,0,0,2,0,0,0,0,0,2
2005,2,2,1.0,0,0,1,0,0,0,0,0,1
2006,2,2,0.5,0,0,2,0,0,0,0,0,2
2007,2,2,0.5,0,0,2,1,0,0,0,0,3
2008,3,3,2.160246899469287,1,0,5,1,0,0,0,0,6
2009,2,2,0.5,0,0,2,0,0,0,0,0,2
2010,2,2,1.0,0,0,1,0,0,0,0,0,1
2011,2,2,1.0,0,0,1,0,0,0,0,0,1
2012,1,1,0.0,0,0,1,0,0,0,0,0,1
2013,2,2,2.0,1,0,3,1,0,0,0,0,4
2014,2,2,0.5,0,0,2,0,0,0,0,0,2
2015,2,2,1.0,0,0,1,0,0,0,0,0,1
2016,2,2,1.0,0,0,1,0,0,0,0,0,1
2017,1,1,0.0,0,0,1,0,0,0,0,0,1
2018,2,2,2.0,1,0,3,1,0,0,0,0,4
2019,2,2,0.5,0,0,2,0,0,0,0,0,2
2020,2,2,0.5,0,0,2,1,0,0,0,0,3
2021,3,3,2.160246899469287,1,0,5,1,0,0,0,0,6
2022,2,2,0.5,0,0,2,0,0,0,0,0,2
2023,2,2,0.0,0,0,1,0,0,0,0,0,1
2024,2,2,1.0,0,0,1,0,0,0,0,0,1
2025,2,2,1.0,0,0,1,0,0,0,0,0,1
2026,2,2,1.0,0,0,1,0,0,0,0,0,1
2027,2,2,1.0,0,0,1,0,0,0,0,0,1
2028,3,3,0.9428090415820634,0,0,2,1,0,0,0,0,3
2029,7,7,1.0497813183356477,5,0,20,30,25,9,0,0,84
2030,2,2,0.5,0,0,2,0,0,0,0,0,2
2031,2,2,0.5,0,0,2,0,0,1,0,0,3
2032,2,2,0.5,0,0,2,0,0,0,0,0,2
2033,1,1,0.0,0,0,1,0,0,0,0,0,1
2034,2,2,1.0,0,0,1,0,0,0,0,0,1
2035,2,2,1.0,0,0,1,0,0,0,0,0,1
2036,2,2,1.0,0,0,1,0,0,0,0,0,1
2037,2,2,1.0,0,0,1,0,0,0,0,0,1
2038,3,3,0.9428090415820634,0,0,2,1,0,0,0,0,3
2039,7,7,1.0497813183356477,5,0,20,30,25,9,0,0,84
2040,2,2,0.5,0,0,2,0,0,0,0,0,2
2041,2,2,0.5,0,0,2,0,0,1,0,0,3
2042,2,2,0.5,0,0,2,0,0,0,0,0,2
2043,2,2,1.0,0,0,1,0,0,0,0,0,1
2044,2,2,0.0,0,0,1,0,0,0,0,0,1
2045,2,2,0.0,0,0,1,0,0,0,0,0,1
2046,2,2,1.0,0,0,1,0,0,0,0,0,1
2047,2,2,1.0,0,0,1,0,0,0,0,0,1
2048,2,2,1.0,0,0,3,1,0,0,0,0,4
2049,2,2,0.5,0,0,2,0,0,1,0,0,3
2050,2,2,1.0,0,0,1,0,0,0,0,0,1
2051,2,2,0.5,0,0,2,0,0,0,0,0,2
2052,2,2,0.0,0,0,1,0,0,0,0,0,1
2053,1,1,0.0,0,0,1,0,0,0,0,0,1
2054,2,2,1.0,0,0,1,0,0,0,0,0,1
2055,2,2,1.0,0,0,1,0,0,0,0,0,1
2056,2,2,0.0,0,0,1,0,0,0,0,0,1
2057,1,1,0.0,0,0,1,0,0,0,0,0,1
2058,2,2,0.5,0,0,2,1,0,0,0,0,3
2059,2,2,0.5,0,0,2,0,0,0,0,0,2
2060,2,2,0.5,0,0,2,1,0,0,0,0,3
2061,3,3,2.160246899469287,1,0,5,1,0,0,0,0,6
2062,2,2,0.5,0,0,2,0,0,0,0,0,2
2063,2,2,1.0,0,0,1,0,0,0,0,0,1
2064,2,2,1.0,0,0,1,0,0,0,0,0,1
2065,1,1,0.0,0,0,1,0,0,0,0,0,1
2066,2,2,2.0,1,0,3,1,0,0,0,0,4
2067,2,2,0.5,0,0,2,0,0,0,0,0,2
2068,2,2,1.0,0,0,1,0,0,0,0,0,1
2069,2,2,1.0,0,0,1,0,0,0,0,0,1
2070,1,1,0.0,0,0,1,0,0,0,0,0,1
2071,2,2,2.0,1,0,3,1,0,0,0,0,4
2072,2,2,0.5,0,0,2,0,0,0,0,0,2
2073,2,2,0.5,0,0,2,1,0,0,0,0,3
2074,3,3,2.160246899469287,1,0,5,1,0,0,0,0,6
2075,2,2,2.0,1,0,3,1,0,0,0,0,4
2076,2,2,0.5,0,0,2,0,0,0,0,0,2
2077,2,2,0.5,0,0,2,0,0,0,0,0,2
2078,1,1,0.0,0,0,1,0,0,0,0,0,1
2079,2,2,0.5,0,0,2,0,0,0,0,0,2
2080,2,2,1.0,0,0,1,0,0,0,0,0,1
2081,2,2,1.0,0,0,1,0,0,0,0,0,1
2082,1,1,0.0,0,0,1,0,0,0,0,0,1
2083,2,2,2.0,1,0,3,1,0,0,0,0,4
2084,2,2,0.0,0,0,1,0,0,0,0,0,1
2085,2,2,0.5,0,0,2,0,0,0,0,0,2
2086,2,2,1.0,1,0,5,0,0,0,0,0,5
2087,1,1,0.0,0,0,1,0,0,0,0,0,1
2088,4,4,0.7071067811865476,0,0,5,0,0,0,0,0,5
2089,2,2,1.0,0,0,1,0,0,0,0,0,1
2090,1,1,0.0,0,0,1,0,0,0,0,0,1
2091,2,2,1.0,0,0,1,0,0,0,0,0,1
2092,3,3,0.4714045207910317,0,0,3,1,1,1,0,0,6
2093,2,2,1.0,0,0,1,0,0,0,0,0,1
2094,7,7,1.6659862556700857,1,2,13,24,8,2,0,0,47
2095,2,2,0.5,0,0,2,0,0,0,0,0,2
2096,2,2,1.0,0,0,1,0,0,0,0,0,1
2097,2,2,1.0,0,0,1,0,0,0,0,0,1
2098,1,1,0.0,0,0,1,0,0,0,0,0,1
2099,1,1,0.0,0,0,1,0,0,0,0,0,1
2100,1,1,0.0,0,0,1,0,0,0,0,0,1
2101,2,2,1.0,0,0,1,0,0,0,0,0,1
2102,2,2,1.0,0,0,1,0,0,0,0,0,1
2103,1,1,0.0,0,0,1,0,0,0,0,0,1
2104,1,1,0.0,0,0,2,0,0,0,0,0,2
2105,1,1,0.0,0,0,1,0,0,0,0,0,1
2106,1,1,0.0,0,0,1,0,0,0,0,0,1
2107,2,2,0.5,0,0,2,0,0,0,0,0,2
2108,2,2,1.0,0,0,5,2,0,1,1,3,12
2109,2,2,1.0,0,0,1,0,0,0,0,0,1
2110,2,2,2.0,0,0,3,0,0,0,0,0,3
2111,1,1,0.0,0,0,1,0,0,0,0,0,1
2112,3,3,1.4142135623730951,2,0,4,1,0,1,0,0,6
2113,2,2,1.0,1,0,3,1,0,0,0,0,4
2114,2,2,1.0,0,0,1,0,0,0,0,0,1
2115,2,2,1.0,0,0,1,0,0,0,0,0,1
2116,2,2,1.0,0,0,1,0,0,0,0,0,1
2117,9,9,1.8257418583505538,5,0,44,76,74,9,11,66,279
2118,2,2,2.0,0,0,3,0,0,0,0,0,3
2119,3,3,1.8856180831641267,1,1,5,3,0,0,0,0,8
2120,1,1,0.0,0,0,1,0,0,0,0,0,1
2121,3,3,1.699673171197595,1,0,4,1,0,2,0,0,7
2122,2,2,1.0,0,0,1,0,0,0,0,0,1
2123,2,2,1.0,0,0,1,0,0,0,0,0,1
2124,1,1,0.0,0,0,1,0,0,0,0,0,1
2125,2,2,0.5,0,0,2,1,0,0,0,0,3
2126,2,2,1.0,0,0,1,0,0,0,0,0,1
2127,2,2,1.0,0,0,1,0,0,0,0,0,1
2128,2,2,0.5,0,0,2,0,0,1,0,0,3
2129,2,2,1.0,0,0,1,0,0,0,0,0,1
2130,2,2,1.0,0,0,1,0,0,0,0,0,1
2131,2,2,0.5,0,0,2,0,0,0,0,0,2
2132,2,2,1.0,0,0,1,0,0,0,0,0,1
2133,2,2,1.0,0,0,1,0,0,0,0,0,1
2134,1,1,0.0,0,0,3,1,2,0,0,0,6
2135,1,1,0.0,0,0,5,3,0,0,0,0,8
2136,6,6,1.3437096247164249,2,0,8,0,2,8,0,0,18
2137,2,2,0.0,0,0,1,0,0,0,0,0,1
2138,1,1,0.0,0,0,1,0,0,0,0,0,1
2139,1,1,0.0,0,0,1,0,0,0,0,0,1
2140,4,4,0.8660254037844386,0,2,5,3,1,0,0,0,9
2141,2,2,1.0,0,0,1,0,0,0,0,0,1
2142,3,3,0.9428090415820634,0,0,2,0,0,0,0,0,2
2143,3,3,0.9428090415820634,0,0,2,0,0,0,0,0,2
2144,1,1,0.0,0,0,1,0,0,0,0,0,1
2145,2,2,0.0,0,0,1,0,0,0,0,0,1
2146,2,2,0.5,0,1,1,0,0,0,0,0,1
2147,3,3,1.4142135623730951,2,0,4,1,0,1,0,0,6
2148,1,1,0.0,0,0,1,0,0,0,0,0,1
2149,1,1,0.0,0,0,1,0,0,0,0,0,1
2150,1,1,0.0,0,0,1,0,0,0,0,0,1
2151,2,2,1.0,0,0,1,0,0,0,0,0,1
2152,2,2,1.0,0,0,1,0,0,0,0,0,1
2153,2,2,0.5,0,0,2,0,0,0,0,0,2
2154,2,2,1.0,0,0,1,0,0,0,0,0,1
2155,2,2,1.0,0,0,1,0,0,0,0,0,1
2156,2,2,1.0,0,0,1,0,0,0,0,0,1
2157,2,2,1.0,0,0,1,0,0,0,0,0,1
2158,1,1,0.0,0,0,1,0,0,0,0,0,1
2159,1,1,0.0,0,0,1,0,0,0,0,0,1
2160,1,1,0.0,0,0,1,0,0,0,0,0,1
2161,4,4,0.8660254037844386,0,0,3,0,0,0,0,0,3
2162,4,4,1.5,1,0,5,0,1,0,0,0,6
2163,4,4,1.5,1,0,5,0,1,0,0,0,6
2164,4,4,1.5,1,0,5,0,1,0,0,0,6
2165,4,4,1.5,1,0,5,0,1,0,0,0,6
2166,1,1,0.0,0,0,1,0,0,0,0,0,1
2167,2,2,1.5,0,0,1,0,0,0,0,0,1
2168,4,4,0.8660254037844386,0,0,3,0,0,0,0,0,3
2169,2,2,1.0,0,0,1,0,0,0,0,0,1
2170,2,2,0.0,0,0,1,0,0,0,0,0,1
2171,1,1,0.0,0,0,1,0,0,0,0,0,1
2172,1,1,0.0,0,0,1,0,0,0,0,0,1
2173,2,2,1.5,0,0,1,0,0,0,0,0,1
2174,1,1,0.0,0,0,1,0,0,0,0,0,1
2175,2,2,1.0,0,0,1,0,0,0,0,0,1
2176,2,2,1.0,0,0,1,0,0,0,0,0,1
2177,1,1,0.0,0,0,1,0,0,0,0,0,1
2178,2,2,1.0,0,0,1,0,0,0,0,0,1
2179,2,2,1.0,0,0,1,0,0,0,0,0,1
2180,2,2,1.0,0,0,1,0,0,0,0,0,1
2181,2,2,1.0,0,0,1,0,0,0,0,0,1
2182,2,2,1.0,0,0,1,0,0,0,0,0,1
2183,2,2,1.0,0,0,1,0,0,0,0,0,1
2184,2,2,0.5,0,0,2,1,0,0,0,0,3
2185,2,2,1.0,1,0,5,6,0,0,0,0,11
2186,2,2,0.5,0,0,2,1,0,0,0,0,3
2187,2,2,0.5,0,0,2,1,0,0,0,0,3
2188,2,2,1.0,0,0,1,0,0,0,0,0,1
2189,3,3,0.0,0,0,2,0,0,1,0,0,3
2190,2,2,0.5,0,0,2,1,0,0,0,0,3
2191,2,2,0.0,0,0,1,0,0,0,0,0,1
2192,2,2,0.5,0,0,2,0,0,0,0,0,2
2193,2,2,0.0,0,0,1,0,0,0,0,0,1
2194,2,2,0.0,0,0,1,0,0,0,0,0,1
2195,3,3,1.4142135623730951,1,0,11,26,2,1,0,0,39
2196,2,2,0.5,0,0,2,0,0,0,0,0,2
2197,2,2,1.0,0,0,1,0,0,0,0,0,1
2198,2,2,1.0,0,0,1,0,0,0,0,0,1
2199,2,2,0.5,0,0,2,1,0,0,0,0,3
2200,2,2,1.0,1,0,5,6,0,0,0,0,11
2201,2,2,0.5,0,0,2,1,0,0,0,0,3
2202,2,2,0.5,0,0,2,1,0,0,0,0,3
2203,2,2,1.0,0,0,1,0,0,0,0,0,1
2204,3,3,0.0,0,0,2,0,0,1,0,0,3
2205,2,2,0.5,0,0,2,1,0,0,0,0,3
2206,2,2,1.0,0,0,1,0,0,0,0,0,1
2207,2,2,1.0,0,0,1,0,0,0,0,0,1
2208,2,2,0.5,0,0,2,1,0,0,0,0,3
2209,2,2,1.0,1,0,5,6,0,0,0,0,11
2210,2,2,0.5,0,0,2,1,0,0,0,0,3
2211,2,2,0.5,0,0,2,1,0,0,0,0,3
2212,2,2,1.0,0,0,1,0,0,0,0,0,1
2213,3,3,0.0,0,0,2,0,0,1,0,0,3
2214,2,2,0.5,0,0,2,1,0,0,0,0,3
2215,2,2,0.0,0,0,1,0,0,0,0,0,1
2216,2,2,1.0,0,0,1,0,0,0,0,0,1
2217,1,1,0.0,0,0,1,0,0,0,0,0,1
2218,2,2,0.5,0,0,2,1,0,0,0,0,3
2219,1,1,0.0,0,0,1,0,0,0,0,0,1
2220,2,2,1.0,0,0,1,0,0,0,0,0,1
2221,2,2,1.0,0,0,1,0,0,0,0,0,1
2222,2,2,1.0,0,0,1,0,0,0,0,0,1
2223,2,2,1.0,0,0,1,0,0,0,0,0,1
2224,2,2,1.0,0,0,1,0,0,0,0,0,1
2225,2,2,1.0,0,0,1,0,0,0,0,0,1
2226,2,2,1.0,0,0,1,0,0,0,0,0,1
2227,2,2,1.0,0,0,1,0,0,0,0,0,1
2228,2,2,0.0,0,0,1,0,0,0,0,0,1
2229,1,1,0.0,0,0,1,0,0,0,0,0,1
2230,2,2,0.5,0,0,2,1,0,0,0,0,3
2231,2,2,1.0,0,0,1,0,0,0,0,0,1
2232,2,2,0.0,0,0,1,0,0,0,0,0,1
2233,1,1,0.0,0,0,1,0,0,0,0,0,1
2234,2,2,1.0,0,0,1,0,0,0,0,0,1
2235,2,2,0.0,0,0,1,0,0,0,0,0,1
2236,1,1,0.0,0,0,1,0,0,0,0,0,1
2237,2,2,0.5,0,0,2,1,0,0,0,0,3
2238,2,2,0.5,0,0,2,1,0,0,0,0,3
2239,1,1,0.0,0,0,1,0,0,0,0,0,1
2240,3,3,0.0,0,0,2,0,0,0,0,0,2
2241,2,2,1.0,0,0,1,0,0,0,0,0,1
2242,2,2,1.0,0,0,1,0,0,0,0,0,1
2243,2,2,1.0,0,0,1,0,0,0,0,0,1
2244,1,1,0.0,0,0,2,1,0,0,0,0,3
2245,2,2,1.0,0,0,1,0,0,0,0,0,1
2246,1,1,0.0,0,0,1,0,0,0,0,0,1
2247,3,3,0.9428090415820634,0,0,2,1,0,0,0,0,3
2248,2,2,0.0,0,0,1,0,0,0,0,0,1
2249,2,2,1.0,0,0,1,0,0,0,0,0,1
2250,2,2,1.0,0,0,1,0,0,0,0,0,1
2251,1,1,0.0,0,0,1,0,0,0,0,0,1
2252,1,1,0.0,0,0,2,1,0,0,0,0,3
2253,1,1,0.0,0,0,1,0,0,0,0,0,1
2254,3,3,0.9428090415820634,0,0,3,0,0,0,0,0,3
2255,2,2,0.0,0,0,1,0,0,0,0,0,1
2256,1,1,0.0,0,0,1,0,0,0,0,0,1
2257,1,1,0.0,0,0,1,0,0,0,0,0,1
2258,1,1,0.0,0,0,1,0,0,0,0,0,1
2259,2,2,1.0,0,0,1,0,0,0,0,0,1
2260,1,1,0.0,0,0,3,0,2,0,0,0,5
2261,2,2,1.0,0,0,1,0,0,0,0,0,1
2262,2,2,2.5,1,0,2,0,0,0,0,0,2
2263,2,2,0.0,0,0,1,0,0,0,0,0,1
2264,2,2,2.0,0,0,3,3,0,0,0,0,6
2265,3,3,2.0548046676563256,1,0,5,5,3,1,0,0,14
2266,1,1,0.0,0,0,1,0,0,0,0,0,1
2267,1,1,0.0,0,0,1,0,0,0,0,0,1
2268,1,1,0.0,0,0,4,0,0,0,1,0,4
2269,2,2,1.0,0,0,4,0,0,1,0,0,4
2270,3,3,0.9428090415820634,0,0,3,0,0,0,0,0,3
2271,1,1,0.0,0,0,1,0,0,0,0,0,1
2272,2,2,1.0,0,0,1,0,0,0,0,0,1
2273,2,2,0.0,0,0,1,0,0,0,0,0,1
2274,1,1,0.0,0,0,1,0,0,0,0,0,1
2275,1,1,0.0,0,0,1,0,0,0,0,0,1
2276,1,1,0.0,0,0,1,0,0,0,0,0,1
2277,2,2,0.0,0,0,1,0,0,0,0,0,1
2278,2,2,0.0,0,0,1,0,0,0,0,0,1
2279,2,2,0.0,0,0,1,0,0,0,0,0,1
2280,2,2,0.0,0,0,1,0,0,0,0,0,1
2281,1,1,0.0,0,0,3,0,0,0,0,0,2
2282,1,1,0.0,0,0,1,0,0,0,0,0,1
2283,3,3,0.9428090415820634,0,0,3,0,0,0,0,0,3
2284,1,1,0.0,0,0,1,0,0,0,0,0,1
2285,2,2,1.0,0,0,1,0,0,0,0,0,1
2286,2,2,2.5,1,0,7,4,0,1,2,0,14
2287,2,2,1.5,0,0,7,4,0,1,2,0,14
2288,2,2,2.5,1,0,7,4,0,1,2,0,14
2289,2,2,1.5,0,0,7,4,0,1,2,0,14
2290,2,2,1.5,0,0,7,4,0,1,2,0,14
2291,2,2,1.5,0,0,7,4,0,1,2,0,14
2292,4,4,0.0,0,0,3,0,0,3,0,0,6
2293,2,2,1.0,0,0,1,0,0,0,0,0,1
2294,2,2,1.0,0,0,1,0,0,0,0,0,1
2295,3,3,1.247219128924647,1,0,9,4,0,1,3,0,17
2296,3,3,0.816496580927726,1,0,10,13,4,2,3,0,32
2297,3,3,0.4714045207910317,2,0,10,12,2,2,3,0,29
2298,3,3,0.4714045207910317,2,0,10,12,2,2,3,0,29
2299,3,3,0.9428090415820634,0,0,5,6,0,0,0,0,11
2300,3,3,0.4714045207910317,0,0,7,1,0,1,2,0,11
2301,2,2,1.0,0,0,1,0,0,0,0,0,1
2302,3,3,0.4714045207910317,0,0,7,1,0,1,2,0,11
2303,1,1,0.0,0,0,1,0,0,0,0,0,1
2304,3,3,2.3570226039551585,2,0,8,2,0,2,4,4,20
2305,1,1,0.0,0,0,1,0,0,0,0,0,1
2306,2,2,1.0,0,0,1,0,0,0,0,0,1
2307,2,2,1.0,0,0,1,0,0,0,0,0,1
2308,2,2,0.5,0,0,2,0,0,0,0,0,2
2309,3,3,1.247219128924647,1,0,9,4,0,1,3,0,17
2310,3,3,0.816496580927726,1,0,10,13,4,2,3,0,32
2311,3,3,0.4714045207910317,2,0,10,12,2,2,3,0,29
2312,3,3,0.4714045207910317,2,0,10,12,2,2,3,0,29
2313,3,3,0.9428090415820634,0,0,5,6,0,0,0,0,11
2314,2,2,1.5,1,0,5,6,0,0,0,0,11
2315,2,2,1.0,0,0,1,0,0,0,0,0,1
2316,2,2,0.5,0,0,2,0,0,1,0,0,3
2317,15,15,1.0624918300339485,7,0,50,146,37,21,61,104,419
2318,2,2,0.0,0,0,1,0,0,0,0,0,1
2319,2,2,0.0,0,0,1,0,0,0,0,0,1
2320,4,4,0.82915619758885,0,0,8,7,1,1,2,0,19
2321,4,4,0.82915619758885,0,0,8,7,1,1,2,0,19
2322,4,4,0.82915619758885,0,0,8,7,1,1,2,0,19
2323,4,4,0.82915619758885,0,0,8,7,1,1,2,0,19
2324,4,4,0.82915619758885,0,0,8,7,1,1,2,0,19
2325,4,4,0.82915619758885,0,0,8,7,1,1,2,0,19
2326,4,4,0.82915619758885,0,0,8,7,1,1,2,0,19
2327,2,2,1.0,0,0,1,0,0,0,0,0,1
2328,2,2,1.0,0,0,1,0,0,0,0,0,1
2329,1,1,0.0,0,0,1,0,0,0,0,0,1
2330,4,4,1.299038105676658,1,1,7,9,3,1,0,0,20
2331,1,1,0.0,0,0,2,0,0,0,1,0,3
2332,3,3,0.9428090415820634,2,0,13,20,4,0,0,0,36
2333,2,2,0.5,0,0,1,0,0,0,0,0,1
2334,2,2,1.0,0,0,1,0,0,0,0,0,1
2335,2,2,1.0,0,0,1,0,0,0,0,0,1
2336,2,2,0.5,0,0,2,0,0,0,0,0,2
2337,2,2,1.0,0,0,1,0,0,0,0,0,1
2338,2,2,1.0,0,0,1,0,0,0,0,0,1
2339,2,2,1.0,0,0,1,0,0,0,0,0,1
2340,2,2,1.0,0,0,1,0,0,0,0,0,1
2341,2,2,1.0,0,0,1,0,0,0,0,0,1
2342,2,2,1.0,0,0,1,0,0,0,0,0,1
2343,2,2,1.0,0,0,1,0,0,0,0,0,1
2344,2,2,1.0,0,0,1,0,0,0,0,0,1
2345,2,2,1.0,0,0,1,0,0,0,0,0,1
2346,1,1,0.0,0,0,3,1,0,0,1,0,5
2347,1,1,0.0,0,0,1,0,0,0,0,0,1
2348,2,2,0.0,0,0,1,0,0,0,0,0,1
2349,1,1,0.0,0,0,1,0,0,0,0,0,1
2350,3,3,0.4714045207910317,0,0,3,1,0,0,0,0,4
2351,2,2,0.0,0,0,1,0,0,0,0,0,1
2352,1,1,0.0,0,0,1,0,0,0,0,0,1
2353,1,1,0.0,0,0,1,0,0,0,0,0,1
2354,1,1,0.0,0,0,4,4,1,0,0,0,9
2355,1,1,0.0,0,0,1,0,0,0,0,0,1
2356,1,1,0.0,0,0,1,0,0,0,0,0,1
2357,3,3,0.4714045207910317,2,0,10,4,1,4,4,4,27
2358,2,2,2.5,1,0,2,0,0,0,0,0,2
2359,4,4,0.0,0,0,3,0,0,3,0,0,6
2360,2,2,1.0,0,0,1,0,0,0,0,0,1
2361,2,2,1.0,0,0,1,0,0,0,0,0,1
2362,3,3,2.0548046676563256,1,0,4,1,0,0,0,0,5
2363,2,2,0.0,0,0,1,0,0,0,0,0,1
2364,1,1,0.0,0,0,2,1,0,0,0,0,3
2365,2,2,1.0,0,0,1,0,0,0,0,0,1
2366,2,2,1.0,0,0,1,0,0,0,0,0,1
2367,2,2,2.5,1,0,2,0,0,0,0,0,2
2368,2,2,1.0,0,0,1,0,0,0,0,0,1
2369,2,2,1.0,0,0,1,0,0,0,0,0,1
2370,2,2,0.5,0,0,2,0,0,0,0,0,2
2371,2,2,1.0,0,0,1,0,0,0,0,0,1
2372,2,2,1.0,0,0,1,0,0,0,0,0,1
2373,2,2,1.0,0,0,1,0,0,0,0,0,1
2374,1,1,0.0,0,0,1,0,0,0,0,0,1
2375,2,2,0.5,0,0,2,1,0,0,0,0,3
2376,2,2,0.5,0,0,2,0,0,0,0,0,2
2377,2,2,0.5,0,0,2,0,0,0,0,0,2
2378,2,2,0.5,0,0,2,0,0,0,0,0,2
2379,2,2,1.0,0,0,1,0,0,0,0,0,1
2380,2,2,1.0,0,0,1,0,0,0,0,0,1
2381,2,2,1.0,0,0,1,0,0,0,0,0,1
2382,2,2,0.5,0,0,2,1,0,0,0,0,3
2383,2,2,0.5,0,0,2,1,0,0,0,0,3
2384,2,2,1.0,0,0,1,0,0,0,0,0,1
2385,2,2,1.0,0,0,1,0,0,0,0,0,1
2386,2,2,1.0,0,0,1,0,0,0,0,0,1
2387,2,2,1.5,0,0,2,0,0,0,0,0,2
2388,2,2,1.0,0,0,1,0,0,0,0,0,1
2389,2,2,1.0,0,0,1,0,0,0,0,0,1
2390,2,2,1.0,0,0,1,0,0,0,0,0,1
2391,2,2,1.0,0,0,1,0,0,0,0,0,1
2392,2,2,1.0,0,0,1,0,0,0,0,0,1
2393,2,2,1.0,0,0,1,0,0,0,0,0,1
2394,2,2,1.0,0,0,1,0,0,0,0,0,1
2395,2,2,1.0,0,0,1,0,0,0,0,0,1
2396,2,2,1.0,0,0,1,0,0,0,0,0,1
2397,2,2,0.0,0,0,1,0,0,0,0,0,1
2398,2,2,0.5,0,0,2,0,0,0,0,0,2
2399,2,2,1.0,0,0,3,1,0,0,0,0,4
2400,3,3,0.4714045207910317,2,0,14,3,0,4,6,6,33
2401,1,1,0.0,0,0,3,1,0,0,0,0,4
2402,2,2,1.0,0,0,1,0,0,0,0,0,1
2403,2,2,0.0,0,0,1,0,0,0,0,0,1
2404,1,1,0.0,0,0,2,1,0,0,0,0,3
2405,4,4,0.82915619758885,0,0,8,7,1,1,2,0,19
2406,4,4,0.82915619758885,0,0,8,7,1,1,2,0,19
2407,4,4,0.82915619758885,0,0,8,7,1,1,2,0,19
2408,4,4,0.82915619758885,0,0,8,7,1,1,2,0,19
2409,4,4,0.82915619758885,0,0,8,7,1,1,2,0,19
2410,4,4,0.82915619758885,0,0,8,7,1,1,2,0,19
2411,4,4,0.82915619758885,0,0,8,7,1,1,2,0,19
2412,4,4,0.82915619758885,0,0,8,7,1,1,2,0,19
2413,2,2,2.5,1,0,2,0,0,0,0,0,2
2414,4,4,0.82915619758885,0,0,8,7,1,1,2,0,19
2415,4,4,0.82915619758885,0,0,8,7,1,1,2,0,19
2416,4,4,0.82915619758885,0,0,8,7,1,1,2,0,19
2417,4,4,0.82915619758885,0,0,8,7,1,1,2,0,19
2418,4,4,0.82915619758885,0,0,8,7,1,1,2,0,19
2419,4,4,0.82915619758885,0,0,8,7,1,1,2,0,19
2420,4,4,0.82915619758885,0,0,8,7,1,1,2,0,19
2421,4,4,1.299038105676658,1,1,7,9,3,1,0,0,20
2422,3,3,2.0548046676563256,1,0,4,1,0,0,0,0,5
2423,3,3,0.4714045207910317,0,1,3,3,0,0,0,0,6
2424,3,3,2.3570226039551585,2,0,8,2,0,2,4,4,20
2425,1,1,0.0,0,0,1,0,0,0,0,0,1
2426,1,1,0.0,0,0,1,0,0,0,0,0,1
2427,4,4,1.299038105676658,3,0,8,2,1,1,0,0,12
2428,2,2,2.5,1,0,2,0,0,0,0,0,2
2429,2,2,1.0,0,0,1,0,0,0,0,0,1
2430,1,1,0.0,0,0,3,1,0,0,1,0,5
2431,1,1,0.0,0,0,1,0,0,0,0,0,1
2432,2,2,0.5,0,0,1,0,0,0,0,0,1
2433,1,1,0.0,0,0,2,0,0,0,1,0,3
2434,3,3,0.9428090415820634,2,0,13,20,4,0,0,0,36
2435,2,2,1.0,0,0,1,0,0,0,0,0,1
2436,2,2,1.0,0,0,1,0,0,0,0,0,1
2437,2,2,2.5,1,0,2,0,0,0,0,0,2
2438,7,7,1.1952286093343936,3,0,24,51,35,9,0,0,119
2439,1,1,0.0,0,0,1,0,0,0,0,0,1
2440,3,3,0.4714045207910317,0,0,3,1,0,0,0,0,4
2441,2,2,0.0,0,0,1,0,0,0,0,0,1
2442,1,1,0.0,0,0,1,0,0,0,0,0,1
2443,1,1,0.0,0,0,1,0,0,0,0,0,1
2444,1,1,0.0,0,0,4,4,1,0,0,0,9
2445,1,1,0.0,0,0,1,0,0,0,0,0,1
2446,1,1,0.0,0,0,1,0,0,0,0,0,1
2447,3,3,0.4714045207910317,2,0,10,4,1,4,4,4,27
2448,2,2,1.0,0,0,1,0,0,0,0,0,1
2449,17,17,1.1314931800983143,10,2,60,149,82,28,0,0,311
2450,3,3,2.0548046676563256,1,0,4,1,1,0,0,0,6
2451,4,4,1.479019945774904,1,1,16,10,10,0,0,0,36
2452,2,2,0.0,1,0,10,21,6,1,0,0,38
2453,1,1,0.0,0,0,1,0,0,0,0,0,1
2454,3,3,2.3570226039551585,2,0,8,2,0,2,4,4,20
2455,1,1,0.0,0,0,1,0,0,0,0,0,1
2456,1,1,0.0,0,0,2,1,0,0,0,0,3
2457,1,1,0.0,0,0,4,4,1,0,0,0,9
2458,1,1,0.0,0,0,1,0,0,0,0,0,1
2459,2,2,0.5,0,0,4,1,0,0,1,0,6
2460,2,2,0.0,0,0,3,0,0,0,0,0,3
2461,2,2,1.0,0,0,1,0,0,0,0,0,1
2462,1,1,0.0,0,0,1,0,0,0,0,0,1
2463,2,2,1.0,0,0,1,0,0,0,0,0,1
2464,1,1,0.0,0,0,1,0,0,0,0,0,1
2465,2,2,1.0,0,0,1,0,0,0,0,0,1
2466,2,2,1.0,0,0,1,0,0,0,0,0,1
2467,2,2,1.0,0,0,1,0,0,0,0,0,1
2468,2,2,1.0,0,0,1,0,0,0,0,0,1
2469,2,2,1.0,0,0,1,0,0,0,0,0,1
2470,2,2,1.0,0,0,1,0,0,0,0,0,1
2471,2,2,1.0,0,0,1,0,0,0,0,0,1
2472,2,2,1.0,0,0,1,0,0,0,0,0,1
2473,2,2,2.5,1,0,7,4,0,1,2,0,14
2474,2,2,1.5,0,0,7,4,0,1,2,0,14
2475,2,2,2.5,1,0,7,4,0,1,2,0,14
2476,2,2,1.5,0,0,7,4,0,1,2,0,14
2477,2,2,1.5,0,0,7,4,0,1,2,0,14
2478,2,2,1.5,0,0,7,4,0,1,2,0,14
2479,1,1,0.0,0,0,1,0,0,0,0,0,1
2480,2,2,2.5,1,0,2,0,0,0,0,0,2
2481,7,7,1.1952286093343936,3,0,24,51,35,9,0,0,119
2482,3,3,0.4714045207910317,2,0,14,3,0,4,6,6,33
2483,4,4,0.0,0,0,3,0,0,3,0,0,6
2484,2,2,1.0,0,0,1,0,0,0,0,0,1
2485,2,2,1.0,0,0,1,0,0,0,0,0,1
2486,2,2,0.5,0,0,2,1,0,0,0,0,3
2487,2,2,0.5,0,0,2,1,0,0,0,0,3
2488,2,2,1.5,0,0,2,0,0,0,0,0,2
2489,2,2,1.0,0,0,1,0,0,0,0,0,1
2490,2,2,1.0,0,0,1,0,0,0,0,0,1
2491,2,2,1.0,0,0,1,0,0,0,0,0,1
2492,2,2,1.0,0,0,1,0,0,0,0,0,1
2493,2,2,1.0,0,0,1,0,0,0,0,0,1
2494,2,2,1.0,0,0,1,0,0,0,0,0,1
2495,2,2,0.5,0,0,2,1,0,0,0,0,3
2496,2,2,0.5,0,0,2,0,0,0,0,0,2
2497,2,2,0.5,0,0,2,0,0,0,0,0,2
2498,2,2,0.5,0,0,2,0,0,0,0,0,2
2499,2,2,0.5,0,0,2,0,0,0,0,0,2
2500,2,2,0.0,0,0,1,0,0,0,0,0,1
2501,2,2,1.0,0,0,3,1,0,0,0,0,4
2502,2,2,1.0,0,0,1,0,0,0,0,0,1
2503,4,4,1.299038105676658,1,1,7,9,3,1,0,0,20
2504,1,1,0.0,0,0,3,1,0,0,1,0,5
2505,2,2,1.0,0,0,1,0,0,0,0,0,1
2506,2,2,2.0,1,0,3,0,0,0,0,0,3
2507,1,1,0.0,0,0,1,0,0,0,0,0,1
2508,2,2,1.0,0,0,1,0,0,0,0,0,1
2509,2,2,0.5,0,0,2,0,0,0,0,0,2
2510,2,2,1.0,0,0,1,0,0,0,0,0,1
2511,2,2,2.5,1,0,2,0,0,0,0,0,2
2512,3,3,2.0548046676563256,1,0,4,1,0,0,0,0,5
2513,2,2,2.5,1,0,2,0,0,0,0,0,2
2514,2,2,0.5,0,0,1,0,0,0,0,0,1
2515,1,1,0.0,0,0,2,0,0,0,1,0,3
2516,3,3,0.9428090415820634,2,0,13,20,4,0,0,0,36
2517,2,2,1.0,0,0,1,0,0,0,0,0,1
2518,2,2,1.0,0,0,1,0,0,0,0,0,1
2519,2,2,1.0,0,0,1,0,0,0,0,0,1
2520,2,2,1.0,0,0,1,0,0,0,0,0,1
2521,1,1,0.0,0,0,1,0,0,0,0,0,1
2522,3,3,0.4714045207910317,0,0,3,1,0,0,0,0,4
2523,2,2,0.0,0,0,1,0,0,0,0,0,1
2524,1,1,0.0,0,0,1,0,0,0,0,0,1
2525,1,1,0.0,0,0,1,0,0,0,0,0,1
2526,1,1,0.0,0,0,4,4,1,0,0,0,9
2527,1,1,0.0,0,0,1,0,0,0,0,0,1
2528,1,1,0.0,0,0,1,0,0,0,0,0,1
2529,3,3,0.4714045207910317,2,0,10,4,1,4,4,4,27
2530,2,2,1.0,0,0,1,0,0,0,0,0,1
2531,2,2,1.0,0,0,1,0,0,0,0,0,1
2532,17,17,1.1314931800983143,10,2,60,149,82,28,0,0,311
2533,3,3,2.0548046676563256,1,0,4,1,1,0,0,0,6
2534,4,4,1.479019945774904,1,1,16,10,10,0,0,0,36
2535,2,2,0.0,1,0,10,21,6,1,0,0,38
2536,3,3,2.3570226039551585,2,0,8,2,0,2,4,4,20
2537,1,1,0.0,0,0,1,0,0,0,0,0,1
2538,1,1,0.0,0,0,1,0,0,0,0,0,1
2539,1,1,0.0,0,0,2,1,0,0,0,0,3
2540,1,1,0.0,0,0,4,4,1,0,0,0,9
2541,1,1,0.0,0,0,1,0,0,0,0,0,1
2542,2,2,0.5,0,0,4,1,0,0,1,0,6
2543,2,2,0.0,0,0,3,0,0,0,0,0,3
2544,1,1,0.0,0,0,1,0,0,0,0,0,1
2545,2,2,1.0,0,0,1,0,0,0,0,0,1
2546,2,2,1.0,0,0,1,0,0,0,0,0,1
2547,2,2,1.0,0,0,1,0,0,0,0,0,1
2548,4,4,1.6393596310755,0,1,5,3,0,1,0,0,9
2549,2,2,1.0,0,0,1,0,0,0,0,0,1
2550,1,1,0.0,0,0,1,0,0,0,0,0,1
2551,2,2,0.0,0,0,1,0,0,0,0,0,1
2552,2,2,2.0,0,0,3,3,0,0,0,0,6
2553,2,2,1.0,0,0,1,0,0,0,0,0,1
2554,2,2,2.0,0,0,3,3,0,0,0,0,6
2555,1,1,0.0,0,0,1,0,0,0,0,0,1
2556,1,1,0.0,0,0,1,0,0,0,0,0,1
2557,1,1,0.0,0,0,2,0,0,0,0,0,2
2558,2,2,0.0,0,0,1,0,0,0,0,0,1
2559,2,2,1.0,0,0,3,0,0,1,0,0,4
2560,6,6,1.3437096247164249,0,3,5,3,0,0,0,0,8
2561,1,1,0.0,0,0,1,0,0,0,0,0,1
2562,2,2,0.0,0,0,1,0,0,0,0,0,1
2563,1,1,0.0,0,0,1,0,0,0,0,0,1
2564,1,1,0.0,0,0,1,0,0,0,0,0,1
2565,4,4,1.7853571071357126,2,1,12,14,3,1,0,0,30
2566,2,2,1.0,0,0,5,1,0,0,0,0,6
2567,5,5,1.6733200530681511,2,0,12,9,6,3,0,0,30
2568,1,1,0.0,0,0,1,0,0,0,0,0,1
2569,2,2,1.5,1,0,2,0,0,0,0,0,2
2570,2,2,1.0,0,0,5,4,1,0,0,0,10
2571,1,1,0.0,0,0,1,0,0,0,0,0,1
2572,1,1,0.0,0,0,1,0,0,0,0,0,1
2573,3,3,1.247219128924647,0,1,5,4,1,1,0,0,11
2574,3,3,0.9428090415820634,0,0,2,0,0,0,0,0,2
2575,2,2,0.5,0,0,2,1,0,0,0,0,3
2576,2,2,1.0,0,0,1,0,0,0,0,0,1
2577,2,2,0.5,0,0,2,1,0,0,0,0,3
2578,2,2,0.0,0,0,3,1,0,0,0,0,4
2579,3,3,0.4714045207910317,2,0,21,37,12,4,10,0,83
2580,2,2,2.0,0,0,3,0,0,0,0,0,3
2581,1,1,0.0,0,0,3,0,0,0,0,0,3
2582,2,2,0.5,0,0,2,1,0,0,0,0,3
2583,1,1,0.0,0,0,1,0,0,0,0,0,1
2584,5,5,1.469693845669907,1,0,19,30,9,1,0,0,59
2585,2,2,1.0,0,0,1,0,0,0,0,0,1
2586,10,10,1.91049731745428,3,2,19,14,9,6,0,0,48
2587,2,2,1.0,0,0,1,0,0,0,0,0,1
2588,3,3,0.816496580927726,0,0,5,1,0,0,0,0,6
2589,2,2,0.5,0,0,3,0,1,0,0,0,4
2590,2,2,1.0,0,0,1,0,0,0,0,0,1
2591,2,2,0.0,0,0,1,0,0,0,0,0,1
2592,5,5,1.3564659966250536,0,0,9,8,1,1,0,0,19
2593,2,2,1.0,0,0,1,0,0,0,0,0,1
2594,1,1,0.0,0,0,2,1,0,0,0,0,3
2595,2,2,1.0,0,0,1,0,0,0,0,0,1
2596,2,2,1.0,0,0,1,0,0,0,0,0,1
2597,1,1,0.0,0,0,1,0,0,0,0,0,1
2598,2,2,0.0,0,0,1,0,0,0,0,0,1
2599,4,4,1.479019945774904,1,0,9,1,1,0,0,0,11
2600,1,1,0.0,0,0,1,0,0,0,0,0,1
2601,1,1,0.0,0,0,2,1,0,0,0,0,3
2602,1,1,0.0,0,0,1,0,0,0,0,0,1
2603,1,1,0.0,0,0,4,3,1,0,0,0,8
2604,1,1,0.0,0,0,1,0,0,0,0,0,1
2605,3,3,1.4142135623730951,0,0,9,5,0,0,0,0,14
2606,2,2,0.5,0,0,6,3,0,0,0,0,9
2607,4,4,0.8660254037844386,3,0,9,8,0,0,0,0,17
2608,1,1,0.0,0,0,1,0,0,0,0,0,1
2609,1,1,0.0,0,0,1,0,0,0,0,0,1
2610,1,1,0.0,0,0,3,3,0,0,0,0,6
2611,1,1,0.0,0,0,2,1,0,0,0,0,3
2612,1,1,0.0,0,0,3,3,0,0,0,0,6
2613,1,1,0.0,0,0,3,3,0,0,0,0,6
2614,1,1,0.0,0,0,1,0,0,0,0,0,1
2615,1,1,0.0,0,0,2,1,0,0,0,0,3
2616,1,1,0.0,0,0,1,0,0,0,0,0,1
2617,2,2,1.0,0,0,1,0,0,0,0,0,1
2618,2,2,1.0,0,0,1,0,0,0,0,0,1
2619,2,2,1.0,0,0,1,0,0,0,0,0,1
2620,2,2,1.0,0,0,1,0,0,0,0,0,1
2621,2,2,1.0,0,0,1,0,0,0,0,0,1
2622,2,2,0.0,0,0,1,0,0,0,0,0,1
2623,3,3,0.9428090415820634,0,0,2,1,0,0,0,0,3
2624,3,3,0.9428090415820634,0,0,2,1,0,0,0,0,3
2625,1,1,0.0,0,0,1,0,0,0,0,0,1
2626,1,1,0.0,0,0,1,0,0,0,0,0,1
2627,1,1,0.0,0,0,4,2,1,0,0,0,7
2628,1,1,0.0,0,0,1,0,0,0,0,0,1
2629,3,3,0.4714045207910317,0,0,6,0,1,1,0,0,8
2630,1,1,0.0,0,0,2,1,0,0,0,0,3
2631,1,1,0.0,0,0,2,1,0,0,0,0,3
2632,2,2,0.0,0,0,1,0,0,0,0,0,1
2633,3,3,1.699673171197595,1,0,5,0,0,0,0,0,5
2634,1,1,0.0,0,0,1,0,0,0,0,0,1
2635,3,3,0.9428090415820634,0,0,2,1,0,0,0,0,3
2636,3,3,0.9428090415820634,0,0,2,1,0,0,0,0,3
2637,1,1,0.0,0,0,1,0,0,0,0,0,1
2638,1,1,0.0,0,0,1,0,0,0,0,0,1
2639,1,1,0.0,0,0,1,0,0,0,0,0,1
2640,2,2,0.0,0,0,1,0,0,0,0,0,1
2641,1,1,0.0,0,0,1,0,0,0,0,0,1
2642,3,3,1.632993161855452,1,0,7,4,7,3,2,0,23
2643,3,3,2.160246899469287,1,0,7,1,2,1,2,0,13
2644,13,13,0.8355984993230935,10,0,49,92,14,11,21,106,293
2645,1,1,0.0,0,0,4,1,1,1,0,0,6
2646,1,1,0.0,0,0,1,0,0,0,0,0,1
2647,2,2,0.5,0,1,1,0,0,0,0,0,1
2648,1,1,0.0,0,0,1,0,0,0,0,0,1
2649,2,2,0.5,1,0,7,6,2,0,0,0,15
2650,3,3,1.247219128924647,0,0,3,0,1,0,0,0,4
2651,3,3,0.4714045207910317,0,1,2,1,0,0,0,0,3
2652,1,1,0.0,0,0,1,0,0,0,0,0,1
2653,2,2,1.5,0,0,1,0,0,0,0,0,1
2654,2,2,1.0,0,0,1,0,0,0,0,0,1
2655,5,5,0.4898979485566356,0,0,7,4,1,1,0,0,12
2656,1,1,0.0,0,0,3,1,0,0,0,0,4
2657,1,1,0.0,0,0,1,0,0,0,0,0,1
2658,6,6,1.674979270186815,1,0,14,21,10,6,0,0,51
2659,3,3,1.247219128924647,0,0,3,0,0,1,0,0,4
2660,3,3,0.816496580927726,0,0,5,2,0,1,0,0,7
2661,1,1,0.0,0,0,1,0,0,0,0,0,1
2662,2,2,0.5,0,0,3,1,0,0,0,0,4
2663,1,1,0.0,0,0,1,0,0,0,0,0,1
2664,2,2,0.0,0,0,1,0,0,0,0,0,1
2665,2,2,1.0,0,0,1,0,0,0,0,0,1
2666,2,2,0.0,0,0,1,0,0,0,0,0,1
2667,2,2,0.0,0,0,1,0,0,0,0,0,1
2668,2,2,0.0,0,0,1,0,0,0,0,0,1
2669,2,2,1.0,0,0,1,0,0,0,0,0,1
2670,2,2,0.0,0,0,1,0,0,0,0,0,1
2671,2,2,0.0,0,0,1,0,0,0,0,0,1
2672,3,3,0.4714045207910317,0,0,2,0,0,0,0,0,2
2673,2,2,0.0,0,0,4,0,0,1,0,0,5
2674,2,2,1.0,0,0,1,0,0,0,0,0,1
2675,2,2,1.0,0,0,1,0,0,0,0,0,1
2676,2,2,1.0,0,0,1,0,0,0,0,0,1
2677,2,2,1.0,0,0,1,0,0,0,0,0,1
2678,2,2,1.0,0,0,1,0,0,0,0,0,1
2679,2,2,1.0,0,0,1,0,0,0,0,0,1
2680,2,2,1.0,0,0,1,0,0,0,0,0,1
2681,2,2,0.5,0,0,2,1,0,0,0,0,3
2682,2,2,1.0,0,0,1,0,0,0,0,0,1
2683,1,1,0.0,0,0,1,0,0,0,0,0,1
2684,2,2,1.0,0,0,1,0,0,0,0,0,1
2685,2,2,1.0,0,0,1,0,0,0,0,0,1
2686,1,1,0.0,0,0,1,0,0,0,0,0,1
2687,1,1,0.0,0,0,1,0,0,0,0,0,1
2688,1,1,0.0,0,0,1,0,0,0,0,0,1
2689,1,1,0.0,0,0,1,0,0,0,0,0,1
2690,2,2,1.0,0,0,1,0,0,0,0,0,1
2691,2,2,1.0,0,0,1,0,0,0,0,0,1
2692,2,2,1.0,0,0,1,0,0,0,0,0,1
2693,2,2,1.0,0,0,1,0,0,0,0,0,1
2694,2,2,1.0,0,0,1,0,0,0,0,0,1
2695,2,2,1.0,0,0,1,0,0,0,0,0,1
2696,2,2,0.5,0,0,2,0,0,0,0,0,2
2697,1,1,0.0,0,0,1,0,0,0,0,0,1
2698,2,2,0.0,0,0,1,0,0,0,0,0,1
2699,2,2,0.0,0,0,1,0,0,0,0,0,1
2700,2,2,0.5,0,1,1,0,0,0,0,0,1
2701,2,2,1.0,0,0,1,0,0,0,0,0,1
2702,8,8,0.5,0,0,13,0,0,0,0,0,13
2703,2,2,1.5,1,0,4,1,0,0,0,0,5
2704,2,2,1.0,0,0,1,0,0,0,0,0,1
2705,8,8,0.33071891388307384,0,0,14,0,0,0,0,0,14
2706,1,1,0.0,0,0,1,0,0,0,0,0,1
2707,1,1,0.0,0,0,1,0,0,0,0,0,1
2708,2,2,1.0,0,0,1,0,0,0,0,0,1
2709,1,1,0.0,0,0,1,0,0,0,0,0,1
2710,1,1,0.0,0,0,1,0,0,0,0,0,1
2711,2,2,1.0,0,0,1,0,0,0,0,0,1
2712,3,3,0.816496580927726,0,1,2,1,0,0,0,0,3
2713,3,3,0.9428090415820634,0,0,2,1,0,0,0,0,3
2714,2,2,1.0,0,0,1,0,0,0,0,0,1
2715,2,2,1.0,0,0,1,0,0,0,0,0,1
2716,2,2,1.0,0,0,1,0,0,0,0,0,1
2717,3,3,0.9428090415820634,0,0,2,1,0,0,0,0,3
2718,6,6,0.5773502691896257,0,0,9,0,0,0,0,0,9
2719,6,6,0.37267799624996495,0,0,10,0,0,0,0,0,10
2720,2,2,0.5,0,1,1,0,0,0,0,0,1
2721,2,2,0.5,0,0,2,0,0,0,0,0,2
2722,2,2,0.0,0,0,3,1,0,0,0,0,4
2723,2,2,1.0,0,0,1,0,0,0,0,0,1
2724,5,5,0.4,0,0,8,0,0,0,0,0,8
2725,2,2,1.0,0,0,1,0,0,0,0,0,1
2726,2,2,1.0,0,0,1,0,0,0,0,0,1
2727,2,2,1.0,0,0,1,0,0,0,0,0,1
2728,7,7,0.5345224838248488,0,0,11,0,0,0,0,0,11
2729,2,2,1.0,0,0,1,0,0,0,0,0,1
2730,2,2,1.0,0,0,1,0,0,0,0,0,1
2731,2,2,1.0,0,0,1,0,0,0,0,0,1
2732,2,2,1.0,0,0,1,0,0,0,0,0,1
2733,2,2,1.0,0,0,1,0,0,0,0,0,1
2734,7,7,0.3499271061118826,0,0,12,0,0,0,0,0,12
2735,8,8,0.5,0,0,13,0,0,0,0,0,13
2736,1,1,0.0,0,0,1,0,0,0,0,0,1
2737,1,1,0.0,0,0,1,0,0,0,0,0,1
2738,6,6,1.707825127659933,1,2,8,5,1,0,0,0,14
2739,3,3,0.9428090415820634,0,0,5,3,1,1,0,0,10
2740,2,2,0.0,0,1,2,0,1,0,0,0,3
2741,2,2,1.0,0,0,1,0,0,0,0,0,1
2742,3,3,1.247219128924647,0,0,3,3,0,0,0,0,6
2743,2,2,1.0,0,0,1,0,0,0,0,0,1
2744,7,7,0.3499271061118826,0,0,12,0,0,0,0,0,12
2745,2,2,1.0,0,0,1,0,0,0,0,0,1
2746,2,2,0.5,0,1,1,0,0,0,0,0,1
2747,7,7,0.5345224838248488,0,0,11,0,0,0,0,0,11
2748,2,2,1.0,0,0,1,0,0,0,0,0,1
2749,2,2,1.0,0,0,1,0,0,0,0,0,1
2750,2,2,1.0,0,0,1,0,0,0,0,0,1
2751,2,2,1.0,0,0,1,0,0,0,0,0,1
2752,2,2,0.5,0,0,2,0,0,0,0,0,2
2753,2,2,1.0,0,0,1,0,0,0,0,0,1
2754,2,2,1.0,0,0,1,0,0,0,0,0,1
2755,2,2,1.0,0,0,1,0,0,0,0,0,1
2756,2,2,0.5,0,0,2,0,0,0,0,0,2
2757,2,2,1.0,0,0,1,0,0,0,0,0,1
2758,2,2,0.5,0,0,2,0,0,0,0,0,2
2759,2,2,0.5,0,0,2,0,0,0,0,0,2
2760,2,2,0.5,0,0,2,0,0,0,0,0,2
2761,2,2,0.5,0,0,2,0,0,0,0,0,2
2762,2,2,0.5,0,0,2,0,0,0,0,0,2
2763,2,2,0.5,0,0,2,0,0,0,0,0,2
2764,2,2,1.0,0,0,1,0,0,0,0,0,1
2765,2,2,1.0,0,0,1,0,0,0,0,0,1
2766,2,2,1.0,0,0,1,0,0,0,0,0,1
2767,2,2,1.0,0,0,1,0,0,0,0,0,1
2768,2,2,0.5,0,0,2,1,0,0,0,0,3
2769,2,2,1.0,0,0,3,1,1,0,0,0,5
2770,2,2,1.0,0,0,3,1,0,0,0,0,4
2771,3,3,0.4714045207910317,0,0,3,0,0,3,0,0,6
2772,2,2,0.5,0,0,2,0,0,0,0,0,2
2773,2,2,0.5,0,0,2,0,0,0,0,0,2
2774,2,2,0.5,0,0,2,0,0,0,0,0,2
2775,2,2,0.5,0,0,2,0,0,0,0,0,2
2776,2,2,1.0,0,0,3,1,1,1,0,0,6
2777,2,2,1.0,0,0,3,1,1,0,0,0,5
2778,2,2,0.5,0,0,2,0,0,0,0,0,2
2779,2,2,1.0,0,0,1,0,0,0,0,0,1
2780,2,2,0.5,0,0,2,1,0,0,0,0,3
2781,2,2,0.5,0,0,2,1,0,0,0,0,3
2782,2,2,0.5,0,0,2,1,0,0,0,0,3
2783,2,2,0.5,0,0,2,1,0,0,0,0,3
2784,2,2,0.5,0,0,2,1,0,0,0,0,3
2785,2,2,0.5,0,0,2,1,0,0,0,0,3
2786,2,2,1.0,0,0,1,0,0,0,0,0,1
2787,2,2,0.5,0,0,2,0,0,0,0,0,2
2788,2,2,1.0,0,0,1,0,0,0,0,0,1
2789,2,2,0.5,0,0,2,0,0,0,0,0,2
2790,2,2,1.0,0,0,1,0,0,0,0,0,1
2791,2,2,1.0,0,0,1,0,0,0,0,0,1
2792,2,2,1.0,0,0,1,0,0,0,0,0,1
2793,2,2,0.5,0,0,2,0,0,0,0,0,2
2794,2,2,1.0,0,0,1,0,0,0,0,0,1
2795,2,2,1.0,0,0,1,0,0,0,0,0,1
2796,2,2,1.0,0,0,1,0,0,0,0,0,1
2797,2,2,1.0,0,0,1,0,0,0,0,0,1
2798,2,2,1.0,0,0,1,0,0,0,0,0,1
2799,2,2,0.5,0,0,2,0,0,0,0,0,2
2800,2,2,0.5,0,0,2,0,0,0,0,0,2
2801,2,2,0.5,0,0,2,0,0,0,0,0,2
2802,2,2,1.0,0,0,1,0,0,0,0,0,1
2803,2,2,1.0,0,0,1,0,0,0,0,0,1
2804,2,2,1.0,0,0,1,0,0,0,0,0,1
2805,2,2,0.5,0,0,2,0,0,1,0,0,3
2806,2,2,0.5,0,0,2,0,0,1,0,0,3
2807,3,3,2.160246899469287,1,0,5,2,1,0,0,0,8
2808,1,1,0.0,0,0,1,0,0,0,0,0,1
2809,1,1,0.0,0,0,1,0,0,0,0,0,1
2810,1,1,0.0,0,0,1,0,0,0,0,0,1
2811,2,2,0.5,0,0,2,0,0,0,0,0,2
2812,2,2,1.0,0,0,1,0,0,0,0,0,1
2813,2,2,0.0,0,0,1,0,0,0,0,0,1
2814,2,2,0.0,0,0,1,0,0,0,0,0,1
2815,2,2,1.0,0,0,1,0,0,0,0,0,1
2816,2,2,0.5,0,0,2,0,0,0,0,0,2
2817,3,3,0.4714045207910317,0,0,3,0,0,1,0,0,4
2818,2,2,1.0,0,0,3,1,0,0,0,0,4
2819,2,2,0.5,0,0,2,0,0,0,0,0,2
2820,3,3,0.9428090415820634,0,0,4,0,1,1,0,0,6
2821,2,2,0.5,0,0,2,0,0,0,0,0,2
2822,2,2,0.5,0,0,2,0,0,0,0,0,2
2823,2,2,0.5,0,0,2,0,0,0,0,0,2
2824,2,2,0.5,0,0,2,0,0,0,0,0,2
2825,2,2,0.5,0,0,2,0,0,0,0,0,2
2826,2,2,0.5,0,0,2,0,0,0,0,0,2
2827,2,2,1.0,0,0,1,0,0,0,0,0,1
2828,2,2,1.0,0,0,1,0,0,0,0,0,1
2829,2,2,0.0,0,0,3,0,0,0,0,0,3
2830,2,2,1.0,0,0,1,0,0,0,0,0,1
2831,3,3,1.699673171197595,1,0,6,6,3,1,0,0,16
2832,3,3,2.160246899469287,1,0,5,2,1,0,0,0,8
2833,2,2,1.0,0,0,1,0,0,0,0,0,1
2834,2,2,0.0,0,0,1,0,0,0,0,0,1
2835,1,1,0.0,0,0,1,0,0,0,0,0,1
2836,2,2,0.5,0,0,2,1,0,0,0,0,3
2837,2,2,1.0,0,0,1,0,0,0,0,0,1
2838,2,2,1.0,0,0,1,0,0,0,0,0,1
2839,3,3,1.8856180831641267,2,0,7,4,1,0,0,0,12
2840,3,3,0.816496580927726,1,0,8,10,5,1,0,0,24
2841,2,2,1.0,0,0,1,0,0,0,0,0,1
2842,4,4,1.5,1,0,9,9,2,1,0,0,21
2843,2,2,0.5,0,0,2,0,0,0,0,0,2
2844,2,2,0.5,0,0,2,0,0,0,0,0,2
2845,2,2,0.5,0,0,2,0,0,0,0,0,2
2846,2,2,1.0,0,0,3,1,1,1,0,0,6
2847,2,2,0.5,0,0,2,0,0,0,0,0,2
2848,2,2,0.5,0,0,2,0,0,0,0,0,2
2849,2,2,0.5,0,0,2,0,0,0,0,0,2
2850,2,2,1.0,0,0,3,1,0,0,0,0,4
2851,5,5,1.624807680927192,1,0,7,8,2,1,0,0,18
2852,2,2,1.0,0,0,1,0,0,0,0,0,1
2853,2,2,0.0,0,0,1,0,0,0,0,0,1
2854,1,1,0.0,0,0,2,0,0,0,0,0,2
2855,2,2,0.0,0,0,1,0,0,0,0,0,1
2856,2,2,1.0,0,0,1,0,0,0,0,0,1
2857,2,2,1.0,0,0,1,0,0,0,0,0,1
2858,2,2,1.0,0,0,1,0,0,0,0,0,1
2859,2,2,1.0,0,0,1,0,0,0,0,0,1
2860,2,2,1.0,0,0,1,0,0,0,0,0,1
2861,2,2,0.5,0,0,2,0,0,0,0,0,2
2862,2,2,1.0,0,0,1,0,0,0,0,0,1
2863,2,2,1.0,0,0,1,0,0,0,0,0,1
2864,2,2,0.5,0,0,2,0,0,0,0,0,2
2865,2,2,1.0,0,0,1,0,0,0,0,0,1
2866,2,2,0.5,0,0,2,0,0,0,0,0,2
2867,2,2,1.0,0,0,1,0,0,0,0,0,1
2868,2,2,0.5,0,0,2,0,0,0,0,0,2
2869,2,2,1.0,0,0,1,0,0,0,0,0,1
2870,3,3,0.4714045207910317,0,0,4,0,0,0,0,0,4
2871,2,2,1.0,0,0,1,0,0,0,0,0,1
2872,2,2,0.5,0,0,2,0,0,0,0,0,2
2873,2,2,1.0,0,0,1,0,0,0,0,0,1
2874,2,2,0.5,0,0,2,0,0,0,0,0,2
2875,2,2,1.0,0,0,1,0,0,0,0,0,1
2876,2,2,1.0,0,0,1,0,0,0,0,0,1
2877,2,2,0.5,0,0,2,0,0,1,0,0,3
2878,2,2,1.0,0,0,1,0,0,0,0,0,1
2879,2,2,0.0,0,0,1,0,0,0,0,0,1
2880,2,2,0.5,0,0,2,0,0,0,0,0,2
2881,2,2,0.5,0,0,2,0,0,1,0,0,3
2882,3,3,2.160246899469287,1,0,5,2,1,0,0,0,8
2883,3,3,2.160246899469287,1,0,5,2,1,0,0,0,8
2884,1,1,0.0,0,0,1,0,0,0,0,0,1
2885,1,1,0.0,0,0,1,0,0,0,0,0,1
2886,1,1,0.0,0,0,1,0,0,0,0,0,1
2887,2,2,0.5,0,0,2,0,0,1,0,0,3
2888,2,2,0.5,0,0,2,0,0,1,0,0,3
2889,2,2,0.5,0,0,2,0,0,0,0,0,2
2890,2,2,1.0,0,0,1,0,0,0,0,0,1
2891,2,2,0.5,0,0,2,0,0,0,0,0,2
2892,2,2,1.0,0,0,1,0,0,0,0,0,1
2893,3,3,0.816496580927726,0,0,3,0,0,0,0,0,3
2894,2,2,1.0,0,0,1,0,0,0,0,0,1
2895,2,2,1.0,0,0,1,0,0,0,0,0,1
2896,2,2,0.5,0,0,2,0,0,0,0,0,2
2897,2,2,0.5,0,0,2,0,0,0,0,0,2
2898,2,2,0.5,0,0,2,0,0,0,0,0,2
2899,2,2,0.5,0,0,2,0,0,0,0,0,2
2900,2,2,1.0,0,0,1,0,0,0,0,0,1
2901,2,2,0.5,0,0,2,0,0,0,0,0,2
2902,2,2,1.0,0,0,1,0,0,0,0,0,1
2903,2,2,1.0,0,0,1,0,0,0,0,0,1
2904,2,2,1.0,0,0,1,0,0,0,0,0,1
2905,2,2,0.5,0,0,2,0,0,0,0,0,2
2906,3,3,2.160246899469287,1,0,5,2,1,0,0,0,8
2907,2,2,1.0,0,0,1,0,0,0,0,0,1
2908,2,2,0.5,0,0,2,0,0,0,0,0,2
2909,2,2,0.5,0,0,2,0,0,0,0,0,2
2910,2,2,0.5,0,0,2,0,0,0,0,0,2
2911,2,2,1.0,0,0,1,0,0,0,0,0,1
2912,2,2,1.0,0,0,1,0,0,0,0,0,1
2913,2,2,1.0,0,0,1,0,0,0,0,0,1
2914,2,2,1.0,0,0,1,0,0,0,0,0,1
2915,2,2,1.0,0,0,1,0,0,0,0,0,1
2916,2,2,1.0,0,0,1,0,0,0,0,0,1
2917,2,2,1.0,0,0,1,0,0,0,0,0,1
2918,2,2,1.0,0,0,1,0,0,0,0,0,1
2919,2,2,1.0,0,0,1,0,0,0,0,0,1
2920,2,2,1.0,0,0,1,0,0,0,0,0,1
2921,2,2,1.0,0,0,1,0,0,0,0,0,1
2922,2,2,0.5,0,0,2,0,0,0,0,0,2
2923,2,2,0.5,0,0,2,0,0,0,0,0,2
2924,2,2,0.5,0,0,2,0,0,0,0,0,2
2925,2,2,1.0,0,0,1,0,0,0,0,0,1
2926,2,2,0.5,0,0,2,0,0,0,0,0,2
2927,2,2,0.5,0,0,2,0,0,0,0,0,2
2928,2,2,0.5,0,0,2,0,0,0,0,0,2
2929,2,2,1.0,0,0,1,0,0,0,0,0,1
2930,2,2,1.0,0,0,1,0,0,0,0,0,1
2931,2,2,0.5,0,0,2,0,0,0,0,0,2
2932,2,2,1.0,0,0,1,0,0,0,0,0,1
2933,2,2,1.0,0,0,1,0,0,0,0,0,1
2934,2,2,1.0,0,0,1,0,0,0,0,0,1
2935,3,3,1.699673171197595,1,0,6,6,3,1,0,0,16
2936,3,3,1.699673171197595,1,0,6,6,3,1,0,0,16
2937,2,2,0.5,0,0,2,1,0,0,0,0,3
2938,2,2,1.0,0,0,1,0,0,0,0,0,1
2939,2,2,0.5,0,0,2,1,0,0,0,0,3
2940,1,1,0.0,0,0,1,0,0,0,0,0,1
2941,2,2,1.0,0,0,1,0,0,0,0,0,1
2942,3,3,0.816496580927726,0,0,3,0,0,0,0,0,3
2943,2,2,1.0,0,0,1,0,0,0,0,0,1
2944,2,2,0.5,0,0,2,0,0,0,0,0,2
2945,2,2,0.5,0,0,2,0,0,0,0,0,2
2946,2,2,0.5,0,0,2,0,0,0,0,0,2
2947,2,2,0.5,0,0,2,0,0,0,0,0,2
2948,2,2,1.0,0,0,1,0,0,0,0,0,1
2949,2,2,0.5,0,0,2,0,0,0,0,0,2
2950,2,2,1.0,0,0,1,0,0,0,0,0,1
2951,2,2,1.0,0,0,1,0,0,0,0,0,1
2952,2,2,1.0,0,0,1,0,0,0,0,0,1
2953,3,3,2.160246899469287,1,0,5,2,1,0,0,0,8
2954,1,1,0.0,0,0,1,0,0,0,0,0,1
2955,2,2,1.0,0,0,1,0,0,0,0,0,1
2956,2,2,0.5,0,0,2,0,0,0,0,0,2
2957,2,2,0.5,0,0,2,0,0,0,0,0,2
2958,2,2,1.0,0,0,1,0,0,0,0,0,1
2959,2,2,1.0,0,0,1,0,0,0,0,0,1
2960,2,2,1.0,0,0,1,0,0,0,0,0,1
2961,2,2,1.0,0,0,1,0,0,0,0,0,1
2962,2,2,1.0,0,0,1,0,0,0,0,0,1
2963,2,2,0.5,0,0,2,0,0,0,0,0,2
2964,2,2,0.5,0,0,2,0,0,0,0,0,2
2965,2,2,0.5,0,0,2,0,0,0,0,0,2
2966,2,2,0.5,0,0,2,0,0,0,0,0,2
2967,2,2,0.5,0,0,2,0,0,0,0,0,2
2968,2,2,0.5,0,0,2,0,0,0,0,0,2
2969,2,2,1.0,0,0,1,0,0,0,0,0,1
2970,2,2,1.0,0,0,1,0,0,0,0,0,1
2971,3,3,1.699673171197595,1,0,6,6,3,1,0,0,16
2972,2,2,0.5,0,0,2,1,0,0,0,0,3
2973,2,2,0.5,0,0,2,1,0,0,0,0,3
2974,2,2,0.5,0,0,2,1,0,0,0,0,3
2975,2,2,0.5,0,0,2,1,0,0,0,0,3
2976,2,2,1.0,0,0,1,0,0,0,0,0,1
2977,2,2,1.0,0,0,1,0,0,0,0,0,1
2978,2,2,1.0,0,0,1,0,0,0,0,0,1
2979,2,2,1.0,0,0,1,0,0,0,0,0,1
2980,2,2,0.5,0,0,2,0,0,0,0,0,2
2981,1,1,0.0,0,0,1,0,0,0,0,0,1
2982,2,2,1.0,0,0,1,0,0,0,0,0,1
2983,1,1,0.0,0,0,1,0,0,0,0,0,1
2984,1,1,0.0,0,0,1,0,0,0,0,0,1
2985,2,2,0.0,0,0,1,0,0,0,0,0,1
2986,2,2,1.0,0,0,1,0,0,0,0,0,1
2987,2,2,0.0,0,0,1,0,0,0,0,0,1
2988,1,1,0.0,0,0,1,0,0,0,0,0,1
2989,2,2,0.5,0,0,2,1,0,0,0,0,3
2990,1,1,0.0,0,0,1,0,0,0,0,0,1
2991,7,7,1.7261494247992246,5,0,17,20,3,2,0,0,42
2992,2,2,1.5,1,0,5,1,0,1,0,0,7
2993,2,2,1.0,0,0,1,0,0,0,0,0,1
2994,1,1,0.0,0,0,3,3,0,0,0,0,6
2995,2,2,1.0,0,0,1,0,0,0,0,0,1
2996,4,4,1.118033988749895,1,0,11,13,7,2,0,3,36
2997,2,2,1.0,0,0,1,0,0,0,0,0,1
2998,2,2,1.0,0,0,1,0,0,0,0,0,1
2999,2,2,1.0,0,0,1,0,0,0,0,0,1
3000,1,1,0.0,0,0,1,0,0,0,0,0,1
3001,2,2,0.5,0,0,2,1,0,0,0,0,3
3002,2,2,1.0,0,0,1,0,0,0,0,0,1
3003,2,2,1.5,1,0,6,7,0,0,0,0,13
3004,2,2,1.0,0,0,1,0,0,0,0,0,1
3005,2,2,0.5,0,0,2,0,0,0,0,0,2
3006,2,2,1.0,0,0,1,0,0,0,0,0,1
3007,1,1,0.0,0,0,1,0,0,0,0,0,1
3008,1,1,0.0,0,0,1,0,0,0,0,0,1
3009,3,3,0.9428090415820634,0,0,9,3,1,0,0,0,13
3010,2,2,1.0,0,0,1,0,0,0,0,0,1
3011,4,4,1.224744871391589,0,0,5,3,2,1,0,0,11
3012,2,2,1.0,0,0,6,0,1,1,0,1,8
3013,1,1,0.0,0,0,6,1,0,1,1,0,9
3014,3,3,0.9428090415820634,0,0,6,0,0,0,0,0,6
3015,1,1,0.0,0,0,3,0,0,0,0,0,3
3016,5,5,1.1661903789690602,3,0,17,18,14,4,2,3,58
3017,2,2,1.0,0,0,1,0,0,0,0,0,1
3018,2,2,0.5,0,1,1,0,0,0,0,0,1
3019,1,1,0.0,0,0,1,0,0,0,0,0,1
3020,3,3,0.9428090415820634,0,0,3,0,0,0,0,0,3
3021,1,1,0.0,0,0,1,0,0,0,0,0,1
3022,4,4,1.224744871391589,0,0,5,3,2,1,0,0,11
3023,2,2,1.0,0,0,4,0,0,0,0,1,4
3024,1,1,0.0,0,0,6,1,0,1,1,0,9
3025,1,1,0.0,0,0,2,0,0,0,0,0,2
3026,7,7,1.5907898179514348,3,0,15,27,18,7,0,0,67
3027,3,3,0.9428090415820634,0,0,2,0,0,0,0,0,2
3028,2,2,1.0,0,0,1,0,0,0,0,0,1
3029,3,3,0.816496580927726,0,0,3,0,0,0,0,0,3
3030,2,2,1.0,0,0,1,0,0,0,0,0,1
3031,2,2,1.0,0,0,1,0,0,0,0,0,1
3032,2,2,1.0,0,0,1,0,0,0,0,0,1
3033,2,2,1.0,0,0,4,0,0,0,0,1,4
3034,1,1,0.0,0,0,2,0,0,0,0,0,2
3035,1,1,0.0,0,0,2,0,0,0,0,0,2
3036,2,2,1.0,0,0,4,0,0,0,0,1,4
3037,1,1,0.0,0,0,1,0,0,0,0,0,1
3038,2,2,0.5,0,0,4,2,1,0,0,0,7
3039,4,4,0.5,0,0,6,4,0,0,0,0,10
3040,2,2,1.0,0,0,1,0,0,0,0,0,1
3041,4,4,1.920286436967152,1,0,10,4,0,0,0,0,14
3042,1,1,0.0,0,0,2,0,0,0,0,0,2
3043,1,1,0.0,0,0,1,0,0,0,0,0,1
3044,3,3,0.0,0,0,2,1,0,0,0,0,3
3045,4,4,1.5811388300841898,1,0,11,8,5,2,0,0,26
3046,1,1,0.0,0,0,5,1,0,1,0,1,8
3047,1,1,0.0,0,0,2,0,0,0,0,0,2
3048,3,3,0.9428090415820634,0,0,2,0,0,0,0,0,2
3049,2,2,2.5,1,0,8,2,1,0,0,0,11
3050,2,2,1.5,1,0,4,1,0,0,1,0,6
3051,1,1,0.0,0,0,1,0,0,0,0,0,1
3052,2,2,1.5,1,0,4,1,0,0,1,0,6
3053,1,1,0.0,0,0,1,0,0,0,0,0,1
3054,3,3,0.9428090415820634,0,0,4,3,0,0,0,0,7
3055,2,2,1.5,1,0,6,7,0,0,0,0,13
3056,2,2,1.0,0,0,1,0,0,0,0,0,1
3057,1,1,0.0,0,0,2,0,0,0,0,0,2
3058,4,4,1.224744871391589,0,0,5,3,2,1,0,0,11
3059,2,2,1.0,0,0,6,0,1,1,0,1,8
3060,1,1,0.0,0,0,6,1,0,1,1,0,9
3061,3,3,0.9428090415820634,0,0,6,0,0,0,0,0,6
3062,5,5,1.1661903789690602,3,0,17,18,14,4,2,3,58
3063,2,2,1.0,0,0,1,0,0,0,0,0,1
3064,2,2,1.0,0,0,1,0,0,0,0,0,1
3065,2,2,1.0,0,0,1,0,0,0,0,0,1
3066,1,1,0.0,0,0,3,0,0,0,0,0,3
3067,2,2,0.5,0,1,1,0,0,0,0,0,1
3068,2,2,1.5,1,0,4,1,0,0,1,0,6
3069,4,4,0.8660254037844386,0,0,3,1,0,0,0,0,4
3070,1,1,0.0,0,0,3,1,0,1,0,1,6
3071,1,1,0.0,0,0,3,3,0,0,0,0,6
3072,1,1,0.0,0,0,1,0,0,0,0,0,1
3073,1,1,0.0,0,0,1,0,0,0,0,0,1
3074,2,2,0.5,0,0,2,0,0,0,0,0,2
3075,2,2,1.5,1,0,4,0,0,0,0,0,4
3076,2,2,0.0,0,0,1,0,0,0,0,0,1
3077,3,3,1.247219128924647,0,1,3,0,1,0,0,0,4
3078,2,2,2.0,1,0,5,2,1,0,0,0,8
3079,2,2,1.0,0,0,1,0,0,0,0,0,1
3080,2,2,1.0,0,0,1,0,0,0,0,0,1
3081,3,3,1.8856180831641267,2,0,11,7,3,1,1,5,27
3082,1,1,0.0,0,0,1,0,0,0,0,0,1
3083,3,3,0.816496580927726,0,1,2,0,0,0,0,0,2
3084,1,1,0.0,0,0,1,0,0,0,0,0,1
3085,3,3,0.9428090415820634,0,0,4,3,0,0,0,0,7
3086,1,1,0.0,0,0,3,3,0,0,0,0,6
3087,1,1,0.0,0,0,4,3,0,0,0,2,9
3088,2,2,1.5,0,1,1,0,0,0,0,0,1
3089,2,2,0.5,0,0,2,1,0,0,0,0,3
3090,2,2,1.0,0,0,1,0,0,0,0,0,1
3091,2,2,1.0,0,0,1,0,0,0,0,0,1
3092,3,3,0.9428090415820634,0,0,2,1,0,0,0,0,3
3093,1,1,0.0,0,0,3,3,0,0,0,0,6
3094,1,1,0.0,0,0,1,0,0,0,0,0,1
3095,1,1,0.0,0,0,1,0,0,0,0,0,1
3096,3,3,0.0,0,0,2,1,0,0,0,0,3
3097,1,1,0.0,0,0,5,1,0,1,0,1,8
3098,3,3,0.9428090415820634,0,0,3,0,0,0,0,0,3
3099,2,2,1.5,1,0,4,1,0,0,1,0,6
3100,1,1,0.0,0,0,1,0,0,0,0,0,1
3101,2,2,0.0,0,0,1,0,0,0,0,0,1
3102,3,3,0.9428090415820634,0,0,2,0,0,0,0,0,2
3103,2,2,1.0,0,0,1,0,0,0,0,0,1
3104,2,2,1.5,1,0,6,7,0,0,0,0,13
3105,2,2,1.0,0,0,1,0,0,0,0,0,1
3106,1,1,0.0,0,0,1,0,0,0,0,0,1
3107,2,2,2.5,1,0,8,2,1,0,0,0,11
3108,1,1,0.0,0,0,1,0,0,0,0,0,1
3109,1,1,0.0,0,0,1,0,0,0,0,0,1
3110,3,3,0.9428090415820634,0,0,4,3,0,0,0,0,7
3111,4,4,1.920286436967152,1,0,10,4,0,0,0,0,14
3112,2,2,0.5,0,0,2,1,0,0,0,0,3
3113,4,4,1.5811388300841898,1,0,11,8,5,2,0,0,26
3114,2,2,1.0,0,0,1,0,0,0,0,0,1
3115,3,3,0.9428090415820634,0,0,2,0,0,0,0,0,2
3116,1,1,0.0,0,0,1,0,0,0,0,0,1
3117,2,2,0.5,0,0,4,2,1,0,0,0,7
3118,2,2,1.0,0,0,1,0,0,0,0,0,1
3119,4,4,0.5,0,0,6,4,0,0,0,0,10
3120,3,3,0.9428090415820634,0,0,9,3,1,0,0,0,13
3121,2,2,1.0,0,0,1,0,0,0,0,0,1
3122,2,2,1.5,1,0,5,1,0,1,0,0,7
3123,2,2,1.0,0,0,1,0,0,0,0,0,1
3124,1,1,0.0,0,0,3,3,0,0,0,0,6
3125,2,2,1.0,0,0,4,0,0,0,0,1,4
3126,2,2,1.0,0,0,1,0,0,0,0,0,1
3127,4,4,1.118033988749895,1,0,11,13,7,2,0,3,36
3128,2,2,1.0,0,0,1,0,0,0,0,0,1
3129,2,2,1.0,0,0,1,0,0,0,0,0,1
3130,2,2,0.0,0,0,1,0,0,0,0,0,1
3131,1,1,0.0,0,0,2,0,0,0,0,0,2
3132,7,7,1.7261494247992246,5,0,17,20,3,2,0,0,42
3133,2,2,1.0,0,0,1,0,0,0,0,0,1
3134,1,1,0.0,0,0,1,0,0,0,0,0,1
