idx,stages,latency,critσ,combHits,dspHits,baseE,rawE,warE,wawE,flagWR,flagWAW,finalE
0,2,2,1.0,1,0,1,0,0,0,0,0,1
1,3,3,0.9428090415820634,2,0,3,0,0,0,0,0,3
2,2,2,0.0,1,0,1,0,0,0,0,0,1
3,2,2,1.0,1,0,1,0,0,0,0,0,1
4,1,1,0.0,0,0,1,0,0,0,0,0,1
5,1,1,0.0,0,0,1,0,0,0,0,0,1
6,3,3,0.0,2,0,6,2,1,0,0,2,11
7,2,2,0.0,1,0,1,0,0,0,0,0,1
8,2,2,1.0,1,0,1,0,0,0,0,0,1
9,2,2,1.0,1,0,1,0,0,0,0,0,1
10,1,1,0.0,0,0,1,0,0,0,0,0,1
11,5,5,0.4,3,1,5,1,0,1,0,0,7
12,2,2,1.0,1,0,1,0,0,0,0,0,1
13,2,2,0.0,1,0,1,0,0,0,0,0,1
14,2,2,1.0,1,0,1,0,0,0,0,0,1
15,1,1,0.0,0,0,1,0,0,0,0,0,1
16,2,2,1.0,1,0,2,0,0,0,0,0,1
17,1,1,0.0,0,0,1,0,0,0,0,0,1
18,2,2,1.0,1,0,1,0,0,0,0,0,1
19,2,2,1.0,1,0,1,0,0,0,0,0,1
20,2,2,0.5,1,0,2,0,0,1,0,0,3
21,1,1,0.0,0,0,1,0,0,0,0,0,1
22,2,2,1.0,1,0,1,0,0,0,0,0,1
23,2,2,1.0,1,0,1,0,0,0,0,0,1
24,3,3,0.9428090415820634,2,0,2,1,0,0,0,0,3
25,1,1,0.0,0,0,1,0,0,0,0,0,1
26,3,3,0.9428090415820634,2,0,5,1,0,1,0,0,7
27,11,11,0.899954085146515,5,0,12,20,12,6,0,0,50
28,2,2,0.5,1,0,2,0,0,0,0,0,2
29,1,1,0.0,0,0,1,0,0,0,0,0,1
30,2,2,0.0,1,0,3,1,0,1,1,0,6
31,4,4,0.4330127018922193,3,0,6,5,0,5,3,2,21
32,2,2,1.0,1,0,2,0,0,0,0,0,1
33,3,3,0.0,2,0,4,3,0,0,1,0,8
34,1,1,0.0,0,0,1,0,0,0,0,0,1
35,2,2,1.0,1,0,1,0,0,0,0,0,1
36,2,2,1.0,1,0,1,0,0,0,0,0,1
37,2,2,1.0,1,0,1,0,0,0,0,0,1
38,5,5,0.9797958971132712,3,0,4,1,1,1,0,0,7
39,2,2,1.0,1,0,1,0,0,0,0,0,1
40,2,2,1.0,1,0,1,0,0,0,0,0,1
41,2,2,1.0,1,0,1,0,0,0,0,0,1
42,1,1,0.0,0,0,2,0,0,0,0,1,3
43,2,2,0.0,1,0,1,0,0,0,0,0,1
44,4,4,0.8660254037844386,2,0,3,0,1,0,0,0,4
45,2,2,1.0,1,0,1,0,0,0,0,0,1
46,2,2,0.5,1,0,2,0,0,1,0,0,3
47,3,3,0.9428090415820634,2,0,3,0,0,0,0,0,3
48,3,3,0.9428090415820634,2,0,3,0,0,0,0,0,3
49,2,2,0.5,1,0,2,1,0,0,0,0,3
50,2,2,1.0,1,0,1,0,0,0,0,0,1
51,1,1,0.0,0,0,1,0,0,0,0,0,1
52,2,2,0.0,1,0,1,0,0,0,0,0,1
53,2,2,0.0,1,0,3,1,0,0,0,0,4
54,1,1,0.0,0,0,2,0,0,0,0,0,2
55,8,8,0.33071891388307384,6,0,23,30,10,6,0,35,104
56,2,2,1.0,1,0,1,0,0,0,0,0,1
57,2,2,1.0,1,0,1,0,0,0,0,0,1
58,1,1,0.0,0,0,1,0,0,0,0,0,1
59,6,6,0.7453559924999299,5,0,20,15,5,3,0,15,58
60,2,2,1.0,1,0,1,0,0,0,0,0,1
61,5,5,0.4,3,1,5,1,0,1,0,0,7
62,2,2,1.0,1,0,1,0,0,0,0,0,1
63,2,2,0.0,1,0,1,0,0,0,0,0,1
64,2,2,1.0,1,0,1,0,0,0,0,0,1
65,2,2,1.0,1,0,1,0,0,0,0,0,1
66,2,2,1.0,1,0,1,0,0,0,0,0,1
67,3,3,0.9428090415820634,2,0,3,0,0,0,0,0,3
68,3,3,0.9428090415820634,2,0,2,0,0,0,0,0,2
69,1,1,0.0,0,0,1,0,0,0,0,0,1
70,4,4,0.8660254037844386,3,0,3,0,0,0,0,0,3
71,5,5,0.9797958971132712,3,0,4,1,1,1,0,0,7
72,2,2,1.0,1,0,1,0,0,0,0,0,1
73,2,2,1.0,1,0,1,0,0,0,0,0,1
74,1,1,0.0,0,0,1,0,0,0,0,0,1
75,3,3,0.9428090415820634,2,0,3,0,0,0,0,0,3
76,2,2,1.0,1,0,1,0,0,0,0,0,1
77,2,2,1.0,1,0,1,0,0,0,0,0,1
78,1,1,0.0,0,0,1,0,0,0,0,0,1
79,2,2,1.0,1,0,1,0,0,0,0,0,1
80,1,1,0.0,0,0,2,0,0,0,0,1,3
81,2,2,1.0,1,0,1,0,0,0,0,0,1
82,2,2,1.0,1,0,1,0,0,0,0,0,1
83,2,2,1.0,1,0,1,0,0,0,0,0,1
84,1,1,0.0,0,0,1,0,0,0,0,0,1
85,2,2,1.0,1,0,2,0,0,0,0,0,1
86,2,2,0.0,1,0,1,0,0,0,0,0,1
87,1,1,0.0,0,0,1,0,0,0,0,0,1
88,1,1,0.0,0,0,1,0,0,0,0,0,1
89,2,2,1.0,1,0,1,0,0,0,0,0,1
90,2,2,1.0,1,0,1,0,0,0,0,0,1
91,3,3,0.9428090415820634,2,0,5,1,0,1,0,0,7
92,11,11,0.899954085146515,5,0,12,20,12,6,0,0,50
93,2,2,0.5,1,0,2,0,0,0,0,0,2
94,1,1,0.0,0,0,1,0,0,0,0,0,1
95,2,2,1.0,1,0,1,0,0,0,0,0,1
96,3,3,0.4714045207910317,2,0,4,0,0,0,0,0,3
97,2,2,0.0,1,0,1,0,0,0,0,0,1
98,2,2,0.0,1,0,1,0,0,0,0,0,1
99,1,1,0.0,0,0,1,0,0,0,0,0,1
100,2,2,1.0,1,0,1,0,0,0,0,0,1
101,2,2,1.0,1,0,2,0,0,0,0,0,1
102,1,1,0.0,0,0,1,0,0,0,0,0,1
103,2,2,1.0,1,0,1,0,0,0,0,0,1
104,2,2,1.0,1,0,1,0,0,0,0,0,1
105,8,8,0.33071891388307384,6,0,23,30,10,6,0,35,104
106,6,6,0.7453559924999299,5,0,20,15,5,3,0,15,58
107,2,2,0.5,1,0,2,0,0,1,0,0,3
108,1,1,0.0,0,0,1,0,0,0,0,0,1
109,3,3,0.9428090415820634,2,0,2,0,0,0,0,0,2
110,2,2,1.0,1,0,1,0,0,0,0,0,1
111,2,2,0.0,1,0,1,0,0,0,0,0,1
112,2,2,1.0,1,0,1,0,0,0,0,0,1
113,5,5,0.4,3,1,5,1,0,1,0,0,7
114,2,2,1.0,1,0,1,0,0,0,0,0,1
115,1,1,0.0,0,0,1,0,0,0,0,0,1
116,2,2,0.0,1,0,3,1,0,0,0,0,4
117,2,2,0.5,1,0,2,1,0,0,0,0,3
118,2,2,0.0,1,0,1,0,0,0,0,0,1
119,1,1,0.0,0,0,1,0,0,0,0,0,1
120,2,2,0.0,1,0,1,0,0,0,0,0,1
121,2,2,1.0,1,0,1,0,0,0,0,0,1
122,3,3,0.9428090415820634,2,0,2,1,0,0,0,0,3
123,1,1,0.0,0,0,2,0,0,0,0,0,2
124,1,1,0.0,0,0,1,0,0,0,0,0,1
125,1,1,0.0,0,0,2,0,0,0,0,1,3
126,1,1,0.0,0,0,2,0,0,0,0,1,3
127,1,1,0.0,0,0,1,0,0,0,0,0,1
128,5,5,0.8,3,0,4,0,1,1,0,0,6
129,2,2,1.0,1,0,1,0,0,0,0,0,1
130,3,3,0.9428090415820634,2,0,2,1,0,0,0,0,3
131,1,1,0.0,0,0,1,0,0,0,0,0,1
132,4,4,0.4330127018922193,2,1,3,0,0,0,0,0,3
133,2,2,0.0,1,0,2,0,0,0,0,0,2
134,2,2,1.0,1,0,1,0,0,0,0,0,1
135,2,2,0.0,1,0,1,0,0,0,0,0,1
136,2,2,1.0,1,0,3,3,0,0,0,0,6
137,1,1,0.0,0,0,1,0,0,0,0,0,1
138,1,1,0.0,0,0,1,0,0,0,0,0,1
139,2,2,1.0,1,0,1,0,0,0,0,0,1
140,2,2,1.0,1,0,3,2,0,0,0,1,6
141,1,1,0.0,0,0,1,0,0,0,0,0,1
142,1,1,0.0,0,0,2,1,0,0,0,0,3
143,1,1,0.0,0,0,1,0,0,0,0,0,1
144,2,2,0.0,1,0,1,0,0,0,0,0,1
145,3,3,0.9428090415820634,2,0,2,0,0,0,0,0,2
146,2,2,1.0,0,0,1,0,0,0,0,0,1
147,2,2,1.0,1,0,1,0,0,0,0,0,1
148,2,2,1.0,1,0,1,0,0,0,0,0,1
149,2,2,0.5,1,0,3,0,0,0,0,0,2
150,2,2,0.5,1,0,3,0,0,1,0,0,3
151,1,1,0.0,0,0,1,0,0,0,0,0,1
152,1,1,0.0,0,0,1,0,0,0,0,0,1
153,2,2,1.0,1,0,1,0,0,0,0,0,1
154,2,2,0.0,1,0,1,0,0,0,0,0,1
155,1,1,0.0,0,0,1,0,0,0,0,0,1
156,2,2,1.0,1,0,1,0,0,0,0,0,1
157,3,3,0.0,2,0,2,0,0,0,0,0,2
158,2,2,1.0,1,0,1,0,0,0,0,0,1
159,2,2,0.5,1,0,3,0,0,0,0,0,2
160,2,2,1.0,1,0,1,0,0,0,0,0,1
161,2,2,0.5,1,0,3,0,0,1,0,0,3
162,2,2,0.5,1,0,2,0,0,0,0,0,2
163,1,1,0.0,0,0,1,0,0,0,0,0,1
164,2,2,1.0,1,0,3,3,0,0,0,0,6
165,1,1,0.0,0,0,1,0,0,0,0,0,1
166,2,2,1.0,0,0,1,0,0,0,0,0,1
167,2,2,1.0,1,0,1,0,0,0,0,0,1
168,2,2,1.0,1,0,3,2,0,0,0,1,6
169,1,1,0.0,0,0,1,0,0,0,0,0,1
170,2,2,0.5,1,0,2,0,0,0,0,0,2
171,1,1,0.0,0,0,2,1,0,0,0,0,3
172,3,3,0.0,2,0,2,0,0,0,0,0,2
173,1,1,0.0,0,0,1,0,0,0,0,0,1
174,1,1,0.0,0,0,1,0,0,0,0,0,1
175,2,2,1.0,1,0,1,0,0,0,0,0,1
176,3,3,0.9428090415820634,2,0,4,0,0,0,0,1,5
177,3,3,0.9428090415820634,2,0,2,0,0,0,0,0,2
178,1,1,0.0,0,0,1,0,0,0,0,0,1
179,1,1,0.0,0,0,1,0,0,0,0,0,1
180,1,1,0.0,0,0,1,0,0,0,0,0,1
181,3,3,0.0,2,0,2,0,0,0,0,0,2
182,2,2,1.0,1,0,1,0,0,0,0,0,1
183,2,2,0.5,1,0,3,0,0,0,0,0,2
184,2,2,0.5,1,0,3,0,0,1,0,0,3
185,2,2,1.0,1,0,1,0,0,0,0,0,1
186,1,1,0.0,0,0,1,0,0,0,0,0,1
187,1,1,0.0,0,0,1,0,0,0,0,0,1
188,3,3,0.9428090415820634,2,0,2,0,0,0,0,0,2
189,3,3,0.9428090415820634,2,0,2,0,0,0,0,0,2
190,2,2,1.0,1,0,3,3,0,0,0,0,6
191,1,1,0.0,0,0,1,0,0,0,0,0,1
192,2,2,0.0,1,0,1,0,0,0,0,0,1
193,2,2,1.0,1,0,1,0,0,0,0,0,1
194,2,2,1.0,1,0,1,0,0,0,0,0,1
195,1,1,0.0,0,0,1,0,0,0,0,0,1
196,1,1,0.0,0,0,1,0,0,0,0,0,1
197,1,1,0.0,0,0,1,0,0,0,0,0,1
198,2,2,1.0,0,0,1,0,0,0,0,0,1
199,2,2,1.0,1,0,1,0,0,0,0,0,1
200,1,1,0.0,0,0,1,0,0,0,0,0,1
201,1,1,0.0,0,0,1,0,0,0,0,0,1
202,2,2,1.0,1,0,1,0,0,0,0,0,1
203,3,3,0.9428090415820634,2,0,2,0,0,0,0,0,2
204,1,1,0.0,0,0,1,0,0,0,0,0,1
205,2,2,0.0,1,0,1,0,0,0,0,0,1
206,2,2,1.0,1,0,1,0,0,0,0,0,1
207,2,2,1.0,1,0,1,0,0,0,0,0,1
208,1,1,0.0,0,0,1,0,0,0,0,0,1
209,2,2,0.0,1,0,1,0,0,0,0,0,1
210,2,2,1.0,1,0,3,3,0,0,0,0,6
211,1,1,0.0,0,0,1,0,0,0,0,0,1
212,2,2,1.0,1,0,1,0,0,0,0,0,1
213,2,2,1.0,1,0,3,2,0,0,0,1,6
214,1,1,0.0,0,0,1,0,0,0,0,0,1
215,1,1,0.0,0,0,1,0,0,0,0,0,1
216,1,1,0.0,0,0,2,1,0,0,0,0,3
217,1,1,0.0,0,0,1,0,0,0,0,0,1
218,1,1,0.0,0,0,1,0,0,0,0,0,1
219,2,2,1.0,1,0,1,0,0,0,0,0,1
220,3,3,0.9428090415820634,2,0,2,0,0,0,0,0,2
221,1,1,0.0,0,0,1,0,0,0,0,0,1
222,2,2,1.0,1,0,1,0,0,0,0,0,1
223,2,2,0.5,1,0,3,0,0,0,0,0,2
224,2,2,0.5,1,0,3,0,0,1,0,0,3
225,2,2,1.0,1,0,1,0,0,0,0,0,1
226,2,2,0.5,1,0,2,0,0,0,0,0,2
227,4,4,0.82915619758885,1,1,3,0,1,0,0,0,4
228,2,2,1.0,1,0,1,0,0,0,0,0,1
229,4,4,0.0,3,0,3,0,0,1,0,0,4
230,2,2,1.0,1,0,1,0,0,0,0,0,1
231,3,3,0.9428090415820634,2,0,2,0,0,0,0,0,2
232,3,3,0.816496580927726,1,0,3,0,2,0,0,0,5
233,2,2,1.0,1,0,1,0,0,0,0,0,1
234,2,2,0.5,1,0,2,0,0,0,0,0,2
235,3,3,0.9428090415820634,2,0,2,0,0,0,0,0,2
236,1,1,0.0,0,0,1,0,0,0,0,0,1
237,3,3,0.9428090415820634,2,0,2,0,0,0,0,0,2
238,1,1,0.0,0,0,1,0,0,0,0,0,1
239,2,2,1.0,1,0,3,3,0,0,0,0,6
240,1,1,0.0,0,0,1,0,0,0,0,0,1
241,4,4,1.0,2,0,3,1,0,0,0,0,4
242,1,1,0.0,0,0,1,0,0,0,0,0,1
243,4,4,1.0,2,0,3,0,0,0,0,0,3
244,1,1,0.0,0,0,1,0,0,0,0,0,1
245,3,3,0.9428090415820634,2,0,2,1,0,0,0,0,3
246,3,3,0.9428090415820634,2,0,2,0,0,0,0,0,2
247,1,1,0.0,0,0,1,0,0,0,0,0,1
248,2,2,1.0,1,0,1,0,0,0,0,0,1
249,1,1,0.0,0,0,1,0,0,0,0,0,1
250,2,2,0.5,1,0,3,0,0,0,0,0,2
251,2,2,0.5,1,0,3,0,0,1,0,0,3
252,3,3,0.0,2,0,2,0,0,0,0,0,2
253,1,1,0.0,0,0,1,0,0,0,0,0,1
254,2,2,1.0,0,0,1,0,0,0,0,0,1
255,1,1,0.0,0,0,2,1,0,0,0,0,3
256,2,2,1.0,1,0,1,0,0,0,0,0,1
257,2,2,1.0,1,0,3,2,0,0,0,1,6
258,2,2,1.0,1,0,1,0,0,0,0,0,1
259,2,2,0.0,1,0,1,0,0,0,0,0,1
260,6,6,0.7453559924999299,1,0,5,0,0,0,0,10,15
261,2,2,1.0,1,0,1,0,0,0,0,0,1
262,2,2,1.0,1,0,1,0,0,0,0,0,1
263,2,2,1.0,1,0,1,0,0,0,0,0,1
264,2,2,1.0,1,0,1,0,0,0,0,0,1
265,3,3,0.9428090415820634,2,0,2,1,0,0,0,0,3
266,2,2,1.0,1,0,1,0,0,0,0,0,1
267,13,13,0.0,12,0,20,28,24,9,0,6,87
268,3,3,0.9428090415820634,1,0,2,0,0,0,0,0,2
269,3,3,0.9428090415820634,1,0,2,0,0,1,0,0,3
270,3,3,0.9428090415820634,1,0,2,0,0,0,0,0,2
271,1,1,0.0,0,0,1,0,0,0,0,0,1
272,2,2,1.0,1,0,1,0,0,0,0,0,1
273,1,1,0.0,0,0,1,0,0,0,0,0,1
274,4,4,0.8660254037844386,3,0,5,0,0,0,0,6,11
275,2,2,0.0,1,0,1,0,0,0,0,0,1
276,2,2,0.0,1,0,1,0,0,0,0,0,1
277,2,2,1.0,1,0,1,0,0,0,0,0,1
278,2,2,1.0,1,0,1,0,0,0,0,0,1
279,3,3,0.4714045207910317,1,0,3,1,0,0,0,0,4
280,3,3,0.9428090415820634,1,0,2,0,0,1,0,0,3
281,2,2,1.0,1,0,1,0,0,0,0,0,1
282,3,3,0.9428090415820634,1,0,2,0,0,0,0,0,2
283,2,2,1.0,1,0,1,0,0,0,0,0,1
284,2,2,0.0,1,0,1,0,0,0,0,0,1
285,1,1,0.0,0,0,1,0,0,0,0,0,1
286,2,2,0.5,1,0,2,1,0,0,0,0,3
287,2,2,1.0,1,0,1,0,0,0,0,0,1
288,2,2,1.0,1,0,1,0,0,0,0,0,1
289,2,2,1.0,1,0,1,0,0,0,0,0,1
290,2,2,1.0,1,0,1,0,0,0,0,0,1
291,2,2,1.0,1,0,1,0,0,0,0,0,1
292,4,4,1.0,2,0,3,0,0,0,0,0,3
293,39,39,0.777730814774518,23,4,61,431,252,52,0,114,910
294,2,2,1.0,1,0,1,0,0,0,0,0,1
295,2,2,1.0,1,0,1,0,0,0,0,0,1
296,1,1,0.0,0,0,1,0,0,0,0,0,1
297,3,3,0.4714045207910317,2,0,3,1,0,0,0,0,4
298,3,3,0.4714045207910317,2,0,3,1,1,1,0,0,6
299,3,3,0.9428090415820634,1,0,2,0,0,0,0,1,3
300,1,1,0.0,0,0,1,0,0,0,0,0,1
301,2,2,1.0,1,0,1,0,0,0,0,0,1
302,2,2,0.5,1,0,2,1,0,0,0,0,3
303,4,4,0.0,3,0,5,1,0,0,0,1,7
304,3,3,0.9428090415820634,1,0,2,0,0,0,0,1,3
305,2,2,1.0,1,0,1,0,0,0,0,0,1
306,2,2,1.0,1,0,1,0,0,0,0,0,1
307,1,1,0.0,0,0,1,0,0,0,0,0,1
308,3,3,0.4714045207910317,2,0,3,1,0,0,0,0,4
309,10,10,0.7810249675906654,4,2,13,24,8,2,0,1,48
310,1,1,0.0,0,0,1,0,0,0,0,0,1
311,2,2,0.0,1,0,1,0,0,0,0,0,1
312,2,2,0.5,1,0,2,0,0,0,0,1,3
313,2,2,1.0,1,0,1,0,0,0,0,0,1
314,2,2,1.0,1,0,1,0,0,0,0,0,1
315,3,3,0.9428090415820634,2,0,2,1,0,0,0,0,3
316,13,13,0.0,12,0,20,28,24,9,0,6,87
317,3,3,0.9428090415820634,1,0,2,0,0,0,0,0,2
318,3,3,0.9428090415820634,1,0,2,0,0,1,0,0,3
319,3,3,0.9428090415820634,1,0,2,0,0,0,0,0,2
320,6,6,0.7453559924999299,1,0,5,0,0,0,0,10,15
321,2,2,0.0,1,0,1,0,0,0,0,0,1
322,1,1,0.0,0,0,1,0,0,0,0,0,1
323,2,2,1.0,1,0,1,0,0,0,0,0,1
324,2,2,1.0,1,0,1,0,0,0,0,0,1
325,2,2,0.0,1,0,1,0,0,0,0,0,1
326,2,2,0.5,1,0,2,0,0,0,0,1,3
327,1,1,0.0,0,0,1,0,0,0,0,0,1
328,4,4,0.8660254037844386,3,0,5,0,0,0,0,6,11
329,2,2,0.0,1,0,1,0,0,0,0,0,1
330,2,2,0.0,1,0,1,0,0,0,0,0,1
331,2,2,1.0,1,0,1,0,0,0,0,0,1
332,2,2,1.0,1,0,1,0,0,0,0,0,1
333,3,3,0.4714045207910317,1,0,3,1,0,0,0,0,4
334,3,3,0.9428090415820634,1,0,2,0,0,1,0,0,3
335,2,2,1.0,1,0,1,0,0,0,0,0,1
336,3,3,0.9428090415820634,1,0,2,0,0,0,0,0,2
337,2,2,1.0,1,0,1,0,0,0,0,0,1
338,2,2,0.0,1,0,1,0,0,0,0,0,1
339,1,1,0.0,0,0,1,0,0,0,0,0,1
340,2,2,0.5,1,0,2,1,0,0,0,0,3
341,2,2,1.0,1,0,1,0,0,0,0,0,1
342,2,2,1.0,1,0,1,0,0,0,0,0,1
343,2,2,1.0,1,0,1,0,0,0,0,0,1
344,2,2,1.0,1,0,1,0,0,0,0,0,1
345,2,2,1.0,1,0,1,0,0,0,0,0,1
346,4,4,1.0,2,0,3,0,0,0,0,0,3
347,39,39,0.777730814774518,23,4,61,431,252,52,0,114,910
348,2,2,1.0,1,0,1,0,0,0,0,0,1
349,2,2,1.0,1,0,1,0,0,0,0,0,1
350,1,1,0.0,0,0,1,0,0,0,0,0,1
351,3,3,0.4714045207910317,2,0,3,1,0,0,0,0,4
352,3,3,0.4714045207910317,2,0,3,1,1,1,0,0,6
353,3,3,0.9428090415820634,1,0,2,0,0,0,0,1,3
354,2,2,0.5,1,0,2,1,0,0,0,0,3
355,4,4,0.0,3,0,5,1,0,0,0,1,7
356,3,3,0.9428090415820634,1,0,2,0,0,0,0,1,3
357,2,2,1.0,1,0,1,0,0,0,0,0,1
358,2,2,0.0,1,0,1,0,0,0,0,0,1
359,1,1,0.0,0,0,1,0,0,0,0,0,1
360,2,2,0.5,1,0,2,1,0,0,0,0,3
361,1,1,0.0,0,0,1,0,0,0,0,0,1
362,2,2,1.0,1,0,1,0,0,0,0,0,1
363,3,3,0.9428090415820634,1,0,2,0,0,0,0,1,3
364,10,10,0.7810249675906654,4,2,13,24,8,2,0,1,48
365,1,1,0.0,0,0,1,0,0,0,0,0,1
366,2,2,1.0,1,0,1,0,0,0,0,0,1
367,2,2,1.0,1,0,1,0,0,0,0,0,1
368,2,2,1.0,1,0,1,0,0,0,0,0,1
369,2,2,0.0,1,0,1,0,0,0,0,0,1
370,1,1,0.0,0,0,1,0,0,0,0,0,1
371,2,2,1.0,1,0,1,0,0,0,0,0,1
372,2,2,1.0,1,0,1,0,0,0,0,0,1
373,2,2,1.0,1,0,1,0,0,0,0,0,1
374,2,2,1.0,1,0,1,0,0,0,0,0,1
375,2,2,1.0,1,0,1,0,0,0,0,0,1
376,3,3,0.9428090415820634,2,0,2,1,0,0,0,0,3
377,13,13,0.0,12,0,20,28,24,9,0,6,87
378,3,3,0.9428090415820634,1,0,2,0,0,0,0,0,2
379,3,3,0.9428090415820634,1,0,2,0,0,1,0,0,3
380,3,3,0.9428090415820634,1,0,2,0,0,0,0,0,2
381,2,2,0.0,1,0,1,0,0,0,0,0,1
382,2,2,0.5,1,0,2,0,0,0,0,1,3
383,4,4,0.8660254037844386,3,0,5,0,0,0,0,6,11
384,2,2,0.0,1,0,1,0,0,0,0,0,1
385,2,2,0.0,1,0,1,0,0,0,0,0,1
386,2,2,1.0,1,0,1,0,0,0,0,0,1
387,2,2,1.0,1,0,1,0,0,0,0,0,1
388,3,3,0.4714045207910317,1,0,3,1,0,0,0,0,4
389,3,3,0.9428090415820634,1,0,2,0,0,1,0,0,3
390,2,2,1.0,1,0,1,0,0,0,0,0,1
391,3,3,0.9428090415820634,1,0,2,0,0,0,0,0,2
392,2,2,1.0,1,0,1,0,0,0,0,0,1
393,2,2,0.0,1,0,1,0,0,0,0,0,1
394,1,1,0.0,0,0,1,0,0,0,0,0,1
395,2,2,0.5,1,0,2,1,0,0,0,0,3
396,2,2,1.0,1,0,1,0,0,0,0,0,1
397,2,2,1.0,1,0,1,0,0,0,0,0,1
398,1,1,0.0,0,0,1,0,0,0,0,0,1
399,3,3,0.4714045207910317,2,0,3,1,0,0,0,0,4
400,3,3,0.9428090415820634,1,0,2,0,0,0,0,1,3
401,2,2,1.0,1,0,1,0,0,0,0,0,1
402,2,2,1.0,1,0,1,0,0,0,0,0,1
403,2,2,1.0,1,0,1,0,0,0,0,0,1
404,2,2,1.0,1,0,1,0,0,0,0,0,1
405,4,4,1.0,2,0,3,0,0,0,0,0,3
406,39,39,0.777730814774518,23,4,61,431,252,52,0,114,910
407,2,2,0.5,1,0,2,1,0,0,0,0,3
408,4,4,0.0,3,0,5,1,0,0,0,1,7
409,3,3,0.9428090415820634,1,0,2,0,0,0,0,1,3
410,1,1,0.0,0,0,1,0,0,0,0,0,1
411,3,3,0.9428090415820634,1,0,2,0,0,0,0,1,3
412,2,2,1.0,1,0,1,0,0,0,0,0,1
413,2,2,0.0,1,0,1,0,0,0,0,0,1
414,1,1,0.0,0,0,1,0,0,0,0,0,1
415,2,2,0.5,1,0,2,1,0,0,0,0,3
416,2,2,1.0,1,0,1,0,0,0,0,0,1
417,2,2,1.0,1,0,1,0,0,0,0,0,1
418,1,1,0.0,0,0,1,0,0,0,0,0,1
419,3,3,0.4714045207910317,2,0,3,1,0,0,0,0,4
420,1,1,0.0,0,0,1,0,0,0,0,0,1
421,6,6,0.7453559924999299,1,0,5,0,0,0,0,10,15
422,2,2,1.0,1,0,1,0,0,0,0,0,1
423,1,1,0.0,0,0,1,0,0,0,0,0,1
424,2,2,1.0,1,0,1,0,0,0,0,0,1
425,3,3,0.4714045207910317,2,0,3,1,1,1,0,0,6
426,2,2,1.0,1,0,1,0,0,0,0,0,1
427,10,10,0.7810249675906654,4,2,13,24,8,2,0,1,48
428,2,2,1.0,1,0,1,0,0,0,0,0,1
429,2,2,1.0,1,0,1,0,0,0,0,0,1
430,2,2,1.0,1,0,1,0,0,0,0,0,1
431,2,2,1.0,1,0,1,0,0,0,0,0,1
432,2,2,1.0,1,0,1,0,0,0,0,0,1
433,3,3,0.9428090415820634,2,0,2,1,0,0,0,0,3
434,13,13,0.0,12,0,20,28,24,9,0,6,87
435,3,3,0.9428090415820634,1,0,2,0,0,0,0,0,2
436,3,3,0.9428090415820634,1,0,2,0,0,1,0,0,3
437,3,3,0.9428090415820634,1,0,2,0,0,0,0,0,2
438,2,2,0.0,1,0,1,0,0,0,0,0,1
439,2,2,0.0,1,0,1,0,0,0,0,0,1
440,2,2,1.0,1,0,1,0,0,0,0,0,1
441,2,2,1.0,1,0,1,0,0,0,0,0,1
442,3,3,0.4714045207910317,1,0,3,1,0,0,0,0,4
443,3,3,0.9428090415820634,1,0,2,0,0,1,0,0,3
444,2,2,1.0,1,0,1,0,0,0,0,0,1
445,3,3,0.9428090415820634,1,0,2,0,0,0,0,0,2
446,2,2,0.0,1,0,1,0,0,0,0,0,1
447,2,2,0.5,1,0,2,0,0,0,0,1,3
448,4,4,0.8660254037844386,3,0,5,0,0,0,0,6,11
449,2,2,0.0,1,0,1,0,0,0,0,0,1
450,1,1,0.0,0,0,1,0,0,0,0,0,1
451,2,2,1.0,1,0,1,0,0,0,0,0,1
452,2,2,1.0,1,0,1,0,0,0,0,0,1
453,2,2,0.0,1,0,1,0,0,0,0,0,1
454,1,1,0.0,0,0,1,0,0,0,0,0,1
455,2,2,0.5,1,0,2,1,0,0,0,0,3
456,1,1,0.0,0,0,1,0,0,0,0,0,1
457,2,2,1.0,1,0,1,0,0,0,0,0,1
458,2,2,0.0,1,0,1,0,0,0,0,0,1
459,1,1,0.0,0,0,1,0,0,0,0,0,1
460,2,2,0.5,1,0,2,1,0,0,0,0,3
461,3,3,0.9428090415820634,1,0,2,0,0,0,0,1,3
462,2,2,1.0,1,0,1,0,0,0,0,0,1
463,2,2,1.0,1,0,1,0,0,0,0,0,1
464,1,1,0.0,0,0,1,0,0,0,0,0,1
465,3,3,0.4714045207910317,2,0,3,1,0,0,0,0,4
466,2,2,0.5,1,0,2,1,0,0,0,0,3
467,4,4,0.0,3,0,5,1,0,0,0,1,7
468,6,6,0.7453559924999299,1,0,5,0,0,0,0,10,15
469,2,2,1.0,1,0,1,0,0,0,0,0,1
470,1,1,0.0,0,0,1,0,0,0,0,0,1
471,2,2,1.0,1,0,1,0,0,0,0,0,1
472,3,3,0.4714045207910317,2,0,3,1,1,1,0,0,6
473,2,2,1.0,1,0,1,0,0,0,0,0,1
474,10,10,0.7810249675906654,4,2,13,24,8,2,0,1,48
475,1,1,0.0,0,0,1,0,0,0,0,0,1
476,2,2,1.0,1,0,1,0,0,0,0,0,1
477,2,2,1.0,1,0,1,0,0,0,0,0,1
478,1,1,0.0,0,0,1,0,0,0,0,0,1
479,1,1,0.0,0,0,1,0,0,0,0,0,1
480,1,1,0.0,0,0,1,0,0,0,0,0,1
481,5,5,0.0,4,0,4,1,0,1,0,0,6
482,1,1,0.0,0,0,1,0,0,0,0,0,1
483,1,1,0.0,0,0,1,0,0,0,0,0,1
484,2,2,1.0,1,0,1,0,0,0,0,0,1
485,4,4,0.4330127018922193,3,0,4,1,0,2,0,0,7
486,2,2,1.0,1,0,1,0,0,0,0,0,1
487,1,1,0.0,0,0,1,0,0,0,0,0,1
488,1,1,0.0,0,0,2,0,0,0,0,0,2
489,2,2,0.5,1,0,2,0,0,0,0,0,2
490,3,3,0.4714045207910317,2,0,5,2,0,1,1,3,12
491,2,2,1.0,1,0,1,0,0,0,0,0,1
492,3,3,0.816496580927726,1,0,3,0,0,0,0,0,3
493,1,1,0.0,0,0,1,0,0,0,0,0,1
494,2,2,1.0,1,0,1,0,0,0,0,0,1
495,2,2,1.0,1,0,1,0,0,0,0,0,1
496,2,2,1.0,1,0,1,0,0,0,0,0,1
497,2,2,1.0,1,0,1,0,0,0,0,0,1
498,19,19,0.8931875130777442,10,0,44,73,73,9,11,84,293
499,3,3,0.816496580927726,1,0,3,0,0,0,0,0,3
500,2,2,1.0,1,0,1,0,0,0,0,0,1
501,1,1,0.0,0,0,1,0,0,0,0,0,1
502,4,4,0.5,2,1,5,3,0,0,0,0,8
503,3,3,0.9428090415820634,1,0,2,0,0,0,0,0,2
504,2,2,0.5,1,0,2,0,0,0,0,0,2
505,4,4,0.8660254037844386,2,0,3,1,0,0,0,0,4
506,2,2,1.0,1,0,1,0,0,0,0,0,1
507,2,2,1.0,1,0,1,0,0,0,0,0,1
508,1,1,0.0,0,0,1,0,0,0,0,0,1
509,2,2,1.0,1,0,1,0,0,0,0,0,1
510,2,2,1.0,1,0,1,0,0,0,0,0,1
511,2,2,0.5,1,0,2,1,0,0,0,0,3
512,2,2,1.0,1,0,1,0,0,0,0,0,1
513,2,2,1.0,1,0,1,0,0,0,0,0,1
514,2,2,0.5,1,0,2,0,0,1,0,0,3
515,2,2,0.0,1,0,1,0,0,0,0,0,1
516,2,2,0.5,0,1,1,0,0,0,0,0,1
517,2,2,0.0,1,0,1,0,0,0,0,0,1
518,2,2,1.0,1,0,1,0,0,0,0,0,1
519,1,1,0.0,0,0,1,0,0,0,0,0,1
520,4,4,0.8660254037844386,2,0,3,1,0,0,0,0,4
521,1,1,0.0,0,0,1,0,0,0,0,0,1
522,1,1,0.0,0,0,1,0,0,0,0,0,1
523,2,2,1.0,1,0,3,0,2,0,0,1,6
524,1,1,0.0,0,0,1,0,0,0,0,0,1
525,2,2,0.0,1,0,1,0,0,0,0,0,1
526,5,5,0.0,4,0,4,1,0,1,0,0,6
527,2,2,0.5,1,0,5,3,0,0,0,0,8
528,9,9,0.6285393610547089,7,0,8,0,2,8,0,0,18
529,3,3,0.9428090415820634,2,0,2,0,0,0,0,0,2
530,3,3,0.9428090415820634,2,0,2,0,0,0,0,0,2
531,2,2,1.0,0,0,1,0,0,0,0,0,1
532,2,2,1.0,1,0,1,0,0,0,0,0,1
533,2,2,1.0,1,0,1,0,0,0,0,0,1
534,2,2,1.0,1,0,1,0,0,0,0,0,1
535,1,1,0.0,0,0,1,0,0,0,0,0,1
536,1,1,0.0,0,0,1,0,0,0,0,0,1
537,1,1,0.0,0,0,1,0,0,0,0,0,1
538,1,1,0.0,0,0,1,0,0,0,0,0,1
539,2,2,0.5,1,0,2,0,0,0,0,0,2
540,2,2,1.0,1,0,1,0,0,0,0,0,1
541,2,2,1.0,1,0,1,0,0,0,0,0,1
542,3,3,0.9428090415820634,1,0,2,0,0,0,0,0,2
543,2,2,1.0,1,0,1,0,0,0,0,0,1
544,2,2,1.0,1,0,1,0,0,0,0,0,1
545,5,5,0.6324555320336759,1,2,5,1,1,0,0,2,9
546,2,2,1.0,1,0,1,0,0,0,0,0,1
547,2,2,1.5,1,0,1,0,0,0,0,0,1
548,5,5,0.4,4,0,5,0,0,0,0,1,6
549,5,5,0.4,4,0,5,0,0,0,0,1,6
550,5,5,0.4,4,0,5,0,0,0,0,1,6
551,5,5,0.4,4,0,5,0,0,0,0,1,6
552,4,4,0.8660254037844386,3,0,3,0,0,0,0,0,3
553,4,4,0.8660254037844386,3,0,3,0,0,0,0,0,3
554,1,1,0.0,0,0,1,0,0,0,0,0,1
555,2,2,1.5,1,0,1,0,0,0,0,0,1
556,4,4,0.5,4,0,3,3,0,0,0,0,6
557,3,3,0.9428090415820634,1,0,2,0,0,0,0,0,2
558,1,1,0.0,0,0,1,0,0,0,0,0,1
559,2,2,0.0,1,0,1,0,0,0,0,0,1
560,8,8,0.6614378277661477,7,0,12,6,1,0,0,1,20
561,1,1,0.0,0,0,1,0,0,0,0,0,1
562,13,13,0.7297563831157798,11,0,17,18,10,4,0,1,50
563,2,2,1.0,1,0,1,0,0,0,0,0,1
564,2,2,1.0,1,0,1,0,0,0,0,0,1
565,2,2,1.0,1,0,1,0,0,0,0,0,1
566,2,2,1.0,1,0,1,0,0,0,0,0,1
567,2,2,1.0,1,0,1,0,0,0,0,0,1
568,1,1,0.0,0,0,1,0,0,0,0,0,1
569,2,2,1.0,1,0,1,0,0,0,0,0,1
570,1,1,0.0,0,0,1,0,0,0,0,0,1
571,2,2,1.0,1,0,1,0,0,0,0,0,1
572,2,2,1.5,1,0,1,0,0,0,0,0,1
573,2,2,1.5,1,0,1,0,0,0,0,0,1
574,2,2,1.0,0,0,1,0,0,0,0,0,1
575,6,6,0.37267799624996495,5,0,16,20,11,2,0,14,60
576,4,4,0.4330127018922193,3,0,8,6,0,0,0,3,15
577,4,4,0.4330127018922193,3,0,8,6,0,0,0,3,15
578,2,2,1.0,1,0,1,0,0,0,0,0,1
579,2,2,1.0,0,0,1,0,0,0,0,0,1
580,6,6,0.37267799624996495,5,0,16,20,11,2,0,14,60
581,2,2,1.0,1,0,1,0,0,0,0,0,1
582,2,2,1.0,0,0,1,0,0,0,0,0,1
583,2,2,1.0,0,0,1,0,0,0,0,0,1
584,6,6,0.7453559924999299,5,0,16,24,6,4,0,14,60
585,2,2,1.0,1,0,1,0,0,0,0,0,1
586,2,2,1.0,0,0,1,0,0,0,0,0,1
587,6,6,0.37267799624996495,5,0,16,20,11,2,0,14,60
588,3,3,0.4714045207910317,2,0,3,1,0,0,0,0,4
589,3,3,0.4714045207910317,2,0,3,3,0,0,0,0,6
590,2,2,0.5,1,0,2,1,0,0,0,0,3
591,2,2,0.5,1,0,2,1,0,0,0,0,3
592,3,3,0.4714045207910317,2,0,3,1,0,0,0,0,4
593,3,3,0.4714045207910317,2,0,3,1,0,0,0,0,4
594,3,3,0.4714045207910317,2,0,3,1,0,0,0,0,4
595,3,3,0.4714045207910317,2,0,3,1,0,0,0,0,4
596,2,2,1.0,0,0,1,0,0,0,0,0,1
597,2,2,1.0,0,0,1,0,0,0,0,0,1
598,2,2,1.0,0,0,1,0,0,0,0,0,1
599,6,6,0.7453559924999299,5,0,16,24,6,4,0,14,60
600,2,2,1.0,0,0,1,0,0,0,0,0,1
601,2,2,1.0,0,0,1,0,0,0,0,0,1
602,2,2,1.0,0,0,1,0,0,0,0,0,1
603,6,6,0.7453559924999299,5,0,16,24,6,4,0,14,60
604,3,3,0.4714045207910317,2,0,3,1,0,0,0,0,4
605,3,3,0.4714045207910317,2,0,3,1,0,0,0,0,4
606,3,3,0.4714045207910317,2,0,3,1,0,0,0,0,4
607,3,3,0.4714045207910317,2,0,3,3,0,0,0,0,6
608,2,2,1.0,0,0,1,0,0,0,0,0,1
609,2,2,1.0,0,0,1,0,0,0,0,0,1
610,2,2,1.0,0,0,1,0,0,0,0,0,1
611,6,6,0.7453559924999299,5,0,16,24,6,4,0,14,60
612,2,2,1.0,0,0,1,0,0,0,0,0,1
613,2,2,1.0,0,0,1,0,0,0,0,0,1
614,2,2,1.0,0,0,1,0,0,0,0,0,1
615,3,3,0.4714045207910317,2,0,3,3,0,0,0,0,6
616,6,6,0.7453559924999299,5,0,16,24,6,4,0,14,60
617,2,2,0.0,1,0,3,3,0,0,0,0,6
618,2,2,1.0,1,0,1,0,0,0,0,0,1
619,2,2,1.0,1,0,1,0,0,0,0,0,1
620,2,2,1.0,1,0,1,0,0,0,0,0,1
621,3,3,0.4714045207910317,2,0,3,1,0,0,0,0,4
622,2,2,1.0,0,0,1,0,0,0,0,0,1
623,6,6,0.37267799624996495,5,0,16,20,11,2,0,14,60
624,1,1,0.0,0,0,1,0,0,0,0,0,1
625,2,2,1.0,1,0,1,0,0,0,0,0,1
626,2,2,1.0,0,0,1,0,0,0,0,0,1
627,6,6,0.37267799624996495,5,0,16,20,11,2,0,14,60
628,4,4,0.4330127018922193,3,0,8,6,0,0,0,3,15
629,4,4,0.4330127018922193,3,0,8,6,0,0,0,3,15
630,4,4,0.4330127018922193,3,0,8,6,0,0,0,3,15
631,2,2,1.0,1,0,1,0,0,0,0,0,1
632,2,2,1.0,1,0,1,0,0,0,0,0,1
633,5,5,0.4,4,0,15,20,11,2,0,14,59
634,4,4,0.4330127018922193,3,0,8,6,0,0,0,3,15
635,2,2,0.5,1,0,2,1,0,0,0,0,3
636,2,2,0.5,1,0,2,1,0,0,0,0,3
637,2,2,0.5,1,0,2,1,0,0,0,0,3
638,2,2,0.5,1,0,2,1,0,0,0,0,3
639,2,2,1.0,1,0,1,0,0,0,0,0,1
640,2,2,0.5,1,0,2,1,0,0,0,0,3
641,2,2,0.0,1,0,3,3,0,0,0,0,6
642,5,5,0.9797958971132712,2,0,4,3,2,1,0,0,10
643,4,4,0.7071067811865476,3,0,4,3,0,0,0,0,7
644,7,7,0.8329931278350429,5,0,6,1,1,1,0,0,9
645,2,2,0.5,1,0,2,1,0,0,0,0,3
646,4,4,0.7071067811865476,3,0,4,3,0,0,0,0,7
647,7,7,0.8329931278350429,5,0,6,1,1,1,0,0,9
648,2,2,0.5,1,0,2,1,0,0,0,0,3
649,3,3,0.4714045207910317,3,0,2,0,0,0,0,0,2
650,1,1,0.0,0,0,1,0,0,0,0,0,1
651,2,2,0.5,1,0,1,0,0,0,0,0,1
652,2,2,0.5,1,0,1,0,0,0,0,0,1
653,3,3,0.0,2,0,2,0,0,0,0,0,2
654,1,1,0.0,0,0,2,1,0,0,0,0,3
655,1,1,0.0,0,0,1,0,0,0,0,0,1
656,3,3,0.0,2,0,4,1,0,0,0,0,5
657,3,3,0.4714045207910317,2,0,3,0,0,0,0,0,3
658,2,2,0.0,1,0,1,0,0,0,0,0,1
659,3,3,0.0,2,0,2,0,0,0,0,0,2
660,2,2,1.0,1,0,2,1,0,0,0,0,3
661,2,2,0.5,1,0,3,3,0,0,0,0,6
662,1,1,0.0,0,0,1,0,0,0,0,0,1
663,2,2,0.0,1,0,1,0,0,0,0,0,1
664,1,1,0.0,0,0,1,0,0,0,0,0,1
665,3,3,0.9428090415820634,1,0,2,0,0,0,0,0,2
666,1,1,0.0,0,0,1,0,0,0,0,0,1
667,1,1,0.0,0,0,1,0,0,0,0,0,1
668,2,2,1.0,1,0,1,0,0,0,0,0,1
669,3,3,0.0,2,0,4,1,0,0,0,0,5
670,1,1,0.0,0,0,2,1,0,0,0,0,3
671,2,2,0.0,1,0,3,1,0,0,1,0,5
672,2,2,1.0,1,0,1,0,0,0,0,0,1
673,2,2,0.0,1,0,1,0,0,0,0,0,1
674,2,2,0.5,0,0,2,0,0,0,0,0,2
675,2,2,1.0,1,0,3,2,0,0,0,1,6
676,2,2,0.0,1,0,3,3,0,0,0,0,6
677,5,5,0.9797958971132712,2,0,4,3,2,1,0,0,10
678,1,1,0.0,0,0,1,0,0,0,0,0,1
679,1,1,0.0,0,0,1,0,0,0,0,0,1
680,3,3,0.0,2,0,2,0,0,0,0,0,2
681,2,2,0.0,1,0,1,0,0,0,0,0,1
682,2,2,0.0,1,0,1,0,0,0,0,0,1
683,3,3,0.0,2,0,2,0,0,0,0,0,2
684,2,2,1.0,1,0,1,0,0,0,0,0,1
685,2,2,1.0,1,0,1,0,0,0,0,0,1
686,2,2,0.0,1,0,1,0,0,0,0,0,1
687,2,2,1.0,1,0,1,0,0,0,0,0,1
688,2,2,1.0,1,0,1,0,0,0,0,0,1
689,2,2,0.5,0,1,1,0,0,0,0,0,1
690,2,2,1.0,1,0,1,0,0,0,0,0,1
691,2,2,1.0,1,0,1,0,0,0,0,0,1
692,2,2,1.0,1,0,1,0,0,0,0,0,1
693,2,2,0.5,1,0,2,0,0,0,0,0,2
694,1,1,0.0,0,0,1,0,0,0,0,0,1
695,1,1,0.0,0,0,2,1,0,0,0,0,3
696,2,2,1.0,1,0,1,0,0,0,0,0,1
697,1,1,0.0,0,0,1,0,0,0,0,0,1
698,1,1,0.0,0,0,1,0,0,0,0,0,1
699,2,2,1.0,1,0,1,0,0,0,0,0,1
700,2,2,0.0,1,0,1,0,0,0,0,0,1
701,1,1,0.0,0,0,1,0,0,0,0,0,1
702,1,1,0.0,0,0,1,0,0,0,0,0,1
703,1,1,0.0,0,0,1,0,0,0,0,0,1
704,2,2,0.5,0,1,1,0,0,0,0,0,1
705,3,3,0.0,2,0,5,1,1,1,0,0,7
706,1,1,0.0,0,0,1,0,0,0,0,0,1
707,2,2,0.0,1,0,5,0,0,0,0,3,8
708,2,2,0.5,1,0,4,1,1,0,0,1,7
709,1,1,0.0,0,0,1,0,0,0,0,0,1
710,1,1,0.0,0,0,2,0,1,0,0,0,3
711,3,3,0.4714045207910317,1,0,3,0,0,1,0,0,4
712,1,1,0.0,0,0,1,0,0,0,0,0,1
713,2,2,1.0,0,0,1,0,0,0,0,0,1
714,2,2,1.0,1,0,1,0,0,0,0,0,1
715,2,2,0.5,1,0,2,1,0,0,0,0,3
716,2,2,1.0,1,0,1,0,0,0,0,0,1
717,2,2,1.0,1,0,1,0,0,0,0,0,1
718,2,2,1.0,1,0,1,0,0,0,0,0,1
719,2,2,1.0,1,0,1,0,0,0,0,0,1
720,1,1,0.0,0,0,1,0,0,0,0,0,1
721,2,2,0.5,1,0,2,1,0,0,0,0,3
722,1,1,0.0,0,0,1,0,0,0,0,0,1
723,1,1,0.0,0,0,1,0,0,0,0,0,1
724,2,2,0.5,1,0,2,1,0,0,0,0,3
725,2,2,1.0,1,0,1,0,0,0,0,0,1
726,2,2,1.0,1,0,1,0,0,0,0,0,1
727,1,1,0.0,0,0,1,0,0,0,0,0,1
728,1,1,0.0,0,0,1,0,0,0,0,0,1
729,2,2,1.0,0,0,1,0,0,0,0,0,1
730,2,2,1.0,1,0,1,0,0,0,0,0,1
731,2,2,1.0,1,0,1,0,0,0,0,0,1
732,2,2,1.0,1,0,1,0,0,0,0,0,1
733,2,2,1.0,1,0,1,0,0,0,0,0,1
734,2,2,1.0,1,0,1,0,0,0,0,0,1
735,2,2,1.0,1,0,1,0,0,0,0,0,1
736,2,2,1.0,1,0,1,0,0,0,0,0,1
737,2,2,1.0,1,0,1,0,0,0,0,0,1
738,2,2,0.0,1,0,1,0,0,0,0,0,1
739,1,1,0.0,0,0,1,0,0,0,0,0,1
740,2,2,0.5,1,0,2,1,0,0,0,0,3
741,2,2,1.0,1,0,1,0,0,0,0,0,1
742,2,2,1.0,1,0,1,0,0,0,0,0,1
743,2,2,0.5,1,0,2,1,0,0,0,0,3
744,4,4,0.8660254037844386,3,0,5,5,0,0,0,1,11
745,2,2,0.5,1,0,2,1,0,0,0,0,3
746,2,2,0.5,1,0,2,1,0,0,0,0,3
747,2,2,1.0,1,0,1,0,0,0,0,0,1
748,3,3,0.0,2,0,2,0,0,1,0,0,3
749,2,2,0.5,1,0,2,1,0,0,0,0,3
750,2,2,1.0,0,0,1,0,0,0,0,0,1
751,2,2,1.0,1,0,1,0,0,0,0,0,1
752,2,2,1.0,1,0,1,0,0,0,0,0,1
753,1,1,0.0,0,0,1,0,0,0,0,0,1
754,4,4,0.7071067811865476,1,1,4,0,0,0,2,2,8
755,1,1,0.0,0,0,1,0,0,0,0,0,1
756,3,3,0.0,2,0,2,0,0,0,0,0,2
757,1,1,0.0,0,0,1,0,0,0,0,0,1
758,4,4,0.8660254037844386,3,0,5,5,3,1,0,0,14
759,2,2,0.0,1,0,1,0,0,0,0,0,1
760,3,3,0.816496580927726,1,0,3,3,0,0,0,0,6
761,1,1,0.0,0,0,1,0,0,0,0,0,1
762,1,1,0.0,0,0,2,1,0,0,0,0,3
763,2,2,1.0,1,0,1,0,0,0,0,0,1
764,2,2,1.0,1,0,1,0,0,0,0,0,1
765,2,2,1.0,1,0,1,0,0,0,0,0,1
766,2,2,1.0,1,0,1,0,0,0,0,0,1
767,1,1,0.0,0,0,2,1,0,0,0,0,3
768,1,1,0.0,0,0,1,0,0,0,0,0,1
769,3,3,0.0,2,0,4,1,0,0,0,0,5
770,3,3,0.4714045207910317,2,0,3,0,0,0,0,0,3
771,1,1,0.0,0,0,2,1,0,0,0,0,3
772,1,1,0.0,0,0,2,1,0,0,0,0,3
773,1,1,0.0,0,0,1,0,0,0,0,0,1
774,2,2,0.0,1,0,1,0,0,0,0,0,1
775,3,3,0.9428090415820634,2,0,3,0,0,0,0,0,3
776,1,1,0.0,0,0,1,0,0,0,0,0,1
777,1,1,0.0,0,0,1,0,0,0,0,0,1
778,1,1,0.0,0,0,1,0,0,0,0,0,1
779,2,2,1.0,1,0,1,0,0,0,0,0,1
780,3,3,0.9428090415820634,2,0,2,0,0,0,0,0,2
781,2,2,1.0,1,0,3,0,2,0,0,0,5
782,2,2,1.0,1,0,1,0,0,0,0,0,1
783,2,2,1.0,1,0,1,0,0,0,0,0,1
784,1,1,0.0,0,0,1,0,0,0,0,0,1
785,1,1,0.0,0,0,1,0,0,0,0,0,1
786,2,2,1.0,1,0,4,0,0,0,1,0,4
787,2,2,0.0,1,0,4,0,0,1,0,0,4
788,1,1,0.0,0,0,1,0,0,0,0,0,1
789,2,2,1.0,1,0,1,0,0,0,0,0,1
790,1,1,0.0,0,0,1,0,0,0,0,0,1
791,2,2,0.0,1,0,1,0,0,0,0,0,1
792,1,1,0.0,0,0,3,0,0,0,0,0,2
793,1,1,0.0,0,0,1,0,0,0,0,0,1
794,1,1,0.0,0,0,1,0,0,0,0,0,1
795,2,2,0.0,1,0,1,0,0,0,0,0,1
796,2,2,0.0,1,0,1,0,0,0,0,0,1
797,2,2,0.0,1,0,1,0,0,0,0,0,1
798,1,1,0.0,0,0,1,0,0,0,0,0,1
799,3,3,0.9428090415820634,2,0,3,0,0,0,0,0,3
800,1,1,0.0,0,0,1,0,0,0,0,0,1
801,1,1,0.0,0,0,1,0,0,0,0,0,1
802,2,2,1.0,1,0,1,0,0,0,0,0,1
803,9,9,0.816496580927726,6,0,13,21,3,2,3,8,50
804,9,9,0.816496580927726,6,0,13,21,3,2,3,8,50
805,9,9,0.816496580927726,6,0,13,21,3,2,3,8,50
806,9,9,0.816496580927726,6,0,13,21,3,2,3,8,50
807,9,9,0.816496580927726,6,0,13,21,3,2,3,8,50
808,9,9,0.816496580927726,6,0,13,21,3,2,3,8,50
809,4,4,0.4330127018922193,2,0,7,1,0,1,2,2,13
810,4,4,0.4330127018922193,3,0,5,6,0,0,0,0,11
811,4,4,0.4330127018922193,2,0,7,1,0,1,2,2,13
812,1,1,0.0,0,0,1,0,0,0,0,0,1
813,2,2,1.0,1,0,1,0,0,0,0,0,1
814,2,2,1.0,1,0,1,0,0,0,0,0,1
815,5,5,0.8,4,0,8,2,0,2,4,4,20
816,2,2,1.0,1,0,1,0,0,0,0,0,1
817,2,2,1.0,1,0,1,0,0,0,0,0,1
818,2,2,1.0,1,0,1,0,0,0,0,0,1
819,2,2,1.0,1,0,1,0,0,0,0,0,1
820,2,2,1.0,1,0,1,0,0,0,0,0,1
821,2,2,1.0,1,0,1,0,0,0,0,0,1
822,2,2,1.0,1,0,1,0,0,0,0,0,1
823,7,7,0.6998542122237652,5,0,6,0,0,3,0,0,9
824,2,2,1.0,1,0,1,0,0,0,0,0,1
825,2,2,1.0,1,0,1,0,0,0,0,0,1
826,2,2,1.0,1,0,1,0,0,0,0,0,1
827,4,4,0.0,3,0,3,0,0,3,0,0,6
828,2,2,1.0,1,0,1,0,0,0,0,0,1
829,2,2,1.0,1,0,1,0,0,0,0,0,1
830,2,2,1.0,1,0,1,0,0,0,0,0,1
831,2,2,0.0,1,0,1,0,0,0,0,0,1
832,2,2,0.0,1,0,1,0,0,0,0,0,1
833,2,2,1.0,1,0,1,0,0,0,0,0,1
834,3,3,0.0,2,0,5,6,0,0,0,0,11
835,2,2,1.0,1,0,1,0,0,0,0,0,1
836,3,3,0.9428090415820634,1,0,2,0,0,1,0,0,3
837,28,28,0.6468132241526726,23,0,50,132,31,21,61,174,469
838,2,2,0.0,1,0,1,0,0,0,0,0,1
839,4,4,0.4330127018922193,3,0,5,6,0,0,0,0,11
840,1,1,0.0,0,0,1,0,0,0,0,0,1
841,2,2,1.0,1,0,1,0,0,0,0,0,1
842,8,8,0.0,7,0,26,23,7,7,24,70,157
843,1,1,0.0,0,0,1,0,0,0,0,0,1
844,6,6,0.7453559924999299,5,0,13,9,3,2,9,15,51
845,6,6,0.7453559924999299,4,0,12,10,0,1,11,22,56
846,2,2,1.0,0,0,1,0,0,0,0,0,1
847,5,5,0.0,4,0,15,10,3,1,9,21,59
848,1,1,0.0,0,0,1,0,0,0,0,0,1
849,8,8,0.33071891388307384,7,0,25,19,11,5,24,70,154
850,7,7,0.7284313590846836,5,0,14,13,3,4,11,23,68
851,42,42,0.3375582590180435,40,0,96,96,53,7,0,407,643
852,2,2,1.0,1,0,1,0,0,0,0,0,1
853,2,2,1.0,1,0,1,0,0,0,0,0,1
854,1,1,0.0,0,0,2,0,0,0,1,0,3
855,6,6,0.7453559924999299,4,0,13,13,2,0,0,12,39
856,3,3,0.9428090415820634,2,0,2,0,0,0,0,0,2
857,2,2,0.5,1,0,2,0,0,0,0,1,3
858,2,2,0.0,1,0,1,0,0,0,0,0,1
859,2,2,1.0,1,0,3,1,0,0,1,0,5
860,4,4,0.4330127018922193,3,0,4,1,0,0,0,0,5
861,1,1,0.0,0,0,1,0,0,0,0,0,1
862,2,2,1.0,1,0,1,0,0,0,0,0,1
863,2,2,1.0,1,0,1,0,0,0,0,0,1
864,3,3,0.9428090415820634,2,0,2,0,0,0,0,0,2
865,2,2,1.0,1,0,1,0,0,0,0,0,1
866,2,2,1.0,1,0,1,0,0,0,0,0,1
867,2,2,1.0,1,0,1,0,0,0,0,0,1
868,2,2,1.0,1,0,1,0,0,0,0,0,1
869,2,2,1.0,1,0,1,0,0,0,0,0,1
870,2,2,1.0,1,0,1,0,0,0,0,0,1
871,1,1,0.0,0,0,1,0,0,0,0,0,1
872,4,4,0.8660254037844386,2,0,3,1,0,0,0,0,4
873,2,2,0.0,1,0,1,0,0,0,0,0,1
874,1,1,0.0,0,0,1,0,0,0,0,0,1
875,1,1,0.0,0,0,1,0,0,0,0,0,1
876,2,2,0.5,1,0,4,4,1,0,0,0,9
877,1,1,0.0,0,0,1,0,0,0,0,0,1
878,1,1,0.0,0,0,1,0,0,0,0,0,1
879,6,6,0.37267799624996495,5,0,10,4,1,4,4,4,27
880,6,6,0.37267799624996495,4,0,7,9,3,1,0,0,20
881,2,2,0.0,1,0,1,0,0,0,0,0,1
882,1,1,0.0,0,0,2,1,0,0,0,0,3
883,2,2,0.5,1,0,1,0,0,0,0,0,1
884,2,2,1.0,1,0,1,0,0,0,0,0,1
885,2,2,1.0,1,0,1,0,0,0,0,0,1
886,3,3,0.9428090415820634,2,0,7,4,0,1,2,4,18
887,3,3,0.0,2,0,7,4,0,1,2,4,18
888,3,3,0.9428090415820634,2,0,7,4,0,1,2,4,18
889,2,2,1.0,1,0,1,0,0,0,0,0,1
890,3,3,0.0,2,0,7,4,0,1,2,4,18
891,3,3,0.0,2,0,7,4,0,1,2,4,18
892,3,3,0.0,2,0,7,4,0,1,2,4,18
893,4,4,0.0,3,0,3,0,0,3,0,0,6
894,2,2,1.0,1,0,1,0,0,0,0,0,1
895,2,2,1.0,1,0,1,0,0,0,0,0,1
896,9,9,0.816496580927726,6,0,13,21,3,2,3,8,50
897,2,2,1.0,1,0,1,0,0,0,0,0,1
898,2,2,1.0,1,0,1,0,0,0,0,0,1
899,2,2,1.0,1,0,1,0,0,0,0,0,1
900,1,1,0.0,0,0,1,0,0,0,0,0,1
901,2,2,0.5,1,0,2,1,0,0,0,0,3
902,2,2,0.5,1,0,2,0,0,0,0,0,2
903,2,2,0.5,1,0,2,0,0,0,0,0,2
904,2,2,0.5,1,0,2,0,0,0,0,0,2
905,2,2,1.0,1,0,1,0,0,0,0,0,1
906,2,2,1.0,1,0,1,0,0,0,0,0,1
907,2,2,1.0,1,0,1,0,0,0,0,0,1
908,2,2,0.5,1,0,2,1,0,0,0,0,3
909,2,2,0.5,1,0,2,1,0,0,0,0,3
910,2,2,1.0,1,0,1,0,0,0,0,0,1
911,2,2,1.0,1,0,1,0,0,0,0,0,1
912,2,2,1.0,1,0,1,0,0,0,0,0,1
913,2,2,0.5,1,0,2,0,0,0,0,1,3
914,2,2,1.0,1,0,1,0,0,0,0,0,1
915,2,2,1.0,1,0,1,0,0,0,0,0,1
916,2,2,1.0,1,0,1,0,0,0,0,0,1
917,2,2,1.0,1,0,1,0,0,0,0,0,1
918,2,2,1.0,1,0,1,0,0,0,0,0,1
919,2,2,1.0,1,0,1,0,0,0,0,0,1
920,2,2,1.0,1,0,1,0,0,0,0,0,1
921,2,2,1.0,1,0,1,0,0,0,0,0,1
922,2,2,1.0,1,0,1,0,0,0,0,0,1
923,2,2,0.0,1,0,1,0,0,0,0,0,1
924,2,2,0.5,1,0,2,0,0,0,0,1,3
925,2,2,0.0,1,0,3,1,0,0,0,0,4
926,7,7,0.9035079029052513,5,0,14,3,0,4,6,6,33
927,2,2,1.0,1,0,3,1,0,0,0,0,4
928,2,2,1.0,1,0,1,0,0,0,0,0,1
929,2,2,0.0,1,0,1,0,0,0,0,0,1
930,1,1,0.0,0,0,2,1,0,0,0,0,3
931,3,3,0.4714045207910317,1,1,3,3,0,0,0,0,6
932,5,5,0.8,4,0,8,2,0,2,4,4,20
933,1,1,0.0,0,0,1,0,0,0,0,0,1
934,3,3,0.9428090415820634,2,0,2,0,0,0,0,0,2
935,1,1,0.0,0,0,1,0,0,0,0,0,1
936,7,7,0.0,6,0,8,1,1,1,0,3,14
937,6,6,0.37267799624996495,4,0,7,9,3,1,0,0,20
938,4,4,0.4330127018922193,3,0,4,1,0,0,0,0,5
939,2,2,1.0,1,0,1,0,0,0,0,0,1
940,3,3,0.9428090415820634,2,0,2,0,0,0,0,0,2
941,2,2,0.0,1,0,1,0,0,0,0,0,1
942,2,2,0.0,1,0,1,0,0,0,0,0,1
943,2,2,1.0,1,0,3,1,0,0,1,0,5
944,1,1,0.0,0,0,1,0,0,0,0,0,1
945,2,2,0.5,1,0,1,0,0,0,0,0,1
946,1,1,0.0,0,0,2,0,0,0,1,0,3
947,6,6,0.7453559924999299,4,0,13,13,2,0,0,12,39
948,2,2,1.0,1,0,1,0,0,0,0,0,1
949,2,2,1.0,1,0,1,0,0,0,0,0,1
950,3,3,0.9428090415820634,2,0,2,0,0,0,0,0,2
951,13,13,0.7216024245882199,10,0,24,35,21,9,0,53,142
952,1,1,0.0,0,0,1,0,0,0,0,0,1
953,4,4,0.8660254037844386,2,0,3,1,0,0,0,0,4
954,2,2,0.0,1,0,1,0,0,0,0,0,1
955,1,1,0.0,0,0,1,0,0,0,0,0,1
956,1,1,0.0,0,0,1,0,0,0,0,0,1
957,2,2,0.5,1,0,4,4,1,0,0,0,9
958,1,1,0.0,0,0,1,0,0,0,0,0,1
959,1,1,0.0,0,0,1,0,0,0,0,0,1
960,6,6,0.37267799624996495,5,0,10,4,1,4,4,4,27
961,2,2,1.0,1,0,1,0,0,0,0,0,1
962,33,33,0.7713892158398701,27,0,60,119,34,28,0,234,467
963,5,5,0.9797958971132712,3,0,4,1,0,0,0,1,6
964,7,7,0.4948716593053935,3,0,16,10,10,0,0,4,40
965,4,4,0.0,3,0,10,16,6,1,0,8,41
966,1,1,0.0,0,0,1,0,0,0,0,0,1
967,5,5,0.8,4,0,8,2,0,2,4,4,20
968,1,1,0.0,0,0,1,0,0,0,0,0,1
969,1,1,0.0,0,0,2,1,0,0,0,0,3
970,2,2,0.5,1,0,4,4,1,0,0,0,9
971,1,1,0.0,0,0,1,0,0,0,0,0,1
972,3,3,0.9428090415820634,2,0,4,1,0,0,1,0,6
973,3,3,0.816496580927726,1,0,3,0,0,0,0,0,3
974,2,2,1.0,1,0,1,0,0,0,0,0,1
975,1,1,0.0,0,0,1,0,0,0,0,0,1
976,2,2,1.0,1,0,1,0,0,0,0,0,1
977,1,1,0.0,0,0,1,0,0,0,0,0,1
978,2,2,1.0,1,0,1,0,0,0,0,0,1
979,2,2,1.0,1,0,1,0,0,0,0,0,1
980,2,2,1.0,1,0,1,0,0,0,0,0,1
981,2,2,1.0,1,0,1,0,0,0,0,0,1
982,2,2,1.0,1,0,1,0,0,0,0,0,1
983,2,2,1.0,1,0,1,0,0,0,0,0,1
984,2,2,1.0,1,0,1,0,0,0,0,0,1
985,2,2,1.0,1,0,1,0,0,0,0,0,1
986,3,3,0.9428090415820634,2,0,7,4,0,1,2,4,18
987,3,3,0.0,2,0,7,4,0,1,2,4,18
988,3,3,0.9428090415820634,2,0,7,4,0,1,2,4,18
989,3,3,0.0,2,0,7,4,0,1,2,4,18
990,3,3,0.0,2,0,7,4,0,1,2,4,18
991,3,3,0.0,2,0,7,4,0,1,2,4,18
992,1,1,0.0,0,0,1,0,0,0,0,0,1
993,3,3,0.9428090415820634,2,0,2,0,0,0,0,0,2
994,13,13,0.7216024245882199,10,0,24,35,21,9,0,53,142
995,7,7,0.9035079029052513,5,0,14,3,0,4,6,6,33
996,4,4,0.0,3,0,3,0,0,3,0,0,6
997,2,2,1.0,1,0,1,0,0,0,0,0,1
998,2,2,1.0,1,0,1,0,0,0,0,0,1
999,2,2,0.5,1,0,2,1,0,0,0,0,3
1000,2,2,0.5,1,0,2,1,0,0,0,0,3
1001,2,2,0.5,1,0,2,0,0,0,0,1,3
1002,2,2,1.0,1,0,1,0,0,0,0,0,1
1003,2,2,1.0,1,0,1,0,0,0,0,0,1
1004,2,2,1.0,1,0,1,0,0,0,0,0,1
1005,2,2,1.0,1,0,1,0,0,0,0,0,1
1006,2,2,1.0,1,0,1,0,0,0,0,0,1
1007,2,2,1.0,1,0,1,0,0,0,0,0,1
1008,2,2,0.5,1,0,2,1,0,0,0,0,3
1009,2,2,0.5,1,0,2,0,0,0,0,0,2
1010,2,2,0.5,1,0,2,0,0,0,0,1,3
1011,2,2,0.5,1,0,2,0,0,0,0,0,2
1012,2,2,0.5,1,0,2,0,0,0,0,0,2
1013,2,2,0.0,1,0,1,0,0,0,0,0,1
1014,2,2,0.0,1,0,3,1,0,0,0,0,4
1015,2,2,1.0,1,0,1,0,0,0,0,0,1
1016,6,6,0.37267799624996495,4,0,7,9,3,1,0,0,20
1017,2,2,1.0,1,0,3,1,0,0,1,0,5
1018,2,2,1.0,1,0,1,0,0,0,0,0,1
1019,3,3,0.4714045207910317,2,0,3,0,0,0,0,0,3
1020,1,1,0.0,0,0,1,0,0,0,0,0,1
1021,2,2,1.0,1,0,1,0,0,0,0,0,1
1022,2,2,0.5,1,0,2,0,0,0,0,0,2
1023,2,2,1.0,1,0,1,0,0,0,0,0,1
1024,3,3,0.9428090415820634,2,0,2,0,0,0,0,0,2
1025,4,4,0.4330127018922193,3,0,4,1,0,0,0,0,5
1026,3,3,0.9428090415820634,2,0,2,0,0,0,0,0,2
1027,1,1,0.0,0,0,2,0,0,0,1,0,3
1028,2,2,0.5,1,0,1,0,0,0,0,0,1
1029,6,6,0.7453559924999299,4,0,13,13,2,0,0,12,39
1030,2,2,1.0,1,0,1,0,0,0,0,0,1
1031,2,2,1.0,1,0,1,0,0,0,0,0,1
1032,2,2,1.0,1,0,1,0,0,0,0,0,1
1033,2,2,1.0,1,0,1,0,0,0,0,0,1
1034,1,1,0.0,0,0,1,0,0,0,0,0,1
1035,4,4,0.8660254037844386,2,0,3,1,0,0,0,0,4
1036,2,2,0.0,1,0,1,0,0,0,0,0,1
1037,1,1,0.0,0,0,1,0,0,0,0,0,1
1038,1,1,0.0,0,0,1,0,0,0,0,0,1
1039,2,2,0.5,1,0,4,4,1,0,0,0,9
1040,1,1,0.0,0,0,1,0,0,0,0,0,1
1041,1,1,0.0,0,0,1,0,0,0,0,0,1
1042,6,6,0.37267799624996495,5,0,10,4,1,4,4,4,27
1043,2,2,1.0,1,0,1,0,0,0,0,0,1
1044,2,2,1.0,1,0,1,0,0,0,0,0,1
1045,33,33,0.7713892158398701,27,0,60,119,34,28,0,234,467
1046,5,5,0.9797958971132712,3,0,4,1,0,0,0,1,6
1047,7,7,0.4948716593053935,3,0,16,10,10,0,0,4,40
1048,4,4,0.0,3,0,10,16,6,1,0,8,41
1049,5,5,0.8,4,0,8,2,0,2,4,4,20
1050,1,1,0.0,0,0,1,0,0,0,0,0,1
1051,1,1,0.0,0,0,1,0,0,0,0,0,1
1052,1,1,0.0,0,0,2,1,0,0,0,0,3
1053,2,2,0.5,1,0,4,4,1,0,0,0,9
1054,1,1,0.0,0,0,1,0,0,0,0,0,1
1055,3,3,0.9428090415820634,2,0,4,1,0,0,1,0,6
1056,3,3,0.816496580927726,1,0,3,0,0,0,0,0,3
1057,1,1,0.0,0,0,1,0,0,0,0,0,1
1058,2,2,0.0,1,0,1,0,0,0,0,0,1
1059,2,2,1.0,0,0,1,0,0,0,0,0,1
1060,2,2,1.0,1,0,1,0,0,0,0,0,1
1061,1,1,0.0,0,0,2,0,1,0,0,0,3
1062,3,3,0.9428090415820634,1,0,2,0,0,0,0,0,2
1063,1,1,0.0,0,0,2,0,0,0,0,0,1
1064,1,1,0.0,0,0,1,0,0,0,0,0,1
1065,2,2,0.0,1,0,1,0,0,0,0,0,1
1066,2,2,0.5,1,0,2,0,0,0,0,0,2
1067,2,2,1.0,1,0,1,0,0,0,0,0,1
1068,2,2,0.5,1,0,2,0,0,0,0,0,2
1069,2,2,0.5,1,0,2,0,0,0,0,0,2
1070,1,1,0.0,0,0,1,0,0,0,0,0,1
1071,2,2,1.0,1,0,1,0,0,0,0,0,1
1072,2,2,1.0,1,0,1,0,0,0,0,0,1
1073,2,2,1.0,1,0,1,0,0,0,0,0,1
1074,1,1,0.0,0,0,2,0,0,0,0,0,2
1075,3,3,0.9428090415820634,2,0,2,0,0,0,0,0,2
1076,2,2,1.0,1,0,1,0,0,0,0,0,1
1077,3,3,0.9428090415820634,2,0,3,0,0,0,0,1,4
1078,2,2,0.0,1,0,1,0,0,0,0,0,1
1079,2,2,0.0,1,0,1,0,0,0,0,0,1
1080,8,8,0.9270248108869579,3,0,9,1,1,0,0,1,12
1081,1,1,0.0,0,0,1,0,0,0,0,0,1
1082,1,1,0.0,0,0,2,1,0,0,0,0,3
1083,1,1,0.0,0,0,1,0,0,0,0,0,1
1084,6,6,0.37267799624996495,4,1,12,11,3,1,0,3,30
1085,2,2,1.0,0,0,1,0,0,0,0,0,1
1086,4,4,0.0,3,0,9,5,0,0,0,0,14
1087,3,3,0.9428090415820634,2,0,6,3,0,0,0,0,9
1088,8,8,0.6614378277661477,7,0,9,8,0,0,0,6,23
1089,1,1,0.0,0,0,1,0,0,0,0,0,1
1090,3,3,0.0,2,0,2,0,0,0,0,0,2
1091,3,3,0.4714045207910317,1,0,5,4,1,0,0,1,11
1092,1,1,0.0,0,0,1,0,0,0,0,0,1
1093,2,2,0.5,1,0,2,1,0,0,0,0,3
1094,2,2,0.5,1,0,2,1,0,0,0,0,3
1095,2,2,0.0,1,0,3,1,0,0,0,0,4
1096,3,3,0.816496580927726,1,0,3,0,0,0,0,1,4
1097,15,15,0.8692269873603532,9,2,19,12,6,6,0,18,61
1098,6,6,0.37267799624996495,5,0,21,19,9,4,10,55,117
1099,1,1,0.0,0,0,3,0,0,0,0,0,3
1100,2,2,0.5,1,0,2,1,0,0,0,0,3
1101,2,2,1.0,1,0,1,0,0,0,0,0,1
1102,1,1,0.0,0,0,1,0,0,0,0,0,1
1103,1,1,0.0,0,0,1,0,0,0,0,0,1
1104,1,1,0.0,0,0,1,0,0,0,0,0,1
1105,3,3,0.9428090415820634,2,0,2,1,0,0,0,0,3
1106,2,2,1.0,1,0,1,0,0,0,0,0,1
1107,3,3,0.9428090415820634,2,0,2,1,0,0,0,0,3
1108,2,2,0.5,1,0,2,0,0,0,0,0,2
1109,2,2,1.0,0,0,1,0,0,0,0,0,1
1110,7,7,0.0,6,0,19,20,5,1,0,26,71
1111,4,4,0.8660254037844386,2,0,3,1,0,0,0,0,4
1112,1,1,0.0,0,0,1,0,0,0,0,0,1
1113,4,4,0.82915619758885,1,1,5,3,1,1,0,1,11
1114,3,3,0.9428090415820634,2,0,2,0,0,0,0,0,2
1115,1,1,0.0,0,0,1,0,0,0,0,0,1
1116,3,3,0.9428090415820634,2,0,2,1,0,0,0,0,3
1117,2,2,1.0,1,0,1,0,0,0,0,0,1
1118,2,2,0.0,1,0,1,0,0,0,0,0,1
1119,7,7,0.7284313590846836,4,0,9,7,0,1,0,3,20
1120,2,2,0.5,1,0,4,2,1,0,0,3,10
1121,2,2,1.0,1,0,1,0,0,0,0,0,1
1122,1,1,0.0,0,0,2,1,0,0,0,0,3
1123,1,1,0.0,0,0,1,0,0,0,0,0,1
1124,2,2,0.5,1,0,4,2,1,0,0,2,9
1125,1,1,0.0,0,0,1,0,0,0,0,0,1
1126,6,6,0.8975274678557507,3,0,6,0,1,1,0,1,9
1127,1,1,0.0,0,0,2,1,0,0,0,0,3
1128,1,1,0.0,0,0,2,1,0,0,0,0,3
1129,4,4,0.4330127018922193,3,0,5,0,0,0,0,0,5
1130,1,1,0.0,0,0,1,0,0,0,0,0,1
1131,2,2,1.0,1,0,3,3,0,0,0,0,6
1132,1,1,0.0,0,0,2,1,0,0,0,0,3
1133,2,2,1.0,1,0,3,3,0,0,0,0,6
1134,2,2,1.0,1,0,3,3,0,0,0,0,6
1135,1,1,0.0,0,0,1,0,0,0,0,0,1
1136,1,1,0.0,0,0,2,1,0,0,0,0,3
1137,2,2,1.0,1,0,1,0,0,0,0,0,1
1138,2,2,1.0,1,0,1,0,0,0,0,0,1
1139,2,2,1.0,1,0,1,0,0,0,0,0,1
1140,2,2,1.0,1,0,1,0,0,0,0,0,1
1141,2,2,1.0,1,0,1,0,0,0,0,0,1
1142,2,2,0.0,1,0,1,0,0,0,0,0,1
1143,3,3,0.9428090415820634,2,0,2,1,0,0,0,0,3
1144,3,3,0.9428090415820634,2,0,2,1,0,0,0,0,3
1145,1,1,0.0,0,0,1,0,0,0,0,0,1
1146,1,1,0.0,0,0,1,0,0,0,0,0,1
1147,3,3,0.9428090415820634,2,0,2,1,0,0,0,0,3
1148,1,1,0.0,0,0,1,0,0,0,0,0,1
1149,3,3,0.4714045207910317,2,0,5,1,0,0,0,0,6
1150,8,8,0.8660254037844386,6,0,12,7,6,3,0,4,32
1151,1,1,0.0,0,0,1,0,0,0,0,0,1
1152,3,3,0.9428090415820634,2,0,2,1,0,0,0,0,3
1153,1,1,0.0,0,0,1,0,0,0,0,0,1
1154,1,1,0.0,0,0,1,0,0,0,0,0,1
1155,2,2,0.0,1,0,1,0,0,0,0,0,1
1156,2,2,1.0,1,0,1,0,0,0,0,0,1
1157,2,2,1.0,1,0,1,0,0,0,0,0,1
1158,2,2,1.0,0,0,1,0,0,0,0,0,1
1159,2,2,0.0,1,0,1,0,0,0,0,0,1
1160,3,3,0.4714045207910317,0,1,2,1,0,0,0,0,3
1161,1,1,0.0,0,0,1,0,0,0,0,0,1
1162,2,2,1.0,1,0,1,0,0,0,0,0,1
1163,2,2,0.0,1,0,1,0,0,0,0,0,1
1164,1,1,0.0,0,0,1,0,0,0,0,0,1
1165,2,2,0.5,1,0,2,1,0,0,0,0,3
1166,2,2,0.5,1,0,2,1,0,0,0,0,3
1167,1,1,0.0,0,0,1,0,0,0,0,0,1
1168,2,2,1.0,1,0,1,0,0,0,0,0,1
1169,2,2,0.5,1,0,2,0,0,1,0,0,3
1170,1,1,0.0,0,0,1,0,0,0,0,0,1
1171,2,2,0.5,0,1,1,0,0,0,0,0,1
1172,2,2,1.0,1,0,1,0,0,0,0,0,1
1173,1,1,0.0,0,0,1,0,0,0,0,0,1
1174,3,3,0.4714045207910317,2,0,3,0,0,0,0,0,3
1175,2,2,0.0,1,0,1,0,0,0,0,0,1
1176,2,2,1.0,1,0,1,0,0,0,0,0,1
1177,2,2,1.0,1,0,1,0,0,0,0,0,1
1178,2,2,0.0,1,0,1,0,0,0,0,0,1
1179,3,3,0.9428090415820634,2,0,3,0,0,0,0,0,3
1180,2,2,1.0,0,0,1,0,0,0,0,0,1
1181,1,1,0.0,0,0,1,0,0,0,0,0,1
1182,1,1,0.0,0,0,1,0,0,0,0,0,1
1183,5,5,0.8,3,0,7,4,7,3,2,2,25
1184,5,5,0.8,3,0,7,1,2,1,2,2,15
1185,26,26,0.48192169562083337,22,0,49,75,14,11,21,155,325
1186,2,2,0.0,1,0,1,0,0,0,0,0,1
1187,2,2,1.0,0,0,1,0,0,0,0,0,1
1188,2,2,1.0,1,0,4,1,1,1,0,0,6
1189,2,2,1.0,0,0,1,0,0,0,0,0,1
1190,2,2,0.5,0,1,1,0,0,0,0,0,1
1191,1,1,0.0,0,0,1,0,0,0,0,0,1
1192,4,4,1.0,2,0,3,0,1,0,0,0,4
1193,4,4,0.4330127018922193,3,0,7,4,0,0,0,6,17
1194,3,3,0.4714045207910317,0,1,2,1,0,0,0,0,3
1195,1,1,0.0,0,0,1,0,0,0,0,0,1
1196,2,2,1.5,1,0,1,0,0,0,0,0,1
1197,2,2,1.0,1,0,1,0,0,0,0,0,1
1198,5,5,0.4898979485566356,4,0,7,4,1,1,0,0,12
1199,2,2,0.0,1,0,3,1,0,0,0,0,4
1200,1,1,0.0,0,0,1,0,0,0,0,0,1
1201,9,9,0.6849348892187751,6,0,14,17,10,6,0,19,66
1202,4,4,1.0,2,0,3,0,0,1,0,0,4
1203,4,4,0.82915619758885,2,0,5,2,0,1,0,1,8
1204,1,1,0.0,0,0,1,0,0,0,0,0,1
1205,3,3,0.4714045207910317,1,0,3,1,0,0,0,1,5
1206,1,1,0.0,0,0,1,0,0,0,0,0,1
1207,2,2,1.0,1,0,1,0,0,0,0,0,1
1208,3,3,0.9428090415820634,1,0,2,0,0,0,0,0,2
1209,2,2,0.0,1,0,1,0,0,0,0,0,1
1210,2,2,0.5,1,0,2,1,0,0,0,0,3
1211,2,2,1.0,1,0,1,0,0,0,0,0,1
1212,2,2,0.0,1,0,1,0,0,0,0,0,1
1213,1,1,0.0,0,0,1,0,0,0,0,0,1
1214,1,1,0.0,0,0,1,0,0,0,0,0,1
1215,2,2,0.0,1,0,1,0,0,0,0,0,1
1216,1,1,0.0,0,0,1,0,0,0,0,0,1
1217,1,1,0.0,0,0,1,0,0,0,0,0,1
1218,2,2,1.0,1,0,1,0,0,0,0,0,1
1219,2,2,1.0,1,0,1,0,0,0,0,0,1
1220,2,2,1.0,0,0,1,0,0,0,0,0,1
1221,1,1,0.0,0,0,1,0,0,0,0,0,1
1222,2,2,1.0,1,0,1,0,0,0,0,0,1
1223,2,2,1.0,1,0,1,0,0,0,0,0,1
1224,2,2,1.0,1,0,1,0,0,0,0,0,1
1225,2,2,1.0,1,0,1,0,0,0,0,0,1
1226,2,2,1.0,1,0,1,0,0,0,0,0,1
1227,2,2,1.0,1,0,1,0,0,0,0,0,1
1228,15,15,0.49888765156985887,1,0,14,0,0,0,0,91,105
1229,1,1,0.0,0,0,1,0,0,0,0,0,1
1230,1,1,0.0,0,0,1,0,0,0,0,0,1
1231,2,2,1.0,1,0,1,0,0,0,0,0,1
1232,1,1,0.0,0,0,1,0,0,0,0,0,1
1233,1,1,0.0,0,0,1,0,0,0,0,0,1
1234,4,4,0.5,2,0,5,3,1,1,0,0,10
1235,2,2,1.0,1,0,1,0,0,0,0,0,1
1236,2,2,0.0,0,1,2,0,1,0,0,0,3
1237,2,2,1.0,1,0,1,0,0,0,0,0,1
1238,2,2,1.0,1,0,1,0,0,0,0,0,1
1239,15,15,0.49888765156985887,1,0,14,0,0,0,0,91,105
1240,2,2,1.0,1,0,1,0,0,0,0,0,1
1241,3,3,0.816496580927726,1,1,2,1,0,0,0,0,3
1242,2,2,0.0,0,1,2,0,1,0,0,0,3
1243,2,2,1.0,1,0,1,0,0,0,0,0,1
1244,3,3,0.816496580927726,1,1,2,0,1,0,0,0,3
1245,1,1,0.0,0,0,2,1,0,0,0,0,3
1246,2,2,1.0,1,0,1,0,0,0,0,0,1
1247,2,2,0.5,0,1,1,0,0,0,0,0,1
1248,2,2,1.0,1,0,1,0,0,0,0,0,1
1249,2,2,0.5,1,1,1,0,0,0,0,0,1
1250,2,2,1.0,1,0,1,0,0,0,0,0,1
1251,2,2,0.5,1,1,1,0,0,0,0,0,1
1252,2,2,1.0,1,0,1,0,0,0,0,0,1
1253,2,2,0.5,1,1,1,0,0,0,0,0,1
1254,2,2,1.0,1,0,1,0,0,0,0,0,1
1255,2,2,0.5,1,1,1,0,0,0,0,0,1
1256,2,2,1.0,1,0,1,0,0,0,0,0,1
1257,2,2,0.5,1,1,1,0,0,0,0,0,1
1258,2,2,1.0,1,0,1,0,0,0,0,0,1
1259,2,2,1.0,1,0,1,0,0,0,0,0,1
1260,2,2,1.0,1,0,1,0,0,0,0,0,1
1261,3,3,0.9428090415820634,2,0,2,1,0,0,0,0,3
1262,11,11,0.5749595745760689,1,0,10,0,0,0,0,45,55
1263,10,10,0.6,1,0,9,0,0,0,0,36,45
1264,2,2,0.5,0,1,1,0,0,0,0,0,1
1265,2,2,0.5,1,0,2,0,0,0,0,0,2
1266,2,2,0.0,1,0,3,1,0,0,0,0,4
1267,2,2,1.0,1,0,1,0,0,0,0,0,1
1268,9,9,0.6285393610547089,1,0,8,0,0,0,0,28,36
1269,2,2,1.0,1,0,1,0,0,0,0,0,1
1270,2,2,1.0,1,0,1,0,0,0,0,0,1
1271,12,12,0.5527707983925667,1,0,11,0,0,0,0,55,66
1272,2,2,1.0,1,0,1,0,0,0,0,0,1
1273,2,2,1.0,1,0,1,0,0,0,0,0,1
1274,2,2,1.0,1,0,1,0,0,0,0,0,1
1275,2,2,1.0,1,0,1,0,0,0,0,0,1
1276,2,2,1.0,1,0,1,0,0,0,0,0,1
1277,2,2,1.0,1,0,1,0,0,0,0,0,1
1278,13,13,0.532938710021193,1,0,12,0,0,0,0,66,78
1279,14,14,0.5150787536377128,1,0,13,0,0,0,0,78,91
1280,2,2,0.0,0,0,1,0,0,0,0,0,1
1281,2,2,0.0,0,0,1,0,0,0,0,0,1
1282,7,7,0.8329931278350429,3,2,8,4,1,0,0,3,16
1283,2,2,0.0,0,1,2,0,1,0,0,0,3
1284,2,2,1.0,1,0,1,0,0,0,0,0,1
1285,4,4,1.0,2,0,3,3,0,0,0,0,6
1286,2,2,1.0,1,0,1,0,0,0,0,0,1
1287,13,13,0.532938710021193,1,0,12,0,0,0,0,66,78
1288,2,2,1.0,1,0,1,0,0,0,0,0,1
1289,2,2,0.5,1,1,1,0,0,0,0,0,1
1290,12,12,0.5527707983925667,1,0,11,0,0,0,0,55,66
1291,4,4,0.5,2,0,5,3,1,1,0,0,10
1292,2,2,1.0,1,0,1,0,0,0,0,0,1
1293,2,2,0.5,1,1,1,0,0,0,0,0,1
1294,2,2,1.0,1,0,1,0,0,0,0,0,1
1295,14,14,0.5150787536377128,1,0,13,0,0,0,0,78,91
1296,4,4,0.82915619758885,2,0,4,1,0,0,0,0,5
1297,3,3,0.9428090415820634,1,0,2,0,0,0,0,0,2
1298,2,2,1.0,1,0,1,0,0,0,0,0,1
1299,2,2,1.0,1,0,1,0,0,0,0,0,1
1300,2,2,1.0,1,0,1,0,0,0,0,0,1
1301,3,3,0.9428090415820634,1,0,2,0,0,0,0,1,3
1302,2,2,1.0,1,0,1,0,0,0,0,0,1
1303,2,2,1.0,1,0,1,0,0,0,0,0,1
1304,2,2,1.0,1,0,1,0,0,0,0,0,1
1305,3,3,0.9428090415820634,1,0,2,0,0,0,0,1,3
1306,2,2,1.0,1,0,1,0,0,0,0,0,1
1307,3,3,0.9428090415820634,1,0,2,0,0,0,0,1,3
1308,3,3,0.9428090415820634,1,0,2,0,0,0,0,1,3
1309,3,3,0.9428090415820634,1,0,2,0,0,0,0,1,3
1310,3,3,0.9428090415820634,1,0,2,0,0,0,0,1,3
1311,3,3,0.9428090415820634,1,0,2,0,0,0,0,1,3
1312,3,3,0.9428090415820634,1,0,2,0,0,0,0,1,3
1313,2,2,1.0,1,0,1,0,0,0,0,0,1
1314,2,2,0.5,1,0,2,1,0,0,0,0,3
1315,2,2,0.5,1,0,2,1,0,0,0,0,3
1316,2,2,0.5,1,0,2,1,0,0,0,0,3
1317,2,2,0.5,1,0,2,1,0,0,0,0,3
1318,2,2,0.5,1,0,2,1,0,0,0,0,3
1319,2,2,0.5,1,0,2,1,0,0,0,0,3
1320,3,3,0.9428090415820634,1,0,2,0,0,0,0,1,3
1321,3,3,0.9428090415820634,1,0,2,0,0,0,0,1,3
1322,2,2,1.0,1,0,1,0,0,0,0,0,1
1323,2,2,1.0,1,0,1,0,0,0,0,0,1
1324,2,2,1.0,1,0,1,0,0,0,0,0,1
1325,2,2,1.0,1,0,1,0,0,0,0,0,1
1326,4,4,0.8660254037844386,1,0,3,0,0,0,0,3,6
1327,2,2,1.0,1,0,1,0,0,0,0,0,1
1328,3,3,0.9428090415820634,1,0,2,0,0,0,0,1,3
1329,3,3,0.9428090415820634,1,0,2,0,0,0,0,1,3
1330,3,3,0.9428090415820634,1,0,2,0,0,0,0,1,3
1331,3,3,0.9428090415820634,1,0,2,0,0,0,0,1,3
1332,2,2,1.0,1,0,1,0,0,0,0,0,1
1333,3,3,0.9428090415820634,1,0,2,0,0,0,0,1,3
1334,2,2,1.0,1,0,1,0,0,0,0,0,1
1335,2,2,1.0,1,0,1,0,0,0,0,0,1
1336,2,2,1.0,1,0,1,0,0,0,0,0,1
1337,3,3,0.9428090415820634,1,0,2,0,0,1,0,0,3
1338,3,3,0.9428090415820634,1,0,2,0,0,1,0,0,3
1339,5,5,0.8,3,0,5,2,0,0,0,1,8
1340,2,2,0.0,1,0,1,0,0,0,0,0,1
1341,2,2,1.0,1,0,1,0,0,0,0,0,1
1342,2,2,1.0,1,0,1,0,0,0,0,0,1
1343,2,2,1.0,1,0,1,0,0,0,0,0,1
1344,2,2,1.0,1,0,1,0,0,0,0,0,1
1345,2,2,1.0,1,0,1,0,0,0,0,0,1
1346,3,3,0.9428090415820634,1,0,2,0,0,0,0,1,3
1347,2,2,1.0,1,0,1,0,0,0,0,0,1
1348,2,2,1.0,1,0,1,0,0,0,0,0,1
1349,3,3,0.9428090415820634,1,0,2,0,0,0,0,1,3
1350,2,2,1.0,1,0,1,0,0,0,0,0,1
1351,3,3,0.9428090415820634,1,0,2,0,0,0,0,1,3
1352,2,2,1.0,1,0,1,0,0,0,0,0,1
1353,3,3,0.9428090415820634,1,0,2,0,0,0,0,1,3
1354,2,2,1.0,1,0,1,0,0,0,0,0,1
1355,5,5,0.8,1,0,4,0,0,0,0,6,10
1356,2,2,1.0,1,0,1,0,0,0,0,0,1
1357,3,3,0.9428090415820634,1,0,2,0,0,0,0,1,3
1358,2,2,1.0,1,0,1,0,0,0,0,0,1
1359,3,3,0.9428090415820634,1,0,2,0,0,0,0,1,3
1360,2,2,1.0,1,0,1,0,0,0,0,0,1
1361,2,2,1.0,1,0,1,0,0,0,0,0,1
1362,2,2,1.0,1,0,1,0,0,0,0,0,1
1363,2,2,1.0,1,0,1,0,0,0,0,0,1
1364,2,2,1.0,1,0,1,0,0,0,0,0,1
1365,5,5,0.4,4,0,7,3,0,0,0,8,18
1366,6,6,0.7637626158259734,4,0,8,6,3,1,0,12,30
1367,2,2,1.0,1,0,1,0,0,0,0,0,1
1368,7,7,0.7284313590846836,5,0,9,5,2,1,0,12,29
1369,3,3,0.9428090415820634,1,0,2,0,0,0,0,0,2
1370,3,3,0.9428090415820634,1,0,2,0,0,0,0,0,2
1371,3,3,0.9428090415820634,1,0,2,0,0,0,0,0,2
1372,3,3,0.4714045207910317,1,0,3,1,1,1,0,0,6
1373,3,3,0.9428090415820634,1,0,2,0,0,0,0,0,2
1374,3,3,0.9428090415820634,1,0,2,0,0,0,0,0,2
1375,3,3,0.9428090415820634,1,0,2,0,0,0,0,0,2
1376,3,3,0.4714045207910317,1,0,3,1,0,0,0,0,4
1377,7,7,0.7284313590846836,5,0,7,4,2,1,0,4,18
1378,2,2,1.0,1,0,1,0,0,0,0,0,1
1379,2,2,0.0,1,0,1,0,0,0,0,0,1
1380,1,1,0.0,0,0,2,0,0,0,0,1,3
1381,2,2,0.0,1,0,1,0,0,0,0,0,1
1382,3,3,0.9428090415820634,1,0,2,0,0,0,0,0,2
1383,2,2,1.0,1,0,1,0,0,0,0,0,1
1384,5,5,0.8,3,0,5,2,0,0,0,1,8
1385,5,5,0.8,3,0,5,2,0,0,0,1,8
1386,2,2,0.0,1,0,1,0,0,0,0,0,1
1387,2,2,1.0,1,0,1,0,0,0,0,0,1
1388,3,3,0.9428090415820634,1,0,2,0,0,0,0,1,3
1389,3,3,0.9428090415820634,1,0,2,0,0,0,0,1,3
1390,2,2,1.0,1,0,1,0,0,0,0,0,1
1391,2,2,1.0,1,0,1,0,0,0,0,0,1
1392,2,2,1.0,1,0,1,0,0,0,0,0,1
1393,2,2,1.0,1,0,1,0,0,0,0,0,1
1394,2,2,1.0,1,0,1,0,0,0,0,0,1
1395,2,2,0.0,1,0,1,0,0,0,0,0,1
1396,3,3,0.9428090415820634,1,0,2,0,0,0,0,1,3
1397,3,3,0.9428090415820634,1,0,2,0,0,0,0,1,3
1398,3,3,0.9428090415820634,1,0,2,0,0,0,0,1,3
1399,3,3,0.9428090415820634,1,0,2,0,0,0,0,1,3
1400,3,3,0.9428090415820634,1,0,2,0,0,0,0,1,3
1401,3,3,0.9428090415820634,1,0,2,0,0,0,0,1,3
1402,2,2,1.0,1,0,1,0,0,0,0,0,1
1403,2,2,1.0,1,0,1,0,0,0,0,0,1
1404,2,2,0.0,1,0,1,0,0,0,0,0,1
1405,5,5,0.4898979485566356,3,0,6,5,3,1,0,1,16
1406,2,2,0.5,1,0,2,1,0,0,0,0,3
1407,2,2,0.5,1,0,2,1,0,0,0,0,3
1408,2,2,0.5,1,0,2,1,0,0,0,0,3
1409,2,2,0.5,1,0,2,1,0,0,0,0,3
1410,2,2,1.0,1,0,1,0,0,0,0,0,1
1411,3,3,0.9428090415820634,1,0,2,0,0,0,0,0,2
1412,2,2,0.5,1,0,2,0,0,0,0,1,3
1413,4,4,0.8660254037844386,2,0,3,0,0,1,0,0,4
1414,2,2,1.0,1,0,1,0,0,0,0,0,1
1415,2,2,0.0,1,0,1,0,0,0,0,0,1
1416,1,1,0.0,0,0,1,0,0,0,0,0,1
1417,3,3,0.4714045207910317,1,0,3,1,0,0,0,0,4
1418,2,2,0.5,1,0,2,1,0,0,0,0,3
1419,3,3,0.9428090415820634,1,0,2,0,0,0,0,0,2
1420,4,4,0.4330127018922193,2,0,4,0,1,1,0,0,6
1421,2,2,0.5,1,1,1,0,0,0,0,0,1
1422,3,3,0.9428090415820634,1,0,2,0,0,0,0,0,2
1423,2,2,0.5,1,0,2,1,0,0,0,0,3
1424,1,1,0.0,0,0,1,0,0,0,0,0,1
1425,2,2,0.0,1,0,3,2,0,0,0,1,6
1426,2,2,0.5,1,0,2,0,0,0,0,0,2
1427,1,1,0.0,0,0,2,0,0,0,0,0,1
1428,39,39,0.6975113081402792,19,9,75,138,98,25,63,264,660
1429,3,3,1.247219128924647,2,1,2,1,0,0,0,0,3
1430,35,35,0.6477590885002648,19,9,77,149,95,18,62,263,661
1431,2,2,0.5,1,1,1,0,0,0,0,0,1
1432,2,2,0.5,1,0,2,1,0,0,0,0,3
1433,1,1,0.0,0,0,1,0,0,0,0,0,1
1434,2,2,0.0,1,0,3,2,0,0,0,1,6
1435,2,2,0.5,1,0,2,0,0,0,0,0,2
1436,3,3,1.247219128924647,2,1,2,1,0,0,0,0,3
1437,2,2,1.0,1,0,1,0,0,0,0,0,1
1438,2,2,1.0,1,0,1,0,0,0,0,0,1
1439,3,3,0.9428090415820634,1,0,2,0,0,1,0,0,3
1440,3,3,0.9428090415820634,1,0,2,0,0,1,0,0,3
1441,3,3,0.9428090415820634,1,0,2,0,0,0,0,1,3
1442,3,3,0.9428090415820634,1,0,2,0,0,0,0,1,3
1443,2,2,1.0,1,0,1,0,0,0,0,0,1
1444,3,3,0.9428090415820634,1,0,2,0,0,0,0,1,3
1445,2,2,1.0,1,0,1,0,0,0,0,0,1
1446,4,4,0.8660254037844386,1,0,3,0,0,0,0,3,6
1447,2,2,1.0,1,0,1,0,0,0,0,0,1
1448,2,2,1.0,1,0,1,0,0,0,0,0,1
1449,3,3,0.9428090415820634,1,0,2,0,0,0,0,1,3
1450,3,3,0.9428090415820634,1,0,2,0,0,0,0,1,3
1451,3,3,0.9428090415820634,1,0,2,0,0,0,0,1,3
1452,3,3,0.9428090415820634,1,0,2,0,0,0,0,1,3
1453,3,3,0.9428090415820634,1,0,2,0,0,0,0,1,3
1454,2,2,1.0,1,0,1,0,0,0,0,0,1
1455,3,3,0.9428090415820634,1,0,2,0,0,0,0,1,3
1456,2,2,1.0,1,0,1,0,0,0,0,0,1
1457,2,2,1.0,1,0,1,0,0,0,0,0,1
1458,2,2,1.0,1,0,1,0,0,0,0,0,1
1459,3,3,0.9428090415820634,1,0,2,0,0,0,0,1,3
1460,5,5,0.8,3,0,5,2,0,0,0,1,8
1461,3,3,0.9428090415820634,1,0,2,0,0,1,0,0,3
1462,3,3,0.9428090415820634,1,0,2,0,0,0,0,0,2
1463,3,3,0.9428090415820634,1,0,2,0,0,0,0,1,3
1464,2,2,1.0,1,0,1,0,0,0,0,0,1
1465,3,3,0.9428090415820634,1,0,2,0,0,0,0,1,3
1466,2,2,1.0,1,0,1,0,0,0,0,0,1
1467,2,2,1.0,1,0,1,0,0,0,0,0,1
1468,4,4,0.8660254037844386,1,0,3,0,0,0,0,3,6
1469,2,2,1.0,1,0,1,0,0,0,0,0,1
1470,2,2,0.5,1,0,2,0,0,0,0,1,3
1471,2,2,1.0,1,0,1,0,0,0,0,0,1
1472,3,3,0.9428090415820634,1,0,2,0,0,0,0,1,3
1473,3,3,0.9428090415820634,1,0,2,0,0,0,0,1,3
1474,3,3,0.9428090415820634,1,0,2,0,0,0,0,1,3
1475,3,3,0.9428090415820634,1,0,2,0,0,0,0,1,3
1476,3,3,0.9428090415820634,1,0,2,0,0,0,0,1,3
1477,2,2,1.0,1,0,1,0,0,0,0,0,1
1478,3,3,0.9428090415820634,1,0,2,0,0,0,0,1,3
1479,2,2,1.0,1,0,1,0,0,0,0,0,1
1480,2,2,1.0,1,0,1,0,0,0,0,0,1
1481,2,2,1.0,1,0,1,0,0,0,0,0,1
1482,2,2,1.0,1,0,1,0,0,0,0,0,1
1483,2,2,1.0,1,0,1,0,0,0,0,0,1
1484,2,2,0.0,1,0,3,0,0,0,0,3,6
1485,2,2,1.0,1,0,1,0,0,0,0,0,1
1486,5,5,0.4898979485566356,3,0,6,5,3,1,0,1,16
1487,5,5,0.8,3,0,5,2,0,0,0,1,8
1488,3,3,0.9428090415820634,1,0,2,0,0,1,0,0,3
1489,3,3,0.9428090415820634,1,0,2,0,0,1,0,0,3
1490,2,2,1.0,1,0,1,0,0,0,0,0,1
1491,2,2,0.5,1,0,2,0,0,0,0,1,3
1492,2,2,1.0,1,0,1,0,0,0,0,0,1
1493,2,2,0.5,1,0,2,0,0,0,0,1,3
1494,2,2,1.0,1,0,1,0,0,0,0,0,1
1495,2,2,1.0,1,0,1,0,0,0,0,0,1
1496,2,2,1.0,1,0,1,0,0,0,0,0,1
1497,3,3,0.9428090415820634,1,0,2,0,0,0,0,1,3
1498,2,2,1.0,1,0,1,0,0,0,0,0,1
1499,2,2,1.0,1,0,1,0,0,0,0,0,1
1500,2,2,1.0,1,0,1,0,0,0,0,0,1
1501,2,2,1.0,1,0,1,0,0,0,0,0,1
1502,2,2,1.0,1,0,1,0,0,0,0,0,1
1503,3,3,0.9428090415820634,1,0,2,0,0,0,0,1,3
1504,3,3,0.9428090415820634,1,0,2,0,0,0,0,1,3
1505,3,3,0.9428090415820634,1,0,2,0,0,0,0,1,3
1506,2,2,1.0,1,0,1,0,0,0,0,0,1
1507,2,2,1.0,1,0,1,0,0,0,0,0,1
1508,2,2,1.0,1,0,1,0,0,0,0,0,1
1509,5,5,0.8,3,0,5,2,0,0,0,1,8
1510,2,2,1.0,1,0,1,0,0,0,0,0,1
1511,2,2,1.0,1,0,1,0,0,0,0,0,1
1512,2,2,1.0,1,0,1,0,0,0,0,0,1
1513,2,2,1.0,1,0,1,0,0,0,0,0,1
1514,2,2,0.5,1,0,2,1,0,0,0,0,3
1515,3,3,0.4714045207910317,1,0,3,1,1,0,0,0,5
1516,3,3,0.4714045207910317,1,0,3,1,0,0,0,0,4
1517,4,4,0.8660254037844386,2,0,3,0,0,3,0,0,6
1518,3,3,0.9428090415820634,1,0,2,0,0,0,0,0,2
1519,3,3,0.9428090415820634,1,0,2,0,0,0,0,0,2
1520,3,3,0.9428090415820634,1,0,2,0,0,0,0,0,2
1521,3,3,0.9428090415820634,1,0,2,0,0,0,0,0,2
1522,3,3,0.4714045207910317,1,0,3,1,1,1,0,0,6
1523,3,3,0.4714045207910317,1,0,3,1,1,0,0,0,5
1524,1,1,0.0,0,0,1,0,0,0,0,0,1
1525,2,2,1.0,1,0,1,0,0,0,0,0,1
1526,2,2,1.0,1,0,1,0,0,0,0,0,1
1527,3,3,0.0,2,0,4,1,0,0,0,1,6
1528,2,2,1.0,1,0,1,0,0,0,0,0,1
1529,2,2,1.0,1,0,1,0,0,0,0,0,1
1530,2,2,1.0,1,0,1,0,0,0,0,0,1
1531,2,2,1.0,1,0,1,0,0,0,0,0,1
1532,2,2,1.0,1,0,1,0,0,0,0,0,1
1533,2,2,0.5,1,0,2,0,0,0,0,0,2
1534,2,2,0.0,1,0,1,0,0,0,0,0,1
1535,3,3,0.0,2,0,4,1,0,0,1,0,6
1536,5,5,0.8,3,0,5,2,2,1,0,1,11
1537,3,3,0.4714045207910317,2,0,6,0,1,1,0,1,8
1538,2,2,0.0,1,0,6,1,0,1,1,1,10
1539,5,5,0.8,4,0,6,0,0,0,0,0,6
1540,2,2,0.5,0,1,1,0,0,0,0,0,1
1541,2,2,1.0,1,0,1,0,0,0,0,0,1
1542,2,2,1.0,1,0,1,0,0,0,0,0,1
1543,1,1,0.0,0,0,1,0,0,0,0,0,1
1544,6,6,0.9428090415820634,4,0,11,6,3,1,1,6,27
1545,1,1,0.0,0,0,1,0,0,0,0,0,1
1546,3,3,0.816496580927726,1,1,2,0,0,0,0,0,2
1547,1,1,0.0,0,0,1,0,0,0,0,0,1
1548,4,4,0.4330127018922193,2,0,4,3,0,0,0,0,7
1549,4,4,0.8660254037844386,3,0,3,1,0,0,0,0,4
1550,2,2,1.0,1,0,3,1,0,1,0,1,6
1551,3,3,0.9428090415820634,2,0,2,0,0,0,0,0,2
1552,2,2,0.5,1,0,2,0,0,0,0,0,2
1553,3,3,0.0,2,0,4,0,0,0,0,0,4
1554,2,2,0.0,1,0,1,0,0,0,0,0,1
1555,4,4,0.82915619758885,1,1,3,0,1,0,0,0,4
1556,3,3,0.4714045207910317,2,0,5,2,1,0,0,0,8
1557,2,2,0.5,1,0,4,2,0,0,0,3,9
1558,2,2,1.5,1,1,1,0,0,0,0,0,1
1559,2,2,0.5,1,0,2,1,0,0,0,0,3
1560,1,1,0.0,0,0,1,0,0,0,0,0,1
1561,3,3,0.9428090415820634,2,0,4,2,1,0,0,2,9
1562,5,5,0.4,3,0,6,1,0,0,0,5,12
1563,2,2,1.0,1,0,1,0,0,0,0,0,1
1564,2,2,1.0,1,0,1,0,0,0,0,0,1
1565,1,1,0.0,0,0,1,0,0,0,0,0,1
1566,1,1,0.0,0,0,1,0,0,0,0,0,1
1567,6,6,0.37267799624996495,5,0,8,10,2,1,0,2,23
1568,3,3,0.9428090415820634,2,0,3,0,0,0,0,0,3
1569,3,3,0.0,2,0,6,4,0,0,0,6,16
1570,3,3,0.4714045207910317,2,0,3,0,0,0,0,0,3
1571,3,3,0.0,2,0,5,1,0,1,0,0,7
1572,2,2,1.0,1,0,1,0,0,0,0,0,1
1573,2,2,1.0,1,0,3,2,0,0,0,1,6
1574,2,2,1.0,1,0,1,0,0,0,0,0,1
1575,7,7,0.7284313590846836,5,0,11,12,7,2,0,6,38
1576,2,2,1.0,1,0,1,0,0,0,0,0,1
1577,2,2,1.0,1,0,1,0,0,0,0,0,1
1578,1,1,0.0,0,0,2,0,0,0,0,0,2
1579,2,2,1.0,1,0,1,0,0,0,0,0,1
1580,2,2,1.0,1,0,1,0,0,0,0,0,1
1581,1,1,0.0,0,0,1,0,0,0,0,0,1
1582,2,2,0.0,1,0,1,0,0,0,0,0,1
1583,1,1,0.0,0,0,1,0,0,0,0,0,1
1584,2,2,1.0,1,0,1,0,0,0,0,0,1
1585,3,3,0.4714045207910317,2,0,3,2,0,0,0,0,5
1586,1,1,0.0,0,0,1,0,0,0,0,0,1
1587,2,2,1.0,1,0,2,0,0,0,0,0,1
1588,3,3,0.0,2,0,2,1,0,0,0,0,3
1589,2,2,1.0,0,0,1,0,0,0,0,0,1
1590,2,2,0.5,1,0,5,1,0,1,0,1,8
1591,3,3,0.0,2,0,6,4,0,0,0,6,16
1592,2,2,1.0,1,0,1,0,0,0,0,0,1
1593,3,3,0.9428090415820634,2,0,2,0,0,0,0,0,2
1594,2,2,1.0,1,0,1,0,0,0,0,0,1
1595,3,3,0.0,2,0,4,1,0,0,1,0,6
1596,1,1,0.0,0,0,1,0,0,0,0,0,1
1597,4,4,0.4330127018922193,2,0,4,3,0,0,0,0,7
1598,5,5,0.0,4,0,10,3,0,0,0,4,17
1599,1,1,0.0,0,0,1,0,0,0,0,0,1
1600,2,2,1.0,1,0,1,0,0,0,0,0,1
1601,1,1,0.0,0,0,1,0,0,0,0,0,1
1602,6,6,0.7453559924999299,5,0,11,6,5,2,0,3,27
1603,2,2,0.5,1,0,2,1,0,0,0,0,3
1604,2,2,1.0,1,0,1,0,0,0,0,0,1
1605,2,2,0.0,1,0,4,0,0,0,0,1,4
1606,3,3,0.9428090415820634,2,0,8,2,1,0,0,6,17
1607,5,5,0.4898979485566356,3,0,9,2,1,0,0,3,15
1608,2,2,1.0,1,0,1,0,0,0,0,0,1
1609,1,1,0.0,0,0,2,0,0,0,0,0,2
1610,13,13,0.5756395979652218,11,0,17,14,2,2,0,29,64
1611,2,2,0.5,0,0,2,0,0,0,0,0,2
1612,2,2,1.0,1,0,1,0,0,0,0,0,1
1613,1,1,0.0,0,0,1,0,0,0,0,0,1
1614,10,10,0.6633249580710799,7,0,17,17,14,4,2,6,60
1615,2,2,1.0,1,0,1,0,0,0,0,0,1
1616,2,2,1.0,1,0,1,0,0,0,0,0,1
1617,2,2,1.0,1,0,1,0,0,0,0,0,1
1618,1,1,0.0,0,0,3,0,0,0,0,0,3
1619,2,2,1.0,1,0,1,0,0,0,0,0,1
1620,2,2,1.0,1,0,1,0,0,0,0,0,1
1621,10,10,0.6633249580710799,7,0,17,17,14,4,2,6,60
1622,2,2,1.0,1,0,1,0,0,0,0,0,1
1623,2,2,1.0,1,0,1,0,0,0,0,0,1
1624,2,2,0.5,0,1,1,0,0,0,0,0,1
1625,5,5,0.8,3,0,5,2,2,1,0,1,11
1626,3,3,0.4714045207910317,2,0,6,0,1,1,0,1,8
1627,2,2,0.0,1,0,6,1,0,1,1,1,10
1628,5,5,0.8,4,0,6,0,0,0,0,0,6
1629,2,2,0.0,1,0,4,0,0,0,0,1,4
1630,2,2,1.0,1,0,1,0,0,0,0,0,1
1631,2,2,1.0,1,0,1,0,0,0,0,0,1
1632,1,1,0.0,0,0,3,0,0,0,0,0,3
1633,2,2,0.0,1,0,1,0,0,0,0,0,1
1634,2,2,1.0,1,0,1,0,0,0,0,0,1
1635,2,2,1.0,1,0,1,0,0,0,0,0,1
1636,1,1,0.0,0,0,2,0,0,0,0,0,2
1637,6,6,0.9428090415820634,4,0,11,6,3,1,1,6,27
1638,1,1,0.0,0,0,1,0,0,0,0,0,1
1639,3,3,0.816496580927726,1,1,2,0,0,0,0,0,2
1640,1,1,0.0,0,0,1,0,0,0,0,0,1
1641,4,4,0.4330127018922193,2,0,4,3,0,0,0,0,7
1642,1,1,0.0,0,0,2,0,0,0,0,0,2
1643,2,2,0.5,0,0,2,0,0,0,0,0,2
1644,1,1,0.0,0,0,1,0,0,0,0,0,1
1645,3,3,0.0,2,0,4,2,0,0,0,0,6
1646,1,1,0.0,0,0,1,0,0,0,0,0,1
1647,4,4,0.82915619758885,2,0,4,1,0,0,0,0,5
1648,2,2,1.0,1,0,1,0,0,0,0,0,1
1649,2,2,1.0,1,0,1,0,0,0,0,0,1
1650,1,1,0.0,0,0,1,0,0,0,0,0,1
1651,3,3,0.0,2,0,4,1,0,0,1,0,6
1652,2,2,0.5,1,0,2,0,0,0,0,0,2
1653,3,3,0.0,2,0,4,0,0,0,0,0,4
1654,2,2,0.0,1,0,1,0,0,0,0,0,1
1655,4,4,0.82915619758885,1,1,3,0,1,0,0,0,4
1656,3,3,0.4714045207910317,2,0,5,2,1,0,0,0,8
1657,3,3,0.4714045207910317,2,0,3,1,0,0,0,0,4
1658,3,3,0.9428090415820634,2,0,2,1,0,0,0,0,3
1659,4,4,0.8660254037844386,3,0,4,0,0,0,0,0,4
1660,1,1,0.0,0,0,1,0,0,0,0,0,1
1661,1,1,0.0,0,0,1,0,0,0,0,0,1
1662,2,2,1.0,1,0,1,0,0,0,0,0,1
1663,2,2,0.5,1,0,5,1,0,1,0,1,8
1664,1,1,0.0,0,0,1,0,0,0,0,0,1
1665,3,3,0.0,2,0,2,1,0,0,0,0,3
1666,2,2,0.0,1,0,1,0,0,0,0,0,1
1667,3,3,0.9428090415820634,2,0,2,0,0,0,0,0,2
1668,2,2,1.0,1,0,1,0,0,0,0,0,1
1669,2,2,0.0,1,0,4,0,0,0,0,1,4
1670,1,1,0.0,0,0,2,0,0,0,0,0,2
1671,2,2,0.5,0,0,2,0,0,0,0,0,2
1672,2,2,1.0,1,0,1,0,0,0,0,0,1
1673,2,2,1.0,0,0,1,0,0,0,0,0,1
1674,1,1,0.0,0,0,1,0,0,0,0,0,1
1675,3,3,0.9428090415820634,2,0,2,0,0,0,0,0,2
1676,3,3,0.0,2,0,4,1,0,0,1,0,6
1677,1,1,0.0,0,0,1,0,0,0,0,0,1
1678,4,4,0.4330127018922193,2,0,4,3,0,0,0,0,7
1679,3,3,0.9428090415820634,2,0,3,0,0,0,0,0,3
1680,1,1,0.0,0,0,1,0,0,0,0,0,1
1681,2,2,1.0,1,0,1,0,0,0,0,0,1
1682,2,2,0.5,1,0,2,1,0,0,0,0,3
1683,5,5,0.0,4,0,10,3,0,0,0,4,17
1684,6,6,0.7453559924999299,5,0,11,6,5,2,0,3,27
1685,1,1,0.0,0,0,1,0,0,0,0,0,1
1686,1,1,0.0,0,0,1,0,0,0,0,0,1
1687,13,13,0.5756395979652218,11,0,17,14,2,2,0,29,64
1688,1,1,0.0,0,0,1,0,0,0,0,0,1
1689,2,2,1.0,1,0,1,0,0,0,0,0,1
1690,5,5,0.4898979485566356,3,0,9,2,1,0,0,3,15
1691,2,2,1.0,1,0,1,0,0,0,0,0,1
1692,3,3,0.4714045207910317,2,0,3,0,0,0,0,0,3
1693,3,3,0.0,2,0,5,1,0,1,0,0,7
1694,2,2,1.0,1,0,1,0,0,0,0,0,1
1695,2,2,1.0,1,0,3,2,0,0,0,1,6
1696,2,2,1.0,1,0,1,0,0,0,0,0,1
1697,7,7,0.7284313590846836,5,0,11,12,7,2,0,6,38
1698,2,2,0.0,1,0,1,0,0,0,0,0,1
1699,2,2,0.5,0,0,2,0,0,0,0,0,2
1700,3,3,0.0,2,0,6,4,0,0,0,6,16
1701,2,2,1.0,1,0,1,0,0,0,0,0,1
1702,5,5,0.8,3,0,5,2,2,1,0,1,11
1703,3,3,0.4714045207910317,2,0,6,0,1,1,0,1,8
1704,2,2,0.0,1,0,6,1,0,1,1,1,10
1705,5,5,0.8,4,0,6,0,0,0,0,0,6
1706,10,10,0.6633249580710799,7,0,17,17,14,4,2,6,60
1707,2,2,1.0,1,0,1,0,0,0,0,0,1
1708,2,2,1.0,1,0,1,0,0,0,0,0,1
1709,2,2,1.0,1,0,1,0,0,0,0,0,1
1710,2,2,0.5,0,1,1,0,0,0,0,0,1
1711,1,1,0.0,0,0,3,0,0,0,0,0,3
1712,1,1,0.0,0,0,2,0,0,0,0,0,2
1713,1,1,0.0,0,0,1,0,0,0,0,0,1
1714,2,2,1.0,1,0,1,0,0,0,0,0,1
1715,2,2,1.0,1,0,1,0,0,0,0,0,1
1716,2,2,1.0,1,0,1,0,0,0,0,0,1
1717,2,2,1.0,1,0,1,0,0,0,0,0,1
1718,6,6,0.9428090415820634,4,0,11,6,3,1,1,6,27
1719,1,1,0.0,0,0,1,0,0,0,0,0,1
1720,3,3,0.816496580927726,1,1,2,0,0,0,0,0,2
1721,1,1,0.0,0,0,1,0,0,0,0,0,1
1722,4,4,0.4330127018922193,2,0,4,3,0,0,0,0,7
1723,2,2,1.0,1,0,1,0,0,0,0,0,1
1724,1,1,0.0,0,0,1,0,0,0,0,0,1
1725,3,3,0.0,2,0,4,2,0,0,0,0,6
1726,1,1,0.0,0,0,1,0,0,0,0,0,1
1727,4,4,0.82915619758885,2,0,4,1,0,0,0,0,5
1728,2,2,1.0,1,0,1,0,0,0,0,0,1
1729,4,4,0.8660254037844386,3,0,3,1,0,0,0,0,4
1730,2,2,1.0,1,0,3,1,0,1,0,1,6
1731,2,2,0.5,1,0,2,0,0,0,0,0,2
1732,3,3,0.0,2,0,4,0,0,0,0,0,4
1733,2,2,0.0,1,0,1,0,0,0,0,0,1
1734,4,4,0.82915619758885,1,1,3,0,1,0,0,0,4
1735,3,3,0.4714045207910317,2,0,5,2,1,0,0,0,8
1736,3,3,0.0,2,0,4,1,0,0,1,0,6
1737,3,3,0.4714045207910317,2,0,3,1,0,0,0,0,4
1738,3,3,0.9428090415820634,2,0,2,1,0,0,0,0,3
1739,4,4,0.8660254037844386,3,0,4,0,0,0,0,0,4
1740,1,1,0.0,0,0,1,0,0,0,0,0,1
1741,3,3,0.0,2,0,4,1,0,0,0,1,6
1742,1,1,0.0,0,0,1,0,0,0,0,0,1
1743,2,2,0.5,1,0,4,2,0,0,0,3,9
1744,2,2,1.5,1,1,1,0,0,0,0,0,1
1745,2,2,0.5,1,0,2,1,0,0,0,0,3
1746,2,2,1.0,0,0,1,0,0,0,0,0,1
1747,2,2,0.5,1,0,5,1,0,1,0,1,8
1748,1,1,0.0,0,0,1,0,0,0,0,0,1
1749,3,3,0.0,2,0,2,1,0,0,0,0,3
1750,3,3,0.9428090415820634,2,0,2,0,0,0,0,0,2
1751,3,3,0.0,2,0,4,1,0,0,1,0,6
1752,1,1,0.0,0,0,1,0,0,0,0,0,1
1753,2,2,1.0,1,0,1,0,0,0,0,0,1
1754,2,2,0.0,1,0,4,0,0,0,0,1,4
1755,1,1,0.0,0,0,2,0,0,0,0,0,2
1756,2,2,0.5,0,0,2,0,0,0,0,0,2
1757,3,3,0.9428090415820634,2,0,3,0,0,0,0,0,3
1758,4,4,0.4330127018922193,2,0,4,3,0,0,0,0,7
1759,1,1,0.0,0,0,1,0,0,0,0,0,1
1760,1,1,0.0,0,0,1,0,0,0,0,0,1
1761,1,1,0.0,0,0,1,0,0,0,0,0,1
1762,1,1,0.0,0,0,1,0,0,0,0,0,1
1763,2,2,1.0,1,0,1,0,0,0,0,0,1
1764,5,5,0.0,4,0,10,3,0,0,0,4,17
1765,3,3,0.9428090415820634,2,0,2,0,0,0,0,0,2
1766,6,6,0.7453559924999299,5,0,11,6,5,2,0,3,27
1767,2,2,1.0,1,0,1,0,0,0,0,0,1
1768,5,5,0.4898979485566356,3,0,9,2,1,0,0,3,15
1769,2,2,1.0,1,0,1,0,0,0,0,0,1
1770,2,2,0.5,1,0,2,1,0,0,0,0,3
1771,3,3,0.9428090415820634,2,0,8,2,1,0,0,6,17
1772,3,3,0.4714045207910317,2,0,3,0,0,0,0,0,3
1773,2,2,0.0,1,0,4,0,0,0,0,1,4
1774,1,1,0.0,0,0,1,0,0,0,0,0,1
1775,3,3,0.9428090415820634,2,0,4,2,1,0,0,2,9
1776,5,5,0.4,3,0,6,1,0,0,0,5,12
1777,1,1,0.0,0,0,2,0,0,0,0,0,2
1778,13,13,0.5756395979652218,11,0,17,14,2,2,0,29,64
1779,1,1,0.0,0,0,1,0,0,0,0,0,1
1780,2,2,1.0,1,0,1,0,0,0,0,0,1
1781,2,2,1.0,1,0,1,0,0,0,0,0,1
1782,2,2,0.0,1,0,1,0,0,0,0,0,1
1783,4,4,0.8660254037844386,2,0,3,0,1,0,0,0,4
1784,2,2,1.0,1,0,1,0,0,0,0,0,1
1785,3,3,0.9428090415820634,2,0,3,0,0,0,0,0,3
1786,2,2,0.0,1,0,1,0,0,0,0,0,1
1787,2,2,1.0,1,0,1,0,0,0,0,0,1
1788,1,1,0.0,0,0,1,0,0,0,0,0,1
1789,1,1,0.0,0,0,1,0,0,0,0,0,1
1790,2,2,1.0,1,0,1,0,0,0,0,0,1
1791,2,2,0.0,1,0,1,0,0,0,0,0,1
1792,3,3,0.0,2,0,6,2,1,0,0,2,11
1793,2,2,1.0,1,0,1,0,0,0,0,0,1
1794,5,5,0.4,3,1,5,1,0,1,0,0,7
1795,2,2,1.0,1,0,1,0,0,0,0,0,1
1796,1,1,0.0,0,0,1,0,0,0,0,0,1
1797,2,2,0.0,1,0,1,0,0,0,0,0,1
1798,1,1,0.0,0,0,1,0,0,0,0,0,1
1799,2,2,1.0,1,0,2,0,0,0,0,0,1
1800,1,1,0.0,0,0,1,0,0,0,0,0,1
1801,2,2,1.0,1,0,1,0,0,0,0,0,1
1802,2,2,1.0,1,0,1,0,0,0,0,0,1
1803,2,2,0.5,1,0,2,0,0,1,0,0,3
1804,1,1,0.0,0,0,1,0,0,0,0,0,1
1805,4,4,0.4330127018922193,3,0,6,5,0,5,3,2,21
1806,2,2,1.0,1,0,2,0,0,0,0,0,1
1807,3,3,0.0,2,0,4,3,0,0,1,0,8
1808,2,2,1.0,1,0,1,0,0,0,0,0,1
1809,2,2,1.0,1,0,1,0,0,0,0,0,1
1810,3,3,0.9428090415820634,2,0,2,1,0,0,0,0,3
1811,1,1,0.0,0,0,1,0,0,0,0,0,1
1812,2,2,0.0,1,0,3,1,0,1,1,0,6
1813,3,3,0.9428090415820634,2,0,5,1,0,1,0,0,7
1814,11,11,0.899954085146515,5,0,12,20,12,6,0,0,50
1815,2,2,0.5,1,0,2,0,0,0,0,0,2
1816,1,1,0.0,0,0,1,0,0,0,0,0,1
1817,2,2,1.0,1,0,1,0,0,0,0,0,1
1818,2,2,1.0,1,0,1,0,0,0,0,0,1
1819,1,1,0.0,0,0,1,0,0,0,0,0,1
1820,2,2,1.0,1,0,1,0,0,0,0,0,1
1821,5,5,0.9797958971132712,3,0,4,1,1,1,0,0,7
1822,2,2,1.0,1,0,1,0,0,0,0,0,1
1823,2,2,1.0,1,0,1,0,0,0,0,0,1
1824,2,2,1.0,1,0,1,0,0,0,0,0,1
1825,1,1,0.0,0,0,2,0,0,0,0,1,3
1826,1,1,0.0,0,0,1,0,0,0,0,0,1
1827,1,1,0.0,0,0,2,0,0,0,0,1,3
1828,2,2,1.0,1,0,1,0,0,0,0,0,1
1829,3,3,0.9428090415820634,2,0,3,0,0,0,0,0,3
1830,2,2,0.5,1,0,2,1,0,0,0,0,3
1831,2,2,1.0,1,0,1,0,0,0,0,0,1
1832,2,2,0.0,1,0,3,1,0,0,0,0,4
1833,1,1,0.0,0,0,2,0,0,0,0,0,2
1834,2,2,1.0,1,0,1,0,0,0,0,0,1
1835,2,2,1.0,1,0,2,0,0,0,0,0,1
1836,1,1,0.0,0,0,1,0,0,0,0,0,1
1837,2,2,1.0,1,0,1,0,0,0,0,0,1
1838,5,5,0.9797958971132712,3,0,4,1,1,1,0,0,7
1839,2,2,1.0,1,0,1,0,0,0,0,0,1
1840,1,1,0.0,0,0,2,0,0,0,0,1,3
1841,2,2,0.5,1,0,2,0,0,1,0,0,3
1842,2,2,1.0,1,0,1,0,0,0,0,0,1
1843,2,2,1.0,1,0,1,0,0,0,0,0,1
1844,2,2,1.0,1,0,1,0,0,0,0,0,1
1845,5,5,0.4,3,1,5,1,0,1,0,0,7
1846,2,2,1.0,1,0,1,0,0,0,0,0,1
1847,8,8,0.33071891388307384,6,0,23,30,10,6,0,35,104
1848,2,2,0.0,1,0,1,0,0,0,0,0,1
1849,6,6,0.7453559924999299,5,0,20,15,5,3,0,15,58
1850,2,2,1.0,1,0,1,0,0,0,0,0,1
1851,1,1,0.0,0,0,1,0,0,0,0,0,1
1852,3,3,0.9428090415820634,2,0,3,0,0,0,0,0,3
1853,2,2,1.0,1,0,1,0,0,0,0,0,1
1854,2,2,1.0,1,0,1,0,0,0,0,0,1
1855,1,1,0.0,0,0,1,0,0,0,0,0,1
1856,2,2,1.0,1,0,1,0,0,0,0,0,1
1857,3,3,0.9428090415820634,2,0,3,0,0,0,0,0,3
1858,1,1,0.0,0,0,1,0,0,0,0,0,1
1859,4,4,0.8660254037844386,3,0,3,0,0,0,0,0,3
1860,2,2,1.0,1,0,1,0,0,0,0,0,1
1861,3,3,0.9428090415820634,2,0,2,0,0,0,0,0,2
1862,2,2,1.0,1,0,1,0,0,0,0,0,1
1863,1,1,0.0,0,0,1,0,0,0,0,0,1
1864,2,2,1.0,1,0,1,0,0,0,0,0,1
1865,1,1,0.0,0,0,1,0,0,0,0,0,1
1866,2,2,0.0,1,0,1,0,0,0,0,0,1
1867,2,2,1.0,1,0,1,0,0,0,0,0,1
1868,1,1,0.0,0,0,1,0,0,0,0,0,1
1869,3,3,0.9428090415820634,2,0,3,0,0,0,0,0,3
1870,2,2,1.0,1,0,1,0,0,0,0,0,1
1871,1,1,0.0,0,0,1,0,0,0,0,0,1
1872,2,2,0.0,1,0,3,1,0,0,0,0,4
1873,2,2,0.5,1,0,2,1,0,0,0,0,3
1874,2,2,0.0,1,0,1,0,0,0,0,0,1
1875,2,2,1.0,1,0,1,0,0,0,0,0,1
1876,3,3,0.9428090415820634,2,0,2,1,0,0,0,0,3
1877,1,1,0.0,0,0,2,0,0,0,0,0,2
1878,1,1,0.0,0,0,1,0,0,0,0,0,1
1879,1,1,0.0,0,0,1,0,0,0,0,0,1
1880,2,2,0.0,1,0,1,0,0,0,0,0,1
1881,1,1,0.0,0,0,2,0,0,0,0,1,3
1882,1,1,0.0,0,0,2,0,0,0,0,1,3
1883,1,1,0.0,0,0,1,0,0,0,0,0,1
1884,5,5,0.8,3,0,4,0,1,1,0,0,6
1885,3,3,0.4714045207910317,2,0,4,0,0,0,0,0,3
1886,2,2,1.0,1,0,1,0,0,0,0,0,1
1887,2,2,0.0,1,0,1,0,0,0,0,0,1
1888,1,1,0.0,0,0,1,0,0,0,0,0,1
1889,2,2,1.0,1,0,1,0,0,0,0,0,1
1890,1,1,0.0,0,0,1,0,0,0,0,0,1
1891,2,2,1.0,1,0,1,0,0,0,0,0,1
1892,2,2,1.0,1,0,2,0,0,0,0,0,1
1893,2,2,1.0,1,0,1,0,0,0,0,0,1
1894,1,1,0.0,0,0,1,0,0,0,0,0,1
1895,2,2,0.5,1,0,2,0,0,1,0,0,3
1896,2,2,1.0,1,0,1,0,0,0,0,0,1
1897,3,3,0.9428090415820634,2,0,2,1,0,0,0,0,3
1898,1,1,0.0,0,0,1,0,0,0,0,0,1
1899,3,3,0.9428090415820634,2,0,5,1,0,1,0,0,7
1900,11,11,0.899954085146515,5,0,12,20,12,6,0,0,50
1901,2,2,0.5,1,0,2,0,0,0,0,0,2
1902,1,1,0.0,0,0,1,0,0,0,0,0,1
1903,2,2,1.0,1,0,1,0,0,0,0,0,1
1904,3,3,0.4714045207910317,2,0,6,3,1,0,0,3,13
1905,3,3,0.9428090415820634,2,0,2,0,0,0,0,0,2
1906,2,2,1.0,1,0,1,0,0,0,0,0,1
1907,2,2,1.0,1,0,1,0,0,0,0,0,1
1908,2,2,1.0,1,0,1,0,0,0,0,0,1
1909,8,8,0.33071891388307384,6,0,23,30,10,6,0,35,104
1910,5,5,0.4,3,1,5,1,0,1,0,0,7
1911,2,2,1.0,1,0,1,0,0,0,0,0,1
1912,2,2,0.0,1,0,1,0,0,0,0,0,1
1913,6,6,0.7453559924999299,5,0,20,15,5,3,0,15,58
1914,2,2,1.0,1,0,1,0,0,0,0,0,1
1915,5,5,0.9797958971132712,3,0,4,1,1,1,0,0,7
1916,2,2,1.0,1,0,1,0,0,0,0,0,1
1917,2,2,1.0,1,0,1,0,0,0,0,0,1
1918,1,1,0.0,0,0,2,0,0,0,0,1,3
1919,2,2,1.0,1,0,1,0,0,0,0,0,1
1920,1,1,0.0,0,0,1,0,0,0,0,0,1
1921,1,1,0.0,0,0,1,0,0,0,0,0,1
1922,3,3,0.9428090415820634,2,0,2,0,0,0,0,0,2
1923,1,1,0.0,0,0,1,0,0,0,0,0,1
1924,3,3,0.9428090415820634,2,0,2,0,0,0,0,0,2
1925,2,2,1.0,1,0,3,3,0,0,0,0,6
1926,3,3,0.9428090415820634,2,0,2,0,0,0,0,0,2
1927,1,1,0.0,0,0,1,0,0,0,0,0,1
1928,1,1,0.0,0,0,1,0,0,0,0,0,1
1929,2,2,1.0,1,0,1,0,0,0,0,0,1
1930,2,2,1.0,1,0,3,2,0,0,0,1,6
1931,1,1,0.0,0,0,1,0,0,0,0,0,1
1932,2,2,1.0,1,0,1,0,0,0,0,0,1
1933,2,2,1.0,1,0,1,0,0,0,0,0,1
1934,3,3,0.4714045207910317,2,0,3,2,0,0,0,1,6
1935,2,2,1.0,1,0,1,0,0,0,0,0,1
1936,2,2,0.0,1,0,1,0,0,0,0,0,1
1937,2,2,0.0,1,0,1,0,0,0,0,0,1
1938,2,2,1.0,1,0,1,0,0,0,0,0,1
1939,1,1,0.0,0,0,1,0,0,0,0,0,1
1940,1,1,0.0,0,0,1,0,0,0,0,0,1
1941,1,1,0.0,0,0,1,0,0,0,0,0,1
1942,2,2,1.0,1,0,3,3,0,0,0,0,6
1943,1,1,0.0,0,0,1,0,0,0,0,0,1
1944,3,3,0.0,2,0,2,0,0,0,0,0,2
1945,2,2,1.0,1,0,1,0,0,0,0,0,1
1946,2,2,1.0,1,0,3,2,0,0,0,1,6
1947,2,2,0.5,1,0,2,0,0,0,0,0,2
1948,2,2,1.0,0,0,1,0,0,0,0,0,1
1949,1,1,0.0,0,0,1,0,0,0,0,0,1
1950,3,3,0.0,2,0,2,0,0,0,0,0,2
1951,1,1,0.0,0,0,1,0,0,0,0,0,1
1952,1,1,0.0,0,0,1,0,0,0,0,0,1
1953,2,2,1.0,1,0,1,0,0,0,0,0,1
1954,2,2,1.0,1,0,1,0,0,0,0,0,1
1955,2,2,1.0,1,0,1,0,0,0,0,0,1
1956,1,1,0.0,0,0,1,0,0,0,0,0,1
1957,2,2,0.5,1,0,2,0,0,0,0,0,2
1958,1,1,0.0,0,0,2,1,0,0,0,0,3
1959,2,2,1.0,1,0,1,0,0,0,0,0,1
1960,2,2,0.0,1,0,1,0,0,0,0,0,1
1961,1,1,0.0,0,0,1,0,0,0,0,0,1
1962,2,2,1.0,1,0,3,3,0,0,0,0,6
1963,1,1,0.0,0,0,1,0,0,0,0,0,1
1964,1,1,0.0,0,0,1,0,0,0,0,0,1
1965,1,1,0.0,0,0,1,0,0,0,0,0,1
1966,1,1,0.0,0,0,1,0,0,0,0,0,1
1967,1,1,0.0,0,0,2,1,0,0,0,0,3
1968,1,1,0.0,0,0,1,0,0,0,0,0,1
1969,2,2,1.0,0,0,1,0,0,0,0,0,1
1970,1,1,0.0,0,0,1,0,0,0,0,0,1
1971,1,1,0.0,0,0,1,0,0,0,0,0,1
1972,1,1,0.0,0,0,1,0,0,0,0,0,1
1973,2,2,1.0,1,0,1,0,0,0,0,0,1
1974,3,3,0.9428090415820634,2,0,2,0,0,0,0,0,2
1975,2,2,1.0,1,0,1,0,0,0,0,0,1
1976,2,2,1.0,1,0,3,2,0,0,0,1,6
1977,2,2,0.0,1,0,1,0,0,0,0,0,1
1978,6,6,0.7453559924999299,1,0,5,0,0,0,0,10,15
1979,2,2,1.0,1,0,1,0,0,0,0,0,1
1980,1,1,0.0,0,0,1,0,0,0,0,0,1
1981,2,2,1.0,1,0,1,0,0,0,0,0,1
1982,3,3,0.4714045207910317,2,0,3,1,1,1,0,0,6
1983,2,2,1.0,1,0,1,0,0,0,0,0,1
1984,10,10,0.7810249675906654,4,2,13,24,8,2,0,1,48
1985,2,2,0.0,1,0,1,0,0,0,0,0,1
1986,2,2,1.0,1,0,1,0,0,0,0,0,1
1987,1,1,0.0,0,0,1,0,0,0,0,0,1
1988,2,2,1.0,1,0,1,0,0,0,0,0,1
1989,2,2,1.0,1,0,1,0,0,0,0,0,1
1990,2,2,0.0,1,0,1,0,0,0,0,0,1
1991,1,1,0.0,0,0,1,0,0,0,0,0,1
1992,2,2,0.5,1,0,2,1,0,0,0,0,3
1993,2,2,0.0,1,0,1,0,0,0,0,0,1
1994,2,2,0.0,1,0,1,0,0,0,0,0,1
1995,2,2,1.0,1,0,1,0,0,0,0,0,1
1996,2,2,1.0,1,0,1,0,0,0,0,0,1
1997,3,3,0.4714045207910317,1,0,3,1,0,0,0,0,4
1998,3,3,0.9428090415820634,1,0,2,0,0,1,0,0,3
1999,2,2,1.0,1,0,1,0,0,0,0,0,1
2000,3,3,0.9428090415820634,1,0,2,0,0,0,0,0,2
2001,3,3,0.9428090415820634,1,0,2,0,0,0,0,1,3
2002,1,1,0.0,0,0,1,0,0,0,0,0,1
2003,3,3,0.4714045207910317,2,0,3,1,0,0,0,0,4
2004,3,3,0.9428090415820634,1,0,2,0,0,0,0,1,3
2005,2,2,1.0,1,0,1,0,0,0,0,0,1
2006,3,3,0.9428090415820634,1,0,2,0,0,0,0,1,3
2007,2,2,0.5,1,0,2,1,0,0,0,0,3
2008,4,4,0.0,3,0,5,1,0,0,0,1,7
2009,3,3,0.9428090415820634,1,0,2,0,0,0,0,1,3
2010,2,2,1.0,1,0,1,0,0,0,0,0,1
2011,2,2,1.0,1,0,1,0,0,0,0,0,1
2012,1,1,0.0,0,0,1,0,0,0,0,0,1
2013,3,3,0.4714045207910317,2,0,3,1,0,0,0,0,4
2014,3,3,0.9428090415820634,1,0,2,0,0,0,0,1,3
2015,2,2,1.0,1,0,1,0,0,0,0,0,1
2016,2,2,1.0,1,0,1,0,0,0,0,0,1
2017,1,1,0.0,0,0,1,0,0,0,0,0,1
2018,3,3,0.4714045207910317,2,0,3,1,0,0,0,0,4
2019,3,3,0.9428090415820634,1,0,2,0,0,0,0,1,3
2020,2,2,0.5,1,0,2,1,0,0,0,0,3
2021,4,4,0.0,3,0,5,1,0,0,0,1,7
2022,2,2,0.5,1,0,2,0,0,0,0,1,3
2023,2,2,0.0,1,0,1,0,0,0,0,0,1
2024,2,2,1.0,1,0,1,0,0,0,0,0,1
2025,2,2,1.0,1,0,1,0,0,0,0,0,1
2026,2,2,1.0,1,0,1,0,0,0,0,0,1
2027,2,2,1.0,1,0,1,0,0,0,0,0,1
2028,3,3,0.9428090415820634,2,0,2,1,0,0,0,0,3
2029,13,13,0.0,12,0,20,28,24,9,0,6,87
2030,3,3,0.9428090415820634,1,0,2,0,0,0,0,0,2
2031,3,3,0.9428090415820634,1,0,2,0,0,1,0,0,3
2032,3,3,0.9428090415820634,1,0,2,0,0,0,0,0,2
2033,1,1,0.0,0,0,1,0,0,0,0,0,1
2034,2,2,1.0,1,0,1,0,0,0,0,0,1
2035,2,2,1.0,1,0,1,0,0,0,0,0,1
2036,2,2,1.0,1,0,1,0,0,0,0,0,1
2037,2,2,1.0,1,0,1,0,0,0,0,0,1
2038,3,3,0.9428090415820634,2,0,2,1,0,0,0,0,3
2039,13,13,0.0,12,0,20,28,24,9,0,6,87
2040,3,3,0.9428090415820634,1,0,2,0,0,0,0,0,2
2041,3,3,0.9428090415820634,1,0,2,0,0,1,0,0,3
2042,3,3,0.9428090415820634,1,0,2,0,0,0,0,0,2
2043,2,2,1.0,1,0,1,0,0,0,0,0,1
2044,2,2,0.0,1,0,1,0,0,0,0,0,1
2045,2,2,0.0,1,0,1,0,0,0,0,0,1
2046,2,2,1.0,1,0,1,0,0,0,0,0,1
2047,2,2,1.0,1,0,1,0,0,0,0,0,1
2048,3,3,0.4714045207910317,1,0,3,1,0,0,0,0,4
2049,3,3,0.9428090415820634,1,0,2,0,0,1,0,0,3
2050,2,2,1.0,1,0,1,0,0,0,0,0,1
2051,3,3,0.9428090415820634,1,0,2,0,0,0,0,0,2
2052,2,2,0.0,1,0,1,0,0,0,0,0,1
2053,1,1,0.0,0,0,1,0,0,0,0,0,1
2054,2,2,1.0,1,0,1,0,0,0,0,0,1
2055,2,2,1.0,1,0,1,0,0,0,0,0,1
2056,2,2,0.0,1,0,1,0,0,0,0,0,1
2057,1,1,0.0,0,0,1,0,0,0,0,0,1
2058,2,2,0.5,1,0,2,1,0,0,0,0,3
2059,3,3,0.9428090415820634,1,0,2,0,0,0,0,1,3
2060,2,2,0.5,1,0,2,1,0,0,0,0,3
2061,4,4,0.0,3,0,5,1,0,0,0,1,7
2062,3,3,0.9428090415820634,1,0,2,0,0,0,0,1,3
2063,2,2,1.0,1,0,1,0,0,0,0,0,1
2064,2,2,1.0,1,0,1,0,0,0,0,0,1
2065,1,1,0.0,0,0,1,0,0,0,0,0,1
2066,3,3,0.4714045207910317,2,0,3,1,0,0,0,0,4
2067,3,3,0.9428090415820634,1,0,2,0,0,0,0,1,3
2068,2,2,1.0,1,0,1,0,0,0,0,0,1
2069,2,2,1.0,1,0,1,0,0,0,0,0,1
2070,1,1,0.0,0,0,1,0,0,0,0,0,1
2071,3,3,0.4714045207910317,2,0,3,1,0,0,0,0,4
2072,3,3,0.9428090415820634,1,0,2,0,0,0,0,1,3
2073,2,2,0.5,1,0,2,1,0,0,0,0,3
2074,4,4,0.0,3,0,5,1,0,0,0,1,7
2075,3,3,0.4714045207910317,2,0,3,1,0,0,0,0,4
2076,3,3,0.9428090415820634,1,0,2,0,0,0,0,1,3
2077,3,3,0.9428090415820634,1,0,2,0,0,0,0,1,3
2078,1,1,0.0,0,0,1,0,0,0,0,0,1
2079,3,3,0.9428090415820634,1,0,2,0,0,0,0,1,3
2080,2,2,1.0,1,0,1,0,0,0,0,0,1
2081,2,2,1.0,1,0,1,0,0,0,0,0,1
2082,1,1,0.0,0,0,1,0,0,0,0,0,1
2083,3,3,0.4714045207910317,2,0,3,1,0,0,0,0,4
2084,2,2,0.0,1,0,1,0,0,0,0,0,1
2085,2,2,0.5,1,0,2,0,0,0,0,1,3
2086,4,4,0.8660254037844386,3,0,5,0,0,0,0,6,11
2087,1,1,0.0,0,0,1,0,0,0,0,0,1
2088,6,6,0.7453559924999299,1,0,5,0,0,0,0,10,15
2089,2,2,1.0,1,0,1,0,0,0,0,0,1
2090,1,1,0.0,0,0,1,0,0,0,0,0,1
2091,2,2,1.0,1,0,1,0,0,0,0,0,1
2092,3,3,0.4714045207910317,2,0,3,1,1,1,0,0,6
2093,2,2,1.0,1,0,1,0,0,0,0,0,1
2094,10,10,0.7810249675906654,4,2,13,24,8,2,0,1,48
2095,2,2,0.5,1,0,2,0,0,0,0,0,2
2096,2,2,1.0,1,0,1,0,0,0,0,0,1
2097,2,2,1.0,1,0,1,0,0,0,0,0,1
2098,1,1,0.0,0,0,1,0,0,0,0,0,1
2099,1,1,0.0,0,0,1,0,0,0,0,0,1
2100,1,1,0.0,0,0,1,0,0,0,0,0,1
2101,2,2,1.0,1,0,1,0,0,0,0,0,1
2102,2,2,1.0,1,0,1,0,0,0,0,0,1
2103,1,1,0.0,0,0,1,0,0,0,0,0,1
2104,1,1,0.0,0,0,2,0,0,0,0,0,2
2105,1,1,0.0,0,0,1,0,0,0,0,0,1
2106,1,1,0.0,0,0,1,0,0,0,0,0,1
2107,2,2,0.5,1,0,2,0,0,0,0,0,2
2108,3,3,0.4714045207910317,2,0,5,2,0,1,1,3,12
2109,2,2,1.0,1,0,1,0,0,0,0,0,1
2110,3,3,0.816496580927726,1,0,3,0,0,0,0,0,3
2111,1,1,0.0,0,0,1,0,0,0,0,0,1
2112,5,5,0.0,4,0,4,1,0,1,0,0,6
2113,4,4,0.8660254037844386,2,0,3,1,0,0,0,0,4
2114,2,2,1.0,1,0,1,0,0,0,0,0,1
2115,2,2,1.0,1,0,1,0,0,0,0,0,1
2116,2,2,1.0,1,0,1,0,0,0,0,0,1
2117,19,19,0.8931875130777442,10,0,44,73,73,9,11,84,293
2118,3,3,0.816496580927726,1,0,3,0,0,0,0,0,3
2119,4,4,0.5,2,1,5,3,0,0,0,0,8
2120,1,1,0.0,0,0,1,0,0,0,0,0,1
2121,4,4,0.4330127018922193,3,0,4,1,0,2,0,0,7
2122,2,2,1.0,1,0,1,0,0,0,0,0,1
2123,2,2,1.0,1,0,1,0,0,0,0,0,1
2124,1,1,0.0,0,0,1,0,0,0,0,0,1
2125,2,2,0.5,1,0,2,1,0,0,0,0,3
2126,2,2,1.0,1,0,1,0,0,0,0,0,1
2127,2,2,1.0,1,0,1,0,0,0,0,0,1
2128,2,2,0.5,1,0,2,0,0,1,0,0,3
2129,2,2,1.0,1,0,1,0,0,0,0,0,1
2130,2,2,1.0,1,0,1,0,0,0,0,0,1
2131,3,3,0.9428090415820634,1,0,2,0,0,0,0,0,2
2132,2,2,1.0,1,0,1,0,0,0,0,0,1
2133,2,2,1.0,1,0,1,0,0,0,0,0,1
2134,2,2,1.0,1,0,3,0,2,0,0,1,6
2135,2,2,0.5,1,0,5,3,0,0,0,0,8
2136,9,9,0.6285393610547089,7,0,8,0,2,8,0,0,18
2137,2,2,0.0,1,0,1,0,0,0,0,0,1
2138,1,1,0.0,0,0,1,0,0,0,0,0,1
2139,1,1,0.0,0,0,1,0,0,0,0,0,1
2140,5,5,0.6324555320336759,1,2,5,1,1,0,0,2,9
2141,2,2,1.0,1,0,1,0,0,0,0,0,1
2142,3,3,0.9428090415820634,2,0,2,0,0,0,0,0,2
2143,3,3,0.9428090415820634,2,0,2,0,0,0,0,0,2
2144,2,2,1.0,0,0,1,0,0,0,0,0,1
2145,2,2,0.0,1,0,1,0,0,0,0,0,1
2146,2,2,0.5,0,1,1,0,0,0,0,0,1
2147,5,5,0.0,4,0,4,1,0,1,0,0,6
2148,1,1,0.0,0,0,1,0,0,0,0,0,1
2149,1,1,0.0,0,0,1,0,0,0,0,0,1
2150,1,1,0.0,0,0,1,0,0,0,0,0,1
2151,2,2,1.0,1,0,1,0,0,0,0,0,1
2152,2,2,1.0,1,0,1,0,0,0,0,0,1
2153,3,3,0.9428090415820634,1,0,2,0,0,0,0,0,2
2154,2,2,1.0,1,0,1,0,0,0,0,0,1
2155,2,2,1.0,1,0,1,0,0,0,0,0,1
2156,2,2,1.0,1,0,1,0,0,0,0,0,1
2157,2,2,1.0,1,0,1,0,0,0,0,0,1
2158,1,1,0.0,0,0,1,0,0,0,0,0,1
2159,1,1,0.0,0,0,1,0,0,0,0,0,1
2160,1,1,0.0,0,0,1,0,0,0,0,0,1
2161,4,4,0.8660254037844386,3,0,3,0,0,0,0,0,3
2162,5,5,0.4,4,0,5,0,0,0,0,1,6
2163,5,5,0.4,4,0,5,0,0,0,0,1,6
2164,5,5,0.4,4,0,5,0,0,0,0,1,6
2165,5,5,0.4,4,0,5,0,0,0,0,1,6
2166,2,2,1.5,1,0,1,0,0,0,0,0,1
2167,2,2,1.5,1,0,1,0,0,0,0,0,1
2168,4,4,0.8660254037844386,3,0,3,0,0,0,0,0,3
2169,2,2,1.0,1,0,1,0,0,0,0,0,1
2170,2,2,0.0,1,0,1,0,0,0,0,0,1
2171,1,1,0.0,0,0,1,0,0,0,0,0,1
2172,2,2,1.5,1,0,1,0,0,0,0,0,1
2173,2,2,1.5,1,0,1,0,0,0,0,0,1
2174,1,1,0.0,0,0,1,0,0,0,0,0,1
2175,2,2,1.0,1,0,1,0,0,0,0,0,1
2176,2,2,1.0,1,0,1,0,0,0,0,0,1
2177,1,1,0.0,0,0,1,0,0,0,0,0,1
2178,2,2,1.0,1,0,1,0,0,0,0,0,1
2179,2,2,1.0,1,0,1,0,0,0,0,0,1
2180,2,2,1.0,1,0,1,0,0,0,0,0,1
2181,2,2,1.0,1,0,1,0,0,0,0,0,1
2182,2,2,1.0,1,0,1,0,0,0,0,0,1
2183,2,2,1.0,1,0,1,0,0,0,0,0,1
2184,2,2,0.5,1,0,2,1,0,0,0,0,3
2185,4,4,0.8660254037844386,3,0,5,5,0,0,0,1,11
2186,2,2,0.5,1,0,2,1,0,0,0,0,3
2187,2,2,0.5,1,0,2,1,0,0,0,0,3
2188,2,2,1.0,1,0,1,0,0,0,0,0,1
2189,3,3,0.0,2,0,2,0,0,1,0,0,3
2190,2,2,0.5,1,0,2,1,0,0,0,0,3
2191,2,2,0.0,1,0,1,0,0,0,0,0,1
2192,3,3,0.9428090415820634,1,0,2,0,0,0,0,0,2
2193,2,2,0.0,1,0,1,0,0,0,0,0,1
2194,2,2,0.0,1,0,1,0,0,0,0,0,1
2195,4,4,0.0,3,0,11,19,2,1,0,7,39
2196,3,3,0.9428090415820634,1,0,2,0,0,0,0,0,2
2197,2,2,1.0,1,0,1,0,0,0,0,0,1
2198,2,2,1.0,1,0,1,0,0,0,0,0,1
2199,2,2,0.5,1,0,2,1,0,0,0,0,3
2200,4,4,0.8660254037844386,3,0,5,5,0,0,0,1,11
2201,2,2,0.5,1,0,2,1,0,0,0,0,3
2202,2,2,0.5,1,0,2,1,0,0,0,0,3
2203,2,2,1.0,1,0,1,0,0,0,0,0,1
2204,3,3,0.0,2,0,2,0,0,1,0,0,3
2205,2,2,0.5,1,0,2,1,0,0,0,0,3
2206,2,2,1.0,1,0,1,0,0,0,0,0,1
2207,2,2,1.0,1,0,1,0,0,0,0,0,1
2208,2,2,0.5,1,0,2,1,0,0,0,0,3
2209,4,4,0.8660254037844386,3,0,5,5,0,0,0,1,11
2210,2,2,0.5,1,0,2,1,0,0,0,0,3
2211,2,2,0.5,1,0,2,1,0,0,0,0,3
2212,2,2,1.0,1,0,1,0,0,0,0,0,1
2213,3,3,0.0,2,0,2,0,0,1,0,0,3
2214,2,2,0.5,1,0,2,1,0,0,0,0,3
2215,2,2,0.0,1,0,1,0,0,0,0,0,1
2216,2,2,1.0,1,0,1,0,0,0,0,0,1
2217,1,1,0.0,0,0,1,0,0,0,0,0,1
2218,2,2,0.5,1,0,2,1,0,0,0,0,3
2219,1,1,0.0,0,0,1,0,0,0,0,0,1
2220,2,2,1.0,1,0,1,0,0,0,0,0,1
2221,2,2,1.0,1,0,1,0,0,0,0,0,1
2222,2,2,1.0,1,0,1,0,0,0,0,0,1
2223,2,2,1.0,1,0,1,0,0,0,0,0,1
2224,2,2,1.0,1,0,1,0,0,0,0,0,1
2225,2,2,1.0,1,0,1,0,0,0,0,0,1
2226,2,2,1.0,1,0,1,0,0,0,0,0,1
2227,2,2,1.0,1,0,1,0,0,0,0,0,1
2228,2,2,0.0,1,0,1,0,0,0,0,0,1
2229,1,1,0.0,0,0,1,0,0,0,0,0,1
2230,2,2,0.5,1,0,2,1,0,0,0,0,3
2231,2,2,1.0,1,0,1,0,0,0,0,0,1
2232,2,2,0.0,1,0,1,0,0,0,0,0,1
2233,1,1,0.0,0,0,1,0,0,0,0,0,1
2234,2,2,1.0,1,0,1,0,0,0,0,0,1
2235,2,2,0.0,1,0,1,0,0,0,0,0,1
2236,1,1,0.0,0,0,1,0,0,0,0,0,1
2237,2,2,0.5,1,0,2,1,0,0,0,0,3
2238,2,2,0.5,1,0,2,1,0,0,0,0,3
2239,1,1,0.0,0,0,1,0,0,0,0,0,1
2240,3,3,0.0,2,0,2,0,0,0,0,0,2
2241,2,2,1.0,1,0,1,0,0,0,0,0,1
2242,2,2,1.0,1,0,1,0,0,0,0,0,1
2243,2,2,1.0,1,0,1,0,0,0,0,0,1
2244,1,1,0.0,0,0,2,1,0,0,0,0,3
2245,2,2,1.0,1,0,1,0,0,0,0,0,1
2246,1,1,0.0,0,0,1,0,0,0,0,0,1
2247,3,3,0.9428090415820634,2,0,2,1,0,0,0,0,3
2248,2,2,0.0,1,0,1,0,0,0,0,0,1
2249,2,2,1.0,1,0,1,0,0,0,0,0,1
2250,2,2,1.0,1,0,1,0,0,0,0,0,1
2251,1,1,0.0,0,0,1,0,0,0,0,0,1
2252,1,1,0.0,0,0,2,1,0,0,0,0,3
2253,1,1,0.0,0,0,1,0,0,0,0,0,1
2254,3,3,0.9428090415820634,2,0,3,0,0,0,0,0,3
2255,2,2,0.0,1,0,1,0,0,0,0,0,1
2256,1,1,0.0,0,0,1,0,0,0,0,0,1
2257,1,1,0.0,0,0,1,0,0,0,0,0,1
2258,1,1,0.0,0,0,1,0,0,0,0,0,1
2259,2,2,1.0,1,0,1,0,0,0,0,0,1
2260,2,2,1.0,1,0,3,0,2,0,0,0,5
2261,2,2,1.0,1,0,1,0,0,0,0,0,1
2262,3,3,0.9428090415820634,2,0,2,0,0,0,0,0,2
2263,2,2,0.0,1,0,1,0,0,0,0,0,1
2264,3,3,0.816496580927726,1,0,3,3,0,0,0,0,6
2265,4,4,0.8660254037844386,3,0,5,5,3,1,0,0,14
2266,1,1,0.0,0,0,1,0,0,0,0,0,1
2267,1,1,0.0,0,0,1,0,0,0,0,0,1
2268,2,2,1.0,1,0,4,0,0,0,1,0,4
2269,2,2,0.0,1,0,4,0,0,1,0,0,4
2270,3,3,0.9428090415820634,2,0,3,0,0,0,0,0,3
2271,1,1,0.0,0,0,1,0,0,0,0,0,1
2272,2,2,1.0,1,0,1,0,0,0,0,0,1
2273,2,2,0.0,1,0,1,0,0,0,0,0,1
2274,1,1,0.0,0,0,1,0,0,0,0,0,1
2275,1,1,0.0,0,0,1,0,0,0,0,0,1
2276,1,1,0.0,0,0,1,0,0,0,0,0,1
2277,2,2,0.0,1,0,1,0,0,0,0,0,1
2278,2,2,0.0,1,0,1,0,0,0,0,0,1
2279,2,2,0.0,1,0,1,0,0,0,0,0,1
2280,2,2,0.0,1,0,1,0,0,0,0,0,1
2281,1,1,0.0,0,0,3,0,0,0,0,0,2
2282,1,1,0.0,0,0,1,0,0,0,0,0,1
2283,3,3,0.9428090415820634,2,0,3,0,0,0,0,0,3
2284,1,1,0.0,0,0,1,0,0,0,0,0,1
2285,2,2,1.0,1,0,1,0,0,0,0,0,1
2286,3,3,0.9428090415820634,2,0,7,4,0,1,2,4,18
2287,3,3,0.0,2,0,7,4,0,1,2,4,18
2288,3,3,0.9428090415820634,2,0,7,4,0,1,2,4,18
2289,3,3,0.0,2,0,7,4,0,1,2,4,18
2290,3,3,0.0,2,0,7,4,0,1,2,4,18
2291,3,3,0.0,2,0,7,4,0,1,2,4,18
2292,4,4,0.0,3,0,3,0,0,3,0,0,6
2293,2,2,1.0,1,0,1,0,0,0,0,0,1
2294,2,2,1.0,1,0,1,0,0,0,0,0,1
2295,5,5,0.4,4,0,9,3,0,1,3,3,19
2296,5,5,0.0,4,0,10,10,4,2,3,3,32
2297,6,6,0.37267799624996495,5,0,10,9,2,2,3,3,29
2298,6,6,0.37267799624996495,5,0,10,9,2,2,3,3,29
2299,4,4,0.4330127018922193,3,0,5,6,0,0,0,0,11
2300,4,4,0.4330127018922193,2,0,7,1,0,1,2,2,13
2301,2,2,1.0,1,0,1,0,0,0,0,0,1
2302,4,4,0.4330127018922193,2,0,7,1,0,1,2,2,13
2303,1,1,0.0,0,0,1,0,0,0,0,0,1
2304,5,5,0.8,4,0,8,2,0,2,4,4,20
2305,1,1,0.0,0,0,1,0,0,0,0,0,1
2306,2,2,1.0,1,0,1,0,0,0,0,0,1
2307,2,2,1.0,1,0,1,0,0,0,0,0,1
2308,3,3,0.9428090415820634,2,0,2,0,0,0,0,0,2
2309,5,5,0.4,4,0,9,3,0,1,3,3,19
2310,5,5,0.0,4,0,10,10,4,2,3,3,32
2311,6,6,0.37267799624996495,5,0,10,9,2,2,3,3,29
2312,6,6,0.37267799624996495,5,0,10,9,2,2,3,3,29
2313,4,4,0.4330127018922193,3,0,5,6,0,0,0,0,11
2314,3,3,0.0,2,0,5,6,0,0,0,0,11
2315,2,2,1.0,1,0,1,0,0,0,0,0,1
2316,3,3,0.9428090415820634,1,0,2,0,0,1,0,0,3
2317,28,28,0.6468132241526726,23,0,50,132,31,21,61,174,469
2318,2,2,0.0,1,0,1,0,0,0,0,0,1
2319,2,2,0.0,1,0,1,0,0,0,0,0,1
2320,5,5,0.6324555320336759,4,0,8,7,1,1,2,4,23
2321,5,5,0.6324555320336759,4,0,8,7,1,1,2,4,23
2322,5,5,0.6324555320336759,4,0,8,7,1,1,2,4,23
2323,5,5,0.6324555320336759,4,0,8,7,1,1,2,4,23
2324,5,5,0.6324555320336759,4,0,8,7,1,1,2,4,23
2325,5,5,0.6324555320336759,4,0,8,7,1,1,2,4,23
2326,5,5,0.6324555320336759,4,0,8,7,1,1,2,4,23
2327,2,2,1.0,1,0,1,0,0,0,0,0,1
2328,2,2,1.0,1,0,1,0,0,0,0,0,1
2329,1,1,0.0,0,0,1,0,0,0,0,0,1
2330,6,6,0.37267799624996495,4,0,7,9,3,1,0,0,20
2331,1,1,0.0,0,0,2,0,0,0,1,0,3
2332,6,6,0.7453559924999299,4,0,13,13,2,0,0,12,39
2333,2,2,0.5,1,0,1,0,0,0,0,0,1
2334,2,2,1.0,1,0,1,0,0,0,0,0,1
2335,2,2,1.0,1,0,1,0,0,0,0,0,1
2336,2,2,0.5,1,0,2,0,0,0,0,1,3
2337,2,2,1.0,1,0,1,0,0,0,0,0,1
2338,2,2,1.0,1,0,1,0,0,0,0,0,1
2339,2,2,1.0,1,0,1,0,0,0,0,0,1
2340,2,2,1.0,1,0,1,0,0,0,0,0,1
2341,2,2,1.0,1,0,1,0,0,0,0,0,1
2342,2,2,1.0,1,0,1,0,0,0,0,0,1
2343,2,2,1.0,1,0,1,0,0,0,0,0,1
2344,2,2,1.0,1,0,1,0,0,0,0,0,1
2345,2,2,1.0,1,0,1,0,0,0,0,0,1
2346,2,2,1.0,1,0,3,1,0,0,1,0,5
2347,1,1,0.0,0,0,1,0,0,0,0,0,1
2348,2,2,0.0,1,0,1,0,0,0,0,0,1
2349,1,1,0.0,0,0,1,0,0,0,0,0,1
2350,4,4,0.8660254037844386,2,0,3,1,0,0,0,0,4
2351,2,2,0.0,1,0,1,0,0,0,0,0,1
2352,1,1,0.0,0,0,1,0,0,0,0,0,1
2353,1,1,0.0,0,0,1,0,0,0,0,0,1
2354,2,2,0.5,1,0,4,4,1,0,0,0,9
2355,1,1,0.0,0,0,1,0,0,0,0,0,1
2356,1,1,0.0,0,0,1,0,0,0,0,0,1
2357,6,6,0.37267799624996495,5,0,10,4,1,4,4,4,27
2358,3,3,0.9428090415820634,2,0,2,0,0,0,0,0,2
2359,4,4,0.0,3,0,3,0,0,3,0,0,6
2360,2,2,1.0,1,0,1,0,0,0,0,0,1
2361,2,2,1.0,1,0,1,0,0,0,0,0,1
2362,4,4,0.4330127018922193,3,0,4,1,0,0,0,0,5
2363,2,2,0.0,1,0,1,0,0,0,0,0,1
2364,1,1,0.0,0,0,2,1,0,0,0,0,3
2365,2,2,1.0,1,0,1,0,0,0,0,0,1
2366,2,2,1.0,1,0,1,0,0,0,0,0,1
2367,3,3,0.9428090415820634,2,0,2,0,0,0,0,0,2
2368,2,2,1.0,1,0,1,0,0,0,0,0,1
2369,2,2,1.0,1,0,1,0,0,0,0,0,1
2370,3,3,0.9428090415820634,2,0,2,0,0,0,0,0,2
2371,2,2,1.0,1,0,1,0,0,0,0,0,1
2372,2,2,1.0,1,0,1,0,0,0,0,0,1
2373,2,2,1.0,1,0,1,0,0,0,0,0,1
2374,1,1,0.0,0,0,1,0,0,0,0,0,1
2375,2,2,0.5,1,0,2,1,0,0,0,0,3
2376,2,2,0.5,1,0,2,0,0,0,0,0,2
2377,2,2,0.5,1,0,2,0,0,0,0,0,2
2378,2,2,0.5,1,0,2,0,0,0,0,0,2
2379,2,2,1.0,1,0,1,0,0,0,0,0,1
2380,2,2,1.0,1,0,1,0,0,0,0,0,1
2381,2,2,1.0,1,0,1,0,0,0,0,0,1
2382,2,2,0.5,1,0,2,1,0,0,0,0,3
2383,2,2,0.5,1,0,2,1,0,0,0,0,3
2384,2,2,1.0,1,0,1,0,0,0,0,0,1
2385,2,2,1.0,1,0,1,0,0,0,0,0,1
2386,2,2,1.0,1,0,1,0,0,0,0,0,1
2387,2,2,0.5,1,0,2,0,0,0,0,1,3
2388,2,2,1.0,1,0,1,0,0,0,0,0,1
2389,2,2,1.0,1,0,1,0,0,0,0,0,1
2390,2,2,1.0,1,0,1,0,0,0,0,0,1
2391,2,2,1.0,1,0,1,0,0,0,0,0,1
2392,2,2,1.0,1,0,1,0,0,0,0,0,1
2393,2,2,1.0,1,0,1,0,0,0,0,0,1
2394,2,2,1.0,1,0,1,0,0,0,0,0,1
2395,2,2,1.0,1,0,1,0,0,0,0,0,1
2396,2,2,1.0,1,0,1,0,0,0,0,0,1
2397,2,2,0.0,1,0,1,0,0,0,0,0,1
2398,2,2,0.5,1,0,2,0,0,0,0,1,3
2399,2,2,0.0,1,0,3,1,0,0,0,0,4
2400,7,7,0.9035079029052513,5,0,14,3,0,4,6,6,33
2401,2,2,1.0,1,0,3,1,0,0,0,0,4
2402,2,2,1.0,1,0,1,0,0,0,0,0,1
2403,2,2,0.0,1,0,1,0,0,0,0,0,1
2404,1,1,0.0,0,0,2,1,0,0,0,0,3
2405,5,5,0.6324555320336759,4,0,8,7,1,1,2,4,23
2406,5,5,0.6324555320336759,4,0,8,7,1,1,2,4,23
2407,5,5,0.6324555320336759,4,0,8,7,1,1,2,4,23
2408,5,5,0.6324555320336759,4,0,8,7,1,1,2,4,23
2409,5,5,0.6324555320336759,4,0,8,7,1,1,2,4,23
2410,5,5,0.6324555320336759,4,0,8,7,1,1,2,4,23
2411,5,5,0.6324555320336759,4,0,8,7,1,1,2,4,23
2412,5,5,0.6324555320336759,4,0,8,7,1,1,2,4,23
2413,3,3,0.9428090415820634,2,0,2,0,0,0,0,0,2
2414,5,5,0.6324555320336759,4,0,8,7,1,1,2,4,23
2415,5,5,0.6324555320336759,4,0,8,7,1,1,2,4,23
2416,5,5,0.6324555320336759,4,0,8,7,1,1,2,4,23
2417,5,5,0.6324555320336759,4,0,8,7,1,1,2,4,23
2418,5,5,0.6324555320336759,4,0,8,7,1,1,2,4,23
2419,5,5,0.6324555320336759,4,0,8,7,1,1,2,4,23
2420,5,5,0.6324555320336759,4,0,8,7,1,1,2,4,23
2421,6,6,0.37267799624996495,4,0,7,9,3,1,0,0,20
2422,4,4,0.4330127018922193,3,0,4,1,0,0,0,0,5
2423,3,3,0.4714045207910317,1,1,3,3,0,0,0,0,6
2424,5,5,0.8,4,0,8,2,0,2,4,4,20
2425,1,1,0.0,0,0,1,0,0,0,0,0,1
2426,1,1,0.0,0,0,1,0,0,0,0,0,1
2427,7,7,0.0,6,0,8,1,1,1,0,3,14
2428,3,3,0.9428090415820634,2,0,2,0,0,0,0,0,2
2429,2,2,1.0,1,0,1,0,0,0,0,0,1
2430,2,2,1.0,1,0,3,1,0,0,1,0,5
2431,1,1,0.0,0,0,1,0,0,0,0,0,1
2432,2,2,0.5,1,0,1,0,0,0,0,0,1
2433,1,1,0.0,0,0,2,0,0,0,1,0,3
2434,6,6,0.7453559924999299,4,0,13,13,2,0,0,12,39
2435,2,2,1.0,1,0,1,0,0,0,0,0,1
2436,2,2,1.0,1,0,1,0,0,0,0,0,1
2437,3,3,0.9428090415820634,2,0,2,0,0,0,0,0,2
2438,13,13,0.7216024245882199,10,0,24,35,21,9,0,53,142
2439,1,1,0.0,0,0,1,0,0,0,0,0,1
2440,4,4,0.8660254037844386,2,0,3,1,0,0,0,0,4
2441,2,2,0.0,1,0,1,0,0,0,0,0,1
2442,1,1,0.0,0,0,1,0,0,0,0,0,1
2443,1,1,0.0,0,0,1,0,0,0,0,0,1
2444,2,2,0.5,1,0,4,4,1,0,0,0,9
2445,1,1,0.0,0,0,1,0,0,0,0,0,1
2446,1,1,0.0,0,0,1,0,0,0,0,0,1
2447,6,6,0.37267799624996495,5,0,10,4,1,4,4,4,27
2448,2,2,1.0,1,0,1,0,0,0,0,0,1
2449,33,33,0.7713892158398701,27,0,60,119,34,28,0,234,467
2450,5,5,0.9797958971132712,3,0,4,1,0,0,0,1,6
2451,7,7,0.4948716593053935,3,0,16,10,10,0,0,4,40
2452,4,4,0.0,3,0,10,16,6,1,0,8,41
2453,1,1,0.0,0,0,1,0,0,0,0,0,1
2454,5,5,0.8,4,0,8,2,0,2,4,4,20
2455,1,1,0.0,0,0,1,0,0,0,0,0,1
2456,1,1,0.0,0,0,2,1,0,0,0,0,3
2457,2,2,0.5,1,0,4,4,1,0,0,0,9
2458,1,1,0.0,0,0,1,0,0,0,0,0,1
2459,3,3,0.9428090415820634,2,0,4,1,0,0,1,0,6
2460,3,3,0.816496580927726,1,0,3,0,0,0,0,0,3
2461,2,2,1.0,1,0,1,0,0,0,0,0,1
2462,1,1,0.0,0,0,1,0,0,0,0,0,1
2463,2,2,1.0,1,0,1,0,0,0,0,0,1
2464,1,1,0.0,0,0,1,0,0,0,0,0,1
2465,2,2,1.0,1,0,1,0,0,0,0,0,1
2466,2,2,1.0,1,0,1,0,0,0,0,0,1
2467,2,2,1.0,1,0,1,0,0,0,0,0,1
2468,2,2,1.0,1,0,1,0,0,0,0,0,1
2469,2,2,1.0,1,0,1,0,0,0,0,0,1
2470,2,2,1.0,1,0,1,0,0,0,0,0,1
2471,2,2,1.0,1,0,1,0,0,0,0,0,1
2472,2,2,1.0,1,0,1,0,0,0,0,0,1
2473,3,3,0.9428090415820634,2,0,7,4,0,1,2,4,18
2474,3,3,0.0,2,0,7,4,0,1,2,4,18
2475,3,3,0.9428090415820634,2,0,7,4,0,1,2,4,18
2476,3,3,0.0,2,0,7,4,0,1,2,4,18
2477,3,3,0.0,2,0,7,4,0,1,2,4,18
2478,3,3,0.0,2,0,7,4,0,1,2,4,18
2479,1,1,0.0,0,0,1,0,0,0,0,0,1
2480,3,3,0.9428090415820634,2,0,2,0,0,0,0,0,2
2481,13,13,0.7216024245882199,10,0,24,35,21,9,0,53,142
2482,7,7,0.9035079029052513,5,0,14,3,0,4,6,6,33
2483,4,4,0.0,3,0,3,0,0,3,0,0,6
2484,2,2,1.0,1,0,1,0,0,0,0,0,1
2485,2,2,1.0,1,0,1,0,0,0,0,0,1
2486,2,2,0.5,1,0,2,1,0,0,0,0,3
2487,2,2,0.5,1,0,2,1,0,0,0,0,3
2488,2,2,0.5,1,0,2,0,0,0,0,1,3
2489,2,2,1.0,1,0,1,0,0,0,0,0,1
2490,2,2,1.0,1,0,1,0,0,0,0,0,1
2491,2,2,1.0,1,0,1,0,0,0,0,0,1
2492,2,2,1.0,1,0,1,0,0,0,0,0,1
2493,2,2,1.0,1,0,1,0,0,0,0,0,1
2494,2,2,1.0,1,0,1,0,0,0,0,0,1
2495,2,2,0.5,1,0,2,1,0,0,0,0,3
2496,2,2,0.5,1,0,2,0,0,0,0,0,2
2497,2,2,0.5,1,0,2,0,0,0,0,1,3
2498,2,2,0.5,1,0,2,0,0,0,0,0,2
2499,2,2,0.5,1,0,2,0,0,0,0,0,2
2500,2,2,0.0,1,0,1,0,0,0,0,0,1
2501,2,2,0.0,1,0,3,1,0,0,0,0,4
2502,2,2,1.0,1,0,1,0,0,0,0,0,1
2503,6,6,0.37267799624996495,4,0,7,9,3,1,0,0,20
2504,2,2,1.0,1,0,3,1,0,0,1,0,5
2505,2,2,1.0,1,0,1,0,0,0,0,0,1
2506,3,3,0.4714045207910317,2,0,3,0,0,0,0,0,3
2507,1,1,0.0,0,0,1,0,0,0,0,0,1
2508,2,2,1.0,1,0,1,0,0,0,0,0,1
2509,2,2,0.5,1,0,2,0,0,0,0,0,2
2510,2,2,1.0,1,0,1,0,0,0,0,0,1
2511,3,3,0.9428090415820634,2,0,2,0,0,0,0,0,2
2512,4,4,0.4330127018922193,3,0,4,1,0,0,0,0,5
2513,3,3,0.9428090415820634,2,0,2,0,0,0,0,0,2
2514,2,2,0.5,1,0,1,0,0,0,0,0,1
2515,1,1,0.0,0,0,2,0,0,0,1,0,3
2516,6,6,0.7453559924999299,4,0,13,13,2,0,0,12,39
2517,2,2,1.0,1,0,1,0,0,0,0,0,1
2518,2,2,1.0,1,0,1,0,0,0,0,0,1
2519,2,2,1.0,1,0,1,0,0,0,0,0,1
2520,2,2,1.0,1,0,1,0,0,0,0,0,1
2521,1,1,0.0,0,0,1,0,0,0,0,0,1
2522,4,4,0.8660254037844386,2,0,3,1,0,0,0,0,4
2523,2,2,0.0,1,0,1,0,0,0,0,0,1
2524,1,1,0.0,0,0,1,0,0,0,0,0,1
2525,1,1,0.0,0,0,1,0,0,0,0,0,1
2526,2,2,0.5,1,0,4,4,1,0,0,0,9
2527,1,1,0.0,0,0,1,0,0,0,0,0,1
2528,1,1,0.0,0,0,1,0,0,0,0,0,1
2529,6,6,0.37267799624996495,5,0,10,4,1,4,4,4,27
2530,2,2,1.0,1,0,1,0,0,0,0,0,1
2531,2,2,1.0,1,0,1,0,0,0,0,0,1
2532,33,33,0.7713892158398701,27,0,60,119,34,28,0,234,467
2533,5,5,0.9797958971132712,3,0,4,1,0,0,0,1,6
2534,7,7,0.4948716593053935,3,0,16,10,10,0,0,4,40
2535,4,4,0.0,3,0,10,16,6,1,0,8,41
2536,5,5,0.8,4,0,8,2,0,2,4,4,20
2537,1,1,0.0,0,0,1,0,0,0,0,0,1
2538,1,1,0.0,0,0,1,0,0,0,0,0,1
2539,1,1,0.0,0,0,2,1,0,0,0,0,3
2540,2,2,0.5,1,0,4,4,1,0,0,0,9
2541,1,1,0.0,0,0,1,0,0,0,0,0,1
2542,3,3,0.9428090415820634,2,0,4,1,0,0,1,0,6
2543,3,3,0.816496580927726,1,0,3,0,0,0,0,0,3
2544,1,1,0.0,0,0,1,0,0,0,0,0,1
2545,2,2,1.0,1,0,1,0,0,0,0,0,1
2546,2,2,1.0,1,0,1,0,0,0,0,0,1
2547,2,2,1.0,1,0,1,0,0,0,0,0,1
2548,5,5,0.7483314773547883,1,1,5,3,0,1,0,0,9
2549,2,2,1.0,1,0,1,0,0,0,0,0,1
2550,1,1,0.0,0,0,1,0,0,0,0,0,1
2551,2,2,0.0,1,0,1,0,0,0,0,0,1
2552,3,3,0.816496580927726,1,0,3,3,0,0,0,0,6
2553,2,2,1.0,1,0,1,0,0,0,0,0,1
2554,3,3,0.816496580927726,1,0,3,3,0,0,0,0,6
2555,2,2,0.0,0,0,1,0,0,0,0,0,1
2556,2,2,0.0,0,0,1,0,0,0,0,0,1
2557,2,2,0.5,0,0,2,0,0,0,0,0,2
2558,2,2,0.0,1,0,1,0,0,0,0,0,1
2559,3,3,0.4714045207910317,1,0,3,0,0,1,0,0,4
2560,6,6,1.3437096247164249,4,3,5,2,0,0,0,1,8
2561,2,2,0.0,0,0,1,0,0,0,0,0,1
2562,2,2,0.0,1,0,1,0,0,0,0,0,1
2563,1,1,0.0,0,0,1,0,0,0,0,0,1
2564,1,1,0.0,0,0,1,0,0,0,0,0,1
2565,6,6,0.37267799624996495,4,1,12,11,3,1,0,3,30
2566,3,3,0.4714045207910317,2,0,5,1,0,0,0,0,6
2567,8,8,0.8660254037844386,6,0,12,7,6,3,0,4,32
2568,1,1,0.0,0,0,1,0,0,0,0,0,1
2569,3,3,0.0,2,0,2,0,0,0,0,0,2
2570,3,3,0.4714045207910317,1,0,5,4,1,0,0,1,11
2571,1,1,0.0,0,0,1,0,0,0,0,0,1
2572,1,1,0.0,0,0,1,0,0,0,0,0,1
2573,4,4,0.82915619758885,1,1,5,3,1,1,0,1,11
2574,3,3,0.9428090415820634,2,0,2,0,0,0,0,0,2
2575,2,2,0.5,1,0,2,1,0,0,0,0,3
2576,2,2,1.0,1,0,1,0,0,0,0,0,1
2577,2,2,0.5,1,0,2,1,0,0,0,0,3
2578,2,2,0.0,1,0,3,1,0,0,0,0,4
2579,6,6,0.37267799624996495,5,0,21,19,9,4,10,55,117
2580,3,3,0.816496580927726,1,0,3,0,0,0,0,1,4
2581,1,1,0.0,0,0,3,0,0,0,0,0,3
2582,2,2,0.5,1,0,2,1,0,0,0,0,3
2583,2,2,1.0,0,0,1,0,0,0,0,0,1
2584,7,7,0.0,6,0,19,20,5,1,0,26,71
2585,2,2,1.0,1,0,1,0,0,0,0,0,1
2586,15,15,0.8692269873603532,9,2,19,12,6,6,0,18,61
2587,2,2,1.0,1,0,1,0,0,0,0,0,1
2588,5,5,0.8,2,0,5,1,0,0,0,0,6
2589,3,3,0.9428090415820634,2,0,3,0,0,0,0,1,4
2590,2,2,1.0,1,0,1,0,0,0,0,0,1
2591,2,2,0.0,1,0,1,0,0,0,0,0,1
2592,7,7,0.7284313590846836,4,0,9,7,0,1,0,3,20
2593,2,2,1.0,1,0,1,0,0,0,0,0,1
2594,1,1,0.0,0,0,2,1,0,0,0,0,3
2595,2,2,1.0,1,0,1,0,0,0,0,0,1
2596,2,2,1.0,1,0,1,0,0,0,0,0,1
2597,2,2,1.0,0,0,1,0,0,0,0,0,1
2598,2,2,0.0,1,0,1,0,0,0,0,0,1
2599,8,8,0.9270248108869579,3,0,9,1,1,0,0,1,12
2600,1,1,0.0,0,0,1,0,0,0,0,0,1
2601,1,1,0.0,0,0,2,1,0,0,0,0,3
2602,1,1,0.0,0,0,1,0,0,0,0,0,1
2603,2,2,0.5,1,0,4,2,1,0,0,3,10
2604,2,2,1.0,0,0,1,0,0,0,0,0,1
2605,4,4,0.0,3,0,9,5,0,0,0,0,14
2606,3,3,0.9428090415820634,2,0,6,3,0,0,0,0,9
2607,8,8,0.6614378277661477,7,0,9,8,0,0,0,6,23
2608,1,1,0.0,0,0,1,0,0,0,0,0,1
2609,1,1,0.0,0,0,1,0,0,0,0,0,1
2610,2,2,1.0,1,0,3,3,0,0,0,0,6
2611,1,1,0.0,0,0,2,1,0,0,0,0,3
2612,2,2,1.0,1,0,3,3,0,0,0,0,6
2613,2,2,1.0,1,0,3,3,0,0,0,0,6
2614,1,1,0.0,0,0,1,0,0,0,0,0,1
2615,1,1,0.0,0,0,2,1,0,0,0,0,3
2616,1,1,0.0,0,0,1,0,0,0,0,0,1
2617,2,2,1.0,1,0,1,0,0,0,0,0,1
2618,2,2,1.0,1,0,1,0,0,0,0,0,1
2619,2,2,1.0,1,0,1,0,0,0,0,0,1
2620,2,2,1.0,1,0,1,0,0,0,0,0,1
2621,2,2,1.0,1,0,1,0,0,0,0,0,1
2622,2,2,0.0,1,0,1,0,0,0,0,0,1
2623,3,3,0.9428090415820634,2,0,2,1,0,0,0,0,3
2624,3,3,0.9428090415820634,2,0,2,1,0,0,0,0,3
2625,1,1,0.0,0,0,1,0,0,0,0,0,1
2626,1,1,0.0,0,0,1,0,0,0,0,0,1
2627,2,2,0.5,1,0,4,2,1,0,0,2,9
2628,1,1,0.0,0,0,1,0,0,0,0,0,1
2629,6,6,0.8975274678557507,3,0,6,0,1,1,0,1,9
2630,1,1,0.0,0,0,2,1,0,0,0,0,3
2631,1,1,0.0,0,0,2,1,0,0,0,0,3
2632,2,2,0.0,1,0,1,0,0,0,0,0,1
2633,4,4,0.4330127018922193,3,0,5,0,0,0,0,0,5
2634,1,1,0.0,0,0,1,0,0,0,0,0,1
2635,3,3,0.9428090415820634,2,0,2,1,0,0,0,0,3
2636,3,3,0.9428090415820634,2,0,2,1,0,0,0,0,3
2637,2,2,1.0,0,0,1,0,0,0,0,0,1
2638,1,1,0.0,0,0,1,0,0,0,0,0,1
2639,1,1,0.0,0,0,1,0,0,0,0,0,1
2640,2,2,0.0,1,0,1,0,0,0,0,0,1
2641,2,2,1.0,0,0,1,0,0,0,0,0,1
2642,5,5,0.8,3,0,7,4,7,3,2,2,25
2643,5,5,0.8,3,0,7,1,2,1,2,2,15
2644,26,26,0.48192169562083337,22,0,49,75,14,11,21,155,325
2645,2,2,1.0,1,0,4,1,1,1,0,0,6
2646,2,2,1.0,0,0,1,0,0,0,0,0,1
2647,2,2,0.5,0,1,1,0,0,0,0,0,1
2648,1,1,0.0,0,0,1,0,0,0,0,0,1
2649,4,4,0.4330127018922193,3,0,7,4,0,0,0,6,17
2650,4,4,1.0,2,0,3,0,1,0,0,0,4
2651,3,3,0.4714045207910317,0,1,2,1,0,0,0,0,3
2652,1,1,0.0,0,0,1,0,0,0,0,0,1
2653,2,2,1.5,1,0,1,0,0,0,0,0,1
2654,2,2,1.0,1,0,1,0,0,0,0,0,1
2655,5,5,0.4898979485566356,4,0,7,4,1,1,0,0,12
2656,2,2,0.0,1,0,3,1,0,0,0,0,4
2657,1,1,0.0,0,0,1,0,0,0,0,0,1
2658,9,9,0.6849348892187751,6,0,14,17,10,6,0,19,66
2659,4,4,1.0,2,0,3,0,0,1,0,0,4
2660,4,4,0.82915619758885,2,0,5,2,0,1,0,1,8
2661,1,1,0.0,0,0,1,0,0,0,0,0,1
2662,3,3,0.4714045207910317,1,0,3,1,0,0,0,1,5
2663,1,1,0.0,0,0,1,0,0,0,0,0,1
2664,2,2,0.0,1,0,1,0,0,0,0,0,1
2665,2,2,1.0,1,0,1,0,0,0,0,0,1
2666,2,2,0.0,1,0,1,0,0,0,0,0,1
2667,2,2,0.0,1,0,1,0,0,0,0,0,1
2668,2,2,0.0,1,0,1,0,0,0,0,0,1
2669,2,2,1.0,1,0,1,0,0,0,0,0,1
2670,2,2,0.0,1,0,1,0,0,0,0,0,1
2671,2,2,0.0,1,0,1,0,0,0,0,0,1
2672,3,3,0.4714045207910317,2,0,2,0,0,0,0,0,2
2673,2,2,0.0,1,0,4,0,0,1,0,0,5
2674,2,2,1.0,1,0,1,0,0,0,0,0,1
2675,2,2,1.0,1,0,1,0,0,0,0,0,1
2676,2,2,1.0,1,0,1,0,0,0,0,0,1
2677,2,2,1.0,1,0,1,0,0,0,0,0,1
2678,2,2,1.0,1,0,1,0,0,0,0,0,1
2679,2,2,1.0,1,0,1,0,0,0,0,0,1
2680,2,2,1.0,1,0,1,0,0,0,0,0,1
2681,2,2,0.5,1,0,2,1,0,0,0,0,3
2682,2,2,1.0,1,0,1,0,0,0,0,0,1
2683,1,1,0.0,0,0,1,0,0,0,0,0,1
2684,2,2,1.0,1,0,1,0,0,0,0,0,1
2685,2,2,1.0,1,0,1,0,0,0,0,0,1
2686,1,1,0.0,0,0,1,0,0,0,0,0,1
2687,2,2,1.0,0,0,1,0,0,0,0,0,1
2688,1,1,0.0,0,0,1,0,0,0,0,0,1
2689,1,1,0.0,0,0,1,0,0,0,0,0,1
2690,2,2,1.0,1,0,1,0,0,0,0,0,1
2691,2,2,1.0,1,0,1,0,0,0,0,0,1
2692,2,2,1.0,1,0,1,0,0,0,0,0,1
2693,2,2,1.0,1,0,1,0,0,0,0,0,1
2694,2,2,1.0,1,0,1,0,0,0,0,0,1
2695,2,2,1.0,1,0,1,0,0,0,0,0,1
2696,3,3,0.9428090415820634,1,0,2,0,0,0,0,0,2
2697,1,1,0.0,0,0,1,0,0,0,0,0,1
2698,2,2,0.0,1,0,1,0,0,0,0,0,1
2699,2,2,0.0,1,0,1,0,0,0,0,0,1
2700,2,2,0.5,1,1,1,0,0,0,0,0,1
2701,2,2,1.0,1,0,1,0,0,0,0,0,1
2702,14,14,0.5150787536377128,1,0,13,0,0,0,0,78,91
2703,4,4,0.82915619758885,2,0,4,1,0,0,0,0,5
2704,2,2,1.0,1,0,1,0,0,0,0,0,1
2705,15,15,0.49888765156985887,1,0,14,0,0,0,0,91,105
2706,1,1,0.0,0,0,1,0,0,0,0,0,1
2707,1,1,0.0,0,0,1,0,0,0,0,0,1
2708,2,2,1.0,1,0,1,0,0,0,0,0,1
2709,1,1,0.0,0,0,1,0,0,0,0,0,1
2710,1,1,0.0,0,0,1,0,0,0,0,0,1
2711,2,2,1.0,1,0,1,0,0,0,0,0,1
2712,3,3,0.816496580927726,1,1,2,1,0,0,0,0,3
2713,3,3,0.9428090415820634,2,0,2,1,0,0,0,0,3
2714,2,2,1.0,1,0,1,0,0,0,0,0,1
2715,2,2,1.0,1,0,1,0,0,0,0,0,1
2716,2,2,1.0,1,0,1,0,0,0,0,0,1
2717,3,3,0.9428090415820634,2,0,2,1,0,0,0,0,3
2718,10,10,0.6,1,0,9,0,0,0,0,36,45
2719,11,11,0.5749595745760689,1,0,10,0,0,0,0,45,55
2720,2,2,0.5,0,1,1,0,0,0,0,0,1
2721,2,2,0.5,1,0,2,0,0,0,0,0,2
2722,2,2,0.0,1,0,3,1,0,0,0,0,4
2723,2,2,1.0,1,0,1,0,0,0,0,0,1
2724,9,9,0.6285393610547089,1,0,8,0,0,0,0,28,36
2725,2,2,1.0,1,0,1,0,0,0,0,0,1
2726,2,2,1.0,1,0,1,0,0,0,0,0,1
2727,2,2,1.0,1,0,1,0,0,0,0,0,1
2728,12,12,0.5527707983925667,1,0,11,0,0,0,0,55,66
2729,2,2,1.0,1,0,1,0,0,0,0,0,1
2730,2,2,1.0,1,0,1,0,0,0,0,0,1
2731,2,2,1.0,1,0,1,0,0,0,0,0,1
2732,2,2,1.0,1,0,1,0,0,0,0,0,1
2733,2,2,1.0,1,0,1,0,0,0,0,0,1
2734,13,13,0.532938710021193,1,0,12,0,0,0,0,66,78
2735,14,14,0.5150787536377128,1,0,13,0,0,0,0,78,91
2736,2,2,0.0,0,0,1,0,0,0,0,0,1
2737,2,2,0.0,0,0,1,0,0,0,0,0,1
2738,7,7,0.8329931278350429,3,2,8,4,1,0,0,3,16
2739,4,4,0.5,2,0,5,3,1,1,0,0,10
2740,2,2,0.0,0,1,2,0,1,0,0,0,3
2741,2,2,1.0,1,0,1,0,0,0,0,0,1
2742,4,4,1.0,2,0,3,3,0,0,0,0,6
2743,2,2,1.0,1,0,1,0,0,0,0,0,1
2744,13,13,0.532938710021193,1,0,12,0,0,0,0,66,78
2745,2,2,1.0,1,0,1,0,0,0,0,0,1
2746,2,2,0.5,1,1,1,0,0,0,0,0,1
2747,12,12,0.5527707983925667,1,0,11,0,0,0,0,55,66
2748,2,2,1.0,1,0,1,0,0,0,0,0,1
2749,2,2,1.0,1,0,1,0,0,0,0,0,1
2750,2,2,1.0,1,0,1,0,0,0,0,0,1
2751,2,2,1.0,1,0,1,0,0,0,0,0,1
2752,3,3,0.9428090415820634,1,0,2,0,0,0,0,1,3
2753,2,2,1.0,1,0,1,0,0,0,0,0,1
2754,2,2,1.0,1,0,1,0,0,0,0,0,1
2755,2,2,1.0,1,0,1,0,0,0,0,0,1
2756,3,3,0.9428090415820634,1,0,2,0,0,0,0,1,3
2757,2,2,1.0,1,0,1,0,0,0,0,0,1
2758,3,3,0.9428090415820634,1,0,2,0,0,0,0,1,3
2759,3,3,0.9428090415820634,1,0,2,0,0,0,0,1,3
2760,3,3,0.9428090415820634,1,0,2,0,0,0,0,1,3
2761,3,3,0.9428090415820634,1,0,2,0,0,0,0,1,3
2762,3,3,0.9428090415820634,1,0,2,0,0,0,0,1,3
2763,3,3,0.9428090415820634,1,0,2,0,0,0,0,1,3
2764,2,2,1.0,1,0,1,0,0,0,0,0,1
2765,2,2,1.0,1,0,1,0,0,0,0,0,1
2766,2,2,1.0,1,0,1,0,0,0,0,0,1
2767,2,2,1.0,1,0,1,0,0,0,0,0,1
2768,2,2,0.5,1,0,2,1,0,0,0,0,3
2769,3,3,0.4714045207910317,1,0,3,1,1,0,0,0,5
2770,3,3,0.4714045207910317,1,0,3,1,0,0,0,0,4
2771,4,4,0.8660254037844386,2,0,3,0,0,3,0,0,6
2772,3,3,0.9428090415820634,1,0,2,0,0,0,0,0,2
2773,3,3,0.9428090415820634,1,0,2,0,0,0,0,0,2
2774,3,3,0.9428090415820634,1,0,2,0,0,0,0,0,2
2775,3,3,0.9428090415820634,1,0,2,0,0,0,0,0,2
2776,3,3,0.4714045207910317,1,0,3,1,1,1,0,0,6
2777,3,3,0.4714045207910317,1,0,3,1,1,0,0,0,5
2778,3,3,0.9428090415820634,1,0,2,0,0,0,0,0,2
2779,2,2,1.0,1,0,1,0,0,0,0,0,1
2780,2,2,0.5,1,0,2,1,0,0,0,0,3
2781,2,2,0.5,1,0,2,1,0,0,0,0,3
2782,2,2,0.5,1,0,2,1,0,0,0,0,3
2783,2,2,0.5,1,0,2,1,0,0,0,0,3
2784,2,2,0.5,1,0,2,1,0,0,0,0,3
2785,2,2,0.5,1,0,2,1,0,0,0,0,3
2786,2,2,1.0,1,0,1,0,0,0,0,0,1
2787,2,2,0.5,1,0,2,0,0,0,0,1,3
2788,2,2,1.0,1,0,1,0,0,0,0,0,1
2789,2,2,0.5,1,0,2,0,0,0,0,1,3
2790,2,2,1.0,1,0,1,0,0,0,0,0,1
2791,2,2,1.0,1,0,1,0,0,0,0,0,1
2792,2,2,1.0,1,0,1,0,0,0,0,0,1
2793,3,3,0.9428090415820634,1,0,2,0,0,0,0,1,3
2794,2,2,1.0,1,0,1,0,0,0,0,0,1
2795,2,2,1.0,1,0,1,0,0,0,0,0,1
2796,2,2,1.0,1,0,1,0,0,0,0,0,1
2797,2,2,1.0,1,0,1,0,0,0,0,0,1
2798,2,2,1.0,1,0,1,0,0,0,0,0,1
2799,3,3,0.9428090415820634,1,0,2,0,0,0,0,1,3
2800,3,3,0.9428090415820634,1,0,2,0,0,0,0,1,3
2801,3,3,0.9428090415820634,1,0,2,0,0,0,0,1,3
2802,2,2,1.0,1,0,1,0,0,0,0,0,1
2803,2,2,1.0,1,0,1,0,0,0,0,0,1
2804,2,2,1.0,1,0,1,0,0,0,0,0,1
2805,3,3,0.9428090415820634,1,0,2,0,0,1,0,0,3
2806,3,3,0.9428090415820634,1,0,2,0,0,1,0,0,3
2807,5,5,0.8,3,0,5,2,0,0,0,1,8
2808,1,1,0.0,0,0,1,0,0,0,0,0,1
2809,1,1,0.0,0,0,1,0,0,0,0,0,1
2810,1,1,0.0,0,0,1,0,0,0,0,0,1
2811,2,2,0.5,1,0,2,0,0,0,0,1,3
2812,2,2,1.0,1,0,1,0,0,0,0,0,1
2813,2,2,0.0,1,0,1,0,0,0,0,0,1
2814,2,2,0.0,1,0,1,0,0,0,0,0,1
2815,2,2,1.0,1,0,1,0,0,0,0,0,1
2816,3,3,0.9428090415820634,1,0,2,0,0,0,0,0,2
2817,4,4,0.8660254037844386,2,0,3,0,0,1,0,0,4
2818,3,3,0.4714045207910317,1,0,3,1,0,0,0,0,4
2819,3,3,0.9428090415820634,1,0,2,0,0,0,0,0,2
2820,4,4,0.4330127018922193,2,0,4,0,1,1,0,0,6
2821,3,3,0.9428090415820634,1,0,2,0,0,0,0,0,2
2822,3,3,0.9428090415820634,1,0,2,0,0,0,0,1,3
2823,3,3,0.9428090415820634,1,0,2,0,0,0,0,1,3
2824,3,3,0.9428090415820634,1,0,2,0,0,0,0,1,3
2825,3,3,0.9428090415820634,1,0,2,0,0,0,0,1,3
2826,3,3,0.9428090415820634,1,0,2,0,0,0,0,1,3
2827,2,2,1.0,1,0,1,0,0,0,0,0,1
2828,2,2,1.0,1,0,1,0,0,0,0,0,1
2829,2,2,0.0,1,0,3,0,0,0,0,3,6
2830,2,2,1.0,1,0,1,0,0,0,0,0,1
2831,5,5,0.4898979485566356,3,0,6,5,3,1,0,1,16
2832,5,5,0.8,3,0,5,2,0,0,0,1,8
2833,2,2,1.0,1,0,1,0,0,0,0,0,1
2834,2,2,0.0,1,0,1,0,0,0,0,0,1
2835,1,1,0.0,0,0,1,0,0,0,0,0,1
2836,2,2,0.5,1,0,2,1,0,0,0,0,3
2837,2,2,1.0,1,0,1,0,0,0,0,0,1
2838,2,2,1.0,1,0,1,0,0,0,0,0,1
2839,5,5,0.4,4,0,7,3,0,0,0,8,18
2840,6,6,0.7637626158259734,4,0,8,6,3,1,0,12,30
2841,2,2,1.0,1,0,1,0,0,0,0,0,1
2842,7,7,0.7284313590846836,5,0,9,5,2,1,0,12,29
2843,3,3,0.9428090415820634,1,0,2,0,0,0,0,0,2
2844,3,3,0.9428090415820634,1,0,2,0,0,0,0,0,2
2845,3,3,0.9428090415820634,1,0,2,0,0,0,0,0,2
2846,3,3,0.4714045207910317,1,0,3,1,1,1,0,0,6
2847,3,3,0.9428090415820634,1,0,2,0,0,0,0,0,2
2848,3,3,0.9428090415820634,1,0,2,0,0,0,0,0,2
2849,3,3,0.9428090415820634,1,0,2,0,0,0,0,0,2
2850,3,3,0.4714045207910317,1,0,3,1,0,0,0,0,4
2851,7,7,0.7284313590846836,5,0,7,4,2,1,0,4,18
2852,2,2,1.0,1,0,1,0,0,0,0,0,1
2853,2,2,0.0,1,0,1,0,0,0,0,0,1
2854,1,1,0.0,0,0,2,0,0,0,0,1,3
2855,2,2,0.0,1,0,1,0,0,0,0,0,1
2856,2,2,1.0,1,0,1,0,0,0,0,0,1
2857,2,2,1.0,1,0,1,0,0,0,0,0,1
2858,2,2,1.0,1,0,1,0,0,0,0,0,1
2859,2,2,1.0,1,0,1,0,0,0,0,0,1
2860,2,2,1.0,1,0,1,0,0,0,0,0,1
2861,3,3,0.9428090415820634,1,0,2,0,0,0,0,1,3
2862,2,2,1.0,1,0,1,0,0,0,0,0,1
2863,2,2,1.0,1,0,1,0,0,0,0,0,1
2864,3,3,0.9428090415820634,1,0,2,0,0,0,0,1,3
2865,2,2,1.0,1,0,1,0,0,0,0,0,1
2866,3,3,0.9428090415820634,1,0,2,0,0,0,0,1,3
2867,2,2,1.0,1,0,1,0,0,0,0,0,1
2868,3,3,0.9428090415820634,1,0,2,0,0,0,0,1,3
2869,2,2,1.0,1,0,1,0,0,0,0,0,1
2870,5,5,0.8,1,0,4,0,0,0,0,6,10
2871,2,2,1.0,1,0,1,0,0,0,0,0,1
2872,3,3,0.9428090415820634,1,0,2,0,0,0,0,1,3
2873,2,2,1.0,1,0,1,0,0,0,0,0,1
2874,3,3,0.9428090415820634,1,0,2,0,0,0,0,1,3
2875,2,2,1.0,1,0,1,0,0,0,0,0,1
2876,2,2,1.0,1,0,1,0,0,0,0,0,1
2877,3,3,0.9428090415820634,1,0,2,0,0,1,0,0,3
2878,2,2,1.0,1,0,1,0,0,0,0,0,1
2879,2,2,0.0,1,0,1,0,0,0,0,0,1
2880,3,3,0.9428090415820634,1,0,2,0,0,0,0,0,2
2881,3,3,0.9428090415820634,1,0,2,0,0,1,0,0,3
2882,5,5,0.8,3,0,5,2,0,0,0,1,8
2883,5,5,0.8,3,0,5,2,0,0,0,1,8
2884,1,1,0.0,0,0,1,0,0,0,0,0,1
2885,1,1,0.0,0,0,1,0,0,0,0,0,1
2886,1,1,0.0,0,0,1,0,0,0,0,0,1
2887,3,3,0.9428090415820634,1,0,2,0,0,1,0,0,3
2888,3,3,0.9428090415820634,1,0,2,0,0,1,0,0,3
2889,3,3,0.9428090415820634,1,0,2,0,0,0,0,1,3
2890,2,2,1.0,1,0,1,0,0,0,0,0,1
2891,3,3,0.9428090415820634,1,0,2,0,0,0,0,1,3
2892,2,2,1.0,1,0,1,0,0,0,0,0,1
2893,4,4,0.8660254037844386,1,0,3,0,0,0,0,3,6
2894,2,2,1.0,1,0,1,0,0,0,0,0,1
2895,2,2,1.0,1,0,1,0,0,0,0,0,1
2896,3,3,0.9428090415820634,1,0,2,0,0,0,0,1,3
2897,3,3,0.9428090415820634,1,0,2,0,0,0,0,1,3
2898,3,3,0.9428090415820634,1,0,2,0,0,0,0,1,3
2899,3,3,0.9428090415820634,1,0,2,0,0,0,0,1,3
2900,2,2,1.0,1,0,1,0,0,0,0,0,1
2901,3,3,0.9428090415820634,1,0,2,0,0,0,0,1,3
2902,2,2,1.0,1,0,1,0,0,0,0,0,1
2903,2,2,1.0,1,0,1,0,0,0,0,0,1
2904,2,2,1.0,1,0,1,0,0,0,0,0,1
2905,3,3,0.9428090415820634,1,0,2,0,0,0,0,1,3
2906,5,5,0.8,3,0,5,2,0,0,0,1,8
2907,2,2,1.0,1,0,1,0,0,0,0,0,1
2908,3,3,0.9428090415820634,1,0,2,0,0,0,0,1,3
2909,3,3,0.9428090415820634,1,0,2,0,0,0,0,1,3
2910,3,3,0.9428090415820634,1,0,2,0,0,0,0,1,3
2911,2,2,1.0,1,0,1,0,0,0,0,0,1
2912,2,2,1.0,1,0,1,0,0,0,0,0,1
2913,2,2,1.0,1,0,1,0,0,0,0,0,1
2914,2,2,1.0,1,0,1,0,0,0,0,0,1
2915,2,2,1.0,1,0,1,0,0,0,0,0,1
2916,2,2,1.0,1,0,1,0,0,0,0,0,1
2917,2,2,1.0,1,0,1,0,0,0,0,0,1
2918,2,2,1.0,1,0,1,0,0,0,0,0,1
2919,2,2,1.0,1,0,1,0,0,0,0,0,1
2920,2,2,1.0,1,0,1,0,0,0,0,0,1
2921,2,2,1.0,1,0,1,0,0,0,0,0,1
2922,3,3,0.9428090415820634,1,0,2,0,0,0,0,1,3
2923,3,3,0.9428090415820634,1,0,2,0,0,0,0,1,3
2924,3,3,0.9428090415820634,1,0,2,0,0,0,0,1,3
2925,2,2,1.0,1,0,1,0,0,0,0,0,1
2926,3,3,0.9428090415820634,1,0,2,0,0,0,0,1,3
2927,3,3,0.9428090415820634,1,0,2,0,0,0,0,1,3
2928,3,3,0.9428090415820634,1,0,2,0,0,0,0,1,3
2929,2,2,1.0,1,0,1,0,0,0,0,0,1
2930,2,2,1.0,1,0,1,0,0,0,0,0,1
2931,3,3,0.9428090415820634,1,0,2,0,0,0,0,1,3
2932,2,2,1.0,1,0,1,0,0,0,0,0,1
2933,2,2,1.0,1,0,1,0,0,0,0,0,1
2934,2,2,1.0,1,0,1,0,0,0,0,0,1
2935,5,5,0.4898979485566356,3,0,6,5,3,1,0,1,16
2936,5,5,0.4898979485566356,3,0,6,5,3,1,0,1,16
2937,2,2,0.5,1,0,2,1,0,0,0,0,3
2938,2,2,1.0,1,0,1,0,0,0,0,0,1
2939,2,2,0.5,1,0,2,1,0,0,0,0,3
2940,1,1,0.0,0,0,1,0,0,0,0,0,1
2941,2,2,1.0,1,0,1,0,0,0,0,0,1
2942,4,4,0.8660254037844386,1,0,3,0,0,0,0,3,6
2943,2,2,1.0,1,0,1,0,0,0,0,0,1
2944,3,3,0.9428090415820634,1,0,2,0,0,0,0,1,3
2945,3,3,0.9428090415820634,1,0,2,0,0,0,0,1,3
2946,3,3,0.9428090415820634,1,0,2,0,0,0,0,1,3
2947,3,3,0.9428090415820634,1,0,2,0,0,0,0,1,3
2948,2,2,1.0,1,0,1,0,0,0,0,0,1
2949,3,3,0.9428090415820634,1,0,2,0,0,0,0,1,3
2950,2,2,1.0,1,0,1,0,0,0,0,0,1
2951,2,2,1.0,1,0,1,0,0,0,0,0,1
2952,2,2,1.0,1,0,1,0,0,0,0,0,1
2953,5,5,0.8,3,0,5,2,0,0,0,1,8
2954,1,1,0.0,0,0,1,0,0,0,0,0,1
2955,2,2,1.0,1,0,1,0,0,0,0,0,1
2956,3,3,0.9428090415820634,1,0,2,0,0,0,0,1,3
2957,3,3,0.9428090415820634,1,0,2,0,0,0,0,1,3
2958,2,2,1.0,1,0,1,0,0,0,0,0,1
2959,2,2,1.0,1,0,1,0,0,0,0,0,1
2960,2,2,1.0,1,0,1,0,0,0,0,0,1
2961,2,2,1.0,1,0,1,0,0,0,0,0,1
2962,2,2,1.0,1,0,1,0,0,0,0,0,1
2963,3,3,0.9428090415820634,1,0,2,0,0,0,0,1,3
2964,3,3,0.9428090415820634,1,0,2,0,0,0,0,1,3
2965,3,3,0.9428090415820634,1,0,2,0,0,0,0,1,3
2966,3,3,0.9428090415820634,1,0,2,0,0,0,0,1,3
2967,3,3,0.9428090415820634,1,0,2,0,0,0,0,1,3
2968,3,3,0.9428090415820634,1,0,2,0,0,0,0,1,3
2969,2,2,1.0,1,0,1,0,0,0,0,0,1
2970,2,2,1.0,1,0,1,0,0,0,0,0,1
2971,5,5,0.4898979485566356,3,0,6,5,3,1,0,1,16
2972,2,2,0.5,1,0,2,1,0,0,0,0,3
2973,2,2,0.5,1,0,2,1,0,0,0,0,3
2974,2,2,0.5,1,0,2,1,0,0,0,0,3
2975,2,2,0.5,1,0,2,1,0,0,0,0,3
2976,2,2,1.0,1,0,1,0,0,0,0,0,1
2977,2,2,1.0,1,0,1,0,0,0,0,0,1
2978,2,2,1.0,1,0,1,0,0,0,0,0,1
2979,2,2,1.0,1,0,1,0,0,0,0,0,1
2980,2,2,0.5,1,0,2,0,0,0,0,0,2
2981,1,1,0.0,0,0,1,0,0,0,0,0,1
2982,2,2,1.0,1,0,1,0,0,0,0,0,1
2983,1,1,0.0,0,0,1,0,0,0,0,0,1
2984,1,1,0.0,0,0,1,0,0,0,0,0,1
2985,2,2,0.0,1,0,1,0,0,0,0,0,1
2986,2,2,1.0,1,0,1,0,0,0,0,0,1
2987,2,2,0.0,1,0,1,0,0,0,0,0,1
2988,1,1,0.0,0,0,1,0,0,0,0,0,1
2989,2,2,0.5,1,0,2,1,0,0,0,0,3
2990,2,2,1.0,0,0,1,0,0,0,0,0,1
2991,13,13,0.5756395979652218,11,0,17,14,2,2,0,29,64
2992,3,3,0.0,2,0,5,1,0,1,0,0,7
2993,2,2,1.0,1,0,1,0,0,0,0,0,1
2994,2,2,1.0,1,0,3,2,0,0,0,1,6
2995,2,2,1.0,1,0,1,0,0,0,0,0,1
2996,7,7,0.7284313590846836,5,0,11,12,7,2,0,6,38
2997,2,2,1.0,1,0,1,0,0,0,0,0,1
2998,2,2,1.0,1,0,1,0,0,0,0,0,1
2999,2,2,1.0,1,0,1,0,0,0,0,0,1
3000,1,1,0.0,0,0,1,0,0,0,0,0,1
3001,2,2,0.5,1,0,2,1,0,0,0,0,3
3002,2,2,1.0,1,0,1,0,0,0,0,0,1
3003,3,3,0.0,2,0,6,4,0,0,0,6,16
3004,2,2,1.0,1,0,1,0,0,0,0,0,1
3005,2,2,0.5,1,0,2,0,0,0,0,0,2
3006,2,2,1.0,1,0,1,0,0,0,0,0,1
3007,1,1,0.0,0,0,1,0,0,0,0,0,1
3008,1,1,0.0,0,0,1,0,0,0,0,0,1
3009,5,5,0.4898979485566356,3,0,9,2,1,0,0,3,15
3010,2,2,1.0,1,0,1,0,0,0,0,0,1
3011,5,5,0.8,3,0,5,2,2,1,0,1,11
3012,3,3,0.4714045207910317,2,0,6,0,1,1,0,1,8
3013,2,2,0.0,1,0,6,1,0,1,1,1,10
3014,5,5,0.8,4,0,6,0,0,0,0,0,6
3015,1,1,0.0,0,0,3,0,0,0,0,0,3
3016,10,10,0.6633249580710799,7,0,17,17,14,4,2,6,60
3017,2,2,1.0,1,0,1,0,0,0,0,0,1
3018,2,2,0.5,0,1,1,0,0,0,0,0,1
3019,1,1,0.0,0,0,1,0,0,0,0,0,1
3020,3,3,0.9428090415820634,2,0,3,0,0,0,0,0,3
3021,1,1,0.0,0,0,1,0,0,0,0,0,1
3022,5,5,0.8,3,0,5,2,2,1,0,1,11
3023,2,2,0.0,1,0,4,0,0,0,0,1,4
3024,2,2,0.0,1,0,6,1,0,1,1,1,10
3025,2,2,0.5,0,0,2,0,0,0,0,0,2
3026,11,11,0.38569460791993504,9,0,15,18,15,7,0,23,78
3027,3,3,0.9428090415820634,2,0,2,0,0,0,0,0,2
3028,2,2,1.0,1,0,1,0,0,0,0,0,1
3029,4,4,0.8660254037844386,1,0,3,0,0,0,0,0,3
3030,2,2,1.0,1,0,1,0,0,0,0,0,1
3031,2,2,1.0,1,0,1,0,0,0,0,0,1
3032,2,2,1.0,1,0,1,0,0,0,0,0,1
3033,2,2,0.0,1,0,4,0,0,0,0,1,4
3034,1,1,0.0,0,0,2,0,0,0,0,0,2
3035,2,2,0.5,0,0,2,0,0,0,0,0,2
3036,2,2,0.0,1,0,4,0,0,0,0,1,4
3037,1,1,0.0,0,0,1,0,0,0,0,0,1
3038,3,3,0.9428090415820634,2,0,4,2,1,0,0,2,9
3039,5,5,0.4,3,0,6,1,0,0,0,5,12
3040,2,2,1.0,1,0,1,0,0,0,0,0,1
3041,5,5,0.0,4,0,10,3,0,0,0,4,17
3042,1,1,0.0,0,0,2,0,0,0,0,0,2
3043,1,1,0.0,0,0,1,0,0,0,0,0,1
3044,3,3,0.0,2,0,2,1,0,0,0,0,3
3045,6,6,0.7453559924999299,5,0,11,6,5,2,0,3,27
3046,2,2,0.5,1,0,5,1,0,1,0,1,8
3047,2,2,0.5,0,0,2,0,0,0,0,0,2
3048,3,3,0.9428090415820634,2,0,2,0,0,0,0,0,2
3049,3,3,0.9428090415820634,2,0,8,2,1,0,0,6,17
3050,3,3,0.0,2,0,4,1,0,0,1,0,6
3051,1,1,0.0,0,0,1,0,0,0,0,0,1
3052,3,3,0.0,2,0,4,1,0,0,1,0,6
3053,1,1,0.0,0,0,1,0,0,0,0,0,1
3054,4,4,0.4330127018922193,2,0,4,3,0,0,0,0,7
3055,3,3,0.0,2,0,6,4,0,0,0,6,16
3056,2,2,1.0,1,0,1,0,0,0,0,0,1
3057,2,2,0.5,0,0,2,0,0,0,0,0,2
3058,5,5,0.8,3,0,5,2,2,1,0,1,11
3059,3,3,0.4714045207910317,2,0,6,0,1,1,0,1,8
3060,2,2,0.0,1,0,6,1,0,1,1,1,10
3061,5,5,0.8,4,0,6,0,0,0,0,0,6
3062,10,10,0.6633249580710799,7,0,17,17,14,4,2,6,60
3063,2,2,1.0,1,0,1,0,0,0,0,0,1
3064,2,2,1.0,1,0,1,0,0,0,0,0,1
3065,2,2,1.0,1,0,1,0,0,0,0,0,1
3066,1,1,0.0,0,0,3,0,0,0,0,0,3
3067,2,2,0.5,0,1,1,0,0,0,0,0,1
3068,3,3,0.0,2,0,4,1,0,0,1,0,6
3069,4,4,0.8660254037844386,3,0,3,1,0,0,0,0,4
3070,2,2,1.0,1,0,3,1,0,1,0,1,6
3071,2,2,1.0,1,0,3,2,0,0,0,1,6
3072,1,1,0.0,0,0,1,0,0,0,0,0,1
3073,1,1,0.0,0,0,1,0,0,0,0,0,1
3074,2,2,0.5,1,0,2,0,0,0,0,0,2
3075,3,3,0.0,2,0,4,0,0,0,0,0,4
3076,2,2,0.0,1,0,1,0,0,0,0,0,1
3077,4,4,0.82915619758885,1,1,3,0,1,0,0,0,4
3078,3,3,0.4714045207910317,2,0,5,2,1,0,0,0,8
3079,2,2,1.0,1,0,1,0,0,0,0,0,1
3080,2,2,1.0,1,0,1,0,0,0,0,0,1
3081,6,6,0.9428090415820634,4,0,11,6,3,1,1,6,27
3082,1,1,0.0,0,0,1,0,0,0,0,0,1
3083,3,3,0.816496580927726,1,1,2,0,0,0,0,0,2
3084,1,1,0.0,0,0,1,0,0,0,0,0,1
3085,4,4,0.4330127018922193,2,0,4,3,0,0,0,0,7
3086,2,2,1.0,1,0,3,2,0,0,0,1,6
3087,2,2,0.5,1,0,4,2,0,0,0,3,9
3088,2,2,1.5,1,1,1,0,0,0,0,0,1
3089,2,2,0.5,1,0,2,1,0,0,0,0,3
3090,2,2,1.0,1,0,1,0,0,0,0,0,1
3091,2,2,1.0,1,0,1,0,0,0,0,0,1
3092,3,3,0.9428090415820634,2,0,2,1,0,0,0,0,3
3093,2,2,1.0,1,0,3,2,0,0,0,1,6
3094,1,1,0.0,0,0,1,0,0,0,0,0,1
3095,1,1,0.0,0,0,1,0,0,0,0,0,1
3096,3,3,0.0,2,0,2,1,0,0,0,0,3
3097,2,2,0.5,1,0,5,1,0,1,0,1,8
3098,3,3,0.9428090415820634,2,0,3,0,0,0,0,0,3
3099,3,3,0.0,2,0,4,1,0,0,1,0,6
3100,1,1,0.0,0,0,1,0,0,0,0,0,1
3101,2,2,0.0,1,0,1,0,0,0,0,0,1
3102,3,3,0.9428090415820634,2,0,2,0,0,0,0,0,2
3103,2,2,1.0,1,0,1,0,0,0,0,0,1
3104,3,3,0.0,2,0,6,4,0,0,0,6,16
3105,2,2,1.0,1,0,1,0,0,0,0,0,1
3106,2,2,1.0,0,0,1,0,0,0,0,0,1
3107,3,3,0.9428090415820634,2,0,8,2,1,0,0,6,17
3108,1,1,0.0,0,0,1,0,0,0,0,0,1
3109,1,1,0.0,0,0,1,0,0,0,0,0,1
3110,4,4,0.4330127018922193,2,0,4,3,0,0,0,0,7
3111,5,5,0.0,4,0,10,3,0,0,0,4,17
3112,2,2,0.5,1,0,2,1,0,0,0,0,3
3113,6,6,0.7453559924999299,5,0,11,6,5,2,0,3,27
3114,2,2,1.0,1,0,1,0,0,0,0,0,1
3115,3,3,0.9428090415820634,2,0,2,0,0,0,0,0,2
3116,1,1,0.0,0,0,1,0,0,0,0,0,1
3117,3,3,0.9428090415820634,2,0,4,2,1,0,0,2,9
3118,2,2,1.0,1,0,1,0,0,0,0,0,1
3119,5,5,0.4,3,0,6,1,0,0,0,5,12
3120,5,5,0.4898979485566356,3,0,9,2,1,0,0,3,15
3121,2,2,1.0,1,0,1,0,0,0,0,0,1
3122,3,3,0.0,2,0,5,1,0,1,0,0,7
3123,2,2,1.0,1,0,1,0,0,0,0,0,1
3124,2,2,1.0,1,0,3,2,0,0,0,1,6
3125,2,2,0.0,1,0,4,0,0,0,0,1,4
3126,2,2,1.0,1,0,1,0,0,0,0,0,1
3127,7,7,0.7284313590846836,5,0,11,12,7,2,0,6,38
3128,2,2,1.0,1,0,1,0,0,0,0,0,1
3129,2,2,1.0,1,0,1,0,0,0,0,0,1
3130,2,2,0.0,1,0,1,0,0,0,0,0,1
3131,1,1,0.0,0,0,2,0,0,0,0,0,2
3132,13,13,0.5756395979652218,11,0,17,14,2,2,0,29,64
3133,2,2,1.0,1,0,1,0,0,0,0,0,1
3134,1,1,0.0,0,0,1,0,0,0,0,0,1
