bench,src,pc,latency
500.perlbench_r/1,1/super_hot_regions:0,0x5ebda5d65ea5,20
500.perlbench_r/1,1/super_hot_regions:0,0x5ebda5d65eaa,0

500.perlbench_r/1,1/super_hot_regions:104,0x5ebda5d668d8,20
500.perlbench_r/1,1/super_hot_regions:104,0x5ebda5d668df,0
500.perlbench_r/1,1/super_hot_regions:104,0x5ebda5d668e3,0

500.perlbench_r/1,1/super_hot_regions:105,0x5ebda5d696cc,20
500.perlbench_r/1,1/super_hot_regions:105,0x5ebda5d696d0,0

500.perlbench_r/1,1/super_hot_regions:108,0x5ebda5d68ff5,10
500.perlbench_r/1,1/super_hot_regions:108,0x5ebda5d69012,0

500.perlbench_r/1,1/super_hot_regions:11,0x5ebda5d75e7e,10
500.perlbench_r/1,1/super_hot_regions:11,0x5ebda5d75e80,0

500.perlbench_r/1,1/super_hot_regions:110,0x5ebda5d68fb0,10
500.perlbench_r/1,1/super_hot_regions:110,0x5ebda5d68fbb,0

500.perlbench_r/1,1/super_hot_regions:119,0x5ebda5d6670e,20
500.perlbench_r/1,1/super_hot_regions:119,0x5ebda5d66713,0
500.perlbench_r/1,1/super_hot_regions:119,0x5ebda5d6671a,0
500.perlbench_r/1,1/super_hot_regions:119,0x5ebda5d66718,0
500.perlbench_r/1,1/super_hot_regions:119,0x5ebda5d66721,0
500.perlbench_r/1,1/super_hot_regions:119,0x5ebda5d6673b,0
500.perlbench_r/1,1/super_hot_regions:119,0x5ebda5d66724,0

500.perlbench_r/1,1/super_hot_regions:12,0x5ebda5d75e83,10
500.perlbench_r/1,1/super_hot_regions:12,0x5ebda5d75e87,0

500.perlbench_r/1,1/super_hot_regions:122,0x5ebda5d73b58,10
500.perlbench_r/1,1/super_hot_regions:122,0x5ebda5d73b5c,0

500.perlbench_r/1,1/super_hot_regions:129,0x5ebda5d1867f,20
500.perlbench_r/1,1/super_hot_regions:129,0x5ebda5d1868d,0

500.perlbench_r/1,1/super_hot_regions:13,0x5ebda5d75e8a,10
500.perlbench_r/1,1/super_hot_regions:13,0x5ebda5d75e8c,0

500.perlbench_r/1,1/super_hot_regions:130,0x5ebda5d18678,40
500.perlbench_r/1,1/super_hot_regions:130,0x5ebda5d18694,0
500.perlbench_r/1,1/super_hot_regions:130,0x5ebda5d1869f,0
500.perlbench_r/1,1/super_hot_regions:130,0x5ebda5d186a3,0
500.perlbench_r/1,1/super_hot_regions:130,0x5ebda5d186a7,0

500.perlbench_r/1,1/super_hot_regions:131,0x5ebda5d186b2,10
500.perlbench_r/1,1/super_hot_regions:131,0x5ebda5d186b6,0

500.perlbench_r/1,1/super_hot_regions:134,0x5ebda5d186dd,20
500.perlbench_r/1,1/super_hot_regions:134,0x5ebda5d186e4,0

500.perlbench_r/1,1/super_hot_regions:15,0x5ebda5d75ed5,20
500.perlbench_r/1,1/super_hot_regions:15,0x5ebda5d75ed9,0

500.perlbench_r/1,1/super_hot_regions:17,0x5ebda5d75ebf,10
500.perlbench_r/1,1/super_hot_regions:17,0x5ebda5d75ec1,0

500.perlbench_r/1,1/super_hot_regions:2,0x5ebda5d65e54,20
500.perlbench_r/1,1/super_hot_regions:2,0x5ebda5d65e5d,0

500.perlbench_r/1,1/super_hot_regions:27,0x5ebda5d752a2,10
500.perlbench_r/1,1/super_hot_regions:27,0x5ebda5d752ac,0

500.perlbench_r/1,1/super_hot_regions:28,0x5ebda5d752b0,10
500.perlbench_r/1,1/super_hot_regions:28,0x5ebda5d752b3,0

500.perlbench_r/1,1/super_hot_regions:29,0x5ebda5d75294,20
500.perlbench_r/1,1/super_hot_regions:29,0x5ebda5d752b9,0

500.perlbench_r/1,1/super_hot_regions:3,0x5ebda5d65e59,10
500.perlbench_r/1,1/super_hot_regions:3,0x5ebda5d65e5f,0
500.perlbench_r/1,1/super_hot_regions:3,0x5ebda5d65e62,0

500.perlbench_r/1,1/super_hot_regions:33,0x5ebda5d7614e,10
500.perlbench_r/1,1/super_hot_regions:33,0x5ebda5d76150,0

500.perlbench_r/1,1/super_hot_regions:35,0x5ebda5dc7520,20
500.perlbench_r/1,1/super_hot_regions:35,0x5ebda5dc7527,0

500.perlbench_r/1,1/super_hot_regions:39,0x5ebda5d65cbb,20
500.perlbench_r/1,1/super_hot_regions:39,0x5ebda5d65cc6,0

500.perlbench_r/1,1/super_hot_regions:40,0x5ebda5d65ccd,30
500.perlbench_r/1,1/super_hot_regions:40,0x5ebda5d65cd6,0
500.perlbench_r/1,1/super_hot_regions:40,0x5ebda5d65cd9,0

500.perlbench_r/1,1/super_hot_regions:42,0x5ebda5d65cf0,10
500.perlbench_r/1,1/super_hot_regions:42,0x5ebda5d65cf3,0

500.perlbench_r/1,1/super_hot_regions:43,0x5ebda5d65d1f,10
500.perlbench_r/1,1/super_hot_regions:43,0x5ebda5d65d22,0
500.perlbench_r/1,1/super_hot_regions:43,0x5ebda5d65d27,0
500.perlbench_r/1,1/super_hot_regions:43,0x5ebda5d65d29,0
500.perlbench_r/1,1/super_hot_regions:43,0x5ebda5d65d2c,0

500.perlbench_r/1,1/super_hot_regions:44,0x5ebda5d65cfa,90
500.perlbench_r/1,1/super_hot_regions:44,0x5ebda5d65d09,0
500.perlbench_r/1,1/super_hot_regions:44,0x5ebda5d65d05,0
500.perlbench_r/1,1/super_hot_regions:44,0x5ebda5d65d0e,0
500.perlbench_r/1,1/super_hot_regions:44,0x5ebda5d65d12,0
500.perlbench_r/1,1/super_hot_regions:44,0x5ebda5d65d17,0
500.perlbench_r/1,1/super_hot_regions:44,0x5ebda5d65d1c,0
500.perlbench_r/1,1/super_hot_regions:44,0x5ebda5d65d33,0
500.perlbench_r/1,1/super_hot_regions:44,0x5ebda5d65d36,0
500.perlbench_r/1,1/super_hot_regions:44,0x5ebda5d65d39,0
500.perlbench_r/1,1/super_hot_regions:44,0x5ebda5d65d3c,0
500.perlbench_r/1,1/super_hot_regions:44,0x5ebda5d65d43,0
500.perlbench_r/1,1/super_hot_regions:44,0x5ebda5d65d46,0

500.perlbench_r/1,1/super_hot_regions:46,0x5ebda5d65d71,20
500.perlbench_r/1,1/super_hot_regions:46,0x5ebda5d65d81,0
500.perlbench_r/1,1/super_hot_regions:46,0x5ebda5d65d84,0

500.perlbench_r/1,1/super_hot_regions:47,0x5ebda5d65e38,10
500.perlbench_r/1,1/super_hot_regions:47,0x5ebda5d65e4c,0

500.perlbench_r/1,1/super_hot_regions:5,0x5ebda5d6ebc5,20
500.perlbench_r/1,1/super_hot_regions:5,0x5ebda5d6ebc9,0
500.perlbench_r/1,1/super_hot_regions:5,0x5ebda5d6ebce,0
500.perlbench_r/1,1/super_hot_regions:5,0x5ebda5d6ebd3,0

500.perlbench_r/1,1/super_hot_regions:56,0x5ebda5d6611d,20
500.perlbench_r/1,1/super_hot_regions:56,0x5ebda5d66124,0
500.perlbench_r/1,1/super_hot_regions:56,0x5ebda5d66128,0
500.perlbench_r/1,1/super_hot_regions:56,0x5ebda5d6612d,0
500.perlbench_r/1,1/super_hot_regions:56,0x5ebda5d66132,0
500.perlbench_r/1,1/super_hot_regions:56,0x5ebda5d66138,0
500.perlbench_r/1,1/super_hot_regions:56,0x5ebda5d6613b,0

500.perlbench_r/1,1/super_hot_regions:58,0x5ebda5d660f7,20
500.perlbench_r/1,1/super_hot_regions:58,0x5ebda5d66105,0

500.perlbench_r/1,1/super_hot_regions:59,0x5ebda5d660fb,20
500.perlbench_r/1,1/super_hot_regions:59,0x5ebda5d66102,0
500.perlbench_r/1,1/super_hot_regions:59,0x5ebda5d66107,0
500.perlbench_r/1,1/super_hot_regions:59,0x5ebda5d6610c,0
500.perlbench_r/1,1/super_hot_regions:59,0x5ebda5d66111,0

500.perlbench_r/1,1/super_hot_regions:74,0x5ebda5d69f00,10
500.perlbench_r/1,1/super_hot_regions:74,0x5ebda5d69f03,0

500.perlbench_r/1,1/super_hot_regions:75,0x5ebda5d69ef9,10
500.perlbench_r/1,1/super_hot_regions:75,0x5ebda5d69f07,0

500.perlbench_r/1,1/super_hot_regions:78,0x5ebda5d66416,20
500.perlbench_r/1,1/super_hot_regions:78,0x5ebda5d6641e,0

500.perlbench_r/1,1/super_hot_regions:80,0x5ebda5d65f34,20
500.perlbench_r/1,1/super_hot_regions:80,0x5ebda5d65f36,0

500.perlbench_r/1,1/super_hot_regions:81,0x5ebda5d66669,50
500.perlbench_r/1,1/super_hot_regions:81,0x5ebda5d66675,0
500.perlbench_r/1,1/super_hot_regions:81,0x5ebda5d6667c,0
500.perlbench_r/1,1/super_hot_regions:81,0x5ebda5d66685,0
500.perlbench_r/1,1/super_hot_regions:81,0x5ebda5d6668c,0

500.perlbench_r/1,1/super_hot_regions:82,0x5ebda5d6668f,20
500.perlbench_r/1,1/super_hot_regions:82,0x5ebda5d6669b,0

500.perlbench_r/1,1/super_hot_regions:84,0x5ebda5d66d0d,20
500.perlbench_r/1,1/super_hot_regions:84,0x5ebda5d66d10,0

500.perlbench_r/1,1/super_hot_regions:86,0x5ebda5d66d20,20
500.perlbench_r/1,1/super_hot_regions:86,0x5ebda5d66d2d,0

500.perlbench_r/1,1/super_hot_regions:88,0x5ebda5d66cb5,20
500.perlbench_r/1,1/super_hot_regions:88,0x5ebda5d66cba,0
500.perlbench_r/1,1/super_hot_regions:88,0x5ebda5d66cc2,0

500.perlbench_r/1,1/super_hot_regions:96,0x5ebda5dbc9a8,10
500.perlbench_r/1,1/super_hot_regions:96,0x5ebda5dbc9b3,0

500.perlbench_r/1,1/super_hot_regions:98,0x5ebda5d66844,20
500.perlbench_r/1,1/super_hot_regions:98,0x5ebda5d66848,0
500.perlbench_r/1,1/super_hot_regions:98,0x5ebda5d6684c,0
500.perlbench_r/1,1/super_hot_regions:98,0x5ebda5d6685b,0

500.perlbench_r/2,2/super_hot_regions:1,0x62585e555ea5,20
500.perlbench_r/2,2/super_hot_regions:1,0x62585e555eaa,0

500.perlbench_r/2,2/super_hot_regions:10,0x62585e555e59,10
500.perlbench_r/2,2/super_hot_regions:10,0x62585e555e5f,0
500.perlbench_r/2,2/super_hot_regions:10,0x62585e555e62,0

500.perlbench_r/2,2/super_hot_regions:110,0x62585e57163c,20
500.perlbench_r/2,2/super_hot_regions:110,0x62585e571643,0
500.perlbench_r/2,2/super_hot_regions:110,0x62585e571647,0

500.perlbench_r/2,2/super_hot_regions:111,0x62585e57175e,20
500.perlbench_r/2,2/super_hot_regions:111,0x62585e571768,0
500.perlbench_r/2,2/super_hot_regions:111,0x62585e57176c,0

502.gcc_r/1,1/super_hot_regions:107,0x5a2e8f91de17,20
502.gcc_r/1,1/super_hot_regions:107,0x5a2e8f91de1b,0
502.gcc_r/1,1/super_hot_regions:107,0x5a2e8f91de22,0
502.gcc_r/1,1/super_hot_regions:107,0x5a2e8f91de26,0

502.gcc_r/1,1/super_hot_regions:109,0x5a2e8f91dddb,20
502.gcc_r/1,1/super_hot_regions:109,0x5a2e8f91dde1,0
502.gcc_r/1,1/super_hot_regions:109,0x5a2e8f91dde4,0

502.gcc_r/1,1/super_hot_regions:117,0x5a2e8f9ce412,20
502.gcc_r/1,1/super_hot_regions:117,0x5a2e8f9ce416,0

502.gcc_r/1,1/super_hot_regions:118,0x5a2e8fa12453,20
502.gcc_r/1,1/super_hot_regions:118,0x5a2e8fa1245b,0

502.gcc_r/1,1/super_hot_regions:12,0x5a2e8f497966,10
502.gcc_r/1,1/super_hot_regions:12,0x5a2e8f497968,0
502.gcc_r/1,1/super_hot_regions:12,0x5a2e8f49796d,0
502.gcc_r/1,1/super_hot_regions:12,0x5a2e8f497970,0

502.gcc_r/1,1/super_hot_regions:127,0x5a2e8f497842,10
502.gcc_r/1,1/super_hot_regions:127,0x5a2e8f497847,0

502.gcc_r/1,1/super_hot_regions:13,0x5a2e8f497985,10
502.gcc_r/1,1/super_hot_regions:13,0x5a2e8f497987,0

502.gcc_r/1,1/super_hot_regions:15,0x5a2e8f497cd7,20
502.gcc_r/1,1/super_hot_regions:15,0x5a2e8f497cdc,0

502.gcc_r/1,1/super_hot_regions:16,0x5a2e8f497ccf,10
502.gcc_r/1,1/super_hot_regions:16,0x5a2e8f497cd1,0
502.gcc_r/1,1/super_hot_regions:16,0x5a2e8f497cd4,0
502.gcc_r/1,1/super_hot_regions:16,0x5a2e8f497ce1,0

502.gcc_r/1,1/super_hot_regions:19,0x5a2e8f4977c8,10
502.gcc_r/1,1/super_hot_regions:19,0x5a2e8f4977ca,0

502.gcc_r/1,1/super_hot_regions:23,0x5a2e8f497822,10
502.gcc_r/1,1/super_hot_regions:23,0x5a2e8f497824,0
502.gcc_r/1,1/super_hot_regions:23,0x5a2e8f497827,0

502.gcc_r/1,1/super_hot_regions:27,0x5a2e8f497a20,10
502.gcc_r/1,1/super_hot_regions:27,0x5a2e8f497a23,0

502.gcc_r/1,1/super_hot_regions:28,0x5a2e8f91ddf9,20
502.gcc_r/1,1/super_hot_regions:28,0x5a2e8f91de07,0

502.gcc_r/1,1/super_hot_regions:31,0x5a2e8f49a045,20
502.gcc_r/1,1/super_hot_regions:31,0x5a2e8f49a048,0
502.gcc_r/1,1/super_hot_regions:31,0x5a2e8f49a04b,0

502.gcc_r/1,1/super_hot_regions:39,0x5a2e8f48e2a8,10
502.gcc_r/1,1/super_hot_regions:39,0x5a2e8f48e2af,0

502.gcc_r/1,1/super_hot_regions:50,0x5a2e8f49a075,20
502.gcc_r/1,1/super_hot_regions:50,0x5a2e8f49a078,0

502.gcc_r/1,1/super_hot_regions:61,0x5a2e8f491e6e,20
502.gcc_r/1,1/super_hot_regions:61,0x5a2e8f491e75,0

502.gcc_r/1,1/super_hot_regions:62,0x5a2e8f49a057,20
502.gcc_r/1,1/super_hot_regions:62,0x5a2e8f49a05c,0
502.gcc_r/1,1/super_hot_regions:62,0x5a2e8f49a05f,0

502.gcc_r/1,1/super_hot_regions:63,0x5a2e8f49a053,20
502.gcc_r/1,1/super_hot_regions:63,0x5a2e8f49a062,0
502.gcc_r/1,1/super_hot_regions:63,0x5a2e8f49a065,0

502.gcc_r/1,1/super_hot_regions:7,0x5a2e8f497c78,10
502.gcc_r/1,1/super_hot_regions:7,0x5a2e8f497c7b,0

502.gcc_r/1,1/super_hot_regions:76,0x5a2e8f726d87,10
502.gcc_r/1,1/super_hot_regions:76,0x5a2e8f726d8d,0

502.gcc_r/1,1/super_hot_regions:82,0x5a2e8fc0f1cc,10
502.gcc_r/1,1/super_hot_regions:82,0x5a2e8fc0f1d4,0

502.gcc_r/1,1/super_hot_regions:84,0x5a2e8fc0f1f0,20
502.gcc_r/1,1/super_hot_regions:84,0x5a2e8fc0f1f7,0

502.gcc_r/1,1/super_hot_regions:95,0x5a2e8f48eef6,10
502.gcc_r/1,1/super_hot_regions:95,0x5a2e8f48ef21,0

502.gcc_r/1,1/super_hot_regions:98,0x5a2e8f48ef40,20
502.gcc_r/1,1/super_hot_regions:98,0x5a2e8f48ef45,0

502.gcc_r/2,2/super_hot_regions:10,0x5deaaf716fd5,20
502.gcc_r/2,2/super_hot_regions:10,0x5deaaf716fd9,0
502.gcc_r/2,2/super_hot_regions:10,0x5deaaf716fe4,0

502.gcc_r/2,2/super_hot_regions:116,0x5deaaf289075,20
502.gcc_r/2,2/super_hot_regions:116,0x5deaaf289078,0

502.gcc_r/2,2/super_hot_regions:119,0x5deaaf289057,20
502.gcc_r/2,2/super_hot_regions:119,0x5deaaf28905c,0
502.gcc_r/2,2/super_hot_regions:119,0x5deaaf28905f,0

502.gcc_r/2,2/super_hot_regions:12,0x5deaaf71726b,20
502.gcc_r/2,2/super_hot_regions:12,0x5deaaf717274,0

502.gcc_r/2,2/super_hot_regions:120,0x5deaaf289053,20
502.gcc_r/2,2/super_hot_regions:120,0x5deaaf289062,0
502.gcc_r/2,2/super_hot_regions:120,0x5deaaf289065,0

502.gcc_r/2,2/super_hot_regions:14,0x5deaaf71723c,20
502.gcc_r/2,2/super_hot_regions:14,0x5deaaf71724c,0
502.gcc_r/2,2/super_hot_regions:14,0x5deaaf717257,0

502.gcc_r/2,2/super_hot_regions:23,0x5deaaf286c78,10
502.gcc_r/2,2/super_hot_regions:23,0x5deaaf286c7b,0

502.gcc_r/2,2/super_hot_regions:26,0x5deaaf286966,10
502.gcc_r/2,2/super_hot_regions:26,0x5deaaf286968,0
502.gcc_r/2,2/super_hot_regions:26,0x5deaaf28696d,0
502.gcc_r/2,2/super_hot_regions:26,0x5deaaf286970,0

502.gcc_r/2,2/super_hot_regions:27,0x5deaaf286985,10
502.gcc_r/2,2/super_hot_regions:27,0x5deaaf286987,0

502.gcc_r/2,2/super_hot_regions:30,0x5deaaf27d2a8,10
502.gcc_r/2,2/super_hot_regions:30,0x5deaaf27d2af,0

502.gcc_r/2,2/super_hot_regions:39,0x5deaaf286cd7,20
502.gcc_r/2,2/super_hot_regions:39,0x5deaaf286cdc,0

502.gcc_r/2,2/super_hot_regions:40,0x5deaaf286ccf,10
502.gcc_r/2,2/super_hot_regions:40,0x5deaaf286cd1,0
502.gcc_r/2,2/super_hot_regions:40,0x5deaaf286cd4,0
502.gcc_r/2,2/super_hot_regions:40,0x5deaaf286ce1,0

502.gcc_r/2,2/super_hot_regions:42,0x5deaaf2867c8,10
502.gcc_r/2,2/super_hot_regions:42,0x5deaaf2867ca,0

502.gcc_r/2,2/super_hot_regions:46,0x5deaaf7172a0,30
502.gcc_r/2,2/super_hot_regions:46,0x5deaaf7172a2,0
502.gcc_r/2,2/super_hot_regions:46,0x5deaaf7172a6,0

502.gcc_r/2,2/super_hot_regions:47,0x5deaaf286822,10
502.gcc_r/2,2/super_hot_regions:47,0x5deaaf286824,0
502.gcc_r/2,2/super_hot_regions:47,0x5deaaf286827,0

502.gcc_r/2,2/super_hot_regions:5,0x5deaaf4a7cbc,20
502.gcc_r/2,2/super_hot_regions:5,0x5deaaf4a7cc0,0
502.gcc_r/2,2/super_hot_regions:5,0x5deaaf4a7cc4,0

502.gcc_r/2,2/super_hot_regions:56,0x5deaaf515d87,10
502.gcc_r/2,2/super_hot_regions:56,0x5deaaf515d8d,0

502.gcc_r/2,2/super_hot_regions:61,0x5deaaf27def6,10
502.gcc_r/2,2/super_hot_regions:61,0x5deaaf27df21,0

502.gcc_r/2,2/super_hot_regions:65,0x5deaaf27df40,20
502.gcc_r/2,2/super_hot_regions:65,0x5deaaf27df45,0

502.gcc_r/2,2/super_hot_regions:66,0x5deaaf4a7330,20
502.gcc_r/2,2/super_hot_regions:66,0x5deaaf4a733a,0
502.gcc_r/2,2/super_hot_regions:66,0x5deaaf4a7348,0
502.gcc_r/2,2/super_hot_regions:66,0x5deaaf4a7340,0
502.gcc_r/2,2/super_hot_regions:66,0x5deaaf4a734b,0

502.gcc_r/2,2/super_hot_regions:69,0x5deaaf289045,20
502.gcc_r/2,2/super_hot_regions:69,0x5deaaf289048,0
502.gcc_r/2,2/super_hot_regions:69,0x5deaaf28904b,0

502.gcc_r/2,2/super_hot_regions:71,0x5deaaf27d3b0,10
502.gcc_r/2,2/super_hot_regions:71,0x5deaaf27d3b3,0

502.gcc_r/2,2/super_hot_regions:72,0x5deaaf27d3b9,10
502.gcc_r/2,2/super_hot_regions:72,0x5deaaf27d3bc,0

502.gcc_r/2,2/super_hot_regions:78,0x5deaaf286a20,10
502.gcc_r/2,2/super_hot_regions:78,0x5deaaf286a23,0

502.gcc_r/2,2/super_hot_regions:9,0x5deaaf716fcb,20
502.gcc_r/2,2/super_hot_regions:9,0x5deaaf716fcf,0
502.gcc_r/2,2/super_hot_regions:9,0x5deaaf716fdc,0

502.gcc_r/3,3/super_hot_regions:105,0x5b35c6181075,20
502.gcc_r/3,3/super_hot_regions:105,0x5b35c6181078,0

502.gcc_r/3,3/super_hot_regions:107,0x5b35c6181057,20
502.gcc_r/3,3/super_hot_regions:107,0x5b35c618105c,0
502.gcc_r/3,3/super_hot_regions:107,0x5b35c618105f,0

502.gcc_r/3,3/super_hot_regions:108,0x5b35c6181053,20
502.gcc_r/3,3/super_hot_regions:108,0x5b35c6181062,0
502.gcc_r/3,3/super_hot_regions:108,0x5b35c6181065,0

502.gcc_r/3,3/super_hot_regions:119,0x5b35c617f94c,20
502.gcc_r/3,3/super_hot_regions:119,0x5b35c617f94f,0

502.gcc_r/3,3/super_hot_regions:12,0x5b35c687f73e,10
502.gcc_r/3,3/super_hot_regions:12,0x5b35c687f740,0

502.gcc_r/3,3/super_hot_regions:122,0x5b35c687f715,10
502.gcc_r/3,3/super_hot_regions:122,0x5b35c687f71a,0

502.gcc_r/3,3/super_hot_regions:28,0x5b35c6181045,20
502.gcc_r/3,3/super_hot_regions:28,0x5b35c6181048,0
502.gcc_r/3,3/super_hot_regions:28,0x5b35c618104b,0

502.gcc_r/3,3/super_hot_regions:30,0x5b35c617e966,10
502.gcc_r/3,3/super_hot_regions:30,0x5b35c617e968,0
502.gcc_r/3,3/super_hot_regions:30,0x5b35c617e96d,0
502.gcc_r/3,3/super_hot_regions:30,0x5b35c617e970,0

503.bwaves_r/1,1/super_hot_regions:103,0x5e2ee9740ee0,20
503.bwaves_r/1,1/super_hot_regions:103,0x5e2ee9740eea,0

503.bwaves_r/1,1/super_hot_regions:109,0x5e2ee9741fb1,10
503.bwaves_r/1,1/super_hot_regions:109,0x5e2ee9741fce,0

503.bwaves_r/1,1/super_hot_regions:11,0x5e2ee973d78b,60
503.bwaves_r/1,1/super_hot_regions:11,0x5e2ee973d793,0
503.bwaves_r/1,1/super_hot_regions:11,0x5e2ee973d7a2,0
503.bwaves_r/1,1/super_hot_regions:11,0x5e2ee973d79d,0
503.bwaves_r/1,1/super_hot_regions:11,0x5e2ee973d798,0
503.bwaves_r/1,1/super_hot_regions:11,0x5e2ee973d7a7,0

503.bwaves_r/1,1/super_hot_regions:114,0x5e2ee9744c08,10
503.bwaves_r/1,1/super_hot_regions:114,0x5e2ee9744c0b,0

503.bwaves_r/1,1/super_hot_regions:115,0x5e2ee9744c11,10
503.bwaves_r/1,1/super_hot_regions:115,0x5e2ee9744c15,0

503.bwaves_r/1,1/super_hot_regions:116,0x5e2ee9744c2d,10
503.bwaves_r/1,1/super_hot_regions:116,0x5e2ee9744c30,0

503.bwaves_r/1,1/super_hot_regions:117,0x5e2ee9744c47,10
503.bwaves_r/1,1/super_hot_regions:117,0x5e2ee9744c4b,0

503.bwaves_r/1,1/super_hot_regions:118,0x5e2ee9744c9c,20
503.bwaves_r/1,1/super_hot_regions:118,0x5e2ee9744ca0,0
503.bwaves_r/1,1/super_hot_regions:118,0x5e2ee9744ca7,0

503.bwaves_r/1,1/super_hot_regions:12,0x5e2ee973d7b3,20
503.bwaves_r/1,1/super_hot_regions:12,0x5e2ee973d7c0,0

503.bwaves_r/1,1/super_hot_regions:120,0x5e2ee9744bcd,80
503.bwaves_r/1,1/super_hot_regions:120,0x5e2ee9744bd0,0
503.bwaves_r/1,1/super_hot_regions:120,0x5e2ee9744bde,0
503.bwaves_r/1,1/super_hot_regions:120,0x5e2ee9744c3d,0
503.bwaves_r/1,1/super_hot_regions:120,0x5e2ee9744be4,0
503.bwaves_r/1,1/super_hot_regions:120,0x5e2ee9744bf4,0
503.bwaves_r/1,1/super_hot_regions:120,0x5e2ee9744bf7,0
503.bwaves_r/1,1/super_hot_regions:120,0x5e2ee9744c01,0
503.bwaves_r/1,1/super_hot_regions:120,0x5e2ee9744c04,0
503.bwaves_r/1,1/super_hot_regions:120,0x5e2ee9744c5f,0
503.bwaves_r/1,1/super_hot_regions:120,0x5e2ee9744c44,0
503.bwaves_r/1,1/super_hot_regions:120,0x5e2ee9744c67,0
503.bwaves_r/1,1/super_hot_regions:120,0x5e2ee9744d75,0
503.bwaves_r/1,1/super_hot_regions:120,0x5e2ee9744c72,0
503.bwaves_r/1,1/super_hot_regions:120,0x5e2ee9744c75,0
503.bwaves_r/1,1/super_hot_regions:120,0x5e2ee9744cb5,0
503.bwaves_r/1,1/super_hot_regions:120,0x5e2ee9744d33,0
503.bwaves_r/1,1/super_hot_regions:120,0x5e2ee9744c7c,0
503.bwaves_r/1,1/super_hot_regions:120,0x5e2ee9744c8a,0
503.bwaves_r/1,1/super_hot_regions:120,0x5e2ee9744c8d,0
503.bwaves_r/1,1/super_hot_regions:120,0x5e2ee9744c90,0

503.bwaves_r/1,1/super_hot_regions:121,0x5e2ee9744c0d,20
503.bwaves_r/1,1/super_hot_regions:121,0x5e2ee9744c17,0
503.bwaves_r/1,1/super_hot_regions:121,0x5e2ee9744e5f,0

503.bwaves_r/1,1/super_hot_regions:123,0x5e2ee9744c32,20
503.bwaves_r/1,1/super_hot_regions:123,0x5e2ee9744c36,0
503.bwaves_r/1,1/super_hot_regions:123,0x5e2ee9744fea,0

503.bwaves_r/1,1/super_hot_regions:124,0x5e2ee9744c54,20
503.bwaves_r/1,1/super_hot_regions:124,0x5e2ee9744c58,0
503.bwaves_r/1,1/super_hot_regions:124,0x5e2ee974505c,0

503.bwaves_r/1,1/super_hot_regions:127,0x5e2ee9741dcc,10
503.bwaves_r/1,1/super_hot_regions:127,0x5e2ee9741dcf,0

503.bwaves_r/1,1/super_hot_regions:128,0x5e2ee9741de8,10
503.bwaves_r/1,1/super_hot_regions:128,0x5e2ee9741dff,0

503.bwaves_r/1,1/super_hot_regions:13,0x5e2ee973d790,10
503.bwaves_r/1,1/super_hot_regions:13,0x5e2ee973d7c5,0

503.bwaves_r/1,1/super_hot_regions:133,0x5e2ee973dbb2,30
503.bwaves_r/1,1/super_hot_regions:133,0x5e2ee973dbb9,0
503.bwaves_r/1,1/super_hot_regions:133,0x5e2ee973dbc9,0
503.bwaves_r/1,1/super_hot_regions:133,0x5e2ee973dbc6,0
503.bwaves_r/1,1/super_hot_regions:133,0x5e2ee973dbcc,0
503.bwaves_r/1,1/super_hot_regions:133,0x5e2ee973dbc3,0

503.bwaves_r/1,1/super_hot_regions:139,0x5e2ee97440ef,10
503.bwaves_r/1,1/super_hot_regions:139,0x5e2ee97440f3,0

503.bwaves_r/1,1/super_hot_regions:140,0x5e2ee9744114,10
503.bwaves_r/1,1/super_hot_regions:140,0x5e2ee9744118,0

503.bwaves_r/1,1/super_hot_regions:141,0x5e2ee9744137,10
503.bwaves_r/1,1/super_hot_regions:141,0x5e2ee974413b,0

503.bwaves_r/1,1/super_hot_regions:142,0x5e2ee9744172,10
503.bwaves_r/1,1/super_hot_regions:142,0x5e2ee9744175,0

503.bwaves_r/1,1/super_hot_regions:143,0x5e2ee97440a6,30
503.bwaves_r/1,1/super_hot_regions:143,0x5e2ee97440ad,0
503.bwaves_r/1,1/super_hot_regions:143,0x5e2ee97440b0,0
503.bwaves_r/1,1/super_hot_regions:143,0x5e2ee9744197,0

503.bwaves_r/1,1/super_hot_regions:144,0x5e2ee97440fe,20
503.bwaves_r/1,1/super_hot_regions:144,0x5e2ee9744102,0
503.bwaves_r/1,1/super_hot_regions:144,0x5e2ee97441a0,0

503.bwaves_r/1,1/super_hot_regions:145,0x5e2ee97440d5,10
503.bwaves_r/1,1/super_hot_regions:145,0x5e2ee97442ed,0

503.bwaves_r/1,1/super_hot_regions:147,0x5e2ee9744167,20
503.bwaves_r/1,1/super_hot_regions:147,0x5e2ee974416b,0
503.bwaves_r/1,1/super_hot_regions:147,0x5e2ee9744397,0

503.bwaves_r/1,1/super_hot_regions:149,0x5e2ee9909293,20
503.bwaves_r/1,1/super_hot_regions:149,0x5e2ee9909299,0

503.bwaves_r/1,1/super_hot_regions:150,0x5e2ee990929b,10
503.bwaves_r/1,1/super_hot_regions:150,0x5e2ee99092a2,0

503.bwaves_r/1,1/super_hot_regions:151,0x5e2ee99092a6,10
503.bwaves_r/1,1/super_hot_regions:151,0x5e2ee99092a9,0

503.bwaves_r/1,1/super_hot_regions:156,0x5e2ee99093bf,20
503.bwaves_r/1,1/super_hot_regions:156,0x5e2ee99093c5,0
503.bwaves_r/1,1/super_hot_regions:156,0x5e2ee99093c8,0

503.bwaves_r/1,1/super_hot_regions:168,0x5e2ee973d7de,20
503.bwaves_r/1,1/super_hot_regions:168,0x5e2ee973d7e9,0

503.bwaves_r/1,1/super_hot_regions:169,0x5e2ee973d7f8,20
503.bwaves_r/1,1/super_hot_regions:169,0x5e2ee973d803,0

503.bwaves_r/1,1/super_hot_regions:17,0x5e2ee973d5f0,20
503.bwaves_r/1,1/super_hot_regions:17,0x5e2ee973d5fe,0

503.bwaves_r/1,1/super_hot_regions:171,0x5e2ee973d511,20
503.bwaves_r/1,1/super_hot_regions:171,0x5e2ee973d51f,0

503.bwaves_r/1,1/super_hot_regions:172,0x5e2ee973d5c9,10
503.bwaves_r/1,1/super_hot_regions:172,0x5e2ee973d5cd,0

503.bwaves_r/1,1/super_hot_regions:174,0x5e2ee973d508,30
503.bwaves_r/1,1/super_hot_regions:174,0x5e2ee973d50c,0
503.bwaves_r/1,1/super_hot_regions:174,0x5e2ee973d63c,0
503.bwaves_r/1,1/super_hot_regions:174,0x5e2ee973d641,0

505.mcf_r/1,1/super_hot_regions:100,0x61d4948f1050,20
505.mcf_r/1,1/super_hot_regions:100,0x61d4948f105d,0

505.mcf_r/1,1/super_hot_regions:102,0x61d4948f1d01,20
505.mcf_r/1,1/super_hot_regions:102,0x61d4948f1d0a,0

505.mcf_r/1,1/super_hot_regions:103,0x61d4948f1cff,10
505.mcf_r/1,1/super_hot_regions:103,0x61d4948f1d0d,0

505.mcf_r/1,1/super_hot_regions:105,0x61d4948f1bc2,20
505.mcf_r/1,1/super_hot_regions:105,0x61d4948f1bcb,0

505.mcf_r/1,1/super_hot_regions:107,0x61d4948ecc92,30
505.mcf_r/1,1/super_hot_regions:107,0x61d4948ecc96,0
505.mcf_r/1,1/super_hot_regions:107,0x61d4948ecc9d,0
505.mcf_r/1,1/super_hot_regions:107,0x61d4948ecc9a,0
505.mcf_r/1,1/super_hot_regions:107,0x61d4948ecca1,0

505.mcf_r/1,1/super_hot_regions:110,0x61d4948ec81a,20
505.mcf_r/1,1/super_hot_regions:110,0x61d4948ec81e,0

505.mcf_r/1,1/super_hot_regions:117,0x61d4948f0a23,10
505.mcf_r/1,1/super_hot_regions:117,0x61d4948f0a29,0

505.mcf_r/1,1/super_hot_regions:119,0x61d4948f0644,20
505.mcf_r/1,1/super_hot_regions:119,0x61d4948f0648,0

505.mcf_r/1,1/super_hot_regions:12,0x61d4948eff90,40
505.mcf_r/1,1/super_hot_regions:12,0x61d4948eff93,0
505.mcf_r/1,1/super_hot_regions:12,0x61d4948eff96,0
505.mcf_r/1,1/super_hot_regions:12,0x61d4948eff98,0
505.mcf_r/1,1/super_hot_regions:12,0x61d4948eff9a,0

505.mcf_r/1,1/super_hot_regions:120,0x61d4948f0641,20
505.mcf_r/1,1/super_hot_regions:120,0x61d4948f064b,0

505.mcf_r/1,1/super_hot_regions:122,0x61d4948f067f,10
505.mcf_r/1,1/super_hot_regions:122,0x61d4948f0688,0

505.mcf_r/1,1/super_hot_regions:123,0x61d4948f0682,10
505.mcf_r/1,1/super_hot_regions:123,0x61d4948f069b,0
505.mcf_r/1,1/super_hot_regions:123,0x61d4948f069e,0

505.mcf_r/1,1/super_hot_regions:128,0x61d4948f16bf,20
505.mcf_r/1,1/super_hot_regions:128,0x61d4948f16ca,0
505.mcf_r/1,1/super_hot_regions:128,0x61d4948f16cd,0

505.mcf_r/1,1/super_hot_regions:130,0x61d4948f261b,10
505.mcf_r/1,1/super_hot_regions:130,0x61d4948f2623,0
505.mcf_r/1,1/super_hot_regions:130,0x61d4948f262e,0
505.mcf_r/1,1/super_hot_regions:130,0x61d4948f262a,0
505.mcf_r/1,1/super_hot_regions:130,0x61d4948f2631,0
505.mcf_r/1,1/super_hot_regions:130,0x61d4948f2634,0

505.mcf_r/1,1/super_hot_regions:132,0x61d4948f329f,20
505.mcf_r/1,1/super_hot_regions:132,0x61d4948f32ad,0

505.mcf_r/1,1/super_hot_regions:133,0x61d4948f3299,20
505.mcf_r/1,1/super_hot_regions:133,0x61d4948f329c,0
505.mcf_r/1,1/super_hot_regions:133,0x61d4948f32a9,0
505.mcf_r/1,1/super_hot_regions:133,0x61d4948f32b1,0

505.mcf_r/1,1/super_hot_regions:137,0x61d4948f0aba,10
505.mcf_r/1,1/super_hot_regions:137,0x61d4948f0abd,0

505.mcf_r/1,1/super_hot_regions:14,0x61d4948eda40,20
505.mcf_r/1,1/super_hot_regions:14,0x61d4948eda4d,0

505.mcf_r/1,1/super_hot_regions:145,0x61d4948f04c3,10
505.mcf_r/1,1/super_hot_regions:145,0x61d4948f04c7,0

505.mcf_r/1,1/super_hot_regions:146,0x61d4948f04f8,10
505.mcf_r/1,1/super_hot_regions:146,0x61d4948f0500,0

505.mcf_r/1,1/super_hot_regions:147,0x61d4948f0532,10
505.mcf_r/1,1/super_hot_regions:147,0x61d4948f053a,0

505.mcf_r/1,1/super_hot_regions:148,0x61d4948f046c,160
505.mcf_r/1,1/super_hot_regions:148,0x61d4948f046e,0
505.mcf_r/1,1/super_hot_regions:148,0x61d4948f0482,0
505.mcf_r/1,1/super_hot_regions:148,0x61d4948f047d,0
505.mcf_r/1,1/super_hot_regions:148,0x61d4948f0485,0
505.mcf_r/1,1/super_hot_regions:148,0x61d4948f0491,0
505.mcf_r/1,1/super_hot_regions:148,0x61d4948f0498,0
505.mcf_r/1,1/super_hot_regions:148,0x61d4948f0494,0
505.mcf_r/1,1/super_hot_regions:148,0x61d4948f04a0,0
505.mcf_r/1,1/super_hot_regions:148,0x61d4948f04ab,0
505.mcf_r/1,1/super_hot_regions:148,0x61d4948f04a8,0
505.mcf_r/1,1/super_hot_regions:148,0x61d4948f04a3,0
505.mcf_r/1,1/super_hot_regions:148,0x61d4948f04b0,0
505.mcf_r/1,1/super_hot_regions:148,0x61d4948f04be,0
505.mcf_r/1,1/super_hot_regions:148,0x61d4948f04b3,0
505.mcf_r/1,1/super_hot_regions:148,0x61d4948f04eb,0
505.mcf_r/1,1/super_hot_regions:148,0x61d4948f04b7,0
505.mcf_r/1,1/super_hot_regions:148,0x61d4948f04ba,0
505.mcf_r/1,1/super_hot_regions:148,0x61d4948f04ef,0
505.mcf_r/1,1/super_hot_regions:148,0x61d4948f04e0,0
505.mcf_r/1,1/super_hot_regions:148,0x61d4948f04cc,0
505.mcf_r/1,1/super_hot_regions:148,0x61d4948f04cf,0
505.mcf_r/1,1/super_hot_regions:148,0x61d4948f04dc,0
505.mcf_r/1,1/super_hot_regions:148,0x61d4948f051c,0
505.mcf_r/1,1/super_hot_regions:148,0x61d4948f04d3,0
505.mcf_r/1,1/super_hot_regions:148,0x61d4948f050c,0
505.mcf_r/1,1/super_hot_regions:148,0x61d4948f04d8,0
505.mcf_r/1,1/super_hot_regions:148,0x61d4948f04e8,0
505.mcf_r/1,1/super_hot_regions:148,0x61d4948f0543,0
505.mcf_r/1,1/super_hot_regions:148,0x61d4948f04f3,0
505.mcf_r/1,1/super_hot_regions:148,0x61d4948f054c,0
505.mcf_r/1,1/super_hot_regions:148,0x61d4948f0505,0
505.mcf_r/1,1/super_hot_regions:148,0x61d4948f0508,0
505.mcf_r/1,1/super_hot_regions:148,0x61d4948f0514,0
505.mcf_r/1,1/super_hot_regions:148,0x61d4948f0524,0
505.mcf_r/1,1/super_hot_regions:148,0x61d4948f0518,0
505.mcf_r/1,1/super_hot_regions:148,0x61d4948f0551,0
505.mcf_r/1,1/super_hot_regions:148,0x61d4948f0559,0
505.mcf_r/1,1/super_hot_regions:148,0x61d4948f0527,0
505.mcf_r/1,1/super_hot_regions:148,0x61d4948f052f,0
505.mcf_r/1,1/super_hot_regions:148,0x61d4948f0548,0
505.mcf_r/1,1/super_hot_regions:148,0x61d4948f055e,0

505.mcf_r/1,1/super_hot_regions:149,0x61d4948f0451,30
505.mcf_r/1,1/super_hot_regions:149,0x61d4948f0471,0
505.mcf_r/1,1/super_hot_regions:149,0x61d4948f0563,0
505.mcf_r/1,1/super_hot_regions:149,0x61d4948f056b,0

505.mcf_r/1,1/super_hot_regions:15,0x61d4948eda51,20
505.mcf_r/1,1/super_hot_regions:15,0x61d4948eda55,0

505.mcf_r/1,1/super_hot_regions:154,0x61d4948f1040,10
505.mcf_r/1,1/super_hot_regions:154,0x61d4948f1043,0

505.mcf_r/1,1/super_hot_regions:156,0x61d4948f1be4,30
505.mcf_r/1,1/super_hot_regions:156,0x61d4948f1bec,0
505.mcf_r/1,1/super_hot_regions:156,0x61d4948f1bf8,0
505.mcf_r/1,1/super_hot_regions:156,0x61d4948f1c0d,0
505.mcf_r/1,1/super_hot_regions:156,0x61d4948f1c18,0

505.mcf_r/1,1/super_hot_regions:16,0x61d4948eda59,20
505.mcf_r/1,1/super_hot_regions:16,0x61d4948eda5d,0
505.mcf_r/1,1/super_hot_regions:16,0x61d4948eda61,0

505.mcf_r/1,1/super_hot_regions:160,0x61d4948ed9f3,30
505.mcf_r/1,1/super_hot_regions:160,0x61d4948eda09,0
505.mcf_r/1,1/super_hot_regions:160,0x61d4948eda15,0

505.mcf_r/1,1/super_hot_regions:164,0x61d4948ee630,20
505.mcf_r/1,1/super_hot_regions:164,0x61d4948ee637,0
505.mcf_r/1,1/super_hot_regions:164,0x61d4948ee63f,0
505.mcf_r/1,1/super_hot_regions:164,0x61d4948ee643,0

505.mcf_r/1,1/super_hot_regions:169,0x61d4948ee673,20
505.mcf_r/1,1/super_hot_regions:169,0x61d4948ee67e,0

507.cactuBSSN_r/1,1/super_hot_regions:10,0x61ec7a5ec613,20
507.cactuBSSN_r/1,1/super_hot_regions:10,0x61ec7a5ec61f,0

507.cactuBSSN_r/1,1/super_hot_regions:101,0x61ec7a4950a8,40
507.cactuBSSN_r/1,1/super_hot_regions:101,0x61ec7a4950af,0
507.cactuBSSN_r/1,1/super_hot_regions:101,0x61ec7a4950b3,0
507.cactuBSSN_r/1,1/super_hot_regions:101,0x61ec7a4950ba,0
507.cactuBSSN_r/1,1/super_hot_regions:101,0x61ec7a4950c0,0
507.cactuBSSN_r/1,1/super_hot_regions:101,0x61ec7a4950c3,0

507.cactuBSSN_r/1,1/super_hot_regions:106,0x61ec7a495458,40
507.cactuBSSN_r/1,1/super_hot_regions:106,0x61ec7a49545f,0
507.cactuBSSN_r/1,1/super_hot_regions:106,0x61ec7a495463,0
507.cactuBSSN_r/1,1/super_hot_regions:106,0x61ec7a49546a,0
507.cactuBSSN_r/1,1/super_hot_regions:106,0x61ec7a495470,0
507.cactuBSSN_r/1,1/super_hot_regions:106,0x61ec7a495473,0

507.cactuBSSN_r/1,1/super_hot_regions:107,0x61ec7a494f80,40
507.cactuBSSN_r/1,1/super_hot_regions:107,0x61ec7a494f87,0
507.cactuBSSN_r/1,1/super_hot_regions:107,0x61ec7a494f8b,0
507.cactuBSSN_r/1,1/super_hot_regions:107,0x61ec7a494f92,0
507.cactuBSSN_r/1,1/super_hot_regions:107,0x61ec7a494f98,0
507.cactuBSSN_r/1,1/super_hot_regions:107,0x61ec7a494f9b,0

507.cactuBSSN_r/1,1/super_hot_regions:108,0x61ec7a4951a0,40
507.cactuBSSN_r/1,1/super_hot_regions:108,0x61ec7a4951a7,0
507.cactuBSSN_r/1,1/super_hot_regions:108,0x61ec7a4951ab,0
507.cactuBSSN_r/1,1/super_hot_regions:108,0x61ec7a4951b2,0
507.cactuBSSN_r/1,1/super_hot_regions:108,0x61ec7a4951b8,0
507.cactuBSSN_r/1,1/super_hot_regions:108,0x61ec7a4951bb,0

507.cactuBSSN_r/1,1/super_hot_regions:112,0x61ec7a495360,40
507.cactuBSSN_r/1,1/super_hot_regions:112,0x61ec7a49536a,0
507.cactuBSSN_r/1,1/super_hot_regions:112,0x61ec7a495370,0
507.cactuBSSN_r/1,1/super_hot_regions:112,0x61ec7a495377,0

507.cactuBSSN_r/1,1/super_hot_regions:113,0x61ec7a495290,40
507.cactuBSSN_r/1,1/super_hot_regions:113,0x61ec7a49529a,0
507.cactuBSSN_r/1,1/super_hot_regions:113,0x61ec7a4952a1,0
507.cactuBSSN_r/1,1/super_hot_regions:113,0x61ec7a4952a8,0

507.cactuBSSN_r/1,1/super_hot_regions:118,0x75705f2f194e,10
507.cactuBSSN_r/1,1/super_hot_regions:118,0x75705f2f1a13,0

507.cactuBSSN_r/1,1/super_hot_regions:12,0x61ec7a5ec5ac,10
507.cactuBSSN_r/1,1/super_hot_regions:12,0x61ec7a5ec5af,0

507.cactuBSSN_r/1,1/super_hot_regions:150,0x61ec7a495320,40
507.cactuBSSN_r/1,1/super_hot_regions:150,0x61ec7a495328,0
507.cactuBSSN_r/1,1/super_hot_regions:150,0x61ec7a495333,0
507.cactuBSSN_r/1,1/super_hot_regions:150,0x61ec7a495337,0

507.cactuBSSN_r/1,1/super_hot_regions:151,0x61ec7a495324,20
507.cactuBSSN_r/1,1/super_hot_regions:151,0x61ec7a49532d,0
507.cactuBSSN_r/1,1/super_hot_regions:151,0x61ec7a49533c,0

507.cactuBSSN_r/1,1/super_hot_regions:152,0x61ec7a495340,10
507.cactuBSSN_r/1,1/super_hot_regions:152,0x61ec7a495359,0

507.cactuBSSN_r/1,1/super_hot_regions:154,0x61ec7a49532f,30
507.cactuBSSN_r/1,1/super_hot_regions:154,0x61ec7a495342,0
507.cactuBSSN_r/1,1/super_hot_regions:154,0x61ec7a495349,0
507.cactuBSSN_r/1,1/super_hot_regions:154,0x61ec7a495346,0
507.cactuBSSN_r/1,1/super_hot_regions:154,0x61ec7a49534d,0
507.cactuBSSN_r/1,1/super_hot_regions:154,0x61ec7a495350,0
507.cactuBSSN_r/1,1/super_hot_regions:154,0x61ec7a495356,0
507.cactuBSSN_r/1,1/super_hot_regions:154,0x61ec7a495353,0
507.cactuBSSN_r/1,1/super_hot_regions:154,0x61ec7a49535b,0
507.cactuBSSN_r/1,1/super_hot_regions:154,0x61ec7a495370,0
507.cactuBSSN_r/1,1/super_hot_regions:154,0x61ec7a49536e,0
507.cactuBSSN_r/1,1/super_hot_regions:154,0x61ec7a495377,0

507.cactuBSSN_r/1,1/super_hot_regions:155,0x61ec7a49525d,10
507.cactuBSSN_r/1,1/super_hot_regions:155,0x61ec7a49529e,0

507.cactuBSSN_r/1,1/super_hot_regions:156,0x61ec7a495250,80
507.cactuBSSN_r/1,1/super_hot_regions:156,0x61ec7a495269,0
507.cactuBSSN_r/1,1/super_hot_regions:156,0x61ec7a49526c,0
507.cactuBSSN_r/1,1/super_hot_regions:156,0x61ec7a495258,0
507.cactuBSSN_r/1,1/super_hot_regions:156,0x61ec7a495270,0
507.cactuBSSN_r/1,1/super_hot_regions:156,0x61ec7a495279,0
507.cactuBSSN_r/1,1/super_hot_regions:156,0x61ec7a495260,0
507.cactuBSSN_r/1,1/super_hot_regions:156,0x61ec7a495264,0
507.cactuBSSN_r/1,1/super_hot_regions:156,0x61ec7a495273,0
507.cactuBSSN_r/1,1/super_hot_regions:156,0x61ec7a49527c,0
507.cactuBSSN_r/1,1/super_hot_regions:156,0x61ec7a495276,0
507.cactuBSSN_r/1,1/super_hot_regions:156,0x61ec7a49527f,0
507.cactuBSSN_r/1,1/super_hot_regions:156,0x61ec7a495282,0
507.cactuBSSN_r/1,1/super_hot_regions:156,0x61ec7a495285,0
507.cactuBSSN_r/1,1/super_hot_regions:156,0x61ec7a495297,0
507.cactuBSSN_r/1,1/super_hot_regions:156,0x61ec7a49529a,0
507.cactuBSSN_r/1,1/super_hot_regions:156,0x61ec7a4952a1,0
507.cactuBSSN_r/1,1/super_hot_regions:156,0x61ec7a4952a8,0

507.cactuBSSN_r/1,1/super_hot_regions:19,0x7570581a0845,20
507.cactuBSSN_r/1,1/super_hot_regions:19,0x7570581a0848,0

507.cactuBSSN_r/1,1/super_hot_regions:191,0x61ec7a75db43,10
507.cactuBSSN_r/1,1/super_hot_regions:191,0x61ec7a75db62,0

507.cactuBSSN_r/1,1/super_hot_regions:192,0x61ec7a75db77,10
507.cactuBSSN_r/1,1/super_hot_regions:192,0x61ec7a75db96,0

507.cactuBSSN_r/1,1/super_hot_regions:20,0x7570581a0840,20
507.cactuBSSN_r/1,1/super_hot_regions:20,0x7570581a084b,0

507.cactuBSSN_r/1,1/super_hot_regions:25,0x61ec7a61b0a7,20
507.cactuBSSN_r/1,1/super_hot_regions:25,0x61ec7a61b0ab,0

507.cactuBSSN_r/1,1/super_hot_regions:29,0x61ec7a61b0bb,10
507.cactuBSSN_r/1,1/super_hot_regions:29,0x61ec7a61b0be,0

507.cactuBSSN_r/1,1/super_hot_regions:30,0x61ec7a61b0c1,20
507.cactuBSSN_r/1,1/super_hot_regions:30,0x61ec7a61b0c4,0

507.cactuBSSN_r/1,1/super_hot_regions:39,0x61ec7a5ec6ab,10
507.cactuBSSN_r/1,1/super_hot_regions:39,0x61ec7a5ec6ae,0

507.cactuBSSN_r/1,1/super_hot_regions:40,0x61ec7a5ec6b1,20
507.cactuBSSN_r/1,1/super_hot_regions:40,0x61ec7a5ec6b4,0

507.cactuBSSN_r/1,1/super_hot_regions:5,0x61ec7a61afac,10
507.cactuBSSN_r/1,1/super_hot_regions:5,0x61ec7a61afaf,0

507.cactuBSSN_r/1,1/super_hot_regions:7,0x61ec7a61b01b,20
507.cactuBSSN_r/1,1/super_hot_regions:7,0x61ec7a61b027,0

508.namd_r/1,1/super_hot_regions:102,0x5826d153c4a7,20
508.namd_r/1,1/super_hot_regions:102,0x5826d153c581,0

508.namd_r/1,1/super_hot_regions:104,0x5826d153c459,40
508.namd_r/1,1/super_hot_regions:104,0x5826d153c474,0
508.namd_r/1,1/super_hot_regions:104,0x5826d153c57a,0
508.namd_r/1,1/super_hot_regions:104,0x5826d153c524,0
508.namd_r/1,1/super_hot_regions:104,0x5826d153c58c,0
508.namd_r/1,1/super_hot_regions:104,0x5826d153c58f,0
508.namd_r/1,1/super_hot_regions:104,0x5826d153c59e,0
508.namd_r/1,1/super_hot_regions:104,0x5826d153c5a8,0
508.namd_r/1,1/super_hot_regions:104,0x5826d153c5aa,0
508.namd_r/1,1/super_hot_regions:104,0x5826d153c5b9,0
508.namd_r/1,1/super_hot_regions:104,0x5826d153c5c2,0
508.namd_r/1,1/super_hot_regions:104,0x5826d153c5c4,0
508.namd_r/1,1/super_hot_regions:104,0x5826d153c5d3,0

508.namd_r/1,1/super_hot_regions:11,0x5826d152c73e,20
508.namd_r/1,1/super_hot_regions:11,0x5826d152c7a7,0
508.namd_r/1,1/super_hot_regions:11,0x5826d152c7aa,0
508.namd_r/1,1/super_hot_regions:11,0x5826d152c7b1,0
508.namd_r/1,1/super_hot_regions:11,0x5826d152c782,0
508.namd_r/1,1/super_hot_regions:11,0x5826d152c7ba,0
508.namd_r/1,1/super_hot_regions:11,0x5826d152c7c0,0

508.namd_r/1,1/super_hot_regions:111,0x5826d152f734,20
508.namd_r/1,1/super_hot_regions:111,0x5826d152f79c,0
508.namd_r/1,1/super_hot_regions:111,0x5826d152f79f,0
508.namd_r/1,1/super_hot_regions:111,0x5826d152f7a6,0
508.namd_r/1,1/super_hot_regions:111,0x5826d152f777,0
508.namd_r/1,1/super_hot_regions:111,0x5826d152f7b0,0
508.namd_r/1,1/super_hot_regions:111,0x5826d152f7b6,0

508.namd_r/1,1/super_hot_regions:115,0x5826d152aa59,20
508.namd_r/1,1/super_hot_regions:115,0x5826d152ab43,0

508.namd_r/1,1/super_hot_regions:119,0x5826d152aaaa,20
508.namd_r/1,1/super_hot_regions:119,0x5826d152abaa,0

508.namd_r/1,1/super_hot_regions:121,0x5826d152aa5c,40
508.namd_r/1,1/super_hot_regions:121,0x5826d152aa78,0
508.namd_r/1,1/super_hot_regions:121,0x5826d152aba3,0
508.namd_r/1,1/super_hot_regions:121,0x5826d152ab68,0
508.namd_r/1,1/super_hot_regions:121,0x5826d152abb5,0
508.namd_r/1,1/super_hot_regions:121,0x5826d152abb8,0
508.namd_r/1,1/super_hot_regions:121,0x5826d152abc6,0
508.namd_r/1,1/super_hot_regions:121,0x5826d152abd0,0
508.namd_r/1,1/super_hot_regions:121,0x5826d152abd2,0
508.namd_r/1,1/super_hot_regions:121,0x5826d152abe0,0
508.namd_r/1,1/super_hot_regions:121,0x5826d152abe9,0
508.namd_r/1,1/super_hot_regions:121,0x5826d152abeb,0
508.namd_r/1,1/super_hot_regions:121,0x5826d152abf9,0

508.namd_r/1,1/super_hot_regions:124,0x5826d152d8e4,20
508.namd_r/1,1/super_hot_regions:124,0x5826d152d958,0

508.namd_r/1,1/super_hot_regions:129,0x5826d152d93d,20
508.namd_r/1,1/super_hot_regions:129,0x5826d152da15,0

508.namd_r/1,1/super_hot_regions:130,0x5826d152d96e,20
508.namd_r/1,1/super_hot_regions:130,0x5826d152da37,0

508.namd_r/1,1/super_hot_regions:132,0x5826d152d925,20
508.namd_r/1,1/super_hot_regions:132,0x5826d152d95f,0
508.namd_r/1,1/super_hot_regions:132,0x5826d152da0e,0
508.namd_r/1,1/super_hot_regions:132,0x5826d152da20,0
508.namd_r/1,1/super_hot_regions:132,0x5826d152da23,0
508.namd_r/1,1/super_hot_regions:132,0x5826d152da31,0
508.namd_r/1,1/super_hot_regions:132,0x5826d152da42,0
508.namd_r/1,1/super_hot_regions:132,0x5826d152da44,0
508.namd_r/1,1/super_hot_regions:132,0x5826d152da52,0
508.namd_r/1,1/super_hot_regions:132,0x5826d152da5b,0
508.namd_r/1,1/super_hot_regions:132,0x5826d152da5d,0
508.namd_r/1,1/super_hot_regions:132,0x5826d152da6b,0

508.namd_r/1,1/super_hot_regions:137,0x5826d153fb9e,20
508.namd_r/1,1/super_hot_regions:137,0x5826d153fc44,0

508.namd_r/1,1/super_hot_regions:143,0x5826d153fbf2,20
508.namd_r/1,1/super_hot_regions:143,0x5826d153fcdf,0

508.namd_r/1,1/super_hot_regions:145,0x5826d153fbb0,40
508.namd_r/1,1/super_hot_regions:145,0x5826d153fbcd,0
508.namd_r/1,1/super_hot_regions:145,0x5826d153fcd8,0
508.namd_r/1,1/super_hot_regions:145,0x5826d153fc9d,0
508.namd_r/1,1/super_hot_regions:145,0x5826d153fcea,0
508.namd_r/1,1/super_hot_regions:145,0x5826d153fced,0
508.namd_r/1,1/super_hot_regions:145,0x5826d153fcfa,0
508.namd_r/1,1/super_hot_regions:145,0x5826d153fd04,0
508.namd_r/1,1/super_hot_regions:145,0x5826d153fd06,0
508.namd_r/1,1/super_hot_regions:145,0x5826d153fd14,0
508.namd_r/1,1/super_hot_regions:145,0x5826d153fd1d,0
508.namd_r/1,1/super_hot_regions:145,0x5826d153fd1f,0
508.namd_r/1,1/super_hot_regions:145,0x5826d153fd2d,0

508.namd_r/1,1/super_hot_regions:157,0x5826d153275e,30
508.namd_r/1,1/super_hot_regions:157,0x5826d1532766,0
508.namd_r/1,1/super_hot_regions:157,0x5826d153276a,0
508.namd_r/1,1/super_hot_regions:157,0x5826d153276e,0

508.namd_r/1,1/super_hot_regions:159,0x5826d153279a,30
508.namd_r/1,1/super_hot_regions:159,0x5826d15327a6,0
508.namd_r/1,1/super_hot_regions:159,0x5826d15327a9,0
508.namd_r/1,1/super_hot_regions:159,0x5826d15327ac,0

508.namd_r/1,1/super_hot_regions:161,0x5826d156b5ae,20
508.namd_r/1,1/super_hot_regions:161,0x5826d156b5b3,0
508.namd_r/1,1/super_hot_regions:161,0x5826d156b5b7,0

508.namd_r/1,1/super_hot_regions:163,0x5826d156b5ec,20
508.namd_r/1,1/super_hot_regions:163,0x5826d156b5f5,0
508.namd_r/1,1/super_hot_regions:163,0x5826d156b5f8,0

508.namd_r/1,1/super_hot_regions:173,0x5826d155ae16,30
508.namd_r/1,1/super_hot_regions:173,0x5826d155ae1e,0
508.namd_r/1,1/super_hot_regions:173,0x5826d155ae22,0
508.namd_r/1,1/super_hot_regions:173,0x5826d155ae26,0

508.namd_r/1,1/super_hot_regions:175,0x5826d155ae55,30
508.namd_r/1,1/super_hot_regions:175,0x5826d155ae61,0
508.namd_r/1,1/super_hot_regions:175,0x5826d155ae65,0
508.namd_r/1,1/super_hot_regions:175,0x5826d155ae69,0

508.namd_r/1,1/super_hot_regions:185,0x5826d15546a5,30
508.namd_r/1,1/super_hot_regions:185,0x5826d15546ad,0
508.namd_r/1,1/super_hot_regions:185,0x5826d15546b0,0
508.namd_r/1,1/super_hot_regions:185,0x5826d15546b3,0

508.namd_r/1,1/super_hot_regions:187,0x5826d15546e1,30
508.namd_r/1,1/super_hot_regions:187,0x5826d15546ed,0
508.namd_r/1,1/super_hot_regions:187,0x5826d15546f1,0
508.namd_r/1,1/super_hot_regions:187,0x5826d15546f5,0

508.namd_r/1,1/super_hot_regions:191,0x5826d15555bc,20
508.namd_r/1,1/super_hot_regions:191,0x5826d155567d,0

508.namd_r/1,1/super_hot_regions:196,0x5826d1555615,20
508.namd_r/1,1/super_hot_regions:196,0x5826d15556ee,0

508.namd_r/1,1/super_hot_regions:197,0x5826d1555621,20
508.namd_r/1,1/super_hot_regions:197,0x5826d15556f6,0

508.namd_r/1,1/super_hot_regions:200,0x5826d15555e4,20
508.namd_r/1,1/super_hot_regions:200,0x5826d15555e9,0
508.namd_r/1,1/super_hot_regions:200,0x5826d15556cc,0
508.namd_r/1,1/super_hot_regions:200,0x5826d15556d6,0
508.namd_r/1,1/super_hot_regions:200,0x5826d15556d9,0
508.namd_r/1,1/super_hot_regions:200,0x5826d15556e8,0
508.namd_r/1,1/super_hot_regions:200,0x5826d1555701,0
508.namd_r/1,1/super_hot_regions:200,0x5826d1555703,0
508.namd_r/1,1/super_hot_regions:200,0x5826d1555712,0
508.namd_r/1,1/super_hot_regions:200,0x5826d155571b,0
508.namd_r/1,1/super_hot_regions:200,0x5826d155571d,0
508.namd_r/1,1/super_hot_regions:200,0x5826d155572c,0

508.namd_r/1,1/super_hot_regions:208,0x5826d156785c,20
508.namd_r/1,1/super_hot_regions:208,0x5826d1567908,0

508.namd_r/1,1/super_hot_regions:209,0x5826d1567894,20
508.namd_r/1,1/super_hot_regions:209,0x5826d1567926,0

508.namd_r/1,1/super_hot_regions:211,0x5826d1567827,20
508.namd_r/1,1/super_hot_regions:211,0x5826d1567949,0

508.namd_r/1,1/super_hot_regions:213,0x5826d1567807,20
508.namd_r/1,1/super_hot_regions:213,0x5826d1567858,0
508.namd_r/1,1/super_hot_regions:213,0x5826d15678fc,0
508.namd_r/1,1/super_hot_regions:213,0x5826d1567906,0
508.namd_r/1,1/super_hot_regions:213,0x5826d1567910,0
508.namd_r/1,1/super_hot_regions:213,0x5826d156791f,0
508.namd_r/1,1/super_hot_regions:213,0x5826d1567931,0
508.namd_r/1,1/super_hot_regions:213,0x5826d1567933,0
508.namd_r/1,1/super_hot_regions:213,0x5826d1567942,0
508.namd_r/1,1/super_hot_regions:213,0x5826d1567954,0
508.namd_r/1,1/super_hot_regions:213,0x5826d1567956,0
508.namd_r/1,1/super_hot_regions:213,0x5826d1567965,0

508.namd_r/1,1/super_hot_regions:220,0x5826d1557d66,30
508.namd_r/1,1/super_hot_regions:220,0x5826d1557d6e,0
508.namd_r/1,1/super_hot_regions:220,0x5826d1557d72,0
508.namd_r/1,1/super_hot_regions:220,0x5826d1557d76,0

508.namd_r/1,1/super_hot_regions:222,0x5826d1557da5,30
508.namd_r/1,1/super_hot_regions:222,0x5826d1557db1,0
508.namd_r/1,1/super_hot_regions:222,0x5826d1557db5,0
508.namd_r/1,1/super_hot_regions:222,0x5826d1557db9,0

508.namd_r/1,1/super_hot_regions:228,0x5826d152f49d,30
508.namd_r/1,1/super_hot_regions:228,0x5826d152f4a5,0
508.namd_r/1,1/super_hot_regions:228,0x5826d152f4a8,0
508.namd_r/1,1/super_hot_regions:228,0x5826d152f4ab,0

508.namd_r/1,1/super_hot_regions:230,0x5826d152f4d7,30
508.namd_r/1,1/super_hot_regions:230,0x5826d152f4e3,0
508.namd_r/1,1/super_hot_regions:230,0x5826d152f4e6,0
508.namd_r/1,1/super_hot_regions:230,0x5826d152f4e9,0

508.namd_r/1,1/super_hot_regions:239,0x5826d1558ba4,20
508.namd_r/1,1/super_hot_regions:239,0x5826d1558c5a,0

508.namd_r/1,1/super_hot_regions:242,0x5826d1558be0,20
508.namd_r/1,1/super_hot_regions:242,0x5826d1558c9a,0

508.namd_r/1,1/super_hot_regions:243,0x5826d1558c04,20
508.namd_r/1,1/super_hot_regions:243,0x5826d1558cbe,0

508.namd_r/1,1/super_hot_regions:245,0x5826d1558b8a,20
508.namd_r/1,1/super_hot_regions:245,0x5826d1558ba0,0
508.namd_r/1,1/super_hot_regions:245,0x5826d1558c93,0
508.namd_r/1,1/super_hot_regions:245,0x5826d1558ca5,0
508.namd_r/1,1/super_hot_regions:245,0x5826d1558ca8,0
508.namd_r/1,1/super_hot_regions:245,0x5826d1558cb7,0
508.namd_r/1,1/super_hot_regions:245,0x5826d1558cc9,0
508.namd_r/1,1/super_hot_regions:245,0x5826d1558ccb,0
508.namd_r/1,1/super_hot_regions:245,0x5826d1558cda,0
508.namd_r/1,1/super_hot_regions:245,0x5826d1558ce4,0
508.namd_r/1,1/super_hot_regions:245,0x5826d1558ce6,0
508.namd_r/1,1/super_hot_regions:245,0x5826d1558cf5,0

508.namd_r/1,1/super_hot_regions:253,0x5826d1552238,20
508.namd_r/1,1/super_hot_regions:253,0x5826d1552315,0

508.namd_r/1,1/super_hot_regions:257,0x5826d1552263,20
508.namd_r/1,1/super_hot_regions:257,0x5826d1552359,0

510.parest_r/1,1/super_hot_regions:100,0x61e49a7bcbae,20
510.parest_r/1,1/super_hot_regions:100,0x61e49a7bcbb5,0
510.parest_r/1,1/super_hot_regions:100,0x61e49a7bcbb8,0

510.parest_r/1,1/super_hot_regions:101,0x61e49a7675b4,20
510.parest_r/1,1/super_hot_regions:101,0x61e49a7675be,0
510.parest_r/1,1/super_hot_regions:101,0x61e49a7675c1,0
510.parest_r/1,1/super_hot_regions:101,0x61e49a7675c3,0

510.parest_r/1,1/super_hot_regions:102,0x61e49a7675c9,10
510.parest_r/1,1/super_hot_regions:102,0x61e49a7675cf,0
510.parest_r/1,1/super_hot_regions:102,0x61e49a7675d2,0
510.parest_r/1,1/super_hot_regions:102,0x61e49a7675d6,0
510.parest_r/1,1/super_hot_regions:102,0x61e49a7675da,0

510.parest_r/1,1/super_hot_regions:103,0x61e49a7bcbe5,30
510.parest_r/1,1/super_hot_regions:103,0x61e49a7bcbe9,0
510.parest_r/1,1/super_hot_regions:103,0x61e49a7bcbed,0
510.parest_r/1,1/super_hot_regions:103,0x61e49a7bcbf5,0
510.parest_r/1,1/super_hot_regions:103,0x61e49a7bcbf7,0

510.parest_r/1,1/super_hot_regions:104,0x61e49a7bcbd4,40
510.parest_r/1,1/super_hot_regions:104,0x61e49a7bcbd9,0
510.parest_r/1,1/super_hot_regions:104,0x61e49a7bcbdd,0
510.parest_r/1,1/super_hot_regions:104,0x61e49a7bcbfe,0
510.parest_r/1,1/super_hot_regions:104,0x61e49a7bcbe1,0
510.parest_r/1,1/super_hot_regions:104,0x61e49a7bcc02,0
510.parest_r/1,1/super_hot_regions:104,0x61e49a7bcc09,0

510.parest_r/1,1/super_hot_regions:108,0x61e49a7bcc29,20
510.parest_r/1,1/super_hot_regions:108,0x61e49a7bcc30,0
510.parest_r/1,1/super_hot_regions:108,0x61e49a7bcc33,0

510.parest_r/1,1/super_hot_regions:109,0x61e49a7bcc60,30
510.parest_r/1,1/super_hot_regions:109,0x61e49a7bcc64,0
510.parest_r/1,1/super_hot_regions:109,0x61e49a7bcc68,0
510.parest_r/1,1/super_hot_regions:109,0x61e49a7bcc70,0
510.parest_r/1,1/super_hot_regions:109,0x61e49a7bcc72,0

510.parest_r/1,1/super_hot_regions:110,0x61e49a7bcc4f,40
510.parest_r/1,1/super_hot_regions:110,0x61e49a7bcc54,0
510.parest_r/1,1/super_hot_regions:110,0x61e49a7bcc58,0
510.parest_r/1,1/super_hot_regions:110,0x61e49a7bcc79,0
510.parest_r/1,1/super_hot_regions:110,0x61e49a7bcc5c,0
510.parest_r/1,1/super_hot_regions:110,0x61e49a7bcc7d,0
510.parest_r/1,1/super_hot_regions:110,0x61e49a7bcc84,0

510.parest_r/1,1/super_hot_regions:112,0x61e49a7bcb78,20
510.parest_r/1,1/super_hot_regions:112,0x61e49a7bcb80,0
510.parest_r/1,1/super_hot_regions:112,0x61e49a7bcb83,0

510.parest_r/1,1/super_hot_regions:116,0x61e49a9a6ea2,30
510.parest_r/1,1/super_hot_regions:116,0x61e49a9a6eaa,0
510.parest_r/1,1/super_hot_regions:116,0x61e49a9a6eb5,0

510.parest_r/1,1/super_hot_regions:128,0x61e49ab8a55c,10
510.parest_r/1,1/super_hot_regions:128,0x61e49ab8a55f,0

510.parest_r/1,1/super_hot_regions:130,0x61e49ab8a7b8,20
510.parest_r/1,1/super_hot_regions:130,0x61e49ab8a7c4,0

510.parest_r/1,1/super_hot_regions:135,0x61e49ab88978,20
510.parest_r/1,1/super_hot_regions:135,0x61e49ab88980,0

510.parest_r/1,1/super_hot_regions:136,0x61e49ab88999,20
510.parest_r/1,1/super_hot_regions:136,0x61e49ab889a0,0
510.parest_r/1,1/super_hot_regions:136,0x61e49ab889a4,0

510.parest_r/1,1/super_hot_regions:150,0x7a48662a18a2,10
510.parest_r/1,1/super_hot_regions:150,0x7a48662a18a4,0
510.parest_r/1,1/super_hot_regions:150,0x7a48662a18a7,0

510.parest_r/1,1/super_hot_regions:152,0x7a48662a18b8,10
510.parest_r/1,1/super_hot_regions:152,0x7a48662a18c3,0

510.parest_r/1,1/super_hot_regions:153,0x7a48662a18bb,20
510.parest_r/1,1/super_hot_regions:153,0x7a48662a18bf,0
510.parest_r/1,1/super_hot_regions:153,0x7a48662a18c7,0
510.parest_r/1,1/super_hot_regions:153,0x7a48662a18cf,0
510.parest_r/1,1/super_hot_regions:153,0x7a48662a18d6,0

510.parest_r/1,1/super_hot_regions:154,0x7a48662a18cb,20
510.parest_r/1,1/super_hot_regions:154,0x7a48662a18d2,0
510.parest_r/1,1/super_hot_regions:154,0x7a48662a18d9,0
510.parest_r/1,1/super_hot_regions:154,0x7a48662a18dc,0

510.parest_r/1,1/super_hot_regions:22,0x61e49ab8a4a6,20
510.parest_r/1,1/super_hot_regions:22,0x61e49ab8a4b6,0

510.parest_r/1,1/super_hot_regions:23,0x61e49ab8a490,30
510.parest_r/1,1/super_hot_regions:23,0x61e49ab8a49f,0
510.parest_r/1,1/super_hot_regions:23,0x61e49ab8a4b9,0

510.parest_r/1,1/super_hot_regions:25,0x61e49ab8a4de,10
510.parest_r/1,1/super_hot_regions:25,0x61e49ab8a4e4,0
510.parest_r/1,1/super_hot_regions:25,0x61e49ab8a4e7,0

510.parest_r/1,1/super_hot_regions:26,0x61e49ab8a4d7,10
510.parest_r/1,1/super_hot_regions:26,0x61e49ab8a4da,0
510.parest_r/1,1/super_hot_regions:26,0x61e49ab8a4e1,0
510.parest_r/1,1/super_hot_regions:26,0x61e49ab8a4e9,0

510.parest_r/1,1/super_hot_regions:34,0x61e49ab37bd0,10
510.parest_r/1,1/super_hot_regions:34,0x61e49ab37bd6,0

510.parest_r/1,1/super_hot_regions:41,0x61e49ab76bb8,20
510.parest_r/1,1/super_hot_regions:41,0x61e49ab76bbd,0

510.parest_r/1,1/super_hot_regions:45,0x61e49ab37c95,10
510.parest_r/1,1/super_hot_regions:45,0x61e49ab37c98,0

510.parest_r/1,1/super_hot_regions:50,0x61e49a7b7326,20
510.parest_r/1,1/super_hot_regions:50,0x61e49a7b732a,0
510.parest_r/1,1/super_hot_regions:50,0x61e49a7b7331,0

510.parest_r/1,1/super_hot_regions:61,0x61e49ab37b91,10
510.parest_r/1,1/super_hot_regions:61,0x61e49ab37b94,0

510.parest_r/1,1/super_hot_regions:62,0x61e49ab37b98,10
510.parest_r/1,1/super_hot_regions:62,0x61e49ab37b9b,0

510.parest_r/1,1/super_hot_regions:63,0x61e49ab37b28,20
510.parest_r/1,1/super_hot_regions:63,0x61e49ab37b2c,0

510.parest_r/1,1/super_hot_regions:69,0x61e49ab37b01,10
510.parest_r/1,1/super_hot_regions:69,0x61e49ab37b06,0
510.parest_r/1,1/super_hot_regions:69,0x61e49ab37b0a,0
510.parest_r/1,1/super_hot_regions:69,0x61e49ab37b0d,0
510.parest_r/1,1/super_hot_regions:69,0x61e49ab37b10,0

510.parest_r/1,1/super_hot_regions:7,0x61e49ab37ba0,10
510.parest_r/1,1/super_hot_regions:7,0x61e49ab37ba2,0
510.parest_r/1,1/super_hot_regions:7,0x61e49ab37ba4,0

510.parest_r/1,1/super_hot_regions:71,0x61e49ab8a53e,20
510.parest_r/1,1/super_hot_regions:71,0x61e49ab8a545,0
510.parest_r/1,1/super_hot_regions:71,0x61e49ab8a548,0
510.parest_r/1,1/super_hot_regions:71,0x61e49ab8a54b,0

510.parest_r/1,1/super_hot_regions:73,0x61e49a6645d4,20
510.parest_r/1,1/super_hot_regions:73,0x61e49a6645de,0

510.parest_r/1,1/super_hot_regions:74,0x61e49a6645d7,10
510.parest_r/1,1/super_hot_regions:74,0x61e49a6645e1,0

510.parest_r/1,1/super_hot_regions:80,0x61e49aaf793d,10
510.parest_r/1,1/super_hot_regions:80,0x61e49aaf7948,0
510.parest_r/1,1/super_hot_regions:80,0x61e49aaf7952,0

510.parest_r/1,1/super_hot_regions:83,0x61e49aaf7961,10
510.parest_r/1,1/super_hot_regions:83,0x61e49aaf7964,0
510.parest_r/1,1/super_hot_regions:83,0x61e49aaf7967,0
510.parest_r/1,1/super_hot_regions:83,0x61e49aaf796a,0

510.parest_r/1,1/super_hot_regions:96,0x61e49a7675e4,20
510.parest_r/1,1/super_hot_regions:96,0x61e49a7675ee,0
510.parest_r/1,1/super_hot_regions:96,0x61e49a7675f1,0
510.parest_r/1,1/super_hot_regions:96,0x61e49a7675f3,0

510.parest_r/1,1/super_hot_regions:97,0x61e49a7675f9,10
510.parest_r/1,1/super_hot_regions:97,0x61e49a7675ff,0
510.parest_r/1,1/super_hot_regions:97,0x61e49a767602,0
510.parest_r/1,1/super_hot_regions:97,0x61e49a767606,0
510.parest_r/1,1/super_hot_regions:97,0x61e49a76760a,0

511.povray_r/1,1/super_hot_regions:103,0x622355aa69ea,10
511.povray_r/1,1/super_hot_regions:103,0x622355aa69ee,0

511.povray_r/1,1/super_hot_regions:106,0x622355ae848e,10
511.povray_r/1,1/super_hot_regions:106,0x622355ae8494,0

511.povray_r/1,1/super_hot_regions:107,0x622355ae848a,30
511.povray_r/1,1/super_hot_regions:107,0x622355ae8490,0
511.povray_r/1,1/super_hot_regions:107,0x622355ae8496,0

511.povray_r/1,1/super_hot_regions:111,0x622355aa6f52,20
511.povray_r/1,1/super_hot_regions:111,0x622355aa6f5c,0

511.povray_r/1,1/super_hot_regions:115,0x622355aa6fa2,20
511.povray_r/1,1/super_hot_regions:115,0x622355aa6fa9,0

511.povray_r/1,1/super_hot_regions:118,0x622355ae8526,20
511.povray_r/1,1/super_hot_regions:118,0x622355ae8532,0
511.povray_r/1,1/super_hot_regions:118,0x622355ae8534,0

511.povray_r/1,1/super_hot_regions:119,0x622355ae853d,10
511.povray_r/1,1/super_hot_regions:119,0x622355ae8541,0

511.povray_r/1,1/super_hot_regions:120,0x622355ae852d,20
511.povray_r/1,1/super_hot_regions:120,0x622355ae8544,0

511.povray_r/1,1/super_hot_regions:121,0x622355ae8538,20
511.povray_r/1,1/super_hot_regions:121,0x622355ae8548,0

511.povray_r/1,1/super_hot_regions:125,0x622355aa69f7,20
511.povray_r/1,1/super_hot_regions:125,0x622355aa6a03,0

511.povray_r/1,1/super_hot_regions:40,0x622355ab8d58,10
511.povray_r/1,1/super_hot_regions:40,0x622355ab8d5b,0

511.povray_r/1,1/super_hot_regions:47,0x622355b2facd,10
511.povray_r/1,1/super_hot_regions:47,0x622355b2fad4,0

511.povray_r/1,1/super_hot_regions:57,0x622355b026b4,20
511.povray_r/1,1/super_hot_regions:57,0x622355b026bb,0

511.povray_r/1,1/super_hot_regions:58,0x622355b025ed,20
511.povray_r/1,1/super_hot_regions:58,0x622355b025f0,0

511.povray_r/1,1/super_hot_regions:77,0x622355b0162b,20
511.povray_r/1,1/super_hot_regions:77,0x622355b01635,0

511.povray_r/1,1/super_hot_regions:87,0x622355aa72ae,20
511.povray_r/1,1/super_hot_regions:87,0x622355aa72b6,0
511.povray_r/1,1/super_hot_regions:87,0x622355aa72ba,0

511.povray_r/1,1/super_hot_regions:9,0x622355b013b6,10
511.povray_r/1,1/super_hot_regions:9,0x622355b013b8,0

511.povray_r/1,1/super_hot_regions:91,0x622355aa69a2,10
511.povray_r/1,1/super_hot_regions:91,0x622355aa69a5,0
511.povray_r/1,1/super_hot_regions:91,0x622355aa69af,0

511.povray_r/1,1/super_hot_regions:92,0x622355b01740,20
511.povray_r/1,1/super_hot_regions:92,0x622355b01747,0

511.povray_r/1,1/super_hot_regions:93,0x622355b01751,10
511.povray_r/1,1/super_hot_regions:93,0x622355b0175e,0

511.povray_r/1,1/super_hot_regions:95,0x622355aa69c0,10
511.povray_r/1,1/super_hot_regions:95,0x622355aa69c3,0

519.lbm_r/1,1/super_hot_regions:101,0x7eb2b245a5e1,10
519.lbm_r/1,1/super_hot_regions:101,0x7eb2b245a5e4,0

519.lbm_r/1,1/super_hot_regions:103,0x7eb2b245a5a8,10
519.lbm_r/1,1/super_hot_regions:103,0x7eb2b245a5b9,0

519.lbm_r/1,1/super_hot_regions:104,0x7eb2b245a5c4,10
519.lbm_r/1,1/super_hot_regions:104,0x7eb2b245a5cc,0

519.lbm_r/1,1/super_hot_regions:106,0x7eb2b25a0784,10
519.lbm_r/1,1/super_hot_regions:106,0x7eb2b25a0787,0

519.lbm_r/1,1/super_hot_regions:112,0x583214c35056,10
519.lbm_r/1,1/super_hot_regions:112,0x583214c3505b,0

519.lbm_r/1,1/super_hot_regions:113,0x7eb2b245a2d0,10
519.lbm_r/1,1/super_hot_regions:113,0x7eb2b245a2da,0

519.lbm_r/1,1/super_hot_regions:114,0x7eb2b245a2d3,10
519.lbm_r/1,1/super_hot_regions:114,0x7eb2b245a2e1,0
519.lbm_r/1,1/super_hot_regions:114,0x7eb2b245a2e5,0
519.lbm_r/1,1/super_hot_regions:114,0x7eb2b245a2e8,0
519.lbm_r/1,1/super_hot_regions:114,0x7eb2b245a2eb,0

519.lbm_r/1,1/super_hot_regions:115,0x7eb2b245a2dd,10
519.lbm_r/1,1/super_hot_regions:115,0x7eb2b245a2f5,0

519.lbm_r/1,1/super_hot_regions:122,0x7eb2b248b64a,10
519.lbm_r/1,1/super_hot_regions:122,0x7eb2b248b650,0
519.lbm_r/1,1/super_hot_regions:122,0x7eb2b248b653,0
519.lbm_r/1,1/super_hot_regions:122,0x7eb2b248b65a,0
519.lbm_r/1,1/super_hot_regions:122,0x7eb2b248b657,0
519.lbm_r/1,1/super_hot_regions:122,0x7eb2b248b65d,0

519.lbm_r/1,1/super_hot_regions:131,0x7eb2b2455526,10
519.lbm_r/1,1/super_hot_regions:131,0x7eb2b2455529,0
519.lbm_r/1,1/super_hot_regions:131,0x7eb2b245552c,0
519.lbm_r/1,1/super_hot_regions:131,0x7eb2b2455531,0
519.lbm_r/1,1/super_hot_regions:131,0x7eb2b2455534,0

519.lbm_r/1,1/super_hot_regions:135,0x583214c350ad,10
519.lbm_r/1,1/super_hot_regions:135,0x583214c350ed,0

519.lbm_r/1,1/super_hot_regions:137,0x583214c350ba,10
519.lbm_r/1,1/super_hot_regions:137,0x583214c350f0,0
519.lbm_r/1,1/super_hot_regions:137,0x583214c350fa,0

519.lbm_r/1,1/super_hot_regions:138,0x583214c350b0,20
519.lbm_r/1,1/super_hot_regions:138,0x583214c350c9,0
519.lbm_r/1,1/super_hot_regions:138,0x583214c35101,0
519.lbm_r/1,1/super_hot_regions:138,0x583214c350d9,0

519.lbm_r/1,1/super_hot_regions:140,0x583214c35025,10
519.lbm_r/1,1/super_hot_regions:140,0x583214c3502c,0

519.lbm_r/1,1/super_hot_regions:141,0x583214c35022,10
519.lbm_r/1,1/super_hot_regions:141,0x583214c3504c,0

519.lbm_r/1,1/super_hot_regions:144,0x583214d063fe,10
519.lbm_r/1,1/super_hot_regions:144,0x583214d06421,0

519.lbm_r/1,1/super_hot_regions:146,0x583214d06491,20
519.lbm_r/1,1/super_hot_regions:146,0x583214d06497,0
519.lbm_r/1,1/super_hot_regions:146,0x583214d064b0,0

519.lbm_r/1,1/super_hot_regions:149,0x583214d0626c,10
519.lbm_r/1,1/super_hot_regions:149,0x583214d06273,0

519.lbm_r/1,1/super_hot_regions:151,0x583214d063e7,20
519.lbm_r/1,1/super_hot_regions:151,0x583214d063ed,0

519.lbm_r/1,1/super_hot_regions:158,0x583214d05083,10
519.lbm_r/1,1/super_hot_regions:158,0x583214d050a0,0

519.lbm_r/1,1/super_hot_regions:159,0x583214d05087,10
519.lbm_r/1,1/super_hot_regions:159,0x583214d050a3,0

519.lbm_r/1,1/super_hot_regions:160,0x583214d050c5,10
519.lbm_r/1,1/super_hot_regions:160,0x583214d050c9,0

519.lbm_r/1,1/super_hot_regions:161,0x583214d050dd,20
519.lbm_r/1,1/super_hot_regions:161,0x583214d050e3,0
519.lbm_r/1,1/super_hot_regions:161,0x583214d050ea,0

519.lbm_r/1,1/super_hot_regions:162,0x583214d05103,10
519.lbm_r/1,1/super_hot_regions:162,0x583214d05107,0

519.lbm_r/1,1/super_hot_regions:163,0x583214d05127,10
519.lbm_r/1,1/super_hot_regions:163,0x583214d0512b,0

519.lbm_r/1,1/super_hot_regions:164,0x583214d0513f,20
519.lbm_r/1,1/super_hot_regions:164,0x583214d05145,0
519.lbm_r/1,1/super_hot_regions:164,0x583214d0514c,0

519.lbm_r/1,1/super_hot_regions:165,0x583214d051a9,10
519.lbm_r/1,1/super_hot_regions:165,0x583214d051c6,0

519.lbm_r/1,1/super_hot_regions:166,0x583214d051ad,10
519.lbm_r/1,1/super_hot_regions:166,0x583214d051c9,0

519.lbm_r/1,1/super_hot_regions:167,0x583214d051db,10
519.lbm_r/1,1/super_hot_regions:167,0x583214d051df,0

519.lbm_r/1,1/super_hot_regions:34,0x583214c2fa9a,20
519.lbm_r/1,1/super_hot_regions:34,0x583214c2faa9,0

519.lbm_r/1,1/super_hot_regions:36,0x583214c2faae,20
519.lbm_r/1,1/super_hot_regions:36,0x583214c2fabb,0

519.lbm_r/1,1/super_hot_regions:37,0x583214c2fac0,20
519.lbm_r/1,1/super_hot_regions:37,0x583214c2facf,0

519.lbm_r/1,1/super_hot_regions:38,0x583214c2fad4,20
519.lbm_r/1,1/super_hot_regions:38,0x583214c2fae1,0

519.lbm_r/1,1/super_hot_regions:39,0x583214c2fae6,20
519.lbm_r/1,1/super_hot_regions:39,0x583214c2faf5,0

519.lbm_r/1,1/super_hot_regions:40,0x583214c2fb1f,20
519.lbm_r/1,1/super_hot_regions:40,0x583214c2fb30,0

519.lbm_r/1,1/super_hot_regions:42,0x583214c2fb35,20
519.lbm_r/1,1/super_hot_regions:42,0x583214c2fb40,0

519.lbm_r/1,1/super_hot_regions:49,0x583214d06293,20
519.lbm_r/1,1/super_hot_regions:49,0x583214d06299,0

519.lbm_r/1,1/super_hot_regions:50,0x583214d0629b,10
519.lbm_r/1,1/super_hot_regions:50,0x583214d062a2,0

519.lbm_r/1,1/super_hot_regions:51,0x583214d062a6,10
519.lbm_r/1,1/super_hot_regions:51,0x583214d062a9,0

519.lbm_r/1,1/super_hot_regions:56,0x583214d063bf,20
519.lbm_r/1,1/super_hot_regions:56,0x583214d063c5,0
519.lbm_r/1,1/super_hot_regions:56,0x583214d063c8,0

519.lbm_r/1,1/super_hot_regions:60,0x583214d062b8,20
519.lbm_r/1,1/super_hot_regions:60,0x583214d062c5,0

519.lbm_r/1,1/super_hot_regions:61,0x583214d062be,20
519.lbm_r/1,1/super_hot_regions:61,0x583214d062d7,0

519.lbm_r/1,1/super_hot_regions:62,0x583214d062db,20
519.lbm_r/1,1/super_hot_regions:62,0x583214d062e1,0
519.lbm_r/1,1/super_hot_regions:62,0x583214d062e4,0

519.lbm_r/1,1/super_hot_regions:64,0x583214d063a3,20
519.lbm_r/1,1/super_hot_regions:64,0x583214d063ae,0
519.lbm_r/1,1/super_hot_regions:64,0x583214d063a9,0
519.lbm_r/1,1/super_hot_regions:64,0x583214d063ac,0
519.lbm_r/1,1/super_hot_regions:64,0x583214d063b5,0
519.lbm_r/1,1/super_hot_regions:64,0x583214d063b8,0

519.lbm_r/1,1/super_hot_regions:68,0x583214d0623d,20
519.lbm_r/1,1/super_hot_regions:68,0x583214d06243,0
519.lbm_r/1,1/super_hot_regions:68,0x583214d06246,0

520.omnetpp_r/1,1/super_hot_regions:0,0x6502013c62a4,10
520.omnetpp_r/1,1/super_hot_regions:0,0x6502013c62a7,0

520.omnetpp_r/1,1/super_hot_regions:1,0x6502013c62ab,20
520.omnetpp_r/1,1/super_hot_regions:1,0x6502013c62af,0
520.omnetpp_r/1,1/super_hot_regions:1,0x6502013c62b2,0

520.omnetpp_r/1,1/super_hot_regions:106,0x7640dc0a184c,10
520.omnetpp_r/1,1/super_hot_regions:106,0x7640dc0a1850,0

520.omnetpp_r/1,1/super_hot_regions:110,0x650201468dc4,40
520.omnetpp_r/1,1/super_hot_regions:110,0x650201468dcb,0
520.omnetpp_r/1,1/super_hot_regions:110,0x650201468dd5,0
520.omnetpp_r/1,1/super_hot_regions:110,0x650201468dd8,0
520.omnetpp_r/1,1/super_hot_regions:110,0x650201468dda,0
520.omnetpp_r/1,1/super_hot_regions:110,0x650201468dde,0

520.omnetpp_r/1,1/super_hot_regions:112,0x7640dc0a520e,10
520.omnetpp_r/1,1/super_hot_regions:112,0x7640dc0a5213,0

520.omnetpp_r/1,1/super_hot_regions:114,0x7640dc0a521f,20
520.omnetpp_r/1,1/super_hot_regions:114,0x7640dc0a5225,0
520.omnetpp_r/1,1/super_hot_regions:114,0x7640dc0a5229,0
520.omnetpp_r/1,1/super_hot_regions:114,0x7640dc0a522c,0

520.omnetpp_r/1,1/super_hot_regions:12,0x7640dc4af064,20
520.omnetpp_r/1,1/super_hot_regions:12,0x7640dc4af06f,0

520.omnetpp_r/1,1/super_hot_regions:124,0x6502013c6068,10
520.omnetpp_r/1,1/super_hot_regions:124,0x6502013c606a,0
520.omnetpp_r/1,1/super_hot_regions:124,0x6502013c606c,0

520.omnetpp_r/1,1/super_hot_regions:132,0x650201370504,20
520.omnetpp_r/1,1/super_hot_regions:132,0x65020137050b,0

520.omnetpp_r/1,1/super_hot_regions:135,0x6502013c5f3b,10
520.omnetpp_r/1,1/super_hot_regions:135,0x6502013c5f3f,0

520.omnetpp_r/1,1/super_hot_regions:136,0x6502013c5f33,20
520.omnetpp_r/1,1/super_hot_regions:136,0x6502013c5f43,0

520.omnetpp_r/1,1/super_hot_regions:139,0x650201363565,20
520.omnetpp_r/1,1/super_hot_regions:139,0x65020136356e,0

520.omnetpp_r/1,1/super_hot_regions:24,0x7640dc0a18a2,10
520.omnetpp_r/1,1/super_hot_regions:24,0x7640dc0a18a4,0
520.omnetpp_r/1,1/super_hot_regions:24,0x7640dc0a18a7,0

520.omnetpp_r/1,1/super_hot_regions:26,0x7640dc0a18b8,10
520.omnetpp_r/1,1/super_hot_regions:26,0x7640dc0a18c3,0

520.omnetpp_r/1,1/super_hot_regions:27,0x7640dc0a18bb,20
520.omnetpp_r/1,1/super_hot_regions:27,0x7640dc0a18bf,0
520.omnetpp_r/1,1/super_hot_regions:27,0x7640dc0a18c7,0
520.omnetpp_r/1,1/super_hot_regions:27,0x7640dc0a18cf,0
520.omnetpp_r/1,1/super_hot_regions:27,0x7640dc0a18d6,0

520.omnetpp_r/1,1/super_hot_regions:28,0x7640dc0a18cb,20
520.omnetpp_r/1,1/super_hot_regions:28,0x7640dc0a18d2,0
520.omnetpp_r/1,1/super_hot_regions:28,0x7640dc0a18d9,0
520.omnetpp_r/1,1/super_hot_regions:28,0x7640dc0a18dc,0

520.omnetpp_r/1,1/super_hot_regions:34,0x7640dc0a187b,10
520.omnetpp_r/1,1/super_hot_regions:34,0x7640dc0a1882,0
520.omnetpp_r/1,1/super_hot_regions:34,0x7640dc0a1886,0

520.omnetpp_r/1,1/super_hot_regions:36,0x7640dc4af12d,20
520.omnetpp_r/1,1/super_hot_regions:36,0x7640dc4af138,0

520.omnetpp_r/1,1/super_hot_regions:40,0x6502014b878b,20
520.omnetpp_r/1,1/super_hot_regions:40,0x6502014b8792,0

520.omnetpp_r/1,1/super_hot_regions:43,0x6502014b87ad,20
520.omnetpp_r/1,1/super_hot_regions:43,0x6502014b87b4,0
520.omnetpp_r/1,1/super_hot_regions:43,0x6502014b87b8,0

520.omnetpp_r/1,1/super_hot_regions:68,0x7640dc4accb0,10
520.omnetpp_r/1,1/super_hot_regions:68,0x7640dc4accba,0

520.omnetpp_r/1,1/super_hot_regions:71,0x7640dc4accd4,10
520.omnetpp_r/1,1/super_hot_regions:71,0x7640dc4acce1,0

520.omnetpp_r/1,1/super_hot_regions:72,0x7640dc4accd7,10
520.omnetpp_r/1,1/super_hot_regions:72,0x7640dc4acced,0

520.omnetpp_r/1,1/super_hot_regions:79,0x650201469482,10
520.omnetpp_r/1,1/super_hot_regions:79,0x650201469489,0

520.omnetpp_r/1,1/super_hot_regions:8,0x7640dc19897a,20
520.omnetpp_r/1,1/super_hot_regions:8,0x7640dc19897e,0
520.omnetpp_r/1,1/super_hot_regions:8,0x7640dc198982,0

520.omnetpp_r/1,1/super_hot_regions:92,0x7640dc4ae974,10
520.omnetpp_r/1,1/super_hot_regions:92,0x7640dc4ae97d,0
520.omnetpp_r/1,1/super_hot_regions:92,0x7640dc4ae981,0
520.omnetpp_r/1,1/super_hot_regions:92,0x7640dc4ae984,0

520.omnetpp_r/1,1/super_hot_regions:95,0x7640dc0a51b4,10
520.omnetpp_r/1,1/super_hot_regions:95,0x7640dc0a51b8,0

521.wrf_r/1,1/super_hot_regions:114,0x7bb9aaaa51b4,10
521.wrf_r/1,1/super_hot_regions:114,0x7bb9aaaa51b8,0

521.wrf_r/1,1/super_hot_regions:121,0x61a3f659e19a,10
521.wrf_r/1,1/super_hot_regions:121,0x61a3f659e1a0,0

521.wrf_r/1,1/super_hot_regions:33,0x61a3f65bf020,10
521.wrf_r/1,1/super_hot_regions:33,0x61a3f65bf025,0

521.wrf_r/1,1/super_hot_regions:72,0x61a3f7263d38,10
521.wrf_r/1,1/super_hot_regions:72,0x61a3f7263d3c,0
521.wrf_r/1,1/super_hot_regions:72,0x61a3f7263d3a,0
521.wrf_r/1,1/super_hot_regions:72,0x61a3f7263d41,0

521.wrf_r/1,1/super_hot_regions:73,0x61a3f7263d4b,10
521.wrf_r/1,1/super_hot_regions:73,0x61a3f7263d51,0
521.wrf_r/1,1/super_hot_regions:73,0x61a3f7263d4f,0
521.wrf_r/1,1/super_hot_regions:73,0x61a3f7263d56,0

523.xalancbmk_r/1,1/super_hot_regions:107,0x57a6e2b8bb88,10
523.xalancbmk_r/1,1/super_hot_regions:107,0x57a6e2b8bb8b,0

523.xalancbmk_r/1,1/super_hot_regions:111,0x57a6e2b82138,20
523.xalancbmk_r/1,1/super_hot_regions:111,0x57a6e2b82148,0

523.xalancbmk_r/1,1/super_hot_regions:33,0x57a6e2b7df2a,10
523.xalancbmk_r/1,1/super_hot_regions:33,0x57a6e2b7df2d,0

523.xalancbmk_r/1,1/super_hot_regions:38,0x57a6e2b7e141,20
523.xalancbmk_r/1,1/super_hot_regions:38,0x57a6e2b7e145,0

523.xalancbmk_r/1,1/super_hot_regions:39,0x57a6e2b7de44,10
523.xalancbmk_r/1,1/super_hot_regions:39,0x57a6e2b7de47,0
523.xalancbmk_r/1,1/super_hot_regions:39,0x57a6e2b7de50,0

523.xalancbmk_r/1,1/super_hot_regions:40,0x57a6e2b7de53,10
523.xalancbmk_r/1,1/super_hot_regions:40,0x57a6e2b7de56,0

523.xalancbmk_r/1,1/super_hot_regions:49,0x57a6e2b7def7,10
523.xalancbmk_r/1,1/super_hot_regions:49,0x57a6e2b7def9,0

523.xalancbmk_r/1,1/super_hot_regions:55,0x57a6e2b7e0f3,20
523.xalancbmk_r/1,1/super_hot_regions:55,0x57a6e2b7e0f7,0

523.xalancbmk_r/1,1/super_hot_regions:58,0x57a6e2b7e10d,20
523.xalancbmk_r/1,1/super_hot_regions:58,0x57a6e2b7e111,0

523.xalancbmk_r/1,1/super_hot_regions:61,0x57a6e2b7e127,20
523.xalancbmk_r/1,1/super_hot_regions:61,0x57a6e2b7e12b,0

523.xalancbmk_r/1,1/super_hot_regions:64,0x57a6e2b7deaa,10
523.xalancbmk_r/1,1/super_hot_regions:64,0x57a6e2b7dead,0

523.xalancbmk_r/1,1/super_hot_regions:87,0x57a6e2bddd26,20
523.xalancbmk_r/1,1/super_hot_regions:87,0x57a6e2bddd2d,0
523.xalancbmk_r/1,1/super_hot_regions:87,0x57a6e2bddd31,0

523.xalancbmk_r/1,1/super_hot_regions:90,0x57a6e2c7a5b8,10
523.xalancbmk_r/1,1/super_hot_regions:90,0x57a6e2c7a5be,0

523.xalancbmk_r/1,1/super_hot_regions:95,0x57a6e2bbe50c,10
523.xalancbmk_r/1,1/super_hot_regions:95,0x57a6e2bbe50f,0

525.x264_r/1,1/super_hot_regions:0,0x560e96481cf1,10
525.x264_r/1,1/super_hot_regions:0,0x560e96481cf6,0

525.x264_r/1,1/super_hot_regions:100,0x560e9647cf85,40
525.x264_r/1,1/super_hot_regions:100,0x560e9647cf89,0
525.x264_r/1,1/super_hot_regions:100,0x560e9647cf92,0
525.x264_r/1,1/super_hot_regions:100,0x560e9647cf95,0
525.x264_r/1,1/super_hot_regions:100,0x560e9647cf8d,0
525.x264_r/1,1/super_hot_regions:100,0x560e9647cf9a,0
525.x264_r/1,1/super_hot_regions:100,0x560e9647cf9c,0
525.x264_r/1,1/super_hot_regions:100,0x560e9647cfa1,0
525.x264_r/1,1/super_hot_regions:100,0x560e9647cfac,0
525.x264_r/1,1/super_hot_regions:100,0x560e9647cfa5,0
525.x264_r/1,1/super_hot_regions:100,0x560e9647cfa7,0
525.x264_r/1,1/super_hot_regions:100,0x560e9647cfa9,0
525.x264_r/1,1/super_hot_regions:100,0x560e9647cfb2,0

525.x264_r/1,1/super_hot_regions:101,0x560e9647cfb8,40
525.x264_r/1,1/super_hot_regions:101,0x560e9647cfbc,0
525.x264_r/1,1/super_hot_regions:101,0x560e9647cfc5,0
525.x264_r/1,1/super_hot_regions:101,0x560e9647cfc8,0
525.x264_r/1,1/super_hot_regions:101,0x560e9647cfc0,0
525.x264_r/1,1/super_hot_regions:101,0x560e9647cfcd,0
525.x264_r/1,1/super_hot_regions:101,0x560e9647cfcf,0
525.x264_r/1,1/super_hot_regions:101,0x560e9647cfd4,0
525.x264_r/1,1/super_hot_regions:101,0x560e9647cfdf,0
525.x264_r/1,1/super_hot_regions:101,0x560e9647cfd8,0
525.x264_r/1,1/super_hot_regions:101,0x560e9647cfda,0
525.x264_r/1,1/super_hot_regions:101,0x560e9647cfdc,0
525.x264_r/1,1/super_hot_regions:101,0x560e9647cfe5,0

525.x264_r/1,1/super_hot_regions:102,0x560e9647cfeb,40
525.x264_r/1,1/super_hot_regions:102,0x560e9647cfef,0
525.x264_r/1,1/super_hot_regions:102,0x560e9647cff8,0
525.x264_r/1,1/super_hot_regions:102,0x560e9647cffb,0
525.x264_r/1,1/super_hot_regions:102,0x560e9647cff3,0
525.x264_r/1,1/super_hot_regions:102,0x560e9647d000,0
525.x264_r/1,1/super_hot_regions:102,0x560e9647d002,0
525.x264_r/1,1/super_hot_regions:102,0x560e9647d007,0
525.x264_r/1,1/super_hot_regions:102,0x560e9647d012,0
525.x264_r/1,1/super_hot_regions:102,0x560e9647d00b,0
525.x264_r/1,1/super_hot_regions:102,0x560e9647d00d,0
525.x264_r/1,1/super_hot_regions:102,0x560e9647d00f,0
525.x264_r/1,1/super_hot_regions:102,0x560e9647d018,0

525.x264_r/1,1/super_hot_regions:103,0x560e9647d01e,40
525.x264_r/1,1/super_hot_regions:103,0x560e9647d022,0
525.x264_r/1,1/super_hot_regions:103,0x560e9647d02b,0
525.x264_r/1,1/super_hot_regions:103,0x560e9647d02e,0
525.x264_r/1,1/super_hot_regions:103,0x560e9647d026,0
525.x264_r/1,1/super_hot_regions:103,0x560e9647d033,0
525.x264_r/1,1/super_hot_regions:103,0x560e9647d035,0
525.x264_r/1,1/super_hot_regions:103,0x560e9647d03a,0
525.x264_r/1,1/super_hot_regions:103,0x560e9647d045,0
525.x264_r/1,1/super_hot_regions:103,0x560e9647d03e,0
525.x264_r/1,1/super_hot_regions:103,0x560e9647d040,0
525.x264_r/1,1/super_hot_regions:103,0x560e9647d042,0
525.x264_r/1,1/super_hot_regions:103,0x560e9647d04b,0

525.x264_r/1,1/super_hot_regions:104,0x560e9647d051,40
525.x264_r/1,1/super_hot_regions:104,0x560e9647d055,0
525.x264_r/1,1/super_hot_regions:104,0x560e9647d05e,0
525.x264_r/1,1/super_hot_regions:104,0x560e9647d061,0
525.x264_r/1,1/super_hot_regions:104,0x560e9647d059,0
525.x264_r/1,1/super_hot_regions:104,0x560e9647d066,0
525.x264_r/1,1/super_hot_regions:104,0x560e9647d068,0
525.x264_r/1,1/super_hot_regions:104,0x560e9647d06d,0
525.x264_r/1,1/super_hot_regions:104,0x560e9647d078,0
525.x264_r/1,1/super_hot_regions:104,0x560e9647d071,0
525.x264_r/1,1/super_hot_regions:104,0x560e9647d073,0
525.x264_r/1,1/super_hot_regions:104,0x560e9647d075,0
525.x264_r/1,1/super_hot_regions:104,0x560e9647d07e,0

525.x264_r/1,1/super_hot_regions:105,0x560e9647d084,40
525.x264_r/1,1/super_hot_regions:105,0x560e9647d088,0
525.x264_r/1,1/super_hot_regions:105,0x560e9647d091,0
525.x264_r/1,1/super_hot_regions:105,0x560e9647d094,0
525.x264_r/1,1/super_hot_regions:105,0x560e9647d08c,0
525.x264_r/1,1/super_hot_regions:105,0x560e9647d099,0
525.x264_r/1,1/super_hot_regions:105,0x560e9647d09b,0
525.x264_r/1,1/super_hot_regions:105,0x560e9647d0a0,0
525.x264_r/1,1/super_hot_regions:105,0x560e9647d0ab,0
525.x264_r/1,1/super_hot_regions:105,0x560e9647d0a4,0
525.x264_r/1,1/super_hot_regions:105,0x560e9647d0a6,0
525.x264_r/1,1/super_hot_regions:105,0x560e9647d0a8,0
525.x264_r/1,1/super_hot_regions:105,0x560e9647d0b1,0

525.x264_r/1,1/super_hot_regions:107,0x560e964b3140,30
525.x264_r/1,1/super_hot_regions:107,0x560e964b3143,0
525.x264_r/1,1/super_hot_regions:107,0x560e964b3148,0
525.x264_r/1,1/super_hot_regions:107,0x560e964b314b,0
525.x264_r/1,1/super_hot_regions:107,0x560e964b314e,0
525.x264_r/1,1/super_hot_regions:107,0x560e964b3151,0
525.x264_r/1,1/super_hot_regions:107,0x560e964b3153,0

525.x264_r/1,1/super_hot_regions:110,0x560e964b2dce,30
525.x264_r/1,1/super_hot_regions:110,0x560e964b2dd3,0
525.x264_r/1,1/super_hot_regions:110,0x560e964b2dd6,0
525.x264_r/1,1/super_hot_regions:110,0x560e964b2dd9,0
525.x264_r/1,1/super_hot_regions:110,0x560e964b2ddc,0
525.x264_r/1,1/super_hot_regions:110,0x560e964b2ddf,0

525.x264_r/1,1/super_hot_regions:112,0x560e964b1728,30
525.x264_r/1,1/super_hot_regions:112,0x560e964b172b,0
525.x264_r/1,1/super_hot_regions:112,0x560e964b1730,0
525.x264_r/1,1/super_hot_regions:112,0x560e964b1733,0
525.x264_r/1,1/super_hot_regions:112,0x560e964b1736,0
525.x264_r/1,1/super_hot_regions:112,0x560e964b1739,0
525.x264_r/1,1/super_hot_regions:112,0x560e964b173b,0

525.x264_r/1,1/super_hot_regions:115,0x560e964b27ab,10
525.x264_r/1,1/super_hot_regions:115,0x560e964b27ae,0

525.x264_r/1,1/super_hot_regions:128,0x560e9647bf96,10
525.x264_r/1,1/super_hot_regions:128,0x560e9647bf9f,0

525.x264_r/1,1/super_hot_regions:129,0x560e9647bfa2,10
525.x264_r/1,1/super_hot_regions:129,0x560e9647bfa7,0

525.x264_r/1,1/super_hot_regions:13,0x560e96481210,10
525.x264_r/1,1/super_hot_regions:13,0x560e96481214,0
525.x264_r/1,1/super_hot_regions:13,0x560e9648121e,0
525.x264_r/1,1/super_hot_regions:13,0x560e96481217,0
525.x264_r/1,1/super_hot_regions:13,0x560e9648121a,0
525.x264_r/1,1/super_hot_regions:13,0x560e96481228,0
525.x264_r/1,1/super_hot_regions:13,0x560e96481225,0
525.x264_r/1,1/super_hot_regions:13,0x560e9648122b,0
525.x264_r/1,1/super_hot_regions:13,0x560e9648122f,0

525.x264_r/1,1/super_hot_regions:130,0x560e9647bfa9,10
525.x264_r/1,1/super_hot_regions:130,0x560e9647bfae,0

525.x264_r/1,1/super_hot_regions:131,0x560e9647bfc8,10
525.x264_r/1,1/super_hot_regions:131,0x560e9647bfd0,0

525.x264_r/1,1/super_hot_regions:132,0x560e9647bfd3,10
525.x264_r/1,1/super_hot_regions:132,0x560e9647bfd8,0

525.x264_r/1,1/super_hot_regions:133,0x560e9647bfda,10
525.x264_r/1,1/super_hot_regions:133,0x560e9647bfdf,0

525.x264_r/1,1/super_hot_regions:134,0x560e9647bff3,10
525.x264_r/1,1/super_hot_regions:134,0x560e9647bffd,0

525.x264_r/1,1/super_hot_regions:135,0x560e9647c000,10
525.x264_r/1,1/super_hot_regions:135,0x560e9647c005,0

525.x264_r/1,1/super_hot_regions:136,0x560e9647c007,10
525.x264_r/1,1/super_hot_regions:136,0x560e9647c00c,0

525.x264_r/1,1/super_hot_regions:137,0x560e9647bfb4,30
525.x264_r/1,1/super_hot_regions:137,0x560e9647bfb8,0
525.x264_r/1,1/super_hot_regions:137,0x560e9647bfee,0
525.x264_r/1,1/super_hot_regions:137,0x560e9647bfe9,0
525.x264_r/1,1/super_hot_regions:137,0x560e9647bfcd,0
525.x264_r/1,1/super_hot_regions:137,0x560e9647c01c,0
525.x264_r/1,1/super_hot_regions:137,0x560e9647c017,0

525.x264_r/1,1/super_hot_regions:138,0x560e9647c020,10
525.x264_r/1,1/super_hot_regions:138,0x560e9647c02a,0

525.x264_r/1,1/super_hot_regions:139,0x560e9647c02d,10
525.x264_r/1,1/super_hot_regions:139,0x560e9647c032,0

525.x264_r/1,1/super_hot_regions:140,0x560e9647c034,10
525.x264_r/1,1/super_hot_regions:140,0x560e9647c039,0

525.x264_r/1,1/super_hot_regions:142,0x560e964b2d74,40
525.x264_r/1,1/super_hot_regions:142,0x560e964b2d7e,0
525.x264_r/1,1/super_hot_regions:142,0x560e964b2d83,0
525.x264_r/1,1/super_hot_regions:142,0x560e964b2d8d,0

525.x264_r/1,1/super_hot_regions:143,0x560e964b2da2,10
525.x264_r/1,1/super_hot_regions:143,0x560e964b2da7,0

525.x264_r/1,1/super_hot_regions:144,0x560e964b2dac,10
525.x264_r/1,1/super_hot_regions:144,0x560e964b2db1,0

525.x264_r/1,1/super_hot_regions:149,0x560e96483b21,10
525.x264_r/1,1/super_hot_regions:149,0x560e96483b26,0

525.x264_r/1,1/super_hot_regions:152,0x560e964a0e4b,10
525.x264_r/1,1/super_hot_regions:152,0x560e964a0e4f,0

525.x264_r/1,1/super_hot_regions:153,0x560e964a0e64,10
525.x264_r/1,1/super_hot_regions:153,0x560e964a0e6b,0

525.x264_r/1,1/super_hot_regions:156,0x560e964ac376,20
525.x264_r/1,1/super_hot_regions:156,0x560e964ac385,0

525.x264_r/1,1/super_hot_regions:168,0x560e964d4cc1,10
525.x264_r/1,1/super_hot_regions:168,0x560e964d4cc8,0
525.x264_r/1,1/super_hot_regions:168,0x560e964d4cc4,0
525.x264_r/1,1/super_hot_regions:168,0x560e964d4cd2,0
525.x264_r/1,1/super_hot_regions:168,0x560e964d4cd5,0
525.x264_r/1,1/super_hot_regions:168,0x560e964d4cd8,0

525.x264_r/1,1/super_hot_regions:170,0x560e964d4d21,10
525.x264_r/1,1/super_hot_regions:170,0x560e964d4d29,0

525.x264_r/1,1/super_hot_regions:171,0x560e964d4daa,10
525.x264_r/1,1/super_hot_regions:171,0x560e964d4db2,0
525.x264_r/1,1/super_hot_regions:171,0x560e964d4db5,0

525.x264_r/1,1/super_hot_regions:172,0x560e964d4d2c,70
525.x264_r/1,1/super_hot_regions:172,0x560e964d4d30,0
525.x264_r/1,1/super_hot_regions:172,0x560e964d4d82,0
525.x264_r/1,1/super_hot_regions:172,0x560e964d4d3b,0
525.x264_r/1,1/super_hot_regions:172,0x560e964d4d38,0
525.x264_r/1,1/super_hot_regions:172,0x560e964d4db9,0
525.x264_r/1,1/super_hot_regions:172,0x560e964d4d3e,0
525.x264_r/1,1/super_hot_regions:172,0x560e964d4d45,0
525.x264_r/1,1/super_hot_regions:172,0x560e964d4d53,0
525.x264_r/1,1/super_hot_regions:172,0x560e964d4d47,0
525.x264_r/1,1/super_hot_regions:172,0x560e964d4d5b,0
525.x264_r/1,1/super_hot_regions:172,0x560e964d4d63,0
525.x264_r/1,1/super_hot_regions:172,0x560e964d4d5e,0
525.x264_r/1,1/super_hot_regions:172,0x560e964d4d4d,0
525.x264_r/1,1/super_hot_regions:172,0x560e964d4d69,0
525.x264_r/1,1/super_hot_regions:172,0x560e964d4d7f,0
525.x264_r/1,1/super_hot_regions:172,0x560e964d4d6b,0
525.x264_r/1,1/super_hot_regions:172,0x560e964d4d86,0
525.x264_r/1,1/super_hot_regions:172,0x560e964d4d8e,0
525.x264_r/1,1/super_hot_regions:172,0x560e964d4d95,0
525.x264_r/1,1/super_hot_regions:172,0x560e964d4d91,0
525.x264_r/1,1/super_hot_regions:172,0x560e964d4d66,0
525.x264_r/1,1/super_hot_regions:172,0x560e964d4dbd,0
525.x264_r/1,1/super_hot_regions:172,0x560e964d4d79,0
525.x264_r/1,1/super_hot_regions:172,0x560e964d4d9c,0
525.x264_r/1,1/super_hot_regions:172,0x560e964d4d9e,0
525.x264_r/1,1/super_hot_regions:172,0x560e964d4dbf,0
525.x264_r/1,1/super_hot_regions:172,0x560e964d4d99,0
525.x264_r/1,1/super_hot_regions:172,0x560e964d4dc2,0
525.x264_r/1,1/super_hot_regions:172,0x560e964d4dcb,0
525.x264_r/1,1/super_hot_regions:172,0x560e964d4dcd,0
525.x264_r/1,1/super_hot_regions:172,0x560e964d4da4,0
525.x264_r/1,1/super_hot_regions:172,0x560e964d4dc5,0
525.x264_r/1,1/super_hot_regions:172,0x560e964d4dd0,0
525.x264_r/1,1/super_hot_regions:172,0x560e964d4ddb,0
525.x264_r/1,1/super_hot_regions:172,0x560e964d4dd3,0
525.x264_r/1,1/super_hot_regions:172,0x560e964d4dd6,0
525.x264_r/1,1/super_hot_regions:172,0x560e964d4dd8,0
525.x264_r/1,1/super_hot_regions:172,0x560e964d4de1,0
525.x264_r/1,1/super_hot_regions:172,0x560e964d4de4,0
525.x264_r/1,1/super_hot_regions:172,0x560e964d4de7,0
525.x264_r/1,1/super_hot_regions:172,0x560e964d4de9,0
525.x264_r/1,1/super_hot_regions:172,0x560e964d4dee,0
525.x264_r/1,1/super_hot_regions:172,0x560e964d4df1,0

525.x264_r/1,1/super_hot_regions:174,0x560e964abc7a,20
525.x264_r/1,1/super_hot_regions:174,0x560e964abc84,0

525.x264_r/1,1/super_hot_regions:176,0x560e964b13a1,30
525.x264_r/1,1/super_hot_regions:176,0x560e964b13a6,0
525.x264_r/1,1/super_hot_regions:176,0x560e964b13a9,0
525.x264_r/1,1/super_hot_regions:176,0x560e964b13ac,0
525.x264_r/1,1/super_hot_regions:176,0x560e964b13af,0
525.x264_r/1,1/super_hot_regions:176,0x560e964b13b2,0

525.x264_r/1,1/super_hot_regions:179,0x560e964ac3c7,10
525.x264_r/1,1/super_hot_regions:179,0x560e964ac3ca,0

525.x264_r/1,1/super_hot_regions:18,0x560e9647c148,20
525.x264_r/1,1/super_hot_regions:18,0x560e9647c14d,0

525.x264_r/1,1/super_hot_regions:180,0x560e964ac3c4,20
525.x264_r/1,1/super_hot_regions:180,0x560e964ac3d1,0
525.x264_r/1,1/super_hot_regions:180,0x560e964ac3e0,0
525.x264_r/1,1/super_hot_regions:180,0x560e964ac3da,0
525.x264_r/1,1/super_hot_regions:180,0x560e964ac3d6,0
525.x264_r/1,1/super_hot_regions:180,0x560e964ac3dd,0
525.x264_r/1,1/super_hot_regions:180,0x560e964ac3e3,0
525.x264_r/1,1/super_hot_regions:180,0x560e964ac3ea,0
525.x264_r/1,1/super_hot_regions:180,0x560e964ac3e6,0
525.x264_r/1,1/super_hot_regions:180,0x560e964ac3ed,0
525.x264_r/1,1/super_hot_regions:180,0x560e964ac3f1,0
525.x264_r/1,1/super_hot_regions:180,0x560e964ac3fb,0
525.x264_r/1,1/super_hot_regions:180,0x560e964ac3f4,0
525.x264_r/1,1/super_hot_regions:180,0x560e964ac3f6,0
525.x264_r/1,1/super_hot_regions:180,0x560e964ac3f8,0
525.x264_r/1,1/super_hot_regions:180,0x560e964ac401,0
525.x264_r/1,1/super_hot_regions:180,0x560e964ac407,0
525.x264_r/1,1/super_hot_regions:180,0x560e964ac409,0
525.x264_r/1,1/super_hot_regions:180,0x560e964ac40c,0
525.x264_r/1,1/super_hot_regions:180,0x560e964ac413,0
525.x264_r/1,1/super_hot_regions:180,0x560e964ac40f,0
525.x264_r/1,1/super_hot_regions:180,0x560e964ac419,0

525.x264_r/1,1/super_hot_regions:184,0x560e96483aeb,10
525.x264_r/1,1/super_hot_regions:184,0x560e96483af4,0

526.blender_r/1,1/super_hot_regions:130,0x56d60d4741af,20
526.blender_r/1,1/super_hot_regions:130,0x56d60d4741bf,0

526.blender_r/1,1/super_hot_regions:23,0x56d60d4029a5,10
526.blender_r/1,1/super_hot_regions:23,0x56d60d4029a8,0

526.blender_r/1,1/super_hot_regions:25,0x56d60d402968,10
526.blender_r/1,1/super_hot_regions:25,0x56d60d402979,0

526.blender_r/1,1/super_hot_regions:26,0x56d60d40296c,10
526.blender_r/1,1/super_hot_regions:26,0x56d60d402977,0
526.blender_r/1,1/super_hot_regions:26,0x56d60d40297d,0

526.blender_r/1,1/super_hot_regions:4,0x56d60d4029a0,10
526.blender_r/1,1/super_hot_regions:4,0x56d60d4029a5,0
526.blender_r/1,1/super_hot_regions:4,0x56d60d4029a8,0

526.blender_r/1,1/super_hot_regions:67,0x56d60d484d93,10
526.blender_r/1,1/super_hot_regions:67,0x56d60d484d9c,0

526.blender_r/1,1/super_hot_regions:73,0x56d60d4896bc,10
526.blender_r/1,1/super_hot_regions:73,0x56d60d4896bf,0

526.blender_r/1,1/super_hot_regions:77,0x56d60d489863,20
526.blender_r/1,1/super_hot_regions:77,0x56d60d48986d,0

526.blender_r/1,1/super_hot_regions:78,0x56d60d489866,10
526.blender_r/1,1/super_hot_regions:78,0x56d60d489878,0
526.blender_r/1,1/super_hot_regions:78,0x56d60d48987b,0

526.blender_r/1,1/super_hot_regions:79,0x56d60d489882,20
526.blender_r/1,1/super_hot_regions:79,0x56d60d48989c,0

526.blender_r/1,1/super_hot_regions:80,0x56d60d4898a8,10
526.blender_r/1,1/super_hot_regions:80,0x56d60d4898af,0
526.blender_r/1,1/super_hot_regions:80,0x56d60d4898b2,0

526.blender_r/1,1/super_hot_regions:81,0x56d60d4898d6,10
526.blender_r/1,1/super_hot_regions:81,0x56d60d4898dd,0
526.blender_r/1,1/super_hot_regions:81,0x56d60d4898e4,0

526.blender_r/1,1/super_hot_regions:82,0x56d60d489904,10
526.blender_r/1,1/super_hot_regions:82,0x56d60d489907,0

527.cam4_r/1,1/super_hot_regions:128,0x5f9346a1fd68,20
527.cam4_r/1,1/super_hot_regions:128,0x5f9346a1fd6d,0

527.cam4_r/1,1/super_hot_regions:130,0x5f9346a1fc90,20
527.cam4_r/1,1/super_hot_regions:130,0x5f9346a1fc95,0

527.cam4_r/1,1/super_hot_regions:132,0x5f9346a1fe50,20
527.cam4_r/1,1/super_hot_regions:132,0x5f9346a1fe55,0

527.cam4_r/1,1/super_hot_regions:43,0x748d4e48c7a3,10
527.cam4_r/1,1/super_hot_regions:43,0x748d4e48c7a6,0
527.cam4_r/1,1/super_hot_regions:43,0x748d4e48c7af,0

527.cam4_r/1,1/super_hot_regions:66,0x748d4dd99b64,20
527.cam4_r/1,1/super_hot_regions:66,0x748d4dd99b68,0
527.cam4_r/1,1/super_hot_regions:66,0x748d4dd99b6c,0

527.cam4_r/1,1/super_hot_regions:9,0x5f9346aa0b20,10
527.cam4_r/1,1/super_hot_regions:9,0x5f9346aa0b24,0

531.deepsjeng_r/1,1/super_hot_regions:0,0x6224487b4954,20
531.deepsjeng_r/1,1/super_hot_regions:0,0x6224487b4957,0
531.deepsjeng_r/1,1/super_hot_regions:0,0x6224487b495c,0
531.deepsjeng_r/1,1/super_hot_regions:0,0x6224487b4961,0

531.deepsjeng_r/1,1/super_hot_regions:10,0x6224487b490d,10
531.deepsjeng_r/1,1/super_hot_regions:10,0x6224487b4911,0

531.deepsjeng_r/1,1/super_hot_regions:100,0x6224487c26e1,10
531.deepsjeng_r/1,1/super_hot_regions:100,0x6224487c26e8,0

531.deepsjeng_r/1,1/super_hot_regions:101,0x6224487c26b2,40
531.deepsjeng_r/1,1/super_hot_regions:101,0x6224487c26b9,0
531.deepsjeng_r/1,1/super_hot_regions:101,0x6224487c26d4,0
531.deepsjeng_r/1,1/super_hot_regions:101,0x6224487c26ec,0
531.deepsjeng_r/1,1/super_hot_regions:101,0x6224487c26d7,0
531.deepsjeng_r/1,1/super_hot_regions:101,0x6224487c26dc,0
531.deepsjeng_r/1,1/super_hot_regions:101,0x6224487c26f1,0
531.deepsjeng_r/1,1/super_hot_regions:101,0x6224487c26f4,0
531.deepsjeng_r/1,1/super_hot_regions:101,0x6224487c26fd,0

531.deepsjeng_r/1,1/super_hot_regions:102,0x6224487c2689,10
531.deepsjeng_r/1,1/super_hot_regions:102,0x6224487c2700,0

531.deepsjeng_r/1,1/super_hot_regions:103,0x6224487b1bce,10
531.deepsjeng_r/1,1/super_hot_regions:103,0x6224487b1bd1,0
531.deepsjeng_r/1,1/super_hot_regions:103,0x6224487b1bd8,0

531.deepsjeng_r/1,1/super_hot_regions:105,0x6224487b1bd5,10
531.deepsjeng_r/1,1/super_hot_regions:105,0x6224487b1c77,0

531.deepsjeng_r/1,1/super_hot_regions:11,0x6224487b48b4,20
531.deepsjeng_r/1,1/super_hot_regions:11,0x6224487b48c0,0
531.deepsjeng_r/1,1/super_hot_regions:11,0x6224487b48ec,0
531.deepsjeng_r/1,1/super_hot_regions:11,0x6224487b48ca,0
531.deepsjeng_r/1,1/super_hot_regions:11,0x6224487b48fe,0
531.deepsjeng_r/1,1/super_hot_regions:11,0x6224487b48cf,0
531.deepsjeng_r/1,1/super_hot_regions:11,0x6224487b491a,0
531.deepsjeng_r/1,1/super_hot_regions:11,0x6224487b48d2,0
531.deepsjeng_r/1,1/super_hot_regions:11,0x6224487b48dc,0
531.deepsjeng_r/1,1/super_hot_regions:11,0x6224487b48e5,0
531.deepsjeng_r/1,1/super_hot_regions:11,0x6224487b4915,0
531.deepsjeng_r/1,1/super_hot_regions:11,0x6224487b491f,0

531.deepsjeng_r/1,1/super_hot_regions:111,0x6224487c2708,10
531.deepsjeng_r/1,1/super_hot_regions:111,0x6224487c270e,0

531.deepsjeng_r/1,1/super_hot_regions:112,0x6224487c2713,20
531.deepsjeng_r/1,1/super_hot_regions:112,0x6224487c271a,0
531.deepsjeng_r/1,1/super_hot_regions:112,0x6224487c271e,0
531.deepsjeng_r/1,1/super_hot_regions:112,0x6224487c2724,0
531.deepsjeng_r/1,1/super_hot_regions:112,0x6224487c2721,0
531.deepsjeng_r/1,1/super_hot_regions:112,0x6224487c2727,0
531.deepsjeng_r/1,1/super_hot_regions:112,0x6224487c272a,0
531.deepsjeng_r/1,1/super_hot_regions:112,0x6224487c272d,0

531.deepsjeng_r/1,1/super_hot_regions:115,0x6224487c273b,20
531.deepsjeng_r/1,1/super_hot_regions:115,0x6224487c273e,0
531.deepsjeng_r/1,1/super_hot_regions:115,0x6224487c2740,0
531.deepsjeng_r/1,1/super_hot_regions:115,0x6224487c2743,0
531.deepsjeng_r/1,1/super_hot_regions:115,0x6224487c2745,0

531.deepsjeng_r/1,1/super_hot_regions:116,0x6224487c2747,50
531.deepsjeng_r/1,1/super_hot_regions:116,0x6224487c274e,0
531.deepsjeng_r/1,1/super_hot_regions:116,0x6224487c2755,0
531.deepsjeng_r/1,1/super_hot_regions:116,0x6224487c275c,0
531.deepsjeng_r/1,1/super_hot_regions:116,0x6224487c2763,0
531.deepsjeng_r/1,1/super_hot_regions:116,0x6224487c276a,0
531.deepsjeng_r/1,1/super_hot_regions:116,0x6224487c2771,0
531.deepsjeng_r/1,1/super_hot_regions:116,0x6224487c2774,0
531.deepsjeng_r/1,1/super_hot_regions:116,0x6224487c2777,0
531.deepsjeng_r/1,1/super_hot_regions:116,0x6224487c277b,0

531.deepsjeng_r/1,1/super_hot_regions:122,0x6224487c2810,10
531.deepsjeng_r/1,1/super_hot_regions:122,0x6224487c2815,0

531.deepsjeng_r/1,1/super_hot_regions:123,0x6224487c281c,20
531.deepsjeng_r/1,1/super_hot_regions:123,0x6224487c2822,0
531.deepsjeng_r/1,1/super_hot_regions:123,0x6224487c282b,0

531.deepsjeng_r/1,1/super_hot_regions:126,0x6224487b73f0,20
531.deepsjeng_r/1,1/super_hot_regions:126,0x6224487b73f3,0
531.deepsjeng_r/1,1/super_hot_regions:126,0x6224487b73f6,0
531.deepsjeng_r/1,1/super_hot_regions:126,0x6224487b73f8,0
531.deepsjeng_r/1,1/super_hot_regions:126,0x6224487b73fb,0
531.deepsjeng_r/1,1/super_hot_regions:126,0x6224487b73fd,0

531.deepsjeng_r/1,1/super_hot_regions:130,0x6224487c2792,10
531.deepsjeng_r/1,1/super_hot_regions:130,0x6224487c279b,0

531.deepsjeng_r/1,1/super_hot_regions:132,0x6224487bee6d,20
531.deepsjeng_r/1,1/super_hot_regions:132,0x6224487bee78,0
531.deepsjeng_r/1,1/super_hot_regions:132,0x6224487bee7a,0

531.deepsjeng_r/1,1/super_hot_regions:136,0x6224487bee38,20
531.deepsjeng_r/1,1/super_hot_regions:136,0x6224487bee42,0
531.deepsjeng_r/1,1/super_hot_regions:136,0x6224487bee44,0

531.deepsjeng_r/1,1/super_hot_regions:137,0x6224487bee3e,20
531.deepsjeng_r/1,1/super_hot_regions:137,0x6224487bee51,0
531.deepsjeng_r/1,1/super_hot_regions:137,0x6224487bee53,0
531.deepsjeng_r/1,1/super_hot_regions:137,0x6224487bee56,0

531.deepsjeng_r/1,1/super_hot_regions:139,0x6224487b8ef3,20
531.deepsjeng_r/1,1/super_hot_regions:139,0x6224487b8ef7,0
531.deepsjeng_r/1,1/super_hot_regions:139,0x6224487b8efa,0
531.deepsjeng_r/1,1/super_hot_regions:139,0x6224487b8efe,0

531.deepsjeng_r/1,1/super_hot_regions:14,0x6224487b4846,30
531.deepsjeng_r/1,1/super_hot_regions:14,0x6224487b484d,0
531.deepsjeng_r/1,1/super_hot_regions:14,0x6224487b4869,0
531.deepsjeng_r/1,1/super_hot_regions:14,0x6224487b4854,0
531.deepsjeng_r/1,1/super_hot_regions:14,0x6224487b4858,0
531.deepsjeng_r/1,1/super_hot_regions:14,0x6224487b485f,0
531.deepsjeng_r/1,1/super_hot_regions:14,0x6224487b4863,0
531.deepsjeng_r/1,1/super_hot_regions:14,0x6224487b4866,0
531.deepsjeng_r/1,1/super_hot_regions:14,0x6224487b4873,0
531.deepsjeng_r/1,1/super_hot_regions:14,0x6224487b4876,0
531.deepsjeng_r/1,1/super_hot_regions:14,0x6224487b487a,0
531.deepsjeng_r/1,1/super_hot_regions:14,0x6224487b4881,0
531.deepsjeng_r/1,1/super_hot_regions:14,0x6224487b4885,0
531.deepsjeng_r/1,1/super_hot_regions:14,0x6224487b4890,0
531.deepsjeng_r/1,1/super_hot_regions:14,0x6224487b489c,0
531.deepsjeng_r/1,1/super_hot_regions:14,0x6224487b4898,0
531.deepsjeng_r/1,1/super_hot_regions:14,0x6224487b48a0,0

531.deepsjeng_r/1,1/super_hot_regions:142,0x6224487b4a54,20
531.deepsjeng_r/1,1/super_hot_regions:142,0x6224487b4a56,0
531.deepsjeng_r/1,1/super_hot_regions:142,0x6224487b4a61,0
531.deepsjeng_r/1,1/super_hot_regions:142,0x6224487b4a5b,0
531.deepsjeng_r/1,1/super_hot_regions:142,0x6224487b4a64,0
531.deepsjeng_r/1,1/super_hot_regions:142,0x6224487b4a58,0
531.deepsjeng_r/1,1/super_hot_regions:142,0x6224487b4a67,0
531.deepsjeng_r/1,1/super_hot_regions:142,0x6224487b4a5e,0
531.deepsjeng_r/1,1/super_hot_regions:142,0x6224487b4a60,0
531.deepsjeng_r/1,1/super_hot_regions:142,0x6224487b4a69,0
531.deepsjeng_r/1,1/super_hot_regions:142,0x6224487b4a6b,0
531.deepsjeng_r/1,1/super_hot_regions:142,0x6224487b4a6d,0
531.deepsjeng_r/1,1/super_hot_regions:142,0x6224487b4a6f,0
531.deepsjeng_r/1,1/super_hot_regions:142,0x6224487b4a72,0
531.deepsjeng_r/1,1/super_hot_regions:142,0x6224487b4a74,0
531.deepsjeng_r/1,1/super_hot_regions:142,0x6224487b4a76,0
531.deepsjeng_r/1,1/super_hot_regions:142,0x6224487b4a78,0

531.deepsjeng_r/1,1/super_hot_regions:145,0x6224487bf65d,10
531.deepsjeng_r/1,1/super_hot_regions:145,0x6224487bf662,0
531.deepsjeng_r/1,1/super_hot_regions:145,0x6224487bf664,0

531.deepsjeng_r/1,1/super_hot_regions:147,0x6224487b8d38,20
531.deepsjeng_r/1,1/super_hot_regions:147,0x6224487b8d43,0
531.deepsjeng_r/1,1/super_hot_regions:147,0x6224487b8d45,0

531.deepsjeng_r/1,1/super_hot_regions:149,0x6224487c29f6,20
531.deepsjeng_r/1,1/super_hot_regions:149,0x6224487c2a04,0

531.deepsjeng_r/1,1/super_hot_regions:152,0x6224487ba16b,10
531.deepsjeng_r/1,1/super_hot_regions:152,0x6224487ba16e,0

531.deepsjeng_r/1,1/super_hot_regions:153,0x6224487ba175,10
531.deepsjeng_r/1,1/super_hot_regions:153,0x6224487ba178,0

531.deepsjeng_r/1,1/super_hot_regions:155,0x6224487ba106,10
531.deepsjeng_r/1,1/super_hot_regions:155,0x6224487ba110,0

531.deepsjeng_r/1,1/super_hot_regions:156,0x6224487ba109,30
531.deepsjeng_r/1,1/super_hot_regions:156,0x6224487ba113,0
531.deepsjeng_r/1,1/super_hot_regions:156,0x6224487ba11a,0

531.deepsjeng_r/1,1/super_hot_regions:157,0x6224487ba129,20
531.deepsjeng_r/1,1/super_hot_regions:157,0x6224487ba138,0

531.deepsjeng_r/1,1/super_hot_regions:158,0x6224487ba13e,30
531.deepsjeng_r/1,1/super_hot_regions:158,0x6224487ba14a,0
531.deepsjeng_r/1,1/super_hot_regions:158,0x6224487ba151,0

531.deepsjeng_r/1,1/super_hot_regions:159,0x6224487ba13b,20
531.deepsjeng_r/1,1/super_hot_regions:159,0x6224487ba145,0
531.deepsjeng_r/1,1/super_hot_regions:159,0x6224487ba158,0

531.deepsjeng_r/1,1/super_hot_regions:161,0x6224487bdc24,10
531.deepsjeng_r/1,1/super_hot_regions:161,0x6224487bdc30,0

538.imagick_r/1,1/super_hot_regions:10,0x633a6b357fc4,10
538.imagick_r/1,1/super_hot_regions:10,0x633a6b357fc8,0

538.imagick_r/1,1/super_hot_regions:108,0x633a6b365791,10
538.imagick_r/1,1/super_hot_regions:108,0x633a6b365794,0
538.imagick_r/1,1/super_hot_regions:108,0x633a6b36579b,0

538.imagick_r/1,1/super_hot_regions:109,0x633a6b365798,10
538.imagick_r/1,1/super_hot_regions:109,0x633a6b3657a1,0

538.imagick_r/1,1/super_hot_regions:121,0x633a6b677293,20
538.imagick_r/1,1/super_hot_regions:121,0x633a6b677299,0

538.imagick_r/1,1/super_hot_regions:122,0x633a6b67729b,10
538.imagick_r/1,1/super_hot_regions:122,0x633a6b6772a2,0

538.imagick_r/1,1/super_hot_regions:123,0x633a6b6772a6,10
538.imagick_r/1,1/super_hot_regions:123,0x633a6b6772a9,0

538.imagick_r/1,1/super_hot_regions:128,0x633a6b6773bf,20
538.imagick_r/1,1/super_hot_regions:128,0x633a6b6773c5,0
538.imagick_r/1,1/super_hot_regions:128,0x633a6b6773c8,0

538.imagick_r/1,1/super_hot_regions:16,0x633a6b40c700,20
538.imagick_r/1,1/super_hot_regions:16,0x633a6b40c708,0
538.imagick_r/1,1/super_hot_regions:16,0x633a6b40c70b,0

538.imagick_r/1,1/super_hot_regions:29,0x633a6b2e0d12,20
538.imagick_r/1,1/super_hot_regions:29,0x633a6b2e0d1a,0

538.imagick_r/1,1/super_hot_regions:40,0x633a6b2e0275,10
538.imagick_r/1,1/super_hot_regions:40,0x633a6b2e0279,0

538.imagick_r/1,1/super_hot_regions:43,0x633a6b2e00e5,10
538.imagick_r/1,1/super_hot_regions:43,0x633a6b2e00e9,0
538.imagick_r/1,1/super_hot_regions:43,0x633a6b2e00ec,0

538.imagick_r/1,1/super_hot_regions:44,0x633a6b2e00ef,10
538.imagick_r/1,1/super_hot_regions:44,0x633a6b2e00f2,0

538.imagick_r/1,1/super_hot_regions:45,0x633a6b2e0c1c,10
538.imagick_r/1,1/super_hot_regions:45,0x633a6b2e0c1f,0

538.imagick_r/1,1/super_hot_regions:52,0x633a6b2f5126,20
538.imagick_r/1,1/super_hot_regions:52,0x633a6b2f5129,0

538.imagick_r/1,1/super_hot_regions:57,0x633a6b2f50e5,10
538.imagick_r/1,1/super_hot_regions:57,0x633a6b2f5112,0

538.imagick_r/1,1/super_hot_regions:59,0x633a6b2f50f6,30
538.imagick_r/1,1/super_hot_regions:59,0x633a6b2f50fc,0
538.imagick_r/1,1/super_hot_regions:59,0x633a6b2f5117,0
538.imagick_r/1,1/super_hot_regions:59,0x633a6b2f5100,0

538.imagick_r/1,1/super_hot_regions:6,0x633a6b358014,10
538.imagick_r/1,1/super_hot_regions:6,0x633a6b358018,0

538.imagick_r/1,1/super_hot_regions:70,0x7f92b47a0845,20
538.imagick_r/1,1/super_hot_regions:70,0x7f92b47a0848,0

538.imagick_r/1,1/super_hot_regions:71,0x7f92b47a0840,20
538.imagick_r/1,1/super_hot_regions:71,0x7f92b47a084b,0

538.imagick_r/1,1/super_hot_regions:8,0x633a6b357ff4,10
538.imagick_r/1,1/super_hot_regions:8,0x633a6b357ff8,0

538.imagick_r/1,1/super_hot_regions:98,0x633a6b302fd1,20
538.imagick_r/1,1/super_hot_regions:98,0x633a6b302fda,0
538.imagick_r/1,1/super_hot_regions:98,0x633a6b302fde,0

541.leela_r/1,1/super_hot_regions:0,0x5f7fdf5da6b4,10
541.leela_r/1,1/super_hot_regions:0,0x5f7fdf5da6b7,0

541.leela_r/1,1/super_hot_regions:101,0x5f7fdf5da560,20
541.leela_r/1,1/super_hot_regions:101,0x5f7fdf5da56c,0

541.leela_r/1,1/super_hot_regions:111,0x5f7fdf5da050,20
541.leela_r/1,1/super_hot_regions:111,0x5f7fdf5da054,0

541.leela_r/1,1/super_hot_regions:15,0x5f7fdf5dae54,30
541.leela_r/1,1/super_hot_regions:15,0x5f7fdf5dae56,0
541.leela_r/1,1/super_hot_regions:15,0x5f7fdf5dae5f,0
541.leela_r/1,1/super_hot_regions:15,0x5f7fdf5daf32,0
541.leela_r/1,1/super_hot_regions:15,0x5f7fdf5daf35,0
541.leela_r/1,1/super_hot_regions:15,0x5f7fdf5daf49,0
541.leela_r/1,1/super_hot_regions:15,0x5f7fdf5daf38,0
541.leela_r/1,1/super_hot_regions:15,0x5f7fdf5daf52,0

541.leela_r/1,1/super_hot_regions:16,0x5f7fdf5dae5c,20
541.leela_r/1,1/super_hot_regions:16,0x5f7fdf5dae6d,0
541.leela_r/1,1/super_hot_regions:16,0x5f7fdf5daf6b,0
541.leela_r/1,1/super_hot_regions:16,0x5f7fdf5dae73,0
541.leela_r/1,1/super_hot_regions:16,0x5f7fdf5daf74,0
541.leela_r/1,1/super_hot_regions:16,0x5f7fdf5daf58,0
541.leela_r/1,1/super_hot_regions:16,0x5f7fdf5daf5e,0
541.leela_r/1,1/super_hot_regions:16,0x5f7fdf5daf63,0

541.leela_r/1,1/super_hot_regions:17,0x5f7fdf5dae62,70
541.leela_r/1,1/super_hot_regions:17,0x5f7fdf5dae66,0
541.leela_r/1,1/super_hot_regions:17,0x5f7fdf5dae6a,0
541.leela_r/1,1/super_hot_regions:17,0x5f7fdf5dae76,0
541.leela_r/1,1/super_hot_regions:17,0x5f7fdf5dae80,0
541.leela_r/1,1/super_hot_regions:17,0x5f7fdf5dae85,0
541.leela_r/1,1/super_hot_regions:17,0x5f7fdf5daf55,0
541.leela_r/1,1/super_hot_regions:17,0x5f7fdf5daf77,0
541.leela_r/1,1/super_hot_regions:17,0x5f7fdf5daeca,0
541.leela_r/1,1/super_hot_regions:17,0x5f7fdf5dae7a,0
541.leela_r/1,1/super_hot_regions:17,0x5f7fdf5dae7d,0
541.leela_r/1,1/super_hot_regions:17,0x5f7fdf5daeea,0
541.leela_r/1,1/super_hot_regions:17,0x5f7fdf5daf5b,0
541.leela_r/1,1/super_hot_regions:17,0x5f7fdf5daf7a,0
541.leela_r/1,1/super_hot_regions:17,0x5f7fdf5dae95,0
541.leela_r/1,1/super_hot_regions:17,0x5f7fdf5daef1,0
541.leela_r/1,1/super_hot_regions:17,0x5f7fdf5daed4,0
541.leela_r/1,1/super_hot_regions:17,0x5f7fdf5daf04,0
541.leela_r/1,1/super_hot_regions:17,0x5f7fdf5daf12,0
541.leela_r/1,1/super_hot_regions:17,0x5f7fdf5daefd,0
541.leela_r/1,1/super_hot_regions:17,0x5f7fdf5daf25,0
541.leela_r/1,1/super_hot_regions:17,0x5f7fdf5dae8b,0
541.leela_r/1,1/super_hot_regions:17,0x5f7fdf5daf0e,0
541.leela_r/1,1/super_hot_regions:17,0x5f7fdf5daf1a,0
541.leela_r/1,1/super_hot_regions:17,0x5f7fdf5daf1e,0
541.leela_r/1,1/super_hot_regions:17,0x5f7fdf5daf2e,0
541.leela_r/1,1/super_hot_regions:17,0x5f7fdf5dae9f,0
541.leela_r/1,1/super_hot_regions:17,0x5f7fdf5daf40,0
541.leela_r/1,1/super_hot_regions:17,0x5f7fdf5daea9,0
541.leela_r/1,1/super_hot_regions:17,0x5f7fdf5daea2,0
541.leela_r/1,1/super_hot_regions:17,0x5f7fdf5daf44,0
541.leela_r/1,1/super_hot_regions:17,0x5f7fdf5daeaf,0
541.leela_r/1,1/super_hot_regions:17,0x5f7fdf5daeb8,0
541.leela_r/1,1/super_hot_regions:17,0x5f7fdf5daebb,0
541.leela_r/1,1/super_hot_regions:17,0x5f7fdf5daec1,0
541.leela_r/1,1/super_hot_regions:17,0x5f7fdf5daed1,0
541.leela_r/1,1/super_hot_regions:17,0x5f7fdf5daed8,0
541.leela_r/1,1/super_hot_regions:17,0x5f7fdf5daedb,0
541.leela_r/1,1/super_hot_regions:17,0x5f7fdf5daee1,0
541.leela_r/1,1/super_hot_regions:17,0x5f7fdf5daefa,0
541.leela_r/1,1/super_hot_regions:17,0x5f7fdf5daf01,0
541.leela_r/1,1/super_hot_regions:17,0x5f7fdf5daf22,0
541.leela_r/1,1/super_hot_regions:17,0x5f7fdf5daf47,0
541.leela_r/1,1/super_hot_regions:17,0x5f7fdf5daf61,0
541.leela_r/1,1/super_hot_regions:17,0x5f7fdf5daf7d,0

541.leela_r/1,1/super_hot_regions:18,0x5f7fdf5e1d97,10
541.leela_r/1,1/super_hot_regions:18,0x5f7fdf5e1d9b,0

541.leela_r/1,1/super_hot_regions:19,0x5f7fdf5e1d9f,10
541.leela_r/1,1/super_hot_regions:19,0x5f7fdf5e1da2,0

541.leela_r/1,1/super_hot_regions:20,0x5f7fdf5d6584,10
541.leela_r/1,1/super_hot_regions:20,0x5f7fdf5d658e,0
541.leela_r/1,1/super_hot_regions:20,0x5f7fdf5d6591,0
541.leela_r/1,1/super_hot_regions:20,0x5f7fdf5d659f,0

541.leela_r/1,1/super_hot_regions:25,0x5f7fdf5d5a04,10
541.leela_r/1,1/super_hot_regions:25,0x5f7fdf5d5a07,0

541.leela_r/1,1/super_hot_regions:37,0x5f7fdf5c3e7b,10
541.leela_r/1,1/super_hot_regions:37,0x5f7fdf5c3e7e,0

541.leela_r/1,1/super_hot_regions:38,0x5f7fdf5c3e82,10
541.leela_r/1,1/super_hot_regions:38,0x5f7fdf5c3e85,0

541.leela_r/1,1/super_hot_regions:39,0x5f7fdf5c3e89,20
541.leela_r/1,1/super_hot_regions:39,0x5f7fdf5c3e93,0
541.leela_r/1,1/super_hot_regions:39,0x5f7fdf5c3e98,0
541.leela_r/1,1/super_hot_regions:39,0x5f7fdf5c3e9c,0

541.leela_r/1,1/super_hot_regions:4,0x5f7fdf5f0456,20
541.leela_r/1,1/super_hot_regions:4,0x5f7fdf5f046e,0
541.leela_r/1,1/super_hot_regions:4,0x5f7fdf5f0475,0
541.leela_r/1,1/super_hot_regions:4,0x5f7fdf5f047a,0
541.leela_r/1,1/super_hot_regions:4,0x5f7fdf5f0483,0
541.leela_r/1,1/super_hot_regions:4,0x5f7fdf5f0480,0
541.leela_r/1,1/super_hot_regions:4,0x5f7fdf5f0486,0

541.leela_r/1,1/super_hot_regions:51,0x5f7fdf5f0eb1,10
541.leela_r/1,1/super_hot_regions:51,0x5f7fdf5f0eb4,0
541.leela_r/1,1/super_hot_regions:51,0x5f7fdf5f0ec0,0

541.leela_r/1,1/super_hot_regions:52,0x5f7fdf5f0ebe,10
541.leela_r/1,1/super_hot_regions:52,0x5f7fdf5f0ecb,0

541.leela_r/1,1/super_hot_regions:53,0x5f7fdf5f0ed6,20
541.leela_r/1,1/super_hot_regions:53,0x5f7fdf5f0edd,0

541.leela_r/1,1/super_hot_regions:62,0x5f7fdf5e7972,20
541.leela_r/1,1/super_hot_regions:62,0x5f7fdf5e797d,0

541.leela_r/1,1/super_hot_regions:67,0x5f7fdf5e7997,40
541.leela_r/1,1/super_hot_regions:67,0x5f7fdf5e799e,0
541.leela_r/1,1/super_hot_regions:67,0x5f7fdf5e79a7,0
541.leela_r/1,1/super_hot_regions:67,0x5f7fdf5e79ae,0
541.leela_r/1,1/super_hot_regions:67,0x5f7fdf5e79b3,0
541.leela_r/1,1/super_hot_regions:67,0x5f7fdf5e79b8,0
541.leela_r/1,1/super_hot_regions:67,0x5f7fdf5e79c7,0

541.leela_r/1,1/super_hot_regions:74,0x5f7fdf5d65f6,10
541.leela_r/1,1/super_hot_regions:74,0x5f7fdf5d65f8,0
541.leela_r/1,1/super_hot_regions:74,0x5f7fdf5d65fb,0
541.leela_r/1,1/super_hot_regions:74,0x5f7fdf5d65fe,0

541.leela_r/1,1/super_hot_regions:75,0x5f7fdf5d6606,20
541.leela_r/1,1/super_hot_regions:75,0x5f7fdf5d660f,0

541.leela_r/1,1/super_hot_regions:76,0x5f7fdf5d9fb5,40
541.leela_r/1,1/super_hot_regions:76,0x5f7fdf5d9fbe,0
541.leela_r/1,1/super_hot_regions:76,0x5f7fdf5d9fe4,0
541.leela_r/1,1/super_hot_regions:76,0x5f7fdf5d9fc2,0
541.leela_r/1,1/super_hot_regions:76,0x5f7fdf5d9fc5,0
541.leela_r/1,1/super_hot_regions:76,0x5f7fdf5d9fc7,0
541.leela_r/1,1/super_hot_regions:76,0x5f7fdf5d9fda,0
541.leela_r/1,1/super_hot_regions:76,0x5f7fdf5d9fdc,0
541.leela_r/1,1/super_hot_regions:76,0x5f7fdf5d9fe6,0
541.leela_r/1,1/super_hot_regions:76,0x5f7fdf5d9fe9,0
541.leela_r/1,1/super_hot_regions:76,0x5f7fdf5d9feb,0
541.leela_r/1,1/super_hot_regions:76,0x5f7fdf5d9fed,0
541.leela_r/1,1/super_hot_regions:76,0x5f7fdf5d9ff0,0
541.leela_r/1,1/super_hot_regions:76,0x5f7fdf5d9ff2,0
541.leela_r/1,1/super_hot_regions:76,0x5f7fdf5d9ffa,0

541.leela_r/1,1/super_hot_regions:77,0x5f7fdf5d9ffd,20
541.leela_r/1,1/super_hot_regions:77,0x5f7fdf5da002,0
541.leela_r/1,1/super_hot_regions:77,0x5f7fdf5da004,0
541.leela_r/1,1/super_hot_regions:77,0x5f7fdf5da00c,0

541.leela_r/1,1/super_hot_regions:78,0x5f7fdf5da00f,20
541.leela_r/1,1/super_hot_regions:78,0x5f7fdf5da013,0
541.leela_r/1,1/super_hot_regions:78,0x5f7fdf5da015,0
541.leela_r/1,1/super_hot_regions:78,0x5f7fdf5da020,0
541.leela_r/1,1/super_hot_regions:78,0x5f7fdf5da01d,0

541.leela_r/1,1/super_hot_regions:79,0x5f7fdf5da022,10
541.leela_r/1,1/super_hot_regions:79,0x5f7fdf5da024,0

541.leela_r/1,1/super_hot_regions:88,0x5f7fdf5d59e4,20
541.leela_r/1,1/super_hot_regions:88,0x5f7fdf5d59ea,0
541.leela_r/1,1/super_hot_regions:88,0x5f7fdf5d59ec,0
541.leela_r/1,1/super_hot_regions:88,0x5f7fdf5d59ef,0

541.leela_r/1,1/super_hot_regions:93,0x5f7fdf5c3d01,10
541.leela_r/1,1/super_hot_regions:93,0x5f7fdf5c3d0a,0

544.nab_r/1,1/super_hot_regions:100,0x62424f81bbb4,20
544.nab_r/1,1/super_hot_regions:100,0x62424f81bbbb,0

544.nab_r/1,1/super_hot_regions:109,0x62424f81bce0,30
544.nab_r/1,1/super_hot_regions:109,0x62424f81bce6,0
544.nab_r/1,1/super_hot_regions:109,0x62424f81bcef,0

544.nab_r/1,1/super_hot_regions:114,0x62424f81bca4,10
544.nab_r/1,1/super_hot_regions:114,0x62424f81bca9,0

544.nab_r/1,1/super_hot_regions:117,0x62424f81c3a8,20
544.nab_r/1,1/super_hot_regions:117,0x62424f81c3af,0
544.nab_r/1,1/super_hot_regions:117,0x62424f81c3b4,0

544.nab_r/1,1/super_hot_regions:118,0x62424f81c3ab,20
544.nab_r/1,1/super_hot_regions:118,0x62424f81c3b7,0

544.nab_r/1,1/super_hot_regions:13,0x62424f81bd10,10
544.nab_r/1,1/super_hot_regions:13,0x62424f81bd15,0

544.nab_r/1,1/super_hot_regions:130,0x62424f81ada8,10
544.nab_r/1,1/super_hot_regions:130,0x62424f81adaa,0

544.nab_r/1,1/super_hot_regions:136,0x62424f81bcb6,10
544.nab_r/1,1/super_hot_regions:136,0x62424f81bcb8,0

544.nab_r/1,1/super_hot_regions:139,0x62424f8155e0,20
544.nab_r/1,1/super_hot_regions:139,0x62424f8155e3,0

544.nab_r/1,1/super_hot_regions:29,0x62424f815744,10
544.nab_r/1,1/super_hot_regions:29,0x62424f815746,0

544.nab_r/1,1/super_hot_regions:42,0x62424f81bd22,10
544.nab_r/1,1/super_hot_regions:42,0x62424f81bd24,0

544.nab_r/1,1/super_hot_regions:61,0x62424f8174c8,10
544.nab_r/1,1/super_hot_regions:61,0x62424f8174cc,0

544.nab_r/1,1/super_hot_regions:63,0x62424f817522,10
544.nab_r/1,1/super_hot_regions:63,0x62424f817532,0

544.nab_r/1,1/super_hot_regions:85,0x62424f81bb58,10
544.nab_r/1,1/super_hot_regions:85,0x62424f81bb60,0

544.nab_r/1,1/super_hot_regions:90,0x62424f81b9c4,10
544.nab_r/1,1/super_hot_regions:90,0x62424f81b9c9,0

544.nab_r/1,1/super_hot_regions:91,0x62424f81b9f6,10
544.nab_r/1,1/super_hot_regions:91,0x62424f81b9fa,0

544.nab_r/1,1/super_hot_regions:92,0x62424f81ba0e,10
544.nab_r/1,1/super_hot_regions:92,0x62424f81ba18,0

544.nab_r/1,1/super_hot_regions:93,0x62424f81ba1d,10
544.nab_r/1,1/super_hot_regions:93,0x62424f81ba2e,0

544.nab_r/1,1/super_hot_regions:94,0x62424f81ba26,10
544.nab_r/1,1/super_hot_regions:94,0x62424f81ba33,0

544.nab_r/1,1/super_hot_regions:95,0x62424f81ba22,10
544.nab_r/1,1/super_hot_regions:95,0x62424f81ba38,0

548.exchange2_r/1,1/super_hot_regions:100,0x60cba88e581c,20
548.exchange2_r/1,1/super_hot_regions:100,0x60cba88e5824,0

548.exchange2_r/1,1/super_hot_regions:102,0x60cba88e6f25,150
548.exchange2_r/1,1/super_hot_regions:102,0x60cba88e6f2d,0
548.exchange2_r/1,1/super_hot_regions:102,0x60cba88e6f4e,0
548.exchange2_r/1,1/super_hot_regions:102,0x60cba88e6f39,0
548.exchange2_r/1,1/super_hot_regions:102,0x60cba88e6f60,0
548.exchange2_r/1,1/super_hot_regions:102,0x60cba88e6f6c,0
548.exchange2_r/1,1/super_hot_regions:102,0x60cba88e6f35,0
548.exchange2_r/1,1/super_hot_regions:102,0x60cba88e6f5c,0
548.exchange2_r/1,1/super_hot_regions:102,0x60cba88e6f47,0
548.exchange2_r/1,1/super_hot_regions:102,0x60cba88e6f68,0
548.exchange2_r/1,1/super_hot_regions:102,0x60cba88e6f31,0
548.exchange2_r/1,1/super_hot_regions:102,0x60cba88e6f40,0
548.exchange2_r/1,1/super_hot_regions:102,0x60cba88e6f55,0
548.exchange2_r/1,1/super_hot_regions:102,0x60cba88e6f70,0
548.exchange2_r/1,1/super_hot_regions:102,0x60cba88e6f64,0

548.exchange2_r/1,1/super_hot_regions:109,0x60cba88e9602,20
548.exchange2_r/1,1/super_hot_regions:109,0x60cba88e9604,0

548.exchange2_r/1,1/super_hot_regions:110,0x60cba88e9600,10
548.exchange2_r/1,1/super_hot_regions:110,0x60cba88e960b,0

548.exchange2_r/1,1/super_hot_regions:112,0x60cba88ea5b3,20
548.exchange2_r/1,1/super_hot_regions:112,0x60cba88ea5b5,0

548.exchange2_r/1,1/super_hot_regions:113,0x60cba88ea5b0,10
548.exchange2_r/1,1/super_hot_regions:113,0x60cba88ea5bc,0

548.exchange2_r/1,1/super_hot_regions:120,0x60cba88e8f93,20
548.exchange2_r/1,1/super_hot_regions:120,0x60cba88e8f9a,0

548.exchange2_r/1,1/super_hot_regions:124,0x60cba88e529d,30
548.exchange2_r/1,1/super_hot_regions:124,0x60cba88e52a1,0
548.exchange2_r/1,1/super_hot_regions:124,0x60cba88e52e0,0
548.exchange2_r/1,1/super_hot_regions:124,0x60cba88e52a6,0
548.exchange2_r/1,1/super_hot_regions:124,0x60cba88e52de,0
548.exchange2_r/1,1/super_hot_regions:124,0x60cba88e52e6,0

548.exchange2_r/1,1/super_hot_regions:126,0x60cba88e4fd1,20
548.exchange2_r/1,1/super_hot_regions:126,0x60cba88e4fd8,0

548.exchange2_r/1,1/super_hot_regions:128,0x60cba88e5002,10
548.exchange2_r/1,1/super_hot_regions:128,0x60cba88e5004,0
548.exchange2_r/1,1/super_hot_regions:128,0x60cba88e5007,0

548.exchange2_r/1,1/super_hot_regions:129,0x60cba88e500e,20
548.exchange2_r/1,1/super_hot_regions:129,0x60cba88e5015,0

548.exchange2_r/1,1/super_hot_regions:130,0x60cba88e501c,10
548.exchange2_r/1,1/super_hot_regions:130,0x60cba88e5024,0

548.exchange2_r/1,1/super_hot_regions:131,0x60cba88e7001,150
548.exchange2_r/1,1/super_hot_regions:131,0x60cba88e7009,0
548.exchange2_r/1,1/super_hot_regions:131,0x60cba88e7027,0
548.exchange2_r/1,1/super_hot_regions:131,0x60cba88e7015,0
548.exchange2_r/1,1/super_hot_regions:131,0x60cba88e7033,0
548.exchange2_r/1,1/super_hot_regions:131,0x60cba88e703f,0
548.exchange2_r/1,1/super_hot_regions:131,0x60cba88e7011,0
548.exchange2_r/1,1/super_hot_regions:131,0x60cba88e702f,0
548.exchange2_r/1,1/super_hot_regions:131,0x60cba88e7023,0
548.exchange2_r/1,1/super_hot_regions:131,0x60cba88e703b,0
548.exchange2_r/1,1/super_hot_regions:131,0x60cba88e700d,0
548.exchange2_r/1,1/super_hot_regions:131,0x60cba88e701c,0
548.exchange2_r/1,1/super_hot_regions:131,0x60cba88e702b,0
548.exchange2_r/1,1/super_hot_regions:131,0x60cba88e7043,0
548.exchange2_r/1,1/super_hot_regions:131,0x60cba88e7037,0

548.exchange2_r/1,1/super_hot_regions:132,0x78f0e2261fbd,20
548.exchange2_r/1,1/super_hot_regions:132,0x78f0e2261fc1,0

548.exchange2_r/1,1/super_hot_regions:133,0x78f0e2261fc5,20
548.exchange2_r/1,1/super_hot_regions:133,0x78f0e2261fc9,0
548.exchange2_r/1,1/super_hot_regions:133,0x78f0e2261fcd,0

548.exchange2_r/1,1/super_hot_regions:136,0x60cba88e5678,10
548.exchange2_r/1,1/super_hot_regions:136,0x60cba88e567b,0
548.exchange2_r/1,1/super_hot_regions:136,0x60cba88e567e,0

548.exchange2_r/1,1/super_hot_regions:137,0x60cba88e568f,10
548.exchange2_r/1,1/super_hot_regions:137,0x60cba88e5697,0

548.exchange2_r/1,1/super_hot_regions:138,0x60cba88e569f,20
548.exchange2_r/1,1/super_hot_regions:138,0x60cba88e56af,0
548.exchange2_r/1,1/super_hot_regions:138,0x60cba88e56b2,0

548.exchange2_r/1,1/super_hot_regions:139,0x60cba88e5685,10
548.exchange2_r/1,1/super_hot_regions:139,0x60cba88e56b9,0
548.exchange2_r/1,1/super_hot_regions:139,0x60cba88e56bb,0

548.exchange2_r/1,1/super_hot_regions:140,0x60cba88e56c2,10
548.exchange2_r/1,1/super_hot_regions:140,0x60cba88e56ca,0

548.exchange2_r/1,1/super_hot_regions:141,0x60cba88e56d2,10
548.exchange2_r/1,1/super_hot_regions:141,0x60cba88e56d5,0

548.exchange2_r/1,1/super_hot_regions:142,0x60cba88e56dc,10
548.exchange2_r/1,1/super_hot_regions:142,0x60cba88e56e4,0

548.exchange2_r/1,1/super_hot_regions:143,0x60cba88e56ec,20
548.exchange2_r/1,1/super_hot_regions:143,0x60cba88e56f4,0

548.exchange2_r/1,1/super_hot_regions:144,0x60cba88e56fb,10
548.exchange2_r/1,1/super_hot_regions:144,0x60cba88e5703,0

548.exchange2_r/1,1/super_hot_regions:145,0x60cba88e570b,20
548.exchange2_r/1,1/super_hot_regions:145,0x60cba88e5713,0

548.exchange2_r/1,1/super_hot_regions:146,0x60cba88e571a,10
548.exchange2_r/1,1/super_hot_regions:146,0x60cba88e5722,0

548.exchange2_r/1,1/super_hot_regions:147,0x60cba88e572a,20
548.exchange2_r/1,1/super_hot_regions:147,0x60cba88e5732,0

548.exchange2_r/1,1/super_hot_regions:148,0x60cba88e5739,10
548.exchange2_r/1,1/super_hot_regions:148,0x60cba88e5741,0

548.exchange2_r/1,1/super_hot_regions:149,0x60cba88e5749,20
548.exchange2_r/1,1/super_hot_regions:149,0x60cba88e5751,0

548.exchange2_r/1,1/super_hot_regions:150,0x60cba88e5758,10
548.exchange2_r/1,1/super_hot_regions:150,0x60cba88e575d,0

548.exchange2_r/1,1/super_hot_regions:151,0x60cba88e5765,20
548.exchange2_r/1,1/super_hot_regions:151,0x60cba88e576d,0

548.exchange2_r/1,1/super_hot_regions:152,0x60cba88e5774,10
548.exchange2_r/1,1/super_hot_regions:152,0x60cba88e5779,0

548.exchange2_r/1,1/super_hot_regions:26,0x60cba88e5b14,20
548.exchange2_r/1,1/super_hot_regions:26,0x60cba88e5b22,0

548.exchange2_r/1,1/super_hot_regions:27,0x60cba88e5b28,20
548.exchange2_r/1,1/super_hot_regions:27,0x60cba88e5b37,0

548.exchange2_r/1,1/super_hot_regions:28,0x60cba88e5b1b,30
548.exchange2_r/1,1/super_hot_regions:28,0x60cba88e5b30,0
548.exchange2_r/1,1/super_hot_regions:28,0x60cba88e5b43,0

548.exchange2_r/1,1/super_hot_regions:30,0x60cba88e6d4a,110
548.exchange2_r/1,1/super_hot_regions:30,0x60cba88e6d52,0
548.exchange2_r/1,1/super_hot_regions:30,0x60cba88e6d70,0
548.exchange2_r/1,1/super_hot_regions:30,0x60cba88e6d61,0
548.exchange2_r/1,1/super_hot_regions:30,0x60cba88e6d7b,0
548.exchange2_r/1,1/super_hot_regions:30,0x60cba88e6d5a,0
548.exchange2_r/1,1/super_hot_regions:30,0x60cba88e6d77,0
548.exchange2_r/1,1/super_hot_regions:30,0x60cba88e6d6c,0
548.exchange2_r/1,1/super_hot_regions:30,0x60cba88e6d56,0
548.exchange2_r/1,1/super_hot_regions:30,0x60cba88e6d68,0
548.exchange2_r/1,1/super_hot_regions:30,0x60cba88e6d74,0

549.fotonik3d_r/1,1/super_hot_regions:100,0x5dbd09c1394e,20
549.fotonik3d_r/1,1/super_hot_regions:100,0x5dbd09c13952,0
549.fotonik3d_r/1,1/super_hot_regions:100,0x5dbd09c13af0,0

549.fotonik3d_r/1,1/super_hot_regions:103,0x5dbd09c13c8b,10
549.fotonik3d_r/1,1/super_hot_regions:103,0x5dbd09c13c92,0

549.fotonik3d_r/1,1/super_hot_regions:105,0x5dbd09c13dd7,20
549.fotonik3d_r/1,1/super_hot_regions:105,0x5dbd09c13de7,0

549.fotonik3d_r/1,1/super_hot_regions:106,0x5dbd09c13def,20
549.fotonik3d_r/1,1/super_hot_regions:106,0x5dbd09c13dff,0

549.fotonik3d_r/1,1/super_hot_regions:107,0x5dbd09c13ddf,30
549.fotonik3d_r/1,1/super_hot_regions:107,0x5dbd09c13df7,0
549.fotonik3d_r/1,1/super_hot_regions:107,0x5dbd09c13e0f,0

549.fotonik3d_r/1,1/super_hot_regions:108,0x5dbd09c13e07,20
549.fotonik3d_r/1,1/super_hot_regions:108,0x5dbd09c13e17,0

549.fotonik3d_r/1,1/super_hot_regions:109,0x5dbd09c13e1f,20
549.fotonik3d_r/1,1/super_hot_regions:109,0x5dbd09c13e2f,0

549.fotonik3d_r/1,1/super_hot_regions:110,0x5dbd09c13e37,20
549.fotonik3d_r/1,1/super_hot_regions:110,0x5dbd09c13e47,0

549.fotonik3d_r/1,1/super_hot_regions:111,0x5dbd09c13e27,30
549.fotonik3d_r/1,1/super_hot_regions:111,0x5dbd09c13e3f,0
549.fotonik3d_r/1,1/super_hot_regions:111,0x5dbd09c13e57,0

549.fotonik3d_r/1,1/super_hot_regions:112,0x5dbd09c13e4f,20
549.fotonik3d_r/1,1/super_hot_regions:112,0x5dbd09c13e5f,0

549.fotonik3d_r/1,1/super_hot_regions:113,0x5dbd09c13e6f,30
549.fotonik3d_r/1,1/super_hot_regions:113,0x5dbd09c13e7f,0
549.fotonik3d_r/1,1/super_hot_regions:113,0x5dbd09c13ea7,0

549.fotonik3d_r/1,1/super_hot_regions:114,0x5dbd09c13e67,30
549.fotonik3d_r/1,1/super_hot_regions:114,0x5dbd09c13e77,0
549.fotonik3d_r/1,1/super_hot_regions:114,0x5dbd09c13eda,0

549.fotonik3d_r/1,1/super_hot_regions:115,0x5dbd09c13e87,30
549.fotonik3d_r/1,1/super_hot_regions:115,0x5dbd09c13eba,0
549.fotonik3d_r/1,1/super_hot_regions:115,0x5dbd09c13ee2,0

549.fotonik3d_r/1,1/super_hot_regions:116,0x5dbd09c13e8f,30
549.fotonik3d_r/1,1/super_hot_regions:116,0x5dbd09c13ec2,0
549.fotonik3d_r/1,1/super_hot_regions:116,0x5dbd09c13eea,0

549.fotonik3d_r/1,1/super_hot_regions:117,0x5dbd09c13e97,30
549.fotonik3d_r/1,1/super_hot_regions:117,0x5dbd09c13eca,0
549.fotonik3d_r/1,1/super_hot_regions:117,0x5dbd09c13ef2,0

549.fotonik3d_r/1,1/super_hot_regions:118,0x5dbd09c13e9f,30
549.fotonik3d_r/1,1/super_hot_regions:118,0x5dbd09c13ed2,0
549.fotonik3d_r/1,1/super_hot_regions:118,0x5dbd09c13efa,0

549.fotonik3d_r/1,1/super_hot_regions:119,0x5dbd09c13eaf,20
549.fotonik3d_r/1,1/super_hot_regions:119,0x5dbd09c13f02,0

549.fotonik3d_r/1,1/super_hot_regions:123,0x5dbd09c1345c,20
549.fotonik3d_r/1,1/super_hot_regions:123,0x5dbd09c13464,0
549.fotonik3d_r/1,1/super_hot_regions:123,0x5dbd09c13467,0

549.fotonik3d_r/1,1/super_hot_regions:124,0x5dbd09c1346f,20
549.fotonik3d_r/1,1/super_hot_regions:124,0x5dbd09c13477,0
549.fotonik3d_r/1,1/super_hot_regions:124,0x5dbd09c1347a,0

549.fotonik3d_r/1,1/super_hot_regions:125,0x5dbd09c13482,20
549.fotonik3d_r/1,1/super_hot_regions:125,0x5dbd09c1348a,0
549.fotonik3d_r/1,1/super_hot_regions:125,0x5dbd09c1348d,0

549.fotonik3d_r/1,1/super_hot_regions:126,0x5dbd09c13495,20
549.fotonik3d_r/1,1/super_hot_regions:126,0x5dbd09c1349d,0
549.fotonik3d_r/1,1/super_hot_regions:126,0x5dbd09c134a0,0

549.fotonik3d_r/1,1/super_hot_regions:128,0x5dbd09c134b6,20
549.fotonik3d_r/1,1/super_hot_regions:128,0x5dbd09c134be,0
549.fotonik3d_r/1,1/super_hot_regions:128,0x5dbd09c134c1,0

549.fotonik3d_r/1,1/super_hot_regions:129,0x5dbd09c134c9,20
549.fotonik3d_r/1,1/super_hot_regions:129,0x5dbd09c134d1,0
549.fotonik3d_r/1,1/super_hot_regions:129,0x5dbd09c134d4,0

549.fotonik3d_r/1,1/super_hot_regions:134,0x5dbd09c41299,30
549.fotonik3d_r/1,1/super_hot_regions:134,0x5dbd09c412a9,0
549.fotonik3d_r/1,1/super_hot_regions:134,0x5dbd09c412b1,0

549.fotonik3d_r/1,1/super_hot_regions:135,0x5dbd09c412b9,30
549.fotonik3d_r/1,1/super_hot_regions:135,0x5dbd09c412c9,0
549.fotonik3d_r/1,1/super_hot_regions:135,0x5dbd09c412d1,0

549.fotonik3d_r/1,1/super_hot_regions:136,0x5dbd09c412a1,20
549.fotonik3d_r/1,1/super_hot_regions:136,0x5dbd09c412e1,0

549.fotonik3d_r/1,1/super_hot_regions:137,0x5dbd09c412d9,20
549.fotonik3d_r/1,1/super_hot_regions:137,0x5dbd09c412e9,0

549.fotonik3d_r/1,1/super_hot_regions:138,0x5dbd09c412c1,20
549.fotonik3d_r/1,1/super_hot_regions:138,0x5dbd09c41301,0

549.fotonik3d_r/1,1/super_hot_regions:139,0x5dbd09c412f9,20
549.fotonik3d_r/1,1/super_hot_regions:139,0x5dbd09c41321,0

549.fotonik3d_r/1,1/super_hot_regions:140,0x5dbd09c412f1,40
549.fotonik3d_r/1,1/super_hot_regions:140,0x5dbd09c41311,0
549.fotonik3d_r/1,1/super_hot_regions:140,0x5dbd09c41319,0
549.fotonik3d_r/1,1/super_hot_regions:140,0x5dbd09c41329,0

549.fotonik3d_r/1,1/super_hot_regions:141,0x5dbd09c41351,20
549.fotonik3d_r/1,1/super_hot_regions:141,0x5dbd09c41379,0

549.fotonik3d_r/1,1/super_hot_regions:142,0x5dbd09c41349,30
549.fotonik3d_r/1,1/super_hot_regions:142,0x5dbd09c41371,0
549.fotonik3d_r/1,1/super_hot_regions:142,0x5dbd09c41381,0

549.fotonik3d_r/1,1/super_hot_regions:143,0x5dbd09c41341,30
549.fotonik3d_r/1,1/super_hot_regions:143,0x5dbd09c41399,0
549.fotonik3d_r/1,1/super_hot_regions:143,0x5dbd09c413b9,0

549.fotonik3d_r/1,1/super_hot_regions:144,0x5dbd09c41359,30
549.fotonik3d_r/1,1/super_hot_regions:144,0x5dbd09c413a1,0
549.fotonik3d_r/1,1/super_hot_regions:144,0x5dbd09c413c1,0

549.fotonik3d_r/1,1/super_hot_regions:145,0x5dbd09c41361,30
549.fotonik3d_r/1,1/super_hot_regions:145,0x5dbd09c413a9,0
549.fotonik3d_r/1,1/super_hot_regions:145,0x5dbd09c413c9,0

549.fotonik3d_r/1,1/super_hot_regions:146,0x5dbd09c41389,20
549.fotonik3d_r/1,1/super_hot_regions:146,0x5dbd09c413d1,0

549.fotonik3d_r/1,1/super_hot_regions:147,0x5dbd09c41369,30
549.fotonik3d_r/1,1/super_hot_regions:147,0x5dbd09c413b1,0
549.fotonik3d_r/1,1/super_hot_regions:147,0x5dbd09c413d9,0

549.fotonik3d_r/1,1/super_hot_regions:148,0x5dbd09c41391,20
549.fotonik3d_r/1,1/super_hot_regions:148,0x5dbd09c413e1,0

549.fotonik3d_r/1,1/super_hot_regions:149,0x5dbd09c413e9,20
549.fotonik3d_r/1,1/super_hot_regions:149,0x5dbd09c413f5,0

549.fotonik3d_r/1,1/super_hot_regions:150,0x5dbd09c413fd,20
549.fotonik3d_r/1,1/super_hot_regions:150,0x5dbd09c41405,0

549.fotonik3d_r/1,1/super_hot_regions:153,0x5dbd09c40a35,30
549.fotonik3d_r/1,1/super_hot_regions:153,0x5dbd09c40a47,0
549.fotonik3d_r/1,1/super_hot_regions:153,0x5dbd09c40b59,0

549.fotonik3d_r/1,1/super_hot_regions:154,0x5dbd09c40a19,20
549.fotonik3d_r/1,1/super_hot_regions:154,0x5dbd09c40a2d,0
549.fotonik3d_r/1,1/super_hot_regions:154,0x5dbd09c40b81,0

549.fotonik3d_r/1,1/super_hot_regions:161,0x5dbd09c4096e,40
549.fotonik3d_r/1,1/super_hot_regions:161,0x5dbd09c40976,0
549.fotonik3d_r/1,1/super_hot_regions:161,0x5dbd09c40983,0
549.fotonik3d_r/1,1/super_hot_regions:161,0x5dbd09c4098e,0
549.fotonik3d_r/1,1/super_hot_regions:161,0x5dbd09c40986,0
549.fotonik3d_r/1,1/super_hot_regions:161,0x5dbd09c40996,0

549.fotonik3d_r/1,1/super_hot_regions:168,0x5dbd09bee6e4,10
549.fotonik3d_r/1,1/super_hot_regions:168,0x5dbd09bee6e8,0

554.roms_r/1,1/super_hot_regions:131,0x7e3586c9394e,10
554.roms_r/1,1/super_hot_regions:131,0x7e3586c93a13,0

554.roms_r/1,1/super_hot_regions:22,0x5d9dc6ebc2da,20
554.roms_r/1,1/super_hot_regions:22,0x5d9dc6ebc2e1,0

554.roms_r/1,1/super_hot_regions:23,0x5d9dc6ebc2ec,20
554.roms_r/1,1/super_hot_regions:23,0x5d9dc6ebc2f3,0

554.roms_r/1,1/super_hot_regions:25,0x5d9dc6ebc1c5,30
554.roms_r/1,1/super_hot_regions:25,0x5d9dc6ebc360,0
554.roms_r/1,1/super_hot_regions:25,0x5d9dc6ebc36d,0
554.roms_r/1,1/super_hot_regions:25,0x5d9dc6ebc37e,0
554.roms_r/1,1/super_hot_regions:25,0x5d9dc6ebc377,0

554.roms_r/1,1/super_hot_regions:48,0x5d9dc6ebf21d,20
554.roms_r/1,1/super_hot_regions:48,0x5d9dc6ebf22b,0

554.roms_r/1,1/super_hot_regions:49,0x5d9dc6ebf232,20
554.roms_r/1,1/super_hot_regions:49,0x5d9dc6ebf23e,0

554.roms_r/1,1/super_hot_regions:50,0x5d9dc6ebf245,20
554.roms_r/1,1/super_hot_regions:50,0x5d9dc6ebf253,0

554.roms_r/1,1/super_hot_regions:51,0x5d9dc6ebf25a,20
554.roms_r/1,1/super_hot_regions:51,0x5d9dc6ebf264,0

554.roms_r/1,1/super_hot_regions:52,0x5d9dc6ebf26b,20
554.roms_r/1,1/super_hot_regions:52,0x5d9dc6ebf276,0

554.roms_r/1,1/super_hot_regions:53,0x5d9dc6ebf24c,20
554.roms_r/1,1/super_hot_regions:53,0x5d9dc6ebf261,0
554.roms_r/1,1/super_hot_regions:53,0x5d9dc6ebf27d,0

557.xz_r/1,1/super_hot_regions:1,0x5c92f1c8ef52,10
557.xz_r/1,1/super_hot_regions:1,0x5c92f1c8ef59,0

557.xz_r/1,1/super_hot_regions:10,0x5c92f1c8ef05,20
557.xz_r/1,1/super_hot_regions:10,0x5c92f1c8ef11,0
557.xz_r/1,1/super_hot_regions:10,0x5c92f1c8ef14,0
557.xz_r/1,1/super_hot_regions:10,0x5c92f1c8ef17,0
557.xz_r/1,1/super_hot_regions:10,0x5c92f1c8ef1a,0

557.xz_r/1,1/super_hot_regions:100,0x5c92f1c8ee5c,50
557.xz_r/1,1/super_hot_regions:100,0x5c92f1c8ee70,0
557.xz_r/1,1/super_hot_regions:100,0x5c92f1c8ee63,0
557.xz_r/1,1/super_hot_regions:100,0x5c92f1c8ee67,0
557.xz_r/1,1/super_hot_regions:100,0x5c92f1c8ee88,0
557.xz_r/1,1/super_hot_regions:100,0x5c92f1c8ee91,0

557.xz_r/1,1/super_hot_regions:101,0x5c92f1c8ee78,20
557.xz_r/1,1/super_hot_regions:101,0x5c92f1c8ee94,0
557.xz_r/1,1/super_hot_regions:101,0x5c92f1c8ee98,0
557.xz_r/1,1/super_hot_regions:101,0x5c92f1c8ee9c,0
557.xz_r/1,1/super_hot_regions:101,0x5c92f1c8eea2,0
557.xz_r/1,1/super_hot_regions:101,0x5c92f1c8eea8,0

557.xz_r/1,1/super_hot_regions:102,0x5c92f1c8ee7e,10
557.xz_r/1,1/super_hot_regions:102,0x5c92f1c8ee81,0
557.xz_r/1,1/super_hot_regions:102,0x5c92f1c8eeb0,0
557.xz_r/1,1/super_hot_regions:102,0x5c92f1c8eead,0
557.xz_r/1,1/super_hot_regions:102,0x5c92f1c8eeb3,0
557.xz_r/1,1/super_hot_regions:102,0x5c92f1c8eeb7,0

557.xz_r/1,1/super_hot_regions:103,0x5c92f1c8ee60,20
557.xz_r/1,1/super_hot_regions:103,0x5c92f1c8ee6b,0
557.xz_r/1,1/super_hot_regions:103,0x5c92f1c8ee9f,0
557.xz_r/1,1/super_hot_regions:103,0x5c92f1c8eebe,0
557.xz_r/1,1/super_hot_regions:103,0x5c92f1c8ee73,0
557.xz_r/1,1/super_hot_regions:103,0x5c92f1c8eeaa,0
557.xz_r/1,1/super_hot_regions:103,0x5c92f1c8eeb9,0

557.xz_r/1,1/super_hot_regions:105,0x5c92f1c95672,10
557.xz_r/1,1/super_hot_regions:105,0x5c92f1c95679,0

557.xz_r/1,1/super_hot_regions:108,0x5c92f1c94e1c,20
557.xz_r/1,1/super_hot_regions:108,0x5c92f1c94e2c,0

557.xz_r/1,1/super_hot_regions:109,0x5c92f1c94e37,10
557.xz_r/1,1/super_hot_regions:109,0x5c92f1c94e3f,0

557.xz_r/1,1/super_hot_regions:11,0x5c92f1c8ef1d,10
557.xz_r/1,1/super_hot_regions:11,0x5c92f1c8ef20,0

557.xz_r/1,1/super_hot_regions:110,0x5c92f1c94df2,40
557.xz_r/1,1/super_hot_regions:110,0x5c92f1c94df9,0
557.xz_r/1,1/super_hot_regions:110,0x5c92f1c94e08,0
557.xz_r/1,1/super_hot_regions:110,0x5c92f1c94e01,0
557.xz_r/1,1/super_hot_regions:110,0x5c92f1c94e04,0
557.xz_r/1,1/super_hot_regions:110,0x5c92f1c94e44,0
557.xz_r/1,1/super_hot_regions:110,0x5c92f1c94e10,0
557.xz_r/1,1/super_hot_regions:110,0x5c92f1c94e12,0
557.xz_r/1,1/super_hot_regions:110,0x5c92f1c94e15,0
557.xz_r/1,1/super_hot_regions:110,0x5c92f1c94e18,0

557.xz_r/1,1/super_hot_regions:111,0x5c92f1c94e4c,10
557.xz_r/1,1/super_hot_regions:111,0x5c92f1c94e52,0

557.xz_r/1,1/super_hot_regions:112,0x5c92f1c94e24,20
557.xz_r/1,1/super_hot_regions:112,0x5c92f1c94e30,0
557.xz_r/1,1/super_hot_regions:112,0x5c92f1c94e5c,0

557.xz_r/1,1/super_hot_regions:113,0x5c92f1c94e5a,10
557.xz_r/1,1/super_hot_regions:113,0x5c92f1c94e67,0

557.xz_r/1,1/super_hot_regions:114,0x5c92f1c94e5f,30
557.xz_r/1,1/super_hot_regions:114,0x5c92f1c94e6a,0
557.xz_r/1,1/super_hot_regions:114,0x5c92f1c94e6d,0
557.xz_r/1,1/super_hot_regions:114,0x5c92f1c94e70,0
557.xz_r/1,1/super_hot_regions:114,0x5c92f1c94e73,0

557.xz_r/1,1/super_hot_regions:116,0x5c92f1c94efe,40
557.xz_r/1,1/super_hot_regions:116,0x5c92f1c94f0b,0
557.xz_r/1,1/super_hot_regions:116,0x5c92f1c94f1f,0
557.xz_r/1,1/super_hot_regions:116,0x5c92f1c94f23,0

557.xz_r/1,1/super_hot_regions:119,0x5c92f1c95082,10
557.xz_r/1,1/super_hot_regions:119,0x5c92f1c95087,0
557.xz_r/1,1/super_hot_regions:119,0x5c92f1c95089,0
557.xz_r/1,1/super_hot_regions:119,0x5c92f1c95094,0

557.xz_r/1,1/super_hot_regions:122,0x5c92f1c951d3,20
557.xz_r/1,1/super_hot_regions:122,0x5c92f1c951da,0
557.xz_r/1,1/super_hot_regions:122,0x5c92f1c951de,0

557.xz_r/1,1/super_hot_regions:124,0x5c92f1c94c80,20
557.xz_r/1,1/super_hot_regions:124,0x5c92f1c94c8b,0
557.xz_r/1,1/super_hot_regions:124,0x5c92f1c94ccd,0

557.xz_r/1,1/super_hot_regions:125,0x5c92f1c94cb6,20
557.xz_r/1,1/super_hot_regions:125,0x5c92f1c94cbd,0
557.xz_r/1,1/super_hot_regions:125,0x5c92f1c94cc4,0
557.xz_r/1,1/super_hot_regions:125,0x5c92f1c94ccb,0
557.xz_r/1,1/super_hot_regions:125,0x5c92f1c94cd0,0

557.xz_r/1,1/super_hot_regions:126,0x5c92f1c94cde,10
557.xz_r/1,1/super_hot_regions:126,0x5c92f1c94cf2,0

557.xz_r/1,1/super_hot_regions:127,0x5c92f1c94c7c,20
557.xz_r/1,1/super_hot_regions:127,0x5c92f1c94c88,0
557.xz_r/1,1/super_hot_regions:127,0x5c92f1c94cf8,0
557.xz_r/1,1/super_hot_regions:127,0x5c92f1c94d0f,0

557.xz_r/1,1/super_hot_regions:128,0x5c92f1c94cab,20
557.xz_r/1,1/super_hot_regions:128,0x5c92f1c94cae,0
557.xz_r/1,1/super_hot_regions:128,0x5c92f1c94cb1,0
557.xz_r/1,1/super_hot_regions:128,0x5c92f1c94cd2,0
557.xz_r/1,1/super_hot_regions:128,0x5c92f1c94d17,0
557.xz_r/1,1/super_hot_regions:128,0x5c92f1c94cda,0

557.xz_r/1,1/super_hot_regions:131,0x5c92f1c94f9e,20
557.xz_r/1,1/super_hot_regions:131,0x5c92f1c94fa6,0
557.xz_r/1,1/super_hot_regions:131,0x5c92f1c94fa8,0
557.xz_r/1,1/super_hot_regions:131,0x5c92f1c94fab,0
557.xz_r/1,1/super_hot_regions:131,0x5c92f1c94fae,0

557.xz_r/1,1/super_hot_regions:132,0x5c92f1c94fb5,20
557.xz_r/1,1/super_hot_regions:132,0x5c92f1c94fcf,0

557.xz_r/1,1/super_hot_regions:133,0x5c92f1c94fd7,20
557.xz_r/1,1/super_hot_regions:133,0x5c92f1c94fe6,0
557.xz_r/1,1/super_hot_regions:133,0x5c92f1c94fe8,0

557.xz_r/1,1/super_hot_regions:134,0x5c92f1c8cfb4,10
557.xz_r/1,1/super_hot_regions:134,0x5c92f1c8cfb7,0

557.xz_r/1,1/super_hot_regions:135,0x5c92f1c8cf90,20
557.xz_r/1,1/super_hot_regions:135,0x5c92f1c8cf97,0
557.xz_r/1,1/super_hot_regions:135,0x5c92f1c8cf9c,0
557.xz_r/1,1/super_hot_regions:135,0x5c92f1c8cfb9,0
557.xz_r/1,1/super_hot_regions:135,0x5c92f1c8cfa6,0

557.xz_r/1,1/super_hot_regions:136,0x5c92f1c8cf9e,40
557.xz_r/1,1/super_hot_regions:136,0x5c92f1c8cfad,0
557.xz_r/1,1/super_hot_regions:136,0x5c92f1c8cfa9,0
557.xz_r/1,1/super_hot_regions:136,0x5c92f1c8cfb1,0
557.xz_r/1,1/super_hot_regions:136,0x5c92f1c8cfbc,0
557.xz_r/1,1/super_hot_regions:136,0x5c92f1c8cfc7,0

557.xz_r/1,1/super_hot_regions:138,0x5c92f1c90bb0,10
557.xz_r/1,1/super_hot_regions:138,0x5c92f1c90bbb,0

557.xz_r/1,1/super_hot_regions:142,0x5c92f1c90ad2,10
557.xz_r/1,1/super_hot_regions:142,0x5c92f1c90ad9,0

557.xz_r/1,1/super_hot_regions:146,0x5c92f1c94d74,10
557.xz_r/1,1/super_hot_regions:146,0x5c92f1c94d77,0

557.xz_r/1,1/super_hot_regions:147,0x5c92f1c94dbd,10
557.xz_r/1,1/super_hot_regions:147,0x5c92f1c94dc1,0

557.xz_r/1,1/super_hot_regions:148,0x5c92f1c94d9c,40
557.xz_r/1,1/super_hot_regions:148,0x5c92f1c94da0,0
557.xz_r/1,1/super_hot_regions:148,0x5c92f1c94da8,0
557.xz_r/1,1/super_hot_regions:148,0x5c92f1c94dac,0
557.xz_r/1,1/super_hot_regions:148,0x5c92f1c94dc6,0
557.xz_r/1,1/super_hot_regions:148,0x5c92f1c94dc9,0
557.xz_r/1,1/super_hot_regions:148,0x5c92f1c94dce,0
557.xz_r/1,1/super_hot_regions:148,0x5c92f1c94dd2,0
557.xz_r/1,1/super_hot_regions:148,0x5c92f1c94dd4,0

557.xz_r/1,1/super_hot_regions:15,0x5c92f1c9196d,20
557.xz_r/1,1/super_hot_regions:15,0x5c92f1c91974,0
557.xz_r/1,1/super_hot_regions:15,0x5c92f1c91978,0

557.xz_r/1,1/super_hot_regions:150,0x5c92f1c94560,20
557.xz_r/1,1/super_hot_regions:150,0x5c92f1c9456c,0
557.xz_r/1,1/super_hot_regions:150,0x5c92f1c94566,0
557.xz_r/1,1/super_hot_regions:150,0x5c92f1c94570,0
557.xz_r/1,1/super_hot_regions:150,0x5c92f1c94572,0
557.xz_r/1,1/super_hot_regions:150,0x5c92f1c94578,0
557.xz_r/1,1/super_hot_regions:150,0x5c92f1c9457a,0

557.xz_r/1,1/super_hot_regions:151,0x5c92f1c94553,20
557.xz_r/1,1/super_hot_regions:151,0x5c92f1c94556,0
557.xz_r/1,1/super_hot_regions:151,0x5c92f1c9457d,0
557.xz_r/1,1/super_hot_regions:151,0x5c92f1c94581,0

557.xz_r/1,1/super_hot_regions:154,0x5c92f1c96fd9,20
557.xz_r/1,1/super_hot_regions:154,0x5c92f1c96fe1,0
557.xz_r/1,1/super_hot_regions:154,0x5c92f1c96fe6,0
557.xz_r/1,1/super_hot_regions:154,0x5c92f1c96fe9,0
557.xz_r/1,1/super_hot_regions:154,0x5c92f1c96fed,0

557.xz_r/1,1/super_hot_regions:155,0x5c92f1c96ff2,20
557.xz_r/1,1/super_hot_regions:155,0x5c92f1c96ff7,0

557.xz_r/1,1/super_hot_regions:157,0x5c92f1c97060,10
557.xz_r/1,1/super_hot_regions:157,0x5c92f1c97065,0
557.xz_r/1,1/super_hot_regions:157,0x5c92f1c97068,0
557.xz_r/1,1/super_hot_regions:157,0x5c92f1c9706b,0

557.xz_r/1,1/super_hot_regions:158,0x5c92f1c97077,20
557.xz_r/1,1/super_hot_regions:158,0x5c92f1c9707e,0

557.xz_r/1,1/super_hot_regions:159,0x5c92f1c97072,40
557.xz_r/1,1/super_hot_regions:159,0x5c92f1c9708d,0
557.xz_r/1,1/super_hot_regions:159,0x5c92f1c9707b,0
557.xz_r/1,1/super_hot_regions:159,0x5c92f1c97080,0
557.xz_r/1,1/super_hot_regions:159,0x5c92f1c97090,0
557.xz_r/1,1/super_hot_regions:159,0x5c92f1c970a1,0
557.xz_r/1,1/super_hot_regions:159,0x5c92f1c97098,0
557.xz_r/1,1/super_hot_regions:159,0x5c92f1c970a6,0
557.xz_r/1,1/super_hot_regions:159,0x5c92f1c9709d,0
557.xz_r/1,1/super_hot_regions:159,0x5c92f1c970a9,0
557.xz_r/1,1/super_hot_regions:159,0x5c92f1c970ae,0
557.xz_r/1,1/super_hot_regions:159,0x5c92f1c970b1,0

557.xz_r/1,1/super_hot_regions:160,0x5c92f1c970b4,10
557.xz_r/1,1/super_hot_regions:160,0x5c92f1c970b8,0

557.xz_r/1,1/super_hot_regions:161,0x5c92f1c970bc,10
557.xz_r/1,1/super_hot_regions:161,0x5c92f1c970c5,0

557.xz_r/1,1/super_hot_regions:166,0x5c92f1c95838,10
557.xz_r/1,1/super_hot_regions:166,0x5c92f1c9583b,0
557.xz_r/1,1/super_hot_regions:166,0x5c92f1c95846,0

557.xz_r/1,1/super_hot_regions:169,0x5c92f1c956fd,10
557.xz_r/1,1/super_hot_regions:169,0x5c92f1c95705,0

557.xz_r/1,1/super_hot_regions:170,0x5c92f1c95701,10
557.xz_r/1,1/super_hot_regions:170,0x5c92f1c95709,0

557.xz_r/1,1/super_hot_regions:172,0x5c92f1c95886,10
557.xz_r/1,1/super_hot_regions:172,0x5c92f1c95890,0

557.xz_r/1,1/super_hot_regions:175,0x5c92f1c9199d,20
557.xz_r/1,1/super_hot_regions:175,0x5c92f1c919b6,0

557.xz_r/1,1/super_hot_regions:18,0x5c92f1c950db,10
557.xz_r/1,1/super_hot_regions:18,0x5c92f1c950de,0

557.xz_r/1,1/super_hot_regions:181,0x5c92f1c91a2b,20
557.xz_r/1,1/super_hot_regions:181,0x5c92f1c91a36,0

557.xz_r/1,1/super_hot_regions:182,0x5c92f1c91a3a,30
557.xz_r/1,1/super_hot_regions:182,0x5c92f1c91a42,0
557.xz_r/1,1/super_hot_regions:182,0x5c92f1c91a48,0
557.xz_r/1,1/super_hot_regions:182,0x5c92f1c91a4a,0

557.xz_r/1,1/super_hot_regions:183,0x5c92f1c91a4e,10
557.xz_r/1,1/super_hot_regions:183,0x5c92f1c91a51,0

557.xz_r/1,1/super_hot_regions:184,0x5c92f1c91a5a,10
557.xz_r/1,1/super_hot_regions:184,0x5c92f1c91a66,0

600.perlbench_s/1,1/super_hot_regions:0,0x65462c690ea5,20
600.perlbench_s/1,1/super_hot_regions:0,0x65462c690eaa,0

600.perlbench_s/1,1/super_hot_regions:107,0x65462c6e79a8,10
600.perlbench_s/1,1/super_hot_regions:107,0x65462c6e79b3,0

600.perlbench_s/1,1/super_hot_regions:109,0x65462c691844,20
600.perlbench_s/1,1/super_hot_regions:109,0x65462c691848,0
600.perlbench_s/1,1/super_hot_regions:109,0x65462c69184c,0
600.perlbench_s/1,1/super_hot_regions:109,0x65462c69185b,0

600.perlbench_s/1,1/super_hot_regions:11,0x65462c6a0ed5,20
600.perlbench_s/1,1/super_hot_regions:11,0x65462c6a0ed9,0

600.perlbench_s/1,1/super_hot_regions:115,0x65462c6918d8,20
600.perlbench_s/1,1/super_hot_regions:115,0x65462c6918df,0
600.perlbench_s/1,1/super_hot_regions:115,0x65462c6918e3,0

600.perlbench_s/1,1/super_hot_regions:116,0x65462c6946cc,20
600.perlbench_s/1,1/super_hot_regions:116,0x65462c6946d0,0

600.perlbench_s/1,1/super_hot_regions:119,0x65462c693ff5,10
600.perlbench_s/1,1/super_hot_regions:119,0x65462c694012,0

600.perlbench_s/1,1/super_hot_regions:12,0x65462c6a0e7e,10
600.perlbench_s/1,1/super_hot_regions:12,0x65462c6a0e80,0

600.perlbench_s/1,1/super_hot_regions:121,0x65462c693fb0,10
600.perlbench_s/1,1/super_hot_regions:121,0x65462c693fbb,0

600.perlbench_s/1,1/super_hot_regions:125,0x65462c69eb58,10
600.perlbench_s/1,1/super_hot_regions:125,0x65462c69eb5c,0

600.perlbench_s/1,1/super_hot_regions:13,0x65462c6a0e83,10
600.perlbench_s/1,1/super_hot_regions:13,0x65462c6a0e87,0

600.perlbench_s/1,1/super_hot_regions:133,0x65462c69170e,20
600.perlbench_s/1,1/super_hot_regions:133,0x65462c691713,0
600.perlbench_s/1,1/super_hot_regions:133,0x65462c69171a,0
600.perlbench_s/1,1/super_hot_regions:133,0x65462c691718,0
600.perlbench_s/1,1/super_hot_regions:133,0x65462c691721,0
600.perlbench_s/1,1/super_hot_regions:133,0x65462c69173b,0
600.perlbench_s/1,1/super_hot_regions:133,0x65462c691724,0

600.perlbench_s/1,1/super_hot_regions:135,0x65462c64367f,20
600.perlbench_s/1,1/super_hot_regions:135,0x65462c64368d,0

600.perlbench_s/1,1/super_hot_regions:136,0x65462c643678,40
600.perlbench_s/1,1/super_hot_regions:136,0x65462c643694,0
600.perlbench_s/1,1/super_hot_regions:136,0x65462c64369f,0
600.perlbench_s/1,1/super_hot_regions:136,0x65462c6436a3,0
600.perlbench_s/1,1/super_hot_regions:136,0x65462c6436a7,0

600.perlbench_s/1,1/super_hot_regions:137,0x65462c6436b2,10
600.perlbench_s/1,1/super_hot_regions:137,0x65462c6436b6,0

600.perlbench_s/1,1/super_hot_regions:14,0x65462c6a0e8a,10
600.perlbench_s/1,1/super_hot_regions:14,0x65462c6a0e8c,0

600.perlbench_s/1,1/super_hot_regions:140,0x65462c6436dd,20
600.perlbench_s/1,1/super_hot_regions:140,0x65462c6436e4,0

600.perlbench_s/1,1/super_hot_regions:17,0x65462c6a0ebf,10
600.perlbench_s/1,1/super_hot_regions:17,0x65462c6a0ec1,0

600.perlbench_s/1,1/super_hot_regions:2,0x65462c690e54,20
600.perlbench_s/1,1/super_hot_regions:2,0x65462c690e5d,0

600.perlbench_s/1,1/super_hot_regions:26,0x65462c6a02a2,10
600.perlbench_s/1,1/super_hot_regions:26,0x65462c6a02ac,0

600.perlbench_s/1,1/super_hot_regions:27,0x65462c6a02b0,10
600.perlbench_s/1,1/super_hot_regions:27,0x65462c6a02b3,0

600.perlbench_s/1,1/super_hot_regions:28,0x65462c6a0294,20
600.perlbench_s/1,1/super_hot_regions:28,0x65462c6a02b9,0

600.perlbench_s/1,1/super_hot_regions:3,0x65462c690e59,10
600.perlbench_s/1,1/super_hot_regions:3,0x65462c690e5f,0
600.perlbench_s/1,1/super_hot_regions:3,0x65462c690e62,0

600.perlbench_s/1,1/super_hot_regions:32,0x65462c6a114e,10
600.perlbench_s/1,1/super_hot_regions:32,0x65462c6a1150,0

600.perlbench_s/1,1/super_hot_regions:35,0x65462c69111d,20
600.perlbench_s/1,1/super_hot_regions:35,0x65462c691124,0
600.perlbench_s/1,1/super_hot_regions:35,0x65462c691128,0
600.perlbench_s/1,1/super_hot_regions:35,0x65462c69112d,0
600.perlbench_s/1,1/super_hot_regions:35,0x65462c691132,0
600.perlbench_s/1,1/super_hot_regions:35,0x65462c691138,0
600.perlbench_s/1,1/super_hot_regions:35,0x65462c69113b,0

600.perlbench_s/1,1/super_hot_regions:38,0x65462c6910f7,20
600.perlbench_s/1,1/super_hot_regions:38,0x65462c691105,0

600.perlbench_s/1,1/super_hot_regions:39,0x65462c6910fb,20
600.perlbench_s/1,1/super_hot_regions:39,0x65462c691102,0
600.perlbench_s/1,1/super_hot_regions:39,0x65462c691107,0
600.perlbench_s/1,1/super_hot_regions:39,0x65462c69110c,0
600.perlbench_s/1,1/super_hot_regions:39,0x65462c691111,0

600.perlbench_s/1,1/super_hot_regions:42,0x65462c6f2520,20
600.perlbench_s/1,1/super_hot_regions:42,0x65462c6f2527,0

600.perlbench_s/1,1/super_hot_regions:47,0x65462c690cbb,20
600.perlbench_s/1,1/super_hot_regions:47,0x65462c690cc6,0

600.perlbench_s/1,1/super_hot_regions:48,0x65462c690ccd,30
600.perlbench_s/1,1/super_hot_regions:48,0x65462c690cd6,0
600.perlbench_s/1,1/super_hot_regions:48,0x65462c690cd9,0

600.perlbench_s/1,1/super_hot_regions:49,0x65462c690cf0,10
600.perlbench_s/1,1/super_hot_regions:49,0x65462c690cf3,0

600.perlbench_s/1,1/super_hot_regions:5,0x65462c699bc5,20
600.perlbench_s/1,1/super_hot_regions:5,0x65462c699bc9,0
600.perlbench_s/1,1/super_hot_regions:5,0x65462c699bce,0
600.perlbench_s/1,1/super_hot_regions:5,0x65462c699bd3,0

600.perlbench_s/1,1/super_hot_regions:50,0x65462c690d1f,10
600.perlbench_s/1,1/super_hot_regions:50,0x65462c690d22,0
600.perlbench_s/1,1/super_hot_regions:50,0x65462c690d27,0
600.perlbench_s/1,1/super_hot_regions:50,0x65462c690d29,0
600.perlbench_s/1,1/super_hot_regions:50,0x65462c690d2c,0

600.perlbench_s/1,1/super_hot_regions:51,0x65462c690cfa,90
600.perlbench_s/1,1/super_hot_regions:51,0x65462c690d09,0
600.perlbench_s/1,1/super_hot_regions:51,0x65462c690d05,0
600.perlbench_s/1,1/super_hot_regions:51,0x65462c690d0e,0
600.perlbench_s/1,1/super_hot_regions:51,0x65462c690d12,0
600.perlbench_s/1,1/super_hot_regions:51,0x65462c690d17,0
600.perlbench_s/1,1/super_hot_regions:51,0x65462c690d1c,0
600.perlbench_s/1,1/super_hot_regions:51,0x65462c690d33,0
600.perlbench_s/1,1/super_hot_regions:51,0x65462c690d36,0
600.perlbench_s/1,1/super_hot_regions:51,0x65462c690d39,0
600.perlbench_s/1,1/super_hot_regions:51,0x65462c690d3c,0
600.perlbench_s/1,1/super_hot_regions:51,0x65462c690d43,0
600.perlbench_s/1,1/super_hot_regions:51,0x65462c690d46,0

600.perlbench_s/1,1/super_hot_regions:53,0x65462c690d71,20
600.perlbench_s/1,1/super_hot_regions:53,0x65462c690d81,0
600.perlbench_s/1,1/super_hot_regions:53,0x65462c690d84,0

600.perlbench_s/1,1/super_hot_regions:54,0x65462c690e38,10
600.perlbench_s/1,1/super_hot_regions:54,0x65462c690e4c,0

600.perlbench_s/1,1/super_hot_regions:71,0x65462c691416,20
600.perlbench_s/1,1/super_hot_regions:71,0x65462c69141e,0

600.perlbench_s/1,1/super_hot_regions:75,0x65462c690f34,20
600.perlbench_s/1,1/super_hot_regions:75,0x65462c690f36,0

600.perlbench_s/1,1/super_hot_regions:79,0x65462c694f00,10
600.perlbench_s/1,1/super_hot_regions:79,0x65462c694f03,0

600.perlbench_s/1,1/super_hot_regions:80,0x65462c694ef9,10
600.perlbench_s/1,1/super_hot_regions:80,0x65462c694f07,0

600.perlbench_s/1,1/super_hot_regions:81,0x65462c691669,50
600.perlbench_s/1,1/super_hot_regions:81,0x65462c691675,0
600.perlbench_s/1,1/super_hot_regions:81,0x65462c69167c,0
600.perlbench_s/1,1/super_hot_regions:81,0x65462c691685,0
600.perlbench_s/1,1/super_hot_regions:81,0x65462c69168c,0

600.perlbench_s/1,1/super_hot_regions:82,0x65462c69168f,20
600.perlbench_s/1,1/super_hot_regions:82,0x65462c69169b,0

600.perlbench_s/1,1/super_hot_regions:85,0x65462c691d0d,20
600.perlbench_s/1,1/super_hot_regions:85,0x65462c691d10,0

600.perlbench_s/1,1/super_hot_regions:87,0x65462c691d20,20
600.perlbench_s/1,1/super_hot_regions:87,0x65462c691d2d,0

600.perlbench_s/1,1/super_hot_regions:89,0x65462c691cb5,20
600.perlbench_s/1,1/super_hot_regions:89,0x65462c691cba,0
600.perlbench_s/1,1/super_hot_regions:89,0x65462c691cc2,0

600.perlbench_s/1,1/super_hot_regions:94,0x65462c68ceaf,10
600.perlbench_s/1,1/super_hot_regions:94,0x65462c68ceb4,0

600.perlbench_s/1,1/super_hot_regions:96,0x65462c68d023,10
600.perlbench_s/1,1/super_hot_regions:96,0x65462c68d026,0
600.perlbench_s/1,1/super_hot_regions:96,0x65462c68d028,0

600.perlbench_s/2,2/super_hot_regions:1,0x574b6ac10ea5,20
600.perlbench_s/2,2/super_hot_regions:1,0x574b6ac10eaa,0

600.perlbench_s/2,2/super_hot_regions:100,0x574b6ac2c75e,20
600.perlbench_s/2,2/super_hot_regions:100,0x574b6ac2c768,0
600.perlbench_s/2,2/super_hot_regions:100,0x574b6ac2c76c,0

600.perlbench_s/2,2/super_hot_regions:102,0x574b6ac2c748,20
600.perlbench_s/2,2/super_hot_regions:102,0x574b6ac2c74d,0
600.perlbench_s/2,2/super_hot_regions:102,0x574b6ac2c74f,0

600.perlbench_s/2,2/super_hot_regions:108,0x574b6ac2c7fe,20
600.perlbench_s/2,2/super_hot_regions:108,0x574b6ac2c804,0

602.gcc_s/1,1/super_hot_regions:112,0x5a9857bd4d01,10
602.gcc_s/1,1/super_hot_regions:112,0x5a9857bd4d03,0

602.gcc_s/1,1/super_hot_regions:20,0x5a9857bd673e,10
602.gcc_s/1,1/super_hot_regions:20,0x5a9857bd6740,0

602.gcc_s/1,1/super_hot_regions:36,0x5a98574d8045,20
602.gcc_s/1,1/super_hot_regions:36,0x5a98574d8048,0
602.gcc_s/1,1/super_hot_regions:36,0x5a98574d804b,0

602.gcc_s/1,1/super_hot_regions:39,0x5a98574d5c78,10
602.gcc_s/1,1/super_hot_regions:39,0x5a98574d5c7b,0

602.gcc_s/1,1/super_hot_regions:48,0x5a98574d68b9,20
602.gcc_s/1,1/super_hot_regions:48,0x5a98574d68c1,0
602.gcc_s/1,1/super_hot_regions:48,0x5a98574d68c5,0

602.gcc_s/1,1/super_hot_regions:49,0x5a98574d5966,10
602.gcc_s/1,1/super_hot_regions:49,0x5a98574d5968,0
602.gcc_s/1,1/super_hot_regions:49,0x5a98574d596d,0
602.gcc_s/1,1/super_hot_regions:49,0x5a98574d5970,0

602.gcc_s/1,1/super_hot_regions:50,0x5a98574d5985,10
602.gcc_s/1,1/super_hot_regions:50,0x5a98574d5987,0

602.gcc_s/1,1/super_hot_regions:61,0x5a9857748b80,10
602.gcc_s/1,1/super_hot_regions:61,0x5a9857748b86,0

602.gcc_s/1,1/super_hot_regions:65,0x5a98574d5cd7,20
602.gcc_s/1,1/super_hot_regions:65,0x5a98574d5cdc,0

602.gcc_s/1,1/super_hot_regions:66,0x5a98574d5ccf,10
602.gcc_s/1,1/super_hot_regions:66,0x5a98574d5cd1,0
602.gcc_s/1,1/super_hot_regions:66,0x5a98574d5cd4,0
602.gcc_s/1,1/super_hot_regions:66,0x5a98574d5ce1,0

602.gcc_s/1,1/super_hot_regions:72,0x5a98574d5a20,10
602.gcc_s/1,1/super_hot_regions:72,0x5a98574d5a23,0

602.gcc_s/1,1/super_hot_regions:83,0x5a98574d51f0,20
602.gcc_s/1,1/super_hot_regions:83,0x5a98574d51f4,0

602.gcc_s/1,1/super_hot_regions:93,0x5a98574d694c,20
602.gcc_s/1,1/super_hot_regions:93,0x5a98574d694f,0

602.gcc_s/1,1/super_hot_regions:98,0x5a98574d9990,30
602.gcc_s/1,1/super_hot_regions:98,0x5a98574d9997,0
602.gcc_s/1,1/super_hot_regions:98,0x5a98574d999e,0
602.gcc_s/1,1/super_hot_regions:98,0x5a98574d99a1,0

602.gcc_s/2,2/super_hot_regions:107,0x63316446ff5f,20
602.gcc_s/2,2/super_hot_regions:107,0x63316446ff63,0

602.gcc_s/2,2/super_hot_regions:120,0x633164b2197b,20
602.gcc_s/2,2/super_hot_regions:120,0x633164b2197e,0

602.gcc_s/2,2/super_hot_regions:121,0x633164b2196b,10
602.gcc_s/2,2/super_hot_regions:121,0x633164b21984,0

602.gcc_s/2,2/super_hot_regions:128,0x633164475c28,20
602.gcc_s/2,2/super_hot_regions:128,0x633164475c2c,0

602.gcc_s/2,2/super_hot_regions:129,0x63316446c3b0,10
602.gcc_s/2,2/super_hot_regions:129,0x63316446c3b3,0

602.gcc_s/2,2/super_hot_regions:130,0x63316446c3b9,10
602.gcc_s/2,2/super_hot_regions:130,0x63316446c3bc,0

602.gcc_s/2,2/super_hot_regions:19,0x633164475c78,10
602.gcc_s/2,2/super_hot_regions:19,0x633164475c7b,0

602.gcc_s/2,2/super_hot_regions:24,0x633164475966,10
602.gcc_s/2,2/super_hot_regions:24,0x633164475968,0
602.gcc_s/2,2/super_hot_regions:24,0x63316447596d,0
602.gcc_s/2,2/super_hot_regions:24,0x633164475970,0

602.gcc_s/2,2/super_hot_regions:25,0x633164475985,10
602.gcc_s/2,2/super_hot_regions:25,0x633164475987,0

602.gcc_s/2,2/super_hot_regions:3,0x633164905fcb,20
602.gcc_s/2,2/super_hot_regions:3,0x633164905fcf,0
602.gcc_s/2,2/super_hot_regions:3,0x633164905fdc,0

602.gcc_s/2,2/super_hot_regions:30,0x633164475cd7,20
602.gcc_s/2,2/super_hot_regions:30,0x633164475cdc,0

602.gcc_s/2,2/super_hot_regions:31,0x633164475ccf,10
602.gcc_s/2,2/super_hot_regions:31,0x633164475cd1,0
602.gcc_s/2,2/super_hot_regions:31,0x633164475cd4,0
602.gcc_s/2,2/super_hot_regions:31,0x633164475ce1,0

602.gcc_s/2,2/super_hot_regions:33,0x6331649062a0,30
602.gcc_s/2,2/super_hot_regions:33,0x6331649062a2,0
602.gcc_s/2,2/super_hot_regions:33,0x6331649062a6,0

602.gcc_s/2,2/super_hot_regions:36,0x63316446c2a8,10
602.gcc_s/2,2/super_hot_regions:36,0x63316446c2af,0

602.gcc_s/2,2/super_hot_regions:39,0x633164475a20,10
602.gcc_s/2,2/super_hot_regions:39,0x633164475a23,0

602.gcc_s/2,2/super_hot_regions:4,0x633164905fd5,20
602.gcc_s/2,2/super_hot_regions:4,0x633164905fd9,0
602.gcc_s/2,2/super_hot_regions:4,0x633164905fe4,0

602.gcc_s/2,2/super_hot_regions:50,0x633164704d87,10
602.gcc_s/2,2/super_hot_regions:50,0x633164704d8d,0

602.gcc_s/2,2/super_hot_regions:58,0x63316446cef6,10
602.gcc_s/2,2/super_hot_regions:58,0x63316446cf21,0

602.gcc_s/2,2/super_hot_regions:6,0x63316490626b,20
602.gcc_s/2,2/super_hot_regions:6,0x633164906274,0

602.gcc_s/2,2/super_hot_regions:62,0x63316446cf40,20
602.gcc_s/2,2/super_hot_regions:62,0x63316446cf45,0

602.gcc_s/2,2/super_hot_regions:67,0x63316446fe6e,20
602.gcc_s/2,2/super_hot_regions:67,0x63316446fe75,0

602.gcc_s/2,2/super_hot_regions:69,0x6331644757c8,10
602.gcc_s/2,2/super_hot_regions:69,0x6331644757ca,0

602.gcc_s/2,2/super_hot_regions:8,0x63316490623c,20
602.gcc_s/2,2/super_hot_regions:8,0x63316490624c,0
602.gcc_s/2,2/super_hot_regions:8,0x633164906257,0

602.gcc_s/2,2/super_hot_regions:80,0x633164475822,10
602.gcc_s/2,2/super_hot_regions:80,0x633164475824,0
602.gcc_s/2,2/super_hot_regions:80,0x633164475827,0

602.gcc_s/2,2/super_hot_regions:95,0x633164bed1cc,10
602.gcc_s/2,2/super_hot_regions:95,0x633164bed1d4,0

602.gcc_s/2,2/super_hot_regions:97,0x633164bed1f0,20
602.gcc_s/2,2/super_hot_regions:97,0x633164bed1f7,0

602.gcc_s/3,3/super_hot_regions:104,0x5692ecfc7842,10
602.gcc_s/3,3/super_hot_regions:104,0x5692ecfc7847,0

602.gcc_s/3,3/super_hot_regions:11,0x5692ecfc7966,10
602.gcc_s/3,3/super_hot_regions:11,0x5692ecfc7968,0
602.gcc_s/3,3/super_hot_regions:11,0x5692ecfc796d,0
602.gcc_s/3,3/super_hot_regions:11,0x5692ecfc7970,0

602.gcc_s/3,3/super_hot_regions:116,0x5692ecfbe3b0,10
602.gcc_s/3,3/super_hot_regions:116,0x5692ecfbe3b3,0

602.gcc_s/3,3/super_hot_regions:117,0x5692ecfbe3b9,10
602.gcc_s/3,3/super_hot_regions:117,0x5692ecfbe3bc,0

602.gcc_s/3,3/super_hot_regions:12,0x5692ecfc7985,10
602.gcc_s/3,3/super_hot_regions:12,0x5692ecfc7987,0

602.gcc_s/3,3/super_hot_regions:25,0x5692ecfc77c8,10
602.gcc_s/3,3/super_hot_regions:25,0x5692ecfc77ca,0

602.gcc_s/3,3/super_hot_regions:29,0x5692ecfc7822,10
602.gcc_s/3,3/super_hot_regions:29,0x5692ecfc7824,0
602.gcc_s/3,3/super_hot_regions:29,0x5692ecfc7827,0

602.gcc_s/3,3/super_hot_regions:34,0x5692ecfc7a20,10
602.gcc_s/3,3/super_hot_regions:34,0x5692ecfc7a23,0

602.gcc_s/3,3/super_hot_regions:38,0x5692ecfbe2a8,10
602.gcc_s/3,3/super_hot_regions:38,0x5692ecfbe2af,0

602.gcc_s/3,3/super_hot_regions:4,0x5692ecfc7c78,10
602.gcc_s/3,3/super_hot_regions:4,0x5692ecfc7c7b,0

602.gcc_s/3,3/super_hot_regions:47,0x5692ed256d87,10
602.gcc_s/3,3/super_hot_regions:47,0x5692ed256d8d,0

602.gcc_s/3,3/super_hot_regions:55,0x5692ecfbeef6,10
602.gcc_s/3,3/super_hot_regions:55,0x5692ecfbef21,0

602.gcc_s/3,3/super_hot_regions:58,0x5692ecfbef40,20
602.gcc_s/3,3/super_hot_regions:58,0x5692ecfbef45,0

602.gcc_s/3,3/super_hot_regions:62,0x5692ecfca045,20
602.gcc_s/3,3/super_hot_regions:62,0x5692ecfca048,0
602.gcc_s/3,3/super_hot_regions:62,0x5692ecfca04b,0

602.gcc_s/3,3/super_hot_regions:7,0x5692ecfc7cd7,20
602.gcc_s/3,3/super_hot_regions:7,0x5692ecfc7cdc,0

602.gcc_s/3,3/super_hot_regions:8,0x5692ecfc7ccf,10
602.gcc_s/3,3/super_hot_regions:8,0x5692ecfc7cd1,0
602.gcc_s/3,3/super_hot_regions:8,0x5692ecfc7cd4,0
602.gcc_s/3,3/super_hot_regions:8,0x5692ecfc7ce1,0

603.bwaves_s/1,1/super_hot_regions:103,0x5a7ed4f1f78b,60
603.bwaves_s/1,1/super_hot_regions:103,0x5a7ed4f1f793,0
603.bwaves_s/1,1/super_hot_regions:103,0x5a7ed4f1f7a2,0
603.bwaves_s/1,1/super_hot_regions:103,0x5a7ed4f1f79d,0
603.bwaves_s/1,1/super_hot_regions:103,0x5a7ed4f1f798,0
603.bwaves_s/1,1/super_hot_regions:103,0x5a7ed4f1f7a7,0

603.bwaves_s/1,1/super_hot_regions:104,0x5a7ed4f1f7b3,20
603.bwaves_s/1,1/super_hot_regions:104,0x5a7ed4f1f7c0,0

603.bwaves_s/1,1/super_hot_regions:105,0x5a7ed4f1f790,10
603.bwaves_s/1,1/super_hot_regions:105,0x5a7ed4f1f7c5,0

603.bwaves_s/1,1/super_hot_regions:110,0x5a7ed4f1f5f0,20
603.bwaves_s/1,1/super_hot_regions:110,0x5a7ed4f1f5fe,0

603.bwaves_s/1,1/super_hot_regions:111,0x5a7ed4f1f621,30
603.bwaves_s/1,1/super_hot_regions:111,0x5a7ed4f1f62b,0
603.bwaves_s/1,1/super_hot_regions:111,0x5a7ed4f1f637,0
603.bwaves_s/1,1/super_hot_regions:111,0x5a7ed4f1f639,0

603.bwaves_s/1,1/super_hot_regions:113,0x5a7ed4f1f63c,20
603.bwaves_s/1,1/super_hot_regions:113,0x5a7ed4f1f641,0

603.bwaves_s/1,1/super_hot_regions:114,0x5a7ed4f1f601,40
603.bwaves_s/1,1/super_hot_regions:114,0x5a7ed4f1f618,0
603.bwaves_s/1,1/super_hot_regions:114,0x5a7ed4f1f61b,0
603.bwaves_s/1,1/super_hot_regions:114,0x5a7ed4f1f606,0
603.bwaves_s/1,1/super_hot_regions:114,0x5a7ed4f1f61d,0
603.bwaves_s/1,1/super_hot_regions:114,0x5a7ed4f1f628,0
603.bwaves_s/1,1/super_hot_regions:114,0x5a7ed4f1f632,0
603.bwaves_s/1,1/super_hot_regions:114,0x5a7ed4f1f645,0
603.bwaves_s/1,1/super_hot_regions:114,0x5a7ed4f1f648,0
603.bwaves_s/1,1/super_hot_regions:114,0x5a7ed4f1f64a,0
603.bwaves_s/1,1/super_hot_regions:114,0x5a7ed4f1f656,0
603.bwaves_s/1,1/super_hot_regions:114,0x5a7ed4f1f659,0
603.bwaves_s/1,1/super_hot_regions:114,0x5a7ed4f1f65c,0

603.bwaves_s/1,1/super_hot_regions:124,0x5a7ed4f23fb1,10
603.bwaves_s/1,1/super_hot_regions:124,0x5a7ed4f23fce,0

603.bwaves_s/1,1/super_hot_regions:128,0x5a7ed4f22ee0,20
603.bwaves_s/1,1/super_hot_regions:128,0x5a7ed4f22eea,0

603.bwaves_s/1,1/super_hot_regions:132,0x5a7ed4f23dcc,10
603.bwaves_s/1,1/super_hot_regions:132,0x5a7ed4f23dcf,0

603.bwaves_s/1,1/super_hot_regions:133,0x5a7ed4f23de8,10
603.bwaves_s/1,1/super_hot_regions:133,0x5a7ed4f23dff,0

603.bwaves_s/1,1/super_hot_regions:139,0x5a7ed6992293,20
603.bwaves_s/1,1/super_hot_regions:139,0x5a7ed6992299,0

603.bwaves_s/1,1/super_hot_regions:140,0x5a7ed699229b,10
603.bwaves_s/1,1/super_hot_regions:140,0x5a7ed69922a2,0

603.bwaves_s/1,1/super_hot_regions:141,0x5a7ed69922a6,10
603.bwaves_s/1,1/super_hot_regions:141,0x5a7ed69922a9,0

603.bwaves_s/1,1/super_hot_regions:146,0x5a7ed69923bf,20
603.bwaves_s/1,1/super_hot_regions:146,0x5a7ed69923c5,0
603.bwaves_s/1,1/super_hot_regions:146,0x5a7ed69923c8,0

603.bwaves_s/1,1/super_hot_regions:150,0x5a7ed4f260ef,10
603.bwaves_s/1,1/super_hot_regions:150,0x5a7ed4f260f3,0

603.bwaves_s/1,1/super_hot_regions:151,0x5a7ed4f26114,10
603.bwaves_s/1,1/super_hot_regions:151,0x5a7ed4f26118,0

603.bwaves_s/1,1/super_hot_regions:152,0x5a7ed4f26137,10
603.bwaves_s/1,1/super_hot_regions:152,0x5a7ed4f2613b,0

603.bwaves_s/1,1/super_hot_regions:153,0x5a7ed4f26172,10
603.bwaves_s/1,1/super_hot_regions:153,0x5a7ed4f26175,0

603.bwaves_s/1,1/super_hot_regions:154,0x5a7ed4f260a6,30
603.bwaves_s/1,1/super_hot_regions:154,0x5a7ed4f260ad,0
603.bwaves_s/1,1/super_hot_regions:154,0x5a7ed4f260b0,0
603.bwaves_s/1,1/super_hot_regions:154,0x5a7ed4f26197,0

603.bwaves_s/1,1/super_hot_regions:155,0x5a7ed4f260fe,20
603.bwaves_s/1,1/super_hot_regions:155,0x5a7ed4f26102,0
603.bwaves_s/1,1/super_hot_regions:155,0x5a7ed4f261a0,0

603.bwaves_s/1,1/super_hot_regions:156,0x5a7ed4f260d5,10
603.bwaves_s/1,1/super_hot_regions:156,0x5a7ed4f262ed,0

603.bwaves_s/1,1/super_hot_regions:158,0x5a7ed4f26167,20
603.bwaves_s/1,1/super_hot_regions:158,0x5a7ed4f2616b,0
603.bwaves_s/1,1/super_hot_regions:158,0x5a7ed4f26397,0

603.bwaves_s/1,1/super_hot_regions:160,0x5a7ed4f21300,30
603.bwaves_s/1,1/super_hot_regions:160,0x5a7ed4f21307,0
603.bwaves_s/1,1/super_hot_regions:160,0x5a7ed4f21314,0

603.bwaves_s/1,1/super_hot_regions:162,0x5a7ed4f21225,10
603.bwaves_s/1,1/super_hot_regions:162,0x5a7ed4f21240,0

603.bwaves_s/1,1/super_hot_regions:165,0x5a7ed4f20a09,30
603.bwaves_s/1,1/super_hot_regions:165,0x5a7ed4f20a10,0
603.bwaves_s/1,1/super_hot_regions:165,0x5a7ed4f20a26,0
603.bwaves_s/1,1/super_hot_regions:165,0x5a7ed4f20a2f,0

603.bwaves_s/1,1/super_hot_regions:167,0x5a7ed4f20ae1,30
603.bwaves_s/1,1/super_hot_regions:167,0x5a7ed4f20ae8,0
603.bwaves_s/1,1/super_hot_regions:167,0x5a7ed4f20af5,0

603.bwaves_s/1,1/super_hot_regions:176,0x5a7ed4f273e6,10
603.bwaves_s/1,1/super_hot_regions:176,0x5a7ed4f2744f,0

603.bwaves_s/1,1/super_hot_regions:180,0x5a7ed4f205da,30
603.bwaves_s/1,1/super_hot_regions:180,0x5a7ed4f205e1,0
603.bwaves_s/1,1/super_hot_regions:180,0x5a7ed4f205ee,0

603.bwaves_s/1,1/super_hot_regions:182,0x5a7ed4f204de,20
603.bwaves_s/1,1/super_hot_regions:182,0x5a7ed4f204ec,0
603.bwaves_s/1,1/super_hot_regions:182,0x5a7ed4f204f7,0

603.bwaves_s/1,1/super_hot_regions:183,0x5a7ed4f204c9,40
603.bwaves_s/1,1/super_hot_regions:183,0x5a7ed4f204d0,0
603.bwaves_s/1,1/super_hot_regions:183,0x5a7ed4f204e5,0
603.bwaves_s/1,1/super_hot_regions:183,0x5a7ed4f204f4,0
603.bwaves_s/1,1/super_hot_regions:183,0x5a7ed4f20507,0
603.bwaves_s/1,1/super_hot_regions:183,0x5a7ed4f204fe,0

603.bwaves_s/1,1/super_hot_regions:186,0x5a7ed4f208c8,30
603.bwaves_s/1,1/super_hot_regions:186,0x5a7ed4f208cf,0
603.bwaves_s/1,1/super_hot_regions:186,0x5a7ed4f208dc,0

603.bwaves_s/1,1/super_hot_regions:188,0x5a7ed4f207b7,10
603.bwaves_s/1,1/super_hot_regions:188,0x5a7ed4f207bb,0

603.bwaves_s/1,1/super_hot_regions:189,0x5a7ed4f207d5,10
603.bwaves_s/1,1/super_hot_regions:189,0x5a7ed4f207da,0

603.bwaves_s/1,1/super_hot_regions:190,0x5a7ed4f207e0,10
603.bwaves_s/1,1/super_hot_regions:190,0x5a7ed4f207ea,0

603.bwaves_s/1,1/super_hot_regions:191,0x5a7ed4f2079f,30
603.bwaves_s/1,1/super_hot_regions:191,0x5a7ed4f207cb,0
603.bwaves_s/1,1/super_hot_regions:191,0x5a7ed4f207e3,0
603.bwaves_s/1,1/super_hot_regions:191,0x5a7ed4f207f4,0

603.bwaves_s/1,1/super_hot_regions:194,0x5a7ed4f20392,30
603.bwaves_s/1,1/super_hot_regions:194,0x5a7ed4f20399,0
603.bwaves_s/1,1/super_hot_regions:194,0x5a7ed4f203a6,0

603.bwaves_s/1,1/super_hot_regions:196,0x5a7ed4f2027d,10
603.bwaves_s/1,1/super_hot_regions:196,0x5a7ed4f20281,0

603.bwaves_s/1,1/super_hot_regions:197,0x5a7ed4f2029a,10
603.bwaves_s/1,1/super_hot_regions:197,0x5a7ed4f2029d,0

603.bwaves_s/1,1/super_hot_regions:198,0x5a7ed4f202a3,10
603.bwaves_s/1,1/super_hot_regions:198,0x5a7ed4f202ad,0

605.mcf_s/1,1/super_hot_regions:100,0x5a81905e8c4d,10
605.mcf_s/1,1/super_hot_regions:100,0x5a81905e8c57,0
605.mcf_s/1,1/super_hot_regions:100,0x5a81905e8c60,0

605.mcf_s/1,1/super_hot_regions:102,0x5a81905e8055,20
605.mcf_s/1,1/super_hot_regions:102,0x5a81905e8058,0

605.mcf_s/1,1/super_hot_regions:103,0x5a81905e8050,20
605.mcf_s/1,1/super_hot_regions:103,0x5a81905e805d,0

605.mcf_s/1,1/super_hot_regions:105,0x5a81905e8d01,20
605.mcf_s/1,1/super_hot_regions:105,0x5a81905e8d0a,0

605.mcf_s/1,1/super_hot_regions:106,0x5a81905e8cff,10
605.mcf_s/1,1/super_hot_regions:106,0x5a81905e8d0d,0

605.mcf_s/1,1/super_hot_regions:108,0x5a81905e8bc2,20
605.mcf_s/1,1/super_hot_regions:108,0x5a81905e8bcb,0

605.mcf_s/1,1/super_hot_regions:113,0x5a81905e7644,20
605.mcf_s/1,1/super_hot_regions:113,0x5a81905e7648,0

605.mcf_s/1,1/super_hot_regions:114,0x5a81905e7641,20
605.mcf_s/1,1/super_hot_regions:114,0x5a81905e764b,0

605.mcf_s/1,1/super_hot_regions:116,0x5a81905e767f,10
605.mcf_s/1,1/super_hot_regions:116,0x5a81905e7688,0

605.mcf_s/1,1/super_hot_regions:117,0x5a81905e7682,10
605.mcf_s/1,1/super_hot_regions:117,0x5a81905e769b,0
605.mcf_s/1,1/super_hot_regions:117,0x5a81905e769e,0

605.mcf_s/1,1/super_hot_regions:120,0x5a81905e7a23,10
605.mcf_s/1,1/super_hot_regions:120,0x5a81905e7a29,0

605.mcf_s/1,1/super_hot_regions:123,0x5a81905e8040,10
605.mcf_s/1,1/super_hot_regions:123,0x5a81905e8043,0

605.mcf_s/1,1/super_hot_regions:126,0x5a81905e86bf,20
605.mcf_s/1,1/super_hot_regions:126,0x5a81905e86ca,0
605.mcf_s/1,1/super_hot_regions:126,0x5a81905e86cd,0

605.mcf_s/1,1/super_hot_regions:128,0x5a81905e961b,10
605.mcf_s/1,1/super_hot_regions:128,0x5a81905e9623,0
605.mcf_s/1,1/super_hot_regions:128,0x5a81905e962e,0
605.mcf_s/1,1/super_hot_regions:128,0x5a81905e962a,0
605.mcf_s/1,1/super_hot_regions:128,0x5a81905e9631,0
605.mcf_s/1,1/super_hot_regions:128,0x5a81905e9634,0

605.mcf_s/1,1/super_hot_regions:130,0x5a81905ea29f,20
605.mcf_s/1,1/super_hot_regions:130,0x5a81905ea2ad,0

605.mcf_s/1,1/super_hot_regions:131,0x5a81905ea299,20
605.mcf_s/1,1/super_hot_regions:131,0x5a81905ea29c,0
605.mcf_s/1,1/super_hot_regions:131,0x5a81905ea2a9,0
605.mcf_s/1,1/super_hot_regions:131,0x5a81905ea2b1,0

605.mcf_s/1,1/super_hot_regions:138,0x5a81905e7aba,10
605.mcf_s/1,1/super_hot_regions:138,0x5a81905e7abd,0

605.mcf_s/1,1/super_hot_regions:14,0x5a81905e3c92,30
605.mcf_s/1,1/super_hot_regions:14,0x5a81905e3c96,0
605.mcf_s/1,1/super_hot_regions:14,0x5a81905e3c9d,0
605.mcf_s/1,1/super_hot_regions:14,0x5a81905e3c9a,0
605.mcf_s/1,1/super_hot_regions:14,0x5a81905e3ca1,0

605.mcf_s/1,1/super_hot_regions:141,0x5a81905e50f0,20
605.mcf_s/1,1/super_hot_regions:141,0x5a81905e50f4,0
605.mcf_s/1,1/super_hot_regions:141,0x5a81905e50fb,0
605.mcf_s/1,1/super_hot_regions:141,0x5a81905e50ff,0

605.mcf_s/1,1/super_hot_regions:146,0x5a81905e74c3,10
605.mcf_s/1,1/super_hot_regions:146,0x5a81905e74c7,0

605.mcf_s/1,1/super_hot_regions:147,0x5a81905e74f8,10
605.mcf_s/1,1/super_hot_regions:147,0x5a81905e7500,0

605.mcf_s/1,1/super_hot_regions:148,0x5a81905e7532,10
605.mcf_s/1,1/super_hot_regions:148,0x5a81905e753a,0

605.mcf_s/1,1/super_hot_regions:149,0x5a81905e746c,160
605.mcf_s/1,1/super_hot_regions:149,0x5a81905e746e,0
605.mcf_s/1,1/super_hot_regions:149,0x5a81905e7482,0
605.mcf_s/1,1/super_hot_regions:149,0x5a81905e747d,0
605.mcf_s/1,1/super_hot_regions:149,0x5a81905e7485,0
605.mcf_s/1,1/super_hot_regions:149,0x5a81905e7491,0
605.mcf_s/1,1/super_hot_regions:149,0x5a81905e7498,0
605.mcf_s/1,1/super_hot_regions:149,0x5a81905e7494,0
605.mcf_s/1,1/super_hot_regions:149,0x5a81905e74a0,0
605.mcf_s/1,1/super_hot_regions:149,0x5a81905e74ab,0
605.mcf_s/1,1/super_hot_regions:149,0x5a81905e74a8,0
605.mcf_s/1,1/super_hot_regions:149,0x5a81905e74a3,0
605.mcf_s/1,1/super_hot_regions:149,0x5a81905e74b0,0
605.mcf_s/1,1/super_hot_regions:149,0x5a81905e74be,0
605.mcf_s/1,1/super_hot_regions:149,0x5a81905e74b3,0
605.mcf_s/1,1/super_hot_regions:149,0x5a81905e74eb,0
605.mcf_s/1,1/super_hot_regions:149,0x5a81905e74b7,0
605.mcf_s/1,1/super_hot_regions:149,0x5a81905e74ba,0
605.mcf_s/1,1/super_hot_regions:149,0x5a81905e74ef,0
605.mcf_s/1,1/super_hot_regions:149,0x5a81905e74e0,0
605.mcf_s/1,1/super_hot_regions:149,0x5a81905e74cc,0
605.mcf_s/1,1/super_hot_regions:149,0x5a81905e74cf,0
605.mcf_s/1,1/super_hot_regions:149,0x5a81905e74dc,0
605.mcf_s/1,1/super_hot_regions:149,0x5a81905e751c,0
605.mcf_s/1,1/super_hot_regions:149,0x5a81905e74d3,0
605.mcf_s/1,1/super_hot_regions:149,0x5a81905e750c,0
605.mcf_s/1,1/super_hot_regions:149,0x5a81905e74d8,0
605.mcf_s/1,1/super_hot_regions:149,0x5a81905e74e8,0
605.mcf_s/1,1/super_hot_regions:149,0x5a81905e7543,0
605.mcf_s/1,1/super_hot_regions:149,0x5a81905e74f3,0
605.mcf_s/1,1/super_hot_regions:149,0x5a81905e754c,0
605.mcf_s/1,1/super_hot_regions:149,0x5a81905e7505,0
605.mcf_s/1,1/super_hot_regions:149,0x5a81905e7508,0
605.mcf_s/1,1/super_hot_regions:149,0x5a81905e7514,0
605.mcf_s/1,1/super_hot_regions:149,0x5a81905e7524,0
605.mcf_s/1,1/super_hot_regions:149,0x5a81905e7518,0
605.mcf_s/1,1/super_hot_regions:149,0x5a81905e7551,0
605.mcf_s/1,1/super_hot_regions:149,0x5a81905e7559,0
605.mcf_s/1,1/super_hot_regions:149,0x5a81905e7527,0
605.mcf_s/1,1/super_hot_regions:149,0x5a81905e752f,0
605.mcf_s/1,1/super_hot_regions:149,0x5a81905e7548,0
605.mcf_s/1,1/super_hot_regions:149,0x5a81905e755e,0

605.mcf_s/1,1/super_hot_regions:150,0x5a81905e7451,30
605.mcf_s/1,1/super_hot_regions:150,0x5a81905e7471,0
605.mcf_s/1,1/super_hot_regions:150,0x5a81905e7563,0
605.mcf_s/1,1/super_hot_regions:150,0x5a81905e756b,0

605.mcf_s/1,1/super_hot_regions:155,0x5a81905e8be4,30
605.mcf_s/1,1/super_hot_regions:155,0x5a81905e8bec,0
605.mcf_s/1,1/super_hot_regions:155,0x5a81905e8bf8,0
605.mcf_s/1,1/super_hot_regions:155,0x5a81905e8c0d,0
605.mcf_s/1,1/super_hot_regions:155,0x5a81905e8c18,0

605.mcf_s/1,1/super_hot_regions:19,0x5a81905e381a,20
605.mcf_s/1,1/super_hot_regions:19,0x5a81905e381e,0

605.mcf_s/1,1/super_hot_regions:21,0x5a81905e6f90,40
605.mcf_s/1,1/super_hot_regions:21,0x5a81905e6f93,0
605.mcf_s/1,1/super_hot_regions:21,0x5a81905e6f96,0
605.mcf_s/1,1/super_hot_regions:21,0x5a81905e6f98,0
605.mcf_s/1,1/super_hot_regions:21,0x5a81905e6f9a,0

605.mcf_s/1,1/super_hot_regions:23,0x5a81905e7c02,20
605.mcf_s/1,1/super_hot_regions:23,0x5a81905e7c0a,0

605.mcf_s/1,1/super_hot_regions:26,0x5a81905e46fc,10
605.mcf_s/1,1/super_hot_regions:26,0x5a81905e4700,0

605.mcf_s/1,1/super_hot_regions:27,0x5a81905e470d,10
605.mcf_s/1,1/super_hot_regions:27,0x5a81905e4714,0

607.cactuBSSN_s/1,1/super_hot_regions:135,0x72c8dcb2f94e,10
607.cactuBSSN_s/1,1/super_hot_regions:135,0x72c8dcb2fa13,0

607.cactuBSSN_s/1,1/super_hot_regions:147,0x626fc4220290,40
607.cactuBSSN_s/1,1/super_hot_regions:147,0x626fc422029a,0
607.cactuBSSN_s/1,1/super_hot_regions:147,0x626fc42202a1,0
607.cactuBSSN_s/1,1/super_hot_regions:147,0x626fc42202a8,0

607.cactuBSSN_s/1,1/super_hot_regions:152,0x626fc42200a8,40
607.cactuBSSN_s/1,1/super_hot_regions:152,0x626fc42200af,0
607.cactuBSSN_s/1,1/super_hot_regions:152,0x626fc42200b3,0
607.cactuBSSN_s/1,1/super_hot_regions:152,0x626fc42200ba,0
607.cactuBSSN_s/1,1/super_hot_regions:152,0x626fc42200c0,0
607.cactuBSSN_s/1,1/super_hot_regions:152,0x626fc42200c3,0

607.cactuBSSN_s/1,1/super_hot_regions:153,0x626fc42201a0,40
607.cactuBSSN_s/1,1/super_hot_regions:153,0x626fc42201a7,0
607.cactuBSSN_s/1,1/super_hot_regions:153,0x626fc42201ab,0
607.cactuBSSN_s/1,1/super_hot_regions:153,0x626fc42201b2,0
607.cactuBSSN_s/1,1/super_hot_regions:153,0x626fc42201b8,0
607.cactuBSSN_s/1,1/super_hot_regions:153,0x626fc42201bb,0

607.cactuBSSN_s/1,1/super_hot_regions:154,0x626fc4220458,40
607.cactuBSSN_s/1,1/super_hot_regions:154,0x626fc422045f,0
607.cactuBSSN_s/1,1/super_hot_regions:154,0x626fc4220463,0
607.cactuBSSN_s/1,1/super_hot_regions:154,0x626fc422046a,0
607.cactuBSSN_s/1,1/super_hot_regions:154,0x626fc4220470,0
607.cactuBSSN_s/1,1/super_hot_regions:154,0x626fc4220473,0

607.cactuBSSN_s/1,1/super_hot_regions:155,0x626fc421ff80,40
607.cactuBSSN_s/1,1/super_hot_regions:155,0x626fc421ff87,0
607.cactuBSSN_s/1,1/super_hot_regions:155,0x626fc421ff8b,0
607.cactuBSSN_s/1,1/super_hot_regions:155,0x626fc421ff92,0
607.cactuBSSN_s/1,1/super_hot_regions:155,0x626fc421ff98,0
607.cactuBSSN_s/1,1/super_hot_regions:155,0x626fc421ff9b,0

607.cactuBSSN_s/1,1/super_hot_regions:18,0x626fc43775ac,10
607.cactuBSSN_s/1,1/super_hot_regions:18,0x626fc43775af,0

607.cactuBSSN_s/1,1/super_hot_regions:20,0x626fc4377613,20
607.cactuBSSN_s/1,1/super_hot_regions:20,0x626fc437761f,0

607.cactuBSSN_s/1,1/super_hot_regions:204,0x626fc4220360,40
607.cactuBSSN_s/1,1/super_hot_regions:204,0x626fc422036a,0
607.cactuBSSN_s/1,1/super_hot_regions:204,0x626fc4220370,0
607.cactuBSSN_s/1,1/super_hot_regions:204,0x626fc4220377,0

607.cactuBSSN_s/1,1/super_hot_regions:205,0x626fc5373293,20
607.cactuBSSN_s/1,1/super_hot_regions:205,0x626fc5373299,0

607.cactuBSSN_s/1,1/super_hot_regions:206,0x626fc537329b,10
607.cactuBSSN_s/1,1/super_hot_regions:206,0x626fc53732a2,0

607.cactuBSSN_s/1,1/super_hot_regions:207,0x626fc53732a6,10
607.cactuBSSN_s/1,1/super_hot_regions:207,0x626fc53732a9,0

607.cactuBSSN_s/1,1/super_hot_regions:44,0x626fc43a5fac,10
607.cactuBSSN_s/1,1/super_hot_regions:44,0x626fc43a5faf,0

607.cactuBSSN_s/1,1/super_hot_regions:46,0x626fc43a601b,20
607.cactuBSSN_s/1,1/super_hot_regions:46,0x626fc43a6027,0

607.cactuBSSN_s/1,1/super_hot_regions:55,0x626fc43776ab,10
607.cactuBSSN_s/1,1/super_hot_regions:55,0x626fc43776ae,0

607.cactuBSSN_s/1,1/super_hot_regions:56,0x626fc43776b1,20
607.cactuBSSN_s/1,1/super_hot_regions:56,0x626fc43776b4,0

607.cactuBSSN_s/1,1/super_hot_regions:71,0x626fc43a60a7,20
607.cactuBSSN_s/1,1/super_hot_regions:71,0x626fc43a60ab,0

607.cactuBSSN_s/1,1/super_hot_regions:76,0x626fc43a60bb,10
607.cactuBSSN_s/1,1/super_hot_regions:76,0x626fc43a60be,0

607.cactuBSSN_s/1,1/super_hot_regions:77,0x626fc43a60c1,20
607.cactuBSSN_s/1,1/super_hot_regions:77,0x626fc43a60c4,0

607.cactuBSSN_s/1,1/super_hot_regions:82,0x72c8dc9a0845,20
607.cactuBSSN_s/1,1/super_hot_regions:82,0x72c8dc9a0848,0

607.cactuBSSN_s/1,1/super_hot_regions:83,0x72c8dc9a0840,20
607.cactuBSSN_s/1,1/super_hot_regions:83,0x72c8dc9a084b,0

619.lbm_s/1,1/super_hot_regions:101,0x78f2e2287a72,10
619.lbm_s/1,1/super_hot_regions:101,0x78f2e2287a76,0

619.lbm_s/1,1/super_hot_regions:104,0x5ad2ea1712b8,20
619.lbm_s/1,1/super_hot_regions:104,0x5ad2ea1712c5,0

619.lbm_s/1,1/super_hot_regions:105,0x5ad2ea1712be,20
619.lbm_s/1,1/super_hot_regions:105,0x5ad2ea1712d7,0

619.lbm_s/1,1/super_hot_regions:106,0x5ad2ea1712db,20
619.lbm_s/1,1/super_hot_regions:106,0x5ad2ea1712e1,0
619.lbm_s/1,1/super_hot_regions:106,0x5ad2ea1712e4,0

619.lbm_s/1,1/super_hot_regions:108,0x5ad2ea1713a3,20
619.lbm_s/1,1/super_hot_regions:108,0x5ad2ea1713ae,0
619.lbm_s/1,1/super_hot_regions:108,0x5ad2ea1713a9,0
619.lbm_s/1,1/super_hot_regions:108,0x5ad2ea1713ac,0
619.lbm_s/1,1/super_hot_regions:108,0x5ad2ea1713b5,0
619.lbm_s/1,1/super_hot_regions:108,0x5ad2ea1713b8,0

619.lbm_s/1,1/super_hot_regions:109,0x5ad2ea1713bf,20
619.lbm_s/1,1/super_hot_regions:109,0x5ad2ea1713c5,0
619.lbm_s/1,1/super_hot_regions:109,0x5ad2ea1713c8,0

619.lbm_s/1,1/super_hot_regions:112,0x5ad2ea17123d,20
619.lbm_s/1,1/super_hot_regions:112,0x5ad2ea171243,0
619.lbm_s/1,1/super_hot_regions:112,0x5ad2ea171246,0

619.lbm_s/1,1/super_hot_regions:114,0x5ad2ea170eb1,20
619.lbm_s/1,1/super_hot_regions:114,0x5ad2ea170eb7,0

619.lbm_s/1,1/super_hot_regions:115,0x5ad2ea170ec1,20
619.lbm_s/1,1/super_hot_regions:115,0x5ad2ea170ec8,0
619.lbm_s/1,1/super_hot_regions:115,0x5ad2ea170ecc,0

619.lbm_s/1,1/super_hot_regions:117,0x5ad2ea171127,20
619.lbm_s/1,1/super_hot_regions:117,0x5ad2ea17112d,0
619.lbm_s/1,1/super_hot_regions:117,0x5ad2ea171130,0

619.lbm_s/1,1/super_hot_regions:120,0x5ad2ea170521,20
619.lbm_s/1,1/super_hot_regions:120,0x5ad2ea170525,0

619.lbm_s/1,1/super_hot_regions:122,0x5ad2ea170511,30
619.lbm_s/1,1/super_hot_regions:122,0x5ad2ea170516,0
619.lbm_s/1,1/super_hot_regions:122,0x5ad2ea17051a,0

619.lbm_s/1,1/super_hot_regions:124,0x5ad2ea1704ed,20
619.lbm_s/1,1/super_hot_regions:124,0x5ad2ea1704f1,0

619.lbm_s/1,1/super_hot_regions:126,0x5ad2ea1704c7,20
619.lbm_s/1,1/super_hot_regions:126,0x5ad2ea1704cb,0

619.lbm_s/1,1/super_hot_regions:127,0x5ad2ea1704b3,20
619.lbm_s/1,1/super_hot_regions:127,0x5ad2ea1704b7,0
619.lbm_s/1,1/super_hot_regions:127,0x5ad2ea1704ba,0
619.lbm_s/1,1/super_hot_regions:127,0x5ad2ea1704be,0
619.lbm_s/1,1/super_hot_regions:127,0x5ad2ea1704c1,0
619.lbm_s/1,1/super_hot_regions:127,0x5ad2ea1704c4,0
619.lbm_s/1,1/super_hot_regions:127,0x5ad2ea1704ce,0
619.lbm_s/1,1/super_hot_regions:127,0x5ad2ea1704d2,0
619.lbm_s/1,1/super_hot_regions:127,0x5ad2ea1704d5,0
619.lbm_s/1,1/super_hot_regions:127,0x5ad2ea1704d9,0

619.lbm_s/1,1/super_hot_regions:128,0x5ad2ea1704dd,30
619.lbm_s/1,1/super_hot_regions:128,0x5ad2ea1704e2,0
619.lbm_s/1,1/super_hot_regions:128,0x5ad2ea1704e6,0

619.lbm_s/1,1/super_hot_regions:136,0x5ad2ea171376,20
619.lbm_s/1,1/super_hot_regions:136,0x5ad2ea171383,0

619.lbm_s/1,1/super_hot_regions:137,0x5ad2ea17137c,20
619.lbm_s/1,1/super_hot_regions:137,0x5ad2ea171395,0

619.lbm_s/1,1/super_hot_regions:138,0x5ad2ea171399,20
619.lbm_s/1,1/super_hot_regions:138,0x5ad2ea17139f,0
619.lbm_s/1,1/super_hot_regions:138,0x5ad2ea1713a2,0

619.lbm_s/1,1/super_hot_regions:140,0x5ad2ea171461,20
619.lbm_s/1,1/super_hot_regions:140,0x5ad2ea17146c,0
619.lbm_s/1,1/super_hot_regions:140,0x5ad2ea171467,0
619.lbm_s/1,1/super_hot_regions:140,0x5ad2ea17146a,0
619.lbm_s/1,1/super_hot_regions:140,0x5ad2ea171473,0
619.lbm_s/1,1/super_hot_regions:140,0x5ad2ea171476,0

619.lbm_s/1,1/super_hot_regions:141,0x5ad2ea17147d,20
619.lbm_s/1,1/super_hot_regions:141,0x5ad2ea171483,0
619.lbm_s/1,1/super_hot_regions:141,0x5ad2ea171486,0

619.lbm_s/1,1/super_hot_regions:144,0x5ad2ea1712fb,20
619.lbm_s/1,1/super_hot_regions:144,0x5ad2ea171301,0
619.lbm_s/1,1/super_hot_regions:144,0x5ad2ea171304,0

619.lbm_s/1,1/super_hot_regions:146,0x5ad2ea170f6f,20
619.lbm_s/1,1/super_hot_regions:146,0x5ad2ea170f75,0

619.lbm_s/1,1/super_hot_regions:147,0x5ad2ea170f7f,20
619.lbm_s/1,1/super_hot_regions:147,0x5ad2ea170f86,0
619.lbm_s/1,1/super_hot_regions:147,0x5ad2ea170f8a,0

619.lbm_s/1,1/super_hot_regions:149,0x5ad2ea1711e5,20
619.lbm_s/1,1/super_hot_regions:149,0x5ad2ea1711eb,0
619.lbm_s/1,1/super_hot_regions:149,0x5ad2ea1711ee,0

619.lbm_s/1,1/super_hot_regions:151,0x5ad2ea171761,20
619.lbm_s/1,1/super_hot_regions:151,0x5ad2ea17176e,0

619.lbm_s/1,1/super_hot_regions:152,0x5ad2ea171767,20
619.lbm_s/1,1/super_hot_regions:152,0x5ad2ea171780,0

619.lbm_s/1,1/super_hot_regions:153,0x5ad2ea171784,20
619.lbm_s/1,1/super_hot_regions:153,0x5ad2ea17178a,0
619.lbm_s/1,1/super_hot_regions:153,0x5ad2ea17178d,0

619.lbm_s/1,1/super_hot_regions:155,0x5ad2ea17184c,20
619.lbm_s/1,1/super_hot_regions:155,0x5ad2ea171857,0
619.lbm_s/1,1/super_hot_regions:155,0x5ad2ea171852,0
619.lbm_s/1,1/super_hot_regions:155,0x5ad2ea171855,0
619.lbm_s/1,1/super_hot_regions:155,0x5ad2ea17185e,0
619.lbm_s/1,1/super_hot_regions:155,0x5ad2ea171861,0

619.lbm_s/1,1/super_hot_regions:156,0x5ad2ea171868,20
619.lbm_s/1,1/super_hot_regions:156,0x5ad2ea17186e,0
619.lbm_s/1,1/super_hot_regions:156,0x5ad2ea171871,0

619.lbm_s/1,1/super_hot_regions:159,0x5ad2ea1716e6,20
619.lbm_s/1,1/super_hot_regions:159,0x5ad2ea1716ec,0
619.lbm_s/1,1/super_hot_regions:159,0x5ad2ea1716ef,0

619.lbm_s/1,1/super_hot_regions:161,0x5ad2ea17135a,20
619.lbm_s/1,1/super_hot_regions:161,0x5ad2ea171360,0

619.lbm_s/1,1/super_hot_regions:162,0x5ad2ea17136a,20
619.lbm_s/1,1/super_hot_regions:162,0x5ad2ea171371,0
619.lbm_s/1,1/super_hot_regions:162,0x5ad2ea171375,0

619.lbm_s/1,1/super_hot_regions:164,0x5ad2ea1715d0,20
619.lbm_s/1,1/super_hot_regions:164,0x5ad2ea1715d6,0
619.lbm_s/1,1/super_hot_regions:164,0x5ad2ea1715d9,0

619.lbm_s/1,1/super_hot_regions:169,0x5ad2ea170516,20
619.lbm_s/1,1/super_hot_regions:169,0x5ad2ea17051a,0

619.lbm_s/1,1/super_hot_regions:177,0x78f2e228ce00,10
619.lbm_s/1,1/super_hot_regions:177,0x78f2e228ce04,0

619.lbm_s/1,1/super_hot_regions:182,0x5ad2e9b21056,10
619.lbm_s/1,1/super_hot_regions:182,0x5ad2e9b2105b,0

619.lbm_s/1,1/super_hot_regions:188,0x5ad2ea1705db,20
619.lbm_s/1,1/super_hot_regions:188,0x5ad2ea1705df,0
619.lbm_s/1,1/super_hot_regions:188,0x5ad2ea1705e8,0

619.lbm_s/1,1/super_hot_regions:51,0x5ad2e9b1a5b5,10
619.lbm_s/1,1/super_hot_regions:51,0x5ad2e9b1a5b8,0

619.lbm_s/1,1/super_hot_regions:57,0x5ad2e9b1baea,20
619.lbm_s/1,1/super_hot_regions:57,0x5ad2e9b1baf9,0

619.lbm_s/1,1/super_hot_regions:59,0x5ad2e9b1bafe,20
619.lbm_s/1,1/super_hot_regions:59,0x5ad2e9b1bb0b,0

619.lbm_s/1,1/super_hot_regions:60,0x5ad2e9b1bb10,20
619.lbm_s/1,1/super_hot_regions:60,0x5ad2e9b1bb1f,0

619.lbm_s/1,1/super_hot_regions:61,0x5ad2e9b1bb24,20
619.lbm_s/1,1/super_hot_regions:61,0x5ad2e9b1bb31,0

619.lbm_s/1,1/super_hot_regions:62,0x5ad2e9b1bb36,20
619.lbm_s/1,1/super_hot_regions:62,0x5ad2e9b1bb45,0

620.omnetpp_s/1,1/super_hot_regions:0,0x5821d46372a4,10
620.omnetpp_s/1,1/super_hot_regions:0,0x5821d46372a7,0

620.omnetpp_s/1,1/super_hot_regions:1,0x5821d46372ab,20
620.omnetpp_s/1,1/super_hot_regions:1,0x5821d46372af,0
620.omnetpp_s/1,1/super_hot_regions:1,0x5821d46372b2,0

620.omnetpp_s/1,1/super_hot_regions:100,0x5821d45e1504,20
620.omnetpp_s/1,1/super_hot_regions:100,0x5821d45e150b,0

620.omnetpp_s/1,1/super_hot_regions:103,0x5821d4636f3b,10
620.omnetpp_s/1,1/super_hot_regions:103,0x5821d4636f3f,0

620.omnetpp_s/1,1/super_hot_regions:104,0x5821d4636f33,20
620.omnetpp_s/1,1/super_hot_regions:104,0x5821d4636f43,0

620.omnetpp_s/1,1/super_hot_regions:108,0x5821d4637068,10
620.omnetpp_s/1,1/super_hot_regions:108,0x5821d463706a,0
620.omnetpp_s/1,1/super_hot_regions:108,0x5821d463706c,0

620.omnetpp_s/1,1/super_hot_regions:117,0x5821d45d4565,20
620.omnetpp_s/1,1/super_hot_regions:117,0x5821d45d456e,0

620.omnetpp_s/1,1/super_hot_regions:12,0x75babbeaf064,20
620.omnetpp_s/1,1/super_hot_regions:12,0x75babbeaf06f,0

620.omnetpp_s/1,1/super_hot_regions:121,0x5821d46b4252,30
620.omnetpp_s/1,1/super_hot_regions:121,0x5821d46b4269,0
620.omnetpp_s/1,1/super_hot_regions:121,0x5821d46b4274,0

620.omnetpp_s/1,1/super_hot_regions:127,0x5821d46b42e5,20
620.omnetpp_s/1,1/super_hot_regions:127,0x5821d46b42f0,0

620.omnetpp_s/1,1/super_hot_regions:129,0x5821d46b42fd,20
620.omnetpp_s/1,1/super_hot_regions:129,0x5821d46b4308,0

620.omnetpp_s/1,1/super_hot_regions:132,0x5821d45f7958,20
620.omnetpp_s/1,1/super_hot_regions:132,0x5821d45f7965,0

620.omnetpp_s/1,1/super_hot_regions:133,0x5821d45f7944,10
620.omnetpp_s/1,1/super_hot_regions:133,0x5821d45f7969,0

620.omnetpp_s/1,1/super_hot_regions:21,0x75babbeaf12d,20
620.omnetpp_s/1,1/super_hot_regions:21,0x75babbeaf138,0

620.omnetpp_s/1,1/super_hot_regions:25,0x5821d47297ad,20
620.omnetpp_s/1,1/super_hot_regions:25,0x5821d47297b4,0
620.omnetpp_s/1,1/super_hot_regions:25,0x5821d47297b8,0

620.omnetpp_s/1,1/super_hot_regions:27,0x5821d472978b,20
620.omnetpp_s/1,1/super_hot_regions:27,0x5821d4729792,0

620.omnetpp_s/1,1/super_hot_regions:35,0x75babbeaccb0,10
620.omnetpp_s/1,1/super_hot_regions:35,0x75babbeaccba,0

620.omnetpp_s/1,1/super_hot_regions:41,0x75babbeaccd4,10
620.omnetpp_s/1,1/super_hot_regions:41,0x75babbeacce1,0

620.omnetpp_s/1,1/super_hot_regions:42,0x75babbeaccd7,10
620.omnetpp_s/1,1/super_hot_regions:42,0x75babbeacced,0

620.omnetpp_s/1,1/super_hot_regions:47,0x5821d46da482,10
620.omnetpp_s/1,1/super_hot_regions:47,0x5821d46da489,0

620.omnetpp_s/1,1/super_hot_regions:58,0x75babbeae974,10
620.omnetpp_s/1,1/super_hot_regions:58,0x75babbeae97d,0
620.omnetpp_s/1,1/super_hot_regions:58,0x75babbeae981,0
620.omnetpp_s/1,1/super_hot_regions:58,0x75babbeae984,0

620.omnetpp_s/1,1/super_hot_regions:61,0x75babbaa51b4,10
620.omnetpp_s/1,1/super_hot_regions:61,0x75babbaa51b8,0

620.omnetpp_s/1,1/super_hot_regions:8,0x75babbb9897a,20
620.omnetpp_s/1,1/super_hot_regions:8,0x75babbb9897e,0
620.omnetpp_s/1,1/super_hot_regions:8,0x75babbb98982,0

620.omnetpp_s/1,1/super_hot_regions:88,0x75babbaa520e,10
620.omnetpp_s/1,1/super_hot_regions:88,0x75babbaa5213,0

620.omnetpp_s/1,1/super_hot_regions:90,0x75babbaa521f,20
620.omnetpp_s/1,1/super_hot_regions:90,0x75babbaa5225,0
620.omnetpp_s/1,1/super_hot_regions:90,0x75babbaa5229,0
620.omnetpp_s/1,1/super_hot_regions:90,0x75babbaa522c,0

620.omnetpp_s/1,1/super_hot_regions:92,0x5821d46d9dc4,40
620.omnetpp_s/1,1/super_hot_regions:92,0x5821d46d9dcb,0
620.omnetpp_s/1,1/super_hot_regions:92,0x5821d46d9dd5,0
620.omnetpp_s/1,1/super_hot_regions:92,0x5821d46d9dd8,0
620.omnetpp_s/1,1/super_hot_regions:92,0x5821d46d9dda,0
620.omnetpp_s/1,1/super_hot_regions:92,0x5821d46d9dde,0

621.wrf_s/1,1/super_hot_regions:101,0x57d804dec19a,10
621.wrf_s/1,1/super_hot_regions:101,0x57d804dec1a0,0

621.wrf_s/1,1/super_hot_regions:29,0x57d804e0d020,10
621.wrf_s/1,1/super_hot_regions:29,0x57d804e0d025,0

621.wrf_s/1,1/super_hot_regions:85,0x57d805ab1d38,10
621.wrf_s/1,1/super_hot_regions:85,0x57d805ab1d3c,0
621.wrf_s/1,1/super_hot_regions:85,0x57d805ab1d3a,0
621.wrf_s/1,1/super_hot_regions:85,0x57d805ab1d41,0

621.wrf_s/1,1/super_hot_regions:86,0x57d805ab1d4b,10
621.wrf_s/1,1/super_hot_regions:86,0x57d805ab1d51,0
621.wrf_s/1,1/super_hot_regions:86,0x57d805ab1d4f,0
621.wrf_s/1,1/super_hot_regions:86,0x57d805ab1d56,0

623.xalancbmk_s/1,1/super_hot_regions:102,0x57e5849eece4,20
623.xalancbmk_s/1,1/super_hot_regions:102,0x57e5849eeced,0
623.xalancbmk_s/1,1/super_hot_regions:102,0x57e5849eecf1,0

623.xalancbmk_s/1,1/super_hot_regions:104,0x57e5849aab88,10
623.xalancbmk_s/1,1/super_hot_regions:104,0x57e5849aab8b,0

623.xalancbmk_s/1,1/super_hot_regions:108,0x57e5849a1138,20
623.xalancbmk_s/1,1/super_hot_regions:108,0x57e5849a1148,0

623.xalancbmk_s/1,1/super_hot_regions:116,0x72d12b8a4598,20
623.xalancbmk_s/1,1/super_hot_regions:116,0x72d12b8a459c,0

623.xalancbmk_s/1,1/super_hot_regions:39,0x57e58499cef7,10
623.xalancbmk_s/1,1/super_hot_regions:39,0x57e58499cef9,0

623.xalancbmk_s/1,1/super_hot_regions:44,0x57e58499cf2a,10
623.xalancbmk_s/1,1/super_hot_regions:44,0x57e58499cf2d,0

623.xalancbmk_s/1,1/super_hot_regions:48,0x57e58499ceaa,10
623.xalancbmk_s/1,1/super_hot_regions:48,0x57e58499cead,0

623.xalancbmk_s/1,1/super_hot_regions:59,0x57e58499d0f3,20
623.xalancbmk_s/1,1/super_hot_regions:59,0x57e58499d0f7,0

623.xalancbmk_s/1,1/super_hot_regions:62,0x57e58499d10d,20
623.xalancbmk_s/1,1/super_hot_regions:62,0x57e58499d111,0

623.xalancbmk_s/1,1/super_hot_regions:65,0x57e58499d127,20
623.xalancbmk_s/1,1/super_hot_regions:65,0x57e58499d12b,0

623.xalancbmk_s/1,1/super_hot_regions:68,0x57e58499d141,20
623.xalancbmk_s/1,1/super_hot_regions:68,0x57e58499d145,0

623.xalancbmk_s/1,1/super_hot_regions:69,0x57e58499ce44,10
623.xalancbmk_s/1,1/super_hot_regions:69,0x57e58499ce47,0
623.xalancbmk_s/1,1/super_hot_regions:69,0x57e58499ce50,0

623.xalancbmk_s/1,1/super_hot_regions:70,0x57e58499ce53,10
623.xalancbmk_s/1,1/super_hot_regions:70,0x57e58499ce56,0

623.xalancbmk_s/1,1/super_hot_regions:86,0x57e5849fcd26,20
623.xalancbmk_s/1,1/super_hot_regions:86,0x57e5849fcd2d,0
623.xalancbmk_s/1,1/super_hot_regions:86,0x57e5849fcd31,0

623.xalancbmk_s/1,1/super_hot_regions:93,0x57e584a995b8,10
623.xalancbmk_s/1,1/super_hot_regions:93,0x57e584a995be,0

625.x264_s/1,1/super_hot_regions:0,0x5b5b15ecdcf1,10
625.x264_s/1,1/super_hot_regions:0,0x5b5b15ecdcf6,0

625.x264_s/1,1/super_hot_regions:101,0x5b5b15ed4193,10
625.x264_s/1,1/super_hot_regions:101,0x5b5b15ed4196,0
625.x264_s/1,1/super_hot_regions:101,0x5b5b15ed419a,0
625.x264_s/1,1/super_hot_regions:101,0x5b5b15ed41a2,0
625.x264_s/1,1/super_hot_regions:101,0x5b5b15ed419d,0
625.x264_s/1,1/super_hot_regions:101,0x5b5b15ed419f,0
625.x264_s/1,1/super_hot_regions:101,0x5b5b15ed41a9,0

625.x264_s/1,1/super_hot_regions:102,0x5b5b15ed4190,10
625.x264_s/1,1/super_hot_regions:102,0x5b5b15ed41ad,0
625.x264_s/1,1/super_hot_regions:102,0x5b5b15ed41b3,0
625.x264_s/1,1/super_hot_regions:102,0x5b5b15ed41ba,0
625.x264_s/1,1/super_hot_regions:102,0x5b5b15ed41b5,0
625.x264_s/1,1/super_hot_regions:102,0x5b5b15ed41b7,0
625.x264_s/1,1/super_hot_regions:102,0x5b5b15ed41c0,0

625.x264_s/1,1/super_hot_regions:103,0x5b5b15ed41c3,10
625.x264_s/1,1/super_hot_regions:103,0x5b5b15ed41c5,0
625.x264_s/1,1/super_hot_regions:103,0x5b5b15ed41cb,0
625.x264_s/1,1/super_hot_regions:103,0x5b5b15ed41d2,0
625.x264_s/1,1/super_hot_regions:103,0x5b5b15ed41cd,0
625.x264_s/1,1/super_hot_regions:103,0x5b5b15ed41cf,0
625.x264_s/1,1/super_hot_regions:103,0x5b5b15ed41d8,0

625.x264_s/1,1/super_hot_regions:104,0x5b5b15ed41db,10
625.x264_s/1,1/super_hot_regions:104,0x5b5b15ed41df,0
625.x264_s/1,1/super_hot_regions:104,0x5b5b15ed41e5,0
625.x264_s/1,1/super_hot_regions:104,0x5b5b15ed41ec,0
625.x264_s/1,1/super_hot_regions:104,0x5b5b15ed41e7,0
625.x264_s/1,1/super_hot_regions:104,0x5b5b15ed41e9,0
625.x264_s/1,1/super_hot_regions:104,0x5b5b15ed41f2,0

625.x264_s/1,1/super_hot_regions:105,0x5b5b15ed41f5,10
625.x264_s/1,1/super_hot_regions:105,0x5b5b15ed41f9,0
625.x264_s/1,1/super_hot_regions:105,0x5b5b15ed41ff,0
625.x264_s/1,1/super_hot_regions:105,0x5b5b15ed4206,0
625.x264_s/1,1/super_hot_regions:105,0x5b5b15ed4201,0
625.x264_s/1,1/super_hot_regions:105,0x5b5b15ed4203,0
625.x264_s/1,1/super_hot_regions:105,0x5b5b15ed420c,0

625.x264_s/1,1/super_hot_regions:106,0x5b5b15ed420f,10
625.x264_s/1,1/super_hot_regions:106,0x5b5b15ed4213,0
625.x264_s/1,1/super_hot_regions:106,0x5b5b15ed4219,0
625.x264_s/1,1/super_hot_regions:106,0x5b5b15ed4220,0
625.x264_s/1,1/super_hot_regions:106,0x5b5b15ed421b,0
625.x264_s/1,1/super_hot_regions:106,0x5b5b15ed421d,0
625.x264_s/1,1/super_hot_regions:106,0x5b5b15ed4226,0

625.x264_s/1,1/super_hot_regions:108,0x5b5b15efed74,40
625.x264_s/1,1/super_hot_regions:108,0x5b5b15efed7e,0
625.x264_s/1,1/super_hot_regions:108,0x5b5b15efed83,0
625.x264_s/1,1/super_hot_regions:108,0x5b5b15efed8d,0

625.x264_s/1,1/super_hot_regions:109,0x5b5b15efeda2,10
625.x264_s/1,1/super_hot_regions:109,0x5b5b15efeda7,0

625.x264_s/1,1/super_hot_regions:110,0x5b5b15efedac,10
625.x264_s/1,1/super_hot_regions:110,0x5b5b15efedb1,0

625.x264_s/1,1/super_hot_regions:114,0x5b5b15efd490,20
625.x264_s/1,1/super_hot_regions:114,0x5b5b15efd497,0
625.x264_s/1,1/super_hot_regions:114,0x5b5b15efd4a9,0
625.x264_s/1,1/super_hot_regions:114,0x5b5b15efd49e,0
625.x264_s/1,1/super_hot_regions:114,0x5b5b15efd49b,0
625.x264_s/1,1/super_hot_regions:114,0x5b5b15efd4a5,0
625.x264_s/1,1/super_hot_regions:114,0x5b5b15efd4ae,0
625.x264_s/1,1/super_hot_regions:114,0x5b5b15efd4b1,0
625.x264_s/1,1/super_hot_regions:114,0x5b5b15efd4b3,0

625.x264_s/1,1/super_hot_regions:115,0x5b5b15efd4b6,20
625.x264_s/1,1/super_hot_regions:115,0x5b5b15efd4c5,0
625.x264_s/1,1/super_hot_regions:115,0x5b5b15efd4bc,0
625.x264_s/1,1/super_hot_regions:115,0x5b5b15efd4c9,0
625.x264_s/1,1/super_hot_regions:115,0x5b5b15efd4cc,0
625.x264_s/1,1/super_hot_regions:115,0x5b5b15efd4d2,0
625.x264_s/1,1/super_hot_regions:115,0x5b5b15efd4d5,0
625.x264_s/1,1/super_hot_regions:115,0x5b5b15efd4d7,0
625.x264_s/1,1/super_hot_regions:115,0x5b5b15efd4dc,0
625.x264_s/1,1/super_hot_regions:115,0x5b5b15efd4de,0

625.x264_s/1,1/super_hot_regions:116,0x5b5b15efd4e9,20
625.x264_s/1,1/super_hot_regions:116,0x5b5b15efd4ed,0
625.x264_s/1,1/super_hot_regions:116,0x5b5b15efd4f1,0
625.x264_s/1,1/super_hot_regions:116,0x5b5b15efd4f4,0
625.x264_s/1,1/super_hot_regions:116,0x5b5b15efd4f8,0
625.x264_s/1,1/super_hot_regions:116,0x5b5b15efd4fd,0
625.x264_s/1,1/super_hot_regions:116,0x5b5b15efd500,0
625.x264_s/1,1/super_hot_regions:116,0x5b5b15efd502,0
625.x264_s/1,1/super_hot_regions:116,0x5b5b15efd507,0
625.x264_s/1,1/super_hot_regions:116,0x5b5b15efd509,0

625.x264_s/1,1/super_hot_regions:117,0x5b5b15efd514,20
625.x264_s/1,1/super_hot_regions:117,0x5b5b15efd518,0
625.x264_s/1,1/super_hot_regions:117,0x5b5b15efd51c,0
625.x264_s/1,1/super_hot_regions:117,0x5b5b15efd51f,0
625.x264_s/1,1/super_hot_regions:117,0x5b5b15efd523,0
625.x264_s/1,1/super_hot_regions:117,0x5b5b15efd528,0
625.x264_s/1,1/super_hot_regions:117,0x5b5b15efd52b,0
625.x264_s/1,1/super_hot_regions:117,0x5b5b15efd52d,0
625.x264_s/1,1/super_hot_regions:117,0x5b5b15efd532,0
625.x264_s/1,1/super_hot_regions:117,0x5b5b15efd534,0

625.x264_s/1,1/super_hot_regions:119,0x5b5b15efedce,30
625.x264_s/1,1/super_hot_regions:119,0x5b5b15efedd3,0
625.x264_s/1,1/super_hot_regions:119,0x5b5b15efedd6,0
625.x264_s/1,1/super_hot_regions:119,0x5b5b15efedd9,0
625.x264_s/1,1/super_hot_regions:119,0x5b5b15efeddc,0
625.x264_s/1,1/super_hot_regions:119,0x5b5b15efeddf,0

625.x264_s/1,1/super_hot_regions:121,0x5b5b15eff140,30
625.x264_s/1,1/super_hot_regions:121,0x5b5b15eff143,0
625.x264_s/1,1/super_hot_regions:121,0x5b5b15eff148,0
625.x264_s/1,1/super_hot_regions:121,0x5b5b15eff14b,0
625.x264_s/1,1/super_hot_regions:121,0x5b5b15eff14e,0
625.x264_s/1,1/super_hot_regions:121,0x5b5b15eff151,0
625.x264_s/1,1/super_hot_regions:121,0x5b5b15eff153,0

625.x264_s/1,1/super_hot_regions:122,0x5b5b15ecfb21,10
625.x264_s/1,1/super_hot_regions:122,0x5b5b15ecfb26,0

625.x264_s/1,1/super_hot_regions:125,0x5b5b15efd728,30
625.x264_s/1,1/super_hot_regions:125,0x5b5b15efd72b,0
625.x264_s/1,1/super_hot_regions:125,0x5b5b15efd730,0
625.x264_s/1,1/super_hot_regions:125,0x5b5b15efd733,0
625.x264_s/1,1/super_hot_regions:125,0x5b5b15efd736,0
625.x264_s/1,1/super_hot_regions:125,0x5b5b15efd739,0
625.x264_s/1,1/super_hot_regions:125,0x5b5b15efd73b,0

625.x264_s/1,1/super_hot_regions:126,0x5b5b15efe7ab,10
625.x264_s/1,1/super_hot_regions:126,0x5b5b15efe7ae,0

625.x264_s/1,1/super_hot_regions:13,0x5b5b15ecd210,10
625.x264_s/1,1/super_hot_regions:13,0x5b5b15ecd214,0
625.x264_s/1,1/super_hot_regions:13,0x5b5b15ecd21e,0
625.x264_s/1,1/super_hot_regions:13,0x5b5b15ecd217,0
625.x264_s/1,1/super_hot_regions:13,0x5b5b15ecd21a,0
625.x264_s/1,1/super_hot_regions:13,0x5b5b15ecd228,0
625.x264_s/1,1/super_hot_regions:13,0x5b5b15ecd225,0
625.x264_s/1,1/super_hot_regions:13,0x5b5b15ecd22b,0
625.x264_s/1,1/super_hot_regions:13,0x5b5b15ecd22f,0

625.x264_s/1,1/super_hot_regions:133,0x5b5b15ecfaeb,10
625.x264_s/1,1/super_hot_regions:133,0x5b5b15ecfaf4,0

625.x264_s/1,1/super_hot_regions:142,0x5b5b15efee2a,10
625.x264_s/1,1/super_hot_regions:142,0x5b5b15efee2e,0

625.x264_s/1,1/super_hot_regions:143,0x5b5b15efee33,10
625.x264_s/1,1/super_hot_regions:143,0x5b5b15efee50,0

625.x264_s/1,1/super_hot_regions:144,0x5b5b15efee76,20
625.x264_s/1,1/super_hot_regions:144,0x5b5b15efee82,0
625.x264_s/1,1/super_hot_regions:144,0x5b5b15efee89,0

625.x264_s/1,1/super_hot_regions:149,0x5b5b15efeebd,20
625.x264_s/1,1/super_hot_regions:149,0x5b5b15efeec4,0
625.x264_s/1,1/super_hot_regions:149,0x5b5b15efeed6,0
625.x264_s/1,1/super_hot_regions:149,0x5b5b15efeecb,0
625.x264_s/1,1/super_hot_regions:149,0x5b5b15efeec8,0
625.x264_s/1,1/super_hot_regions:149,0x5b5b15efeed2,0
625.x264_s/1,1/super_hot_regions:149,0x5b5b15efeedb,0
625.x264_s/1,1/super_hot_regions:149,0x5b5b15efeede,0
625.x264_s/1,1/super_hot_regions:149,0x5b5b15efeee0,0

625.x264_s/1,1/super_hot_regions:150,0x5b5b15efeee3,20
625.x264_s/1,1/super_hot_regions:150,0x5b5b15efeef2,0
625.x264_s/1,1/super_hot_regions:150,0x5b5b15efeee9,0
625.x264_s/1,1/super_hot_regions:150,0x5b5b15efeef6,0
625.x264_s/1,1/super_hot_regions:150,0x5b5b15efeef9,0
625.x264_s/1,1/super_hot_regions:150,0x5b5b15efeeff,0
625.x264_s/1,1/super_hot_regions:150,0x5b5b15efef02,0
625.x264_s/1,1/super_hot_regions:150,0x5b5b15efef04,0
625.x264_s/1,1/super_hot_regions:150,0x5b5b15efef09,0
625.x264_s/1,1/super_hot_regions:150,0x5b5b15efef0b,0

625.x264_s/1,1/super_hot_regions:151,0x5b5b15efef16,20
625.x264_s/1,1/super_hot_regions:151,0x5b5b15efef1a,0
625.x264_s/1,1/super_hot_regions:151,0x5b5b15efef1e,0
625.x264_s/1,1/super_hot_regions:151,0x5b5b15efef21,0
625.x264_s/1,1/super_hot_regions:151,0x5b5b15efef25,0
625.x264_s/1,1/super_hot_regions:151,0x5b5b15efef2a,0
625.x264_s/1,1/super_hot_regions:151,0x5b5b15efef2d,0
625.x264_s/1,1/super_hot_regions:151,0x5b5b15efef2f,0
625.x264_s/1,1/super_hot_regions:151,0x5b5b15efef34,0
625.x264_s/1,1/super_hot_regions:151,0x5b5b15efef36,0

625.x264_s/1,1/super_hot_regions:152,0x5b5b15efef41,20
625.x264_s/1,1/super_hot_regions:152,0x5b5b15efef45,0
625.x264_s/1,1/super_hot_regions:152,0x5b5b15efef49,0
625.x264_s/1,1/super_hot_regions:152,0x5b5b15efef4c,0
625.x264_s/1,1/super_hot_regions:152,0x5b5b15efef50,0
625.x264_s/1,1/super_hot_regions:152,0x5b5b15efef55,0
625.x264_s/1,1/super_hot_regions:152,0x5b5b15efef58,0
625.x264_s/1,1/super_hot_regions:152,0x5b5b15efef5a,0
625.x264_s/1,1/super_hot_regions:152,0x5b5b15efef5f,0
625.x264_s/1,1/super_hot_regions:152,0x5b5b15efef61,0

625.x264_s/1,1/super_hot_regions:155,0x5b5b15efd3a1,30
625.x264_s/1,1/super_hot_regions:155,0x5b5b15efd3a6,0
625.x264_s/1,1/super_hot_regions:155,0x5b5b15efd3a9,0
625.x264_s/1,1/super_hot_regions:155,0x5b5b15efd3ac,0
625.x264_s/1,1/super_hot_regions:155,0x5b5b15efd3af,0
625.x264_s/1,1/super_hot_regions:155,0x5b5b15efd3b2,0

625.x264_s/1,1/super_hot_regions:157,0x5b5b15f20cc1,10
625.x264_s/1,1/super_hot_regions:157,0x5b5b15f20cc8,0
625.x264_s/1,1/super_hot_regions:157,0x5b5b15f20cc4,0
625.x264_s/1,1/super_hot_regions:157,0x5b5b15f20cd2,0
625.x264_s/1,1/super_hot_regions:157,0x5b5b15f20cd5,0
625.x264_s/1,1/super_hot_regions:157,0x5b5b15f20cd8,0

625.x264_s/1,1/super_hot_regions:159,0x5b5b15f20d21,10
625.x264_s/1,1/super_hot_regions:159,0x5b5b15f20d29,0

625.x264_s/1,1/super_hot_regions:160,0x5b5b15f20daa,10
625.x264_s/1,1/super_hot_regions:160,0x5b5b15f20db2,0
625.x264_s/1,1/super_hot_regions:160,0x5b5b15f20db5,0

625.x264_s/1,1/super_hot_regions:161,0x5b5b15f20d2c,70
625.x264_s/1,1/super_hot_regions:161,0x5b5b15f20d30,0
625.x264_s/1,1/super_hot_regions:161,0x5b5b15f20d82,0
625.x264_s/1,1/super_hot_regions:161,0x5b5b15f20d3b,0
625.x264_s/1,1/super_hot_regions:161,0x5b5b15f20d38,0
625.x264_s/1,1/super_hot_regions:161,0x5b5b15f20db9,0
625.x264_s/1,1/super_hot_regions:161,0x5b5b15f20d3e,0
625.x264_s/1,1/super_hot_regions:161,0x5b5b15f20d45,0
625.x264_s/1,1/super_hot_regions:161,0x5b5b15f20d53,0
625.x264_s/1,1/super_hot_regions:161,0x5b5b15f20d47,0
625.x264_s/1,1/super_hot_regions:161,0x5b5b15f20d5b,0
625.x264_s/1,1/super_hot_regions:161,0x5b5b15f20d63,0
625.x264_s/1,1/super_hot_regions:161,0x5b5b15f20d5e,0
625.x264_s/1,1/super_hot_regions:161,0x5b5b15f20d4d,0
625.x264_s/1,1/super_hot_regions:161,0x5b5b15f20d69,0
625.x264_s/1,1/super_hot_regions:161,0x5b5b15f20d7f,0
625.x264_s/1,1/super_hot_regions:161,0x5b5b15f20d6b,0
625.x264_s/1,1/super_hot_regions:161,0x5b5b15f20d86,0
625.x264_s/1,1/super_hot_regions:161,0x5b5b15f20d8e,0
625.x264_s/1,1/super_hot_regions:161,0x5b5b15f20d95,0
625.x264_s/1,1/super_hot_regions:161,0x5b5b15f20d91,0
625.x264_s/1,1/super_hot_regions:161,0x5b5b15f20d66,0
625.x264_s/1,1/super_hot_regions:161,0x5b5b15f20dbd,0
625.x264_s/1,1/super_hot_regions:161,0x5b5b15f20d79,0
625.x264_s/1,1/super_hot_regions:161,0x5b5b15f20d9c,0
625.x264_s/1,1/super_hot_regions:161,0x5b5b15f20d9e,0
625.x264_s/1,1/super_hot_regions:161,0x5b5b15f20dbf,0
625.x264_s/1,1/super_hot_regions:161,0x5b5b15f20d99,0
625.x264_s/1,1/super_hot_regions:161,0x5b5b15f20dc2,0
625.x264_s/1,1/super_hot_regions:161,0x5b5b15f20dcb,0
625.x264_s/1,1/super_hot_regions:161,0x5b5b15f20dcd,0
625.x264_s/1,1/super_hot_regions:161,0x5b5b15f20da4,0
625.x264_s/1,1/super_hot_regions:161,0x5b5b15f20dc5,0
625.x264_s/1,1/super_hot_regions:161,0x5b5b15f20dd0,0
625.x264_s/1,1/super_hot_regions:161,0x5b5b15f20ddb,0
625.x264_s/1,1/super_hot_regions:161,0x5b5b15f20dd3,0
625.x264_s/1,1/super_hot_regions:161,0x5b5b15f20dd6,0
625.x264_s/1,1/super_hot_regions:161,0x5b5b15f20dd8,0
625.x264_s/1,1/super_hot_regions:161,0x5b5b15f20de1,0
625.x264_s/1,1/super_hot_regions:161,0x5b5b15f20de4,0
625.x264_s/1,1/super_hot_regions:161,0x5b5b15f20de7,0
625.x264_s/1,1/super_hot_regions:161,0x5b5b15f20de9,0
625.x264_s/1,1/super_hot_regions:161,0x5b5b15f20dee,0
625.x264_s/1,1/super_hot_regions:161,0x5b5b15f20df1,0

625.x264_s/1,1/super_hot_regions:164,0x5b5b15eece4b,10
625.x264_s/1,1/super_hot_regions:164,0x5b5b15eece4f,0

625.x264_s/1,1/super_hot_regions:165,0x5b5b15eece64,10
625.x264_s/1,1/super_hot_regions:165,0x5b5b15eece6b,0

625.x264_s/1,1/super_hot_regions:170,0x5b5b15ec9110,40
625.x264_s/1,1/super_hot_regions:170,0x5b5b15ec9113,0
625.x264_s/1,1/super_hot_regions:170,0x5b5b15ec9118,0
625.x264_s/1,1/super_hot_regions:170,0x5b5b15ec911c,0
625.x264_s/1,1/super_hot_regions:170,0x5b5b15ec9126,0
625.x264_s/1,1/super_hot_regions:170,0x5b5b15ec911f,0
625.x264_s/1,1/super_hot_regions:170,0x5b5b15ec9122,0
625.x264_s/1,1/super_hot_regions:170,0x5b5b15ec912c,0

625.x264_s/1,1/super_hot_regions:171,0x5b5b15ec9132,40
625.x264_s/1,1/super_hot_regions:171,0x5b5b15ec9136,0
625.x264_s/1,1/super_hot_regions:171,0x5b5b15ec913b,0
625.x264_s/1,1/super_hot_regions:171,0x5b5b15ec913f,0
625.x264_s/1,1/super_hot_regions:171,0x5b5b15ec9149,0
625.x264_s/1,1/super_hot_regions:171,0x5b5b15ec9142,0
625.x264_s/1,1/super_hot_regions:171,0x5b5b15ec9145,0
625.x264_s/1,1/super_hot_regions:171,0x5b5b15ec914f,0

627.cam4_s/1,1/super_hot_regions:101,0x7935f40a51b4,10
627.cam4_s/1,1/super_hot_regions:101,0x7935f40a51b8,0

627.cam4_s/1,1/super_hot_regions:22,0x60348ed81f00,20
627.cam4_s/1,1/super_hot_regions:22,0x60348ed81f06,0

627.cam4_s/1,1/super_hot_regions:24,0x60348ed81e28,20
627.cam4_s/1,1/super_hot_regions:24,0x60348ed81e2d,0

627.cam4_s/1,1/super_hot_regions:29,0x60348ed81e80,20
627.cam4_s/1,1/super_hot_regions:29,0x60348ed81e83,0
627.cam4_s/1,1/super_hot_regions:29,0x60348ed81e89,0
627.cam4_s/1,1/super_hot_regions:29,0x60348ed81e8c,0
627.cam4_s/1,1/super_hot_regions:29,0x60348ed81e8f,0
627.cam4_s/1,1/super_hot_regions:29,0x60348ed81e93,0

627.cam4_s/1,1/super_hot_regions:32,0x60348edd3fd0,10
627.cam4_s/1,1/super_hot_regions:32,0x60348edd3fd4,0

627.cam4_s/1,1/super_hot_regions:53,0x7935f452494e,10
627.cam4_s/1,1/super_hot_regions:53,0x7935f4524a13,0

627.cam4_s/1,1/super_hot_regions:93,0x7935f40a520e,10
627.cam4_s/1,1/super_hot_regions:93,0x7935f40a5213,0

627.cam4_s/1,1/super_hot_regions:95,0x7935f40a521f,20
627.cam4_s/1,1/super_hot_regions:95,0x7935f40a5225,0
627.cam4_s/1,1/super_hot_regions:95,0x7935f40a5229,0
627.cam4_s/1,1/super_hot_regions:95,0x7935f40a522c,0

627.cam4_s/1,1/super_hot_regions:98,0x7935f40a2a00,20
627.cam4_s/1,1/super_hot_regions:98,0x7935f40a2a0a,0

627.cam4_s/1,1/super_hot_regions:99,0x7935f40a2a0e,20
627.cam4_s/1,1/super_hot_regions:99,0x7935f40a2a11,0
627.cam4_s/1,1/super_hot_regions:99,0x7935f40a2a15,0
627.cam4_s/1,1/super_hot_regions:99,0x7935f40a2a1d,0

628.pop2_s/1,1/super_hot_regions:107,0x5dd06da502d0,20
628.pop2_s/1,1/super_hot_regions:107,0x5dd06da502d4,0

628.pop2_s/1,1/super_hot_regions:110,0x5dd06da50877,20
628.pop2_s/1,1/super_hot_regions:110,0x5dd06da5087b,0

628.pop2_s/1,1/super_hot_regions:41,0x5dd06d856668,10
628.pop2_s/1,1/super_hot_regions:41,0x5dd06d85666b,0
628.pop2_s/1,1/super_hot_regions:41,0x5dd06d85666e,0

628.pop2_s/1,1/super_hot_regions:42,0x5dd06d856672,20
628.pop2_s/1,1/super_hot_regions:42,0x5dd06d856679,0

628.pop2_s/1,1/super_hot_regions:43,0x5dd06d85667d,10
628.pop2_s/1,1/super_hot_regions:43,0x5dd06d856680,0
628.pop2_s/1,1/super_hot_regions:43,0x5dd06d856683,0
628.pop2_s/1,1/super_hot_regions:43,0x5dd06d85668a,0

628.pop2_s/1,1/super_hot_regions:46,0x5dd06d856617,50
628.pop2_s/1,1/super_hot_regions:46,0x5dd06d85661c,0
628.pop2_s/1,1/super_hot_regions:46,0x5dd06d856628,0
628.pop2_s/1,1/super_hot_regions:46,0x5dd06d856633,0
628.pop2_s/1,1/super_hot_regions:46,0x5dd06d856640,0
628.pop2_s/1,1/super_hot_regions:46,0x5dd06d856643,0

628.pop2_s/1,1/super_hot_regions:99,0x5dd06da4f138,20
628.pop2_s/1,1/super_hot_regions:99,0x5dd06da4f13c,0

631.deepsjeng_s/1,1/super_hot_regions:10,0x57ee1502990d,10
631.deepsjeng_s/1,1/super_hot_regions:10,0x57ee15029911,0

631.deepsjeng_s/1,1/super_hot_regions:104,0x57ee1502e8ba,10
631.deepsjeng_s/1,1/super_hot_regions:104,0x57ee1502e8bc,0

631.deepsjeng_s/1,1/super_hot_regions:108,0x57ee1502e4e9,10
631.deepsjeng_s/1,1/super_hot_regions:108,0x57ee1502e4ec,0

631.deepsjeng_s/1,1/super_hot_regions:11,0x57ee150298b4,20
631.deepsjeng_s/1,1/super_hot_regions:11,0x57ee150298c0,0
631.deepsjeng_s/1,1/super_hot_regions:11,0x57ee150298ec,0
631.deepsjeng_s/1,1/super_hot_regions:11,0x57ee150298ca,0
631.deepsjeng_s/1,1/super_hot_regions:11,0x57ee150298fe,0
631.deepsjeng_s/1,1/super_hot_regions:11,0x57ee150298cf,0
631.deepsjeng_s/1,1/super_hot_regions:11,0x57ee1502991a,0
631.deepsjeng_s/1,1/super_hot_regions:11,0x57ee150298d2,0
631.deepsjeng_s/1,1/super_hot_regions:11,0x57ee150298dc,0
631.deepsjeng_s/1,1/super_hot_regions:11,0x57ee150298e5,0
631.deepsjeng_s/1,1/super_hot_regions:11,0x57ee15029915,0
631.deepsjeng_s/1,1/super_hot_regions:11,0x57ee1502991f,0

631.deepsjeng_s/1,1/super_hot_regions:110,0x57ee1502de08,20
631.deepsjeng_s/1,1/super_hot_regions:110,0x57ee1502de17,0
631.deepsjeng_s/1,1/super_hot_regions:110,0x57ee1502de36,0
631.deepsjeng_s/1,1/super_hot_regions:110,0x57ee1502de3f,0
631.deepsjeng_s/1,1/super_hot_regions:110,0x57ee1502de42,0
631.deepsjeng_s/1,1/super_hot_regions:110,0x57ee1502de46,0

631.deepsjeng_s/1,1/super_hot_regions:111,0x57ee1502de14,50
631.deepsjeng_s/1,1/super_hot_regions:111,0x57ee1502de1b,0
631.deepsjeng_s/1,1/super_hot_regions:111,0x57ee1502de1e,0
631.deepsjeng_s/1,1/super_hot_regions:111,0x57ee1502de22,0
631.deepsjeng_s/1,1/super_hot_regions:111,0x57ee1502de25,0
631.deepsjeng_s/1,1/super_hot_regions:111,0x57ee1502de2d,0
631.deepsjeng_s/1,1/super_hot_regions:111,0x57ee1502de30,0
631.deepsjeng_s/1,1/super_hot_regions:111,0x57ee1502de39,0
631.deepsjeng_s/1,1/super_hot_regions:111,0x57ee1502de3d,0
631.deepsjeng_s/1,1/super_hot_regions:111,0x57ee1502de4f,0
631.deepsjeng_s/1,1/super_hot_regions:111,0x57ee1502de53,0
631.deepsjeng_s/1,1/super_hot_regions:111,0x57ee1502de59,0

631.deepsjeng_s/1,1/super_hot_regions:120,0x57ee15037810,10
631.deepsjeng_s/1,1/super_hot_regions:120,0x57ee15037815,0

631.deepsjeng_s/1,1/super_hot_regions:121,0x57ee1503781c,20
631.deepsjeng_s/1,1/super_hot_regions:121,0x57ee15037822,0
631.deepsjeng_s/1,1/super_hot_regions:121,0x57ee1503782b,0

631.deepsjeng_s/1,1/super_hot_regions:128,0x57ee1502c3f0,20
631.deepsjeng_s/1,1/super_hot_regions:128,0x57ee1502c3f3,0
631.deepsjeng_s/1,1/super_hot_regions:128,0x57ee1502c3f6,0
631.deepsjeng_s/1,1/super_hot_regions:128,0x57ee1502c3f8,0
631.deepsjeng_s/1,1/super_hot_regions:128,0x57ee1502c3fb,0
631.deepsjeng_s/1,1/super_hot_regions:128,0x57ee1502c3fd,0

631.deepsjeng_s/1,1/super_hot_regions:130,0x57ee15037792,10
631.deepsjeng_s/1,1/super_hot_regions:130,0x57ee1503779b,0

631.deepsjeng_s/1,1/super_hot_regions:132,0x57ee15029774,10
631.deepsjeng_s/1,1/super_hot_regions:132,0x57ee15029776,0

631.deepsjeng_s/1,1/super_hot_regions:133,0x57ee15029779,10
631.deepsjeng_s/1,1/super_hot_regions:133,0x57ee15029783,0
631.deepsjeng_s/1,1/super_hot_regions:133,0x57ee15029788,0
631.deepsjeng_s/1,1/super_hot_regions:133,0x57ee1502978b,0
631.deepsjeng_s/1,1/super_hot_regions:133,0x57ee15029795,0
631.deepsjeng_s/1,1/super_hot_regions:133,0x57ee150297a3,0

631.deepsjeng_s/1,1/super_hot_regions:134,0x57ee150297a7,20
631.deepsjeng_s/1,1/super_hot_regions:134,0x57ee150297ab,0
631.deepsjeng_s/1,1/super_hot_regions:134,0x57ee150297af,0

631.deepsjeng_s/1,1/super_hot_regions:135,0x57ee15033e6d,20
631.deepsjeng_s/1,1/super_hot_regions:135,0x57ee15033e78,0
631.deepsjeng_s/1,1/super_hot_regions:135,0x57ee15033e7a,0

631.deepsjeng_s/1,1/super_hot_regions:142,0x57ee150379f6,20
631.deepsjeng_s/1,1/super_hot_regions:142,0x57ee15037a04,0

631.deepsjeng_s/1,1/super_hot_regions:144,0x57ee15033e38,20
631.deepsjeng_s/1,1/super_hot_regions:144,0x57ee15033e42,0
631.deepsjeng_s/1,1/super_hot_regions:144,0x57ee15033e44,0

631.deepsjeng_s/1,1/super_hot_regions:145,0x57ee15033e3e,20
631.deepsjeng_s/1,1/super_hot_regions:145,0x57ee15033e51,0
631.deepsjeng_s/1,1/super_hot_regions:145,0x57ee15033e53,0
631.deepsjeng_s/1,1/super_hot_regions:145,0x57ee15033e56,0

631.deepsjeng_s/1,1/super_hot_regions:147,0x57ee15029a54,20
631.deepsjeng_s/1,1/super_hot_regions:147,0x57ee15029a56,0
631.deepsjeng_s/1,1/super_hot_regions:147,0x57ee15029a61,0
631.deepsjeng_s/1,1/super_hot_regions:147,0x57ee15029a5b,0
631.deepsjeng_s/1,1/super_hot_regions:147,0x57ee15029a64,0
631.deepsjeng_s/1,1/super_hot_regions:147,0x57ee15029a58,0
631.deepsjeng_s/1,1/super_hot_regions:147,0x57ee15029a67,0
631.deepsjeng_s/1,1/super_hot_regions:147,0x57ee15029a5e,0
631.deepsjeng_s/1,1/super_hot_regions:147,0x57ee15029a60,0
631.deepsjeng_s/1,1/super_hot_regions:147,0x57ee15029a69,0
631.deepsjeng_s/1,1/super_hot_regions:147,0x57ee15029a6b,0
631.deepsjeng_s/1,1/super_hot_regions:147,0x57ee15029a6d,0
631.deepsjeng_s/1,1/super_hot_regions:147,0x57ee15029a6f,0
631.deepsjeng_s/1,1/super_hot_regions:147,0x57ee15029a72,0
631.deepsjeng_s/1,1/super_hot_regions:147,0x57ee15029a74,0
631.deepsjeng_s/1,1/super_hot_regions:147,0x57ee15029a76,0
631.deepsjeng_s/1,1/super_hot_regions:147,0x57ee15029a78,0

631.deepsjeng_s/1,1/super_hot_regions:148,0x57ee1502def3,20
631.deepsjeng_s/1,1/super_hot_regions:148,0x57ee1502def7,0
631.deepsjeng_s/1,1/super_hot_regions:148,0x57ee1502defa,0
631.deepsjeng_s/1,1/super_hot_regions:148,0x57ee1502defe,0

631.deepsjeng_s/1,1/super_hot_regions:154,0x57ee1503465d,10
631.deepsjeng_s/1,1/super_hot_regions:154,0x57ee15034662,0
631.deepsjeng_s/1,1/super_hot_regions:154,0x57ee15034664,0

631.deepsjeng_s/1,1/super_hot_regions:159,0x57ee1502dd38,20
631.deepsjeng_s/1,1/super_hot_regions:159,0x57ee1502dd43,0
631.deepsjeng_s/1,1/super_hot_regions:159,0x57ee1502dd45,0

631.deepsjeng_s/1,1/super_hot_regions:163,0x57ee15032c24,10
631.deepsjeng_s/1,1/super_hot_regions:163,0x57ee15032c30,0

631.deepsjeng_s/1,1/super_hot_regions:164,0x57ee15032c1a,30
631.deepsjeng_s/1,1/super_hot_regions:164,0x57ee15032c21,0
631.deepsjeng_s/1,1/super_hot_regions:164,0x57ee15032c27,0
631.deepsjeng_s/1,1/super_hot_regions:164,0x57ee15032c29,0
631.deepsjeng_s/1,1/super_hot_regions:164,0x57ee15032c2c,0
631.deepsjeng_s/1,1/super_hot_regions:164,0x57ee15032c2e,0
631.deepsjeng_s/1,1/super_hot_regions:164,0x57ee15032c38,0
631.deepsjeng_s/1,1/super_hot_regions:164,0x57ee15032c35,0
631.deepsjeng_s/1,1/super_hot_regions:164,0x57ee15032c3b,0
631.deepsjeng_s/1,1/super_hot_regions:164,0x57ee15032c41,0
631.deepsjeng_s/1,1/super_hot_regions:164,0x57ee15032c43,0
631.deepsjeng_s/1,1/super_hot_regions:164,0x57ee15032c46,0
631.deepsjeng_s/1,1/super_hot_regions:164,0x57ee15032c48,0
631.deepsjeng_s/1,1/super_hot_regions:164,0x57ee15032c4a,0
631.deepsjeng_s/1,1/super_hot_regions:164,0x57ee15032c4c,0

631.deepsjeng_s/1,1/super_hot_regions:169,0x57ee15032d1e,20
631.deepsjeng_s/1,1/super_hot_regions:169,0x57ee15032d29,0

631.deepsjeng_s/1,1/super_hot_regions:17,0x57ee15029846,30
631.deepsjeng_s/1,1/super_hot_regions:17,0x57ee1502984d,0
631.deepsjeng_s/1,1/super_hot_regions:17,0x57ee15029869,0
631.deepsjeng_s/1,1/super_hot_regions:17,0x57ee15029854,0
631.deepsjeng_s/1,1/super_hot_regions:17,0x57ee15029858,0
631.deepsjeng_s/1,1/super_hot_regions:17,0x57ee1502985f,0
631.deepsjeng_s/1,1/super_hot_regions:17,0x57ee15029863,0
631.deepsjeng_s/1,1/super_hot_regions:17,0x57ee15029866,0
631.deepsjeng_s/1,1/super_hot_regions:17,0x57ee15029873,0
631.deepsjeng_s/1,1/super_hot_regions:17,0x57ee15029876,0
631.deepsjeng_s/1,1/super_hot_regions:17,0x57ee1502987a,0
631.deepsjeng_s/1,1/super_hot_regions:17,0x57ee15029881,0
631.deepsjeng_s/1,1/super_hot_regions:17,0x57ee15029885,0
631.deepsjeng_s/1,1/super_hot_regions:17,0x57ee15029890,0
631.deepsjeng_s/1,1/super_hot_regions:17,0x57ee1502989c,0
631.deepsjeng_s/1,1/super_hot_regions:17,0x57ee15029898,0
631.deepsjeng_s/1,1/super_hot_regions:17,0x57ee150298a0,0

631.deepsjeng_s/1,1/super_hot_regions:170,0x57ee15032d35,20
631.deepsjeng_s/1,1/super_hot_regions:170,0x57ee15032d43,0

631.deepsjeng_s/1,1/super_hot_regions:171,0x57ee15032d22,40
631.deepsjeng_s/1,1/super_hot_regions:171,0x57ee15032d25,0
631.deepsjeng_s/1,1/super_hot_regions:171,0x57ee15032d30,0
631.deepsjeng_s/1,1/super_hot_regions:171,0x57ee15032d3d,0
631.deepsjeng_s/1,1/super_hot_regions:171,0x57ee15032d3f,0
631.deepsjeng_s/1,1/super_hot_regions:171,0x57ee15032d4a,0

631.deepsjeng_s/1,1/super_hot_regions:2,0x57ee15029954,20
631.deepsjeng_s/1,1/super_hot_regions:2,0x57ee15029957,0
631.deepsjeng_s/1,1/super_hot_regions:2,0x57ee1502995c,0
631.deepsjeng_s/1,1/super_hot_regions:2,0x57ee15029961,0

641.leela_s/1,1/super_hot_regions:0,0x61244ae736b4,10
641.leela_s/1,1/super_hot_regions:0,0x61244ae736b7,0

641.leela_s/1,1/super_hot_regions:106,0x61244ae73560,20
641.leela_s/1,1/super_hot_regions:106,0x61244ae7356c,0

641.leela_s/1,1/super_hot_regions:110,0x61244ae73050,20
641.leela_s/1,1/super_hot_regions:110,0x61244ae73054,0

641.leela_s/1,1/super_hot_regions:15,0x61244ae7ad97,10
641.leela_s/1,1/super_hot_regions:15,0x61244ae7ad9b,0

641.leela_s/1,1/super_hot_regions:16,0x61244ae7ad9f,10
641.leela_s/1,1/super_hot_regions:16,0x61244ae7ada2,0

641.leela_s/1,1/super_hot_regions:17,0x61244ae73e54,30
641.leela_s/1,1/super_hot_regions:17,0x61244ae73e56,0
641.leela_s/1,1/super_hot_regions:17,0x61244ae73e5f,0
641.leela_s/1,1/super_hot_regions:17,0x61244ae73f32,0
641.leela_s/1,1/super_hot_regions:17,0x61244ae73f35,0
641.leela_s/1,1/super_hot_regions:17,0x61244ae73f49,0
641.leela_s/1,1/super_hot_regions:17,0x61244ae73f38,0
641.leela_s/1,1/super_hot_regions:17,0x61244ae73f52,0

641.leela_s/1,1/super_hot_regions:18,0x61244ae73e5c,20
641.leela_s/1,1/super_hot_regions:18,0x61244ae73e6d,0
641.leela_s/1,1/super_hot_regions:18,0x61244ae73f6b,0
641.leela_s/1,1/super_hot_regions:18,0x61244ae73e73,0
641.leela_s/1,1/super_hot_regions:18,0x61244ae73f74,0
641.leela_s/1,1/super_hot_regions:18,0x61244ae73f58,0
641.leela_s/1,1/super_hot_regions:18,0x61244ae73f5e,0
641.leela_s/1,1/super_hot_regions:18,0x61244ae73f63,0

641.leela_s/1,1/super_hot_regions:19,0x61244ae73e62,70
641.leela_s/1,1/super_hot_regions:19,0x61244ae73e66,0
641.leela_s/1,1/super_hot_regions:19,0x61244ae73e6a,0
641.leela_s/1,1/super_hot_regions:19,0x61244ae73e76,0
641.leela_s/1,1/super_hot_regions:19,0x61244ae73e80,0
641.leela_s/1,1/super_hot_regions:19,0x61244ae73e85,0
641.leela_s/1,1/super_hot_regions:19,0x61244ae73f55,0
641.leela_s/1,1/super_hot_regions:19,0x61244ae73f77,0
641.leela_s/1,1/super_hot_regions:19,0x61244ae73eca,0
641.leela_s/1,1/super_hot_regions:19,0x61244ae73e7a,0
641.leela_s/1,1/super_hot_regions:19,0x61244ae73e7d,0
641.leela_s/1,1/super_hot_regions:19,0x61244ae73eea,0
641.leela_s/1,1/super_hot_regions:19,0x61244ae73f5b,0
641.leela_s/1,1/super_hot_regions:19,0x61244ae73f7a,0
641.leela_s/1,1/super_hot_regions:19,0x61244ae73e95,0
641.leela_s/1,1/super_hot_regions:19,0x61244ae73ef1,0
641.leela_s/1,1/super_hot_regions:19,0x61244ae73ed4,0
641.leela_s/1,1/super_hot_regions:19,0x61244ae73f04,0
641.leela_s/1,1/super_hot_regions:19,0x61244ae73f12,0
641.leela_s/1,1/super_hot_regions:19,0x61244ae73efd,0
641.leela_s/1,1/super_hot_regions:19,0x61244ae73f25,0
641.leela_s/1,1/super_hot_regions:19,0x61244ae73e8b,0
641.leela_s/1,1/super_hot_regions:19,0x61244ae73f0e,0
641.leela_s/1,1/super_hot_regions:19,0x61244ae73f1a,0
641.leela_s/1,1/super_hot_regions:19,0x61244ae73f1e,0
641.leela_s/1,1/super_hot_regions:19,0x61244ae73f2e,0
641.leela_s/1,1/super_hot_regions:19,0x61244ae73e9f,0
641.leela_s/1,1/super_hot_regions:19,0x61244ae73f40,0
641.leela_s/1,1/super_hot_regions:19,0x61244ae73ea9,0
641.leela_s/1,1/super_hot_regions:19,0x61244ae73ea2,0
641.leela_s/1,1/super_hot_regions:19,0x61244ae73f44,0
641.leela_s/1,1/super_hot_regions:19,0x61244ae73eaf,0
641.leela_s/1,1/super_hot_regions:19,0x61244ae73eb8,0
641.leela_s/1,1/super_hot_regions:19,0x61244ae73ebb,0
641.leela_s/1,1/super_hot_regions:19,0x61244ae73ec1,0
641.leela_s/1,1/super_hot_regions:19,0x61244ae73ed1,0
641.leela_s/1,1/super_hot_regions:19,0x61244ae73ed8,0
641.leela_s/1,1/super_hot_regions:19,0x61244ae73edb,0
641.leela_s/1,1/super_hot_regions:19,0x61244ae73ee1,0
641.leela_s/1,1/super_hot_regions:19,0x61244ae73efa,0
641.leela_s/1,1/super_hot_regions:19,0x61244ae73f01,0
641.leela_s/1,1/super_hot_regions:19,0x61244ae73f22,0
641.leela_s/1,1/super_hot_regions:19,0x61244ae73f47,0
641.leela_s/1,1/super_hot_regions:19,0x61244ae73f61,0
641.leela_s/1,1/super_hot_regions:19,0x61244ae73f7d,0

641.leela_s/1,1/super_hot_regions:20,0x61244ae6f584,10
641.leela_s/1,1/super_hot_regions:20,0x61244ae6f58e,0
641.leela_s/1,1/super_hot_regions:20,0x61244ae6f591,0
641.leela_s/1,1/super_hot_regions:20,0x61244ae6f59f,0

641.leela_s/1,1/super_hot_regions:25,0x61244ae6ea04,10
641.leela_s/1,1/super_hot_regions:25,0x61244ae6ea07,0

641.leela_s/1,1/super_hot_regions:38,0x61244ae5ce7b,10
641.leela_s/1,1/super_hot_regions:38,0x61244ae5ce7e,0

641.leela_s/1,1/super_hot_regions:39,0x61244ae5ce82,10
641.leela_s/1,1/super_hot_regions:39,0x61244ae5ce85,0

641.leela_s/1,1/super_hot_regions:4,0x61244ae89456,20
641.leela_s/1,1/super_hot_regions:4,0x61244ae8946e,0
641.leela_s/1,1/super_hot_regions:4,0x61244ae89475,0
641.leela_s/1,1/super_hot_regions:4,0x61244ae8947a,0
641.leela_s/1,1/super_hot_regions:4,0x61244ae89483,0
641.leela_s/1,1/super_hot_regions:4,0x61244ae89480,0
641.leela_s/1,1/super_hot_regions:4,0x61244ae89486,0

641.leela_s/1,1/super_hot_regions:40,0x61244ae5ce89,20
641.leela_s/1,1/super_hot_regions:40,0x61244ae5ce93,0
641.leela_s/1,1/super_hot_regions:40,0x61244ae5ce98,0
641.leela_s/1,1/super_hot_regions:40,0x61244ae5ce9c,0

641.leela_s/1,1/super_hot_regions:51,0x61244ae89eb1,10
641.leela_s/1,1/super_hot_regions:51,0x61244ae89eb4,0
641.leela_s/1,1/super_hot_regions:51,0x61244ae89ec0,0

641.leela_s/1,1/super_hot_regions:52,0x61244ae89ebe,10
641.leela_s/1,1/super_hot_regions:52,0x61244ae89ecb,0

641.leela_s/1,1/super_hot_regions:53,0x61244ae89ed6,20
641.leela_s/1,1/super_hot_regions:53,0x61244ae89edd,0

641.leela_s/1,1/super_hot_regions:62,0x61244ae80972,20
641.leela_s/1,1/super_hot_regions:62,0x61244ae8097d,0

641.leela_s/1,1/super_hot_regions:67,0x61244ae80997,40
641.leela_s/1,1/super_hot_regions:67,0x61244ae8099e,0
641.leela_s/1,1/super_hot_regions:67,0x61244ae809a7,0
641.leela_s/1,1/super_hot_regions:67,0x61244ae809ae,0
641.leela_s/1,1/super_hot_regions:67,0x61244ae809b3,0
641.leela_s/1,1/super_hot_regions:67,0x61244ae809b8,0
641.leela_s/1,1/super_hot_regions:67,0x61244ae809c7,0

641.leela_s/1,1/super_hot_regions:72,0x61244ae6f5f6,10
641.leela_s/1,1/super_hot_regions:72,0x61244ae6f5f8,0
641.leela_s/1,1/super_hot_regions:72,0x61244ae6f5fb,0
641.leela_s/1,1/super_hot_regions:72,0x61244ae6f5fe,0

641.leela_s/1,1/super_hot_regions:73,0x61244ae6f606,20
641.leela_s/1,1/super_hot_regions:73,0x61244ae6f60f,0

641.leela_s/1,1/super_hot_regions:74,0x61244ae72fb5,40
641.leela_s/1,1/super_hot_regions:74,0x61244ae72fbe,0
641.leela_s/1,1/super_hot_regions:74,0x61244ae72fe4,0
641.leela_s/1,1/super_hot_regions:74,0x61244ae72fc2,0
641.leela_s/1,1/super_hot_regions:74,0x61244ae72fc5,0
641.leela_s/1,1/super_hot_regions:74,0x61244ae72fc7,0
641.leela_s/1,1/super_hot_regions:74,0x61244ae72fda,0
641.leela_s/1,1/super_hot_regions:74,0x61244ae72fdc,0
641.leela_s/1,1/super_hot_regions:74,0x61244ae72fe6,0
641.leela_s/1,1/super_hot_regions:74,0x61244ae72fe9,0
641.leela_s/1,1/super_hot_regions:74,0x61244ae72feb,0
641.leela_s/1,1/super_hot_regions:74,0x61244ae72fed,0
641.leela_s/1,1/super_hot_regions:74,0x61244ae72ff0,0
641.leela_s/1,1/super_hot_regions:74,0x61244ae72ff2,0
641.leela_s/1,1/super_hot_regions:74,0x61244ae72ffa,0

641.leela_s/1,1/super_hot_regions:75,0x61244ae72ffd,20
641.leela_s/1,1/super_hot_regions:75,0x61244ae73002,0
641.leela_s/1,1/super_hot_regions:75,0x61244ae73004,0
641.leela_s/1,1/super_hot_regions:75,0x61244ae7300c,0

641.leela_s/1,1/super_hot_regions:76,0x61244ae7300f,20
641.leela_s/1,1/super_hot_regions:76,0x61244ae73013,0
641.leela_s/1,1/super_hot_regions:76,0x61244ae73015,0
641.leela_s/1,1/super_hot_regions:76,0x61244ae73020,0
641.leela_s/1,1/super_hot_regions:76,0x61244ae7301d,0

641.leela_s/1,1/super_hot_regions:77,0x61244ae73022,10
641.leela_s/1,1/super_hot_regions:77,0x61244ae73024,0

641.leela_s/1,1/super_hot_regions:88,0x61244ae6e9e4,20
641.leela_s/1,1/super_hot_regions:88,0x61244ae6e9ea,0
641.leela_s/1,1/super_hot_regions:88,0x61244ae6e9ec,0
641.leela_s/1,1/super_hot_regions:88,0x61244ae6e9ef,0

641.leela_s/1,1/super_hot_regions:94,0x61244ae5cd01,10
641.leela_s/1,1/super_hot_regions:94,0x61244ae5cd0a,0

644.nab_s/1,1/super_hot_regions:0,0x5fac5e140d10,10
644.nab_s/1,1/super_hot_regions:0,0x5fac5e140d15,0

644.nab_s/1,1/super_hot_regions:114,0x5fac5e1392a4,20
644.nab_s/1,1/super_hot_regions:114,0x5fac5e1392a8,0

644.nab_s/1,1/super_hot_regions:116,0x5fac5e139999,20
644.nab_s/1,1/super_hot_regions:116,0x5fac5e1399a1,0

644.nab_s/1,1/super_hot_regions:117,0x5fac5e1399de,20
644.nab_s/1,1/super_hot_regions:117,0x5fac5e1399e6,0

644.nab_s/1,1/super_hot_regions:118,0x5fac5e139a5f,20
644.nab_s/1,1/super_hot_regions:118,0x5fac5e139a67,0

644.nab_s/1,1/super_hot_regions:119,0x5fac5e139c4d,20
644.nab_s/1,1/super_hot_regions:119,0x5fac5e139c55,0

644.nab_s/1,1/super_hot_regions:120,0x5fac5e139c80,20
644.nab_s/1,1/super_hot_regions:120,0x5fac5e139c88,0

644.nab_s/1,1/super_hot_regions:121,0x5fac5e139caa,20
644.nab_s/1,1/super_hot_regions:121,0x5fac5e139cb2,0

644.nab_s/1,1/super_hot_regions:124,0x5fac5e138cfa,30
644.nab_s/1,1/super_hot_regions:124,0x5fac5e138d1c,0
644.nab_s/1,1/super_hot_regions:124,0x5fac5e138d24,0

644.nab_s/1,1/super_hot_regions:125,0x5fac5e138d20,20
644.nab_s/1,1/super_hot_regions:125,0x5fac5e138d46,0
644.nab_s/1,1/super_hot_regions:125,0x5fac5e138d48,0
644.nab_s/1,1/super_hot_regions:125,0x5fac5e138d4a,0

644.nab_s/1,1/super_hot_regions:126,0x5fac5e138dcb,10
644.nab_s/1,1/super_hot_regions:126,0x5fac5e138dcf,0

644.nab_s/1,1/super_hot_regions:127,0x5fac5e138dd7,10
644.nab_s/1,1/super_hot_regions:127,0x5fac5e138ddb,0

644.nab_s/1,1/super_hot_regions:128,0x5fac5e138de3,10
644.nab_s/1,1/super_hot_regions:128,0x5fac5e138de7,0

644.nab_s/1,1/super_hot_regions:129,0x5fac5e138def,10
644.nab_s/1,1/super_hot_regions:129,0x5fac5e138df3,0

644.nab_s/1,1/super_hot_regions:130,0x5fac5e138e0c,10
644.nab_s/1,1/super_hot_regions:130,0x5fac5e138e10,0

644.nab_s/1,1/super_hot_regions:131,0x5fac5e138e18,10
644.nab_s/1,1/super_hot_regions:131,0x5fac5e138e1c,0

644.nab_s/1,1/super_hot_regions:132,0x5fac5e138ec7,10
644.nab_s/1,1/super_hot_regions:132,0x5fac5e138ecb,0

644.nab_s/1,1/super_hot_regions:135,0x5fac5e1413a8,20
644.nab_s/1,1/super_hot_regions:135,0x5fac5e1413af,0
644.nab_s/1,1/super_hot_regions:135,0x5fac5e1413b4,0

644.nab_s/1,1/super_hot_regions:136,0x5fac5e1413ab,20
644.nab_s/1,1/super_hot_regions:136,0x5fac5e1413b7,0

644.nab_s/1,1/super_hot_regions:147,0x5fac5e140cb6,10
644.nab_s/1,1/super_hot_regions:147,0x5fac5e140cb8,0

644.nab_s/1,1/super_hot_regions:154,0x5fac5e13c4c8,10
644.nab_s/1,1/super_hot_regions:154,0x5fac5e13c4cc,0

644.nab_s/1,1/super_hot_regions:156,0x5fac5e13c522,10
644.nab_s/1,1/super_hot_regions:156,0x5fac5e13c532,0

644.nab_s/1,1/super_hot_regions:34,0x5fac5e13a744,10
644.nab_s/1,1/super_hot_regions:34,0x5fac5e13a746,0

644.nab_s/1,1/super_hot_regions:47,0x5fac5e140b58,10
644.nab_s/1,1/super_hot_regions:47,0x5fac5e140b60,0

644.nab_s/1,1/super_hot_regions:5,0x5fac5e140d22,10
644.nab_s/1,1/super_hot_regions:5,0x5fac5e140d24,0

644.nab_s/1,1/super_hot_regions:52,0x5fac5e1409c4,10
644.nab_s/1,1/super_hot_regions:52,0x5fac5e1409c9,0

644.nab_s/1,1/super_hot_regions:53,0x5fac5e1409f6,10
644.nab_s/1,1/super_hot_regions:53,0x5fac5e1409fa,0

644.nab_s/1,1/super_hot_regions:54,0x5fac5e140a0e,10
644.nab_s/1,1/super_hot_regions:54,0x5fac5e140a18,0

644.nab_s/1,1/super_hot_regions:55,0x5fac5e140a1d,10
644.nab_s/1,1/super_hot_regions:55,0x5fac5e140a2e,0

644.nab_s/1,1/super_hot_regions:56,0x5fac5e140a26,10
644.nab_s/1,1/super_hot_regions:56,0x5fac5e140a33,0

644.nab_s/1,1/super_hot_regions:57,0x5fac5e140a22,10
644.nab_s/1,1/super_hot_regions:57,0x5fac5e140a38,0

644.nab_s/1,1/super_hot_regions:61,0x5fac5e140bb4,20
644.nab_s/1,1/super_hot_regions:61,0x5fac5e140bbb,0

644.nab_s/1,1/super_hot_regions:73,0x5fac5e140ce0,30
644.nab_s/1,1/super_hot_regions:73,0x5fac5e140ce6,0
644.nab_s/1,1/super_hot_regions:73,0x5fac5e140cef,0

644.nab_s/1,1/super_hot_regions:78,0x5fac5e13fda8,10
644.nab_s/1,1/super_hot_regions:78,0x5fac5e13fdaa,0

644.nab_s/1,1/super_hot_regions:80,0x5fac5e140ca4,10
644.nab_s/1,1/super_hot_regions:80,0x5fac5e140ca9,0

644.nab_s/1,1/super_hot_regions:99,0x5fac5e13a5e0,20
644.nab_s/1,1/super_hot_regions:99,0x5fac5e13a5e3,0

648.exchange2_s/1,1/super_hot_regions:100,0x63beba65e0d5,20
648.exchange2_s/1,1/super_hot_regions:100,0x63beba65e0dd,0

648.exchange2_s/1,1/super_hot_regions:101,0x63beba65e0e4,10
648.exchange2_s/1,1/super_hot_regions:101,0x63beba65e0ec,0

648.exchange2_s/1,1/super_hot_regions:102,0x63beba65ffbb,140
648.exchange2_s/1,1/super_hot_regions:102,0x63beba65ffc3,0
648.exchange2_s/1,1/super_hot_regions:102,0x63beba65ffe1,0
648.exchange2_s/1,1/super_hot_regions:102,0x63beba65ffd2,0
648.exchange2_s/1,1/super_hot_regions:102,0x63beba65ffec,0
648.exchange2_s/1,1/super_hot_regions:102,0x63beba65fff8,0
648.exchange2_s/1,1/super_hot_regions:102,0x63beba65ffcb,0
648.exchange2_s/1,1/super_hot_regions:102,0x63beba65ffe8,0
648.exchange2_s/1,1/super_hot_regions:102,0x63beba65ffdd,0
648.exchange2_s/1,1/super_hot_regions:102,0x63beba65fff4,0
648.exchange2_s/1,1/super_hot_regions:102,0x63beba65ffc7,0
648.exchange2_s/1,1/super_hot_regions:102,0x63beba65ffd9,0
648.exchange2_s/1,1/super_hot_regions:102,0x63beba65ffe5,0
648.exchange2_s/1,1/super_hot_regions:102,0x63beba65fff0,0

648.exchange2_s/1,1/super_hot_regions:108,0x63beba65e7ff,30
648.exchange2_s/1,1/super_hot_regions:108,0x63beba65e806,0
648.exchange2_s/1,1/super_hot_regions:108,0x63beba65e80d,0
648.exchange2_s/1,1/super_hot_regions:108,0x63beba65e80f,0
648.exchange2_s/1,1/super_hot_regions:108,0x63beba65e815,0

648.exchange2_s/1,1/super_hot_regions:109,0x63beba65e81c,20
648.exchange2_s/1,1/super_hot_regions:109,0x63beba65e824,0

648.exchange2_s/1,1/super_hot_regions:111,0x63beba65ff25,150
648.exchange2_s/1,1/super_hot_regions:111,0x63beba65ff2d,0
648.exchange2_s/1,1/super_hot_regions:111,0x63beba65ff4e,0
648.exchange2_s/1,1/super_hot_regions:111,0x63beba65ff39,0
648.exchange2_s/1,1/super_hot_regions:111,0x63beba65ff60,0
648.exchange2_s/1,1/super_hot_regions:111,0x63beba65ff6c,0
648.exchange2_s/1,1/super_hot_regions:111,0x63beba65ff35,0
648.exchange2_s/1,1/super_hot_regions:111,0x63beba65ff5c,0
648.exchange2_s/1,1/super_hot_regions:111,0x63beba65ff47,0
648.exchange2_s/1,1/super_hot_regions:111,0x63beba65ff68,0
648.exchange2_s/1,1/super_hot_regions:111,0x63beba65ff31,0
648.exchange2_s/1,1/super_hot_regions:111,0x63beba65ff40,0
648.exchange2_s/1,1/super_hot_regions:111,0x63beba65ff55,0
648.exchange2_s/1,1/super_hot_regions:111,0x63beba65ff70,0
648.exchange2_s/1,1/super_hot_regions:111,0x63beba65ff64,0

648.exchange2_s/1,1/super_hot_regions:112,0x63beba662602,20
648.exchange2_s/1,1/super_hot_regions:112,0x63beba662604,0

648.exchange2_s/1,1/super_hot_regions:113,0x63beba662600,10
648.exchange2_s/1,1/super_hot_regions:113,0x63beba66260b,0

648.exchange2_s/1,1/super_hot_regions:115,0x63beba6635b3,20
648.exchange2_s/1,1/super_hot_regions:115,0x63beba6635b5,0

648.exchange2_s/1,1/super_hot_regions:116,0x63beba6635b0,10
648.exchange2_s/1,1/super_hot_regions:116,0x63beba6635bc,0

648.exchange2_s/1,1/super_hot_regions:122,0x63beba661f93,20
648.exchange2_s/1,1/super_hot_regions:122,0x63beba661f9a,0

648.exchange2_s/1,1/super_hot_regions:124,0x7bd1ede61fbd,20
648.exchange2_s/1,1/super_hot_regions:124,0x7bd1ede61fc1,0

648.exchange2_s/1,1/super_hot_regions:125,0x7bd1ede61fc5,20
648.exchange2_s/1,1/super_hot_regions:125,0x7bd1ede61fc9,0
648.exchange2_s/1,1/super_hot_regions:125,0x7bd1ede61fcd,0

648.exchange2_s/1,1/super_hot_regions:130,0x63beba65d0d2,30
648.exchange2_s/1,1/super_hot_regions:130,0x63beba65d0d9,0
648.exchange2_s/1,1/super_hot_regions:130,0x63beba65d0dd,0

648.exchange2_s/1,1/super_hot_regions:133,0x63beba65dfd1,20
648.exchange2_s/1,1/super_hot_regions:133,0x63beba65dfd8,0

648.exchange2_s/1,1/super_hot_regions:26,0x63beba65eb14,20
648.exchange2_s/1,1/super_hot_regions:26,0x63beba65eb22,0

648.exchange2_s/1,1/super_hot_regions:27,0x63beba65eb28,20
648.exchange2_s/1,1/super_hot_regions:27,0x63beba65eb37,0

648.exchange2_s/1,1/super_hot_regions:28,0x63beba65eb1b,30
648.exchange2_s/1,1/super_hot_regions:28,0x63beba65eb30,0
648.exchange2_s/1,1/super_hot_regions:28,0x63beba65eb43,0

648.exchange2_s/1,1/super_hot_regions:32,0x63beba65fd17,100
648.exchange2_s/1,1/super_hot_regions:32,0x63beba65fd1c,0
648.exchange2_s/1,1/super_hot_regions:32,0x63beba65fd3a,0
648.exchange2_s/1,1/super_hot_regions:32,0x63beba65fd2e,0
648.exchange2_s/1,1/super_hot_regions:32,0x63beba65fd27,0
648.exchange2_s/1,1/super_hot_regions:32,0x63beba65fd41,0
648.exchange2_s/1,1/super_hot_regions:32,0x63beba65fd36,0
648.exchange2_s/1,1/super_hot_regions:32,0x63beba65fd20,0
648.exchange2_s/1,1/super_hot_regions:32,0x63beba65fd32,0
648.exchange2_s/1,1/super_hot_regions:32,0x63beba65fd3d,0

648.exchange2_s/1,1/super_hot_regions:34,0x63beba65fd4a,110
648.exchange2_s/1,1/super_hot_regions:34,0x63beba65fd52,0
648.exchange2_s/1,1/super_hot_regions:34,0x63beba65fd70,0
648.exchange2_s/1,1/super_hot_regions:34,0x63beba65fd61,0
648.exchange2_s/1,1/super_hot_regions:34,0x63beba65fd7b,0
648.exchange2_s/1,1/super_hot_regions:34,0x63beba65fd5a,0
648.exchange2_s/1,1/super_hot_regions:34,0x63beba65fd77,0
648.exchange2_s/1,1/super_hot_regions:34,0x63beba65fd6c,0
648.exchange2_s/1,1/super_hot_regions:34,0x63beba65fd56,0
648.exchange2_s/1,1/super_hot_regions:34,0x63beba65fd68,0
648.exchange2_s/1,1/super_hot_regions:34,0x63beba65fd74,0

648.exchange2_s/1,1/super_hot_regions:37,0x7bd1ede62175,10
648.exchange2_s/1,1/super_hot_regions:37,0x7bd1ede62187,0

648.exchange2_s/1,1/super_hot_regions:39,0x7bd1ede62140,20
648.exchange2_s/1,1/super_hot_regions:39,0x7bd1ede62148,0
648.exchange2_s/1,1/super_hot_regions:39,0x7bd1ede6214f,0

648.exchange2_s/1,1/super_hot_regions:40,0x7bd1ede6215a,20
648.exchange2_s/1,1/super_hot_regions:40,0x7bd1ede6215e,0
648.exchange2_s/1,1/super_hot_regions:40,0x7bd1ede62161,0
648.exchange2_s/1,1/super_hot_regions:40,0x7bd1ede62169,0

648.exchange2_s/1,1/super_hot_regions:42,0x63beba65ec3c,20
648.exchange2_s/1,1/super_hot_regions:42,0x63beba65ec48,0

648.exchange2_s/1,1/super_hot_regions:44,0x63beba65fc5a,90
648.exchange2_s/1,1/super_hot_regions:44,0x63beba65fc5f,0
648.exchange2_s/1,1/super_hot_regions:44,0x63beba65fc77,0
648.exchange2_s/1,1/super_hot_regions:44,0x63beba65fc6b,0
648.exchange2_s/1,1/super_hot_regions:44,0x63beba65fc67,0
648.exchange2_s/1,1/super_hot_regions:44,0x63beba65fc73,0
648.exchange2_s/1,1/super_hot_regions:44,0x63beba65fc63,0
648.exchange2_s/1,1/super_hot_regions:44,0x63beba65fc6f,0
648.exchange2_s/1,1/super_hot_regions:44,0x63beba65fc7b,0

648.exchange2_s/1,1/super_hot_regions:45,0x7bd1ede62210,20
648.exchange2_s/1,1/super_hot_regions:45,0x7bd1ede6221f,0

648.exchange2_s/1,1/super_hot_regions:49,0x63beba65ea58,20
648.exchange2_s/1,1/super_hot_regions:49,0x63beba65ea66,0

648.exchange2_s/1,1/super_hot_regions:50,0x63beba65ea7c,20
648.exchange2_s/1,1/super_hot_regions:50,0x63beba65ea8b,0

648.exchange2_s/1,1/super_hot_regions:52,0x63beba65fd84,120
648.exchange2_s/1,1/super_hot_regions:52,0x63beba65fd8c,0
648.exchange2_s/1,1/super_hot_regions:52,0x63beba65fdaa,0
648.exchange2_s/1,1/super_hot_regions:52,0x63beba65fd98,0
648.exchange2_s/1,1/super_hot_regions:52,0x63beba65fdb6,0
648.exchange2_s/1,1/super_hot_regions:52,0x63beba65fd94,0
648.exchange2_s/1,1/super_hot_regions:52,0x63beba65fdb2,0
648.exchange2_s/1,1/super_hot_regions:52,0x63beba65fda6,0
648.exchange2_s/1,1/super_hot_regions:52,0x63beba65fd90,0
648.exchange2_s/1,1/super_hot_regions:52,0x63beba65fd9f,0
648.exchange2_s/1,1/super_hot_regions:52,0x63beba65fdae,0
648.exchange2_s/1,1/super_hot_regions:52,0x63beba65fdba,0

648.exchange2_s/1,1/super_hot_regions:61,0x63beba65e8cf,20
648.exchange2_s/1,1/super_hot_regions:61,0x63beba65e8d6,0

648.exchange2_s/1,1/super_hot_regions:62,0x63beba65e8dc,20
648.exchange2_s/1,1/super_hot_regions:62,0x63beba65e8e3,0

648.exchange2_s/1,1/super_hot_regions:63,0x63beba65e8ea,20
648.exchange2_s/1,1/super_hot_regions:63,0x63beba65e8f2,0

648.exchange2_s/1,1/super_hot_regions:66,0x63beba65e99b,20
648.exchange2_s/1,1/super_hot_regions:66,0x63beba65e9a9,0

648.exchange2_s/1,1/super_hot_regions:67,0x63beba65e9b6,20
648.exchange2_s/1,1/super_hot_regions:67,0x63beba65e9c7,0

648.exchange2_s/1,1/super_hot_regions:69,0x63beba65fe52,130
648.exchange2_s/1,1/super_hot_regions:69,0x63beba65fe5a,0
648.exchange2_s/1,1/super_hot_regions:69,0x63beba65fe81,0
648.exchange2_s/1,1/super_hot_regions:69,0x63beba65fe6c,0
648.exchange2_s/1,1/super_hot_regions:69,0x63beba65fe8d,0
648.exchange2_s/1,1/super_hot_regions:69,0x63beba65fe65,0
648.exchange2_s/1,1/super_hot_regions:69,0x63beba65fe89,0
648.exchange2_s/1,1/super_hot_regions:69,0x63beba65fe7a,0
648.exchange2_s/1,1/super_hot_regions:69,0x63beba65fe94,0
648.exchange2_s/1,1/super_hot_regions:69,0x63beba65fe5e,0
648.exchange2_s/1,1/super_hot_regions:69,0x63beba65fe73,0
648.exchange2_s/1,1/super_hot_regions:69,0x63beba65fe85,0
648.exchange2_s/1,1/super_hot_regions:69,0x63beba65fe90,0

649.fotonik3d_s/1,1/super_hot_regions:102,0x566cf36b3c8b,10
649.fotonik3d_s/1,1/super_hot_regions:102,0x566cf36b3c92,0

649.fotonik3d_s/1,1/super_hot_regions:104,0x566cf36b3dd7,20
649.fotonik3d_s/1,1/super_hot_regions:104,0x566cf36b3de7,0

649.fotonik3d_s/1,1/super_hot_regions:105,0x566cf36b3def,20
649.fotonik3d_s/1,1/super_hot_regions:105,0x566cf36b3dff,0

649.fotonik3d_s/1,1/super_hot_regions:106,0x566cf36b3ddf,30
649.fotonik3d_s/1,1/super_hot_regions:106,0x566cf36b3df7,0
649.fotonik3d_s/1,1/super_hot_regions:106,0x566cf36b3e0f,0

649.fotonik3d_s/1,1/super_hot_regions:107,0x566cf36b3e07,20
649.fotonik3d_s/1,1/super_hot_regions:107,0x566cf36b3e17,0

649.fotonik3d_s/1,1/super_hot_regions:108,0x566cf36b3e1f,20
649.fotonik3d_s/1,1/super_hot_regions:108,0x566cf36b3e2f,0

649.fotonik3d_s/1,1/super_hot_regions:109,0x566cf36b3e37,20
649.fotonik3d_s/1,1/super_hot_regions:109,0x566cf36b3e47,0

649.fotonik3d_s/1,1/super_hot_regions:110,0x566cf36b3e27,30
649.fotonik3d_s/1,1/super_hot_regions:110,0x566cf36b3e3f,0
649.fotonik3d_s/1,1/super_hot_regions:110,0x566cf36b3e57,0

649.fotonik3d_s/1,1/super_hot_regions:111,0x566cf36b3e4f,20
649.fotonik3d_s/1,1/super_hot_regions:111,0x566cf36b3e5f,0

649.fotonik3d_s/1,1/super_hot_regions:112,0x566cf36b3e6f,30
649.fotonik3d_s/1,1/super_hot_regions:112,0x566cf36b3e7f,0
649.fotonik3d_s/1,1/super_hot_regions:112,0x566cf36b3ea7,0

649.fotonik3d_s/1,1/super_hot_regions:113,0x566cf36b3e67,30
649.fotonik3d_s/1,1/super_hot_regions:113,0x566cf36b3e77,0
649.fotonik3d_s/1,1/super_hot_regions:113,0x566cf36b3eda,0

649.fotonik3d_s/1,1/super_hot_regions:114,0x566cf36b3e87,30
649.fotonik3d_s/1,1/super_hot_regions:114,0x566cf36b3eba,0
649.fotonik3d_s/1,1/super_hot_regions:114,0x566cf36b3ee2,0

649.fotonik3d_s/1,1/super_hot_regions:115,0x566cf36b3e8f,30
649.fotonik3d_s/1,1/super_hot_regions:115,0x566cf36b3ec2,0
649.fotonik3d_s/1,1/super_hot_regions:115,0x566cf36b3eea,0

649.fotonik3d_s/1,1/super_hot_regions:116,0x566cf36b3e97,30
649.fotonik3d_s/1,1/super_hot_regions:116,0x566cf36b3eca,0
649.fotonik3d_s/1,1/super_hot_regions:116,0x566cf36b3ef2,0

649.fotonik3d_s/1,1/super_hot_regions:117,0x566cf36b3e9f,30
649.fotonik3d_s/1,1/super_hot_regions:117,0x566cf36b3ed2,0
649.fotonik3d_s/1,1/super_hot_regions:117,0x566cf36b3efa,0

649.fotonik3d_s/1,1/super_hot_regions:118,0x566cf36b3eaf,20
649.fotonik3d_s/1,1/super_hot_regions:118,0x566cf36b3f02,0

649.fotonik3d_s/1,1/super_hot_regions:120,0x566cf36b396c,20
649.fotonik3d_s/1,1/super_hot_regions:120,0x566cf36b3978,0

649.fotonik3d_s/1,1/super_hot_regions:121,0x566cf36b3851,10
649.fotonik3d_s/1,1/super_hot_regions:121,0x566cf36b3987,0

649.fotonik3d_s/1,1/super_hot_regions:122,0x566cf36b39a1,20
649.fotonik3d_s/1,1/super_hot_regions:122,0x566cf36b39a9,0

649.fotonik3d_s/1,1/super_hot_regions:123,0x566cf36b3990,20
649.fotonik3d_s/1,1/super_hot_regions:123,0x566cf36b399e,0
649.fotonik3d_s/1,1/super_hot_regions:123,0x566cf36b39b2,0

649.fotonik3d_s/1,1/super_hot_regions:124,0x566cf36b3879,30
649.fotonik3d_s/1,1/super_hot_regions:124,0x566cf36b3895,0
649.fotonik3d_s/1,1/super_hot_regions:124,0x566cf36b389b,0
649.fotonik3d_s/1,1/super_hot_regions:124,0x566cf36b39dd,0

649.fotonik3d_s/1,1/super_hot_regions:125,0x566cf36b3885,30
649.fotonik3d_s/1,1/super_hot_regions:125,0x566cf36b3898,0
649.fotonik3d_s/1,1/super_hot_regions:125,0x566cf36b38af,0
649.fotonik3d_s/1,1/super_hot_regions:125,0x566cf36b3a06,0

649.fotonik3d_s/1,1/super_hot_regions:126,0x566cf36b383d,30
649.fotonik3d_s/1,1/super_hot_regions:126,0x566cf36b3859,0
649.fotonik3d_s/1,1/super_hot_regions:126,0x566cf36b397f,0
649.fotonik3d_s/1,1/super_hot_regions:126,0x566cf36b3a1b,0

649.fotonik3d_s/1,1/super_hot_regions:127,0x566cf36b3865,20
649.fotonik3d_s/1,1/super_hot_regions:127,0x566cf36b3869,0
649.fotonik3d_s/1,1/super_hot_regions:127,0x566cf36b3a29,0

649.fotonik3d_s/1,1/super_hot_regions:128,0x566cf36b38c3,20
649.fotonik3d_s/1,1/super_hot_regions:128,0x566cf36b38ea,0
649.fotonik3d_s/1,1/super_hot_regions:128,0x566cf36b3a38,0

649.fotonik3d_s/1,1/super_hot_regions:129,0x566cf36b38cb,20
649.fotonik3d_s/1,1/super_hot_regions:129,0x566cf36b38fa,0
649.fotonik3d_s/1,1/super_hot_regions:129,0x566cf36b3a67,0

649.fotonik3d_s/1,1/super_hot_regions:130,0x566cf36b38a3,20
649.fotonik3d_s/1,1/super_hot_regions:130,0x566cf36b38d7,0
649.fotonik3d_s/1,1/super_hot_regions:130,0x566cf36b3a73,0

649.fotonik3d_s/1,1/super_hot_regions:131,0x566cf36b38cf,30
649.fotonik3d_s/1,1/super_hot_regions:131,0x566cf36b38e7,0
649.fotonik3d_s/1,1/super_hot_regions:131,0x566cf36b3902,0
649.fotonik3d_s/1,1/super_hot_regions:131,0x566cf36b3a92,0

649.fotonik3d_s/1,1/super_hot_regions:132,0x566cf36b38f2,30
649.fotonik3d_s/1,1/super_hot_regions:132,0x566cf36b391a,0
649.fotonik3d_s/1,1/super_hot_regions:132,0x566cf36b3921,0
649.fotonik3d_s/1,1/super_hot_regions:132,0x566cf36b3adb,0

649.fotonik3d_s/1,1/super_hot_regions:133,0x566cf36b394e,20
649.fotonik3d_s/1,1/super_hot_regions:133,0x566cf36b3952,0
649.fotonik3d_s/1,1/super_hot_regions:133,0x566cf36b3af0,0

649.fotonik3d_s/1,1/super_hot_regions:141,0x566cf36b37f2,20
649.fotonik3d_s/1,1/super_hot_regions:141,0x566cf36b37f9,0

649.fotonik3d_s/1,1/super_hot_regions:145,0x566cf36b345c,20
649.fotonik3d_s/1,1/super_hot_regions:145,0x566cf36b3464,0
649.fotonik3d_s/1,1/super_hot_regions:145,0x566cf36b3467,0

649.fotonik3d_s/1,1/super_hot_regions:146,0x566cf36b346f,20
649.fotonik3d_s/1,1/super_hot_regions:146,0x566cf36b3477,0
649.fotonik3d_s/1,1/super_hot_regions:146,0x566cf36b347a,0

649.fotonik3d_s/1,1/super_hot_regions:147,0x566cf36b3482,20
649.fotonik3d_s/1,1/super_hot_regions:147,0x566cf36b348a,0
649.fotonik3d_s/1,1/super_hot_regions:147,0x566cf36b348d,0

649.fotonik3d_s/1,1/super_hot_regions:148,0x566cf36b3495,20
649.fotonik3d_s/1,1/super_hot_regions:148,0x566cf36b349d,0
649.fotonik3d_s/1,1/super_hot_regions:148,0x566cf36b34a0,0

649.fotonik3d_s/1,1/super_hot_regions:150,0x566cf36b34b6,20
649.fotonik3d_s/1,1/super_hot_regions:150,0x566cf36b34be,0
649.fotonik3d_s/1,1/super_hot_regions:150,0x566cf36b34c1,0

654.roms_s/1,1/super_hot_regions:10,0x5c4526bb5232,20
654.roms_s/1,1/super_hot_regions:10,0x5c4526bb523e,0

654.roms_s/1,1/super_hot_regions:11,0x5c4526bb5245,20
654.roms_s/1,1/super_hot_regions:11,0x5c4526bb5253,0

654.roms_s/1,1/super_hot_regions:12,0x5c4526bb525a,20
654.roms_s/1,1/super_hot_regions:12,0x5c4526bb5264,0

654.roms_s/1,1/super_hot_regions:13,0x5c4526bb526b,20
654.roms_s/1,1/super_hot_regions:13,0x5c4526bb5276,0

654.roms_s/1,1/super_hot_regions:14,0x5c4526bb524c,20
654.roms_s/1,1/super_hot_regions:14,0x5c4526bb5261,0
654.roms_s/1,1/super_hot_regions:14,0x5c4526bb527d,0

654.roms_s/1,1/super_hot_regions:76,0x77ba1252d94e,10
654.roms_s/1,1/super_hot_regions:76,0x77ba1252da13,0

654.roms_s/1,1/super_hot_regions:9,0x5c4526bb521d,20
654.roms_s/1,1/super_hot_regions:9,0x5c4526bb522b,0

657.xz_s/1,1/super_hot_regions:100,0x609e9ee3014d,10
657.xz_s/1,1/super_hot_regions:100,0x609e9ee30150,0

657.xz_s/1,1/super_hot_regions:102,0x609e9ee3017f,10
657.xz_s/1,1/super_hot_regions:102,0x609e9ee30185,0

657.xz_s/1,1/super_hot_regions:11,0x609e9ee29f52,10
657.xz_s/1,1/super_hot_regions:11,0x609e9ee29f59,0

657.xz_s/1,1/super_hot_regions:110,0x609ea2075293,20
657.xz_s/1,1/super_hot_regions:110,0x609ea2075299,0

657.xz_s/1,1/super_hot_regions:111,0x609ea207529b,10
657.xz_s/1,1/super_hot_regions:111,0x609ea20752a2,0

657.xz_s/1,1/super_hot_regions:112,0x609ea20752a6,10
657.xz_s/1,1/super_hot_regions:112,0x609ea20752a9,0

657.xz_s/1,1/super_hot_regions:117,0x609ea20753bf,20
657.xz_s/1,1/super_hot_regions:117,0x609ea20753c5,0
657.xz_s/1,1/super_hot_regions:117,0x609ea20753c8,0

657.xz_s/1,1/super_hot_regions:12,0x609e9ee29f56,10
657.xz_s/1,1/super_hot_regions:12,0x609e9ee29f5d,0

657.xz_s/1,1/super_hot_regions:125,0x609e9ee2ba10,60
657.xz_s/1,1/super_hot_regions:125,0x609e9ee2ba1a,0
657.xz_s/1,1/super_hot_regions:125,0x609e9ee2ba4a,0
657.xz_s/1,1/super_hot_regions:125,0x609e9ee2ba16,0
657.xz_s/1,1/super_hot_regions:125,0x609e9ee2ba41,0
657.xz_s/1,1/super_hot_regions:125,0x609e9ee2ba54,0
657.xz_s/1,1/super_hot_regions:125,0x609e9ee2ba13,0
657.xz_s/1,1/super_hot_regions:125,0x609e9ee2ba21,0
657.xz_s/1,1/super_hot_regions:125,0x609e9ee2ba25,0
657.xz_s/1,1/super_hot_regions:125,0x609e9ee2ba2d,0
657.xz_s/1,1/super_hot_regions:125,0x609e9ee2ba30,0
657.xz_s/1,1/super_hot_regions:125,0x609e9ee2ba4e,0
657.xz_s/1,1/super_hot_regions:125,0x609e9ee2ba58,0
657.xz_s/1,1/super_hot_regions:125,0x609e9ee2ba5b,0
657.xz_s/1,1/super_hot_regions:125,0x609e9ee2ba71,0
657.xz_s/1,1/super_hot_regions:125,0x609e9ee2ba69,0

657.xz_s/1,1/super_hot_regions:128,0x609e9ee31fd9,20
657.xz_s/1,1/super_hot_regions:128,0x609e9ee31fe1,0
657.xz_s/1,1/super_hot_regions:128,0x609e9ee31fe6,0
657.xz_s/1,1/super_hot_regions:128,0x609e9ee31fe9,0
657.xz_s/1,1/super_hot_regions:128,0x609e9ee31fed,0

657.xz_s/1,1/super_hot_regions:129,0x609e9ee31ff2,20
657.xz_s/1,1/super_hot_regions:129,0x609e9ee31ff7,0

657.xz_s/1,1/super_hot_regions:131,0x609e9ee32060,10
657.xz_s/1,1/super_hot_regions:131,0x609e9ee32065,0
657.xz_s/1,1/super_hot_regions:131,0x609e9ee32068,0
657.xz_s/1,1/super_hot_regions:131,0x609e9ee3206b,0

657.xz_s/1,1/super_hot_regions:132,0x609e9ee32077,20
657.xz_s/1,1/super_hot_regions:132,0x609e9ee3207e,0

657.xz_s/1,1/super_hot_regions:133,0x609e9ee32072,40
657.xz_s/1,1/super_hot_regions:133,0x609e9ee3208d,0
657.xz_s/1,1/super_hot_regions:133,0x609e9ee3207b,0
657.xz_s/1,1/super_hot_regions:133,0x609e9ee32080,0
657.xz_s/1,1/super_hot_regions:133,0x609e9ee32090,0
657.xz_s/1,1/super_hot_regions:133,0x609e9ee320a1,0
657.xz_s/1,1/super_hot_regions:133,0x609e9ee32098,0
657.xz_s/1,1/super_hot_regions:133,0x609e9ee320a6,0
657.xz_s/1,1/super_hot_regions:133,0x609e9ee3209d,0
657.xz_s/1,1/super_hot_regions:133,0x609e9ee320a9,0
657.xz_s/1,1/super_hot_regions:133,0x609e9ee320ae,0
657.xz_s/1,1/super_hot_regions:133,0x609e9ee320b1,0

657.xz_s/1,1/super_hot_regions:134,0x609e9ee320b4,10
657.xz_s/1,1/super_hot_regions:134,0x609e9ee320b8,0

657.xz_s/1,1/super_hot_regions:135,0x609e9ee320bc,10
657.xz_s/1,1/super_hot_regions:135,0x609e9ee320c5,0

657.xz_s/1,1/super_hot_regions:137,0x609e9ee29e31,10
657.xz_s/1,1/super_hot_regions:137,0x609e9ee29e40,0

657.xz_s/1,1/super_hot_regions:139,0x609e9ee2bb5a,10
657.xz_s/1,1/super_hot_regions:139,0x609e9ee2bb5f,0

657.xz_s/1,1/super_hot_regions:144,0x609e9ee29f9e,20
657.xz_s/1,1/super_hot_regions:144,0x609e9ee29fb3,0
657.xz_s/1,1/super_hot_regions:144,0x609e9ee29fb7,0

657.xz_s/1,1/super_hot_regions:145,0x609e9ee3005d,10
657.xz_s/1,1/super_hot_regions:145,0x609e9ee30061,0

657.xz_s/1,1/super_hot_regions:147,0x609e9ee311c8,20
657.xz_s/1,1/super_hot_regions:147,0x609e9ee311d3,0
657.xz_s/1,1/super_hot_regions:147,0x609e9ee311cd,0
657.xz_s/1,1/super_hot_regions:147,0x609e9ee311d7,0
657.xz_s/1,1/super_hot_regions:147,0x609e9ee311da,0
657.xz_s/1,1/super_hot_regions:147,0x609e9ee311e1,0
657.xz_s/1,1/super_hot_regions:147,0x609e9ee311e4,0

657.xz_s/1,1/super_hot_regions:148,0x609e9ee311e7,20
657.xz_s/1,1/super_hot_regions:148,0x609e9ee311ec,0

657.xz_s/1,1/super_hot_regions:157,0x609e9ee2cc88,20
657.xz_s/1,1/super_hot_regions:157,0x609e9ee2cc8b,0
657.xz_s/1,1/super_hot_regions:157,0x609e9ee2cc8e,0

657.xz_s/1,1/super_hot_regions:160,0x609e9ee2ccd0,20
657.xz_s/1,1/super_hot_regions:160,0x609e9ee2ccd8,0

657.xz_s/1,1/super_hot_regions:162,0x609e9ee2ccf8,10
657.xz_s/1,1/super_hot_regions:162,0x609e9ee2ccfb,0

657.xz_s/1,1/super_hot_regions:163,0x609e9ee2ccb6,10
657.xz_s/1,1/super_hot_regions:163,0x609e9ee2ccb9,0

657.xz_s/1,1/super_hot_regions:165,0x609e9ee2f510,20
657.xz_s/1,1/super_hot_regions:165,0x609e9ee2f51c,0
657.xz_s/1,1/super_hot_regions:165,0x609e9ee2f513,0
657.xz_s/1,1/super_hot_regions:165,0x609e9ee2f521,0
657.xz_s/1,1/super_hot_regions:165,0x609e9ee2f527,0
657.xz_s/1,1/super_hot_regions:165,0x609e9ee2f529,0
657.xz_s/1,1/super_hot_regions:165,0x609e9ee2f52e,0
657.xz_s/1,1/super_hot_regions:165,0x609e9ee2f533,0
657.xz_s/1,1/super_hot_regions:165,0x609e9ee2f535,0

657.xz_s/1,1/super_hot_regions:166,0x609e9ee2f537,10
657.xz_s/1,1/super_hot_regions:166,0x609e9ee2f53b,0

657.xz_s/1,1/super_hot_regions:170,0x609e9ee29e5c,50
657.xz_s/1,1/super_hot_regions:170,0x609e9ee29e70,0
657.xz_s/1,1/super_hot_regions:170,0x609e9ee29e63,0
657.xz_s/1,1/super_hot_regions:170,0x609e9ee29e67,0
657.xz_s/1,1/super_hot_regions:170,0x609e9ee29e88,0
657.xz_s/1,1/super_hot_regions:170,0x609e9ee29e91,0

657.xz_s/1,1/super_hot_regions:171,0x609e9ee29e78,20
657.xz_s/1,1/super_hot_regions:171,0x609e9ee29e94,0
657.xz_s/1,1/super_hot_regions:171,0x609e9ee29e98,0
657.xz_s/1,1/super_hot_regions:171,0x609e9ee29e9c,0
657.xz_s/1,1/super_hot_regions:171,0x609e9ee29ea2,0
657.xz_s/1,1/super_hot_regions:171,0x609e9ee29ea8,0

657.xz_s/1,1/super_hot_regions:172,0x609e9ee29e7e,10
657.xz_s/1,1/super_hot_regions:172,0x609e9ee29e81,0
657.xz_s/1,1/super_hot_regions:172,0x609e9ee29eb0,0
657.xz_s/1,1/super_hot_regions:172,0x609e9ee29ead,0
657.xz_s/1,1/super_hot_regions:172,0x609e9ee29eb3,0
657.xz_s/1,1/super_hot_regions:172,0x609e9ee29eb7,0

657.xz_s/1,1/super_hot_regions:173,0x609e9ee29e60,20
657.xz_s/1,1/super_hot_regions:173,0x609e9ee29e6b,0
657.xz_s/1,1/super_hot_regions:173,0x609e9ee29e9f,0
657.xz_s/1,1/super_hot_regions:173,0x609e9ee29ebe,0
657.xz_s/1,1/super_hot_regions:173,0x609e9ee29e73,0
657.xz_s/1,1/super_hot_regions:173,0x609e9ee29eaa,0
657.xz_s/1,1/super_hot_regions:173,0x609e9ee29eb9,0

657.xz_s/1,1/super_hot_regions:175,0x609e9ee2bb13,10
657.xz_s/1,1/super_hot_regions:175,0x609e9ee2bb19,0
657.xz_s/1,1/super_hot_regions:175,0x609e9ee2bb20,0

657.xz_s/1,1/super_hot_regions:180,0x609e9ee2fae7,80
657.xz_s/1,1/super_hot_regions:180,0x609e9ee2faea,0
657.xz_s/1,1/super_hot_regions:180,0x609e9ee2fafb,0
657.xz_s/1,1/super_hot_regions:180,0x609e9ee2faf1,0
657.xz_s/1,1/super_hot_regions:180,0x609e9ee2fb35,0
657.xz_s/1,1/super_hot_regions:180,0x609e9ee2fb10,0
657.xz_s/1,1/super_hot_regions:180,0x609e9ee2faf8,0
657.xz_s/1,1/super_hot_regions:180,0x609e9ee2fb00,0
657.xz_s/1,1/super_hot_regions:180,0x609e9ee2fb07,0
657.xz_s/1,1/super_hot_regions:180,0x609e9ee2fb09,0
657.xz_s/1,1/super_hot_regions:180,0x609e9ee2fb12,0
657.xz_s/1,1/super_hot_regions:180,0x609e9ee2fb14,0
657.xz_s/1,1/super_hot_regions:180,0x609e9ee2fb22,0
657.xz_s/1,1/super_hot_regions:180,0x609e9ee2fb1b,0
657.xz_s/1,1/super_hot_regions:180,0x609e9ee2fb27,0
657.xz_s/1,1/super_hot_regions:180,0x609e9ee2fb2e,0

657.xz_s/1,1/super_hot_regions:181,0x609e9ee2fb41,20
657.xz_s/1,1/super_hot_regions:181,0x609e9ee2fb52,0

657.xz_s/1,1/super_hot_regions:184,0x609e9ee30672,10
657.xz_s/1,1/super_hot_regions:184,0x609e9ee30679,0

657.xz_s/1,1/super_hot_regions:31,0x609e9ee2a13f,10
657.xz_s/1,1/super_hot_regions:31,0x609e9ee2a142,0

657.xz_s/1,1/super_hot_regions:35,0x609e9ee2c96d,20
657.xz_s/1,1/super_hot_regions:35,0x609e9ee2c974,0
657.xz_s/1,1/super_hot_regions:35,0x609e9ee2c978,0

657.xz_s/1,1/super_hot_regions:37,0x609e9ee2a0ea,10
657.xz_s/1,1/super_hot_regions:37,0x609e9ee2a0ed,0

657.xz_s/1,1/super_hot_regions:42,0x609e9ee2a087,50
657.xz_s/1,1/super_hot_regions:42,0x609e9ee2a08b,0
657.xz_s/1,1/super_hot_regions:42,0x609e9ee2a08d,0
657.xz_s/1,1/super_hot_regions:42,0x609e9ee2a091,0
657.xz_s/1,1/super_hot_regions:42,0x609e9ee2a0a0,0
657.xz_s/1,1/super_hot_regions:42,0x609e9ee2a0a7,0

657.xz_s/1,1/super_hot_regions:43,0x609e9ee2a0a9,20
657.xz_s/1,1/super_hot_regions:43,0x609e9ee2a0ad,0
657.xz_s/1,1/super_hot_regions:43,0x609e9ee2a0b1,0
657.xz_s/1,1/super_hot_regions:43,0x609e9ee2a0b7,0

657.xz_s/1,1/super_hot_regions:44,0x609e9ee2a099,10
657.xz_s/1,1/super_hot_regions:44,0x609e9ee2a09c,0
657.xz_s/1,1/super_hot_regions:44,0x609e9ee2a0bd,0
657.xz_s/1,1/super_hot_regions:44,0x609e9ee2a0c0,0
657.xz_s/1,1/super_hot_regions:44,0x609e9ee2a0c2,0
657.xz_s/1,1/super_hot_regions:44,0x609e9ee2a0c6,0

657.xz_s/1,1/super_hot_regions:45,0x609e9ee2a0a4,10
657.xz_s/1,1/super_hot_regions:45,0x609e9ee2a0b4,0
657.xz_s/1,1/super_hot_regions:45,0x609e9ee2a0c8,0

657.xz_s/1,1/super_hot_regions:48,0x609e9ee2befd,70
657.xz_s/1,1/super_hot_regions:48,0x609e9ee2bf03,0
657.xz_s/1,1/super_hot_regions:48,0x609e9ee2bf00,0
657.xz_s/1,1/super_hot_regions:48,0x609e9ee2bf0b,0
657.xz_s/1,1/super_hot_regions:48,0x609e9ee2bf0f,0
657.xz_s/1,1/super_hot_regions:48,0x609e9ee2bf13,0
657.xz_s/1,1/super_hot_regions:48,0x609e9ee2bf16,0
657.xz_s/1,1/super_hot_regions:48,0x609e9ee2bf19,0
657.xz_s/1,1/super_hot_regions:48,0x609e9ee2bf1b,0
657.xz_s/1,1/super_hot_regions:48,0x609e9ee2bf22,0
657.xz_s/1,1/super_hot_regions:48,0x609e9ee2bf26,0
657.xz_s/1,1/super_hot_regions:48,0x609e9ee2bf29,0
657.xz_s/1,1/super_hot_regions:48,0x609e9ee2bf2b,0
657.xz_s/1,1/super_hot_regions:48,0x609e9ee2bf35,0
657.xz_s/1,1/super_hot_regions:48,0x609e9ee2bf38,0

657.xz_s/1,1/super_hot_regions:49,0x609e9ee2bf07,30
657.xz_s/1,1/super_hot_regions:49,0x609e9ee2bf3e,0
657.xz_s/1,1/super_hot_regions:49,0x609e9ee2bf54,0

657.xz_s/1,1/super_hot_regions:5,0x609e9ee2a0a0,20
657.xz_s/1,1/super_hot_regions:5,0x609e9ee2a0a7,0

657.xz_s/1,1/super_hot_regions:50,0x609e9ee2bf1f,40
657.xz_s/1,1/super_hot_regions:50,0x609e9ee2bf42,0
657.xz_s/1,1/super_hot_regions:50,0x609e9ee2bf4d,0
657.xz_s/1,1/super_hot_regions:50,0x609e9ee2bf5b,0

657.xz_s/1,1/super_hot_regions:54,0x609e9ee2a11d,20
657.xz_s/1,1/super_hot_regions:54,0x609e9ee2a120,0

657.xz_s/1,1/super_hot_regions:55,0x609e9ee2a123,20
657.xz_s/1,1/super_hot_regions:55,0x609e9ee2a127,0

657.xz_s/1,1/super_hot_regions:56,0x609e9ee29e88,20
657.xz_s/1,1/super_hot_regions:56,0x609e9ee29e91,0

