bench,src,pc,latency
500.perlbench_r/1,1/super_hot_regions:0,0x5ebda5d65ea5,16
500.perlbench_r/1,1/super_hot_regions:0,0x5ebda5d65eaa,0

500.perlbench_r/1,1/super_hot_regions:104,0x5ebda5d668d8,16
500.perlbench_r/1,1/super_hot_regions:104,0x5ebda5d668df,0
500.perlbench_r/1,1/super_hot_regions:104,0x5ebda5d668e3,0

500.perlbench_r/1,1/super_hot_regions:105,0x5ebda5d696cc,16
500.perlbench_r/1,1/super_hot_regions:105,0x5ebda5d696d0,0

500.perlbench_r/1,1/super_hot_regions:108,0x5ebda5d68ff5,8
500.perlbench_r/1,1/super_hot_regions:108,0x5ebda5d69012,0

500.perlbench_r/1,1/super_hot_regions:11,0x5ebda5d75e7e,8
500.perlbench_r/1,1/super_hot_regions:11,0x5ebda5d75e80,0

500.perlbench_r/1,1/super_hot_regions:110,0x5ebda5d68fb0,8
500.perlbench_r/1,1/super_hot_regions:110,0x5ebda5d68fbb,0

500.perlbench_r/1,1/super_hot_regions:119,0x5ebda5d6670e,16
500.perlbench_r/1,1/super_hot_regions:119,0x5ebda5d66713,0
500.perlbench_r/1,1/super_hot_regions:119,0x5ebda5d6671a,0
500.perlbench_r/1,1/super_hot_regions:119,0x5ebda5d66718,0
500.perlbench_r/1,1/super_hot_regions:119,0x5ebda5d66721,0
500.perlbench_r/1,1/super_hot_regions:119,0x5ebda5d6673b,0
500.perlbench_r/1,1/super_hot_regions:119,0x5ebda5d66724,0

500.perlbench_r/1,1/super_hot_regions:12,0x5ebda5d75e83,8
500.perlbench_r/1,1/super_hot_regions:12,0x5ebda5d75e87,0

500.perlbench_r/1,1/super_hot_regions:122,0x5ebda5d73b58,8
500.perlbench_r/1,1/super_hot_regions:122,0x5ebda5d73b5c,0

500.perlbench_r/1,1/super_hot_regions:129,0x5ebda5d1867f,16
500.perlbench_r/1,1/super_hot_regions:129,0x5ebda5d1868d,0

500.perlbench_r/1,1/super_hot_regions:13,0x5ebda5d75e8a,8
500.perlbench_r/1,1/super_hot_regions:13,0x5ebda5d75e8c,0

500.perlbench_r/1,1/super_hot_regions:130,0x5ebda5d18678,32
500.perlbench_r/1,1/super_hot_regions:130,0x5ebda5d18694,0
500.perlbench_r/1,1/super_hot_regions:130,0x5ebda5d1869f,0
500.perlbench_r/1,1/super_hot_regions:130,0x5ebda5d186a3,0
500.perlbench_r/1,1/super_hot_regions:130,0x5ebda5d186a7,0

500.perlbench_r/1,1/super_hot_regions:131,0x5ebda5d186b2,8
500.perlbench_r/1,1/super_hot_regions:131,0x5ebda5d186b6,0

500.perlbench_r/1,1/super_hot_regions:134,0x5ebda5d186dd,16
500.perlbench_r/1,1/super_hot_regions:134,0x5ebda5d186e4,0

500.perlbench_r/1,1/super_hot_regions:15,0x5ebda5d75ed5,16
500.perlbench_r/1,1/super_hot_regions:15,0x5ebda5d75ed9,0

500.perlbench_r/1,1/super_hot_regions:17,0x5ebda5d75ebf,8
500.perlbench_r/1,1/super_hot_regions:17,0x5ebda5d75ec1,0

500.perlbench_r/1,1/super_hot_regions:2,0x5ebda5d65e54,16
500.perlbench_r/1,1/super_hot_regions:2,0x5ebda5d65e5d,0

500.perlbench_r/1,1/super_hot_regions:27,0x5ebda5d752a2,8
500.perlbench_r/1,1/super_hot_regions:27,0x5ebda5d752ac,0

500.perlbench_r/1,1/super_hot_regions:28,0x5ebda5d752b0,8
500.perlbench_r/1,1/super_hot_regions:28,0x5ebda5d752b3,0

500.perlbench_r/1,1/super_hot_regions:29,0x5ebda5d75294,16
500.perlbench_r/1,1/super_hot_regions:29,0x5ebda5d752b9,0

500.perlbench_r/1,1/super_hot_regions:3,0x5ebda5d65e59,8
500.perlbench_r/1,1/super_hot_regions:3,0x5ebda5d65e5f,0
500.perlbench_r/1,1/super_hot_regions:3,0x5ebda5d65e62,0

500.perlbench_r/1,1/super_hot_regions:33,0x5ebda5d7614e,8
500.perlbench_r/1,1/super_hot_regions:33,0x5ebda5d76150,0

500.perlbench_r/1,1/super_hot_regions:35,0x5ebda5dc7520,16
500.perlbench_r/1,1/super_hot_regions:35,0x5ebda5dc7527,0

500.perlbench_r/1,1/super_hot_regions:39,0x5ebda5d65cbb,16
500.perlbench_r/1,1/super_hot_regions:39,0x5ebda5d65cc6,0

500.perlbench_r/1,1/super_hot_regions:40,0x5ebda5d65ccd,24
500.perlbench_r/1,1/super_hot_regions:40,0x5ebda5d65cd6,0
500.perlbench_r/1,1/super_hot_regions:40,0x5ebda5d65cd9,0

500.perlbench_r/1,1/super_hot_regions:42,0x5ebda5d65cf0,8
500.perlbench_r/1,1/super_hot_regions:42,0x5ebda5d65cf3,0

500.perlbench_r/1,1/super_hot_regions:43,0x5ebda5d65d1f,8
500.perlbench_r/1,1/super_hot_regions:43,0x5ebda5d65d22,0
500.perlbench_r/1,1/super_hot_regions:43,0x5ebda5d65d27,0
500.perlbench_r/1,1/super_hot_regions:43,0x5ebda5d65d29,0
500.perlbench_r/1,1/super_hot_regions:43,0x5ebda5d65d2c,0

502.gcc_r/1,1/super_hot_regions:107,0x5a2e8f91de17,16
502.gcc_r/1,1/super_hot_regions:107,0x5a2e8f91de1b,0
502.gcc_r/1,1/super_hot_regions:107,0x5a2e8f91de22,0
502.gcc_r/1,1/super_hot_regions:107,0x5a2e8f91de26,0

502.gcc_r/1,1/super_hot_regions:109,0x5a2e8f91dddb,16
502.gcc_r/1,1/super_hot_regions:109,0x5a2e8f91dde1,0
502.gcc_r/1,1/super_hot_regions:109,0x5a2e8f91dde4,0

502.gcc_r/1,1/super_hot_regions:117,0x5a2e8f9ce412,16
502.gcc_r/1,1/super_hot_regions:117,0x5a2e8f9ce416,0

502.gcc_r/1,1/super_hot_regions:118,0x5a2e8fa12453,16
502.gcc_r/1,1/super_hot_regions:118,0x5a2e8fa1245b,0

502.gcc_r/1,1/super_hot_regions:12,0x5a2e8f497966,8
502.gcc_r/1,1/super_hot_regions:12,0x5a2e8f497968,0
502.gcc_r/1,1/super_hot_regions:12,0x5a2e8f49796d,0
502.gcc_r/1,1/super_hot_regions:12,0x5a2e8f497970,0

502.gcc_r/1,1/super_hot_regions:127,0x5a2e8f497842,8
502.gcc_r/1,1/super_hot_regions:127,0x5a2e8f497847,0

502.gcc_r/1,1/super_hot_regions:13,0x5a2e8f497985,8
502.gcc_r/1,1/super_hot_regions:13,0x5a2e8f497987,0

502.gcc_r/1,1/super_hot_regions:15,0x5a2e8f497cd7,16
502.gcc_r/1,1/super_hot_regions:15,0x5a2e8f497cdc,0

502.gcc_r/1,1/super_hot_regions:16,0x5a2e8f497ccf,8
502.gcc_r/1,1/super_hot_regions:16,0x5a2e8f497cd1,0
502.gcc_r/1,1/super_hot_regions:16,0x5a2e8f497cd4,0
502.gcc_r/1,1/super_hot_regions:16,0x5a2e8f497ce1,0

502.gcc_r/1,1/super_hot_regions:19,0x5a2e8f4977c8,8
502.gcc_r/1,1/super_hot_regions:19,0x5a2e8f4977ca,0

502.gcc_r/1,1/super_hot_regions:23,0x5a2e8f497822,8
502.gcc_r/1,1/super_hot_regions:23,0x5a2e8f497824,0
502.gcc_r/1,1/super_hot_regions:23,0x5a2e8f497827,0

502.gcc_r/1,1/super_hot_regions:27,0x5a2e8f497a20,8
502.gcc_r/1,1/super_hot_regions:27,0x5a2e8f497a23,0

502.gcc_r/1,1/super_hot_regions:28,0x5a2e8f91ddf9,16
502.gcc_r/1,1/super_hot_regions:28,0x5a2e8f91de07,0

502.gcc_r/1,1/super_hot_regions:31,0x5a2e8f49a045,16
502.gcc_r/1,1/super_hot_regions:31,0x5a2e8f49a048,0
502.gcc_r/1,1/super_hot_regions:31,0x5a2e8f49a04b,0

502.gcc_r/1,1/super_hot_regions:39,0x5a2e8f48e2a8,8
502.gcc_r/1,1/super_hot_regions:39,0x5a2e8f48e2af,0

502.gcc_r/1,1/super_hot_regions:50,0x5a2e8f49a075,16
502.gcc_r/1,1/super_hot_regions:50,0x5a2e8f49a078,0

502.gcc_r/1,1/super_hot_regions:61,0x5a2e8f491e6e,16
502.gcc_r/1,1/super_hot_regions:61,0x5a2e8f491e75,0

502.gcc_r/1,1/super_hot_regions:62,0x5a2e8f49a057,16
502.gcc_r/1,1/super_hot_regions:62,0x5a2e8f49a05c,0
502.gcc_r/1,1/super_hot_regions:62,0x5a2e8f49a05f,0

502.gcc_r/1,1/super_hot_regions:63,0x5a2e8f49a053,16
502.gcc_r/1,1/super_hot_regions:63,0x5a2e8f49a062,0
502.gcc_r/1,1/super_hot_regions:63,0x5a2e8f49a065,0

502.gcc_r/1,1/super_hot_regions:7,0x5a2e8f497c78,8
502.gcc_r/1,1/super_hot_regions:7,0x5a2e8f497c7b,0

502.gcc_r/1,1/super_hot_regions:76,0x5a2e8f726d87,8
502.gcc_r/1,1/super_hot_regions:76,0x5a2e8f726d8d,0

502.gcc_r/1,1/super_hot_regions:82,0x5a2e8fc0f1cc,8
502.gcc_r/1,1/super_hot_regions:82,0x5a2e8fc0f1d4,0

502.gcc_r/1,1/super_hot_regions:84,0x5a2e8fc0f1f0,16
502.gcc_r/1,1/super_hot_regions:84,0x5a2e8fc0f1f7,0

502.gcc_r/1,1/super_hot_regions:95,0x5a2e8f48eef6,8
502.gcc_r/1,1/super_hot_regions:95,0x5a2e8f48ef21,0

502.gcc_r/1,1/super_hot_regions:98,0x5a2e8f48ef40,16
502.gcc_r/1,1/super_hot_regions:98,0x5a2e8f48ef45,0

502.gcc_r/2,2/super_hot_regions:10,0x5deaaf716fd5,16
502.gcc_r/2,2/super_hot_regions:10,0x5deaaf716fd9,0
502.gcc_r/2,2/super_hot_regions:10,0x5deaaf716fe4,0

502.gcc_r/2,2/super_hot_regions:116,0x5deaaf289075,16
502.gcc_r/2,2/super_hot_regions:116,0x5deaaf289078,0

502.gcc_r/2,2/super_hot_regions:119,0x5deaaf289057,16
502.gcc_r/2,2/super_hot_regions:119,0x5deaaf28905c,0
502.gcc_r/2,2/super_hot_regions:119,0x5deaaf28905f,0

502.gcc_r/2,2/super_hot_regions:12,0x5deaaf71726b,16
502.gcc_r/2,2/super_hot_regions:12,0x5deaaf717274,0

503.bwaves_r/1,1/super_hot_regions:103,0x5e2ee9740ee0,16
503.bwaves_r/1,1/super_hot_regions:103,0x5e2ee9740eea,0

503.bwaves_r/1,1/super_hot_regions:109,0x5e2ee9741fb1,8
503.bwaves_r/1,1/super_hot_regions:109,0x5e2ee9741fce,0

503.bwaves_r/1,1/super_hot_regions:11,0x5e2ee973d78b,48
503.bwaves_r/1,1/super_hot_regions:11,0x5e2ee973d793,0
503.bwaves_r/1,1/super_hot_regions:11,0x5e2ee973d7a2,0
503.bwaves_r/1,1/super_hot_regions:11,0x5e2ee973d79d,0
503.bwaves_r/1,1/super_hot_regions:11,0x5e2ee973d798,0
503.bwaves_r/1,1/super_hot_regions:11,0x5e2ee973d7a7,0

503.bwaves_r/1,1/super_hot_regions:114,0x5e2ee9744c08,8
503.bwaves_r/1,1/super_hot_regions:114,0x5e2ee9744c0b,0

503.bwaves_r/1,1/super_hot_regions:115,0x5e2ee9744c11,8
503.bwaves_r/1,1/super_hot_regions:115,0x5e2ee9744c15,0

503.bwaves_r/1,1/super_hot_regions:116,0x5e2ee9744c2d,8
503.bwaves_r/1,1/super_hot_regions:116,0x5e2ee9744c30,0

503.bwaves_r/1,1/super_hot_regions:117,0x5e2ee9744c47,8
503.bwaves_r/1,1/super_hot_regions:117,0x5e2ee9744c4b,0

503.bwaves_r/1,1/super_hot_regions:118,0x5e2ee9744c9c,16
503.bwaves_r/1,1/super_hot_regions:118,0x5e2ee9744ca0,0
503.bwaves_r/1,1/super_hot_regions:118,0x5e2ee9744ca7,0

503.bwaves_r/1,1/super_hot_regions:12,0x5e2ee973d7b3,16
503.bwaves_r/1,1/super_hot_regions:12,0x5e2ee973d7c0,0

503.bwaves_r/1,1/super_hot_regions:120,0x5e2ee9744bcd,64
503.bwaves_r/1,1/super_hot_regions:120,0x5e2ee9744bd0,0
503.bwaves_r/1,1/super_hot_regions:120,0x5e2ee9744bde,0
503.bwaves_r/1,1/super_hot_regions:120,0x5e2ee9744c3d,0
503.bwaves_r/1,1/super_hot_regions:120,0x5e2ee9744be4,0
503.bwaves_r/1,1/super_hot_regions:120,0x5e2ee9744bf4,0
503.bwaves_r/1,1/super_hot_regions:120,0x5e2ee9744bf7,0
503.bwaves_r/1,1/super_hot_regions:120,0x5e2ee9744c01,0
503.bwaves_r/1,1/super_hot_regions:120,0x5e2ee9744c04,0
503.bwaves_r/1,1/super_hot_regions:120,0x5e2ee9744c5f,0
503.bwaves_r/1,1/super_hot_regions:120,0x5e2ee9744c44,0
503.bwaves_r/1,1/super_hot_regions:120,0x5e2ee9744c67,0
503.bwaves_r/1,1/super_hot_regions:120,0x5e2ee9744d75,0
503.bwaves_r/1,1/super_hot_regions:120,0x5e2ee9744c72,0
503.bwaves_r/1,1/super_hot_regions:120,0x5e2ee9744c75,0
503.bwaves_r/1,1/super_hot_regions:120,0x5e2ee9744cb5,0
503.bwaves_r/1,1/super_hot_regions:120,0x5e2ee9744d33,0
503.bwaves_r/1,1/super_hot_regions:120,0x5e2ee9744c7c,0
503.bwaves_r/1,1/super_hot_regions:120,0x5e2ee9744c8a,0
503.bwaves_r/1,1/super_hot_regions:120,0x5e2ee9744c8d,0
503.bwaves_r/1,1/super_hot_regions:120,0x5e2ee9744c90,0

503.bwaves_r/1,1/super_hot_regions:121,0x5e2ee9744c0d,16
503.bwaves_r/1,1/super_hot_regions:121,0x5e2ee9744c17,0
503.bwaves_r/1,1/super_hot_regions:121,0x5e2ee9744e5f,0

503.bwaves_r/1,1/super_hot_regions:123,0x5e2ee9744c32,16
503.bwaves_r/1,1/super_hot_regions:123,0x5e2ee9744c36,0
503.bwaves_r/1,1/super_hot_regions:123,0x5e2ee9744fea,0

503.bwaves_r/1,1/super_hot_regions:124,0x5e2ee9744c54,16
503.bwaves_r/1,1/super_hot_regions:124,0x5e2ee9744c58,0
503.bwaves_r/1,1/super_hot_regions:124,0x5e2ee974505c,0

503.bwaves_r/1,1/super_hot_regions:127,0x5e2ee9741dcc,8
503.bwaves_r/1,1/super_hot_regions:127,0x5e2ee9741dcf,0

503.bwaves_r/1,1/super_hot_regions:128,0x5e2ee9741de8,8
503.bwaves_r/1,1/super_hot_regions:128,0x5e2ee9741dff,0

503.bwaves_r/1,1/super_hot_regions:13,0x5e2ee973d790,8
503.bwaves_r/1,1/super_hot_regions:13,0x5e2ee973d7c5,0

503.bwaves_r/1,1/super_hot_regions:133,0x5e2ee973dbb2,24
503.bwaves_r/1,1/super_hot_regions:133,0x5e2ee973dbb9,0
503.bwaves_r/1,1/super_hot_regions:133,0x5e2ee973dbc9,0
503.bwaves_r/1,1/super_hot_regions:133,0x5e2ee973dbc6,0
503.bwaves_r/1,1/super_hot_regions:133,0x5e2ee973dbcc,0
503.bwaves_r/1,1/super_hot_regions:133,0x5e2ee973dbc3,0

503.bwaves_r/1,1/super_hot_regions:139,0x5e2ee97440ef,8
503.bwaves_r/1,1/super_hot_regions:139,0x5e2ee97440f3,0

503.bwaves_r/1,1/super_hot_regions:140,0x5e2ee9744114,8
503.bwaves_r/1,1/super_hot_regions:140,0x5e2ee9744118,0

503.bwaves_r/1,1/super_hot_regions:141,0x5e2ee9744137,8
503.bwaves_r/1,1/super_hot_regions:141,0x5e2ee974413b,0

503.bwaves_r/1,1/super_hot_regions:142,0x5e2ee9744172,8
503.bwaves_r/1,1/super_hot_regions:142,0x5e2ee9744175,0

503.bwaves_r/1,1/super_hot_regions:143,0x5e2ee97440a6,24
503.bwaves_r/1,1/super_hot_regions:143,0x5e2ee97440ad,0
503.bwaves_r/1,1/super_hot_regions:143,0x5e2ee97440b0,0
503.bwaves_r/1,1/super_hot_regions:143,0x5e2ee9744197,0

505.mcf_r/1,1/super_hot_regions:100,0x61d4948f1050,16
505.mcf_r/1,1/super_hot_regions:100,0x61d4948f105d,0

505.mcf_r/1,1/super_hot_regions:102,0x61d4948f1d01,16
505.mcf_r/1,1/super_hot_regions:102,0x61d4948f1d0a,0

505.mcf_r/1,1/super_hot_regions:103,0x61d4948f1cff,8
505.mcf_r/1,1/super_hot_regions:103,0x61d4948f1d0d,0

505.mcf_r/1,1/super_hot_regions:105,0x61d4948f1bc2,16
505.mcf_r/1,1/super_hot_regions:105,0x61d4948f1bcb,0

505.mcf_r/1,1/super_hot_regions:107,0x61d4948ecc92,24
505.mcf_r/1,1/super_hot_regions:107,0x61d4948ecc96,0
505.mcf_r/1,1/super_hot_regions:107,0x61d4948ecc9d,0
505.mcf_r/1,1/super_hot_regions:107,0x61d4948ecc9a,0
505.mcf_r/1,1/super_hot_regions:107,0x61d4948ecca1,0

505.mcf_r/1,1/super_hot_regions:110,0x61d4948ec81a,16
505.mcf_r/1,1/super_hot_regions:110,0x61d4948ec81e,0

505.mcf_r/1,1/super_hot_regions:117,0x61d4948f0a23,8
505.mcf_r/1,1/super_hot_regions:117,0x61d4948f0a29,0

505.mcf_r/1,1/super_hot_regions:119,0x61d4948f0644,16
505.mcf_r/1,1/super_hot_regions:119,0x61d4948f0648,0

505.mcf_r/1,1/super_hot_regions:12,0x61d4948eff90,32
505.mcf_r/1,1/super_hot_regions:12,0x61d4948eff93,0
505.mcf_r/1,1/super_hot_regions:12,0x61d4948eff96,0
505.mcf_r/1,1/super_hot_regions:12,0x61d4948eff98,0
505.mcf_r/1,1/super_hot_regions:12,0x61d4948eff9a,0

505.mcf_r/1,1/super_hot_regions:120,0x61d4948f0641,16
505.mcf_r/1,1/super_hot_regions:120,0x61d4948f064b,0

505.mcf_r/1,1/super_hot_regions:122,0x61d4948f067f,8
505.mcf_r/1,1/super_hot_regions:122,0x61d4948f0688,0

505.mcf_r/1,1/super_hot_regions:123,0x61d4948f0682,8
505.mcf_r/1,1/super_hot_regions:123,0x61d4948f069b,0
505.mcf_r/1,1/super_hot_regions:123,0x61d4948f069e,0

505.mcf_r/1,1/super_hot_regions:128,0x61d4948f16bf,16
505.mcf_r/1,1/super_hot_regions:128,0x61d4948f16ca,0
505.mcf_r/1,1/super_hot_regions:128,0x61d4948f16cd,0

505.mcf_r/1,1/super_hot_regions:130,0x61d4948f261b,8
505.mcf_r/1,1/super_hot_regions:130,0x61d4948f2623,0
505.mcf_r/1,1/super_hot_regions:130,0x61d4948f262e,0
505.mcf_r/1,1/super_hot_regions:130,0x61d4948f262a,0
505.mcf_r/1,1/super_hot_regions:130,0x61d4948f2631,0
505.mcf_r/1,1/super_hot_regions:130,0x61d4948f2634,0

505.mcf_r/1,1/super_hot_regions:132,0x61d4948f329f,16
505.mcf_r/1,1/super_hot_regions:132,0x61d4948f32ad,0

505.mcf_r/1,1/super_hot_regions:133,0x61d4948f3299,16
505.mcf_r/1,1/super_hot_regions:133,0x61d4948f329c,0
505.mcf_r/1,1/super_hot_regions:133,0x61d4948f32a9,0
505.mcf_r/1,1/super_hot_regions:133,0x61d4948f32b1,0

505.mcf_r/1,1/super_hot_regions:137,0x61d4948f0aba,8
505.mcf_r/1,1/super_hot_regions:137,0x61d4948f0abd,0

505.mcf_r/1,1/super_hot_regions:14,0x61d4948eda40,16
505.mcf_r/1,1/super_hot_regions:14,0x61d4948eda4d,0

505.mcf_r/1,1/super_hot_regions:145,0x61d4948f04c3,8
505.mcf_r/1,1/super_hot_regions:145,0x61d4948f04c7,0

505.mcf_r/1,1/super_hot_regions:146,0x61d4948f04f8,8
505.mcf_r/1,1/super_hot_regions:146,0x61d4948f0500,0

505.mcf_r/1,1/super_hot_regions:147,0x61d4948f0532,8
505.mcf_r/1,1/super_hot_regions:147,0x61d4948f053a,0

507.cactuBSSN_r/1,1/super_hot_regions:10,0x61ec7a5ec613,16
507.cactuBSSN_r/1,1/super_hot_regions:10,0x61ec7a5ec61f,0

507.cactuBSSN_r/1,1/super_hot_regions:101,0x61ec7a4950a8,32
507.cactuBSSN_r/1,1/super_hot_regions:101,0x61ec7a4950af,0
507.cactuBSSN_r/1,1/super_hot_regions:101,0x61ec7a4950b3,0
507.cactuBSSN_r/1,1/super_hot_regions:101,0x61ec7a4950ba,0
507.cactuBSSN_r/1,1/super_hot_regions:101,0x61ec7a4950c0,0
507.cactuBSSN_r/1,1/super_hot_regions:101,0x61ec7a4950c3,0

507.cactuBSSN_r/1,1/super_hot_regions:106,0x61ec7a495458,32
507.cactuBSSN_r/1,1/super_hot_regions:106,0x61ec7a49545f,0
507.cactuBSSN_r/1,1/super_hot_regions:106,0x61ec7a495463,0
507.cactuBSSN_r/1,1/super_hot_regions:106,0x61ec7a49546a,0
507.cactuBSSN_r/1,1/super_hot_regions:106,0x61ec7a495470,0
507.cactuBSSN_r/1,1/super_hot_regions:106,0x61ec7a495473,0

507.cactuBSSN_r/1,1/super_hot_regions:107,0x61ec7a494f80,32
507.cactuBSSN_r/1,1/super_hot_regions:107,0x61ec7a494f87,0
507.cactuBSSN_r/1,1/super_hot_regions:107,0x61ec7a494f8b,0
507.cactuBSSN_r/1,1/super_hot_regions:107,0x61ec7a494f92,0
507.cactuBSSN_r/1,1/super_hot_regions:107,0x61ec7a494f98,0
507.cactuBSSN_r/1,1/super_hot_regions:107,0x61ec7a494f9b,0

507.cactuBSSN_r/1,1/super_hot_regions:108,0x61ec7a4951a0,32
507.cactuBSSN_r/1,1/super_hot_regions:108,0x61ec7a4951a7,0
507.cactuBSSN_r/1,1/super_hot_regions:108,0x61ec7a4951ab,0
507.cactuBSSN_r/1,1/super_hot_regions:108,0x61ec7a4951b2,0
507.cactuBSSN_r/1,1/super_hot_regions:108,0x61ec7a4951b8,0
507.cactuBSSN_r/1,1/super_hot_regions:108,0x61ec7a4951bb,0

507.cactuBSSN_r/1,1/super_hot_regions:112,0x61ec7a495360,32
507.cactuBSSN_r/1,1/super_hot_regions:112,0x61ec7a49536a,0
507.cactuBSSN_r/1,1/super_hot_regions:112,0x61ec7a495370,0
507.cactuBSSN_r/1,1/super_hot_regions:112,0x61ec7a495377,0

507.cactuBSSN_r/1,1/super_hot_regions:113,0x61ec7a495290,32
507.cactuBSSN_r/1,1/super_hot_regions:113,0x61ec7a49529a,0
507.cactuBSSN_r/1,1/super_hot_regions:113,0x61ec7a4952a1,0
507.cactuBSSN_r/1,1/super_hot_regions:113,0x61ec7a4952a8,0

507.cactuBSSN_r/1,1/super_hot_regions:118,0x75705f2f194e,8
507.cactuBSSN_r/1,1/super_hot_regions:118,0x75705f2f1a13,0

507.cactuBSSN_r/1,1/super_hot_regions:12,0x61ec7a5ec5ac,8
507.cactuBSSN_r/1,1/super_hot_regions:12,0x61ec7a5ec5af,0

507.cactuBSSN_r/1,1/super_hot_regions:150,0x61ec7a495320,32
507.cactuBSSN_r/1,1/super_hot_regions:150,0x61ec7a495328,0
507.cactuBSSN_r/1,1/super_hot_regions:150,0x61ec7a495333,0
507.cactuBSSN_r/1,1/super_hot_regions:150,0x61ec7a495337,0

507.cactuBSSN_r/1,1/super_hot_regions:151,0x61ec7a495324,16
507.cactuBSSN_r/1,1/super_hot_regions:151,0x61ec7a49532d,0
507.cactuBSSN_r/1,1/super_hot_regions:151,0x61ec7a49533c,0

507.cactuBSSN_r/1,1/super_hot_regions:152,0x61ec7a495340,8
507.cactuBSSN_r/1,1/super_hot_regions:152,0x61ec7a495359,0

507.cactuBSSN_r/1,1/super_hot_regions:154,0x61ec7a49532f,24
507.cactuBSSN_r/1,1/super_hot_regions:154,0x61ec7a495342,0
507.cactuBSSN_r/1,1/super_hot_regions:154,0x61ec7a495349,0
507.cactuBSSN_r/1,1/super_hot_regions:154,0x61ec7a495346,0
507.cactuBSSN_r/1,1/super_hot_regions:154,0x61ec7a49534d,0
507.cactuBSSN_r/1,1/super_hot_regions:154,0x61ec7a495350,0
507.cactuBSSN_r/1,1/super_hot_regions:154,0x61ec7a495356,0
507.cactuBSSN_r/1,1/super_hot_regions:154,0x61ec7a495353,0
507.cactuBSSN_r/1,1/super_hot_regions:154,0x61ec7a49535b,0
507.cactuBSSN_r/1,1/super_hot_regions:154,0x61ec7a495370,0
507.cactuBSSN_r/1,1/super_hot_regions:154,0x61ec7a49536e,0
507.cactuBSSN_r/1,1/super_hot_regions:154,0x61ec7a495377,0

507.cactuBSSN_r/1,1/super_hot_regions:155,0x61ec7a49525d,8
507.cactuBSSN_r/1,1/super_hot_regions:155,0x61ec7a49529e,0

508.namd_r/1,1/super_hot_regions:102,0x5826d153c4a7,16
508.namd_r/1,1/super_hot_regions:102,0x5826d153c581,0

508.namd_r/1,1/super_hot_regions:104,0x5826d153c459,32
508.namd_r/1,1/super_hot_regions:104,0x5826d153c474,0
508.namd_r/1,1/super_hot_regions:104,0x5826d153c57a,0
508.namd_r/1,1/super_hot_regions:104,0x5826d153c524,0
508.namd_r/1,1/super_hot_regions:104,0x5826d153c58c,0
508.namd_r/1,1/super_hot_regions:104,0x5826d153c58f,0
508.namd_r/1,1/super_hot_regions:104,0x5826d153c59e,0
508.namd_r/1,1/super_hot_regions:104,0x5826d153c5a8,0
508.namd_r/1,1/super_hot_regions:104,0x5826d153c5aa,0
508.namd_r/1,1/super_hot_regions:104,0x5826d153c5b9,0
508.namd_r/1,1/super_hot_regions:104,0x5826d153c5c2,0
508.namd_r/1,1/super_hot_regions:104,0x5826d153c5c4,0
508.namd_r/1,1/super_hot_regions:104,0x5826d153c5d3,0

508.namd_r/1,1/super_hot_regions:11,0x5826d152c73e,16
508.namd_r/1,1/super_hot_regions:11,0x5826d152c7a7,0
508.namd_r/1,1/super_hot_regions:11,0x5826d152c7aa,0
508.namd_r/1,1/super_hot_regions:11,0x5826d152c7b1,0
508.namd_r/1,1/super_hot_regions:11,0x5826d152c782,0
508.namd_r/1,1/super_hot_regions:11,0x5826d152c7ba,0
508.namd_r/1,1/super_hot_regions:11,0x5826d152c7c0,0

508.namd_r/1,1/super_hot_regions:111,0x5826d152f734,16
508.namd_r/1,1/super_hot_regions:111,0x5826d152f79c,0
508.namd_r/1,1/super_hot_regions:111,0x5826d152f79f,0
508.namd_r/1,1/super_hot_regions:111,0x5826d152f7a6,0
508.namd_r/1,1/super_hot_regions:111,0x5826d152f777,0
508.namd_r/1,1/super_hot_regions:111,0x5826d152f7b0,0
508.namd_r/1,1/super_hot_regions:111,0x5826d152f7b6,0

508.namd_r/1,1/super_hot_regions:115,0x5826d152aa59,16
508.namd_r/1,1/super_hot_regions:115,0x5826d152ab43,0

508.namd_r/1,1/super_hot_regions:119,0x5826d152aaaa,16
508.namd_r/1,1/super_hot_regions:119,0x5826d152abaa,0

508.namd_r/1,1/super_hot_regions:121,0x5826d152aa5c,32
508.namd_r/1,1/super_hot_regions:121,0x5826d152aa78,0
508.namd_r/1,1/super_hot_regions:121,0x5826d152aba3,0
508.namd_r/1,1/super_hot_regions:121,0x5826d152ab68,0
508.namd_r/1,1/super_hot_regions:121,0x5826d152abb5,0
508.namd_r/1,1/super_hot_regions:121,0x5826d152abb8,0
508.namd_r/1,1/super_hot_regions:121,0x5826d152abc6,0
508.namd_r/1,1/super_hot_regions:121,0x5826d152abd0,0
508.namd_r/1,1/super_hot_regions:121,0x5826d152abd2,0
508.namd_r/1,1/super_hot_regions:121,0x5826d152abe0,0
508.namd_r/1,1/super_hot_regions:121,0x5826d152abe9,0
508.namd_r/1,1/super_hot_regions:121,0x5826d152abeb,0
508.namd_r/1,1/super_hot_regions:121,0x5826d152abf9,0

508.namd_r/1,1/super_hot_regions:124,0x5826d152d8e4,16
508.namd_r/1,1/super_hot_regions:124,0x5826d152d958,0

508.namd_r/1,1/super_hot_regions:129,0x5826d152d93d,16
508.namd_r/1,1/super_hot_regions:129,0x5826d152da15,0

508.namd_r/1,1/super_hot_regions:130,0x5826d152d96e,16
508.namd_r/1,1/super_hot_regions:130,0x5826d152da37,0

508.namd_r/1,1/super_hot_regions:132,0x5826d152d925,16
508.namd_r/1,1/super_hot_regions:132,0x5826d152d95f,0
508.namd_r/1,1/super_hot_regions:132,0x5826d152da0e,0
508.namd_r/1,1/super_hot_regions:132,0x5826d152da20,0
508.namd_r/1,1/super_hot_regions:132,0x5826d152da23,0
508.namd_r/1,1/super_hot_regions:132,0x5826d152da31,0
508.namd_r/1,1/super_hot_regions:132,0x5826d152da42,0
508.namd_r/1,1/super_hot_regions:132,0x5826d152da44,0
508.namd_r/1,1/super_hot_regions:132,0x5826d152da52,0
508.namd_r/1,1/super_hot_regions:132,0x5826d152da5b,0
508.namd_r/1,1/super_hot_regions:132,0x5826d152da5d,0
508.namd_r/1,1/super_hot_regions:132,0x5826d152da6b,0

508.namd_r/1,1/super_hot_regions:137,0x5826d153fb9e,16
508.namd_r/1,1/super_hot_regions:137,0x5826d153fc44,0

508.namd_r/1,1/super_hot_regions:143,0x5826d153fbf2,16
508.namd_r/1,1/super_hot_regions:143,0x5826d153fcdf,0

508.namd_r/1,1/super_hot_regions:145,0x5826d153fbb0,32
508.namd_r/1,1/super_hot_regions:145,0x5826d153fbcd,0
508.namd_r/1,1/super_hot_regions:145,0x5826d153fcd8,0
508.namd_r/1,1/super_hot_regions:145,0x5826d153fc9d,0
508.namd_r/1,1/super_hot_regions:145,0x5826d153fcea,0
508.namd_r/1,1/super_hot_regions:145,0x5826d153fced,0
508.namd_r/1,1/super_hot_regions:145,0x5826d153fcfa,0
508.namd_r/1,1/super_hot_regions:145,0x5826d153fd04,0
508.namd_r/1,1/super_hot_regions:145,0x5826d153fd06,0
508.namd_r/1,1/super_hot_regions:145,0x5826d153fd14,0
508.namd_r/1,1/super_hot_regions:145,0x5826d153fd1d,0
508.namd_r/1,1/super_hot_regions:145,0x5826d153fd1f,0
508.namd_r/1,1/super_hot_regions:145,0x5826d153fd2d,0

508.namd_r/1,1/super_hot_regions:157,0x5826d153275e,24
508.namd_r/1,1/super_hot_regions:157,0x5826d1532766,0
508.namd_r/1,1/super_hot_regions:157,0x5826d153276a,0
508.namd_r/1,1/super_hot_regions:157,0x5826d153276e,0

508.namd_r/1,1/super_hot_regions:159,0x5826d153279a,24
508.namd_r/1,1/super_hot_regions:159,0x5826d15327a6,0
508.namd_r/1,1/super_hot_regions:159,0x5826d15327a9,0
508.namd_r/1,1/super_hot_regions:159,0x5826d15327ac,0

508.namd_r/1,1/super_hot_regions:161,0x5826d156b5ae,16
508.namd_r/1,1/super_hot_regions:161,0x5826d156b5b3,0
508.namd_r/1,1/super_hot_regions:161,0x5826d156b5b7,0

508.namd_r/1,1/super_hot_regions:163,0x5826d156b5ec,16
508.namd_r/1,1/super_hot_regions:163,0x5826d156b5f5,0
508.namd_r/1,1/super_hot_regions:163,0x5826d156b5f8,0

510.parest_r/1,1/super_hot_regions:100,0x61e49a7bcbae,16
510.parest_r/1,1/super_hot_regions:100,0x61e49a7bcbb5,0
510.parest_r/1,1/super_hot_regions:100,0x61e49a7bcbb8,0

510.parest_r/1,1/super_hot_regions:101,0x61e49a7675b4,16
510.parest_r/1,1/super_hot_regions:101,0x61e49a7675be,0
510.parest_r/1,1/super_hot_regions:101,0x61e49a7675c1,0
510.parest_r/1,1/super_hot_regions:101,0x61e49a7675c3,0

510.parest_r/1,1/super_hot_regions:102,0x61e49a7675c9,8
510.parest_r/1,1/super_hot_regions:102,0x61e49a7675cf,0
510.parest_r/1,1/super_hot_regions:102,0x61e49a7675d2,0
510.parest_r/1,1/super_hot_regions:102,0x61e49a7675d6,0
510.parest_r/1,1/super_hot_regions:102,0x61e49a7675da,0

510.parest_r/1,1/super_hot_regions:103,0x61e49a7bcbe5,24
510.parest_r/1,1/super_hot_regions:103,0x61e49a7bcbe9,0
510.parest_r/1,1/super_hot_regions:103,0x61e49a7bcbed,0
510.parest_r/1,1/super_hot_regions:103,0x61e49a7bcbf5,0
510.parest_r/1,1/super_hot_regions:103,0x61e49a7bcbf7,0

510.parest_r/1,1/super_hot_regions:104,0x61e49a7bcbd4,32
510.parest_r/1,1/super_hot_regions:104,0x61e49a7bcbd9,0
510.parest_r/1,1/super_hot_regions:104,0x61e49a7bcbdd,0
510.parest_r/1,1/super_hot_regions:104,0x61e49a7bcbfe,0
510.parest_r/1,1/super_hot_regions:104,0x61e49a7bcbe1,0
510.parest_r/1,1/super_hot_regions:104,0x61e49a7bcc02,0
510.parest_r/1,1/super_hot_regions:104,0x61e49a7bcc09,0

510.parest_r/1,1/super_hot_regions:108,0x61e49a7bcc29,16
510.parest_r/1,1/super_hot_regions:108,0x61e49a7bcc30,0
510.parest_r/1,1/super_hot_regions:108,0x61e49a7bcc33,0

510.parest_r/1,1/super_hot_regions:109,0x61e49a7bcc60,24
510.parest_r/1,1/super_hot_regions:109,0x61e49a7bcc64,0
510.parest_r/1,1/super_hot_regions:109,0x61e49a7bcc68,0
510.parest_r/1,1/super_hot_regions:109,0x61e49a7bcc70,0
510.parest_r/1,1/super_hot_regions:109,0x61e49a7bcc72,0

510.parest_r/1,1/super_hot_regions:110,0x61e49a7bcc4f,32
510.parest_r/1,1/super_hot_regions:110,0x61e49a7bcc54,0
510.parest_r/1,1/super_hot_regions:110,0x61e49a7bcc58,0
510.parest_r/1,1/super_hot_regions:110,0x61e49a7bcc79,0
510.parest_r/1,1/super_hot_regions:110,0x61e49a7bcc5c,0
510.parest_r/1,1/super_hot_regions:110,0x61e49a7bcc7d,0
510.parest_r/1,1/super_hot_regions:110,0x61e49a7bcc84,0

510.parest_r/1,1/super_hot_regions:112,0x61e49a7bcb78,16
510.parest_r/1,1/super_hot_regions:112,0x61e49a7bcb80,0
510.parest_r/1,1/super_hot_regions:112,0x61e49a7bcb83,0

510.parest_r/1,1/super_hot_regions:116,0x61e49a9a6ea2,24
510.parest_r/1,1/super_hot_regions:116,0x61e49a9a6eaa,0
510.parest_r/1,1/super_hot_regions:116,0x61e49a9a6eb5,0

510.parest_r/1,1/super_hot_regions:128,0x61e49ab8a55c,8
510.parest_r/1,1/super_hot_regions:128,0x61e49ab8a55f,0

510.parest_r/1,1/super_hot_regions:130,0x61e49ab8a7b8,16
510.parest_r/1,1/super_hot_regions:130,0x61e49ab8a7c4,0

510.parest_r/1,1/super_hot_regions:135,0x61e49ab88978,16
510.parest_r/1,1/super_hot_regions:135,0x61e49ab88980,0

510.parest_r/1,1/super_hot_regions:136,0x61e49ab88999,16
510.parest_r/1,1/super_hot_regions:136,0x61e49ab889a0,0
510.parest_r/1,1/super_hot_regions:136,0x61e49ab889a4,0

510.parest_r/1,1/super_hot_regions:150,0x7a48662a18a2,8
510.parest_r/1,1/super_hot_regions:150,0x7a48662a18a4,0
510.parest_r/1,1/super_hot_regions:150,0x7a48662a18a7,0

510.parest_r/1,1/super_hot_regions:152,0x7a48662a18b8,8
510.parest_r/1,1/super_hot_regions:152,0x7a48662a18c3,0

511.povray_r/1,1/super_hot_regions:103,0x622355aa69ea,8
511.povray_r/1,1/super_hot_regions:103,0x622355aa69ee,0

511.povray_r/1,1/super_hot_regions:106,0x622355ae848e,8
511.povray_r/1,1/super_hot_regions:106,0x622355ae8494,0

511.povray_r/1,1/super_hot_regions:107,0x622355ae848a,24
511.povray_r/1,1/super_hot_regions:107,0x622355ae8490,0
511.povray_r/1,1/super_hot_regions:107,0x622355ae8496,0

511.povray_r/1,1/super_hot_regions:111,0x622355aa6f52,16
511.povray_r/1,1/super_hot_regions:111,0x622355aa6f5c,0

511.povray_r/1,1/super_hot_regions:115,0x622355aa6fa2,16
511.povray_r/1,1/super_hot_regions:115,0x622355aa6fa9,0

511.povray_r/1,1/super_hot_regions:118,0x622355ae8526,16
511.povray_r/1,1/super_hot_regions:118,0x622355ae8532,0
511.povray_r/1,1/super_hot_regions:118,0x622355ae8534,0

511.povray_r/1,1/super_hot_regions:119,0x622355ae853d,8
511.povray_r/1,1/super_hot_regions:119,0x622355ae8541,0

511.povray_r/1,1/super_hot_regions:120,0x622355ae852d,16
511.povray_r/1,1/super_hot_regions:120,0x622355ae8544,0

511.povray_r/1,1/super_hot_regions:121,0x622355ae8538,16
511.povray_r/1,1/super_hot_regions:121,0x622355ae8548,0

511.povray_r/1,1/super_hot_regions:125,0x622355aa69f7,16
511.povray_r/1,1/super_hot_regions:125,0x622355aa6a03,0

511.povray_r/1,1/super_hot_regions:40,0x622355ab8d58,8
511.povray_r/1,1/super_hot_regions:40,0x622355ab8d5b,0

511.povray_r/1,1/super_hot_regions:47,0x622355b2facd,8
511.povray_r/1,1/super_hot_regions:47,0x622355b2fad4,0

511.povray_r/1,1/super_hot_regions:57,0x622355b026b4,16
511.povray_r/1,1/super_hot_regions:57,0x622355b026bb,0

511.povray_r/1,1/super_hot_regions:58,0x622355b025ed,16
511.povray_r/1,1/super_hot_regions:58,0x622355b025f0,0

511.povray_r/1,1/super_hot_regions:77,0x622355b0162b,16
511.povray_r/1,1/super_hot_regions:77,0x622355b01635,0

511.povray_r/1,1/super_hot_regions:87,0x622355aa72ae,16
511.povray_r/1,1/super_hot_regions:87,0x622355aa72b6,0
511.povray_r/1,1/super_hot_regions:87,0x622355aa72ba,0

511.povray_r/1,1/super_hot_regions:9,0x622355b013b6,8
511.povray_r/1,1/super_hot_regions:9,0x622355b013b8,0

511.povray_r/1,1/super_hot_regions:91,0x622355aa69a2,8
511.povray_r/1,1/super_hot_regions:91,0x622355aa69a5,0
511.povray_r/1,1/super_hot_regions:91,0x622355aa69af,0

519.lbm_r/1,1/super_hot_regions:101,0x7eb2b245a5e1,8
519.lbm_r/1,1/super_hot_regions:101,0x7eb2b245a5e4,0

519.lbm_r/1,1/super_hot_regions:103,0x7eb2b245a5a8,8
519.lbm_r/1,1/super_hot_regions:103,0x7eb2b245a5b9,0

519.lbm_r/1,1/super_hot_regions:104,0x7eb2b245a5c4,8
519.lbm_r/1,1/super_hot_regions:104,0x7eb2b245a5cc,0

519.lbm_r/1,1/super_hot_regions:106,0x7eb2b25a0784,8
519.lbm_r/1,1/super_hot_regions:106,0x7eb2b25a0787,0

519.lbm_r/1,1/super_hot_regions:112,0x583214c35056,8
519.lbm_r/1,1/super_hot_regions:112,0x583214c3505b,0

519.lbm_r/1,1/super_hot_regions:113,0x7eb2b245a2d0,8
519.lbm_r/1,1/super_hot_regions:113,0x7eb2b245a2da,0

519.lbm_r/1,1/super_hot_regions:114,0x7eb2b245a2d3,8
519.lbm_r/1,1/super_hot_regions:114,0x7eb2b245a2e1,0
519.lbm_r/1,1/super_hot_regions:114,0x7eb2b245a2e5,0
519.lbm_r/1,1/super_hot_regions:114,0x7eb2b245a2e8,0
519.lbm_r/1,1/super_hot_regions:114,0x7eb2b245a2eb,0

519.lbm_r/1,1/super_hot_regions:115,0x7eb2b245a2dd,8
519.lbm_r/1,1/super_hot_regions:115,0x7eb2b245a2f5,0

519.lbm_r/1,1/super_hot_regions:122,0x7eb2b248b64a,8
519.lbm_r/1,1/super_hot_regions:122,0x7eb2b248b650,0
519.lbm_r/1,1/super_hot_regions:122,0x7eb2b248b653,0
519.lbm_r/1,1/super_hot_regions:122,0x7eb2b248b65a,0
519.lbm_r/1,1/super_hot_regions:122,0x7eb2b248b657,0
519.lbm_r/1,1/super_hot_regions:122,0x7eb2b248b65d,0

519.lbm_r/1,1/super_hot_regions:131,0x7eb2b2455526,8
519.lbm_r/1,1/super_hot_regions:131,0x7eb2b2455529,0
519.lbm_r/1,1/super_hot_regions:131,0x7eb2b245552c,0
519.lbm_r/1,1/super_hot_regions:131,0x7eb2b2455531,0
519.lbm_r/1,1/super_hot_regions:131,0x7eb2b2455534,0

519.lbm_r/1,1/super_hot_regions:135,0x583214c350ad,8
519.lbm_r/1,1/super_hot_regions:135,0x583214c350ed,0

519.lbm_r/1,1/super_hot_regions:137,0x583214c350ba,8
519.lbm_r/1,1/super_hot_regions:137,0x583214c350f0,0
519.lbm_r/1,1/super_hot_regions:137,0x583214c350fa,0

519.lbm_r/1,1/super_hot_regions:138,0x583214c350b0,16
519.lbm_r/1,1/super_hot_regions:138,0x583214c350c9,0
519.lbm_r/1,1/super_hot_regions:138,0x583214c35101,0
519.lbm_r/1,1/super_hot_regions:138,0x583214c350d9,0

519.lbm_r/1,1/super_hot_regions:140,0x583214c35025,8
519.lbm_r/1,1/super_hot_regions:140,0x583214c3502c,0

519.lbm_r/1,1/super_hot_regions:141,0x583214c35022,8
519.lbm_r/1,1/super_hot_regions:141,0x583214c3504c,0

519.lbm_r/1,1/super_hot_regions:144,0x583214d063fe,8
519.lbm_r/1,1/super_hot_regions:144,0x583214d06421,0

519.lbm_r/1,1/super_hot_regions:146,0x583214d06491,16
519.lbm_r/1,1/super_hot_regions:146,0x583214d06497,0
519.lbm_r/1,1/super_hot_regions:146,0x583214d064b0,0

519.lbm_r/1,1/super_hot_regions:149,0x583214d0626c,8
519.lbm_r/1,1/super_hot_regions:149,0x583214d06273,0

519.lbm_r/1,1/super_hot_regions:151,0x583214d063e7,16
519.lbm_r/1,1/super_hot_regions:151,0x583214d063ed,0

519.lbm_r/1,1/super_hot_regions:158,0x583214d05083,8
519.lbm_r/1,1/super_hot_regions:158,0x583214d050a0,0

520.omnetpp_r/1,1/super_hot_regions:0,0x6502013c62a4,8
520.omnetpp_r/1,1/super_hot_regions:0,0x6502013c62a7,0

520.omnetpp_r/1,1/super_hot_regions:1,0x6502013c62ab,16
520.omnetpp_r/1,1/super_hot_regions:1,0x6502013c62af,0
520.omnetpp_r/1,1/super_hot_regions:1,0x6502013c62b2,0

520.omnetpp_r/1,1/super_hot_regions:106,0x7640dc0a184c,8
520.omnetpp_r/1,1/super_hot_regions:106,0x7640dc0a1850,0

520.omnetpp_r/1,1/super_hot_regions:110,0x650201468dc4,32
520.omnetpp_r/1,1/super_hot_regions:110,0x650201468dcb,0
520.omnetpp_r/1,1/super_hot_regions:110,0x650201468dd5,0
520.omnetpp_r/1,1/super_hot_regions:110,0x650201468dd8,0
520.omnetpp_r/1,1/super_hot_regions:110,0x650201468dda,0
520.omnetpp_r/1,1/super_hot_regions:110,0x650201468dde,0

520.omnetpp_r/1,1/super_hot_regions:112,0x7640dc0a520e,8
520.omnetpp_r/1,1/super_hot_regions:112,0x7640dc0a5213,0

520.omnetpp_r/1,1/super_hot_regions:114,0x7640dc0a521f,16
520.omnetpp_r/1,1/super_hot_regions:114,0x7640dc0a5225,0
520.omnetpp_r/1,1/super_hot_regions:114,0x7640dc0a5229,0
520.omnetpp_r/1,1/super_hot_regions:114,0x7640dc0a522c,0

520.omnetpp_r/1,1/super_hot_regions:12,0x7640dc4af064,16
520.omnetpp_r/1,1/super_hot_regions:12,0x7640dc4af06f,0

520.omnetpp_r/1,1/super_hot_regions:124,0x6502013c6068,8
520.omnetpp_r/1,1/super_hot_regions:124,0x6502013c606a,0
520.omnetpp_r/1,1/super_hot_regions:124,0x6502013c606c,0

520.omnetpp_r/1,1/super_hot_regions:132,0x650201370504,16
520.omnetpp_r/1,1/super_hot_regions:132,0x65020137050b,0

520.omnetpp_r/1,1/super_hot_regions:135,0x6502013c5f3b,8
520.omnetpp_r/1,1/super_hot_regions:135,0x6502013c5f3f,0

520.omnetpp_r/1,1/super_hot_regions:136,0x6502013c5f33,16
520.omnetpp_r/1,1/super_hot_regions:136,0x6502013c5f43,0

520.omnetpp_r/1,1/super_hot_regions:139,0x650201363565,16
520.omnetpp_r/1,1/super_hot_regions:139,0x65020136356e,0

520.omnetpp_r/1,1/super_hot_regions:24,0x7640dc0a18a2,8
520.omnetpp_r/1,1/super_hot_regions:24,0x7640dc0a18a4,0
520.omnetpp_r/1,1/super_hot_regions:24,0x7640dc0a18a7,0

520.omnetpp_r/1,1/super_hot_regions:26,0x7640dc0a18b8,8
520.omnetpp_r/1,1/super_hot_regions:26,0x7640dc0a18c3,0

520.omnetpp_r/1,1/super_hot_regions:27,0x7640dc0a18bb,16
520.omnetpp_r/1,1/super_hot_regions:27,0x7640dc0a18bf,0
520.omnetpp_r/1,1/super_hot_regions:27,0x7640dc0a18c7,0
520.omnetpp_r/1,1/super_hot_regions:27,0x7640dc0a18cf,0
520.omnetpp_r/1,1/super_hot_regions:27,0x7640dc0a18d6,0

520.omnetpp_r/1,1/super_hot_regions:28,0x7640dc0a18cb,16
520.omnetpp_r/1,1/super_hot_regions:28,0x7640dc0a18d2,0
520.omnetpp_r/1,1/super_hot_regions:28,0x7640dc0a18d9,0
520.omnetpp_r/1,1/super_hot_regions:28,0x7640dc0a18dc,0

520.omnetpp_r/1,1/super_hot_regions:34,0x7640dc0a187b,8
520.omnetpp_r/1,1/super_hot_regions:34,0x7640dc0a1882,0
520.omnetpp_r/1,1/super_hot_regions:34,0x7640dc0a1886,0

520.omnetpp_r/1,1/super_hot_regions:36,0x7640dc4af12d,16
520.omnetpp_r/1,1/super_hot_regions:36,0x7640dc4af138,0

520.omnetpp_r/1,1/super_hot_regions:40,0x6502014b878b,16
520.omnetpp_r/1,1/super_hot_regions:40,0x6502014b8792,0

520.omnetpp_r/1,1/super_hot_regions:43,0x6502014b87ad,16
520.omnetpp_r/1,1/super_hot_regions:43,0x6502014b87b4,0
520.omnetpp_r/1,1/super_hot_regions:43,0x6502014b87b8,0

520.omnetpp_r/1,1/super_hot_regions:68,0x7640dc4accb0,8
520.omnetpp_r/1,1/super_hot_regions:68,0x7640dc4accba,0

520.omnetpp_r/1,1/super_hot_regions:71,0x7640dc4accd4,8
520.omnetpp_r/1,1/super_hot_regions:71,0x7640dc4acce1,0

521.wrf_r/1,1/super_hot_regions:114,0x7bb9aaaa51b4,8
521.wrf_r/1,1/super_hot_regions:114,0x7bb9aaaa51b8,0

521.wrf_r/1,1/super_hot_regions:121,0x61a3f659e19a,8
521.wrf_r/1,1/super_hot_regions:121,0x61a3f659e1a0,0

521.wrf_r/1,1/super_hot_regions:33,0x61a3f65bf020,8
521.wrf_r/1,1/super_hot_regions:33,0x61a3f65bf025,0

521.wrf_r/1,1/super_hot_regions:72,0x61a3f7263d38,8
521.wrf_r/1,1/super_hot_regions:72,0x61a3f7263d3c,0
521.wrf_r/1,1/super_hot_regions:72,0x61a3f7263d3a,0
521.wrf_r/1,1/super_hot_regions:72,0x61a3f7263d41,0

521.wrf_r/1,1/super_hot_regions:73,0x61a3f7263d4b,8
521.wrf_r/1,1/super_hot_regions:73,0x61a3f7263d51,0
521.wrf_r/1,1/super_hot_regions:73,0x61a3f7263d4f,0
521.wrf_r/1,1/super_hot_regions:73,0x61a3f7263d56,0

523.xalancbmk_r/1,1/super_hot_regions:107,0x57a6e2b8bb88,8
523.xalancbmk_r/1,1/super_hot_regions:107,0x57a6e2b8bb8b,0

523.xalancbmk_r/1,1/super_hot_regions:111,0x57a6e2b82138,16
523.xalancbmk_r/1,1/super_hot_regions:111,0x57a6e2b82148,0

523.xalancbmk_r/1,1/super_hot_regions:33,0x57a6e2b7df2a,8
523.xalancbmk_r/1,1/super_hot_regions:33,0x57a6e2b7df2d,0

523.xalancbmk_r/1,1/super_hot_regions:38,0x57a6e2b7e141,16
523.xalancbmk_r/1,1/super_hot_regions:38,0x57a6e2b7e145,0

523.xalancbmk_r/1,1/super_hot_regions:39,0x57a6e2b7de44,8
523.xalancbmk_r/1,1/super_hot_regions:39,0x57a6e2b7de47,0
523.xalancbmk_r/1,1/super_hot_regions:39,0x57a6e2b7de50,0

523.xalancbmk_r/1,1/super_hot_regions:40,0x57a6e2b7de53,8
523.xalancbmk_r/1,1/super_hot_regions:40,0x57a6e2b7de56,0

523.xalancbmk_r/1,1/super_hot_regions:49,0x57a6e2b7def7,8
523.xalancbmk_r/1,1/super_hot_regions:49,0x57a6e2b7def9,0

523.xalancbmk_r/1,1/super_hot_regions:55,0x57a6e2b7e0f3,16
523.xalancbmk_r/1,1/super_hot_regions:55,0x57a6e2b7e0f7,0

523.xalancbmk_r/1,1/super_hot_regions:58,0x57a6e2b7e10d,16
523.xalancbmk_r/1,1/super_hot_regions:58,0x57a6e2b7e111,0

523.xalancbmk_r/1,1/super_hot_regions:61,0x57a6e2b7e127,16
523.xalancbmk_r/1,1/super_hot_regions:61,0x57a6e2b7e12b,0

523.xalancbmk_r/1,1/super_hot_regions:64,0x57a6e2b7deaa,8
523.xalancbmk_r/1,1/super_hot_regions:64,0x57a6e2b7dead,0

523.xalancbmk_r/1,1/super_hot_regions:87,0x57a6e2bddd26,16
523.xalancbmk_r/1,1/super_hot_regions:87,0x57a6e2bddd2d,0
523.xalancbmk_r/1,1/super_hot_regions:87,0x57a6e2bddd31,0

523.xalancbmk_r/1,1/super_hot_regions:90,0x57a6e2c7a5b8,8
523.xalancbmk_r/1,1/super_hot_regions:90,0x57a6e2c7a5be,0

523.xalancbmk_r/1,1/super_hot_regions:95,0x57a6e2bbe50c,8
523.xalancbmk_r/1,1/super_hot_regions:95,0x57a6e2bbe50f,0

525.x264_r/1,1/super_hot_regions:0,0x560e96481cf1,8
525.x264_r/1,1/super_hot_regions:0,0x560e96481cf6,0

525.x264_r/1,1/super_hot_regions:100,0x560e9647cf85,32
525.x264_r/1,1/super_hot_regions:100,0x560e9647cf89,0
525.x264_r/1,1/super_hot_regions:100,0x560e9647cf92,0
525.x264_r/1,1/super_hot_regions:100,0x560e9647cf95,0
525.x264_r/1,1/super_hot_regions:100,0x560e9647cf8d,0
525.x264_r/1,1/super_hot_regions:100,0x560e9647cf9a,0
525.x264_r/1,1/super_hot_regions:100,0x560e9647cf9c,0
525.x264_r/1,1/super_hot_regions:100,0x560e9647cfa1,0
525.x264_r/1,1/super_hot_regions:100,0x560e9647cfac,0
525.x264_r/1,1/super_hot_regions:100,0x560e9647cfa5,0
525.x264_r/1,1/super_hot_regions:100,0x560e9647cfa7,0
525.x264_r/1,1/super_hot_regions:100,0x560e9647cfa9,0
525.x264_r/1,1/super_hot_regions:100,0x560e9647cfb2,0

525.x264_r/1,1/super_hot_regions:101,0x560e9647cfb8,32
525.x264_r/1,1/super_hot_regions:101,0x560e9647cfbc,0
525.x264_r/1,1/super_hot_regions:101,0x560e9647cfc5,0
525.x264_r/1,1/super_hot_regions:101,0x560e9647cfc8,0
525.x264_r/1,1/super_hot_regions:101,0x560e9647cfc0,0
525.x264_r/1,1/super_hot_regions:101,0x560e9647cfcd,0
525.x264_r/1,1/super_hot_regions:101,0x560e9647cfcf,0
525.x264_r/1,1/super_hot_regions:101,0x560e9647cfd4,0
525.x264_r/1,1/super_hot_regions:101,0x560e9647cfdf,0
525.x264_r/1,1/super_hot_regions:101,0x560e9647cfd8,0
525.x264_r/1,1/super_hot_regions:101,0x560e9647cfda,0
525.x264_r/1,1/super_hot_regions:101,0x560e9647cfdc,0
525.x264_r/1,1/super_hot_regions:101,0x560e9647cfe5,0

525.x264_r/1,1/super_hot_regions:102,0x560e9647cfeb,32
525.x264_r/1,1/super_hot_regions:102,0x560e9647cfef,0
525.x264_r/1,1/super_hot_regions:102,0x560e9647cff8,0
525.x264_r/1,1/super_hot_regions:102,0x560e9647cffb,0
525.x264_r/1,1/super_hot_regions:102,0x560e9647cff3,0
525.x264_r/1,1/super_hot_regions:102,0x560e9647d000,0
525.x264_r/1,1/super_hot_regions:102,0x560e9647d002,0
525.x264_r/1,1/super_hot_regions:102,0x560e9647d007,0
525.x264_r/1,1/super_hot_regions:102,0x560e9647d012,0
525.x264_r/1,1/super_hot_regions:102,0x560e9647d00b,0
525.x264_r/1,1/super_hot_regions:102,0x560e9647d00d,0
525.x264_r/1,1/super_hot_regions:102,0x560e9647d00f,0
525.x264_r/1,1/super_hot_regions:102,0x560e9647d018,0

525.x264_r/1,1/super_hot_regions:103,0x560e9647d01e,32
525.x264_r/1,1/super_hot_regions:103,0x560e9647d022,0
525.x264_r/1,1/super_hot_regions:103,0x560e9647d02b,0
525.x264_r/1,1/super_hot_regions:103,0x560e9647d02e,0
525.x264_r/1,1/super_hot_regions:103,0x560e9647d026,0
525.x264_r/1,1/super_hot_regions:103,0x560e9647d033,0
525.x264_r/1,1/super_hot_regions:103,0x560e9647d035,0
525.x264_r/1,1/super_hot_regions:103,0x560e9647d03a,0
525.x264_r/1,1/super_hot_regions:103,0x560e9647d045,0
525.x264_r/1,1/super_hot_regions:103,0x560e9647d03e,0
525.x264_r/1,1/super_hot_regions:103,0x560e9647d040,0
525.x264_r/1,1/super_hot_regions:103,0x560e9647d042,0
525.x264_r/1,1/super_hot_regions:103,0x560e9647d04b,0

525.x264_r/1,1/super_hot_regions:104,0x560e9647d051,32
525.x264_r/1,1/super_hot_regions:104,0x560e9647d055,0
525.x264_r/1,1/super_hot_regions:104,0x560e9647d05e,0
525.x264_r/1,1/super_hot_regions:104,0x560e9647d061,0
525.x264_r/1,1/super_hot_regions:104,0x560e9647d059,0
525.x264_r/1,1/super_hot_regions:104,0x560e9647d066,0
525.x264_r/1,1/super_hot_regions:104,0x560e9647d068,0
525.x264_r/1,1/super_hot_regions:104,0x560e9647d06d,0
525.x264_r/1,1/super_hot_regions:104,0x560e9647d078,0
525.x264_r/1,1/super_hot_regions:104,0x560e9647d071,0
525.x264_r/1,1/super_hot_regions:104,0x560e9647d073,0
525.x264_r/1,1/super_hot_regions:104,0x560e9647d075,0
525.x264_r/1,1/super_hot_regions:104,0x560e9647d07e,0

525.x264_r/1,1/super_hot_regions:105,0x560e9647d084,32
525.x264_r/1,1/super_hot_regions:105,0x560e9647d088,0
525.x264_r/1,1/super_hot_regions:105,0x560e9647d091,0
525.x264_r/1,1/super_hot_regions:105,0x560e9647d094,0
525.x264_r/1,1/super_hot_regions:105,0x560e9647d08c,0
525.x264_r/1,1/super_hot_regions:105,0x560e9647d099,0
525.x264_r/1,1/super_hot_regions:105,0x560e9647d09b,0
525.x264_r/1,1/super_hot_regions:105,0x560e9647d0a0,0
525.x264_r/1,1/super_hot_regions:105,0x560e9647d0ab,0
525.x264_r/1,1/super_hot_regions:105,0x560e9647d0a4,0
525.x264_r/1,1/super_hot_regions:105,0x560e9647d0a6,0
525.x264_r/1,1/super_hot_regions:105,0x560e9647d0a8,0
525.x264_r/1,1/super_hot_regions:105,0x560e9647d0b1,0

525.x264_r/1,1/super_hot_regions:107,0x560e964b3140,24
525.x264_r/1,1/super_hot_regions:107,0x560e964b3143,0
525.x264_r/1,1/super_hot_regions:107,0x560e964b3148,0
525.x264_r/1,1/super_hot_regions:107,0x560e964b314b,0
525.x264_r/1,1/super_hot_regions:107,0x560e964b314e,0
525.x264_r/1,1/super_hot_regions:107,0x560e964b3151,0
525.x264_r/1,1/super_hot_regions:107,0x560e964b3153,0

525.x264_r/1,1/super_hot_regions:110,0x560e964b2dce,24
525.x264_r/1,1/super_hot_regions:110,0x560e964b2dd3,0
525.x264_r/1,1/super_hot_regions:110,0x560e964b2dd6,0
525.x264_r/1,1/super_hot_regions:110,0x560e964b2dd9,0
525.x264_r/1,1/super_hot_regions:110,0x560e964b2ddc,0
525.x264_r/1,1/super_hot_regions:110,0x560e964b2ddf,0

525.x264_r/1,1/super_hot_regions:112,0x560e964b1728,24
525.x264_r/1,1/super_hot_regions:112,0x560e964b172b,0
525.x264_r/1,1/super_hot_regions:112,0x560e964b1730,0
525.x264_r/1,1/super_hot_regions:112,0x560e964b1733,0
525.x264_r/1,1/super_hot_regions:112,0x560e964b1736,0
525.x264_r/1,1/super_hot_regions:112,0x560e964b1739,0
525.x264_r/1,1/super_hot_regions:112,0x560e964b173b,0

525.x264_r/1,1/super_hot_regions:115,0x560e964b27ab,8
525.x264_r/1,1/super_hot_regions:115,0x560e964b27ae,0

525.x264_r/1,1/super_hot_regions:128,0x560e9647bf96,8
525.x264_r/1,1/super_hot_regions:128,0x560e9647bf9f,0

525.x264_r/1,1/super_hot_regions:129,0x560e9647bfa2,8
525.x264_r/1,1/super_hot_regions:129,0x560e9647bfa7,0

526.blender_r/1,1/super_hot_regions:130,0x56d60d4741af,16
526.blender_r/1,1/super_hot_regions:130,0x56d60d4741bf,0

526.blender_r/1,1/super_hot_regions:23,0x56d60d4029a5,8
526.blender_r/1,1/super_hot_regions:23,0x56d60d4029a8,0

526.blender_r/1,1/super_hot_regions:25,0x56d60d402968,8
526.blender_r/1,1/super_hot_regions:25,0x56d60d402979,0

526.blender_r/1,1/super_hot_regions:26,0x56d60d40296c,8
526.blender_r/1,1/super_hot_regions:26,0x56d60d402977,0
526.blender_r/1,1/super_hot_regions:26,0x56d60d40297d,0

526.blender_r/1,1/super_hot_regions:4,0x56d60d4029a0,8
526.blender_r/1,1/super_hot_regions:4,0x56d60d4029a5,0
526.blender_r/1,1/super_hot_regions:4,0x56d60d4029a8,0

526.blender_r/1,1/super_hot_regions:67,0x56d60d484d93,8
526.blender_r/1,1/super_hot_regions:67,0x56d60d484d9c,0

526.blender_r/1,1/super_hot_regions:73,0x56d60d4896bc,8
526.blender_r/1,1/super_hot_regions:73,0x56d60d4896bf,0

526.blender_r/1,1/super_hot_regions:77,0x56d60d489863,16
526.blender_r/1,1/super_hot_regions:77,0x56d60d48986d,0

526.blender_r/1,1/super_hot_regions:78,0x56d60d489866,8
526.blender_r/1,1/super_hot_regions:78,0x56d60d489878,0
526.blender_r/1,1/super_hot_regions:78,0x56d60d48987b,0

526.blender_r/1,1/super_hot_regions:79,0x56d60d489882,16
526.blender_r/1,1/super_hot_regions:79,0x56d60d48989c,0

526.blender_r/1,1/super_hot_regions:80,0x56d60d4898a8,8
526.blender_r/1,1/super_hot_regions:80,0x56d60d4898af,0
526.blender_r/1,1/super_hot_regions:80,0x56d60d4898b2,0

526.blender_r/1,1/super_hot_regions:81,0x56d60d4898d6,8
526.blender_r/1,1/super_hot_regions:81,0x56d60d4898dd,0
526.blender_r/1,1/super_hot_regions:81,0x56d60d4898e4,0

526.blender_r/1,1/super_hot_regions:82,0x56d60d489904,8
526.blender_r/1,1/super_hot_regions:82,0x56d60d489907,0

527.cam4_r/1,1/super_hot_regions:128,0x5f9346a1fd68,16
527.cam4_r/1,1/super_hot_regions:128,0x5f9346a1fd6d,0

527.cam4_r/1,1/super_hot_regions:130,0x5f9346a1fc90,16
527.cam4_r/1,1/super_hot_regions:130,0x5f9346a1fc95,0

527.cam4_r/1,1/super_hot_regions:132,0x5f9346a1fe50,16
527.cam4_r/1,1/super_hot_regions:132,0x5f9346a1fe55,0

527.cam4_r/1,1/super_hot_regions:43,0x748d4e48c7a3,8
527.cam4_r/1,1/super_hot_regions:43,0x748d4e48c7a6,0
527.cam4_r/1,1/super_hot_regions:43,0x748d4e48c7af,0

527.cam4_r/1,1/super_hot_regions:66,0x748d4dd99b64,16
527.cam4_r/1,1/super_hot_regions:66,0x748d4dd99b68,0
527.cam4_r/1,1/super_hot_regions:66,0x748d4dd99b6c,0

527.cam4_r/1,1/super_hot_regions:9,0x5f9346aa0b20,8
527.cam4_r/1,1/super_hot_regions:9,0x5f9346aa0b24,0

531.deepsjeng_r/1,1/super_hot_regions:0,0x6224487b4954,16
531.deepsjeng_r/1,1/super_hot_regions:0,0x6224487b4957,0
531.deepsjeng_r/1,1/super_hot_regions:0,0x6224487b495c,0
531.deepsjeng_r/1,1/super_hot_regions:0,0x6224487b4961,0

531.deepsjeng_r/1,1/super_hot_regions:10,0x6224487b490d,8
531.deepsjeng_r/1,1/super_hot_regions:10,0x6224487b4911,0

531.deepsjeng_r/1,1/super_hot_regions:100,0x6224487c26e1,8
531.deepsjeng_r/1,1/super_hot_regions:100,0x6224487c26e8,0

531.deepsjeng_r/1,1/super_hot_regions:101,0x6224487c26b2,32
531.deepsjeng_r/1,1/super_hot_regions:101,0x6224487c26b9,0
531.deepsjeng_r/1,1/super_hot_regions:101,0x6224487c26d4,0
531.deepsjeng_r/1,1/super_hot_regions:101,0x6224487c26ec,0
531.deepsjeng_r/1,1/super_hot_regions:101,0x6224487c26d7,0
531.deepsjeng_r/1,1/super_hot_regions:101,0x6224487c26dc,0
531.deepsjeng_r/1,1/super_hot_regions:101,0x6224487c26f1,0
531.deepsjeng_r/1,1/super_hot_regions:101,0x6224487c26f4,0
531.deepsjeng_r/1,1/super_hot_regions:101,0x6224487c26fd,0

531.deepsjeng_r/1,1/super_hot_regions:102,0x6224487c2689,8
531.deepsjeng_r/1,1/super_hot_regions:102,0x6224487c2700,0

531.deepsjeng_r/1,1/super_hot_regions:103,0x6224487b1bce,8
531.deepsjeng_r/1,1/super_hot_regions:103,0x6224487b1bd1,0
531.deepsjeng_r/1,1/super_hot_regions:103,0x6224487b1bd8,0

531.deepsjeng_r/1,1/super_hot_regions:105,0x6224487b1bd5,8
531.deepsjeng_r/1,1/super_hot_regions:105,0x6224487b1c77,0

531.deepsjeng_r/1,1/super_hot_regions:11,0x6224487b48b4,16
531.deepsjeng_r/1,1/super_hot_regions:11,0x6224487b48c0,0
531.deepsjeng_r/1,1/super_hot_regions:11,0x6224487b48ec,0
531.deepsjeng_r/1,1/super_hot_regions:11,0x6224487b48ca,0
531.deepsjeng_r/1,1/super_hot_regions:11,0x6224487b48fe,0
531.deepsjeng_r/1,1/super_hot_regions:11,0x6224487b48cf,0
531.deepsjeng_r/1,1/super_hot_regions:11,0x6224487b491a,0
531.deepsjeng_r/1,1/super_hot_regions:11,0x6224487b48d2,0
531.deepsjeng_r/1,1/super_hot_regions:11,0x6224487b48dc,0
531.deepsjeng_r/1,1/super_hot_regions:11,0x6224487b48e5,0
531.deepsjeng_r/1,1/super_hot_regions:11,0x6224487b4915,0
531.deepsjeng_r/1,1/super_hot_regions:11,0x6224487b491f,0

531.deepsjeng_r/1,1/super_hot_regions:111,0x6224487c2708,8
531.deepsjeng_r/1,1/super_hot_regions:111,0x6224487c270e,0

531.deepsjeng_r/1,1/super_hot_regions:112,0x6224487c2713,16
531.deepsjeng_r/1,1/super_hot_regions:112,0x6224487c271a,0
531.deepsjeng_r/1,1/super_hot_regions:112,0x6224487c271e,0
531.deepsjeng_r/1,1/super_hot_regions:112,0x6224487c2724,0
531.deepsjeng_r/1,1/super_hot_regions:112,0x6224487c2721,0
531.deepsjeng_r/1,1/super_hot_regions:112,0x6224487c2727,0
531.deepsjeng_r/1,1/super_hot_regions:112,0x6224487c272a,0
531.deepsjeng_r/1,1/super_hot_regions:112,0x6224487c272d,0

531.deepsjeng_r/1,1/super_hot_regions:115,0x6224487c273b,16
531.deepsjeng_r/1,1/super_hot_regions:115,0x6224487c273e,0
531.deepsjeng_r/1,1/super_hot_regions:115,0x6224487c2740,0
531.deepsjeng_r/1,1/super_hot_regions:115,0x6224487c2743,0
531.deepsjeng_r/1,1/super_hot_regions:115,0x6224487c2745,0

531.deepsjeng_r/1,1/super_hot_regions:116,0x6224487c2747,40
531.deepsjeng_r/1,1/super_hot_regions:116,0x6224487c274e,0
531.deepsjeng_r/1,1/super_hot_regions:116,0x6224487c2755,0
531.deepsjeng_r/1,1/super_hot_regions:116,0x6224487c275c,0
531.deepsjeng_r/1,1/super_hot_regions:116,0x6224487c2763,0
531.deepsjeng_r/1,1/super_hot_regions:116,0x6224487c276a,0
531.deepsjeng_r/1,1/super_hot_regions:116,0x6224487c2771,0
531.deepsjeng_r/1,1/super_hot_regions:116,0x6224487c2774,0
531.deepsjeng_r/1,1/super_hot_regions:116,0x6224487c2777,0
531.deepsjeng_r/1,1/super_hot_regions:116,0x6224487c277b,0

531.deepsjeng_r/1,1/super_hot_regions:122,0x6224487c2810,8
531.deepsjeng_r/1,1/super_hot_regions:122,0x6224487c2815,0

531.deepsjeng_r/1,1/super_hot_regions:123,0x6224487c281c,16
531.deepsjeng_r/1,1/super_hot_regions:123,0x6224487c2822,0
531.deepsjeng_r/1,1/super_hot_regions:123,0x6224487c282b,0

531.deepsjeng_r/1,1/super_hot_regions:126,0x6224487b73f0,16
531.deepsjeng_r/1,1/super_hot_regions:126,0x6224487b73f3,0
531.deepsjeng_r/1,1/super_hot_regions:126,0x6224487b73f6,0
531.deepsjeng_r/1,1/super_hot_regions:126,0x6224487b73f8,0
531.deepsjeng_r/1,1/super_hot_regions:126,0x6224487b73fb,0
531.deepsjeng_r/1,1/super_hot_regions:126,0x6224487b73fd,0

531.deepsjeng_r/1,1/super_hot_regions:130,0x6224487c2792,8
531.deepsjeng_r/1,1/super_hot_regions:130,0x6224487c279b,0

538.imagick_r/1,1/super_hot_regions:10,0x633a6b357fc4,8
538.imagick_r/1,1/super_hot_regions:10,0x633a6b357fc8,0

538.imagick_r/1,1/super_hot_regions:108,0x633a6b365791,8
538.imagick_r/1,1/super_hot_regions:108,0x633a6b365794,0
538.imagick_r/1,1/super_hot_regions:108,0x633a6b36579b,0

538.imagick_r/1,1/super_hot_regions:109,0x633a6b365798,8
538.imagick_r/1,1/super_hot_regions:109,0x633a6b3657a1,0

538.imagick_r/1,1/super_hot_regions:121,0x633a6b677293,16
538.imagick_r/1,1/super_hot_regions:121,0x633a6b677299,0

538.imagick_r/1,1/super_hot_regions:122,0x633a6b67729b,8
538.imagick_r/1,1/super_hot_regions:122,0x633a6b6772a2,0

538.imagick_r/1,1/super_hot_regions:123,0x633a6b6772a6,8
538.imagick_r/1,1/super_hot_regions:123,0x633a6b6772a9,0

538.imagick_r/1,1/super_hot_regions:128,0x633a6b6773bf,16
538.imagick_r/1,1/super_hot_regions:128,0x633a6b6773c5,0
538.imagick_r/1,1/super_hot_regions:128,0x633a6b6773c8,0

538.imagick_r/1,1/super_hot_regions:16,0x633a6b40c700,16
538.imagick_r/1,1/super_hot_regions:16,0x633a6b40c708,0
538.imagick_r/1,1/super_hot_regions:16,0x633a6b40c70b,0

538.imagick_r/1,1/super_hot_regions:29,0x633a6b2e0d12,16
538.imagick_r/1,1/super_hot_regions:29,0x633a6b2e0d1a,0

538.imagick_r/1,1/super_hot_regions:40,0x633a6b2e0275,8
538.imagick_r/1,1/super_hot_regions:40,0x633a6b2e0279,0

538.imagick_r/1,1/super_hot_regions:43,0x633a6b2e00e5,8
538.imagick_r/1,1/super_hot_regions:43,0x633a6b2e00e9,0
538.imagick_r/1,1/super_hot_regions:43,0x633a6b2e00ec,0

538.imagick_r/1,1/super_hot_regions:44,0x633a6b2e00ef,8
538.imagick_r/1,1/super_hot_regions:44,0x633a6b2e00f2,0

538.imagick_r/1,1/super_hot_regions:45,0x633a6b2e0c1c,8
538.imagick_r/1,1/super_hot_regions:45,0x633a6b2e0c1f,0

538.imagick_r/1,1/super_hot_regions:52,0x633a6b2f5126,16
538.imagick_r/1,1/super_hot_regions:52,0x633a6b2f5129,0

538.imagick_r/1,1/super_hot_regions:57,0x633a6b2f50e5,8
538.imagick_r/1,1/super_hot_regions:57,0x633a6b2f5112,0

541.leela_r/1,1/super_hot_regions:0,0x5f7fdf5da6b4,8
541.leela_r/1,1/super_hot_regions:0,0x5f7fdf5da6b7,0

541.leela_r/1,1/super_hot_regions:101,0x5f7fdf5da560,16
541.leela_r/1,1/super_hot_regions:101,0x5f7fdf5da56c,0

541.leela_r/1,1/super_hot_regions:111,0x5f7fdf5da050,16
541.leela_r/1,1/super_hot_regions:111,0x5f7fdf5da054,0

541.leela_r/1,1/super_hot_regions:15,0x5f7fdf5dae54,24
541.leela_r/1,1/super_hot_regions:15,0x5f7fdf5dae56,0
541.leela_r/1,1/super_hot_regions:15,0x5f7fdf5dae5f,0
541.leela_r/1,1/super_hot_regions:15,0x5f7fdf5daf32,0
541.leela_r/1,1/super_hot_regions:15,0x5f7fdf5daf35,0
541.leela_r/1,1/super_hot_regions:15,0x5f7fdf5daf49,0
541.leela_r/1,1/super_hot_regions:15,0x5f7fdf5daf38,0
541.leela_r/1,1/super_hot_regions:15,0x5f7fdf5daf52,0

541.leela_r/1,1/super_hot_regions:16,0x5f7fdf5dae5c,16
541.leela_r/1,1/super_hot_regions:16,0x5f7fdf5dae6d,0
541.leela_r/1,1/super_hot_regions:16,0x5f7fdf5daf6b,0
541.leela_r/1,1/super_hot_regions:16,0x5f7fdf5dae73,0
541.leela_r/1,1/super_hot_regions:16,0x5f7fdf5daf74,0
541.leela_r/1,1/super_hot_regions:16,0x5f7fdf5daf58,0
541.leela_r/1,1/super_hot_regions:16,0x5f7fdf5daf5e,0
541.leela_r/1,1/super_hot_regions:16,0x5f7fdf5daf63,0

541.leela_r/1,1/super_hot_regions:17,0x5f7fdf5dae62,56
541.leela_r/1,1/super_hot_regions:17,0x5f7fdf5dae66,0
541.leela_r/1,1/super_hot_regions:17,0x5f7fdf5dae6a,0
541.leela_r/1,1/super_hot_regions:17,0x5f7fdf5dae76,0
541.leela_r/1,1/super_hot_regions:17,0x5f7fdf5dae80,0
541.leela_r/1,1/super_hot_regions:17,0x5f7fdf5dae85,0
541.leela_r/1,1/super_hot_regions:17,0x5f7fdf5daf55,0
541.leela_r/1,1/super_hot_regions:17,0x5f7fdf5daf77,0
541.leela_r/1,1/super_hot_regions:17,0x5f7fdf5daeca,0
541.leela_r/1,1/super_hot_regions:17,0x5f7fdf5dae7a,0
541.leela_r/1,1/super_hot_regions:17,0x5f7fdf5dae7d,0
541.leela_r/1,1/super_hot_regions:17,0x5f7fdf5daeea,0
541.leela_r/1,1/super_hot_regions:17,0x5f7fdf5daf5b,0
541.leela_r/1,1/super_hot_regions:17,0x5f7fdf5daf7a,0
541.leela_r/1,1/super_hot_regions:17,0x5f7fdf5dae95,0
541.leela_r/1,1/super_hot_regions:17,0x5f7fdf5daef1,0
541.leela_r/1,1/super_hot_regions:17,0x5f7fdf5daed4,0
541.leela_r/1,1/super_hot_regions:17,0x5f7fdf5daf04,0
541.leela_r/1,1/super_hot_regions:17,0x5f7fdf5daf12,0
541.leela_r/1,1/super_hot_regions:17,0x5f7fdf5daefd,0
541.leela_r/1,1/super_hot_regions:17,0x5f7fdf5daf25,0
541.leela_r/1,1/super_hot_regions:17,0x5f7fdf5dae8b,0
541.leela_r/1,1/super_hot_regions:17,0x5f7fdf5daf0e,0
541.leela_r/1,1/super_hot_regions:17,0x5f7fdf5daf1a,0
541.leela_r/1,1/super_hot_regions:17,0x5f7fdf5daf1e,0
541.leela_r/1,1/super_hot_regions:17,0x5f7fdf5daf2e,0
541.leela_r/1,1/super_hot_regions:17,0x5f7fdf5dae9f,0
541.leela_r/1,1/super_hot_regions:17,0x5f7fdf5daf40,0
541.leela_r/1,1/super_hot_regions:17,0x5f7fdf5daea9,0
541.leela_r/1,1/super_hot_regions:17,0x5f7fdf5daea2,0
541.leela_r/1,1/super_hot_regions:17,0x5f7fdf5daf44,0
541.leela_r/1,1/super_hot_regions:17,0x5f7fdf5daeaf,0
541.leela_r/1,1/super_hot_regions:17,0x5f7fdf5daeb8,0
541.leela_r/1,1/super_hot_regions:17,0x5f7fdf5daebb,0
541.leela_r/1,1/super_hot_regions:17,0x5f7fdf5daec1,0
541.leela_r/1,1/super_hot_regions:17,0x5f7fdf5daed1,0
541.leela_r/1,1/super_hot_regions:17,0x5f7fdf5daed8,0
541.leela_r/1,1/super_hot_regions:17,0x5f7fdf5daedb,0
541.leela_r/1,1/super_hot_regions:17,0x5f7fdf5daee1,0
541.leela_r/1,1/super_hot_regions:17,0x5f7fdf5daefa,0
541.leela_r/1,1/super_hot_regions:17,0x5f7fdf5daf01,0
541.leela_r/1,1/super_hot_regions:17,0x5f7fdf5daf22,0
541.leela_r/1,1/super_hot_regions:17,0x5f7fdf5daf47,0
541.leela_r/1,1/super_hot_regions:17,0x5f7fdf5daf61,0
541.leela_r/1,1/super_hot_regions:17,0x5f7fdf5daf7d,0

541.leela_r/1,1/super_hot_regions:18,0x5f7fdf5e1d97,8
541.leela_r/1,1/super_hot_regions:18,0x5f7fdf5e1d9b,0

541.leela_r/1,1/super_hot_regions:19,0x5f7fdf5e1d9f,8
541.leela_r/1,1/super_hot_regions:19,0x5f7fdf5e1da2,0

541.leela_r/1,1/super_hot_regions:20,0x5f7fdf5d6584,8
541.leela_r/1,1/super_hot_regions:20,0x5f7fdf5d658e,0
541.leela_r/1,1/super_hot_regions:20,0x5f7fdf5d6591,0
541.leela_r/1,1/super_hot_regions:20,0x5f7fdf5d659f,0

541.leela_r/1,1/super_hot_regions:25,0x5f7fdf5d5a04,8
541.leela_r/1,1/super_hot_regions:25,0x5f7fdf5d5a07,0

541.leela_r/1,1/super_hot_regions:37,0x5f7fdf5c3e7b,8
541.leela_r/1,1/super_hot_regions:37,0x5f7fdf5c3e7e,0

541.leela_r/1,1/super_hot_regions:38,0x5f7fdf5c3e82,8
541.leela_r/1,1/super_hot_regions:38,0x5f7fdf5c3e85,0

541.leela_r/1,1/super_hot_regions:39,0x5f7fdf5c3e89,16
541.leela_r/1,1/super_hot_regions:39,0x5f7fdf5c3e93,0
541.leela_r/1,1/super_hot_regions:39,0x5f7fdf5c3e98,0
541.leela_r/1,1/super_hot_regions:39,0x5f7fdf5c3e9c,0

541.leela_r/1,1/super_hot_regions:4,0x5f7fdf5f0456,16
541.leela_r/1,1/super_hot_regions:4,0x5f7fdf5f046e,0
541.leela_r/1,1/super_hot_regions:4,0x5f7fdf5f0475,0
541.leela_r/1,1/super_hot_regions:4,0x5f7fdf5f047a,0
541.leela_r/1,1/super_hot_regions:4,0x5f7fdf5f0483,0
541.leela_r/1,1/super_hot_regions:4,0x5f7fdf5f0480,0
541.leela_r/1,1/super_hot_regions:4,0x5f7fdf5f0486,0

544.nab_r/1,1/super_hot_regions:100,0x62424f81bbb4,16
544.nab_r/1,1/super_hot_regions:100,0x62424f81bbbb,0

544.nab_r/1,1/super_hot_regions:109,0x62424f81bce0,24
544.nab_r/1,1/super_hot_regions:109,0x62424f81bce6,0
544.nab_r/1,1/super_hot_regions:109,0x62424f81bcef,0

544.nab_r/1,1/super_hot_regions:114,0x62424f81bca4,8
544.nab_r/1,1/super_hot_regions:114,0x62424f81bca9,0

544.nab_r/1,1/super_hot_regions:117,0x62424f81c3a8,16
544.nab_r/1,1/super_hot_regions:117,0x62424f81c3af,0
544.nab_r/1,1/super_hot_regions:117,0x62424f81c3b4,0

544.nab_r/1,1/super_hot_regions:118,0x62424f81c3ab,16
544.nab_r/1,1/super_hot_regions:118,0x62424f81c3b7,0

544.nab_r/1,1/super_hot_regions:13,0x62424f81bd10,8
544.nab_r/1,1/super_hot_regions:13,0x62424f81bd15,0

544.nab_r/1,1/super_hot_regions:130,0x62424f81ada8,8
544.nab_r/1,1/super_hot_regions:130,0x62424f81adaa,0

544.nab_r/1,1/super_hot_regions:136,0x62424f81bcb6,8
544.nab_r/1,1/super_hot_regions:136,0x62424f81bcb8,0

544.nab_r/1,1/super_hot_regions:139,0x62424f8155e0,16
544.nab_r/1,1/super_hot_regions:139,0x62424f8155e3,0

544.nab_r/1,1/super_hot_regions:29,0x62424f815744,8
544.nab_r/1,1/super_hot_regions:29,0x62424f815746,0

544.nab_r/1,1/super_hot_regions:42,0x62424f81bd22,8
544.nab_r/1,1/super_hot_regions:42,0x62424f81bd24,0

544.nab_r/1,1/super_hot_regions:61,0x62424f8174c8,8
544.nab_r/1,1/super_hot_regions:61,0x62424f8174cc,0

544.nab_r/1,1/super_hot_regions:63,0x62424f817522,8
544.nab_r/1,1/super_hot_regions:63,0x62424f817532,0

544.nab_r/1,1/super_hot_regions:85,0x62424f81bb58,8
544.nab_r/1,1/super_hot_regions:85,0x62424f81bb60,0

544.nab_r/1,1/super_hot_regions:90,0x62424f81b9c4,8
544.nab_r/1,1/super_hot_regions:90,0x62424f81b9c9,0

544.nab_r/1,1/super_hot_regions:91,0x62424f81b9f6,8
544.nab_r/1,1/super_hot_regions:91,0x62424f81b9fa,0

544.nab_r/1,1/super_hot_regions:92,0x62424f81ba0e,8
544.nab_r/1,1/super_hot_regions:92,0x62424f81ba18,0

544.nab_r/1,1/super_hot_regions:93,0x62424f81ba1d,8
544.nab_r/1,1/super_hot_regions:93,0x62424f81ba2e,0

544.nab_r/1,1/super_hot_regions:94,0x62424f81ba26,8
544.nab_r/1,1/super_hot_regions:94,0x62424f81ba33,0

544.nab_r/1,1/super_hot_regions:95,0x62424f81ba22,8
544.nab_r/1,1/super_hot_regions:95,0x62424f81ba38,0

548.exchange2_r/1,1/super_hot_regions:100,0x60cba88e581c,16
548.exchange2_r/1,1/super_hot_regions:100,0x60cba88e5824,0

548.exchange2_r/1,1/super_hot_regions:102,0x60cba88e6f25,120
548.exchange2_r/1,1/super_hot_regions:102,0x60cba88e6f2d,0
548.exchange2_r/1,1/super_hot_regions:102,0x60cba88e6f4e,0
548.exchange2_r/1,1/super_hot_regions:102,0x60cba88e6f39,0
548.exchange2_r/1,1/super_hot_regions:102,0x60cba88e6f60,0
548.exchange2_r/1,1/super_hot_regions:102,0x60cba88e6f6c,0
548.exchange2_r/1,1/super_hot_regions:102,0x60cba88e6f35,0
548.exchange2_r/1,1/super_hot_regions:102,0x60cba88e6f5c,0
548.exchange2_r/1,1/super_hot_regions:102,0x60cba88e6f47,0
548.exchange2_r/1,1/super_hot_regions:102,0x60cba88e6f68,0
548.exchange2_r/1,1/super_hot_regions:102,0x60cba88e6f31,0
548.exchange2_r/1,1/super_hot_regions:102,0x60cba88e6f40,0
548.exchange2_r/1,1/super_hot_regions:102,0x60cba88e6f55,0
548.exchange2_r/1,1/super_hot_regions:102,0x60cba88e6f70,0
548.exchange2_r/1,1/super_hot_regions:102,0x60cba88e6f64,0

548.exchange2_r/1,1/super_hot_regions:109,0x60cba88e9602,16
548.exchange2_r/1,1/super_hot_regions:109,0x60cba88e9604,0

548.exchange2_r/1,1/super_hot_regions:110,0x60cba88e9600,8
548.exchange2_r/1,1/super_hot_regions:110,0x60cba88e960b,0

548.exchange2_r/1,1/super_hot_regions:112,0x60cba88ea5b3,16
548.exchange2_r/1,1/super_hot_regions:112,0x60cba88ea5b5,0

548.exchange2_r/1,1/super_hot_regions:113,0x60cba88ea5b0,8
548.exchange2_r/1,1/super_hot_regions:113,0x60cba88ea5bc,0

548.exchange2_r/1,1/super_hot_regions:120,0x60cba88e8f93,16
548.exchange2_r/1,1/super_hot_regions:120,0x60cba88e8f9a,0

548.exchange2_r/1,1/super_hot_regions:124,0x60cba88e529d,24
548.exchange2_r/1,1/super_hot_regions:124,0x60cba88e52a1,0
548.exchange2_r/1,1/super_hot_regions:124,0x60cba88e52e0,0
548.exchange2_r/1,1/super_hot_regions:124,0x60cba88e52a6,0
548.exchange2_r/1,1/super_hot_regions:124,0x60cba88e52de,0
548.exchange2_r/1,1/super_hot_regions:124,0x60cba88e52e6,0

548.exchange2_r/1,1/super_hot_regions:126,0x60cba88e4fd1,16
548.exchange2_r/1,1/super_hot_regions:126,0x60cba88e4fd8,0

548.exchange2_r/1,1/super_hot_regions:128,0x60cba88e5002,8
548.exchange2_r/1,1/super_hot_regions:128,0x60cba88e5004,0
548.exchange2_r/1,1/super_hot_regions:128,0x60cba88e5007,0

548.exchange2_r/1,1/super_hot_regions:129,0x60cba88e500e,16
548.exchange2_r/1,1/super_hot_regions:129,0x60cba88e5015,0

548.exchange2_r/1,1/super_hot_regions:130,0x60cba88e501c,8
548.exchange2_r/1,1/super_hot_regions:130,0x60cba88e5024,0

548.exchange2_r/1,1/super_hot_regions:131,0x60cba88e7001,120
548.exchange2_r/1,1/super_hot_regions:131,0x60cba88e7009,0
548.exchange2_r/1,1/super_hot_regions:131,0x60cba88e7027,0
548.exchange2_r/1,1/super_hot_regions:131,0x60cba88e7015,0
548.exchange2_r/1,1/super_hot_regions:131,0x60cba88e7033,0
548.exchange2_r/1,1/super_hot_regions:131,0x60cba88e703f,0
548.exchange2_r/1,1/super_hot_regions:131,0x60cba88e7011,0
548.exchange2_r/1,1/super_hot_regions:131,0x60cba88e702f,0
548.exchange2_r/1,1/super_hot_regions:131,0x60cba88e7023,0
548.exchange2_r/1,1/super_hot_regions:131,0x60cba88e703b,0
548.exchange2_r/1,1/super_hot_regions:131,0x60cba88e700d,0
548.exchange2_r/1,1/super_hot_regions:131,0x60cba88e701c,0
548.exchange2_r/1,1/super_hot_regions:131,0x60cba88e702b,0
548.exchange2_r/1,1/super_hot_regions:131,0x60cba88e7043,0
548.exchange2_r/1,1/super_hot_regions:131,0x60cba88e7037,0

548.exchange2_r/1,1/super_hot_regions:132,0x78f0e2261fbd,16
548.exchange2_r/1,1/super_hot_regions:132,0x78f0e2261fc1,0

548.exchange2_r/1,1/super_hot_regions:133,0x78f0e2261fc5,16
548.exchange2_r/1,1/super_hot_regions:133,0x78f0e2261fc9,0
548.exchange2_r/1,1/super_hot_regions:133,0x78f0e2261fcd,0

548.exchange2_r/1,1/super_hot_regions:136,0x60cba88e5678,8
548.exchange2_r/1,1/super_hot_regions:136,0x60cba88e567b,0
548.exchange2_r/1,1/super_hot_regions:136,0x60cba88e567e,0

548.exchange2_r/1,1/super_hot_regions:137,0x60cba88e568f,8
548.exchange2_r/1,1/super_hot_regions:137,0x60cba88e5697,0

549.fotonik3d_r/1,1/super_hot_regions:100,0x5dbd09c1394e,16
549.fotonik3d_r/1,1/super_hot_regions:100,0x5dbd09c13952,0
549.fotonik3d_r/1,1/super_hot_regions:100,0x5dbd09c13af0,0

549.fotonik3d_r/1,1/super_hot_regions:103,0x5dbd09c13c8b,8
549.fotonik3d_r/1,1/super_hot_regions:103,0x5dbd09c13c92,0

549.fotonik3d_r/1,1/super_hot_regions:105,0x5dbd09c13dd7,16
549.fotonik3d_r/1,1/super_hot_regions:105,0x5dbd09c13de7,0

549.fotonik3d_r/1,1/super_hot_regions:106,0x5dbd09c13def,16
549.fotonik3d_r/1,1/super_hot_regions:106,0x5dbd09c13dff,0

549.fotonik3d_r/1,1/super_hot_regions:107,0x5dbd09c13ddf,24
549.fotonik3d_r/1,1/super_hot_regions:107,0x5dbd09c13df7,0
549.fotonik3d_r/1,1/super_hot_regions:107,0x5dbd09c13e0f,0

549.fotonik3d_r/1,1/super_hot_regions:108,0x5dbd09c13e07,16
549.fotonik3d_r/1,1/super_hot_regions:108,0x5dbd09c13e17,0

549.fotonik3d_r/1,1/super_hot_regions:109,0x5dbd09c13e1f,16
549.fotonik3d_r/1,1/super_hot_regions:109,0x5dbd09c13e2f,0

549.fotonik3d_r/1,1/super_hot_regions:110,0x5dbd09c13e37,16
549.fotonik3d_r/1,1/super_hot_regions:110,0x5dbd09c13e47,0

549.fotonik3d_r/1,1/super_hot_regions:111,0x5dbd09c13e27,24
549.fotonik3d_r/1,1/super_hot_regions:111,0x5dbd09c13e3f,0
549.fotonik3d_r/1,1/super_hot_regions:111,0x5dbd09c13e57,0

549.fotonik3d_r/1,1/super_hot_regions:112,0x5dbd09c13e4f,16
549.fotonik3d_r/1,1/super_hot_regions:112,0x5dbd09c13e5f,0

549.fotonik3d_r/1,1/super_hot_regions:113,0x5dbd09c13e6f,24
549.fotonik3d_r/1,1/super_hot_regions:113,0x5dbd09c13e7f,0
549.fotonik3d_r/1,1/super_hot_regions:113,0x5dbd09c13ea7,0

549.fotonik3d_r/1,1/super_hot_regions:114,0x5dbd09c13e67,24
549.fotonik3d_r/1,1/super_hot_regions:114,0x5dbd09c13e77,0
549.fotonik3d_r/1,1/super_hot_regions:114,0x5dbd09c13eda,0

549.fotonik3d_r/1,1/super_hot_regions:115,0x5dbd09c13e87,24
549.fotonik3d_r/1,1/super_hot_regions:115,0x5dbd09c13eba,0
549.fotonik3d_r/1,1/super_hot_regions:115,0x5dbd09c13ee2,0

549.fotonik3d_r/1,1/super_hot_regions:116,0x5dbd09c13e8f,24
549.fotonik3d_r/1,1/super_hot_regions:116,0x5dbd09c13ec2,0
549.fotonik3d_r/1,1/super_hot_regions:116,0x5dbd09c13eea,0

549.fotonik3d_r/1,1/super_hot_regions:117,0x5dbd09c13e97,24
549.fotonik3d_r/1,1/super_hot_regions:117,0x5dbd09c13eca,0
549.fotonik3d_r/1,1/super_hot_regions:117,0x5dbd09c13ef2,0

549.fotonik3d_r/1,1/super_hot_regions:118,0x5dbd09c13e9f,24
549.fotonik3d_r/1,1/super_hot_regions:118,0x5dbd09c13ed2,0
549.fotonik3d_r/1,1/super_hot_regions:118,0x5dbd09c13efa,0

549.fotonik3d_r/1,1/super_hot_regions:119,0x5dbd09c13eaf,16
549.fotonik3d_r/1,1/super_hot_regions:119,0x5dbd09c13f02,0

549.fotonik3d_r/1,1/super_hot_regions:123,0x5dbd09c1345c,16
549.fotonik3d_r/1,1/super_hot_regions:123,0x5dbd09c13464,0
549.fotonik3d_r/1,1/super_hot_regions:123,0x5dbd09c13467,0

549.fotonik3d_r/1,1/super_hot_regions:124,0x5dbd09c1346f,16
549.fotonik3d_r/1,1/super_hot_regions:124,0x5dbd09c13477,0
549.fotonik3d_r/1,1/super_hot_regions:124,0x5dbd09c1347a,0

549.fotonik3d_r/1,1/super_hot_regions:125,0x5dbd09c13482,16
549.fotonik3d_r/1,1/super_hot_regions:125,0x5dbd09c1348a,0
549.fotonik3d_r/1,1/super_hot_regions:125,0x5dbd09c1348d,0

549.fotonik3d_r/1,1/super_hot_regions:126,0x5dbd09c13495,16
549.fotonik3d_r/1,1/super_hot_regions:126,0x5dbd09c1349d,0
549.fotonik3d_r/1,1/super_hot_regions:126,0x5dbd09c134a0,0

549.fotonik3d_r/1,1/super_hot_regions:128,0x5dbd09c134b6,16
549.fotonik3d_r/1,1/super_hot_regions:128,0x5dbd09c134be,0
549.fotonik3d_r/1,1/super_hot_regions:128,0x5dbd09c134c1,0

554.roms_r/1,1/super_hot_regions:131,0x7e3586c9394e,8
554.roms_r/1,1/super_hot_regions:131,0x7e3586c93a13,0

554.roms_r/1,1/super_hot_regions:22,0x5d9dc6ebc2da,16
554.roms_r/1,1/super_hot_regions:22,0x5d9dc6ebc2e1,0

554.roms_r/1,1/super_hot_regions:23,0x5d9dc6ebc2ec,16
554.roms_r/1,1/super_hot_regions:23,0x5d9dc6ebc2f3,0

554.roms_r/1,1/super_hot_regions:25,0x5d9dc6ebc1c5,24
554.roms_r/1,1/super_hot_regions:25,0x5d9dc6ebc360,0
554.roms_r/1,1/super_hot_regions:25,0x5d9dc6ebc36d,0
554.roms_r/1,1/super_hot_regions:25,0x5d9dc6ebc37e,0
554.roms_r/1,1/super_hot_regions:25,0x5d9dc6ebc377,0

554.roms_r/1,1/super_hot_regions:48,0x5d9dc6ebf21d,16
554.roms_r/1,1/super_hot_regions:48,0x5d9dc6ebf22b,0

554.roms_r/1,1/super_hot_regions:49,0x5d9dc6ebf232,16
554.roms_r/1,1/super_hot_regions:49,0x5d9dc6ebf23e,0

554.roms_r/1,1/super_hot_regions:50,0x5d9dc6ebf245,16
554.roms_r/1,1/super_hot_regions:50,0x5d9dc6ebf253,0

554.roms_r/1,1/super_hot_regions:51,0x5d9dc6ebf25a,16
554.roms_r/1,1/super_hot_regions:51,0x5d9dc6ebf264,0

554.roms_r/1,1/super_hot_regions:52,0x5d9dc6ebf26b,16
554.roms_r/1,1/super_hot_regions:52,0x5d9dc6ebf276,0

554.roms_r/1,1/super_hot_regions:53,0x5d9dc6ebf24c,16
554.roms_r/1,1/super_hot_regions:53,0x5d9dc6ebf261,0
554.roms_r/1,1/super_hot_regions:53,0x5d9dc6ebf27d,0

557.xz_r/1,1/super_hot_regions:1,0x5c92f1c8ef52,8
557.xz_r/1,1/super_hot_regions:1,0x5c92f1c8ef59,0

557.xz_r/1,1/super_hot_regions:10,0x5c92f1c8ef05,16
557.xz_r/1,1/super_hot_regions:10,0x5c92f1c8ef11,0
557.xz_r/1,1/super_hot_regions:10,0x5c92f1c8ef14,0
557.xz_r/1,1/super_hot_regions:10,0x5c92f1c8ef17,0
557.xz_r/1,1/super_hot_regions:10,0x5c92f1c8ef1a,0

557.xz_r/1,1/super_hot_regions:100,0x5c92f1c8ee5c,40
557.xz_r/1,1/super_hot_regions:100,0x5c92f1c8ee70,0
557.xz_r/1,1/super_hot_regions:100,0x5c92f1c8ee63,0
557.xz_r/1,1/super_hot_regions:100,0x5c92f1c8ee67,0
557.xz_r/1,1/super_hot_regions:100,0x5c92f1c8ee88,0
557.xz_r/1,1/super_hot_regions:100,0x5c92f1c8ee91,0

557.xz_r/1,1/super_hot_regions:101,0x5c92f1c8ee78,16
557.xz_r/1,1/super_hot_regions:101,0x5c92f1c8ee94,0
557.xz_r/1,1/super_hot_regions:101,0x5c92f1c8ee98,0
557.xz_r/1,1/super_hot_regions:101,0x5c92f1c8ee9c,0
557.xz_r/1,1/super_hot_regions:101,0x5c92f1c8eea2,0
557.xz_r/1,1/super_hot_regions:101,0x5c92f1c8eea8,0

557.xz_r/1,1/super_hot_regions:102,0x5c92f1c8ee7e,8
557.xz_r/1,1/super_hot_regions:102,0x5c92f1c8ee81,0
557.xz_r/1,1/super_hot_regions:102,0x5c92f1c8eeb0,0
557.xz_r/1,1/super_hot_regions:102,0x5c92f1c8eead,0
557.xz_r/1,1/super_hot_regions:102,0x5c92f1c8eeb3,0
557.xz_r/1,1/super_hot_regions:102,0x5c92f1c8eeb7,0

557.xz_r/1,1/super_hot_regions:103,0x5c92f1c8ee60,16
557.xz_r/1,1/super_hot_regions:103,0x5c92f1c8ee6b,0
557.xz_r/1,1/super_hot_regions:103,0x5c92f1c8ee9f,0
557.xz_r/1,1/super_hot_regions:103,0x5c92f1c8eebe,0
557.xz_r/1,1/super_hot_regions:103,0x5c92f1c8ee73,0
557.xz_r/1,1/super_hot_regions:103,0x5c92f1c8eeaa,0
557.xz_r/1,1/super_hot_regions:103,0x5c92f1c8eeb9,0

557.xz_r/1,1/super_hot_regions:105,0x5c92f1c95672,8
557.xz_r/1,1/super_hot_regions:105,0x5c92f1c95679,0

557.xz_r/1,1/super_hot_regions:108,0x5c92f1c94e1c,16
557.xz_r/1,1/super_hot_regions:108,0x5c92f1c94e2c,0

557.xz_r/1,1/super_hot_regions:109,0x5c92f1c94e37,8
557.xz_r/1,1/super_hot_regions:109,0x5c92f1c94e3f,0

557.xz_r/1,1/super_hot_regions:11,0x5c92f1c8ef1d,8
557.xz_r/1,1/super_hot_regions:11,0x5c92f1c8ef20,0

557.xz_r/1,1/super_hot_regions:110,0x5c92f1c94df2,32
557.xz_r/1,1/super_hot_regions:110,0x5c92f1c94df9,0
557.xz_r/1,1/super_hot_regions:110,0x5c92f1c94e08,0
557.xz_r/1,1/super_hot_regions:110,0x5c92f1c94e01,0
557.xz_r/1,1/super_hot_regions:110,0x5c92f1c94e04,0
557.xz_r/1,1/super_hot_regions:110,0x5c92f1c94e44,0
557.xz_r/1,1/super_hot_regions:110,0x5c92f1c94e10,0
557.xz_r/1,1/super_hot_regions:110,0x5c92f1c94e12,0
557.xz_r/1,1/super_hot_regions:110,0x5c92f1c94e15,0
557.xz_r/1,1/super_hot_regions:110,0x5c92f1c94e18,0

557.xz_r/1,1/super_hot_regions:111,0x5c92f1c94e4c,8
557.xz_r/1,1/super_hot_regions:111,0x5c92f1c94e52,0

557.xz_r/1,1/super_hot_regions:112,0x5c92f1c94e24,16
557.xz_r/1,1/super_hot_regions:112,0x5c92f1c94e30,0
557.xz_r/1,1/super_hot_regions:112,0x5c92f1c94e5c,0

557.xz_r/1,1/super_hot_regions:113,0x5c92f1c94e5a,8
557.xz_r/1,1/super_hot_regions:113,0x5c92f1c94e67,0

557.xz_r/1,1/super_hot_regions:114,0x5c92f1c94e5f,24
557.xz_r/1,1/super_hot_regions:114,0x5c92f1c94e6a,0
557.xz_r/1,1/super_hot_regions:114,0x5c92f1c94e6d,0
557.xz_r/1,1/super_hot_regions:114,0x5c92f1c94e70,0
557.xz_r/1,1/super_hot_regions:114,0x5c92f1c94e73,0

557.xz_r/1,1/super_hot_regions:116,0x5c92f1c94efe,32
557.xz_r/1,1/super_hot_regions:116,0x5c92f1c94f0b,0
557.xz_r/1,1/super_hot_regions:116,0x5c92f1c94f1f,0
557.xz_r/1,1/super_hot_regions:116,0x5c92f1c94f23,0

557.xz_r/1,1/super_hot_regions:119,0x5c92f1c95082,8
557.xz_r/1,1/super_hot_regions:119,0x5c92f1c95087,0
557.xz_r/1,1/super_hot_regions:119,0x5c92f1c95089,0
557.xz_r/1,1/super_hot_regions:119,0x5c92f1c95094,0

557.xz_r/1,1/super_hot_regions:122,0x5c92f1c951d3,16
557.xz_r/1,1/super_hot_regions:122,0x5c92f1c951da,0
557.xz_r/1,1/super_hot_regions:122,0x5c92f1c951de,0

557.xz_r/1,1/super_hot_regions:124,0x5c92f1c94c80,16
557.xz_r/1,1/super_hot_regions:124,0x5c92f1c94c8b,0
557.xz_r/1,1/super_hot_regions:124,0x5c92f1c94ccd,0

557.xz_r/1,1/super_hot_regions:125,0x5c92f1c94cb6,16
557.xz_r/1,1/super_hot_regions:125,0x5c92f1c94cbd,0
557.xz_r/1,1/super_hot_regions:125,0x5c92f1c94cc4,0
557.xz_r/1,1/super_hot_regions:125,0x5c92f1c94ccb,0
557.xz_r/1,1/super_hot_regions:125,0x5c92f1c94cd0,0

557.xz_r/1,1/super_hot_regions:126,0x5c92f1c94cde,8
557.xz_r/1,1/super_hot_regions:126,0x5c92f1c94cf2,0

557.xz_r/1,1/super_hot_regions:127,0x5c92f1c94c7c,16
557.xz_r/1,1/super_hot_regions:127,0x5c92f1c94c88,0
557.xz_r/1,1/super_hot_regions:127,0x5c92f1c94cf8,0
557.xz_r/1,1/super_hot_regions:127,0x5c92f1c94d0f,0

557.xz_r/1,1/super_hot_regions:128,0x5c92f1c94cab,16
557.xz_r/1,1/super_hot_regions:128,0x5c92f1c94cae,0
557.xz_r/1,1/super_hot_regions:128,0x5c92f1c94cb1,0
557.xz_r/1,1/super_hot_regions:128,0x5c92f1c94cd2,0
557.xz_r/1,1/super_hot_regions:128,0x5c92f1c94d17,0
557.xz_r/1,1/super_hot_regions:128,0x5c92f1c94cda,0

557.xz_r/1,1/super_hot_regions:131,0x5c92f1c94f9e,16
557.xz_r/1,1/super_hot_regions:131,0x5c92f1c94fa6,0
557.xz_r/1,1/super_hot_regions:131,0x5c92f1c94fa8,0
557.xz_r/1,1/super_hot_regions:131,0x5c92f1c94fab,0
557.xz_r/1,1/super_hot_regions:131,0x5c92f1c94fae,0

600.perlbench_s/1,1/super_hot_regions:0,0x65462c690ea5,16
600.perlbench_s/1,1/super_hot_regions:0,0x65462c690eaa,0

600.perlbench_s/1,1/super_hot_regions:107,0x65462c6e79a8,8
600.perlbench_s/1,1/super_hot_regions:107,0x65462c6e79b3,0

600.perlbench_s/1,1/super_hot_regions:109,0x65462c691844,16
600.perlbench_s/1,1/super_hot_regions:109,0x65462c691848,0
600.perlbench_s/1,1/super_hot_regions:109,0x65462c69184c,0
600.perlbench_s/1,1/super_hot_regions:109,0x65462c69185b,0

600.perlbench_s/1,1/super_hot_regions:11,0x65462c6a0ed5,16
600.perlbench_s/1,1/super_hot_regions:11,0x65462c6a0ed9,0

600.perlbench_s/1,1/super_hot_regions:115,0x65462c6918d8,16
600.perlbench_s/1,1/super_hot_regions:115,0x65462c6918df,0
600.perlbench_s/1,1/super_hot_regions:115,0x65462c6918e3,0

600.perlbench_s/1,1/super_hot_regions:116,0x65462c6946cc,16
600.perlbench_s/1,1/super_hot_regions:116,0x65462c6946d0,0

600.perlbench_s/1,1/super_hot_regions:119,0x65462c693ff5,8
600.perlbench_s/1,1/super_hot_regions:119,0x65462c694012,0

600.perlbench_s/1,1/super_hot_regions:12,0x65462c6a0e7e,8
600.perlbench_s/1,1/super_hot_regions:12,0x65462c6a0e80,0

600.perlbench_s/1,1/super_hot_regions:121,0x65462c693fb0,8
600.perlbench_s/1,1/super_hot_regions:121,0x65462c693fbb,0

600.perlbench_s/1,1/super_hot_regions:125,0x65462c69eb58,8
600.perlbench_s/1,1/super_hot_regions:125,0x65462c69eb5c,0

600.perlbench_s/1,1/super_hot_regions:13,0x65462c6a0e83,8
600.perlbench_s/1,1/super_hot_regions:13,0x65462c6a0e87,0

600.perlbench_s/1,1/super_hot_regions:133,0x65462c69170e,16
600.perlbench_s/1,1/super_hot_regions:133,0x65462c691713,0
600.perlbench_s/1,1/super_hot_regions:133,0x65462c69171a,0
600.perlbench_s/1,1/super_hot_regions:133,0x65462c691718,0
600.perlbench_s/1,1/super_hot_regions:133,0x65462c691721,0
600.perlbench_s/1,1/super_hot_regions:133,0x65462c69173b,0
600.perlbench_s/1,1/super_hot_regions:133,0x65462c691724,0

600.perlbench_s/1,1/super_hot_regions:135,0x65462c64367f,16
600.perlbench_s/1,1/super_hot_regions:135,0x65462c64368d,0

600.perlbench_s/1,1/super_hot_regions:136,0x65462c643678,32
600.perlbench_s/1,1/super_hot_regions:136,0x65462c643694,0
600.perlbench_s/1,1/super_hot_regions:136,0x65462c64369f,0
600.perlbench_s/1,1/super_hot_regions:136,0x65462c6436a3,0
600.perlbench_s/1,1/super_hot_regions:136,0x65462c6436a7,0

600.perlbench_s/1,1/super_hot_regions:137,0x65462c6436b2,8
600.perlbench_s/1,1/super_hot_regions:137,0x65462c6436b6,0

600.perlbench_s/1,1/super_hot_regions:14,0x65462c6a0e8a,8
600.perlbench_s/1,1/super_hot_regions:14,0x65462c6a0e8c,0

600.perlbench_s/1,1/super_hot_regions:140,0x65462c6436dd,16
600.perlbench_s/1,1/super_hot_regions:140,0x65462c6436e4,0

600.perlbench_s/1,1/super_hot_regions:17,0x65462c6a0ebf,8
600.perlbench_s/1,1/super_hot_regions:17,0x65462c6a0ec1,0

600.perlbench_s/1,1/super_hot_regions:2,0x65462c690e54,16
600.perlbench_s/1,1/super_hot_regions:2,0x65462c690e5d,0

600.perlbench_s/1,1/super_hot_regions:26,0x65462c6a02a2,8
600.perlbench_s/1,1/super_hot_regions:26,0x65462c6a02ac,0

600.perlbench_s/1,1/super_hot_regions:27,0x65462c6a02b0,8
600.perlbench_s/1,1/super_hot_regions:27,0x65462c6a02b3,0

600.perlbench_s/1,1/super_hot_regions:28,0x65462c6a0294,16
600.perlbench_s/1,1/super_hot_regions:28,0x65462c6a02b9,0

600.perlbench_s/1,1/super_hot_regions:3,0x65462c690e59,8
600.perlbench_s/1,1/super_hot_regions:3,0x65462c690e5f,0
600.perlbench_s/1,1/super_hot_regions:3,0x65462c690e62,0

600.perlbench_s/1,1/super_hot_regions:32,0x65462c6a114e,8
600.perlbench_s/1,1/super_hot_regions:32,0x65462c6a1150,0

600.perlbench_s/1,1/super_hot_regions:35,0x65462c69111d,16
600.perlbench_s/1,1/super_hot_regions:35,0x65462c691124,0
600.perlbench_s/1,1/super_hot_regions:35,0x65462c691128,0
600.perlbench_s/1,1/super_hot_regions:35,0x65462c69112d,0
600.perlbench_s/1,1/super_hot_regions:35,0x65462c691132,0
600.perlbench_s/1,1/super_hot_regions:35,0x65462c691138,0
600.perlbench_s/1,1/super_hot_regions:35,0x65462c69113b,0

600.perlbench_s/1,1/super_hot_regions:38,0x65462c6910f7,16
600.perlbench_s/1,1/super_hot_regions:38,0x65462c691105,0

602.gcc_s/1,1/super_hot_regions:112,0x5a9857bd4d01,8
602.gcc_s/1,1/super_hot_regions:112,0x5a9857bd4d03,0

602.gcc_s/1,1/super_hot_regions:20,0x5a9857bd673e,8
602.gcc_s/1,1/super_hot_regions:20,0x5a9857bd6740,0

602.gcc_s/1,1/super_hot_regions:36,0x5a98574d8045,16
602.gcc_s/1,1/super_hot_regions:36,0x5a98574d8048,0
602.gcc_s/1,1/super_hot_regions:36,0x5a98574d804b,0

602.gcc_s/1,1/super_hot_regions:39,0x5a98574d5c78,8
602.gcc_s/1,1/super_hot_regions:39,0x5a98574d5c7b,0

602.gcc_s/1,1/super_hot_regions:48,0x5a98574d68b9,16
602.gcc_s/1,1/super_hot_regions:48,0x5a98574d68c1,0
602.gcc_s/1,1/super_hot_regions:48,0x5a98574d68c5,0

602.gcc_s/1,1/super_hot_regions:49,0x5a98574d5966,8
602.gcc_s/1,1/super_hot_regions:49,0x5a98574d5968,0
602.gcc_s/1,1/super_hot_regions:49,0x5a98574d596d,0
602.gcc_s/1,1/super_hot_regions:49,0x5a98574d5970,0

602.gcc_s/1,1/super_hot_regions:50,0x5a98574d5985,8
602.gcc_s/1,1/super_hot_regions:50,0x5a98574d5987,0

602.gcc_s/1,1/super_hot_regions:61,0x5a9857748b80,8
602.gcc_s/1,1/super_hot_regions:61,0x5a9857748b86,0

602.gcc_s/1,1/super_hot_regions:65,0x5a98574d5cd7,16
602.gcc_s/1,1/super_hot_regions:65,0x5a98574d5cdc,0

602.gcc_s/1,1/super_hot_regions:66,0x5a98574d5ccf,8
602.gcc_s/1,1/super_hot_regions:66,0x5a98574d5cd1,0
602.gcc_s/1,1/super_hot_regions:66,0x5a98574d5cd4,0
602.gcc_s/1,1/super_hot_regions:66,0x5a98574d5ce1,0

602.gcc_s/1,1/super_hot_regions:72,0x5a98574d5a20,8
602.gcc_s/1,1/super_hot_regions:72,0x5a98574d5a23,0

602.gcc_s/1,1/super_hot_regions:83,0x5a98574d51f0,16
602.gcc_s/1,1/super_hot_regions:83,0x5a98574d51f4,0

602.gcc_s/1,1/super_hot_regions:93,0x5a98574d694c,16
602.gcc_s/1,1/super_hot_regions:93,0x5a98574d694f,0

602.gcc_s/1,1/super_hot_regions:98,0x5a98574d9990,24
602.gcc_s/1,1/super_hot_regions:98,0x5a98574d9997,0
602.gcc_s/1,1/super_hot_regions:98,0x5a98574d999e,0
602.gcc_s/1,1/super_hot_regions:98,0x5a98574d99a1,0

602.gcc_s/2,2/super_hot_regions:107,0x63316446ff5f,16
602.gcc_s/2,2/super_hot_regions:107,0x63316446ff63,0

602.gcc_s/2,2/super_hot_regions:120,0x633164b2197b,16
602.gcc_s/2,2/super_hot_regions:120,0x633164b2197e,0

602.gcc_s/2,2/super_hot_regions:121,0x633164b2196b,8
602.gcc_s/2,2/super_hot_regions:121,0x633164b21984,0

602.gcc_s/2,2/super_hot_regions:128,0x633164475c28,16
602.gcc_s/2,2/super_hot_regions:128,0x633164475c2c,0

602.gcc_s/2,2/super_hot_regions:129,0x63316446c3b0,8
602.gcc_s/2,2/super_hot_regions:129,0x63316446c3b3,0

602.gcc_s/2,2/super_hot_regions:130,0x63316446c3b9,8
602.gcc_s/2,2/super_hot_regions:130,0x63316446c3bc,0

602.gcc_s/2,2/super_hot_regions:19,0x633164475c78,8
602.gcc_s/2,2/super_hot_regions:19,0x633164475c7b,0

602.gcc_s/2,2/super_hot_regions:24,0x633164475966,8
602.gcc_s/2,2/super_hot_regions:24,0x633164475968,0
602.gcc_s/2,2/super_hot_regions:24,0x63316447596d,0
602.gcc_s/2,2/super_hot_regions:24,0x633164475970,0

602.gcc_s/2,2/super_hot_regions:25,0x633164475985,8
602.gcc_s/2,2/super_hot_regions:25,0x633164475987,0

602.gcc_s/2,2/super_hot_regions:3,0x633164905fcb,16
602.gcc_s/2,2/super_hot_regions:3,0x633164905fcf,0
602.gcc_s/2,2/super_hot_regions:3,0x633164905fdc,0

602.gcc_s/2,2/super_hot_regions:30,0x633164475cd7,16
602.gcc_s/2,2/super_hot_regions:30,0x633164475cdc,0

602.gcc_s/2,2/super_hot_regions:31,0x633164475ccf,8
602.gcc_s/2,2/super_hot_regions:31,0x633164475cd1,0
602.gcc_s/2,2/super_hot_regions:31,0x633164475cd4,0
602.gcc_s/2,2/super_hot_regions:31,0x633164475ce1,0

603.bwaves_s/1,1/super_hot_regions:103,0x5a7ed4f1f78b,48
603.bwaves_s/1,1/super_hot_regions:103,0x5a7ed4f1f793,0
603.bwaves_s/1,1/super_hot_regions:103,0x5a7ed4f1f7a2,0
603.bwaves_s/1,1/super_hot_regions:103,0x5a7ed4f1f79d,0
603.bwaves_s/1,1/super_hot_regions:103,0x5a7ed4f1f798,0
603.bwaves_s/1,1/super_hot_regions:103,0x5a7ed4f1f7a7,0

603.bwaves_s/1,1/super_hot_regions:104,0x5a7ed4f1f7b3,16
603.bwaves_s/1,1/super_hot_regions:104,0x5a7ed4f1f7c0,0

603.bwaves_s/1,1/super_hot_regions:105,0x5a7ed4f1f790,8
603.bwaves_s/1,1/super_hot_regions:105,0x5a7ed4f1f7c5,0

603.bwaves_s/1,1/super_hot_regions:110,0x5a7ed4f1f5f0,16
603.bwaves_s/1,1/super_hot_regions:110,0x5a7ed4f1f5fe,0

603.bwaves_s/1,1/super_hot_regions:111,0x5a7ed4f1f621,24
603.bwaves_s/1,1/super_hot_regions:111,0x5a7ed4f1f62b,0
603.bwaves_s/1,1/super_hot_regions:111,0x5a7ed4f1f637,0
603.bwaves_s/1,1/super_hot_regions:111,0x5a7ed4f1f639,0

603.bwaves_s/1,1/super_hot_regions:113,0x5a7ed4f1f63c,16
603.bwaves_s/1,1/super_hot_regions:113,0x5a7ed4f1f641,0

603.bwaves_s/1,1/super_hot_regions:114,0x5a7ed4f1f601,32
603.bwaves_s/1,1/super_hot_regions:114,0x5a7ed4f1f618,0
603.bwaves_s/1,1/super_hot_regions:114,0x5a7ed4f1f61b,0
603.bwaves_s/1,1/super_hot_regions:114,0x5a7ed4f1f606,0
603.bwaves_s/1,1/super_hot_regions:114,0x5a7ed4f1f61d,0
603.bwaves_s/1,1/super_hot_regions:114,0x5a7ed4f1f628,0
603.bwaves_s/1,1/super_hot_regions:114,0x5a7ed4f1f632,0
603.bwaves_s/1,1/super_hot_regions:114,0x5a7ed4f1f645,0
603.bwaves_s/1,1/super_hot_regions:114,0x5a7ed4f1f648,0
603.bwaves_s/1,1/super_hot_regions:114,0x5a7ed4f1f64a,0
603.bwaves_s/1,1/super_hot_regions:114,0x5a7ed4f1f656,0
603.bwaves_s/1,1/super_hot_regions:114,0x5a7ed4f1f659,0
603.bwaves_s/1,1/super_hot_regions:114,0x5a7ed4f1f65c,0

603.bwaves_s/1,1/super_hot_regions:124,0x5a7ed4f23fb1,8
603.bwaves_s/1,1/super_hot_regions:124,0x5a7ed4f23fce,0

603.bwaves_s/1,1/super_hot_regions:128,0x5a7ed4f22ee0,16
603.bwaves_s/1,1/super_hot_regions:128,0x5a7ed4f22eea,0

603.bwaves_s/1,1/super_hot_regions:132,0x5a7ed4f23dcc,8
603.bwaves_s/1,1/super_hot_regions:132,0x5a7ed4f23dcf,0

603.bwaves_s/1,1/super_hot_regions:133,0x5a7ed4f23de8,8
603.bwaves_s/1,1/super_hot_regions:133,0x5a7ed4f23dff,0

603.bwaves_s/1,1/super_hot_regions:139,0x5a7ed6992293,16
603.bwaves_s/1,1/super_hot_regions:139,0x5a7ed6992299,0

603.bwaves_s/1,1/super_hot_regions:140,0x5a7ed699229b,8
603.bwaves_s/1,1/super_hot_regions:140,0x5a7ed69922a2,0

603.bwaves_s/1,1/super_hot_regions:141,0x5a7ed69922a6,8
603.bwaves_s/1,1/super_hot_regions:141,0x5a7ed69922a9,0

603.bwaves_s/1,1/super_hot_regions:146,0x5a7ed69923bf,16
603.bwaves_s/1,1/super_hot_regions:146,0x5a7ed69923c5,0
603.bwaves_s/1,1/super_hot_regions:146,0x5a7ed69923c8,0

603.bwaves_s/1,1/super_hot_regions:150,0x5a7ed4f260ef,8
603.bwaves_s/1,1/super_hot_regions:150,0x5a7ed4f260f3,0

603.bwaves_s/1,1/super_hot_regions:151,0x5a7ed4f26114,8
603.bwaves_s/1,1/super_hot_regions:151,0x5a7ed4f26118,0

603.bwaves_s/1,1/super_hot_regions:152,0x5a7ed4f26137,8
603.bwaves_s/1,1/super_hot_regions:152,0x5a7ed4f2613b,0

605.mcf_s/1,1/super_hot_regions:100,0x5a81905e8c4d,8
605.mcf_s/1,1/super_hot_regions:100,0x5a81905e8c57,0
605.mcf_s/1,1/super_hot_regions:100,0x5a81905e8c60,0

605.mcf_s/1,1/super_hot_regions:102,0x5a81905e8055,16
605.mcf_s/1,1/super_hot_regions:102,0x5a81905e8058,0

605.mcf_s/1,1/super_hot_regions:103,0x5a81905e8050,16
605.mcf_s/1,1/super_hot_regions:103,0x5a81905e805d,0

605.mcf_s/1,1/super_hot_regions:105,0x5a81905e8d01,16
605.mcf_s/1,1/super_hot_regions:105,0x5a81905e8d0a,0

605.mcf_s/1,1/super_hot_regions:106,0x5a81905e8cff,8
605.mcf_s/1,1/super_hot_regions:106,0x5a81905e8d0d,0

605.mcf_s/1,1/super_hot_regions:108,0x5a81905e8bc2,16
605.mcf_s/1,1/super_hot_regions:108,0x5a81905e8bcb,0

605.mcf_s/1,1/super_hot_regions:113,0x5a81905e7644,16
605.mcf_s/1,1/super_hot_regions:113,0x5a81905e7648,0

605.mcf_s/1,1/super_hot_regions:114,0x5a81905e7641,16
605.mcf_s/1,1/super_hot_regions:114,0x5a81905e764b,0

605.mcf_s/1,1/super_hot_regions:116,0x5a81905e767f,8
605.mcf_s/1,1/super_hot_regions:116,0x5a81905e7688,0

605.mcf_s/1,1/super_hot_regions:117,0x5a81905e7682,8
605.mcf_s/1,1/super_hot_regions:117,0x5a81905e769b,0
605.mcf_s/1,1/super_hot_regions:117,0x5a81905e769e,0

605.mcf_s/1,1/super_hot_regions:120,0x5a81905e7a23,8
605.mcf_s/1,1/super_hot_regions:120,0x5a81905e7a29,0

605.mcf_s/1,1/super_hot_regions:123,0x5a81905e8040,8
605.mcf_s/1,1/super_hot_regions:123,0x5a81905e8043,0

605.mcf_s/1,1/super_hot_regions:126,0x5a81905e86bf,16
605.mcf_s/1,1/super_hot_regions:126,0x5a81905e86ca,0
605.mcf_s/1,1/super_hot_regions:126,0x5a81905e86cd,0

605.mcf_s/1,1/super_hot_regions:128,0x5a81905e961b,8
605.mcf_s/1,1/super_hot_regions:128,0x5a81905e9623,0
605.mcf_s/1,1/super_hot_regions:128,0x5a81905e962e,0
605.mcf_s/1,1/super_hot_regions:128,0x5a81905e962a,0
605.mcf_s/1,1/super_hot_regions:128,0x5a81905e9631,0
605.mcf_s/1,1/super_hot_regions:128,0x5a81905e9634,0

605.mcf_s/1,1/super_hot_regions:130,0x5a81905ea29f,16
605.mcf_s/1,1/super_hot_regions:130,0x5a81905ea2ad,0

605.mcf_s/1,1/super_hot_regions:131,0x5a81905ea299,16
605.mcf_s/1,1/super_hot_regions:131,0x5a81905ea29c,0
605.mcf_s/1,1/super_hot_regions:131,0x5a81905ea2a9,0
605.mcf_s/1,1/super_hot_regions:131,0x5a81905ea2b1,0

605.mcf_s/1,1/super_hot_regions:138,0x5a81905e7aba,8
605.mcf_s/1,1/super_hot_regions:138,0x5a81905e7abd,0

605.mcf_s/1,1/super_hot_regions:14,0x5a81905e3c92,24
605.mcf_s/1,1/super_hot_regions:14,0x5a81905e3c96,0
605.mcf_s/1,1/super_hot_regions:14,0x5a81905e3c9d,0
605.mcf_s/1,1/super_hot_regions:14,0x5a81905e3c9a,0
605.mcf_s/1,1/super_hot_regions:14,0x5a81905e3ca1,0

605.mcf_s/1,1/super_hot_regions:141,0x5a81905e50f0,16
605.mcf_s/1,1/super_hot_regions:141,0x5a81905e50f4,0
605.mcf_s/1,1/super_hot_regions:141,0x5a81905e50fb,0
605.mcf_s/1,1/super_hot_regions:141,0x5a81905e50ff,0

605.mcf_s/1,1/super_hot_regions:146,0x5a81905e74c3,8
605.mcf_s/1,1/super_hot_regions:146,0x5a81905e74c7,0

605.mcf_s/1,1/super_hot_regions:147,0x5a81905e74f8,8
605.mcf_s/1,1/super_hot_regions:147,0x5a81905e7500,0

605.mcf_s/1,1/super_hot_regions:148,0x5a81905e7532,8
605.mcf_s/1,1/super_hot_regions:148,0x5a81905e753a,0

607.cactuBSSN_s/1,1/super_hot_regions:135,0x72c8dcb2f94e,8
607.cactuBSSN_s/1,1/super_hot_regions:135,0x72c8dcb2fa13,0

607.cactuBSSN_s/1,1/super_hot_regions:147,0x626fc4220290,32
607.cactuBSSN_s/1,1/super_hot_regions:147,0x626fc422029a,0
607.cactuBSSN_s/1,1/super_hot_regions:147,0x626fc42202a1,0
607.cactuBSSN_s/1,1/super_hot_regions:147,0x626fc42202a8,0

607.cactuBSSN_s/1,1/super_hot_regions:152,0x626fc42200a8,32
607.cactuBSSN_s/1,1/super_hot_regions:152,0x626fc42200af,0
607.cactuBSSN_s/1,1/super_hot_regions:152,0x626fc42200b3,0
607.cactuBSSN_s/1,1/super_hot_regions:152,0x626fc42200ba,0
607.cactuBSSN_s/1,1/super_hot_regions:152,0x626fc42200c0,0
607.cactuBSSN_s/1,1/super_hot_regions:152,0x626fc42200c3,0

607.cactuBSSN_s/1,1/super_hot_regions:153,0x626fc42201a0,32
607.cactuBSSN_s/1,1/super_hot_regions:153,0x626fc42201a7,0
607.cactuBSSN_s/1,1/super_hot_regions:153,0x626fc42201ab,0
607.cactuBSSN_s/1,1/super_hot_regions:153,0x626fc42201b2,0
607.cactuBSSN_s/1,1/super_hot_regions:153,0x626fc42201b8,0
607.cactuBSSN_s/1,1/super_hot_regions:153,0x626fc42201bb,0

607.cactuBSSN_s/1,1/super_hot_regions:154,0x626fc4220458,32
607.cactuBSSN_s/1,1/super_hot_regions:154,0x626fc422045f,0
607.cactuBSSN_s/1,1/super_hot_regions:154,0x626fc4220463,0
607.cactuBSSN_s/1,1/super_hot_regions:154,0x626fc422046a,0
607.cactuBSSN_s/1,1/super_hot_regions:154,0x626fc4220470,0
607.cactuBSSN_s/1,1/super_hot_regions:154,0x626fc4220473,0

607.cactuBSSN_s/1,1/super_hot_regions:155,0x626fc421ff80,32
607.cactuBSSN_s/1,1/super_hot_regions:155,0x626fc421ff87,0
607.cactuBSSN_s/1,1/super_hot_regions:155,0x626fc421ff8b,0
607.cactuBSSN_s/1,1/super_hot_regions:155,0x626fc421ff92,0
607.cactuBSSN_s/1,1/super_hot_regions:155,0x626fc421ff98,0
607.cactuBSSN_s/1,1/super_hot_regions:155,0x626fc421ff9b,0

607.cactuBSSN_s/1,1/super_hot_regions:18,0x626fc43775ac,8
607.cactuBSSN_s/1,1/super_hot_regions:18,0x626fc43775af,0

607.cactuBSSN_s/1,1/super_hot_regions:20,0x626fc4377613,16
607.cactuBSSN_s/1,1/super_hot_regions:20,0x626fc437761f,0

607.cactuBSSN_s/1,1/super_hot_regions:204,0x626fc4220360,32
607.cactuBSSN_s/1,1/super_hot_regions:204,0x626fc422036a,0
607.cactuBSSN_s/1,1/super_hot_regions:204,0x626fc4220370,0
607.cactuBSSN_s/1,1/super_hot_regions:204,0x626fc4220377,0

607.cactuBSSN_s/1,1/super_hot_regions:205,0x626fc5373293,16
607.cactuBSSN_s/1,1/super_hot_regions:205,0x626fc5373299,0

607.cactuBSSN_s/1,1/super_hot_regions:206,0x626fc537329b,8
607.cactuBSSN_s/1,1/super_hot_regions:206,0x626fc53732a2,0

607.cactuBSSN_s/1,1/super_hot_regions:207,0x626fc53732a6,8
607.cactuBSSN_s/1,1/super_hot_regions:207,0x626fc53732a9,0

607.cactuBSSN_s/1,1/super_hot_regions:44,0x626fc43a5fac,8
607.cactuBSSN_s/1,1/super_hot_regions:44,0x626fc43a5faf,0

619.lbm_s/1,1/super_hot_regions:101,0x78f2e2287a72,8
619.lbm_s/1,1/super_hot_regions:101,0x78f2e2287a76,0

619.lbm_s/1,1/super_hot_regions:104,0x5ad2ea1712b8,16
619.lbm_s/1,1/super_hot_regions:104,0x5ad2ea1712c5,0

619.lbm_s/1,1/super_hot_regions:105,0x5ad2ea1712be,16
619.lbm_s/1,1/super_hot_regions:105,0x5ad2ea1712d7,0

619.lbm_s/1,1/super_hot_regions:106,0x5ad2ea1712db,16
619.lbm_s/1,1/super_hot_regions:106,0x5ad2ea1712e1,0
619.lbm_s/1,1/super_hot_regions:106,0x5ad2ea1712e4,0

619.lbm_s/1,1/super_hot_regions:108,0x5ad2ea1713a3,16
619.lbm_s/1,1/super_hot_regions:108,0x5ad2ea1713ae,0
619.lbm_s/1,1/super_hot_regions:108,0x5ad2ea1713a9,0
619.lbm_s/1,1/super_hot_regions:108,0x5ad2ea1713ac,0
619.lbm_s/1,1/super_hot_regions:108,0x5ad2ea1713b5,0
619.lbm_s/1,1/super_hot_regions:108,0x5ad2ea1713b8,0

619.lbm_s/1,1/super_hot_regions:109,0x5ad2ea1713bf,16
619.lbm_s/1,1/super_hot_regions:109,0x5ad2ea1713c5,0
619.lbm_s/1,1/super_hot_regions:109,0x5ad2ea1713c8,0

619.lbm_s/1,1/super_hot_regions:112,0x5ad2ea17123d,16
619.lbm_s/1,1/super_hot_regions:112,0x5ad2ea171243,0
619.lbm_s/1,1/super_hot_regions:112,0x5ad2ea171246,0

619.lbm_s/1,1/super_hot_regions:114,0x5ad2ea170eb1,16
619.lbm_s/1,1/super_hot_regions:114,0x5ad2ea170eb7,0

619.lbm_s/1,1/super_hot_regions:115,0x5ad2ea170ec1,16
619.lbm_s/1,1/super_hot_regions:115,0x5ad2ea170ec8,0
619.lbm_s/1,1/super_hot_regions:115,0x5ad2ea170ecc,0

619.lbm_s/1,1/super_hot_regions:117,0x5ad2ea171127,16
619.lbm_s/1,1/super_hot_regions:117,0x5ad2ea17112d,0
619.lbm_s/1,1/super_hot_regions:117,0x5ad2ea171130,0

619.lbm_s/1,1/super_hot_regions:120,0x5ad2ea170521,16
619.lbm_s/1,1/super_hot_regions:120,0x5ad2ea170525,0

619.lbm_s/1,1/super_hot_regions:122,0x5ad2ea170511,24
619.lbm_s/1,1/super_hot_regions:122,0x5ad2ea170516,0
619.lbm_s/1,1/super_hot_regions:122,0x5ad2ea17051a,0

619.lbm_s/1,1/super_hot_regions:124,0x5ad2ea1704ed,16
619.lbm_s/1,1/super_hot_regions:124,0x5ad2ea1704f1,0

619.lbm_s/1,1/super_hot_regions:126,0x5ad2ea1704c7,16
619.lbm_s/1,1/super_hot_regions:126,0x5ad2ea1704cb,0

619.lbm_s/1,1/super_hot_regions:127,0x5ad2ea1704b3,16
619.lbm_s/1,1/super_hot_regions:127,0x5ad2ea1704b7,0
619.lbm_s/1,1/super_hot_regions:127,0x5ad2ea1704ba,0
619.lbm_s/1,1/super_hot_regions:127,0x5ad2ea1704be,0
619.lbm_s/1,1/super_hot_regions:127,0x5ad2ea1704c1,0
619.lbm_s/1,1/super_hot_regions:127,0x5ad2ea1704c4,0
619.lbm_s/1,1/super_hot_regions:127,0x5ad2ea1704ce,0
619.lbm_s/1,1/super_hot_regions:127,0x5ad2ea1704d2,0
619.lbm_s/1,1/super_hot_regions:127,0x5ad2ea1704d5,0
619.lbm_s/1,1/super_hot_regions:127,0x5ad2ea1704d9,0

619.lbm_s/1,1/super_hot_regions:128,0x5ad2ea1704dd,24
619.lbm_s/1,1/super_hot_regions:128,0x5ad2ea1704e2,0
619.lbm_s/1,1/super_hot_regions:128,0x5ad2ea1704e6,0

619.lbm_s/1,1/super_hot_regions:136,0x5ad2ea171376,16
619.lbm_s/1,1/super_hot_regions:136,0x5ad2ea171383,0

619.lbm_s/1,1/super_hot_regions:137,0x5ad2ea17137c,16
619.lbm_s/1,1/super_hot_regions:137,0x5ad2ea171395,0

619.lbm_s/1,1/super_hot_regions:138,0x5ad2ea171399,16
619.lbm_s/1,1/super_hot_regions:138,0x5ad2ea17139f,0
619.lbm_s/1,1/super_hot_regions:138,0x5ad2ea1713a2,0

620.omnetpp_s/1,1/super_hot_regions:0,0x5821d46372a4,8
620.omnetpp_s/1,1/super_hot_regions:0,0x5821d46372a7,0

620.omnetpp_s/1,1/super_hot_regions:1,0x5821d46372ab,16
620.omnetpp_s/1,1/super_hot_regions:1,0x5821d46372af,0
620.omnetpp_s/1,1/super_hot_regions:1,0x5821d46372b2,0

620.omnetpp_s/1,1/super_hot_regions:100,0x5821d45e1504,16
620.omnetpp_s/1,1/super_hot_regions:100,0x5821d45e150b,0

620.omnetpp_s/1,1/super_hot_regions:103,0x5821d4636f3b,8
620.omnetpp_s/1,1/super_hot_regions:103,0x5821d4636f3f,0

620.omnetpp_s/1,1/super_hot_regions:104,0x5821d4636f33,16
620.omnetpp_s/1,1/super_hot_regions:104,0x5821d4636f43,0

620.omnetpp_s/1,1/super_hot_regions:108,0x5821d4637068,8
620.omnetpp_s/1,1/super_hot_regions:108,0x5821d463706a,0
620.omnetpp_s/1,1/super_hot_regions:108,0x5821d463706c,0

620.omnetpp_s/1,1/super_hot_regions:117,0x5821d45d4565,16
620.omnetpp_s/1,1/super_hot_regions:117,0x5821d45d456e,0

620.omnetpp_s/1,1/super_hot_regions:12,0x75babbeaf064,16
620.omnetpp_s/1,1/super_hot_regions:12,0x75babbeaf06f,0

620.omnetpp_s/1,1/super_hot_regions:121,0x5821d46b4252,24
620.omnetpp_s/1,1/super_hot_regions:121,0x5821d46b4269,0
620.omnetpp_s/1,1/super_hot_regions:121,0x5821d46b4274,0

620.omnetpp_s/1,1/super_hot_regions:127,0x5821d46b42e5,16
620.omnetpp_s/1,1/super_hot_regions:127,0x5821d46b42f0,0

620.omnetpp_s/1,1/super_hot_regions:129,0x5821d46b42fd,16
620.omnetpp_s/1,1/super_hot_regions:129,0x5821d46b4308,0

620.omnetpp_s/1,1/super_hot_regions:132,0x5821d45f7958,16
620.omnetpp_s/1,1/super_hot_regions:132,0x5821d45f7965,0

620.omnetpp_s/1,1/super_hot_regions:133,0x5821d45f7944,8
620.omnetpp_s/1,1/super_hot_regions:133,0x5821d45f7969,0

620.omnetpp_s/1,1/super_hot_regions:21,0x75babbeaf12d,16
620.omnetpp_s/1,1/super_hot_regions:21,0x75babbeaf138,0

620.omnetpp_s/1,1/super_hot_regions:25,0x5821d47297ad,16
620.omnetpp_s/1,1/super_hot_regions:25,0x5821d47297b4,0
620.omnetpp_s/1,1/super_hot_regions:25,0x5821d47297b8,0

620.omnetpp_s/1,1/super_hot_regions:27,0x5821d472978b,16
620.omnetpp_s/1,1/super_hot_regions:27,0x5821d4729792,0

620.omnetpp_s/1,1/super_hot_regions:35,0x75babbeaccb0,8
620.omnetpp_s/1,1/super_hot_regions:35,0x75babbeaccba,0

620.omnetpp_s/1,1/super_hot_regions:41,0x75babbeaccd4,8
620.omnetpp_s/1,1/super_hot_regions:41,0x75babbeacce1,0

620.omnetpp_s/1,1/super_hot_regions:42,0x75babbeaccd7,8
620.omnetpp_s/1,1/super_hot_regions:42,0x75babbeacced,0

620.omnetpp_s/1,1/super_hot_regions:47,0x5821d46da482,8
620.omnetpp_s/1,1/super_hot_regions:47,0x5821d46da489,0

620.omnetpp_s/1,1/super_hot_regions:58,0x75babbeae974,8
620.omnetpp_s/1,1/super_hot_regions:58,0x75babbeae97d,0
620.omnetpp_s/1,1/super_hot_regions:58,0x75babbeae981,0
620.omnetpp_s/1,1/super_hot_regions:58,0x75babbeae984,0

620.omnetpp_s/1,1/super_hot_regions:61,0x75babbaa51b4,8
620.omnetpp_s/1,1/super_hot_regions:61,0x75babbaa51b8,0

621.wrf_s/1,1/super_hot_regions:101,0x57d804dec19a,8
621.wrf_s/1,1/super_hot_regions:101,0x57d804dec1a0,0

621.wrf_s/1,1/super_hot_regions:29,0x57d804e0d020,8
621.wrf_s/1,1/super_hot_regions:29,0x57d804e0d025,0

621.wrf_s/1,1/super_hot_regions:85,0x57d805ab1d38,8
621.wrf_s/1,1/super_hot_regions:85,0x57d805ab1d3c,0
621.wrf_s/1,1/super_hot_regions:85,0x57d805ab1d3a,0
621.wrf_s/1,1/super_hot_regions:85,0x57d805ab1d41,0

621.wrf_s/1,1/super_hot_regions:86,0x57d805ab1d4b,8
621.wrf_s/1,1/super_hot_regions:86,0x57d805ab1d51,0
621.wrf_s/1,1/super_hot_regions:86,0x57d805ab1d4f,0
621.wrf_s/1,1/super_hot_regions:86,0x57d805ab1d56,0

623.xalancbmk_s/1,1/super_hot_regions:102,0x57e5849eece4,16
623.xalancbmk_s/1,1/super_hot_regions:102,0x57e5849eeced,0
623.xalancbmk_s/1,1/super_hot_regions:102,0x57e5849eecf1,0

623.xalancbmk_s/1,1/super_hot_regions:104,0x57e5849aab88,8
623.xalancbmk_s/1,1/super_hot_regions:104,0x57e5849aab8b,0

623.xalancbmk_s/1,1/super_hot_regions:108,0x57e5849a1138,16
623.xalancbmk_s/1,1/super_hot_regions:108,0x57e5849a1148,0

623.xalancbmk_s/1,1/super_hot_regions:116,0x72d12b8a4598,16
623.xalancbmk_s/1,1/super_hot_regions:116,0x72d12b8a459c,0

623.xalancbmk_s/1,1/super_hot_regions:39,0x57e58499cef7,8
623.xalancbmk_s/1,1/super_hot_regions:39,0x57e58499cef9,0

623.xalancbmk_s/1,1/super_hot_regions:44,0x57e58499cf2a,8
623.xalancbmk_s/1,1/super_hot_regions:44,0x57e58499cf2d,0

623.xalancbmk_s/1,1/super_hot_regions:48,0x57e58499ceaa,8
623.xalancbmk_s/1,1/super_hot_regions:48,0x57e58499cead,0

623.xalancbmk_s/1,1/super_hot_regions:59,0x57e58499d0f3,16
623.xalancbmk_s/1,1/super_hot_regions:59,0x57e58499d0f7,0

623.xalancbmk_s/1,1/super_hot_regions:62,0x57e58499d10d,16
623.xalancbmk_s/1,1/super_hot_regions:62,0x57e58499d111,0

623.xalancbmk_s/1,1/super_hot_regions:65,0x57e58499d127,16
623.xalancbmk_s/1,1/super_hot_regions:65,0x57e58499d12b,0

623.xalancbmk_s/1,1/super_hot_regions:68,0x57e58499d141,16
623.xalancbmk_s/1,1/super_hot_regions:68,0x57e58499d145,0

623.xalancbmk_s/1,1/super_hot_regions:69,0x57e58499ce44,8
623.xalancbmk_s/1,1/super_hot_regions:69,0x57e58499ce47,0
623.xalancbmk_s/1,1/super_hot_regions:69,0x57e58499ce50,0

623.xalancbmk_s/1,1/super_hot_regions:70,0x57e58499ce53,8
623.xalancbmk_s/1,1/super_hot_regions:70,0x57e58499ce56,0

623.xalancbmk_s/1,1/super_hot_regions:86,0x57e5849fcd26,16
623.xalancbmk_s/1,1/super_hot_regions:86,0x57e5849fcd2d,0
623.xalancbmk_s/1,1/super_hot_regions:86,0x57e5849fcd31,0

623.xalancbmk_s/1,1/super_hot_regions:93,0x57e584a995b8,8
623.xalancbmk_s/1,1/super_hot_regions:93,0x57e584a995be,0

625.x264_s/1,1/super_hot_regions:0,0x5b5b15ecdcf1,8
625.x264_s/1,1/super_hot_regions:0,0x5b5b15ecdcf6,0

625.x264_s/1,1/super_hot_regions:101,0x5b5b15ed4193,8
625.x264_s/1,1/super_hot_regions:101,0x5b5b15ed4196,0
625.x264_s/1,1/super_hot_regions:101,0x5b5b15ed419a,0
625.x264_s/1,1/super_hot_regions:101,0x5b5b15ed41a2,0
625.x264_s/1,1/super_hot_regions:101,0x5b5b15ed419d,0
625.x264_s/1,1/super_hot_regions:101,0x5b5b15ed419f,0
625.x264_s/1,1/super_hot_regions:101,0x5b5b15ed41a9,0

625.x264_s/1,1/super_hot_regions:102,0x5b5b15ed4190,8
625.x264_s/1,1/super_hot_regions:102,0x5b5b15ed41ad,0
625.x264_s/1,1/super_hot_regions:102,0x5b5b15ed41b3,0
625.x264_s/1,1/super_hot_regions:102,0x5b5b15ed41ba,0
625.x264_s/1,1/super_hot_regions:102,0x5b5b15ed41b5,0
625.x264_s/1,1/super_hot_regions:102,0x5b5b15ed41b7,0
625.x264_s/1,1/super_hot_regions:102,0x5b5b15ed41c0,0

625.x264_s/1,1/super_hot_regions:103,0x5b5b15ed41c3,8
625.x264_s/1,1/super_hot_regions:103,0x5b5b15ed41c5,0
625.x264_s/1,1/super_hot_regions:103,0x5b5b15ed41cb,0
625.x264_s/1,1/super_hot_regions:103,0x5b5b15ed41d2,0
625.x264_s/1,1/super_hot_regions:103,0x5b5b15ed41cd,0
625.x264_s/1,1/super_hot_regions:103,0x5b5b15ed41cf,0
625.x264_s/1,1/super_hot_regions:103,0x5b5b15ed41d8,0

625.x264_s/1,1/super_hot_regions:104,0x5b5b15ed41db,8
625.x264_s/1,1/super_hot_regions:104,0x5b5b15ed41df,0
625.x264_s/1,1/super_hot_regions:104,0x5b5b15ed41e5,0
625.x264_s/1,1/super_hot_regions:104,0x5b5b15ed41ec,0
625.x264_s/1,1/super_hot_regions:104,0x5b5b15ed41e7,0
625.x264_s/1,1/super_hot_regions:104,0x5b5b15ed41e9,0
625.x264_s/1,1/super_hot_regions:104,0x5b5b15ed41f2,0

625.x264_s/1,1/super_hot_regions:105,0x5b5b15ed41f5,8
625.x264_s/1,1/super_hot_regions:105,0x5b5b15ed41f9,0
625.x264_s/1,1/super_hot_regions:105,0x5b5b15ed41ff,0
625.x264_s/1,1/super_hot_regions:105,0x5b5b15ed4206,0
625.x264_s/1,1/super_hot_regions:105,0x5b5b15ed4201,0
625.x264_s/1,1/super_hot_regions:105,0x5b5b15ed4203,0
625.x264_s/1,1/super_hot_regions:105,0x5b5b15ed420c,0

625.x264_s/1,1/super_hot_regions:106,0x5b5b15ed420f,8
625.x264_s/1,1/super_hot_regions:106,0x5b5b15ed4213,0
625.x264_s/1,1/super_hot_regions:106,0x5b5b15ed4219,0
625.x264_s/1,1/super_hot_regions:106,0x5b5b15ed4220,0
625.x264_s/1,1/super_hot_regions:106,0x5b5b15ed421b,0
625.x264_s/1,1/super_hot_regions:106,0x5b5b15ed421d,0
625.x264_s/1,1/super_hot_regions:106,0x5b5b15ed4226,0

625.x264_s/1,1/super_hot_regions:108,0x5b5b15efed74,32
625.x264_s/1,1/super_hot_regions:108,0x5b5b15efed7e,0
625.x264_s/1,1/super_hot_regions:108,0x5b5b15efed83,0
625.x264_s/1,1/super_hot_regions:108,0x5b5b15efed8d,0

625.x264_s/1,1/super_hot_regions:109,0x5b5b15efeda2,8
625.x264_s/1,1/super_hot_regions:109,0x5b5b15efeda7,0

625.x264_s/1,1/super_hot_regions:110,0x5b5b15efedac,8
625.x264_s/1,1/super_hot_regions:110,0x5b5b15efedb1,0

625.x264_s/1,1/super_hot_regions:114,0x5b5b15efd490,16
625.x264_s/1,1/super_hot_regions:114,0x5b5b15efd497,0
625.x264_s/1,1/super_hot_regions:114,0x5b5b15efd4a9,0
625.x264_s/1,1/super_hot_regions:114,0x5b5b15efd49e,0
625.x264_s/1,1/super_hot_regions:114,0x5b5b15efd49b,0
625.x264_s/1,1/super_hot_regions:114,0x5b5b15efd4a5,0
625.x264_s/1,1/super_hot_regions:114,0x5b5b15efd4ae,0
625.x264_s/1,1/super_hot_regions:114,0x5b5b15efd4b1,0
625.x264_s/1,1/super_hot_regions:114,0x5b5b15efd4b3,0

625.x264_s/1,1/super_hot_regions:115,0x5b5b15efd4b6,16
625.x264_s/1,1/super_hot_regions:115,0x5b5b15efd4c5,0
625.x264_s/1,1/super_hot_regions:115,0x5b5b15efd4bc,0
625.x264_s/1,1/super_hot_regions:115,0x5b5b15efd4c9,0
625.x264_s/1,1/super_hot_regions:115,0x5b5b15efd4cc,0
625.x264_s/1,1/super_hot_regions:115,0x5b5b15efd4d2,0
625.x264_s/1,1/super_hot_regions:115,0x5b5b15efd4d5,0
625.x264_s/1,1/super_hot_regions:115,0x5b5b15efd4d7,0
625.x264_s/1,1/super_hot_regions:115,0x5b5b15efd4dc,0
625.x264_s/1,1/super_hot_regions:115,0x5b5b15efd4de,0

625.x264_s/1,1/super_hot_regions:116,0x5b5b15efd4e9,16
625.x264_s/1,1/super_hot_regions:116,0x5b5b15efd4ed,0
625.x264_s/1,1/super_hot_regions:116,0x5b5b15efd4f1,0
625.x264_s/1,1/super_hot_regions:116,0x5b5b15efd4f4,0
625.x264_s/1,1/super_hot_regions:116,0x5b5b15efd4f8,0
625.x264_s/1,1/super_hot_regions:116,0x5b5b15efd4fd,0
625.x264_s/1,1/super_hot_regions:116,0x5b5b15efd500,0
625.x264_s/1,1/super_hot_regions:116,0x5b5b15efd502,0
625.x264_s/1,1/super_hot_regions:116,0x5b5b15efd507,0
625.x264_s/1,1/super_hot_regions:116,0x5b5b15efd509,0

625.x264_s/1,1/super_hot_regions:117,0x5b5b15efd514,16
625.x264_s/1,1/super_hot_regions:117,0x5b5b15efd518,0
625.x264_s/1,1/super_hot_regions:117,0x5b5b15efd51c,0
625.x264_s/1,1/super_hot_regions:117,0x5b5b15efd51f,0
625.x264_s/1,1/super_hot_regions:117,0x5b5b15efd523,0
625.x264_s/1,1/super_hot_regions:117,0x5b5b15efd528,0
625.x264_s/1,1/super_hot_regions:117,0x5b5b15efd52b,0
625.x264_s/1,1/super_hot_regions:117,0x5b5b15efd52d,0
625.x264_s/1,1/super_hot_regions:117,0x5b5b15efd532,0
625.x264_s/1,1/super_hot_regions:117,0x5b5b15efd534,0

625.x264_s/1,1/super_hot_regions:119,0x5b5b15efedce,24
625.x264_s/1,1/super_hot_regions:119,0x5b5b15efedd3,0
625.x264_s/1,1/super_hot_regions:119,0x5b5b15efedd6,0
625.x264_s/1,1/super_hot_regions:119,0x5b5b15efedd9,0
625.x264_s/1,1/super_hot_regions:119,0x5b5b15efeddc,0
625.x264_s/1,1/super_hot_regions:119,0x5b5b15efeddf,0

625.x264_s/1,1/super_hot_regions:121,0x5b5b15eff140,24
625.x264_s/1,1/super_hot_regions:121,0x5b5b15eff143,0
625.x264_s/1,1/super_hot_regions:121,0x5b5b15eff148,0
625.x264_s/1,1/super_hot_regions:121,0x5b5b15eff14b,0
625.x264_s/1,1/super_hot_regions:121,0x5b5b15eff14e,0
625.x264_s/1,1/super_hot_regions:121,0x5b5b15eff151,0
625.x264_s/1,1/super_hot_regions:121,0x5b5b15eff153,0

625.x264_s/1,1/super_hot_regions:122,0x5b5b15ecfb21,8
625.x264_s/1,1/super_hot_regions:122,0x5b5b15ecfb26,0

625.x264_s/1,1/super_hot_regions:125,0x5b5b15efd728,24
625.x264_s/1,1/super_hot_regions:125,0x5b5b15efd72b,0
625.x264_s/1,1/super_hot_regions:125,0x5b5b15efd730,0
625.x264_s/1,1/super_hot_regions:125,0x5b5b15efd733,0
625.x264_s/1,1/super_hot_regions:125,0x5b5b15efd736,0
625.x264_s/1,1/super_hot_regions:125,0x5b5b15efd739,0
625.x264_s/1,1/super_hot_regions:125,0x5b5b15efd73b,0

625.x264_s/1,1/super_hot_regions:126,0x5b5b15efe7ab,8
625.x264_s/1,1/super_hot_regions:126,0x5b5b15efe7ae,0

625.x264_s/1,1/super_hot_regions:13,0x5b5b15ecd210,8
625.x264_s/1,1/super_hot_regions:13,0x5b5b15ecd214,0
625.x264_s/1,1/super_hot_regions:13,0x5b5b15ecd21e,0
625.x264_s/1,1/super_hot_regions:13,0x5b5b15ecd217,0
625.x264_s/1,1/super_hot_regions:13,0x5b5b15ecd21a,0
625.x264_s/1,1/super_hot_regions:13,0x5b5b15ecd228,0
625.x264_s/1,1/super_hot_regions:13,0x5b5b15ecd225,0
625.x264_s/1,1/super_hot_regions:13,0x5b5b15ecd22b,0
625.x264_s/1,1/super_hot_regions:13,0x5b5b15ecd22f,0

625.x264_s/1,1/super_hot_regions:133,0x5b5b15ecfaeb,8
625.x264_s/1,1/super_hot_regions:133,0x5b5b15ecfaf4,0

625.x264_s/1,1/super_hot_regions:142,0x5b5b15efee2a,8
625.x264_s/1,1/super_hot_regions:142,0x5b5b15efee2e,0

625.x264_s/1,1/super_hot_regions:143,0x5b5b15efee33,8
625.x264_s/1,1/super_hot_regions:143,0x5b5b15efee50,0

625.x264_s/1,1/super_hot_regions:144,0x5b5b15efee76,16
625.x264_s/1,1/super_hot_regions:144,0x5b5b15efee82,0
625.x264_s/1,1/super_hot_regions:144,0x5b5b15efee89,0

627.cam4_s/1,1/super_hot_regions:101,0x7935f40a51b4,8
627.cam4_s/1,1/super_hot_regions:101,0x7935f40a51b8,0

627.cam4_s/1,1/super_hot_regions:22,0x60348ed81f00,16
627.cam4_s/1,1/super_hot_regions:22,0x60348ed81f06,0

627.cam4_s/1,1/super_hot_regions:24,0x60348ed81e28,16
627.cam4_s/1,1/super_hot_regions:24,0x60348ed81e2d,0

627.cam4_s/1,1/super_hot_regions:29,0x60348ed81e80,16
627.cam4_s/1,1/super_hot_regions:29,0x60348ed81e83,0
627.cam4_s/1,1/super_hot_regions:29,0x60348ed81e89,0
627.cam4_s/1,1/super_hot_regions:29,0x60348ed81e8c,0
627.cam4_s/1,1/super_hot_regions:29,0x60348ed81e8f,0
627.cam4_s/1,1/super_hot_regions:29,0x60348ed81e93,0

627.cam4_s/1,1/super_hot_regions:32,0x60348edd3fd0,8
627.cam4_s/1,1/super_hot_regions:32,0x60348edd3fd4,0

627.cam4_s/1,1/super_hot_regions:53,0x7935f452494e,8
627.cam4_s/1,1/super_hot_regions:53,0x7935f4524a13,0

627.cam4_s/1,1/super_hot_regions:93,0x7935f40a520e,8
627.cam4_s/1,1/super_hot_regions:93,0x7935f40a5213,0

627.cam4_s/1,1/super_hot_regions:95,0x7935f40a521f,16
627.cam4_s/1,1/super_hot_regions:95,0x7935f40a5225,0
627.cam4_s/1,1/super_hot_regions:95,0x7935f40a5229,0
627.cam4_s/1,1/super_hot_regions:95,0x7935f40a522c,0

627.cam4_s/1,1/super_hot_regions:98,0x7935f40a2a00,16
627.cam4_s/1,1/super_hot_regions:98,0x7935f40a2a0a,0

627.cam4_s/1,1/super_hot_regions:99,0x7935f40a2a0e,16
627.cam4_s/1,1/super_hot_regions:99,0x7935f40a2a11,0
627.cam4_s/1,1/super_hot_regions:99,0x7935f40a2a15,0
627.cam4_s/1,1/super_hot_regions:99,0x7935f40a2a1d,0

628.pop2_s/1,1/super_hot_regions:107,0x5dd06da502d0,16
628.pop2_s/1,1/super_hot_regions:107,0x5dd06da502d4,0

628.pop2_s/1,1/super_hot_regions:110,0x5dd06da50877,16
628.pop2_s/1,1/super_hot_regions:110,0x5dd06da5087b,0

628.pop2_s/1,1/super_hot_regions:41,0x5dd06d856668,8
628.pop2_s/1,1/super_hot_regions:41,0x5dd06d85666b,0
628.pop2_s/1,1/super_hot_regions:41,0x5dd06d85666e,0

628.pop2_s/1,1/super_hot_regions:42,0x5dd06d856672,16
628.pop2_s/1,1/super_hot_regions:42,0x5dd06d856679,0

628.pop2_s/1,1/super_hot_regions:43,0x5dd06d85667d,8
628.pop2_s/1,1/super_hot_regions:43,0x5dd06d856680,0
628.pop2_s/1,1/super_hot_regions:43,0x5dd06d856683,0
628.pop2_s/1,1/super_hot_regions:43,0x5dd06d85668a,0

628.pop2_s/1,1/super_hot_regions:46,0x5dd06d856617,40
628.pop2_s/1,1/super_hot_regions:46,0x5dd06d85661c,0
628.pop2_s/1,1/super_hot_regions:46,0x5dd06d856628,0
628.pop2_s/1,1/super_hot_regions:46,0x5dd06d856633,0
628.pop2_s/1,1/super_hot_regions:46,0x5dd06d856640,0
628.pop2_s/1,1/super_hot_regions:46,0x5dd06d856643,0

628.pop2_s/1,1/super_hot_regions:99,0x5dd06da4f138,16
628.pop2_s/1,1/super_hot_regions:99,0x5dd06da4f13c,0

631.deepsjeng_s/1,1/super_hot_regions:10,0x57ee1502990d,8
631.deepsjeng_s/1,1/super_hot_regions:10,0x57ee15029911,0

631.deepsjeng_s/1,1/super_hot_regions:104,0x57ee1502e8ba,8
631.deepsjeng_s/1,1/super_hot_regions:104,0x57ee1502e8bc,0

631.deepsjeng_s/1,1/super_hot_regions:108,0x57ee1502e4e9,8
631.deepsjeng_s/1,1/super_hot_regions:108,0x57ee1502e4ec,0

631.deepsjeng_s/1,1/super_hot_regions:11,0x57ee150298b4,16
631.deepsjeng_s/1,1/super_hot_regions:11,0x57ee150298c0,0
631.deepsjeng_s/1,1/super_hot_regions:11,0x57ee150298ec,0
631.deepsjeng_s/1,1/super_hot_regions:11,0x57ee150298ca,0
631.deepsjeng_s/1,1/super_hot_regions:11,0x57ee150298fe,0
631.deepsjeng_s/1,1/super_hot_regions:11,0x57ee150298cf,0
631.deepsjeng_s/1,1/super_hot_regions:11,0x57ee1502991a,0
631.deepsjeng_s/1,1/super_hot_regions:11,0x57ee150298d2,0
631.deepsjeng_s/1,1/super_hot_regions:11,0x57ee150298dc,0
631.deepsjeng_s/1,1/super_hot_regions:11,0x57ee150298e5,0
631.deepsjeng_s/1,1/super_hot_regions:11,0x57ee15029915,0
631.deepsjeng_s/1,1/super_hot_regions:11,0x57ee1502991f,0

631.deepsjeng_s/1,1/super_hot_regions:110,0x57ee1502de08,16
631.deepsjeng_s/1,1/super_hot_regions:110,0x57ee1502de17,0
631.deepsjeng_s/1,1/super_hot_regions:110,0x57ee1502de36,0
631.deepsjeng_s/1,1/super_hot_regions:110,0x57ee1502de3f,0
631.deepsjeng_s/1,1/super_hot_regions:110,0x57ee1502de42,0
631.deepsjeng_s/1,1/super_hot_regions:110,0x57ee1502de46,0

631.deepsjeng_s/1,1/super_hot_regions:111,0x57ee1502de14,40
631.deepsjeng_s/1,1/super_hot_regions:111,0x57ee1502de1b,0
631.deepsjeng_s/1,1/super_hot_regions:111,0x57ee1502de1e,0
631.deepsjeng_s/1,1/super_hot_regions:111,0x57ee1502de22,0
631.deepsjeng_s/1,1/super_hot_regions:111,0x57ee1502de25,0
631.deepsjeng_s/1,1/super_hot_regions:111,0x57ee1502de2d,0
631.deepsjeng_s/1,1/super_hot_regions:111,0x57ee1502de30,0
631.deepsjeng_s/1,1/super_hot_regions:111,0x57ee1502de39,0
631.deepsjeng_s/1,1/super_hot_regions:111,0x57ee1502de3d,0
631.deepsjeng_s/1,1/super_hot_regions:111,0x57ee1502de4f,0
631.deepsjeng_s/1,1/super_hot_regions:111,0x57ee1502de53,0
631.deepsjeng_s/1,1/super_hot_regions:111,0x57ee1502de59,0

631.deepsjeng_s/1,1/super_hot_regions:120,0x57ee15037810,8
631.deepsjeng_s/1,1/super_hot_regions:120,0x57ee15037815,0

631.deepsjeng_s/1,1/super_hot_regions:121,0x57ee1503781c,16
631.deepsjeng_s/1,1/super_hot_regions:121,0x57ee15037822,0
631.deepsjeng_s/1,1/super_hot_regions:121,0x57ee1503782b,0

631.deepsjeng_s/1,1/super_hot_regions:128,0x57ee1502c3f0,16
631.deepsjeng_s/1,1/super_hot_regions:128,0x57ee1502c3f3,0
631.deepsjeng_s/1,1/super_hot_regions:128,0x57ee1502c3f6,0
631.deepsjeng_s/1,1/super_hot_regions:128,0x57ee1502c3f8,0
631.deepsjeng_s/1,1/super_hot_regions:128,0x57ee1502c3fb,0
631.deepsjeng_s/1,1/super_hot_regions:128,0x57ee1502c3fd,0

631.deepsjeng_s/1,1/super_hot_regions:130,0x57ee15037792,8
631.deepsjeng_s/1,1/super_hot_regions:130,0x57ee1503779b,0

631.deepsjeng_s/1,1/super_hot_regions:132,0x57ee15029774,8
631.deepsjeng_s/1,1/super_hot_regions:132,0x57ee15029776,0

631.deepsjeng_s/1,1/super_hot_regions:133,0x57ee15029779,8
631.deepsjeng_s/1,1/super_hot_regions:133,0x57ee15029783,0
631.deepsjeng_s/1,1/super_hot_regions:133,0x57ee15029788,0
631.deepsjeng_s/1,1/super_hot_regions:133,0x57ee1502978b,0
631.deepsjeng_s/1,1/super_hot_regions:133,0x57ee15029795,0
631.deepsjeng_s/1,1/super_hot_regions:133,0x57ee150297a3,0

631.deepsjeng_s/1,1/super_hot_regions:134,0x57ee150297a7,16
631.deepsjeng_s/1,1/super_hot_regions:134,0x57ee150297ab,0
631.deepsjeng_s/1,1/super_hot_regions:134,0x57ee150297af,0

631.deepsjeng_s/1,1/super_hot_regions:135,0x57ee15033e6d,16
631.deepsjeng_s/1,1/super_hot_regions:135,0x57ee15033e78,0
631.deepsjeng_s/1,1/super_hot_regions:135,0x57ee15033e7a,0

631.deepsjeng_s/1,1/super_hot_regions:142,0x57ee150379f6,16
631.deepsjeng_s/1,1/super_hot_regions:142,0x57ee15037a04,0

631.deepsjeng_s/1,1/super_hot_regions:144,0x57ee15033e38,16
631.deepsjeng_s/1,1/super_hot_regions:144,0x57ee15033e42,0
631.deepsjeng_s/1,1/super_hot_regions:144,0x57ee15033e44,0

641.leela_s/1,1/super_hot_regions:0,0x61244ae736b4,8
641.leela_s/1,1/super_hot_regions:0,0x61244ae736b7,0

641.leela_s/1,1/super_hot_regions:106,0x61244ae73560,16
641.leela_s/1,1/super_hot_regions:106,0x61244ae7356c,0

641.leela_s/1,1/super_hot_regions:110,0x61244ae73050,16
641.leela_s/1,1/super_hot_regions:110,0x61244ae73054,0

641.leela_s/1,1/super_hot_regions:15,0x61244ae7ad97,8
641.leela_s/1,1/super_hot_regions:15,0x61244ae7ad9b,0

641.leela_s/1,1/super_hot_regions:16,0x61244ae7ad9f,8
641.leela_s/1,1/super_hot_regions:16,0x61244ae7ada2,0

641.leela_s/1,1/super_hot_regions:17,0x61244ae73e54,24
641.leela_s/1,1/super_hot_regions:17,0x61244ae73e56,0
641.leela_s/1,1/super_hot_regions:17,0x61244ae73e5f,0
641.leela_s/1,1/super_hot_regions:17,0x61244ae73f32,0
641.leela_s/1,1/super_hot_regions:17,0x61244ae73f35,0
641.leela_s/1,1/super_hot_regions:17,0x61244ae73f49,0
641.leela_s/1,1/super_hot_regions:17,0x61244ae73f38,0
641.leela_s/1,1/super_hot_regions:17,0x61244ae73f52,0

641.leela_s/1,1/super_hot_regions:18,0x61244ae73e5c,16
641.leela_s/1,1/super_hot_regions:18,0x61244ae73e6d,0
641.leela_s/1,1/super_hot_regions:18,0x61244ae73f6b,0
641.leela_s/1,1/super_hot_regions:18,0x61244ae73e73,0
641.leela_s/1,1/super_hot_regions:18,0x61244ae73f74,0
641.leela_s/1,1/super_hot_regions:18,0x61244ae73f58,0
641.leela_s/1,1/super_hot_regions:18,0x61244ae73f5e,0
641.leela_s/1,1/super_hot_regions:18,0x61244ae73f63,0

641.leela_s/1,1/super_hot_regions:19,0x61244ae73e62,56
641.leela_s/1,1/super_hot_regions:19,0x61244ae73e66,0
641.leela_s/1,1/super_hot_regions:19,0x61244ae73e6a,0
641.leela_s/1,1/super_hot_regions:19,0x61244ae73e76,0
641.leela_s/1,1/super_hot_regions:19,0x61244ae73e80,0
641.leela_s/1,1/super_hot_regions:19,0x61244ae73e85,0
641.leela_s/1,1/super_hot_regions:19,0x61244ae73f55,0
641.leela_s/1,1/super_hot_regions:19,0x61244ae73f77,0
641.leela_s/1,1/super_hot_regions:19,0x61244ae73eca,0
641.leela_s/1,1/super_hot_regions:19,0x61244ae73e7a,0
641.leela_s/1,1/super_hot_regions:19,0x61244ae73e7d,0
641.leela_s/1,1/super_hot_regions:19,0x61244ae73eea,0
641.leela_s/1,1/super_hot_regions:19,0x61244ae73f5b,0
641.leela_s/1,1/super_hot_regions:19,0x61244ae73f7a,0
641.leela_s/1,1/super_hot_regions:19,0x61244ae73e95,0
641.leela_s/1,1/super_hot_regions:19,0x61244ae73ef1,0
641.leela_s/1,1/super_hot_regions:19,0x61244ae73ed4,0
641.leela_s/1,1/super_hot_regions:19,0x61244ae73f04,0
641.leela_s/1,1/super_hot_regions:19,0x61244ae73f12,0
641.leela_s/1,1/super_hot_regions:19,0x61244ae73efd,0
641.leela_s/1,1/super_hot_regions:19,0x61244ae73f25,0
641.leela_s/1,1/super_hot_regions:19,0x61244ae73e8b,0
641.leela_s/1,1/super_hot_regions:19,0x61244ae73f0e,0
641.leela_s/1,1/super_hot_regions:19,0x61244ae73f1a,0
641.leela_s/1,1/super_hot_regions:19,0x61244ae73f1e,0
641.leela_s/1,1/super_hot_regions:19,0x61244ae73f2e,0
641.leela_s/1,1/super_hot_regions:19,0x61244ae73e9f,0
641.leela_s/1,1/super_hot_regions:19,0x61244ae73f40,0
641.leela_s/1,1/super_hot_regions:19,0x61244ae73ea9,0
641.leela_s/1,1/super_hot_regions:19,0x61244ae73ea2,0
641.leela_s/1,1/super_hot_regions:19,0x61244ae73f44,0
641.leela_s/1,1/super_hot_regions:19,0x61244ae73eaf,0
641.leela_s/1,1/super_hot_regions:19,0x61244ae73eb8,0
641.leela_s/1,1/super_hot_regions:19,0x61244ae73ebb,0
641.leela_s/1,1/super_hot_regions:19,0x61244ae73ec1,0
641.leela_s/1,1/super_hot_regions:19,0x61244ae73ed1,0
641.leela_s/1,1/super_hot_regions:19,0x61244ae73ed8,0
641.leela_s/1,1/super_hot_regions:19,0x61244ae73edb,0
641.leela_s/1,1/super_hot_regions:19,0x61244ae73ee1,0
641.leela_s/1,1/super_hot_regions:19,0x61244ae73efa,0
641.leela_s/1,1/super_hot_regions:19,0x61244ae73f01,0
641.leela_s/1,1/super_hot_regions:19,0x61244ae73f22,0
641.leela_s/1,1/super_hot_regions:19,0x61244ae73f47,0
641.leela_s/1,1/super_hot_regions:19,0x61244ae73f61,0
641.leela_s/1,1/super_hot_regions:19,0x61244ae73f7d,0

641.leela_s/1,1/super_hot_regions:20,0x61244ae6f584,8
641.leela_s/1,1/super_hot_regions:20,0x61244ae6f58e,0
641.leela_s/1,1/super_hot_regions:20,0x61244ae6f591,0
641.leela_s/1,1/super_hot_regions:20,0x61244ae6f59f,0

641.leela_s/1,1/super_hot_regions:25,0x61244ae6ea04,8
641.leela_s/1,1/super_hot_regions:25,0x61244ae6ea07,0

641.leela_s/1,1/super_hot_regions:38,0x61244ae5ce7b,8
641.leela_s/1,1/super_hot_regions:38,0x61244ae5ce7e,0

641.leela_s/1,1/super_hot_regions:39,0x61244ae5ce82,8
641.leela_s/1,1/super_hot_regions:39,0x61244ae5ce85,0

641.leela_s/1,1/super_hot_regions:4,0x61244ae89456,16
641.leela_s/1,1/super_hot_regions:4,0x61244ae8946e,0
641.leela_s/1,1/super_hot_regions:4,0x61244ae89475,0
641.leela_s/1,1/super_hot_regions:4,0x61244ae8947a,0
641.leela_s/1,1/super_hot_regions:4,0x61244ae89483,0
641.leela_s/1,1/super_hot_regions:4,0x61244ae89480,0
641.leela_s/1,1/super_hot_regions:4,0x61244ae89486,0

641.leela_s/1,1/super_hot_regions:40,0x61244ae5ce89,16
641.leela_s/1,1/super_hot_regions:40,0x61244ae5ce93,0
641.leela_s/1,1/super_hot_regions:40,0x61244ae5ce98,0
641.leela_s/1,1/super_hot_regions:40,0x61244ae5ce9c,0

644.nab_s/1,1/super_hot_regions:0,0x5fac5e140d10,8
644.nab_s/1,1/super_hot_regions:0,0x5fac5e140d15,0

644.nab_s/1,1/super_hot_regions:114,0x5fac5e1392a4,16
644.nab_s/1,1/super_hot_regions:114,0x5fac5e1392a8,0

644.nab_s/1,1/super_hot_regions:116,0x5fac5e139999,16
644.nab_s/1,1/super_hot_regions:116,0x5fac5e1399a1,0

644.nab_s/1,1/super_hot_regions:117,0x5fac5e1399de,16
644.nab_s/1,1/super_hot_regions:117,0x5fac5e1399e6,0

644.nab_s/1,1/super_hot_regions:118,0x5fac5e139a5f,16
644.nab_s/1,1/super_hot_regions:118,0x5fac5e139a67,0

644.nab_s/1,1/super_hot_regions:119,0x5fac5e139c4d,16
644.nab_s/1,1/super_hot_regions:119,0x5fac5e139c55,0

644.nab_s/1,1/super_hot_regions:120,0x5fac5e139c80,16
644.nab_s/1,1/super_hot_regions:120,0x5fac5e139c88,0

644.nab_s/1,1/super_hot_regions:121,0x5fac5e139caa,16
644.nab_s/1,1/super_hot_regions:121,0x5fac5e139cb2,0

644.nab_s/1,1/super_hot_regions:124,0x5fac5e138cfa,24
644.nab_s/1,1/super_hot_regions:124,0x5fac5e138d1c,0
644.nab_s/1,1/super_hot_regions:124,0x5fac5e138d24,0

644.nab_s/1,1/super_hot_regions:125,0x5fac5e138d20,16
644.nab_s/1,1/super_hot_regions:125,0x5fac5e138d46,0
644.nab_s/1,1/super_hot_regions:125,0x5fac5e138d48,0
644.nab_s/1,1/super_hot_regions:125,0x5fac5e138d4a,0

644.nab_s/1,1/super_hot_regions:126,0x5fac5e138dcb,8
644.nab_s/1,1/super_hot_regions:126,0x5fac5e138dcf,0

644.nab_s/1,1/super_hot_regions:127,0x5fac5e138dd7,8
644.nab_s/1,1/super_hot_regions:127,0x5fac5e138ddb,0

644.nab_s/1,1/super_hot_regions:128,0x5fac5e138de3,8
644.nab_s/1,1/super_hot_regions:128,0x5fac5e138de7,0

644.nab_s/1,1/super_hot_regions:129,0x5fac5e138def,8
644.nab_s/1,1/super_hot_regions:129,0x5fac5e138df3,0

644.nab_s/1,1/super_hot_regions:130,0x5fac5e138e0c,8
644.nab_s/1,1/super_hot_regions:130,0x5fac5e138e10,0

644.nab_s/1,1/super_hot_regions:131,0x5fac5e138e18,8
644.nab_s/1,1/super_hot_regions:131,0x5fac5e138e1c,0

644.nab_s/1,1/super_hot_regions:132,0x5fac5e138ec7,8
644.nab_s/1,1/super_hot_regions:132,0x5fac5e138ecb,0

644.nab_s/1,1/super_hot_regions:135,0x5fac5e1413a8,16
644.nab_s/1,1/super_hot_regions:135,0x5fac5e1413af,0
644.nab_s/1,1/super_hot_regions:135,0x5fac5e1413b4,0

644.nab_s/1,1/super_hot_regions:136,0x5fac5e1413ab,16
644.nab_s/1,1/super_hot_regions:136,0x5fac5e1413b7,0

644.nab_s/1,1/super_hot_regions:147,0x5fac5e140cb6,8
644.nab_s/1,1/super_hot_regions:147,0x5fac5e140cb8,0

648.exchange2_s/1,1/super_hot_regions:100,0x63beba65e0d5,16
648.exchange2_s/1,1/super_hot_regions:100,0x63beba65e0dd,0

648.exchange2_s/1,1/super_hot_regions:101,0x63beba65e0e4,8
648.exchange2_s/1,1/super_hot_regions:101,0x63beba65e0ec,0

648.exchange2_s/1,1/super_hot_regions:102,0x63beba65ffbb,112
648.exchange2_s/1,1/super_hot_regions:102,0x63beba65ffc3,0
648.exchange2_s/1,1/super_hot_regions:102,0x63beba65ffe1,0
648.exchange2_s/1,1/super_hot_regions:102,0x63beba65ffd2,0
648.exchange2_s/1,1/super_hot_regions:102,0x63beba65ffec,0
648.exchange2_s/1,1/super_hot_regions:102,0x63beba65fff8,0
648.exchange2_s/1,1/super_hot_regions:102,0x63beba65ffcb,0
648.exchange2_s/1,1/super_hot_regions:102,0x63beba65ffe8,0
648.exchange2_s/1,1/super_hot_regions:102,0x63beba65ffdd,0
648.exchange2_s/1,1/super_hot_regions:102,0x63beba65fff4,0
648.exchange2_s/1,1/super_hot_regions:102,0x63beba65ffc7,0
648.exchange2_s/1,1/super_hot_regions:102,0x63beba65ffd9,0
648.exchange2_s/1,1/super_hot_regions:102,0x63beba65ffe5,0
648.exchange2_s/1,1/super_hot_regions:102,0x63beba65fff0,0

648.exchange2_s/1,1/super_hot_regions:108,0x63beba65e7ff,24
648.exchange2_s/1,1/super_hot_regions:108,0x63beba65e806,0
648.exchange2_s/1,1/super_hot_regions:108,0x63beba65e80d,0
648.exchange2_s/1,1/super_hot_regions:108,0x63beba65e80f,0
648.exchange2_s/1,1/super_hot_regions:108,0x63beba65e815,0

648.exchange2_s/1,1/super_hot_regions:109,0x63beba65e81c,16
648.exchange2_s/1,1/super_hot_regions:109,0x63beba65e824,0

648.exchange2_s/1,1/super_hot_regions:111,0x63beba65ff25,120
648.exchange2_s/1,1/super_hot_regions:111,0x63beba65ff2d,0
648.exchange2_s/1,1/super_hot_regions:111,0x63beba65ff4e,0
648.exchange2_s/1,1/super_hot_regions:111,0x63beba65ff39,0
648.exchange2_s/1,1/super_hot_regions:111,0x63beba65ff60,0
648.exchange2_s/1,1/super_hot_regions:111,0x63beba65ff6c,0
648.exchange2_s/1,1/super_hot_regions:111,0x63beba65ff35,0
648.exchange2_s/1,1/super_hot_regions:111,0x63beba65ff5c,0
648.exchange2_s/1,1/super_hot_regions:111,0x63beba65ff47,0
648.exchange2_s/1,1/super_hot_regions:111,0x63beba65ff68,0
648.exchange2_s/1,1/super_hot_regions:111,0x63beba65ff31,0
648.exchange2_s/1,1/super_hot_regions:111,0x63beba65ff40,0
648.exchange2_s/1,1/super_hot_regions:111,0x63beba65ff55,0
648.exchange2_s/1,1/super_hot_regions:111,0x63beba65ff70,0
648.exchange2_s/1,1/super_hot_regions:111,0x63beba65ff64,0

648.exchange2_s/1,1/super_hot_regions:112,0x63beba662602,16
648.exchange2_s/1,1/super_hot_regions:112,0x63beba662604,0

648.exchange2_s/1,1/super_hot_regions:113,0x63beba662600,8
648.exchange2_s/1,1/super_hot_regions:113,0x63beba66260b,0

648.exchange2_s/1,1/super_hot_regions:115,0x63beba6635b3,16
648.exchange2_s/1,1/super_hot_regions:115,0x63beba6635b5,0

648.exchange2_s/1,1/super_hot_regions:116,0x63beba6635b0,8
648.exchange2_s/1,1/super_hot_regions:116,0x63beba6635bc,0

648.exchange2_s/1,1/super_hot_regions:122,0x63beba661f93,16
648.exchange2_s/1,1/super_hot_regions:122,0x63beba661f9a,0

648.exchange2_s/1,1/super_hot_regions:124,0x7bd1ede61fbd,16
648.exchange2_s/1,1/super_hot_regions:124,0x7bd1ede61fc1,0

648.exchange2_s/1,1/super_hot_regions:125,0x7bd1ede61fc5,16
648.exchange2_s/1,1/super_hot_regions:125,0x7bd1ede61fc9,0
648.exchange2_s/1,1/super_hot_regions:125,0x7bd1ede61fcd,0

648.exchange2_s/1,1/super_hot_regions:130,0x63beba65d0d2,24
648.exchange2_s/1,1/super_hot_regions:130,0x63beba65d0d9,0
648.exchange2_s/1,1/super_hot_regions:130,0x63beba65d0dd,0

648.exchange2_s/1,1/super_hot_regions:133,0x63beba65dfd1,16
648.exchange2_s/1,1/super_hot_regions:133,0x63beba65dfd8,0

648.exchange2_s/1,1/super_hot_regions:26,0x63beba65eb14,16
648.exchange2_s/1,1/super_hot_regions:26,0x63beba65eb22,0

648.exchange2_s/1,1/super_hot_regions:27,0x63beba65eb28,16
648.exchange2_s/1,1/super_hot_regions:27,0x63beba65eb37,0

648.exchange2_s/1,1/super_hot_regions:28,0x63beba65eb1b,24
648.exchange2_s/1,1/super_hot_regions:28,0x63beba65eb30,0
648.exchange2_s/1,1/super_hot_regions:28,0x63beba65eb43,0

649.fotonik3d_s/1,1/super_hot_regions:102,0x566cf36b3c8b,8
649.fotonik3d_s/1,1/super_hot_regions:102,0x566cf36b3c92,0

649.fotonik3d_s/1,1/super_hot_regions:104,0x566cf36b3dd7,16
649.fotonik3d_s/1,1/super_hot_regions:104,0x566cf36b3de7,0

649.fotonik3d_s/1,1/super_hot_regions:105,0x566cf36b3def,16
649.fotonik3d_s/1,1/super_hot_regions:105,0x566cf36b3dff,0

649.fotonik3d_s/1,1/super_hot_regions:106,0x566cf36b3ddf,24
649.fotonik3d_s/1,1/super_hot_regions:106,0x566cf36b3df7,0
649.fotonik3d_s/1,1/super_hot_regions:106,0x566cf36b3e0f,0

649.fotonik3d_s/1,1/super_hot_regions:107,0x566cf36b3e07,16
649.fotonik3d_s/1,1/super_hot_regions:107,0x566cf36b3e17,0

649.fotonik3d_s/1,1/super_hot_regions:108,0x566cf36b3e1f,16
649.fotonik3d_s/1,1/super_hot_regions:108,0x566cf36b3e2f,0

649.fotonik3d_s/1,1/super_hot_regions:109,0x566cf36b3e37,16
649.fotonik3d_s/1,1/super_hot_regions:109,0x566cf36b3e47,0

649.fotonik3d_s/1,1/super_hot_regions:110,0x566cf36b3e27,24
649.fotonik3d_s/1,1/super_hot_regions:110,0x566cf36b3e3f,0
649.fotonik3d_s/1,1/super_hot_regions:110,0x566cf36b3e57,0

649.fotonik3d_s/1,1/super_hot_regions:111,0x566cf36b3e4f,16
649.fotonik3d_s/1,1/super_hot_regions:111,0x566cf36b3e5f,0

649.fotonik3d_s/1,1/super_hot_regions:112,0x566cf36b3e6f,24
649.fotonik3d_s/1,1/super_hot_regions:112,0x566cf36b3e7f,0
649.fotonik3d_s/1,1/super_hot_regions:112,0x566cf36b3ea7,0

649.fotonik3d_s/1,1/super_hot_regions:113,0x566cf36b3e67,24
649.fotonik3d_s/1,1/super_hot_regions:113,0x566cf36b3e77,0
649.fotonik3d_s/1,1/super_hot_regions:113,0x566cf36b3eda,0

649.fotonik3d_s/1,1/super_hot_regions:114,0x566cf36b3e87,24
649.fotonik3d_s/1,1/super_hot_regions:114,0x566cf36b3eba,0
649.fotonik3d_s/1,1/super_hot_regions:114,0x566cf36b3ee2,0

649.fotonik3d_s/1,1/super_hot_regions:115,0x566cf36b3e8f,24
649.fotonik3d_s/1,1/super_hot_regions:115,0x566cf36b3ec2,0
649.fotonik3d_s/1,1/super_hot_regions:115,0x566cf36b3eea,0

649.fotonik3d_s/1,1/super_hot_regions:116,0x566cf36b3e97,24
649.fotonik3d_s/1,1/super_hot_regions:116,0x566cf36b3eca,0
649.fotonik3d_s/1,1/super_hot_regions:116,0x566cf36b3ef2,0

649.fotonik3d_s/1,1/super_hot_regions:117,0x566cf36b3e9f,24
649.fotonik3d_s/1,1/super_hot_regions:117,0x566cf36b3ed2,0
649.fotonik3d_s/1,1/super_hot_regions:117,0x566cf36b3efa,0

649.fotonik3d_s/1,1/super_hot_regions:118,0x566cf36b3eaf,16
649.fotonik3d_s/1,1/super_hot_regions:118,0x566cf36b3f02,0

649.fotonik3d_s/1,1/super_hot_regions:120,0x566cf36b396c,16
649.fotonik3d_s/1,1/super_hot_regions:120,0x566cf36b3978,0

649.fotonik3d_s/1,1/super_hot_regions:121,0x566cf36b3851,8
649.fotonik3d_s/1,1/super_hot_regions:121,0x566cf36b3987,0

649.fotonik3d_s/1,1/super_hot_regions:122,0x566cf36b39a1,16
649.fotonik3d_s/1,1/super_hot_regions:122,0x566cf36b39a9,0

649.fotonik3d_s/1,1/super_hot_regions:123,0x566cf36b3990,16
649.fotonik3d_s/1,1/super_hot_regions:123,0x566cf36b399e,0
649.fotonik3d_s/1,1/super_hot_regions:123,0x566cf36b39b2,0

654.roms_s/1,1/super_hot_regions:10,0x5c4526bb5232,16
654.roms_s/1,1/super_hot_regions:10,0x5c4526bb523e,0

654.roms_s/1,1/super_hot_regions:11,0x5c4526bb5245,16
654.roms_s/1,1/super_hot_regions:11,0x5c4526bb5253,0

654.roms_s/1,1/super_hot_regions:12,0x5c4526bb525a,16
654.roms_s/1,1/super_hot_regions:12,0x5c4526bb5264,0

654.roms_s/1,1/super_hot_regions:13,0x5c4526bb526b,16
654.roms_s/1,1/super_hot_regions:13,0x5c4526bb5276,0

654.roms_s/1,1/super_hot_regions:14,0x5c4526bb524c,16
654.roms_s/1,1/super_hot_regions:14,0x5c4526bb5261,0
654.roms_s/1,1/super_hot_regions:14,0x5c4526bb527d,0

654.roms_s/1,1/super_hot_regions:76,0x77ba1252d94e,8
654.roms_s/1,1/super_hot_regions:76,0x77ba1252da13,0

654.roms_s/1,1/super_hot_regions:9,0x5c4526bb521d,16
654.roms_s/1,1/super_hot_regions:9,0x5c4526bb522b,0

657.xz_s/1,1/super_hot_regions:100,0x609e9ee3014d,8
657.xz_s/1,1/super_hot_regions:100,0x609e9ee30150,0

657.xz_s/1,1/super_hot_regions:102,0x609e9ee3017f,8
657.xz_s/1,1/super_hot_regions:102,0x609e9ee30185,0

657.xz_s/1,1/super_hot_regions:11,0x609e9ee29f52,8
657.xz_s/1,1/super_hot_regions:11,0x609e9ee29f59,0

657.xz_s/1,1/super_hot_regions:110,0x609ea2075293,16
657.xz_s/1,1/super_hot_regions:110,0x609ea2075299,0

657.xz_s/1,1/super_hot_regions:111,0x609ea207529b,8
657.xz_s/1,1/super_hot_regions:111,0x609ea20752a2,0

657.xz_s/1,1/super_hot_regions:112,0x609ea20752a6,8
657.xz_s/1,1/super_hot_regions:112,0x609ea20752a9,0

657.xz_s/1,1/super_hot_regions:117,0x609ea20753bf,16
657.xz_s/1,1/super_hot_regions:117,0x609ea20753c5,0
657.xz_s/1,1/super_hot_regions:117,0x609ea20753c8,0

657.xz_s/1,1/super_hot_regions:12,0x609e9ee29f56,8
657.xz_s/1,1/super_hot_regions:12,0x609e9ee29f5d,0

657.xz_s/1,1/super_hot_regions:125,0x609e9ee2ba10,48
657.xz_s/1,1/super_hot_regions:125,0x609e9ee2ba1a,0
657.xz_s/1,1/super_hot_regions:125,0x609e9ee2ba4a,0
657.xz_s/1,1/super_hot_regions:125,0x609e9ee2ba16,0
657.xz_s/1,1/super_hot_regions:125,0x609e9ee2ba41,0
657.xz_s/1,1/super_hot_regions:125,0x609e9ee2ba54,0
657.xz_s/1,1/super_hot_regions:125,0x609e9ee2ba13,0
657.xz_s/1,1/super_hot_regions:125,0x609e9ee2ba21,0
657.xz_s/1,1/super_hot_regions:125,0x609e9ee2ba25,0
657.xz_s/1,1/super_hot_regions:125,0x609e9ee2ba2d,0
657.xz_s/1,1/super_hot_regions:125,0x609e9ee2ba30,0
657.xz_s/1,1/super_hot_regions:125,0x609e9ee2ba4e,0
657.xz_s/1,1/super_hot_regions:125,0x609e9ee2ba58,0
657.xz_s/1,1/super_hot_regions:125,0x609e9ee2ba5b,0
657.xz_s/1,1/super_hot_regions:125,0x609e9ee2ba71,0
657.xz_s/1,1/super_hot_regions:125,0x609e9ee2ba69,0

657.xz_s/1,1/super_hot_regions:128,0x609e9ee31fd9,16
657.xz_s/1,1/super_hot_regions:128,0x609e9ee31fe1,0
657.xz_s/1,1/super_hot_regions:128,0x609e9ee31fe6,0
657.xz_s/1,1/super_hot_regions:128,0x609e9ee31fe9,0
657.xz_s/1,1/super_hot_regions:128,0x609e9ee31fed,0

657.xz_s/1,1/super_hot_regions:129,0x609e9ee31ff2,16
657.xz_s/1,1/super_hot_regions:129,0x609e9ee31ff7,0

657.xz_s/1,1/super_hot_regions:131,0x609e9ee32060,8
657.xz_s/1,1/super_hot_regions:131,0x609e9ee32065,0
657.xz_s/1,1/super_hot_regions:131,0x609e9ee32068,0
657.xz_s/1,1/super_hot_regions:131,0x609e9ee3206b,0

657.xz_s/1,1/super_hot_regions:132,0x609e9ee32077,16
657.xz_s/1,1/super_hot_regions:132,0x609e9ee3207e,0

657.xz_s/1,1/super_hot_regions:133,0x609e9ee32072,32
657.xz_s/1,1/super_hot_regions:133,0x609e9ee3208d,0
657.xz_s/1,1/super_hot_regions:133,0x609e9ee3207b,0
657.xz_s/1,1/super_hot_regions:133,0x609e9ee32080,0
657.xz_s/1,1/super_hot_regions:133,0x609e9ee32090,0
657.xz_s/1,1/super_hot_regions:133,0x609e9ee320a1,0
657.xz_s/1,1/super_hot_regions:133,0x609e9ee32098,0
657.xz_s/1,1/super_hot_regions:133,0x609e9ee320a6,0
657.xz_s/1,1/super_hot_regions:133,0x609e9ee3209d,0
657.xz_s/1,1/super_hot_regions:133,0x609e9ee320a9,0
657.xz_s/1,1/super_hot_regions:133,0x609e9ee320ae,0
657.xz_s/1,1/super_hot_regions:133,0x609e9ee320b1,0

657.xz_s/1,1/super_hot_regions:134,0x609e9ee320b4,8
657.xz_s/1,1/super_hot_regions:134,0x609e9ee320b8,0

657.xz_s/1,1/super_hot_regions:135,0x609e9ee320bc,8
657.xz_s/1,1/super_hot_regions:135,0x609e9ee320c5,0

657.xz_s/1,1/super_hot_regions:137,0x609e9ee29e31,8
657.xz_s/1,1/super_hot_regions:137,0x609e9ee29e40,0

657.xz_s/1,1/super_hot_regions:139,0x609e9ee2bb5a,8
657.xz_s/1,1/super_hot_regions:139,0x609e9ee2bb5f,0

657.xz_s/1,1/super_hot_regions:144,0x609e9ee29f9e,16
657.xz_s/1,1/super_hot_regions:144,0x609e9ee29fb3,0
657.xz_s/1,1/super_hot_regions:144,0x609e9ee29fb7,0

657.xz_s/1,1/super_hot_regions:145,0x609e9ee3005d,8
657.xz_s/1,1/super_hot_regions:145,0x609e9ee30061,0

657.xz_s/1,1/super_hot_regions:147,0x609e9ee311c8,16
657.xz_s/1,1/super_hot_regions:147,0x609e9ee311d3,0
657.xz_s/1,1/super_hot_regions:147,0x609e9ee311cd,0
657.xz_s/1,1/super_hot_regions:147,0x609e9ee311d7,0
657.xz_s/1,1/super_hot_regions:147,0x609e9ee311da,0
657.xz_s/1,1/super_hot_regions:147,0x609e9ee311e1,0
657.xz_s/1,1/super_hot_regions:147,0x609e9ee311e4,0

657.xz_s/1,1/super_hot_regions:148,0x609e9ee311e7,16
657.xz_s/1,1/super_hot_regions:148,0x609e9ee311ec,0

657.xz_s/1,1/super_hot_regions:157,0x609e9ee2cc88,16
657.xz_s/1,1/super_hot_regions:157,0x609e9ee2cc8b,0
657.xz_s/1,1/super_hot_regions:157,0x609e9ee2cc8e,0

657.xz_s/1,1/super_hot_regions:160,0x609e9ee2ccd0,16
657.xz_s/1,1/super_hot_regions:160,0x609e9ee2ccd8,0

657.xz_s/1,1/super_hot_regions:162,0x609e9ee2ccf8,8
657.xz_s/1,1/super_hot_regions:162,0x609e9ee2ccfb,0

657.xz_s/1,1/super_hot_regions:163,0x609e9ee2ccb6,8
657.xz_s/1,1/super_hot_regions:163,0x609e9ee2ccb9,0

657.xz_s/1,1/super_hot_regions:165,0x609e9ee2f510,16
657.xz_s/1,1/super_hot_regions:165,0x609e9ee2f51c,0
657.xz_s/1,1/super_hot_regions:165,0x609e9ee2f513,0
657.xz_s/1,1/super_hot_regions:165,0x609e9ee2f521,0
657.xz_s/1,1/super_hot_regions:165,0x609e9ee2f527,0
657.xz_s/1,1/super_hot_regions:165,0x609e9ee2f529,0
657.xz_s/1,1/super_hot_regions:165,0x609e9ee2f52e,0
657.xz_s/1,1/super_hot_regions:165,0x609e9ee2f533,0
657.xz_s/1,1/super_hot_regions:165,0x609e9ee2f535,0

