Copyright 1986-2020 Xilinx, Inc. All Rights Reserved.
----------------------------------------------------------------------------------------------------------------------------------------------------------------------------
| Tool Version : Vivado v.2020.1 (lin64) Build 2902540 Wed May 27 19:54:35 MDT 2020
| Date         : Mon Sep 22 17:47:01 2025
| Host         : orthanc running 64-bit Ubuntu 22.04.4 LTS
| Command      : report_utilization -hierarchical -file /home/jyoo/custom_v_2/custom-core-tool/reports/memory_wo_simd/benches/631_deepsjeng_s/631_deepsjeng_s_util_hier.rpt
| Design       : top_bench__631_deepsjeng_s
| Device       : xcu200fsgd2104-2
| Design State : Optimized
----------------------------------------------------------------------------------------------------------------------------------------------------------------------------

Utilization Design Information

Table of Contents
-----------------
1. Utilization by Hierarchy

1. Utilization by Hierarchy
---------------------------

+-----------------------------------------------------------------------------------+-------------------------------------------------------+------------+------------+---------+------+-------+--------+--------+------+------------+
|                                      Instance                                     |                         Module                        | Total LUTs | Logic LUTs | LUTRAMs | SRLs |  FFs  | RAMB36 | RAMB18 | URAM | DSP Blocks |
+-----------------------------------------------------------------------------------+-------------------------------------------------------+------------+------------+---------+------+-------+--------+--------+------+------------+
| top_bench__631_deepsjeng_s                                                        |                                                 (top) |       6233 |       5829 |       0 |  404 | 22769 |      0 |      0 |    0 |         40 |
|   (top_bench__631_deepsjeng_s)                                                    |                                                 (top) |          0 |          0 |       0 |    0 |     0 |      0 |      0 |    0 |          0 |
|   u_631_deepsjeng_s                                                               |                           bench_core__631_deepsjeng_s |       6233 |       5829 |       0 |  404 | 22769 |      0 |      0 |    0 |         40 |
|     (u_631_deepsjeng_s)                                                           |                           bench_core__631_deepsjeng_s |        940 |        940 |       0 |    0 |     0 |      0 |      0 |    0 |          0 |
|     glen[0].core_i                                                                |                                        uop_block_wrap |          9 |          9 |       0 |    0 |    48 |      0 |      0 |    0 |          0 |
|       (glen[0].core_i)                                                            |                                        uop_block_wrap |          0 |          0 |       0 |    0 |    24 |      0 |      0 |    0 |          0 |
|       core                                                                        |                                             uop_block |          9 |          9 |       0 |    0 |    24 |      0 |      0 |    0 |          0 |
|         (core)                                                                    |                                             uop_block |          1 |          1 |       0 |    0 |     8 |      0 |      0 |    0 |          0 |
|         g[0].g_normal.alu_i                                                       |                                      microop_unit__10 |          8 |          8 |       0 |    0 |     8 |      0 |      0 |    0 |          0 |
|         g[1].g_normal.alu_i                                                       |                          microop_unit__parameterized0 |          0 |          0 |       0 |    0 |     8 |      0 |      0 |    0 |          0 |
|     glen[10].core_i                                                               |                        uop_block_wrap__parameterized9 |          1 |          1 |       0 |    0 |    12 |      0 |      0 |    0 |          0 |
|       (glen[10].core_i)                                                           |                        uop_block_wrap__parameterized9 |          0 |          0 |       0 |    0 |     6 |      0 |      0 |    0 |          0 |
|       core                                                                        |                             uop_block__parameterized9 |          1 |          1 |       0 |    0 |     6 |      0 |      0 |    0 |          0 |
|         (core)                                                                    |                             uop_block__parameterized9 |          1 |          1 |       0 |    0 |     0 |      0 |      0 |    0 |          0 |
|         g[0].g_normal.alu_i                                                       |                     microop_unit__parameterized10__61 |          0 |          0 |       0 |    0 |     3 |      0 |      0 |    0 |          0 |
|         g[1].g_normal.alu_i                                                       |                      microop_unit__parameterized3__22 |          0 |          0 |       0 |    0 |     3 |      0 |      0 |    0 |          0 |
|     glen[11].core_i                                                               |                       uop_block_wrap__parameterized10 |        337 |        236 |       0 |  101 |   760 |      0 |      0 |    0 |         10 |
|       (glen[11].core_i)                                                           |                       uop_block_wrap__parameterized10 |          0 |          0 |       0 |    0 |   140 |      0 |      0 |    0 |          0 |
|       core                                                                        |                            uop_block__parameterized10 |        337 |        236 |       0 |  101 |   620 |      0 |      0 |    0 |         10 |
|         (core)                                                                    |                            uop_block__parameterized10 |          1 |          1 |       0 |    0 |   134 |      0 |      0 |    0 |          0 |
|         g[0].g_normal.alu_i                                                       |                       microop_unit__parameterized4__6 |          0 |          0 |       0 |    0 |    64 |      0 |      0 |    0 |          0 |
|         g[1].g_normal.alu_i                                                       |                       microop_unit__parameterized5__1 |        171 |        171 |       0 |    0 |    64 |      0 |      0 |    0 |          0 |
|         g[2].g_normal.alu_i                                                       |                       microop_unit__parameterized6__1 |         64 |         64 |       0 |    0 |    64 |      0 |      0 |    0 |          0 |
|         g[3].g_normal.alu_i                                                       |                       microop_unit__parameterized4__7 |          0 |          0 |       0 |    0 |    64 |      0 |      0 |    0 |          0 |
|         g[4].g_normal.alu_i                                                       |               microop_unit__parameterized8__xdcDup__2 |        101 |          0 |       0 |  101 |   230 |      0 |      0 |    0 |         10 |
|           (g[4].g_normal.alu_i)                                                   |               microop_unit__parameterized8__xdcDup__2 |          0 |          0 |       0 |    0 |     6 |      0 |      0 |    0 |          0 |
|           g_imul.mul64_ip.mul_i                                                   |                                   integer_mul_HD19538 |        101 |          0 |       0 |  101 |   224 |      0 |      0 |    0 |         10 |
|             U0                                                                    |                  integer_mulmult_gen_v12_0_16_HD19539 |        101 |          0 |       0 |  101 |   224 |      0 |      0 |    0 |         10 |
|               i_mult                                                              |              integer_mulmult_gen_v12_0_16_viv_HD19540 |        101 |          0 |       0 |  101 |   224 |      0 |      0 |    0 |         10 |
|                 gDSP.gDSP_only.iDSP                                               |                                integer_muldsp_HD19541 |        101 |          0 |       0 |  101 |   224 |      0 |      0 |    0 |         10 |
|                   (gDSP.gDSP_only.iDSP)                                           |                                integer_muldsp_HD19541 |          0 |          0 |       0 |    0 |     0 |      0 |      0 |    0 |         10 |
|                   use_prim.appDSP48[3].bppDSP48[0].need_output_delay.output_delay |        integer_muldelay_line__parameterized21_HD19546 |          4 |          0 |       0 |    4 |     6 |      0 |      0 |    0 |          0 |
|                   use_prim.iAdelx[0].iAdely[2].use_delay_line.Adelay              |         integer_muldelay_line__parameterized0_HD19548 |          9 |          0 |       0 |    9 |    17 |      0 |      0 |    0 |          0 |
|                   use_prim.iAdelx[1].iAdely[1].use_delay_line.Adelay              |         integer_muldelay_line__parameterized1_HD19549 |          9 |          0 |       0 |    9 |    17 |      0 |      0 |    0 |          0 |
|                   use_prim.iAdelx[1].iAdely[2].use_delay_line.Adelay              |         integer_muldelay_line__parameterized2_HD19550 |          9 |          0 |       0 |    9 |    17 |      0 |      0 |    0 |          0 |
|                   use_prim.iAdelx[2].iAdely[0].use_delay_line.Adelay              |         integer_muldelay_line__parameterized4_HD19552 |          0 |          0 |       0 |    0 |    17 |      0 |      0 |    0 |          0 |
|                   use_prim.iAdelx[2].iAdely[1].use_delay_line.Adelay              |         integer_muldelay_line__parameterized5_HD19553 |          9 |          0 |       0 |    9 |    17 |      0 |      0 |    0 |          0 |
|                   use_prim.iAdelx[3].iAdely[0].use_delay_line.Adelay              |         integer_muldelay_line__parameterized8_HD19556 |          7 |          0 |       0 |    7 |    13 |      0 |      0 |    0 |          0 |
|                   use_prim.iBdelx[0].iBdely[2].need_delay_line.Bdelay             |       integer_muldelay_line__parameterized0_0_HD19558 |          9 |          0 |       0 |    9 |    17 |      0 |      0 |    0 |          0 |
|                   use_prim.iBdelx[0].iBdely[3].need_delay_line.Bdelay             |        integer_muldelay_line__parameterized10_HD19559 |          9 |          0 |       0 |    9 |    18 |      0 |      0 |    0 |          0 |
|                   use_prim.iBdelx[1].iBdely[0].need_delay_line.Bdelay             |       integer_muldelay_line__parameterized4_1_HD19560 |          0 |          0 |       0 |    0 |    17 |      0 |      0 |    0 |          0 |
|                   use_prim.iBdelx[1].iBdely[1].need_delay_line.Bdelay             |       integer_muldelay_line__parameterized1_2_HD19561 |          9 |          0 |       0 |    9 |    17 |      0 |      0 |    0 |          0 |
|                   use_prim.iBdelx[1].iBdely[2].need_delay_line.Bdelay             |       integer_muldelay_line__parameterized2_3_HD19562 |          9 |          0 |       0 |    9 |    17 |      0 |      0 |    0 |          0 |
|                   use_prim.iBdelx[2].iBdely[1].need_delay_line.Bdelay             |       integer_muldelay_line__parameterized5_5_HD19564 |          9 |          0 |       0 |    9 |    17 |      0 |      0 |    0 |          0 |
|                   use_prim.iBdelx[3].iBdely[0].need_delay_line.Bdelay             |        integer_muldelay_line__parameterized11_HD19566 |          9 |          0 |       0 |    9 |    17 |      0 |      0 |    0 |          0 |
|     glen[12].core_i                                                               |                       uop_block_wrap__parameterized11 |        236 |        236 |       0 |    0 |   518 |      0 |      0 |    0 |          0 |
|       (glen[12].core_i)                                                           |                       uop_block_wrap__parameterized11 |          0 |          0 |       0 |    0 |   198 |      0 |      0 |    0 |          0 |
|       core                                                                        |                            uop_block__parameterized11 |        236 |        236 |       0 |    0 |   320 |      0 |      0 |    0 |          0 |
|         (core)                                                                    |                            uop_block__parameterized11 |          1 |          1 |       0 |    0 |   128 |      0 |      0 |    0 |          0 |
|         g[0].g_normal.alu_i                                                       |                                      microop_unit__15 |         64 |         64 |       0 |    0 |    64 |      0 |      0 |    0 |          0 |
|         g[1].g_normal.alu_i                                                       |                      microop_unit__parameterized4__50 |          0 |          0 |       0 |    0 |    64 |      0 |      0 |    0 |          0 |
|         g[2].g_normal.alu_i                                                       |                          microop_unit__parameterized7 |        171 |        171 |       0 |    0 |    64 |      0 |      0 |    0 |          0 |
|     glen[13].core_i                                                               |                       uop_block_wrap__parameterized12 |          1 |          1 |       0 |    0 |   158 |      0 |      0 |    0 |          0 |
|       (glen[13].core_i)                                                           |                       uop_block_wrap__parameterized12 |          0 |          0 |       0 |    0 |    63 |      0 |      0 |    0 |          0 |
|       core                                                                        |                            uop_block__parameterized12 |          1 |          1 |       0 |    0 |    95 |      0 |      0 |    0 |          0 |
|         (core)                                                                    |                            uop_block__parameterized12 |          1 |          1 |       0 |    0 |    32 |      0 |      0 |    0 |          0 |
|         g[0].g_normal.alu_i                                                       |                     microop_unit__parameterized10__17 |          0 |          0 |       0 |    0 |    32 |      0 |      0 |    0 |          0 |
|         g[1].g_normal.alu_i                                                       |                      microop_unit__parameterized20__1 |          0 |          0 |       0 |    0 |    31 |      0 |      0 |    0 |          0 |
|     glen[14].core_i                                                               |                       uop_block_wrap__parameterized13 |        129 |        129 |       0 |    0 |   384 |      0 |      0 |    0 |          0 |
|       (glen[14].core_i)                                                           |                       uop_block_wrap__parameterized13 |          0 |          0 |       0 |    0 |   192 |      0 |      0 |    0 |          0 |
|       core                                                                        |                            uop_block__parameterized13 |        129 |        129 |       0 |    0 |   192 |      0 |      0 |    0 |          0 |
|         (core)                                                                    |                            uop_block__parameterized13 |          1 |          1 |       0 |    0 |    64 |      0 |      0 |    0 |          0 |
|         g[0].g_normal.alu_i                                                       |                       microop_unit__parameterized6__4 |         64 |         64 |       0 |    0 |    64 |      0 |      0 |    0 |          0 |
|         g[1].g_normal.alu_i                                                       |                      microop_unit__parameterized9__11 |         64 |         64 |       0 |    0 |    64 |      0 |      0 |    0 |          0 |
|     glen[15].core_i                                                               |                       uop_block_wrap__parameterized14 |         33 |         33 |       0 |    0 |   192 |      0 |      0 |    0 |          0 |
|       (glen[15].core_i)                                                           |                       uop_block_wrap__parameterized14 |          0 |          0 |       0 |    0 |    64 |      0 |      0 |    0 |          0 |
|       core                                                                        |                            uop_block__parameterized14 |         33 |         33 |       0 |    0 |   128 |      0 |      0 |    0 |          0 |
|         (core)                                                                    |                            uop_block__parameterized14 |          1 |          1 |       0 |    0 |    32 |      0 |      0 |    0 |          0 |
|         g[0].g_normal.alu_i                                                       |                     microop_unit__parameterized10__15 |          0 |          0 |       0 |    0 |    32 |      0 |      0 |    0 |          0 |
|         g[1].g_normal.alu_i                                                       |                         microop_unit__parameterized21 |         32 |         32 |       0 |    0 |    32 |      0 |      0 |    0 |          0 |
|         g[2].g_normal.alu_i                                                       |                     microop_unit__parameterized10__16 |          0 |          0 |       0 |    0 |    32 |      0 |      0 |    0 |          0 |
|     glen[16].core_i                                                               |                       uop_block_wrap__parameterized15 |          1 |          1 |       0 |    0 |    24 |      0 |      0 |    0 |          0 |
|       (glen[16].core_i)                                                           |                       uop_block_wrap__parameterized15 |          0 |          0 |       0 |    0 |     8 |      0 |      0 |    0 |          0 |
|       core                                                                        |                            uop_block__parameterized15 |          1 |          1 |       0 |    0 |    16 |      0 |      0 |    0 |          0 |
|         (core)                                                                    |                            uop_block__parameterized15 |          1 |          1 |       0 |    0 |     4 |      0 |      0 |    0 |          0 |
|         g[0].g_normal.alu_i                                                       |                     microop_unit__parameterized10__62 |          0 |          0 |       0 |    0 |     4 |      0 |      0 |    0 |          0 |
|         g[1].g_normal.alu_i                                                       |                     microop_unit__parameterized10__63 |          0 |          0 |       0 |    0 |     4 |      0 |      0 |    0 |          0 |
|         g[3].g_normal.alu_i                                                       |                          microop_unit__parameterized3 |          0 |          0 |       0 |    0 |     4 |      0 |      0 |    0 |          0 |
|     glen[17].core_i                                                               |                       uop_block_wrap__parameterized16 |        257 |        257 |       0 |    0 |   425 |      0 |      0 |    0 |          0 |
|       (glen[17].core_i)                                                           |                       uop_block_wrap__parameterized16 |          0 |          0 |       0 |    0 |    67 |      0 |      0 |    0 |          0 |
|       core                                                                        |                            uop_block__parameterized16 |        257 |        257 |       0 |    0 |   358 |      0 |      0 |    0 |          0 |
|         (core)                                                                    |                            uop_block__parameterized16 |          1 |          1 |       0 |    0 |    94 |      0 |      0 |    0 |          0 |
|         g[0].g_normal.alu_i                                                       |                     microop_unit__parameterized10__23 |          0 |          0 |       0 |    0 |     3 |      0 |      0 |    0 |          0 |
|         g[10].g_normal.alu_i                                                      |                      microop_unit__parameterized15__6 |         32 |         32 |       0 |    0 |     1 |      0 |      0 |    0 |          0 |
|         g[11].g_normal.alu_i                                                      |                     microop_unit__parameterized10__25 |          0 |          0 |       0 |    0 |     1 |      0 |      0 |    0 |          0 |
|         g[13].g_normal.alu_i                                                      |                      microop_unit__parameterized23__3 |         32 |         32 |       0 |    0 |    32 |      0 |      0 |    0 |          0 |
|         g[14].g_normal.alu_i                                                      |                      microop_unit__parameterized15__7 |         32 |         32 |       0 |    0 |    32 |      0 |      0 |    0 |          0 |
|         g[15].g_normal.alu_i                                                      |                         microop_unit__parameterized24 |         32 |         32 |       0 |    0 |    32 |      0 |      0 |    0 |          0 |
|         g[16].g_normal.alu_i                                                      |                         microop_unit__parameterized25 |         32 |         32 |       0 |    0 |    32 |      0 |      0 |    0 |          0 |
|         g[1].g_normal.alu_i                                                       |                       microop_unit__parameterized3__5 |          0 |          0 |       0 |    0 |     3 |      0 |      0 |    0 |          0 |
|         g[2].g_normal.alu_i                                                       |                     microop_unit__parameterized10__24 |          0 |          0 |       0 |    0 |     3 |      0 |      0 |    0 |          0 |
|         g[3].g_normal.alu_i                                                       |                       microop_unit__parameterized3__6 |          0 |          0 |       0 |    0 |     3 |      0 |      0 |    0 |          0 |
|         g[4].g_normal.alu_i                                                       |                      microop_unit__parameterized15__4 |         32 |         32 |       0 |    0 |    26 |      0 |      0 |    0 |          0 |
|         g[7].g_normal.alu_i                                                       |                         microop_unit__parameterized22 |          0 |          0 |       0 |    0 |    32 |      0 |      0 |    0 |          0 |
|         g[8].g_normal.alu_i                                                       |                      microop_unit__parameterized15__5 |         32 |         32 |       0 |    0 |    32 |      0 |      0 |    0 |          0 |
|         g[9].g_normal.alu_i                                                       |                      microop_unit__parameterized23__2 |         32 |         32 |       0 |    0 |    32 |      0 |      0 |    0 |          0 |
|     glen[18].core_i                                                               |                       uop_block_wrap__parameterized17 |        123 |        123 |       0 |    0 |   570 |      0 |      0 |    0 |          0 |
|       (glen[18].core_i)                                                           |                       uop_block_wrap__parameterized17 |          0 |          0 |       0 |    0 |   186 |      0 |      0 |    0 |          0 |
|       core                                                                        |                            uop_block__parameterized17 |        123 |        123 |       0 |    0 |   384 |      0 |      0 |    0 |          0 |
|         (core)                                                                    |                            uop_block__parameterized17 |          1 |          1 |       0 |    0 |   128 |      0 |      0 |    0 |          0 |
|         g[1].g_normal.alu_i                                                       |              microop_unit__parameterized12__xdcDup__3 |         58 |         58 |       0 |    0 |   128 |      0 |      0 |    0 |          0 |
|           (g[1].g_normal.alu_i)                                                   |              microop_unit__parameterized12__xdcDup__3 |          0 |          0 |       0 |    0 |    64 |      0 |      0 |    0 |          0 |
|           g_iadd.use_ip.u_addsub                                                  |                                integer_addsub_HD19660 |         58 |         58 |       0 |    0 |    64 |      0 |      0 |    0 |          0 |
|             U0                                                                    |               integer_addsubc_addsub_v12_0_14_HD19661 |         58 |         58 |       0 |    0 |    64 |      0 |      0 |    0 |          0 |
|               xst_addsub                                                          |           integer_addsubc_addsub_v12_0_14_viv_HD19662 |         58 |         58 |       0 |    0 |    64 |      0 |      0 |    0 |          0 |
|                 i_baseblox.i_baseblox_addsub                                      |        integer_addsubc_addsub_v12_0_14_legacy_HD19663 |         58 |         58 |       0 |    0 |    64 |      0 |      0 |    0 |          0 |
|                   no_pipelining.the_addsub                                        | integer_addsubc_addsub_v12_0_14_fabric_legacy_HD19664 |         58 |         58 |       0 |    0 |    64 |      0 |      0 |    0 |          0 |
|                     i_lut6.i_lut6_addsub                                          |   integer_addsubc_addsub_v12_0_14_lut6_legacy_HD19665 |         58 |         58 |       0 |    0 |    64 |      0 |      0 |    0 |          0 |
|                       (i_lut6.i_lut6_addsub)                                      |   integer_addsubc_addsub_v12_0_14_lut6_legacy_HD19665 |         58 |         58 |       0 |    0 |     0 |      0 |      0 |    0 |          0 |
|                       i_q.i_simple.qreg                                           |            integer_addsubc_reg_fd_v12_0_6_viv_HD19666 |          0 |          0 |       0 |    0 |    64 |      0 |      0 |    0 |          0 |
|         g[2].g_normal.alu_i                                                       |                         microop_unit__parameterized18 |         64 |         64 |       0 |    0 |    64 |      0 |      0 |    0 |          0 |
|         g[3].g_normal.alu_i                                                       |                      microop_unit__parameterized4__51 |          0 |          0 |       0 |    0 |    64 |      0 |      0 |    0 |          0 |
|     glen[19].core_i                                                               |                       uop_block_wrap__parameterized18 |         65 |         65 |       0 |    0 |   192 |      0 |      0 |    0 |          0 |
|       (glen[19].core_i)                                                           |                       uop_block_wrap__parameterized18 |          0 |          0 |       0 |    0 |    96 |      0 |      0 |    0 |          0 |
|       core                                                                        |                            uop_block__parameterized18 |         65 |         65 |       0 |    0 |    96 |      0 |      0 |    0 |          0 |
|         (core)                                                                    |                            uop_block__parameterized18 |          1 |          1 |       0 |    0 |     0 |      0 |      0 |    0 |          0 |
|         g[0].g_normal.alu_i                                                       |                     microop_unit__parameterized10__14 |          0 |          0 |       0 |    0 |    32 |      0 |      0 |    0 |          0 |
|         g[1].g_normal.alu_i                                                       |                      microop_unit__parameterized24__1 |         32 |         32 |       0 |    0 |    32 |      0 |      0 |    0 |          0 |
|         g[2].g_normal.alu_i                                                       |                         microop_unit__parameterized26 |         32 |         32 |       0 |    0 |    32 |      0 |      0 |    0 |          0 |
|     glen[1].core_i                                                                |                        uop_block_wrap__parameterized0 |         25 |         25 |       0 |    0 |   106 |      0 |      0 |    0 |          0 |
|       (glen[1].core_i)                                                            |                        uop_block_wrap__parameterized0 |          0 |          0 |       0 |    0 |    81 |      0 |      0 |    0 |          0 |
|       core                                                                        |                             uop_block__parameterized0 |         25 |         25 |       0 |    0 |    25 |      0 |      0 |    0 |          0 |
|         (core)                                                                    |                             uop_block__parameterized0 |          1 |          1 |       0 |    0 |     0 |      0 |      0 |    0 |          0 |
|         g[0].g_normal.alu_i                                                       |                          microop_unit__parameterized1 |         24 |         24 |       0 |    0 |    24 |      0 |      0 |    0 |          0 |
|         g[1].g_normal.alu_i                                                       |                          microop_unit__parameterized2 |          0 |          0 |       0 |    0 |     1 |      0 |      0 |    0 |          0 |
|     glen[20].core_i                                                               |                       uop_block_wrap__parameterized19 |          2 |          2 |       0 |    0 |   192 |      0 |      0 |    0 |          0 |
|       (glen[20].core_i)                                                           |                       uop_block_wrap__parameterized19 |          0 |          0 |       0 |    0 |    64 |      0 |      0 |    0 |          0 |
|       core                                                                        |                            uop_block__parameterized19 |          2 |          2 |       0 |    0 |   128 |      0 |      0 |    0 |          0 |
|         (core)                                                                    |                            uop_block__parameterized19 |          1 |          1 |       0 |    0 |    32 |      0 |      0 |    0 |          0 |
|         g[0].g_normal.alu_i                                                       |                     microop_unit__parameterized10__64 |          0 |          0 |       0 |    0 |    32 |      0 |      0 |    0 |          0 |
|         g[1].g_normal.alu_i                                                       |                         microop_unit__parameterized20 |          1 |          1 |       0 |    0 |    32 |      0 |      0 |    0 |          0 |
|         g[2].g_normal.alu_i                                                       |                     microop_unit__parameterized10__65 |          0 |          0 |       0 |    0 |    32 |      0 |      0 |    0 |          0 |
|     glen[21].core_i                                                               |                    uop_block_wrap__parameterized20__1 |          1 |          1 |       0 |    0 |   192 |      0 |      0 |    0 |          0 |
|       (glen[21].core_i)                                                           |                    uop_block_wrap__parameterized20__1 |          0 |          0 |       0 |    0 |    96 |      0 |      0 |    0 |          0 |
|       core                                                                        |                         uop_block__parameterized20__1 |          1 |          1 |       0 |    0 |    96 |      0 |      0 |    0 |          0 |
|         (core)                                                                    |                         uop_block__parameterized20__1 |          1 |          1 |       0 |    0 |    32 |      0 |      0 |    0 |          0 |
|         g[0].g_normal.alu_i                                                       |                      microop_unit__parameterized11__9 |          0 |          0 |       0 |    0 |    32 |      0 |      0 |    0 |          0 |
|         g[1].g_normal.alu_i                                                       |                      microop_unit__parameterized11__8 |          0 |          0 |       0 |    0 |    32 |      0 |      0 |    0 |          0 |
|     glen[22].core_i                                                               |                       uop_block_wrap__parameterized21 |        182 |        182 |       0 |    0 |   334 |      0 |      0 |    0 |          0 |
|       (glen[22].core_i)                                                           |                       uop_block_wrap__parameterized21 |          0 |          0 |       0 |    0 |    96 |      0 |      0 |    0 |          0 |
|       core                                                                        |                            uop_block__parameterized21 |        182 |        182 |       0 |    0 |   238 |      0 |      0 |    0 |          0 |
|         (core)                                                                    |                            uop_block__parameterized21 |          1 |          1 |       0 |    0 |    60 |      0 |      0 |    0 |          0 |
|         g[0].g_normal.alu_i                                                       |                                      microop_unit__16 |         32 |         32 |       0 |    0 |     1 |      0 |      0 |    0 |          0 |
|         g[11].g_normal.alu_i                                                      |                         microop_unit__parameterized23 |         32 |         32 |       0 |    0 |    32 |      0 |      0 |    0 |          0 |
|         g[12].g_normal.alu_i                                                      |                     microop_unit__parameterized15__10 |         32 |         32 |       0 |    0 |    32 |      0 |      0 |    0 |          0 |
|         g[13].g_normal.alu_i                                                      |                         microop_unit__parameterized15 |         32 |         32 |       0 |    0 |    32 |      0 |      0 |    0 |          0 |
|         g[14].g_normal.alu_i                                                      |                         microop_unit__parameterized10 |          0 |          0 |       0 |    0 |    32 |      0 |      0 |    0 |          0 |
|         g[1].g_normal.alu_i                                                       |                     microop_unit__parameterized10__66 |          0 |          0 |       0 |    0 |     1 |      0 |      0 |    0 |          0 |
|         g[2].g_normal.alu_i                                                       |                     microop_unit__parameterized10__67 |          0 |          0 |       0 |    0 |     1 |      0 |      0 |    0 |          0 |
|         g[4].g_normal.alu_i                                                       |                      microop_unit__parameterized23__6 |         24 |         24 |       0 |    0 |    24 |      0 |      0 |    0 |          0 |
|         g[5].g_normal.alu_i                                                       |                      microop_unit__parameterized15__9 |         24 |         24 |       0 |    0 |    20 |      0 |      0 |    0 |          0 |
|         g[7].g_normal.alu_i                                                       |                         microop_unit__parameterized16 |          5 |          5 |       0 |    0 |     1 |      0 |      0 |    0 |          0 |
|         g[8].g_normal.alu_i                                                       |                     microop_unit__parameterized10__68 |          0 |          0 |       0 |    0 |     1 |      0 |      0 |    0 |          0 |
|         g[9].g_normal.alu_i                                                       |                     microop_unit__parameterized10__69 |          0 |          0 |       0 |    0 |     1 |      0 |      0 |    0 |          0 |
|     glen[23].core_i                                                               |                    uop_block_wrap__parameterized22__1 |          1 |          1 |       0 |    0 |   160 |      0 |      0 |    0 |          0 |
|       (glen[23].core_i)                                                           |                    uop_block_wrap__parameterized22__1 |          0 |          0 |       0 |    0 |    64 |      0 |      0 |    0 |          0 |
|       core                                                                        |                         uop_block__parameterized22__1 |          1 |          1 |       0 |    0 |    96 |      0 |      0 |    0 |          0 |
|         (core)                                                                    |                         uop_block__parameterized22__1 |          1 |          1 |       0 |    0 |    32 |      0 |      0 |    0 |          0 |
|         g[0].g_normal.alu_i                                                       |                     microop_unit__parameterized10__12 |          0 |          0 |       0 |    0 |    32 |      0 |      0 |    0 |          0 |
|         g[1].g_normal.alu_i                                                       |                     microop_unit__parameterized10__13 |          0 |          0 |       0 |    0 |    32 |      0 |      0 |    0 |          0 |
|     glen[24].core_i                                                               |                       uop_block_wrap__parameterized23 |        483 |        281 |       0 |  202 |  1916 |      0 |      0 |    0 |         20 |
|       (glen[24].core_i)                                                           |                       uop_block_wrap__parameterized23 |          0 |          0 |       0 |    0 |   192 |      0 |      0 |    0 |          0 |
|       core                                                                        |                            uop_block__parameterized23 |        483 |        281 |       0 |  202 |  1724 |      0 |      0 |    0 |         20 |
|         (core)                                                                    |                            uop_block__parameterized23 |          1 |          1 |       0 |    0 |   548 |      0 |      0 |    0 |          0 |
|         g[0].g_normal.alu_i                                                       |                                      microop_unit__17 |         64 |         64 |       0 |    0 |    64 |      0 |      0 |    0 |          0 |
|         g[11].g_normal.alu_i                                                      |                                          microop_unit |          6 |          6 |       0 |    0 |    64 |      0 |      0 |    0 |          0 |
|         g[12].g_normal.alu_i                                                      |                          microop_unit__parameterized8 |        101 |          0 |       0 |  101 |   230 |      0 |      0 |    0 |         10 |
|           (g[12].g_normal.alu_i)                                                  |                          microop_unit__parameterized8 |          0 |          0 |       0 |    0 |     6 |      0 |      0 |    0 |          0 |
|           g_imul.mul64_ip.mul_i                                                   |                                   integer_mul_HD19602 |        101 |          0 |       0 |  101 |   224 |      0 |      0 |    0 |         10 |
|             U0                                                                    |                  integer_mulmult_gen_v12_0_16_HD19603 |        101 |          0 |       0 |  101 |   224 |      0 |      0 |    0 |         10 |
|               i_mult                                                              |              integer_mulmult_gen_v12_0_16_viv_HD19604 |        101 |          0 |       0 |  101 |   224 |      0 |      0 |    0 |         10 |
|                 gDSP.gDSP_only.iDSP                                               |                                integer_muldsp_HD19605 |        101 |          0 |       0 |  101 |   224 |      0 |      0 |    0 |         10 |
|                   (gDSP.gDSP_only.iDSP)                                           |                                integer_muldsp_HD19605 |          0 |          0 |       0 |    0 |     0 |      0 |      0 |    0 |         10 |
|                   use_prim.appDSP48[3].bppDSP48[0].need_output_delay.output_delay |        integer_muldelay_line__parameterized21_HD19610 |          4 |          0 |       0 |    4 |     6 |      0 |      0 |    0 |          0 |
|                   use_prim.iAdelx[0].iAdely[2].use_delay_line.Adelay              |         integer_muldelay_line__parameterized0_HD19612 |          9 |          0 |       0 |    9 |    17 |      0 |      0 |    0 |          0 |
|                   use_prim.iAdelx[1].iAdely[1].use_delay_line.Adelay              |         integer_muldelay_line__parameterized1_HD19613 |          9 |          0 |       0 |    9 |    17 |      0 |      0 |    0 |          0 |
|                   use_prim.iAdelx[1].iAdely[2].use_delay_line.Adelay              |         integer_muldelay_line__parameterized2_HD19614 |          9 |          0 |       0 |    9 |    17 |      0 |      0 |    0 |          0 |
|                   use_prim.iAdelx[2].iAdely[0].use_delay_line.Adelay              |         integer_muldelay_line__parameterized4_HD19616 |          0 |          0 |       0 |    0 |    17 |      0 |      0 |    0 |          0 |
|                   use_prim.iAdelx[2].iAdely[1].use_delay_line.Adelay              |         integer_muldelay_line__parameterized5_HD19617 |          9 |          0 |       0 |    9 |    17 |      0 |      0 |    0 |          0 |
|                   use_prim.iAdelx[3].iAdely[0].use_delay_line.Adelay              |         integer_muldelay_line__parameterized8_HD19620 |          7 |          0 |       0 |    7 |    13 |      0 |      0 |    0 |          0 |
|                   use_prim.iBdelx[0].iBdely[2].need_delay_line.Bdelay             |       integer_muldelay_line__parameterized0_0_HD19622 |          9 |          0 |       0 |    9 |    17 |      0 |      0 |    0 |          0 |
|                   use_prim.iBdelx[0].iBdely[3].need_delay_line.Bdelay             |        integer_muldelay_line__parameterized10_HD19623 |          9 |          0 |       0 |    9 |    18 |      0 |      0 |    0 |          0 |
|                   use_prim.iBdelx[1].iBdely[0].need_delay_line.Bdelay             |       integer_muldelay_line__parameterized4_1_HD19624 |          0 |          0 |       0 |    0 |    17 |      0 |      0 |    0 |          0 |
|                   use_prim.iBdelx[1].iBdely[1].need_delay_line.Bdelay             |       integer_muldelay_line__parameterized1_2_HD19625 |          9 |          0 |       0 |    9 |    17 |      0 |      0 |    0 |          0 |
|                   use_prim.iBdelx[1].iBdely[2].need_delay_line.Bdelay             |       integer_muldelay_line__parameterized2_3_HD19626 |          9 |          0 |       0 |    9 |    17 |      0 |      0 |    0 |          0 |
|                   use_prim.iBdelx[2].iBdely[1].need_delay_line.Bdelay             |       integer_muldelay_line__parameterized5_5_HD19628 |          9 |          0 |       0 |    9 |    17 |      0 |      0 |    0 |          0 |
|                   use_prim.iBdelx[3].iBdely[0].need_delay_line.Bdelay             |        integer_muldelay_line__parameterized11_HD19630 |          9 |          0 |       0 |    9 |    17 |      0 |      0 |    0 |          0 |
|         g[14].g_normal.alu_i                                                      |                       microop_unit__parameterized6__7 |          6 |          6 |       0 |    0 |     6 |      0 |      0 |    0 |          0 |
|         g[15].g_normal.alu_i                                                      |                          microop_unit__parameterized6 |          6 |          6 |       0 |    0 |     6 |      0 |      0 |    0 |          0 |
|         g[16].g_normal.alu_i                                                      |                          microop_unit__parameterized9 |          6 |          6 |       0 |    0 |    64 |      0 |      0 |    0 |          0 |
|         g[1].g_normal.alu_i                                                       |                                      microop_unit__18 |         64 |         64 |       0 |    0 |    64 |      0 |      0 |    0 |          0 |
|         g[2].g_normal.alu_i                                                       |                      microop_unit__parameterized4__52 |          0 |          0 |       0 |    0 |    64 |      0 |      0 |    0 |          0 |
|         g[3].g_normal.alu_i                                                       |                      microop_unit__parameterized4__53 |          0 |          0 |       0 |    0 |    64 |      0 |      0 |    0 |          0 |
|         g[4].g_normal.alu_i                                                       |                      microop_unit__parameterized4__54 |          0 |          0 |       0 |    0 |    64 |      0 |      0 |    0 |          0 |
|         g[5].g_normal.alu_i                                                       |                      microop_unit__parameterized4__55 |          0 |          0 |       0 |    0 |    64 |      0 |      0 |    0 |          0 |
|         g[6].g_normal.alu_i                                                       |                       microop_unit__parameterized6__5 |         64 |         64 |       0 |    0 |    64 |      0 |      0 |    0 |          0 |
|         g[7].g_normal.alu_i                                                       |                       microop_unit__parameterized6__6 |         64 |         64 |       0 |    0 |    64 |      0 |      0 |    0 |          0 |
|         g[8].g_normal.alu_i                                                       |                          microop_unit__parameterized4 |          0 |          0 |       0 |    0 |    64 |      0 |      0 |    0 |          0 |
|         g[9].g_normal.alu_i                                                       |               microop_unit__parameterized8__xdcDup__3 |        101 |          0 |       0 |  101 |   230 |      0 |      0 |    0 |         10 |
|           (g[9].g_normal.alu_i)                                                   |               microop_unit__parameterized8__xdcDup__3 |          0 |          0 |       0 |    0 |     6 |      0 |      0 |    0 |          0 |
|           g_imul.mul64_ip.mul_i                                                   |                                   integer_mul_HD19570 |        101 |          0 |       0 |  101 |   224 |      0 |      0 |    0 |         10 |
|             U0                                                                    |                  integer_mulmult_gen_v12_0_16_HD19571 |        101 |          0 |       0 |  101 |   224 |      0 |      0 |    0 |         10 |
|               i_mult                                                              |              integer_mulmult_gen_v12_0_16_viv_HD19572 |        101 |          0 |       0 |  101 |   224 |      0 |      0 |    0 |         10 |
|                 gDSP.gDSP_only.iDSP                                               |                                integer_muldsp_HD19573 |        101 |          0 |       0 |  101 |   224 |      0 |      0 |    0 |         10 |
|                   (gDSP.gDSP_only.iDSP)                                           |                                integer_muldsp_HD19573 |          0 |          0 |       0 |    0 |     0 |      0 |      0 |    0 |         10 |
|                   use_prim.appDSP48[3].bppDSP48[0].need_output_delay.output_delay |        integer_muldelay_line__parameterized21_HD19578 |          4 |          0 |       0 |    4 |     6 |      0 |      0 |    0 |          0 |
|                   use_prim.iAdelx[0].iAdely[2].use_delay_line.Adelay              |         integer_muldelay_line__parameterized0_HD19580 |          9 |          0 |       0 |    9 |    17 |      0 |      0 |    0 |          0 |
|                   use_prim.iAdelx[1].iAdely[1].use_delay_line.Adelay              |         integer_muldelay_line__parameterized1_HD19581 |          9 |          0 |       0 |    9 |    17 |      0 |      0 |    0 |          0 |
|                   use_prim.iAdelx[1].iAdely[2].use_delay_line.Adelay              |         integer_muldelay_line__parameterized2_HD19582 |          9 |          0 |       0 |    9 |    17 |      0 |      0 |    0 |          0 |
|                   use_prim.iAdelx[2].iAdely[0].use_delay_line.Adelay              |         integer_muldelay_line__parameterized4_HD19584 |          0 |          0 |       0 |    0 |    17 |      0 |      0 |    0 |          0 |
|                   use_prim.iAdelx[2].iAdely[1].use_delay_line.Adelay              |         integer_muldelay_line__parameterized5_HD19585 |          9 |          0 |       0 |    9 |    17 |      0 |      0 |    0 |          0 |
|                   use_prim.iAdelx[3].iAdely[0].use_delay_line.Adelay              |         integer_muldelay_line__parameterized8_HD19588 |          7 |          0 |       0 |    7 |    13 |      0 |      0 |    0 |          0 |
|                   use_prim.iBdelx[0].iBdely[2].need_delay_line.Bdelay             |       integer_muldelay_line__parameterized0_0_HD19590 |          9 |          0 |       0 |    9 |    17 |      0 |      0 |    0 |          0 |
|                   use_prim.iBdelx[0].iBdely[3].need_delay_line.Bdelay             |        integer_muldelay_line__parameterized10_HD19591 |          9 |          0 |       0 |    9 |    18 |      0 |      0 |    0 |          0 |
|                   use_prim.iBdelx[1].iBdely[0].need_delay_line.Bdelay             |       integer_muldelay_line__parameterized4_1_HD19592 |          0 |          0 |       0 |    0 |    17 |      0 |      0 |    0 |          0 |
|                   use_prim.iBdelx[1].iBdely[1].need_delay_line.Bdelay             |       integer_muldelay_line__parameterized1_2_HD19593 |          9 |          0 |       0 |    9 |    17 |      0 |      0 |    0 |          0 |
|                   use_prim.iBdelx[1].iBdely[2].need_delay_line.Bdelay             |       integer_muldelay_line__parameterized2_3_HD19594 |          9 |          0 |       0 |    9 |    17 |      0 |      0 |    0 |          0 |
|                   use_prim.iBdelx[2].iBdely[1].need_delay_line.Bdelay             |       integer_muldelay_line__parameterized5_5_HD19596 |          9 |          0 |       0 |    9 |    17 |      0 |      0 |    0 |          0 |
|                   use_prim.iBdelx[3].iBdely[0].need_delay_line.Bdelay             |        integer_muldelay_line__parameterized11_HD19598 |          9 |          0 |       0 |    9 |    17 |      0 |      0 |    0 |          0 |
|     glen[25].core_i                                                               |                       uop_block_wrap__parameterized22 |          1 |          1 |       0 |    0 |   160 |      0 |      0 |    0 |          0 |
|       (glen[25].core_i)                                                           |                       uop_block_wrap__parameterized22 |          0 |          0 |       0 |    0 |    64 |      0 |      0 |    0 |          0 |
|       core                                                                        |                            uop_block__parameterized22 |          1 |          1 |       0 |    0 |    96 |      0 |      0 |    0 |          0 |
|         (core)                                                                    |                            uop_block__parameterized22 |          1 |          1 |       0 |    0 |    32 |      0 |      0 |    0 |          0 |
|         g[0].g_normal.alu_i                                                       |                     microop_unit__parameterized10__26 |          0 |          0 |       0 |    0 |    32 |      0 |      0 |    0 |          0 |
|         g[1].g_normal.alu_i                                                       |                     microop_unit__parameterized10__27 |          0 |          0 |       0 |    0 |    32 |      0 |      0 |    0 |          0 |
|     glen[26].core_i                                                               |                       uop_block_wrap__parameterized24 |         31 |         31 |       0 |    0 |   410 |      0 |      0 |    0 |          0 |
|       (glen[26].core_i)                                                           |                       uop_block_wrap__parameterized24 |          0 |          0 |       0 |    0 |    94 |      0 |      0 |    0 |          0 |
|       core                                                                        |                            uop_block__parameterized24 |         31 |         31 |       0 |    0 |   316 |      0 |      0 |    0 |          0 |
|         (core)                                                                    |                            uop_block__parameterized24 |          1 |          1 |       0 |    0 |   126 |      0 |      0 |    0 |          0 |
|         g[0].g_normal.alu_i                                                       |                      microop_unit__parameterized11__7 |          0 |          0 |       0 |    0 |    30 |      0 |      0 |    0 |          0 |
|         g[2].g_normal.alu_i                                                       |              microop_unit__parameterized12__xdcDup__4 |         30 |         30 |       0 |    0 |    64 |      0 |      0 |    0 |          0 |
|           (g[2].g_normal.alu_i)                                                   |              microop_unit__parameterized12__xdcDup__4 |          0 |          0 |       0 |    0 |    32 |      0 |      0 |    0 |          0 |
|           g_iadd.use_ip.u_addsub                                                  |                                integer_addsub_HD19639 |         30 |         30 |       0 |    0 |    32 |      0 |      0 |    0 |          0 |
|             U0                                                                    |               integer_addsubc_addsub_v12_0_14_HD19640 |         30 |         30 |       0 |    0 |    32 |      0 |      0 |    0 |          0 |
|               xst_addsub                                                          |           integer_addsubc_addsub_v12_0_14_viv_HD19641 |         30 |         30 |       0 |    0 |    32 |      0 |      0 |    0 |          0 |
|                 i_baseblox.i_baseblox_addsub                                      |        integer_addsubc_addsub_v12_0_14_legacy_HD19642 |         30 |         30 |       0 |    0 |    32 |      0 |      0 |    0 |          0 |
|                   no_pipelining.the_addsub                                        | integer_addsubc_addsub_v12_0_14_fabric_legacy_HD19643 |         30 |         30 |       0 |    0 |    32 |      0 |      0 |    0 |          0 |
|                     i_lut6.i_lut6_addsub                                          |   integer_addsubc_addsub_v12_0_14_lut6_legacy_HD19644 |         30 |         30 |       0 |    0 |    32 |      0 |      0 |    0 |          0 |
|                       (i_lut6.i_lut6_addsub)                                      |   integer_addsubc_addsub_v12_0_14_lut6_legacy_HD19644 |         30 |         30 |       0 |    0 |     0 |      0 |      0 |    0 |          0 |
|                       i_q.i_simple.qreg                                           |            integer_addsubc_reg_fd_v12_0_6_viv_HD19645 |          0 |          0 |       0 |    0 |    32 |      0 |      0 |    0 |          0 |
|         g[3].g_normal.alu_i                                                       |                      microop_unit__parameterized10__9 |          0 |          0 |       0 |    0 |    32 |      0 |      0 |    0 |          0 |
|         g[4].g_normal.alu_i                                                       |                     microop_unit__parameterized10__10 |          0 |          0 |       0 |    0 |    32 |      0 |      0 |    0 |          0 |
|         g[5].g_normal.alu_i                                                       |                     microop_unit__parameterized10__11 |          0 |          0 |       0 |    0 |    32 |      0 |      0 |    0 |          0 |
|     glen[27].core_i                                                               |                       uop_block_wrap__parameterized25 |        200 |        200 |       0 |    0 |   283 |      0 |      0 |    0 |          0 |
|       (glen[27].core_i)                                                           |                       uop_block_wrap__parameterized25 |          0 |          0 |       0 |    0 |    71 |      0 |      0 |    0 |          0 |
|       core                                                                        |                            uop_block__parameterized25 |        200 |        200 |       0 |    0 |   212 |      0 |      0 |    0 |          0 |
|         (core)                                                                    |                            uop_block__parameterized25 |          1 |          1 |       0 |    0 |    71 |      0 |      0 |    0 |          0 |
|         g[0].g_normal.alu_i                                                       |                      microop_unit__parameterized4__13 |          0 |          0 |       0 |    0 |    64 |      0 |      0 |    0 |          0 |
|         g[1].g_normal.alu_i                                                       |                         microop_unit__parameterized27 |        126 |        126 |       0 |    0 |    63 |      0 |      0 |    0 |          0 |
|         g[2].g_normal.alu_i                                                       |                         microop_unit__parameterized28 |         73 |         73 |       0 |    0 |     7 |      0 |      0 |    0 |          0 |
|         g[3].g_normal.alu_i                                                       |                      microop_unit__parameterized4__14 |          0 |          0 |       0 |    0 |     7 |      0 |      0 |    0 |          0 |
|     glen[28].core_i                                                               |                       uop_block_wrap__parameterized26 |         33 |         33 |       0 |    0 |   224 |      0 |      0 |    0 |          0 |
|       (glen[28].core_i)                                                           |                       uop_block_wrap__parameterized26 |          0 |          0 |       0 |    0 |   128 |      0 |      0 |    0 |          0 |
|       core                                                                        |                            uop_block__parameterized26 |         33 |         33 |       0 |    0 |    96 |      0 |      0 |    0 |          0 |
|         (core)                                                                    |                            uop_block__parameterized26 |          1 |          1 |       0 |    0 |    32 |      0 |      0 |    0 |          0 |
|         g[0].g_normal.alu_i                                                       |                      microop_unit__parameterized13__1 |         32 |         32 |       0 |    0 |    32 |      0 |      0 |    0 |          0 |
|         g[1].g_normal.alu_i                                                       |                      microop_unit__parameterized11__6 |          0 |          0 |       0 |    0 |    32 |      0 |      0 |    0 |          0 |
|     glen[29].core_i                                                               |                       uop_block_wrap__parameterized27 |         33 |         33 |       0 |    0 |   192 |      0 |      0 |    0 |          0 |
|       (glen[29].core_i)                                                           |                       uop_block_wrap__parameterized27 |          0 |          0 |       0 |    0 |    96 |      0 |      0 |    0 |          0 |
|       core                                                                        |                            uop_block__parameterized27 |         33 |         33 |       0 |    0 |    96 |      0 |      0 |    0 |          0 |
|         (core)                                                                    |                            uop_block__parameterized27 |          1 |          1 |       0 |    0 |    32 |      0 |      0 |    0 |          0 |
|         g[0].g_normal.alu_i                                                       |                                       microop_unit__5 |         32 |         32 |       0 |    0 |    32 |      0 |      0 |    0 |          0 |
|         g[1].g_normal.alu_i                                                       |                     microop_unit__parameterized10__28 |          0 |          0 |       0 |    0 |    32 |      0 |      0 |    0 |          0 |
|     glen[2].core_i                                                                |                        uop_block_wrap__parameterized1 |          1 |          1 |       0 |    0 |    12 |      0 |      0 |    0 |          0 |
|       (glen[2].core_i)                                                            |                        uop_block_wrap__parameterized1 |          0 |          0 |       0 |    0 |     8 |      0 |      0 |    0 |          0 |
|       core                                                                        |                             uop_block__parameterized1 |          1 |          1 |       0 |    0 |     4 |      0 |      0 |    0 |          0 |
|         (core)                                                                    |                             uop_block__parameterized1 |          1 |          1 |       0 |    0 |     0 |      0 |      0 |    0 |          0 |
|         g[1].g_normal.alu_i                                                       |                       microop_unit__parameterized3__4 |          0 |          0 |       0 |    0 |     4 |      0 |      0 |    0 |          0 |
|     glen[30].core_i                                                               |                       uop_block_wrap__parameterized28 |        123 |        123 |       0 |    0 |   560 |      0 |      0 |    0 |          0 |
|       (glen[30].core_i)                                                           |                       uop_block_wrap__parameterized28 |          0 |          0 |       0 |    0 |    96 |      0 |      0 |    0 |          0 |
|       core                                                                        |                            uop_block__parameterized28 |        123 |        123 |       0 |    0 |   464 |      0 |      0 |    0 |          0 |
|         (core)                                                                    |                            uop_block__parameterized28 |          1 |          1 |       0 |    0 |   168 |      0 |      0 |    0 |          0 |
|         g[0].g_normal.alu_i                                                       |                                       microop_unit__2 |         32 |         32 |       0 |    0 |    26 |      0 |      0 |    0 |          0 |
|         g[2].g_normal.alu_i                                                       |                      microop_unit__parameterized11__4 |          0 |          0 |       0 |    0 |    26 |      0 |      0 |    0 |          0 |
|         g[3].g_normal.alu_i                                                       |                      microop_unit__parameterized10__7 |          0 |          0 |       0 |    0 |    26 |      0 |      0 |    0 |          0 |
|         g[4].g_normal.alu_i                                                       |                      microop_unit__parameterized11__5 |          0 |          0 |       0 |    0 |    26 |      0 |      0 |    0 |          0 |
|         g[5].g_normal.alu_i                                                       |              microop_unit__parameterized12__xdcDup__5 |         26 |         26 |       0 |    0 |    64 |      0 |      0 |    0 |          0 |
|           (g[5].g_normal.alu_i)                                                   |              microop_unit__parameterized12__xdcDup__5 |          0 |          0 |       0 |    0 |    32 |      0 |      0 |    0 |          0 |
|           g_iadd.use_ip.u_addsub                                                  |                                integer_addsub_HD19646 |         26 |         26 |       0 |    0 |    32 |      0 |      0 |    0 |          0 |
|             U0                                                                    |               integer_addsubc_addsub_v12_0_14_HD19647 |         26 |         26 |       0 |    0 |    32 |      0 |      0 |    0 |          0 |
|               xst_addsub                                                          |           integer_addsubc_addsub_v12_0_14_viv_HD19648 |         26 |         26 |       0 |    0 |    32 |      0 |      0 |    0 |          0 |
|                 i_baseblox.i_baseblox_addsub                                      |        integer_addsubc_addsub_v12_0_14_legacy_HD19649 |         26 |         26 |       0 |    0 |    32 |      0 |      0 |    0 |          0 |
|                   no_pipelining.the_addsub                                        | integer_addsubc_addsub_v12_0_14_fabric_legacy_HD19650 |         26 |         26 |       0 |    0 |    32 |      0 |      0 |    0 |          0 |
|                     i_lut6.i_lut6_addsub                                          |   integer_addsubc_addsub_v12_0_14_lut6_legacy_HD19651 |         26 |         26 |       0 |    0 |    32 |      0 |      0 |    0 |          0 |
|                       (i_lut6.i_lut6_addsub)                                      |   integer_addsubc_addsub_v12_0_14_lut6_legacy_HD19651 |         26 |         26 |       0 |    0 |     0 |      0 |      0 |    0 |          0 |
|                       i_q.i_simple.qreg                                           |            integer_addsubc_reg_fd_v12_0_6_viv_HD19652 |          0 |          0 |       0 |    0 |    32 |      0 |      0 |    0 |          0 |
|         g[6].g_normal.alu_i                                                       |                         microop_unit__parameterized12 |         32 |         32 |       0 |    0 |    64 |      0 |      0 |    0 |          0 |
|           (g[6].g_normal.alu_i)                                                   |                         microop_unit__parameterized12 |          0 |          0 |       0 |    0 |    32 |      0 |      0 |    0 |          0 |
|           g_iadd.use_ip.u_addsub                                                  |                                integer_addsub_HD19653 |         32 |         32 |       0 |    0 |    32 |      0 |      0 |    0 |          0 |
|             U0                                                                    |               integer_addsubc_addsub_v12_0_14_HD19654 |         32 |         32 |       0 |    0 |    32 |      0 |      0 |    0 |          0 |
|               xst_addsub                                                          |           integer_addsubc_addsub_v12_0_14_viv_HD19655 |         32 |         32 |       0 |    0 |    32 |      0 |      0 |    0 |          0 |
|                 i_baseblox.i_baseblox_addsub                                      |        integer_addsubc_addsub_v12_0_14_legacy_HD19656 |         32 |         32 |       0 |    0 |    32 |      0 |      0 |    0 |          0 |
|                   no_pipelining.the_addsub                                        | integer_addsubc_addsub_v12_0_14_fabric_legacy_HD19657 |         32 |         32 |       0 |    0 |    32 |      0 |      0 |    0 |          0 |
|                     i_lut6.i_lut6_addsub                                          |   integer_addsubc_addsub_v12_0_14_lut6_legacy_HD19658 |         32 |         32 |       0 |    0 |    32 |      0 |      0 |    0 |          0 |
|                       (i_lut6.i_lut6_addsub)                                      |   integer_addsubc_addsub_v12_0_14_lut6_legacy_HD19658 |         32 |         32 |       0 |    0 |     0 |      0 |      0 |    0 |          0 |
|                       i_q.i_simple.qreg                                           |            integer_addsubc_reg_fd_v12_0_6_viv_HD19659 |          0 |          0 |       0 |    0 |    32 |      0 |      0 |    0 |          0 |
|         g[7].g_normal.alu_i                                                       |                      microop_unit__parameterized15__2 |         32 |         32 |       0 |    0 |    32 |      0 |      0 |    0 |          0 |
|         g[8].g_normal.alu_i                                                       |                      microop_unit__parameterized10__8 |          0 |          0 |       0 |    0 |    32 |      0 |      0 |    0 |          0 |
|     glen[31].core_i                                                               |                    uop_block_wrap__parameterized22__3 |          1 |          1 |       0 |    0 |   160 |      0 |      0 |    0 |          0 |
|       (glen[31].core_i)                                                           |                    uop_block_wrap__parameterized22__3 |          0 |          0 |       0 |    0 |    64 |      0 |      0 |    0 |          0 |
|       core                                                                        |                         uop_block__parameterized22__3 |          1 |          1 |       0 |    0 |    96 |      0 |      0 |    0 |          0 |
|         (core)                                                                    |                         uop_block__parameterized22__3 |          1 |          1 |       0 |    0 |    32 |      0 |      0 |    0 |          0 |
|         g[0].g_normal.alu_i                                                       |                     microop_unit__parameterized10__42 |          0 |          0 |       0 |    0 |    32 |      0 |      0 |    0 |          0 |
|         g[1].g_normal.alu_i                                                       |                     microop_unit__parameterized10__41 |          0 |          0 |       0 |    0 |    32 |      0 |      0 |    0 |          0 |
|     glen[32].core_i                                                               |                       uop_block_wrap__parameterized29 |          1 |          1 |       0 |    0 |    24 |      0 |      0 |    0 |          0 |
|       (glen[32].core_i)                                                           |                       uop_block_wrap__parameterized29 |          0 |          0 |       0 |    0 |    12 |      0 |      0 |    0 |          0 |
|       core                                                                        |                            uop_block__parameterized29 |          1 |          1 |       0 |    0 |    12 |      0 |      0 |    0 |          0 |
|         (core)                                                                    |                            uop_block__parameterized29 |          1 |          1 |       0 |    0 |     0 |      0 |      0 |    0 |          0 |
|         g[0].g_normal.alu_i                                                       |                      microop_unit__parameterized10__6 |          0 |          0 |       0 |    0 |     6 |      0 |      0 |    0 |          0 |
|         g[2].g_normal.alu_i                                                       |                       microop_unit__parameterized3__3 |          0 |          0 |       0 |    0 |     6 |      0 |      0 |    0 |          0 |
|     glen[33].core_i                                                               |                    uop_block_wrap__parameterized30__2 |          1 |          1 |       0 |    0 |   320 |      0 |      0 |    0 |          0 |
|       (glen[33].core_i)                                                           |                    uop_block_wrap__parameterized30__2 |          0 |          0 |       0 |    0 |   128 |      0 |      0 |    0 |          0 |
|       core                                                                        |                         uop_block__parameterized30__2 |          1 |          1 |       0 |    0 |   192 |      0 |      0 |    0 |          0 |
|         (core)                                                                    |                         uop_block__parameterized30__2 |          1 |          1 |       0 |    0 |    64 |      0 |      0 |    0 |          0 |
|         g[0].g_normal.alu_i                                                       |                      microop_unit__parameterized4__29 |          0 |          0 |       0 |    0 |    64 |      0 |      0 |    0 |          0 |
|         g[1].g_normal.alu_i                                                       |                      microop_unit__parameterized4__28 |          0 |          0 |       0 |    0 |    64 |      0 |      0 |    0 |          0 |
|     glen[34].core_i                                                               |                    uop_block_wrap__parameterized30__1 |          1 |          1 |       0 |    0 |   320 |      0 |      0 |    0 |          0 |
|       (glen[34].core_i)                                                           |                    uop_block_wrap__parameterized30__1 |          0 |          0 |       0 |    0 |   128 |      0 |      0 |    0 |          0 |
|       core                                                                        |                         uop_block__parameterized30__1 |          1 |          1 |       0 |    0 |   192 |      0 |      0 |    0 |          0 |
|         (core)                                                                    |                         uop_block__parameterized30__1 |          1 |          1 |       0 |    0 |    64 |      0 |      0 |    0 |          0 |
|         g[0].g_normal.alu_i                                                       |                       microop_unit__parameterized4__4 |          0 |          0 |       0 |    0 |    64 |      0 |      0 |    0 |          0 |
|         g[1].g_normal.alu_i                                                       |                       microop_unit__parameterized4__5 |          0 |          0 |       0 |    0 |    64 |      0 |      0 |    0 |          0 |
|     glen[35].core_i                                                               |                       uop_block_wrap__parameterized20 |          1 |          1 |       0 |    0 |   192 |      0 |      0 |    0 |          0 |
|       (glen[35].core_i)                                                           |                       uop_block_wrap__parameterized20 |          0 |          0 |       0 |    0 |    96 |      0 |      0 |    0 |          0 |
|       core                                                                        |                            uop_block__parameterized20 |          1 |          1 |       0 |    0 |    96 |      0 |      0 |    0 |          0 |
|         (core)                                                                    |                            uop_block__parameterized20 |          1 |          1 |       0 |    0 |    32 |      0 |      0 |    0 |          0 |
|         g[0].g_normal.alu_i                                                       |                     microop_unit__parameterized11__12 |          0 |          0 |       0 |    0 |    32 |      0 |      0 |    0 |          0 |
|         g[1].g_normal.alu_i                                                       |                     microop_unit__parameterized11__13 |          0 |          0 |       0 |    0 |    32 |      0 |      0 |    0 |          0 |
|     glen[36].core_i                                                               |                    uop_block_wrap__parameterized31__1 |         65 |         65 |       0 |    0 |   384 |      0 |      0 |    0 |          0 |
|       (glen[36].core_i)                                                           |                    uop_block_wrap__parameterized31__1 |          0 |          0 |       0 |    0 |   192 |      0 |      0 |    0 |          0 |
|       core                                                                        |                         uop_block__parameterized31__1 |         65 |         65 |       0 |    0 |   192 |      0 |      0 |    0 |          0 |
|         (core)                                                                    |                         uop_block__parameterized31__1 |          1 |          1 |       0 |    0 |    64 |      0 |      0 |    0 |          0 |
|         g[0].g_normal.alu_i                                                       |                                       microop_unit__1 |         64 |         64 |       0 |    0 |    64 |      0 |      0 |    0 |          0 |
|         g[1].g_normal.alu_i                                                       |                       microop_unit__parameterized4__3 |          0 |          0 |       0 |    0 |    64 |      0 |      0 |    0 |          0 |
|     glen[37].core_i                                                               |                       uop_block_wrap__parameterized32 |        193 |        193 |       0 |    0 |  1216 |      0 |      0 |    0 |          0 |
|       (glen[37].core_i)                                                           |                       uop_block_wrap__parameterized32 |          0 |          0 |       0 |    0 |   192 |      0 |      0 |    0 |          0 |
|       core                                                                        |                            uop_block__parameterized32 |        193 |        193 |       0 |    0 |  1024 |      0 |      0 |    0 |          0 |
|         (core)                                                                    |                            uop_block__parameterized32 |          1 |          1 |       0 |    0 |   448 |      0 |      0 |    0 |          0 |
|         g[0].g_normal.alu_i                                                       |                      microop_unit__parameterized4__31 |          0 |          0 |       0 |    0 |    64 |      0 |      0 |    0 |          0 |
|         g[1].g_normal.alu_i                                                       |                                      microop_unit__11 |         64 |         64 |       0 |    0 |    64 |      0 |      0 |    0 |          0 |
|         g[2].g_normal.alu_i                                                       |                      microop_unit__parameterized4__32 |          0 |          0 |       0 |    0 |    64 |      0 |      0 |    0 |          0 |
|         g[3].g_normal.alu_i                                                       |                      microop_unit__parameterized4__33 |          0 |          0 |       0 |    0 |    64 |      0 |      0 |    0 |          0 |
|         g[4].g_normal.alu_i                                                       |                      microop_unit__parameterized18__4 |         64 |         64 |       0 |    0 |    64 |      0 |      0 |    0 |          0 |
|         g[5].g_normal.alu_i                                                       |                      microop_unit__parameterized4__34 |          0 |          0 |       0 |    0 |    64 |      0 |      0 |    0 |          0 |
|         g[6].g_normal.alu_i                                                       |                      microop_unit__parameterized4__35 |          0 |          0 |       0 |    0 |    64 |      0 |      0 |    0 |          0 |
|         g[7].g_normal.alu_i                                                       |                      microop_unit__parameterized18__5 |         64 |         64 |       0 |    0 |    64 |      0 |      0 |    0 |          0 |
|         g[8].g_normal.alu_i                                                       |                      microop_unit__parameterized4__36 |          0 |          0 |       0 |    0 |    64 |      0 |      0 |    0 |          0 |
|     glen[38].core_i                                                               |                       uop_block_wrap__parameterized33 |          1 |          1 |       0 |    0 |   256 |      0 |      0 |    0 |          0 |
|       (glen[38].core_i)                                                           |                       uop_block_wrap__parameterized33 |          0 |          0 |       0 |    0 |   128 |      0 |      0 |    0 |          0 |
|       core                                                                        |                            uop_block__parameterized33 |          1 |          1 |       0 |    0 |   128 |      0 |      0 |    0 |          0 |
|         (core)                                                                    |                            uop_block__parameterized33 |          1 |          1 |       0 |    0 |     0 |      0 |      0 |    0 |          0 |
|         g[0].g_normal.alu_i                                                       |                       microop_unit__parameterized4__1 |          0 |          0 |       0 |    0 |    64 |      0 |      0 |    0 |          0 |
|         g[1].g_normal.alu_i                                                       |                       microop_unit__parameterized4__2 |          0 |          0 |       0 |    0 |    64 |      0 |      0 |    0 |          0 |
|     glen[39].core_i                                                               |                       uop_block_wrap__parameterized34 |          1 |          1 |       0 |    0 |   154 |      0 |      0 |    0 |          0 |
|       (glen[39].core_i)                                                           |                       uop_block_wrap__parameterized34 |          0 |          0 |       0 |    0 |    93 |      0 |      0 |    0 |          0 |
|       core                                                                        |                            uop_block__parameterized34 |          1 |          1 |       0 |    0 |    61 |      0 |      0 |    0 |          0 |
|         (core)                                                                    |                            uop_block__parameterized34 |          1 |          1 |       0 |    0 |     0 |      0 |      0 |    0 |          0 |
|         g[0].g_normal.alu_i                                                       |                     microop_unit__parameterized10__46 |          0 |          0 |       0 |    0 |    29 |      0 |      0 |    0 |          0 |
|         g[2].g_normal.alu_i                                                       |                         microop_unit__parameterized29 |          0 |          0 |       0 |    0 |    32 |      0 |      0 |    0 |          0 |
|     glen[3].core_i                                                                |                        uop_block_wrap__parameterized2 |        954 |        853 |       0 |  101 |  1388 |      0 |      0 |    0 |         10 |
|       (glen[3].core_i)                                                            |                        uop_block_wrap__parameterized2 |          0 |          0 |       0 |    0 |   198 |      0 |      0 |    0 |          0 |
|       core                                                                        |                             uop_block__parameterized2 |        954 |        853 |       0 |  101 |  1190 |      0 |      0 |    0 |         10 |
|         (core)                                                                    |                             uop_block__parameterized2 |          1 |          1 |       0 |    0 |   320 |      0 |      0 |    0 |          0 |
|         g[0].g_normal.alu_i                                                       |                      microop_unit__parameterized4__10 |          0 |          0 |       0 |    0 |    64 |      0 |      0 |    0 |          0 |
|         g[10].g_normal.alu_i                                                      |                       microop_unit__parameterized7__2 |        147 |        147 |       0 |    0 |    64 |      0 |      0 |    0 |          0 |
|         g[11].g_normal.alu_i                                                      |                       microop_unit__parameterized9__1 |         64 |         64 |       0 |    0 |    64 |      0 |      0 |    0 |          0 |
|         g[1].g_normal.alu_i                                                       |                                       microop_unit__4 |         64 |         64 |       0 |    0 |    64 |      0 |      0 |    0 |          0 |
|         g[2].g_normal.alu_i                                                       |                       microop_unit__parameterized5__2 |        171 |        171 |       0 |    0 |    64 |      0 |      0 |    0 |          0 |
|         g[3].g_normal.alu_i                                                       |                      microop_unit__parameterized4__11 |          0 |          0 |       0 |    0 |    64 |      0 |      0 |    0 |          0 |
|         g[4].g_normal.alu_i                                                       |                       microop_unit__parameterized6__3 |         64 |         64 |       0 |    0 |    64 |      0 |      0 |    0 |          0 |
|         g[5].g_normal.alu_i                                                       |                          microop_unit__parameterized5 |        171 |        171 |       0 |    0 |    64 |      0 |      0 |    0 |          0 |
|         g[6].g_normal.alu_i                                                       |                      microop_unit__parameterized4__12 |          0 |          0 |       0 |    0 |    64 |      0 |      0 |    0 |          0 |
|         g[7].g_normal.alu_i                                                       |                       microop_unit__parameterized7__1 |        171 |        171 |       0 |    0 |    64 |      0 |      0 |    0 |          0 |
|         g[8].g_normal.alu_i                                                       |               microop_unit__parameterized8__xdcDup__1 |        101 |          0 |       0 |  101 |   230 |      0 |      0 |    0 |         10 |
|           (g[8].g_normal.alu_i)                                                   |               microop_unit__parameterized8__xdcDup__1 |          0 |          0 |       0 |    0 |     6 |      0 |      0 |    0 |          0 |
|           g_imul.mul64_ip.mul_i                                                   |                                           integer_mul |        101 |          0 |       0 |  101 |   224 |      0 |      0 |    0 |         10 |
|             U0                                                                    |                          integer_mulmult_gen_v12_0_16 |        101 |          0 |       0 |  101 |   224 |      0 |      0 |    0 |         10 |
|               i_mult                                                              |                      integer_mulmult_gen_v12_0_16_viv |        101 |          0 |       0 |  101 |   224 |      0 |      0 |    0 |         10 |
|                 gDSP.gDSP_only.iDSP                                               |                                        integer_muldsp |        101 |          0 |       0 |  101 |   224 |      0 |      0 |    0 |         10 |
|                   (gDSP.gDSP_only.iDSP)                                           |                                        integer_muldsp |          0 |          0 |       0 |    0 |     0 |      0 |      0 |    0 |         10 |
|                   use_prim.appDSP48[3].bppDSP48[0].need_output_delay.output_delay |                integer_muldelay_line__parameterized21 |          4 |          0 |       0 |    4 |     6 |      0 |      0 |    0 |          0 |
|                   use_prim.iAdelx[0].iAdely[2].use_delay_line.Adelay              |                 integer_muldelay_line__parameterized0 |          9 |          0 |       0 |    9 |    17 |      0 |      0 |    0 |          0 |
|                   use_prim.iAdelx[1].iAdely[1].use_delay_line.Adelay              |                 integer_muldelay_line__parameterized1 |          9 |          0 |       0 |    9 |    17 |      0 |      0 |    0 |          0 |
|                   use_prim.iAdelx[1].iAdely[2].use_delay_line.Adelay              |                 integer_muldelay_line__parameterized2 |          9 |          0 |       0 |    9 |    17 |      0 |      0 |    0 |          0 |
|                   use_prim.iAdelx[2].iAdely[0].use_delay_line.Adelay              |                 integer_muldelay_line__parameterized4 |          0 |          0 |       0 |    0 |    17 |      0 |      0 |    0 |          0 |
|                   use_prim.iAdelx[2].iAdely[1].use_delay_line.Adelay              |                 integer_muldelay_line__parameterized5 |          9 |          0 |       0 |    9 |    17 |      0 |      0 |    0 |          0 |
|                   use_prim.iAdelx[3].iAdely[0].use_delay_line.Adelay              |                 integer_muldelay_line__parameterized8 |          7 |          0 |       0 |    7 |    13 |      0 |      0 |    0 |          0 |
|                   use_prim.iBdelx[0].iBdely[2].need_delay_line.Bdelay             |               integer_muldelay_line__parameterized0_0 |          9 |          0 |       0 |    9 |    17 |      0 |      0 |    0 |          0 |
|                   use_prim.iBdelx[0].iBdely[3].need_delay_line.Bdelay             |                integer_muldelay_line__parameterized10 |          9 |          0 |       0 |    9 |    18 |      0 |      0 |    0 |          0 |
|                   use_prim.iBdelx[1].iBdely[0].need_delay_line.Bdelay             |               integer_muldelay_line__parameterized4_1 |          0 |          0 |       0 |    0 |    17 |      0 |      0 |    0 |          0 |
|                   use_prim.iBdelx[1].iBdely[1].need_delay_line.Bdelay             |               integer_muldelay_line__parameterized1_2 |          9 |          0 |       0 |    9 |    17 |      0 |      0 |    0 |          0 |
|                   use_prim.iBdelx[1].iBdely[2].need_delay_line.Bdelay             |               integer_muldelay_line__parameterized2_3 |          9 |          0 |       0 |    9 |    17 |      0 |      0 |    0 |          0 |
|                   use_prim.iBdelx[2].iBdely[1].need_delay_line.Bdelay             |               integer_muldelay_line__parameterized5_5 |          9 |          0 |       0 |    9 |    17 |      0 |      0 |    0 |          0 |
|                   use_prim.iBdelx[3].iBdely[0].need_delay_line.Bdelay             |                integer_muldelay_line__parameterized11 |          9 |          0 |       0 |    9 |    17 |      0 |      0 |    0 |          0 |
|     glen[40].core_i                                                               |                     uop_block_wrap__parameterized9__1 |          1 |          1 |       0 |    0 |    12 |      0 |      0 |    0 |          0 |
|       (glen[40].core_i)                                                           |                     uop_block_wrap__parameterized9__1 |          0 |          0 |       0 |    0 |     6 |      0 |      0 |    0 |          0 |
|       core                                                                        |                          uop_block__parameterized9__1 |          1 |          1 |       0 |    0 |     6 |      0 |      0 |    0 |          0 |
|         (core)                                                                    |                          uop_block__parameterized9__1 |          1 |          1 |       0 |    0 |     0 |      0 |      0 |    0 |          0 |
|         g[0].g_normal.alu_i                                                       |                      microop_unit__parameterized10__5 |          0 |          0 |       0 |    0 |     3 |      0 |      0 |    0 |          0 |
|         g[1].g_normal.alu_i                                                       |                       microop_unit__parameterized3__2 |          0 |          0 |       0 |    0 |     3 |      0 |      0 |    0 |          0 |
|     glen[41].core_i                                                               |                       uop_block_wrap__parameterized35 |          1 |          1 |       0 |    0 |    96 |      0 |      0 |    0 |          0 |
|       (glen[41].core_i)                                                           |                       uop_block_wrap__parameterized35 |          0 |          0 |       0 |    0 |    64 |      0 |      0 |    0 |          0 |
|       core                                                                        |                            uop_block__parameterized35 |          1 |          1 |       0 |    0 |    32 |      0 |      0 |    0 |          0 |
|         (core)                                                                    |                            uop_block__parameterized35 |          1 |          1 |       0 |    0 |     0 |      0 |      0 |    0 |          0 |
|         g[4].g_normal.alu_i                                                       |                      microop_unit__parameterized19__1 |          0 |          0 |       0 |    0 |    32 |      0 |      0 |    0 |          0 |
|     glen[42].core_i                                                               |                    uop_block_wrap__parameterized20__2 |          1 |          1 |       0 |    0 |   192 |      0 |      0 |    0 |          0 |
|       (glen[42].core_i)                                                           |                    uop_block_wrap__parameterized20__2 |          0 |          0 |       0 |    0 |    96 |      0 |      0 |    0 |          0 |
|       core                                                                        |                         uop_block__parameterized20__2 |          1 |          1 |       0 |    0 |    96 |      0 |      0 |    0 |          0 |
|         (core)                                                                    |                         uop_block__parameterized20__2 |          1 |          1 |       0 |    0 |    32 |      0 |      0 |    0 |          0 |
|         g[0].g_normal.alu_i                                                       |                      microop_unit__parameterized11__2 |          0 |          0 |       0 |    0 |    32 |      0 |      0 |    0 |          0 |
|         g[1].g_normal.alu_i                                                       |                      microop_unit__parameterized11__3 |          0 |          0 |       0 |    0 |    32 |      0 |      0 |    0 |          0 |
|     glen[43].core_i                                                               |                       uop_block_wrap__parameterized36 |         97 |         97 |       0 |    0 |   199 |      0 |      0 |    0 |          0 |
|       (glen[43].core_i)                                                           |                       uop_block_wrap__parameterized36 |          0 |          0 |       0 |    0 |    96 |      0 |      0 |    0 |          0 |
|       core                                                                        |                            uop_block__parameterized36 |         97 |         97 |       0 |    0 |   103 |      0 |      0 |    0 |          0 |
|         (core)                                                                    |                            uop_block__parameterized36 |          1 |          1 |       0 |    0 |     3 |      0 |      0 |    0 |          0 |
|         g[0].g_normal.alu_i                                                       |                                      microop_unit__12 |         32 |         32 |       0 |    0 |     1 |      0 |      0 |    0 |          0 |
|         g[1].g_normal.alu_i                                                       |                     microop_unit__parameterized10__48 |          0 |          0 |       0 |    0 |     1 |      0 |      0 |    0 |          0 |
|         g[2].g_normal.alu_i                                                       |                     microop_unit__parameterized10__49 |          0 |          0 |       0 |    0 |     1 |      0 |      0 |    0 |          0 |
|         g[3].g_normal.alu_i                                                       |                     microop_unit__parameterized10__50 |          0 |          0 |       0 |    0 |     1 |      0 |      0 |    0 |          0 |
|         g[5].g_normal.alu_i                                                       |                      microop_unit__parameterized23__5 |         32 |         32 |       0 |    0 |    32 |      0 |      0 |    0 |          0 |
|         g[6].g_normal.alu_i                                                       |                      microop_unit__parameterized15__8 |         32 |         32 |       0 |    0 |    32 |      0 |      0 |    0 |          0 |
|         g[7].g_normal.alu_i                                                       |                     microop_unit__parameterized10__51 |          0 |          0 |       0 |    0 |    32 |      0 |      0 |    0 |          0 |
|     glen[44].core_i                                                               |                       uop_block_wrap__parameterized37 |         65 |         65 |       0 |    0 |   164 |      0 |      0 |    0 |          0 |
|       (glen[44].core_i)                                                           |                       uop_block_wrap__parameterized37 |          0 |          0 |       0 |    0 |    65 |      0 |      0 |    0 |          0 |
|       core                                                                        |                            uop_block__parameterized37 |         65 |         65 |       0 |    0 |    99 |      0 |      0 |    0 |          0 |
|         (core)                                                                    |                            uop_block__parameterized37 |          1 |          1 |       0 |    0 |    33 |      0 |      0 |    0 |          0 |
|         g[0].g_normal.alu_i                                                       |                      microop_unit__parameterized10__3 |          0 |          0 |       0 |    0 |     1 |      0 |      0 |    0 |          0 |
|         g[1].g_normal.alu_i                                                       |                      microop_unit__parameterized10__4 |          0 |          0 |       0 |    0 |     1 |      0 |      0 |    0 |          0 |
|         g[3].g_normal.alu_i                                                       |                      microop_unit__parameterized23__1 |         32 |         32 |       0 |    0 |    32 |      0 |      0 |    0 |          0 |
|         g[4].g_normal.alu_i                                                       |                      microop_unit__parameterized15__1 |         32 |         32 |       0 |    0 |    32 |      0 |      0 |    0 |          0 |
|     glen[45].core_i                                                               |                       uop_block_wrap__parameterized38 |        321 |        321 |       0 |    0 |  1280 |      0 |      0 |    0 |          0 |
|       (glen[45].core_i)                                                           |                       uop_block_wrap__parameterized38 |          0 |          0 |       0 |    0 |   192 |      0 |      0 |    0 |          0 |
|       core                                                                        |                            uop_block__parameterized38 |        321 |        321 |       0 |    0 |  1088 |      0 |      0 |    0 |          0 |
|         (core)                                                                    |                            uop_block__parameterized38 |          1 |          1 |       0 |    0 |   448 |      0 |      0 |    0 |          0 |
|         g[0].g_normal.alu_i                                                       |                      microop_unit__parameterized4__37 |          0 |          0 |       0 |    0 |    64 |      0 |      0 |    0 |          0 |
|         g[1].g_normal.alu_i                                                       |                       microop_unit__parameterized9__5 |         64 |         64 |       0 |    0 |    64 |      0 |      0 |    0 |          0 |
|         g[2].g_normal.alu_i                                                       |                      microop_unit__parameterized4__38 |          0 |          0 |       0 |    0 |    64 |      0 |      0 |    0 |          0 |
|         g[3].g_normal.alu_i                                                       |                       microop_unit__parameterized9__6 |         64 |         64 |       0 |    0 |    64 |      0 |      0 |    0 |          0 |
|         g[4].g_normal.alu_i                                                       |                      microop_unit__parameterized4__39 |          0 |          0 |       0 |    0 |    64 |      0 |      0 |    0 |          0 |
|         g[5].g_normal.alu_i                                                       |                       microop_unit__parameterized9__7 |         64 |         64 |       0 |    0 |    64 |      0 |      0 |    0 |          0 |
|         g[6].g_normal.alu_i                                                       |                       microop_unit__parameterized9__8 |         64 |         64 |       0 |    0 |    64 |      0 |      0 |    0 |          0 |
|         g[7].g_normal.alu_i                                                       |                       microop_unit__parameterized9__9 |         64 |         64 |       0 |    0 |    64 |      0 |      0 |    0 |          0 |
|         g[8].g_normal.alu_i                                                       |                      microop_unit__parameterized4__40 |          0 |          0 |       0 |    0 |    64 |      0 |      0 |    0 |          0 |
|         g[9].g_normal.alu_i                                                       |                      microop_unit__parameterized4__41 |          0 |          0 |       0 |    0 |    64 |      0 |      0 |    0 |          0 |
|     glen[46].core_i                                                               |                       uop_block_wrap__parameterized39 |         65 |         65 |       0 |    0 |   256 |      0 |      0 |    0 |          0 |
|       (glen[46].core_i)                                                           |                       uop_block_wrap__parameterized39 |          0 |          0 |       0 |    0 |   160 |      0 |      0 |    0 |          0 |
|       core                                                                        |                            uop_block__parameterized39 |         65 |         65 |       0 |    0 |    96 |      0 |      0 |    0 |          0 |
|         (core)                                                                    |                            uop_block__parameterized39 |          1 |          1 |       0 |    0 |     0 |      0 |      0 |    0 |          0 |
|         g[0].g_normal.alu_i                                                       |                      microop_unit__parameterized11__1 |          0 |          0 |       0 |    0 |    32 |      0 |      0 |    0 |          0 |
|         g[1].g_normal.alu_i                                                       |                      microop_unit__parameterized18__1 |         64 |         64 |       0 |    0 |    64 |      0 |      0 |    0 |          0 |
|     glen[47].core_i                                                               |                       uop_block_wrap__parameterized40 |         65 |         65 |       0 |    0 |   320 |      0 |      0 |    0 |          0 |
|       (glen[47].core_i)                                                           |                       uop_block_wrap__parameterized40 |          0 |          0 |       0 |    0 |   192 |      0 |      0 |    0 |          0 |
|       core                                                                        |                            uop_block__parameterized40 |         65 |         65 |       0 |    0 |   128 |      0 |      0 |    0 |          0 |
|         (core)                                                                    |                            uop_block__parameterized40 |          1 |          1 |       0 |    0 |     0 |      0 |      0 |    0 |          0 |
|         g[0].g_normal.alu_i                                                       |                      microop_unit__parameterized9__10 |         64 |         64 |       0 |    0 |    64 |      0 |      0 |    0 |          0 |
|         g[1].g_normal.alu_i                                                       |                      microop_unit__parameterized4__42 |          0 |          0 |       0 |    0 |    64 |      0 |      0 |    0 |          0 |
|     glen[48].core_i                                                               |                       uop_block_wrap__parameterized41 |          1 |          1 |       0 |    0 |    36 |      0 |      0 |    0 |          0 |
|       (glen[48].core_i)                                                           |                       uop_block_wrap__parameterized41 |          0 |          0 |       0 |    0 |    12 |      0 |      0 |    0 |          0 |
|       core                                                                        |                            uop_block__parameterized41 |          1 |          1 |       0 |    0 |    24 |      0 |      0 |    0 |          0 |
|         (core)                                                                    |                            uop_block__parameterized41 |          1 |          1 |       0 |    0 |     6 |      0 |      0 |    0 |          0 |
|         g[0].g_normal.alu_i                                                       |                      microop_unit__parameterized10__1 |          0 |          0 |       0 |    0 |     6 |      0 |      0 |    0 |          0 |
|         g[2].g_normal.alu_i                                                       |                       microop_unit__parameterized3__1 |          0 |          0 |       0 |    0 |     6 |      0 |      0 |    0 |          0 |
|         g[3].g_normal.alu_i                                                       |                      microop_unit__parameterized10__2 |          0 |          0 |       0 |    0 |     6 |      0 |      0 |    0 |          0 |
|     glen[49].core_i                                                               |                       uop_block_wrap__parameterized42 |          1 |          1 |       0 |    0 |    12 |      0 |      0 |    0 |          0 |
|       (glen[49].core_i)                                                           |                       uop_block_wrap__parameterized42 |          0 |          0 |       0 |    0 |     6 |      0 |      0 |    0 |          0 |
|       core                                                                        |                            uop_block__parameterized42 |          1 |          1 |       0 |    0 |     6 |      0 |      0 |    0 |          0 |
|         (core)                                                                    |                            uop_block__parameterized42 |          1 |          1 |       0 |    0 |     0 |      0 |      0 |    0 |          0 |
|         g[1].g_normal.alu_i                                                       |                      microop_unit__parameterized3__18 |          0 |          0 |       0 |    0 |     3 |      0 |      0 |    0 |          0 |
|         g[2].g_normal.alu_i                                                       |                     microop_unit__parameterized10__52 |          0 |          0 |       0 |    0 |     3 |      0 |      0 |    0 |          0 |
|     glen[4].core_i                                                                |                        uop_block_wrap__parameterized3 |         27 |         27 |       0 |    0 |   438 |      0 |      0 |    0 |          0 |
|       (glen[4].core_i)                                                            |                        uop_block_wrap__parameterized3 |          0 |          0 |       0 |    0 |   154 |      0 |      0 |    0 |          0 |
|       core                                                                        |                             uop_block__parameterized3 |         27 |         27 |       0 |    0 |   284 |      0 |      0 |    0 |          0 |
|         (core)                                                                    |                             uop_block__parameterized3 |          1 |          1 |       0 |    0 |    52 |      0 |      0 |    0 |          0 |
|         g[0].g_normal.alu_i                                                       |                     microop_unit__parameterized10__57 |          0 |          0 |       0 |    0 |    26 |      0 |      0 |    0 |          0 |
|         g[1].g_normal.alu_i                                                       |                     microop_unit__parameterized11__14 |          0 |          0 |       0 |    0 |    26 |      0 |      0 |    0 |          0 |
|         g[2].g_normal.alu_i                                                       |                      microop_unit__parameterized4__49 |          0 |          0 |       0 |    0 |    26 |      0 |      0 |    0 |          0 |
|         g[4].g_normal.alu_i                                                       |                     microop_unit__parameterized10__58 |          0 |          0 |       0 |    0 |    26 |      0 |      0 |    0 |          0 |
|         g[5].g_normal.alu_i                                                       |              microop_unit__parameterized12__xdcDup__1 |         26 |         26 |       0 |    0 |   128 |      0 |      0 |    0 |          0 |
|           (g[5].g_normal.alu_i)                                                   |              microop_unit__parameterized12__xdcDup__1 |          0 |          0 |       0 |    0 |    64 |      0 |      0 |    0 |          0 |
|           g_iadd.use_ip.u_addsub                                                  |                                integer_addsub_HD19667 |         26 |         26 |       0 |    0 |    64 |      0 |      0 |    0 |          0 |
|             U0                                                                    |               integer_addsubc_addsub_v12_0_14_HD19668 |         26 |         26 |       0 |    0 |    64 |      0 |      0 |    0 |          0 |
|               xst_addsub                                                          |           integer_addsubc_addsub_v12_0_14_viv_HD19669 |         26 |         26 |       0 |    0 |    64 |      0 |      0 |    0 |          0 |
|                 i_baseblox.i_baseblox_addsub                                      |        integer_addsubc_addsub_v12_0_14_legacy_HD19670 |         26 |         26 |       0 |    0 |    64 |      0 |      0 |    0 |          0 |
|                   no_pipelining.the_addsub                                        | integer_addsubc_addsub_v12_0_14_fabric_legacy_HD19671 |         26 |         26 |       0 |    0 |    64 |      0 |      0 |    0 |          0 |
|                     i_lut6.i_lut6_addsub                                          |   integer_addsubc_addsub_v12_0_14_lut6_legacy_HD19672 |         26 |         26 |       0 |    0 |    64 |      0 |      0 |    0 |          0 |
|                       (i_lut6.i_lut6_addsub)                                      |   integer_addsubc_addsub_v12_0_14_lut6_legacy_HD19672 |         26 |         26 |       0 |    0 |     0 |      0 |      0 |    0 |          0 |
|                       i_q.i_simple.qreg                                           |            integer_addsubc_reg_fd_v12_0_6_viv_HD19673 |          0 |          0 |       0 |    0 |    64 |      0 |      0 |    0 |          0 |
|     glen[50].core_i                                                               |                       uop_block_wrap__parameterized43 |          1 |          1 |       0 |    0 |    24 |      0 |      0 |    0 |          0 |
|       (glen[50].core_i)                                                           |                       uop_block_wrap__parameterized43 |          0 |          0 |       0 |    0 |     8 |      0 |      0 |    0 |          0 |
|       core                                                                        |                            uop_block__parameterized43 |          1 |          1 |       0 |    0 |    16 |      0 |      0 |    0 |          0 |
|         (core)                                                                    |                            uop_block__parameterized43 |          1 |          1 |       0 |    0 |     4 |      0 |      0 |    0 |          0 |
|         g[0].g_normal.alu_i                                                       |                     microop_unit__parameterized10__38 |          0 |          0 |       0 |    0 |     4 |      0 |      0 |    0 |          0 |
|         g[2].g_normal.alu_i                                                       |                      microop_unit__parameterized3__15 |          0 |          0 |       0 |    0 |     4 |      0 |      0 |    0 |          0 |
|         g[3].g_normal.alu_i                                                       |                     microop_unit__parameterized10__45 |          0 |          0 |       0 |    0 |     4 |      0 |      0 |    0 |          0 |
|     glen[51].core_i                                                               |                       uop_block_wrap__parameterized44 |          1 |          1 |       0 |    0 |     6 |      0 |      0 |    0 |          0 |
|       (glen[51].core_i)                                                           |                       uop_block_wrap__parameterized44 |          0 |          0 |       0 |    0 |     2 |      0 |      0 |    0 |          0 |
|       core                                                                        |                            uop_block__parameterized44 |          1 |          1 |       0 |    0 |     4 |      0 |      0 |    0 |          0 |
|         (core)                                                                    |                            uop_block__parameterized44 |          1 |          1 |       0 |    0 |     1 |      0 |      0 |    0 |          0 |
|         g[0].g_normal.alu_i                                                       |                     microop_unit__parameterized10__53 |          0 |          0 |       0 |    0 |     1 |      0 |      0 |    0 |          0 |
|         g[2].g_normal.alu_i                                                       |                      microop_unit__parameterized3__19 |          0 |          0 |       0 |    0 |     1 |      0 |      0 |    0 |          0 |
|         g[3].g_normal.alu_i                                                       |                     microop_unit__parameterized10__54 |          0 |          0 |       0 |    0 |     1 |      0 |      0 |    0 |          0 |
|     glen[52].core_i                                                               |                    uop_block_wrap__parameterized45__1 |          1 |          1 |       0 |    0 |    24 |      0 |      0 |    0 |          0 |
|       (glen[52].core_i)                                                           |                    uop_block_wrap__parameterized45__1 |          0 |          0 |       0 |    0 |    12 |      0 |      0 |    0 |          0 |
|       core                                                                        |                         uop_block__parameterized45__1 |          1 |          1 |       0 |    0 |    12 |      0 |      0 |    0 |          0 |
|         (core)                                                                    |                         uop_block__parameterized45__1 |          1 |          1 |       0 |    0 |     0 |      0 |      0 |    0 |          0 |
|         g[0].g_normal.alu_i                                                       |                     microop_unit__parameterized10__44 |          0 |          0 |       0 |    0 |     6 |      0 |      0 |    0 |          0 |
|         g[1].g_normal.alu_i                                                       |                      microop_unit__parameterized3__14 |          0 |          0 |       0 |    0 |     6 |      0 |      0 |    0 |          0 |
|     glen[53].core_i                                                               |                       uop_block_wrap__parameterized46 |          1 |          1 |       0 |    0 |    16 |      0 |      0 |    0 |          0 |
|       (glen[53].core_i)                                                           |                       uop_block_wrap__parameterized46 |          0 |          0 |       0 |    0 |     8 |      0 |      0 |    0 |          0 |
|       core                                                                        |                            uop_block__parameterized46 |          1 |          1 |       0 |    0 |     8 |      0 |      0 |    0 |          0 |
|         (core)                                                                    |                            uop_block__parameterized46 |          1 |          1 |       0 |    0 |     0 |      0 |      0 |    0 |          0 |
|         g[0].g_normal.alu_i                                                       |                     microop_unit__parameterized10__55 |          0 |          0 |       0 |    0 |     4 |      0 |      0 |    0 |          0 |
|         g[2].g_normal.alu_i                                                       |                      microop_unit__parameterized3__20 |          0 |          0 |       0 |    0 |     4 |      0 |      0 |    0 |          0 |
|     glen[54].core_i                                                               |                     uop_block_wrap__parameterized9__2 |          1 |          1 |       0 |    0 |    12 |      0 |      0 |    0 |          0 |
|       (glen[54].core_i)                                                           |                     uop_block_wrap__parameterized9__2 |          0 |          0 |       0 |    0 |     6 |      0 |      0 |    0 |          0 |
|       core                                                                        |                          uop_block__parameterized9__2 |          1 |          1 |       0 |    0 |     6 |      0 |      0 |    0 |          0 |
|         (core)                                                                    |                          uop_block__parameterized9__2 |          1 |          1 |       0 |    0 |     0 |      0 |      0 |    0 |          0 |
|         g[0].g_normal.alu_i                                                       |                     microop_unit__parameterized10__37 |          0 |          0 |       0 |    0 |     3 |      0 |      0 |    0 |          0 |
|         g[1].g_normal.alu_i                                                       |                      microop_unit__parameterized3__13 |          0 |          0 |       0 |    0 |     3 |      0 |      0 |    0 |          0 |
|     glen[55].core_i                                                               |                       uop_block_wrap__parameterized47 |         65 |         65 |       0 |    0 |   306 |      0 |      0 |    0 |          0 |
|       (glen[55].core_i)                                                           |                       uop_block_wrap__parameterized47 |          0 |          0 |       0 |    0 |   188 |      0 |      0 |    0 |          0 |
|       core                                                                        |                            uop_block__parameterized47 |         65 |         65 |       0 |    0 |   118 |      0 |      0 |    0 |          0 |
|         (core)                                                                    |                            uop_block__parameterized47 |          1 |          1 |       0 |    0 |    59 |      0 |      0 |    0 |          0 |
|         g[0].g_normal.alu_i                                                       |                                      microop_unit__13 |         64 |         64 |       0 |    0 |    59 |      0 |      0 |    0 |          0 |
|     glen[56].core_i                                                               |                    uop_block_wrap__parameterized22__2 |          1 |          1 |       0 |    0 |   160 |      0 |      0 |    0 |          0 |
|       (glen[56].core_i)                                                           |                    uop_block_wrap__parameterized22__2 |          0 |          0 |       0 |    0 |    64 |      0 |      0 |    0 |          0 |
|       core                                                                        |                         uop_block__parameterized22__2 |          1 |          1 |       0 |    0 |    96 |      0 |      0 |    0 |          0 |
|         (core)                                                                    |                         uop_block__parameterized22__2 |          1 |          1 |       0 |    0 |    32 |      0 |      0 |    0 |          0 |
|         g[0].g_normal.alu_i                                                       |                     microop_unit__parameterized10__40 |          0 |          0 |       0 |    0 |    32 |      0 |      0 |    0 |          0 |
|         g[1].g_normal.alu_i                                                       |                     microop_unit__parameterized10__39 |          0 |          0 |       0 |    0 |    32 |      0 |      0 |    0 |          0 |
|     glen[57].core_i                                                               |                       uop_block_wrap__parameterized30 |          1 |          1 |       0 |    0 |   320 |      0 |      0 |    0 |          0 |
|       (glen[57].core_i)                                                           |                       uop_block_wrap__parameterized30 |          0 |          0 |       0 |    0 |   128 |      0 |      0 |    0 |          0 |
|       core                                                                        |                            uop_block__parameterized30 |          1 |          1 |       0 |    0 |   192 |      0 |      0 |    0 |          0 |
|         (core)                                                                    |                            uop_block__parameterized30 |          1 |          1 |       0 |    0 |    64 |      0 |      0 |    0 |          0 |
|         g[0].g_normal.alu_i                                                       |                      microop_unit__parameterized4__43 |          0 |          0 |       0 |    0 |    64 |      0 |      0 |    0 |          0 |
|         g[1].g_normal.alu_i                                                       |                      microop_unit__parameterized4__44 |          0 |          0 |       0 |    0 |    64 |      0 |      0 |    0 |          0 |
|     glen[58].core_i                                                               |                    uop_block_wrap__parameterized30__3 |          1 |          1 |       0 |    0 |   320 |      0 |      0 |    0 |          0 |
|       (glen[58].core_i)                                                           |                    uop_block_wrap__parameterized30__3 |          0 |          0 |       0 |    0 |   128 |      0 |      0 |    0 |          0 |
|       core                                                                        |                         uop_block__parameterized30__3 |          1 |          1 |       0 |    0 |   192 |      0 |      0 |    0 |          0 |
|         (core)                                                                    |                         uop_block__parameterized30__3 |          1 |          1 |       0 |    0 |    64 |      0 |      0 |    0 |          0 |
|         g[0].g_normal.alu_i                                                       |                      microop_unit__parameterized4__27 |          0 |          0 |       0 |    0 |    64 |      0 |      0 |    0 |          0 |
|         g[1].g_normal.alu_i                                                       |                      microop_unit__parameterized4__30 |          0 |          0 |       0 |    0 |    64 |      0 |      0 |    0 |          0 |
|     glen[59].core_i                                                               |                    uop_block_wrap__parameterized30__4 |          1 |          1 |       0 |    0 |   320 |      0 |      0 |    0 |          0 |
|       (glen[59].core_i)                                                           |                    uop_block_wrap__parameterized30__4 |          0 |          0 |       0 |    0 |   128 |      0 |      0 |    0 |          0 |
|       core                                                                        |                         uop_block__parameterized30__4 |          1 |          1 |       0 |    0 |   192 |      0 |      0 |    0 |          0 |
|         (core)                                                                    |                         uop_block__parameterized30__4 |          1 |          1 |       0 |    0 |    64 |      0 |      0 |    0 |          0 |
|         g[0].g_normal.alu_i                                                       |                      microop_unit__parameterized4__47 |          0 |          0 |       0 |    0 |    64 |      0 |      0 |    0 |          0 |
|         g[1].g_normal.alu_i                                                       |                      microop_unit__parameterized4__46 |          0 |          0 |       0 |    0 |    64 |      0 |      0 |    0 |          0 |
|     glen[5].core_i                                                                |                        uop_block_wrap__parameterized4 |         75 |         75 |       0 |    0 |   416 |      0 |      0 |    0 |          0 |
|       (glen[5].core_i)                                                            |                        uop_block_wrap__parameterized4 |          0 |          0 |       0 |    0 |    72 |      0 |      0 |    0 |          0 |
|       core                                                                        |                             uop_block__parameterized4 |         75 |         75 |       0 |    0 |   344 |      0 |      0 |    0 |          0 |
|         (core)                                                                    |                             uop_block__parameterized4 |          1 |          1 |       0 |    0 |   116 |      0 |      0 |    0 |          0 |
|         g[0].g_normal.alu_i                                                       |                         microop_unit__parameterized13 |          8 |          8 |       0 |    0 |     2 |      0 |      0 |    0 |          0 |
|         g[10].g_normal.alu_i                                                      |                     microop_unit__parameterized10__21 |          0 |          0 |       0 |    0 |    32 |      0 |      0 |    0 |          0 |
|         g[11].g_normal.alu_i                                                      |                     microop_unit__parameterized10__22 |          0 |          0 |       0 |    0 |    32 |      0 |      0 |    0 |          0 |
|         g[1].g_normal.alu_i                                                       |                     microop_unit__parameterized11__10 |          0 |          0 |       0 |    0 |     2 |      0 |      0 |    0 |          0 |
|         g[3].g_normal.alu_i                                                       |              microop_unit__parameterized12__xdcDup__2 |          2 |          2 |       0 |    0 |    16 |      0 |      0 |    0 |          0 |
|           (g[3].g_normal.alu_i)                                                   |              microop_unit__parameterized12__xdcDup__2 |          0 |          0 |       0 |    0 |     8 |      0 |      0 |    0 |          0 |
|           g_iadd.use_ip.u_addsub                                                  |                                        integer_addsub |          2 |          2 |       0 |    0 |     8 |      0 |      0 |    0 |          0 |
|             U0                                                                    |                       integer_addsubc_addsub_v12_0_14 |          2 |          2 |       0 |    0 |     8 |      0 |      0 |    0 |          0 |
|               xst_addsub                                                          |                   integer_addsubc_addsub_v12_0_14_viv |          2 |          2 |       0 |    0 |     8 |      0 |      0 |    0 |          0 |
|                 i_baseblox.i_baseblox_addsub                                      |                integer_addsubc_addsub_v12_0_14_legacy |          2 |          2 |       0 |    0 |     8 |      0 |      0 |    0 |          0 |
|                   no_pipelining.the_addsub                                        |         integer_addsubc_addsub_v12_0_14_fabric_legacy |          2 |          2 |       0 |    0 |     8 |      0 |      0 |    0 |          0 |
|                     i_lut6.i_lut6_addsub                                          |           integer_addsubc_addsub_v12_0_14_lut6_legacy |          2 |          2 |       0 |    0 |     8 |      0 |      0 |    0 |          0 |
|                       (i_lut6.i_lut6_addsub)                                      |           integer_addsubc_addsub_v12_0_14_lut6_legacy |          2 |          2 |       0 |    0 |     0 |      0 |      0 |    0 |          0 |
|                       i_q.i_simple.qreg                                           |                    integer_addsubc_reg_fd_v12_0_6_viv |          0 |          0 |       0 |    0 |     8 |      0 |      0 |    0 |          0 |
|         g[4].g_normal.alu_i                                                       |                      microop_unit__parameterized14__1 |          0 |          0 |       0 |    0 |     8 |      0 |      0 |    0 |          0 |
|         g[5].g_normal.alu_i                                                       |                         microop_unit__parameterized14 |          0 |          0 |       0 |    0 |     8 |      0 |      0 |    0 |          0 |
|         g[6].g_normal.alu_i                                                       |                      microop_unit__parameterized15__3 |         32 |         32 |       0 |    0 |    32 |      0 |      0 |    0 |          0 |
|         g[7].g_normal.alu_i                                                       |                     microop_unit__parameterized10__20 |          0 |          0 |       0 |    0 |    32 |      0 |      0 |    0 |          0 |
|         g[8].g_normal.alu_i                                                       |                      microop_unit__parameterized16__1 |         32 |         32 |       0 |    0 |    32 |      0 |      0 |    0 |          0 |
|         g[9].g_normal.alu_i                                                       |                       microop_unit__parameterized4__9 |          0 |          0 |       0 |    0 |    32 |      0 |      0 |    0 |          0 |
|     glen[60].core_i                                                               |                    uop_block_wrap__parameterized27__1 |         33 |         33 |       0 |    0 |   192 |      0 |      0 |    0 |          0 |
|       (glen[60].core_i)                                                           |                    uop_block_wrap__parameterized27__1 |          0 |          0 |       0 |    0 |    96 |      0 |      0 |    0 |          0 |
|       core                                                                        |                         uop_block__parameterized27__1 |         33 |         33 |       0 |    0 |    96 |      0 |      0 |    0 |          0 |
|         (core)                                                                    |                         uop_block__parameterized27__1 |          1 |          1 |       0 |    0 |    32 |      0 |      0 |    0 |          0 |
|         g[0].g_normal.alu_i                                                       |                                       microop_unit__8 |         32 |         32 |       0 |    0 |    32 |      0 |      0 |    0 |          0 |
|         g[1].g_normal.alu_i                                                       |                     microop_unit__parameterized10__43 |          0 |          0 |       0 |    0 |    32 |      0 |      0 |    0 |          0 |
|     glen[61].core_i                                                               |                       uop_block_wrap__parameterized48 |         65 |         65 |       0 |    0 |   512 |      0 |      0 |    0 |          0 |
|       (glen[61].core_i)                                                           |                       uop_block_wrap__parameterized48 |          0 |          0 |       0 |    0 |   192 |      0 |      0 |    0 |          0 |
|       core                                                                        |                            uop_block__parameterized48 |         65 |         65 |       0 |    0 |   320 |      0 |      0 |    0 |          0 |
|         (core)                                                                    |                            uop_block__parameterized48 |          1 |          1 |       0 |    0 |   128 |      0 |      0 |    0 |          0 |
|         g[0].g_normal.alu_i                                                       |                                      microop_unit__14 |         64 |         64 |       0 |    0 |    64 |      0 |      0 |    0 |          0 |
|         g[1].g_normal.alu_i                                                       |                      microop_unit__parameterized4__45 |          0 |          0 |       0 |    0 |    64 |      0 |      0 |    0 |          0 |
|         g[2].g_normal.alu_i                                                       |                      microop_unit__parameterized4__48 |          0 |          0 |       0 |    0 |    64 |      0 |      0 |    0 |          0 |
|     glen[62].core_i                                                               |                    uop_block_wrap__parameterized48__1 |         65 |         65 |       0 |    0 |   512 |      0 |      0 |    0 |          0 |
|       (glen[62].core_i)                                                           |                    uop_block_wrap__parameterized48__1 |          0 |          0 |       0 |    0 |   192 |      0 |      0 |    0 |          0 |
|       core                                                                        |                         uop_block__parameterized48__1 |         65 |         65 |       0 |    0 |   320 |      0 |      0 |    0 |          0 |
|         (core)                                                                    |                         uop_block__parameterized48__1 |          1 |          1 |       0 |    0 |   128 |      0 |      0 |    0 |          0 |
|         g[0].g_normal.alu_i                                                       |                                       microop_unit__9 |         64 |         64 |       0 |    0 |    64 |      0 |      0 |    0 |          0 |
|         g[1].g_normal.alu_i                                                       |                      microop_unit__parameterized4__25 |          0 |          0 |       0 |    0 |    64 |      0 |      0 |    0 |          0 |
|         g[2].g_normal.alu_i                                                       |                      microop_unit__parameterized4__26 |          0 |          0 |       0 |    0 |    64 |      0 |      0 |    0 |          0 |
|     glen[63].core_i                                                               |                       uop_block_wrap__parameterized49 |          1 |          1 |       0 |    0 |   117 |      0 |      0 |    0 |          0 |
|       (glen[63].core_i)                                                           |                       uop_block_wrap__parameterized49 |          0 |          0 |       0 |    0 |    59 |      0 |      0 |    0 |          0 |
|       core                                                                        |                            uop_block__parameterized49 |          1 |          1 |       0 |    0 |    58 |      0 |      0 |    0 |          0 |
|         (core)                                                                    |                            uop_block__parameterized49 |          1 |          1 |       0 |    0 |     0 |      0 |      0 |    0 |          0 |
|         g[0].g_normal.alu_i                                                       |                     microop_unit__parameterized10__36 |          0 |          0 |       0 |    0 |    29 |      0 |      0 |    0 |          0 |
|         g[1].g_normal.alu_i                                                       |                      microop_unit__parameterized3__12 |          0 |          0 |       0 |    0 |    29 |      0 |      0 |    0 |          0 |
|     glen[64].core_i                                                               |                       uop_block_wrap__parameterized45 |          1 |          1 |       0 |    0 |    24 |      0 |      0 |    0 |          0 |
|       (glen[64].core_i)                                                           |                       uop_block_wrap__parameterized45 |          0 |          0 |       0 |    0 |    12 |      0 |      0 |    0 |          0 |
|       core                                                                        |                            uop_block__parameterized45 |          1 |          1 |       0 |    0 |    12 |      0 |      0 |    0 |          0 |
|         (core)                                                                    |                            uop_block__parameterized45 |          1 |          1 |       0 |    0 |     0 |      0 |      0 |    0 |          0 |
|         g[0].g_normal.alu_i                                                       |                     microop_unit__parameterized10__56 |          0 |          0 |       0 |    0 |     6 |      0 |      0 |    0 |          0 |
|         g[1].g_normal.alu_i                                                       |                      microop_unit__parameterized3__21 |          0 |          0 |       0 |    0 |     6 |      0 |      0 |    0 |          0 |
|     glen[65].core_i                                                               |                       uop_block_wrap__parameterized50 |          1 |          1 |       0 |    0 |    42 |      0 |      0 |    0 |          0 |
|       (glen[65].core_i)                                                           |                       uop_block_wrap__parameterized50 |          0 |          0 |       0 |    0 |    12 |      0 |      0 |    0 |          0 |
|       core                                                                        |                            uop_block__parameterized50 |          1 |          1 |       0 |    0 |    30 |      0 |      0 |    0 |          0 |
|         (core)                                                                    |                            uop_block__parameterized50 |          1 |          1 |       0 |    0 |     6 |      0 |      0 |    0 |          0 |
|         g[0].g_normal.alu_i                                                       |                     microop_unit__parameterized10__34 |          0 |          0 |       0 |    0 |     6 |      0 |      0 |    0 |          0 |
|         g[2].g_normal.alu_i                                                       |                     microop_unit__parameterized10__35 |          0 |          0 |       0 |    0 |     6 |      0 |      0 |    0 |          0 |
|         g[3].g_normal.alu_i                                                       |                      microop_unit__parameterized3__10 |          0 |          0 |       0 |    0 |     6 |      0 |      0 |    0 |          0 |
|         g[4].g_normal.alu_i                                                       |                      microop_unit__parameterized3__11 |          0 |          0 |       0 |    0 |     6 |      0 |      0 |    0 |          0 |
|     glen[66].core_i                                                               |                    uop_block_wrap__parameterized45__2 |          1 |          1 |       0 |    0 |    24 |      0 |      0 |    0 |          0 |
|       (glen[66].core_i)                                                           |                    uop_block_wrap__parameterized45__2 |          0 |          0 |       0 |    0 |    12 |      0 |      0 |    0 |          0 |
|       core                                                                        |                         uop_block__parameterized45__2 |          1 |          1 |       0 |    0 |    12 |      0 |      0 |    0 |          0 |
|         (core)                                                                    |                         uop_block__parameterized45__2 |          1 |          1 |       0 |    0 |     0 |      0 |      0 |    0 |          0 |
|         g[0].g_normal.alu_i                                                       |                     microop_unit__parameterized10__33 |          0 |          0 |       0 |    0 |     6 |      0 |      0 |    0 |          0 |
|         g[1].g_normal.alu_i                                                       |                       microop_unit__parameterized3__9 |          0 |          0 |       0 |    0 |     6 |      0 |      0 |    0 |          0 |
|     glen[67].core_i                                                               |                       uop_block_wrap__parameterized51 |          1 |          1 |       0 |    0 |   353 |      0 |      0 |    0 |          0 |
|       (glen[67].core_i)                                                           |                       uop_block_wrap__parameterized51 |          0 |          0 |       0 |    0 |    55 |      0 |      0 |    0 |          0 |
|       core                                                                        |                            uop_block__parameterized51 |          1 |          1 |       0 |    0 |   298 |      0 |      0 |    0 |          0 |
|         (core)                                                                    |                            uop_block__parameterized51 |          1 |          1 |       0 |    0 |   135 |      0 |      0 |    0 |          0 |
|         g[0].g_normal.alu_i                                                       |                      microop_unit__parameterized4__23 |          0 |          0 |       0 |    0 |    27 |      0 |      0 |    0 |          0 |
|         g[1].g_normal.alu_i                                                       |                     microop_unit__parameterized11__11 |          0 |          0 |       0 |    0 |    27 |      0 |      0 |    0 |          0 |
|         g[2].g_normal.alu_i                                                       |                     microop_unit__parameterized10__31 |          0 |          0 |       0 |    0 |    27 |      0 |      0 |    0 |          0 |
|         g[4].g_normal.alu_i                                                       |                     microop_unit__parameterized10__32 |          0 |          0 |       0 |    0 |    27 |      0 |      0 |    0 |          0 |
|         g[5].g_normal.alu_i                                                       |                      microop_unit__parameterized4__24 |          0 |          0 |       0 |    0 |    27 |      0 |      0 |    0 |          0 |
|         g[6].g_normal.alu_i                                                       |                      microop_unit__parameterized23__4 |          0 |          0 |       0 |    0 |    28 |      0 |      0 |    0 |          0 |
|     glen[68].core_i                                                               |                       uop_block_wrap__parameterized52 |          1 |          1 |       0 |    0 |    16 |      0 |      0 |    0 |          0 |
|       (glen[68].core_i)                                                           |                       uop_block_wrap__parameterized52 |          0 |          0 |       0 |    0 |     8 |      0 |      0 |    0 |          0 |
|       core                                                                        |                            uop_block__parameterized52 |          1 |          1 |       0 |    0 |     8 |      0 |      0 |    0 |          0 |
|         (core)                                                                    |                            uop_block__parameterized52 |          1 |          1 |       0 |    0 |     0 |      0 |      0 |    0 |          0 |
|         g[0].g_normal.alu_i                                                       |                     microop_unit__parameterized10__30 |          0 |          0 |       0 |    0 |     4 |      0 |      0 |    0 |          0 |
|         g[2].g_normal.alu_i                                                       |                       microop_unit__parameterized3__8 |          0 |          0 |       0 |    0 |     4 |      0 |      0 |    0 |          0 |
|     glen[69].core_i                                                               |                       uop_block_wrap__parameterized53 |          1 |          1 |       0 |    0 |    12 |      0 |      0 |    0 |          0 |
|       (glen[69].core_i)                                                           |                       uop_block_wrap__parameterized53 |          0 |          0 |       0 |    0 |     6 |      0 |      0 |    0 |          0 |
|       core                                                                        |                            uop_block__parameterized53 |          1 |          1 |       0 |    0 |     6 |      0 |      0 |    0 |          0 |
|         (core)                                                                    |                            uop_block__parameterized53 |          1 |          1 |       0 |    0 |     0 |      0 |      0 |    0 |          0 |
|         g[0].g_normal.alu_i                                                       |                     microop_unit__parameterized10__29 |          0 |          0 |       0 |    0 |     3 |      0 |      0 |    0 |          0 |
|         g[2].g_normal.alu_i                                                       |                       microop_unit__parameterized3__7 |          0 |          0 |       0 |    0 |     3 |      0 |      0 |    0 |          0 |
|     glen[6].core_i                                                                |                        uop_block_wrap__parameterized5 |        192 |        192 |       0 |    0 |   320 |      0 |      0 |    0 |          0 |
|       (glen[6].core_i)                                                            |                        uop_block_wrap__parameterized5 |          0 |          0 |       0 |    0 |   192 |      0 |      0 |    0 |          0 |
|       core                                                                        |                             uop_block__parameterized5 |        192 |        192 |       0 |    0 |   128 |      0 |      0 |    0 |          0 |
|         (core)                                                                    |                             uop_block__parameterized5 |          1 |          1 |       0 |    0 |     0 |      0 |      0 |    0 |          0 |
|         g[0].g_normal.alu_i                                                       |                         microop_unit__parameterized17 |        127 |        127 |       0 |    0 |    64 |      0 |      0 |    0 |          0 |
|         g[1].g_normal.alu_i                                                       |                      microop_unit__parameterized18__6 |         64 |         64 |       0 |    0 |    64 |      0 |      0 |    0 |          0 |
|     glen[70].core_i                                                               |                       uop_block_wrap__parameterized31 |         65 |         65 |       0 |    0 |   384 |      0 |      0 |    0 |          0 |
|       (glen[70].core_i)                                                           |                       uop_block_wrap__parameterized31 |          0 |          0 |       0 |    0 |   192 |      0 |      0 |    0 |          0 |
|       core                                                                        |                            uop_block__parameterized31 |         65 |         65 |       0 |    0 |   192 |      0 |      0 |    0 |          0 |
|         (core)                                                                    |                            uop_block__parameterized31 |          1 |          1 |       0 |    0 |    64 |      0 |      0 |    0 |          0 |
|         g[0].g_normal.alu_i                                                       |                                       microop_unit__7 |         64 |         64 |       0 |    0 |    64 |      0 |      0 |    0 |          0 |
|         g[1].g_normal.alu_i                                                       |                      microop_unit__parameterized4__22 |          0 |          0 |       0 |    0 |    64 |      0 |      0 |    0 |          0 |
|     glen[71].core_i                                                               |                       uop_block_wrap__parameterized54 |        129 |        129 |       0 |    0 |   704 |      0 |      0 |    0 |          0 |
|       (glen[71].core_i)                                                           |                       uop_block_wrap__parameterized54 |          0 |          0 |       0 |    0 |   192 |      0 |      0 |    0 |          0 |
|       core                                                                        |                            uop_block__parameterized54 |        129 |        129 |       0 |    0 |   512 |      0 |      0 |    0 |          0 |
|         (core)                                                                    |                            uop_block__parameterized54 |          1 |          1 |       0 |    0 |   192 |      0 |      0 |    0 |          0 |
|         g[0].g_normal.alu_i                                                       |                                       microop_unit__6 |         64 |         64 |       0 |    0 |    64 |      0 |      0 |    0 |          0 |
|         g[1].g_normal.alu_i                                                       |                      microop_unit__parameterized4__19 |          0 |          0 |       0 |    0 |    64 |      0 |      0 |    0 |          0 |
|         g[2].g_normal.alu_i                                                       |                      microop_unit__parameterized4__20 |          0 |          0 |       0 |    0 |    64 |      0 |      0 |    0 |          0 |
|         g[3].g_normal.alu_i                                                       |                      microop_unit__parameterized4__21 |          0 |          0 |       0 |    0 |    64 |      0 |      0 |    0 |          0 |
|         g[4].g_normal.alu_i                                                       |                       microop_unit__parameterized9__4 |         64 |         64 |       0 |    0 |    64 |      0 |      0 |    0 |          0 |
|     glen[72].core_i                                                               |                       uop_block_wrap__parameterized55 |         65 |         65 |       0 |    0 |   320 |      0 |      0 |    0 |          0 |
|       (glen[72].core_i)                                                           |                       uop_block_wrap__parameterized55 |          0 |          0 |       0 |    0 |   192 |      0 |      0 |    0 |          0 |
|       core                                                                        |                            uop_block__parameterized55 |         65 |         65 |       0 |    0 |   128 |      0 |      0 |    0 |          0 |
|         (core)                                                                    |                            uop_block__parameterized55 |          1 |          1 |       0 |    0 |     0 |      0 |      0 |    0 |          0 |
|         g[0].g_normal.alu_i                                                       |                      microop_unit__parameterized18__3 |         64 |         64 |       0 |    0 |    64 |      0 |      0 |    0 |          0 |
|         g[1].g_normal.alu_i                                                       |                      microop_unit__parameterized4__18 |          0 |          0 |       0 |    0 |    64 |      0 |      0 |    0 |          0 |
|     glen[73].core_i                                                               |                       uop_block_wrap__parameterized56 |        129 |        129 |       0 |    0 |   512 |      0 |      0 |    0 |          0 |
|       (glen[73].core_i)                                                           |                       uop_block_wrap__parameterized56 |          0 |          0 |       0 |    0 |   192 |      0 |      0 |    0 |          0 |
|       core                                                                        |                            uop_block__parameterized56 |        129 |        129 |       0 |    0 |   320 |      0 |      0 |    0 |          0 |
|         (core)                                                                    |                            uop_block__parameterized56 |          1 |          1 |       0 |    0 |   128 |      0 |      0 |    0 |          0 |
|         g[0].g_normal.alu_i                                                       |                      microop_unit__parameterized4__17 |          0 |          0 |       0 |    0 |    64 |      0 |      0 |    0 |          0 |
|         g[1].g_normal.alu_i                                                       |                       microop_unit__parameterized9__3 |         64 |         64 |       0 |    0 |    64 |      0 |      0 |    0 |          0 |
|         g[2].g_normal.alu_i                                                       |                      microop_unit__parameterized18__2 |         64 |         64 |       0 |    0 |    64 |      0 |      0 |    0 |          0 |
|     glen[74].core_i                                                               |                       uop_block_wrap__parameterized57 |         65 |         65 |       0 |    0 |   512 |      0 |      0 |    0 |          0 |
|       (glen[74].core_i)                                                           |                       uop_block_wrap__parameterized57 |          0 |          0 |       0 |    0 |   192 |      0 |      0 |    0 |          0 |
|       core                                                                        |                            uop_block__parameterized57 |         65 |         65 |       0 |    0 |   320 |      0 |      0 |    0 |          0 |
|         (core)                                                                    |                            uop_block__parameterized57 |          1 |          1 |       0 |    0 |   128 |      0 |      0 |    0 |          0 |
|         g[0].g_normal.alu_i                                                       |                      microop_unit__parameterized4__15 |          0 |          0 |       0 |    0 |    64 |      0 |      0 |    0 |          0 |
|         g[1].g_normal.alu_i                                                       |                       microop_unit__parameterized9__2 |         64 |         64 |       0 |    0 |    64 |      0 |      0 |    0 |          0 |
|         g[2].g_normal.alu_i                                                       |                      microop_unit__parameterized4__16 |          0 |          0 |       0 |    0 |    64 |      0 |      0 |    0 |          0 |
|     glen[7].core_i                                                                |                        uop_block_wrap__parameterized6 |        129 |        129 |       0 |    0 |   512 |      0 |      0 |    0 |          0 |
|       (glen[7].core_i)                                                            |                        uop_block_wrap__parameterized6 |          0 |          0 |       0 |    0 |   192 |      0 |      0 |    0 |          0 |
|       core                                                                        |                             uop_block__parameterized6 |        129 |        129 |       0 |    0 |   320 |      0 |      0 |    0 |          0 |
|         (core)                                                                    |                             uop_block__parameterized6 |          1 |          1 |       0 |    0 |   128 |      0 |      0 |    0 |          0 |
|         g[0].g_normal.alu_i                                                       |                       microop_unit__parameterized4__8 |          0 |          0 |       0 |    0 |    64 |      0 |      0 |    0 |          0 |
|         g[1].g_normal.alu_i                                                       |                                       microop_unit__3 |         64 |         64 |       0 |    0 |    64 |      0 |      0 |    0 |          0 |
|         g[2].g_normal.alu_i                                                       |                       microop_unit__parameterized6__2 |         64 |         64 |       0 |    0 |    64 |      0 |      0 |    0 |          0 |
|     glen[8].core_i                                                                |                        uop_block_wrap__parameterized7 |         27 |         27 |       0 |    0 |   206 |      0 |      0 |    0 |          0 |
|       (glen[8].core_i)                                                            |                        uop_block_wrap__parameterized7 |          0 |          0 |       0 |    0 |    77 |      0 |      0 |    0 |          0 |
|       core                                                                        |                             uop_block__parameterized7 |         27 |         27 |       0 |    0 |   129 |      0 |      0 |    0 |          0 |
|         (core)                                                                    |                             uop_block__parameterized7 |          1 |          1 |       0 |    0 |    26 |      0 |      0 |    0 |          0 |
|         g[0].g_normal.alu_i                                                       |                         microop_unit__parameterized11 |          0 |          0 |       0 |    0 |    13 |      0 |      0 |    0 |          0 |
|         g[1].g_normal.alu_i                                                       |                      microop_unit__parameterized19__2 |         13 |         13 |       0 |    0 |    13 |      0 |      0 |    0 |          0 |
|         g[2].g_normal.alu_i                                                       |                     microop_unit__parameterized10__59 |          0 |          0 |       0 |    0 |    13 |      0 |      0 |    0 |          0 |
|         g[4].g_normal.alu_i                                                       |                         microop_unit__parameterized19 |         13 |         13 |       0 |    0 |    32 |      0 |      0 |    0 |          0 |
|         g[5].g_normal.alu_i                                                       |                     microop_unit__parameterized10__60 |          0 |          0 |       0 |    0 |    32 |      0 |      0 |    0 |          0 |
|     glen[9].core_i                                                                |                        uop_block_wrap__parameterized8 |          1 |          1 |       0 |    0 |   128 |      0 |      0 |    0 |          0 |
|       (glen[9].core_i)                                                            |                        uop_block_wrap__parameterized8 |          0 |          0 |       0 |    0 |    64 |      0 |      0 |    0 |          0 |
|       core                                                                        |                             uop_block__parameterized8 |          1 |          1 |       0 |    0 |    64 |      0 |      0 |    0 |          0 |
|         (core)                                                                    |                             uop_block__parameterized8 |          1 |          1 |       0 |    0 |     0 |      0 |      0 |    0 |          0 |
|         g[0].g_normal.alu_i                                                       |                     microop_unit__parameterized10__18 |          0 |          0 |       0 |    0 |    32 |      0 |      0 |    0 |          0 |
|         g[1].g_normal.alu_i                                                       |                     microop_unit__parameterized10__19 |          0 |          0 |       0 |    0 |    32 |      0 |      0 |    0 |          0 |
+-----------------------------------------------------------------------------------+-------------------------------------------------------+------------+------------+---------+------+-------+--------+--------+------+------------+


