Copyright 1986-2020 Xilinx, Inc. All Rights Reserved.
-------------------------------------------------------------------------------------------------------------------------------------------------------------
| Tool Version : Vivado v.2020.1 (lin64) Build 2902540 Wed May 27 19:54:35 MDT 2020
| Date         : Mon Oct 27 22:01:11 2025
| Host         : orthanc running 64-bit Ubuntu 22.04.4 LTS
| Command      : report_utilization -hierarchical -file /home/jyoo/custom_v_2/custom-core-tool/reports/synth_3p0pct/benches/519_lbm_r/pre_impl_util_hier.rpt
| Design       : top_multi_len
| Device       : xcu200fsgd2104-2
| Design State : Synthesized
-------------------------------------------------------------------------------------------------------------------------------------------------------------

Utilization Design Information

Table of Contents
-----------------
1. Utilization by Hierarchy

1. Utilization by Hierarchy
---------------------------

+---------------------------------------------------------------------------------+------------------------------------------------------+------------+------------+---------+------+-------+--------+--------+------+------------+
|                                     Instance                                    |                        Module                        | Total LUTs | Logic LUTs | LUTRAMs | SRLs |  FFs  | RAMB36 | RAMB18 | URAM | DSP Blocks |
+---------------------------------------------------------------------------------+------------------------------------------------------+------------+------------+---------+------+-------+--------+--------+------+------------+
| top_multi_len                                                                   |                                                (top) |       5956 |       5518 |       0 |  438 | 15877 |      8 |      0 |    0 |         32 |
|   (top_multi_len)                                                               |                                                (top) |        722 |        722 |       0 |    0 |  1672 |      0 |      0 |    0 |          0 |
|   g_has_mem.glen_mem[0].blk_i                                                   |                                       uop_block_wrap |         40 |         40 |       0 |    0 |   108 |      0 |      0 |    0 |          0 |
|     (g_has_mem.glen_mem[0].blk_i)                                               |                                       uop_block_wrap |          5 |          5 |       0 |    0 |    43 |      0 |      0 |    0 |          0 |
|     core                                                                        |                                            uop_block |         35 |         35 |       0 |    0 |    65 |      0 |      0 |    0 |          0 |
|       (core)                                                                    |                                            uop_block |          3 |          3 |       0 |    0 |     1 |      0 |      0 |    0 |          0 |
|       g[0].g_normal.alu_i                                                       |                                      microop_unit__1 |         32 |         32 |       0 |    0 |    32 |      0 |      0 |    0 |          0 |
|       g[1].g_normal.alu_i                                                       |                      microop_unit__parameterized0__2 |          0 |          0 |       0 |    0 |    32 |      0 |      0 |    0 |          0 |
|   g_has_mem.glen_mem[10].blk_i                                                  |                       uop_block_wrap__parameterized9 |          0 |          0 |       0 |    0 |   198 |      0 |      0 |    0 |          0 |
|     (g_has_mem.glen_mem[10].blk_i)                                              |                       uop_block_wrap__parameterized9 |          0 |          0 |       0 |    0 |    70 |      0 |      0 |    0 |          0 |
|     core                                                                        |                         uop_block__parameterized9_37 |          0 |          0 |       0 |    0 |   128 |      0 |      0 |    0 |          0 |
|       (core)                                                                    |                         uop_block__parameterized9_37 |          0 |          0 |       0 |    0 |     0 |      0 |      0 |    0 |          0 |
|       g[0].g_normal.alu_i                                                       |                     microop_unit__parameterized2__44 |          0 |          0 |       0 |    0 |    64 |      0 |      0 |    0 |          0 |
|       g[1].g_normal.alu_i                                                       |                     microop_unit__parameterized2__45 |          0 |          0 |       0 |    0 |    64 |      0 |      0 |    0 |          0 |
|   g_has_mem.glen_mem[11].blk_i                                                  |                      uop_block_wrap__parameterized10 |         64 |         64 |       0 |    0 |   326 |      0 |      0 |    0 |          0 |
|     (g_has_mem.glen_mem[11].blk_i)                                              |                      uop_block_wrap__parameterized10 |          0 |          0 |       0 |    0 |    70 |      0 |      0 |    0 |          0 |
|     core                                                                        |                           uop_block__parameterized10 |         64 |         64 |       0 |    0 |   256 |      0 |      0 |    0 |          0 |
|       (core)                                                                    |                           uop_block__parameterized10 |          0 |          0 |       0 |    0 |     0 |      0 |      0 |    0 |          0 |
|       g[0].g_normal.alu_i                                                       |                     microop_unit__parameterized2__46 |          0 |          0 |       0 |    0 |    64 |      0 |      0 |    0 |          0 |
|       g[1].g_normal.alu_i                                                       |                     microop_unit__parameterized2__47 |          0 |          0 |       0 |    0 |    64 |      0 |      0 |    0 |          0 |
|       g[2].g_normal.alu_i                                                       |              microop_unit__parameterized4__xdcDup__6 |         64 |         64 |       0 |    0 |   128 |      0 |      0 |    0 |          0 |
|         (g[2].g_normal.alu_i)                                                   |              microop_unit__parameterized4__xdcDup__6 |          0 |          0 |       0 |    0 |    64 |      0 |      0 |    0 |          0 |
|         g_iadd.use_ip.u_addsub                                                  |                                       integer_addsub |         64 |         64 |       0 |    0 |    64 |      0 |      0 |    0 |          0 |
|           (g_iadd.use_ip.u_addsub)                                              |                                       integer_addsub |          0 |          0 |       0 |    0 |     0 |      0 |      0 |    0 |          0 |
|           U0                                                                    |                      integer_addsubc_addsub_v12_0_14 |         64 |         64 |       0 |    0 |    64 |      0 |      0 |    0 |          0 |
|             (U0)                                                                |                      integer_addsubc_addsub_v12_0_14 |          0 |          0 |       0 |    0 |     0 |      0 |      0 |    0 |          0 |
|             xst_addsub                                                          |                  integer_addsubc_addsub_v12_0_14_viv |         64 |         64 |       0 |    0 |    64 |      0 |      0 |    0 |          0 |
|               (xst_addsub)                                                      |                  integer_addsubc_addsub_v12_0_14_viv |          0 |          0 |       0 |    0 |     0 |      0 |      0 |    0 |          0 |
|               i_baseblox.i_baseblox_addsub                                      |               integer_addsubc_addsub_v12_0_14_legacy |         64 |         64 |       0 |    0 |    64 |      0 |      0 |    0 |          0 |
|                 no_pipelining.the_addsub                                        |        integer_addsubc_addsub_v12_0_14_fabric_legacy |         64 |         64 |       0 |    0 |    64 |      0 |      0 |    0 |          0 |
|                   i_lut6.i_lut6_addsub                                          |          integer_addsubc_addsub_v12_0_14_lut6_legacy |         64 |         64 |       0 |    0 |    64 |      0 |      0 |    0 |          0 |
|                     (i_lut6.i_lut6_addsub)                                      |          integer_addsubc_addsub_v12_0_14_lut6_legacy |         64 |         64 |       0 |    0 |     0 |      0 |      0 |    0 |          0 |
|                     i_q.i_simple.qreg                                           |                   integer_addsubc_reg_fd_v12_0_6_viv |          0 |          0 |       0 |    0 |    64 |      0 |      0 |    0 |          0 |
|   g_has_mem.glen_mem[12].blk_i                                                  |                      uop_block_wrap__parameterized11 |         73 |         73 |       0 |    0 |   399 |      0 |      0 |    0 |          0 |
|     (g_has_mem.glen_mem[12].blk_i)                                              |                      uop_block_wrap__parameterized11 |          5 |          5 |       0 |    0 |    77 |      0 |      0 |    0 |          0 |
|     core                                                                        |                           uop_block__parameterized11 |         68 |         68 |       0 |    0 |   322 |      0 |      0 |    0 |          0 |
|       (core)                                                                    |                           uop_block__parameterized11 |          4 |          4 |       0 |    0 |     2 |      0 |      0 |    0 |          0 |
|       g[0].g_normal.alu_i                                                       |                     microop_unit__parameterized2__11 |          0 |          0 |       0 |    0 |    64 |      0 |      0 |    0 |          0 |
|       g[1].g_normal.alu_i                                                       |                     microop_unit__parameterized2__12 |          0 |          0 |       0 |    0 |    64 |      0 |      0 |    0 |          0 |
|       g[2].g_normal.alu_i                                                       |              microop_unit__parameterized4__xdcDup__7 |         64 |         64 |       0 |    0 |   128 |      0 |      0 |    0 |          0 |
|         (g[2].g_normal.alu_i)                                                   |              microop_unit__parameterized4__xdcDup__7 |          0 |          0 |       0 |    0 |    64 |      0 |      0 |    0 |          0 |
|         g_iadd.use_ip.u_addsub                                                  |                                integer_addsub_HD5834 |         64 |         64 |       0 |    0 |    64 |      0 |      0 |    0 |          0 |
|           (g_iadd.use_ip.u_addsub)                                              |                                integer_addsub_HD5834 |          0 |          0 |       0 |    0 |     0 |      0 |      0 |    0 |          0 |
|           U0                                                                    |               integer_addsubc_addsub_v12_0_14_HD5835 |         64 |         64 |       0 |    0 |    64 |      0 |      0 |    0 |          0 |
|             (U0)                                                                |               integer_addsubc_addsub_v12_0_14_HD5835 |          0 |          0 |       0 |    0 |     0 |      0 |      0 |    0 |          0 |
|             xst_addsub                                                          |           integer_addsubc_addsub_v12_0_14_viv_HD5836 |         64 |         64 |       0 |    0 |    64 |      0 |      0 |    0 |          0 |
|               (xst_addsub)                                                      |           integer_addsubc_addsub_v12_0_14_viv_HD5836 |          0 |          0 |       0 |    0 |     0 |      0 |      0 |    0 |          0 |
|               i_baseblox.i_baseblox_addsub                                      |        integer_addsubc_addsub_v12_0_14_legacy_HD5837 |         64 |         64 |       0 |    0 |    64 |      0 |      0 |    0 |          0 |
|                 no_pipelining.the_addsub                                        | integer_addsubc_addsub_v12_0_14_fabric_legacy_HD5838 |         64 |         64 |       0 |    0 |    64 |      0 |      0 |    0 |          0 |
|                   i_lut6.i_lut6_addsub                                          |   integer_addsubc_addsub_v12_0_14_lut6_legacy_HD5839 |         64 |         64 |       0 |    0 |    64 |      0 |      0 |    0 |          0 |
|                     (i_lut6.i_lut6_addsub)                                      |   integer_addsubc_addsub_v12_0_14_lut6_legacy_HD5839 |         64 |         64 |       0 |    0 |     0 |      0 |      0 |    0 |          0 |
|                     i_q.i_simple.qreg                                           |            integer_addsubc_reg_fd_v12_0_6_viv_HD5840 |          0 |          0 |       0 |    0 |    64 |      0 |      0 |    0 |          0 |
|       g[3].g_normal.alu_i                                                       |                     microop_unit__parameterized2__13 |          0 |          0 |       0 |    0 |    64 |      0 |      0 |    0 |          0 |
|   g_has_mem.glen_mem[13].blk_i                                                  |                      uop_block_wrap__parameterized12 |          0 |          0 |       0 |    0 |   101 |      0 |      0 |    0 |          0 |
|     (g_has_mem.glen_mem[13].blk_i)                                              |                      uop_block_wrap__parameterized12 |          0 |          0 |       0 |    0 |    37 |      0 |      0 |    0 |          0 |
|     core                                                                        |                           uop_block__parameterized12 |          0 |          0 |       0 |    0 |    64 |      0 |      0 |    0 |          0 |
|       (core)                                                                    |                           uop_block__parameterized12 |          0 |          0 |       0 |    0 |     0 |      0 |      0 |    0 |          0 |
|       g[0].g_normal.alu_i                                                       |                     microop_unit__parameterized0__19 |          0 |          0 |       0 |    0 |    32 |      0 |      0 |    0 |          0 |
|       g[1].g_normal.alu_i                                                       |                     microop_unit__parameterized0__20 |          0 |          0 |       0 |    0 |    32 |      0 |      0 |    0 |          0 |
|   g_has_mem.glen_mem[14].blk_i                                                  |                      uop_block_wrap__parameterized13 |          5 |          5 |       0 |    0 |   204 |      0 |      0 |    0 |          0 |
|     (g_has_mem.glen_mem[14].blk_i)                                              |                      uop_block_wrap__parameterized13 |          3 |          3 |       0 |    0 |    75 |      0 |      0 |    0 |          0 |
|     core                                                                        |                           uop_block__parameterized13 |          2 |          2 |       0 |    0 |   129 |      0 |      0 |    0 |          0 |
|       (core)                                                                    |                           uop_block__parameterized13 |          2 |          2 |       0 |    0 |     1 |      0 |      0 |    0 |          0 |
|       g[0].g_normal.alu_i                                                       |                     microop_unit__parameterized2__14 |          0 |          0 |       0 |    0 |    64 |      0 |      0 |    0 |          0 |
|       g[1].g_normal.alu_i                                                       |                     microop_unit__parameterized2__15 |          0 |          0 |       0 |    0 |    64 |      0 |      0 |    0 |          0 |
|   g_has_mem.glen_mem[15].blk_i                                                  |                      uop_block_wrap__parameterized14 |         64 |         64 |       0 |    0 |   198 |      0 |      0 |    0 |          0 |
|     (g_has_mem.glen_mem[15].blk_i)                                              |                      uop_block_wrap__parameterized14 |          0 |          0 |       0 |    0 |    70 |      0 |      0 |    0 |          0 |
|     core                                                                        |                        uop_block__parameterized14_36 |         64 |         64 |       0 |    0 |   128 |      0 |      0 |    0 |          0 |
|       (core)                                                                    |                        uop_block__parameterized14_36 |          0 |          0 |       0 |    0 |     0 |      0 |      0 |    0 |          0 |
|       g[0].g_normal.alu_i                                                       |                      microop_unit__parameterized1__7 |         64 |         64 |       0 |    0 |    64 |      0 |      0 |    0 |          0 |
|       g[1].g_normal.alu_i                                                       |                     microop_unit__parameterized2__48 |          0 |          0 |       0 |    0 |    64 |      0 |      0 |    0 |          0 |
|   g_has_mem.glen_mem[16].blk_i                                                  |                      uop_block_wrap__parameterized15 |          8 |          8 |       0 |    0 |   180 |      0 |      0 |    0 |          0 |
|     (g_has_mem.glen_mem[16].blk_i)                                              |                      uop_block_wrap__parameterized15 |          2 |          2 |       0 |    0 |    50 |      0 |      0 |    0 |          0 |
|     core                                                                        |                        uop_block__parameterized15_35 |          6 |          6 |       0 |    0 |   130 |      0 |      0 |    0 |          0 |
|       (core)                                                                    |                        uop_block__parameterized15_35 |          6 |          6 |       0 |    0 |     2 |      0 |      0 |    0 |          0 |
|       g[0].g_normal.alu_i                                                       |                      microop_unit__parameterized0__3 |          0 |          0 |       0 |    0 |    32 |      0 |      0 |    0 |          0 |
|       g[1].g_normal.alu_i                                                       |                     microop_unit__parameterized11__3 |          0 |          0 |       0 |    0 |    32 |      0 |      0 |    0 |          0 |
|       g[2].g_normal.alu_i                                                       |                     microop_unit__parameterized2__16 |          0 |          0 |       0 |    0 |    64 |      0 |      0 |    0 |          0 |
|   g_has_mem.glen_mem[17].blk_i                                                  |                      uop_block_wrap__parameterized16 |         68 |         68 |       0 |    0 |   204 |      0 |      0 |    0 |          0 |
|     (g_has_mem.glen_mem[17].blk_i)                                              |                      uop_block_wrap__parameterized16 |          1 |          1 |       0 |    0 |    75 |      0 |      0 |    0 |          0 |
|     core                                                                        |                        uop_block__parameterized16_34 |         67 |         67 |       0 |    0 |   129 |      0 |      0 |    0 |          0 |
|       (core)                                                                    |                        uop_block__parameterized16_34 |          3 |          3 |       0 |    0 |     1 |      0 |      0 |    0 |          0 |
|       g[0].g_normal.alu_i                                                       |                      microop_unit__parameterized1__4 |         64 |         64 |       0 |    0 |    64 |      0 |      0 |    0 |          0 |
|       g[1].g_normal.alu_i                                                       |                     microop_unit__parameterized2__19 |          0 |          0 |       0 |    0 |    64 |      0 |      0 |    0 |          0 |
|   g_has_mem.glen_mem[18].blk_i                                                  |                      uop_block_wrap__parameterized17 |          6 |          6 |       0 |    0 |   115 |      0 |      0 |    0 |          0 |
|     (g_has_mem.glen_mem[18].blk_i)                                              |                      uop_block_wrap__parameterized17 |          3 |          3 |       0 |    0 |    50 |      0 |      0 |    0 |          0 |
|     core                                                                        |                           uop_block__parameterized17 |          3 |          3 |       0 |    0 |    65 |      0 |      0 |    0 |          0 |
|       (core)                                                                    |                           uop_block__parameterized17 |          3 |          3 |       0 |    0 |     1 |      0 |      0 |    0 |          0 |
|       g[0].g_normal.alu_i                                                       |                      microop_unit__parameterized0__4 |          0 |          0 |       0 |    0 |    32 |      0 |      0 |    0 |          0 |
|       g[1].g_normal.alu_i                                                       |                      microop_unit__parameterized0__7 |          0 |          0 |       0 |    0 |    32 |      0 |      0 |    0 |          0 |
|   g_has_mem.glen_mem[19].blk_i                                                  |                    uop_block_wrap__parameterized14_0 |         64 |         64 |       0 |    0 |   198 |      0 |      0 |    0 |          0 |
|     (g_has_mem.glen_mem[19].blk_i)                                              |                    uop_block_wrap__parameterized14_0 |          0 |          0 |       0 |    0 |    70 |      0 |      0 |    0 |          0 |
|     core                                                                        |                        uop_block__parameterized14_33 |         64 |         64 |       0 |    0 |   128 |      0 |      0 |    0 |          0 |
|       (core)                                                                    |                        uop_block__parameterized14_33 |          0 |          0 |       0 |    0 |     0 |      0 |      0 |    0 |          0 |
|       g[0].g_normal.alu_i                                                       |                     microop_unit__parameterized1__11 |         64 |         64 |       0 |    0 |    64 |      0 |      0 |    0 |          0 |
|       g[1].g_normal.alu_i                                                       |                     microop_unit__parameterized2__54 |          0 |          0 |       0 |    0 |    64 |      0 |      0 |    0 |          0 |
|   g_has_mem.glen_mem[1].blk_i                                                   |                       uop_block_wrap__parameterized0 |         72 |         72 |       0 |    0 |   205 |      0 |      0 |    0 |          0 |
|     (g_has_mem.glen_mem[1].blk_i)                                               |                       uop_block_wrap__parameterized0 |          6 |          6 |       0 |    0 |    76 |      0 |      0 |    0 |          0 |
|     core                                                                        |                            uop_block__parameterized0 |         66 |         66 |       0 |    0 |   129 |      0 |      0 |    0 |          0 |
|       (core)                                                                    |                            uop_block__parameterized0 |          2 |          2 |       0 |    0 |     1 |      0 |      0 |    0 |          0 |
|       g[0].g_normal.alu_i                                                       |                      microop_unit__parameterized1__2 |         64 |         64 |       0 |    0 |    64 |      0 |      0 |    0 |          0 |
|       g[1].g_normal.alu_i                                                       |                      microop_unit__parameterized2__6 |          0 |          0 |       0 |    0 |    64 |      0 |      0 |    0 |          0 |
|   g_has_mem.glen_mem[20].blk_i                                                  |                    uop_block_wrap__parameterized14_1 |         64 |         64 |       0 |    0 |   198 |      0 |      0 |    0 |          0 |
|     (g_has_mem.glen_mem[20].blk_i)                                              |                    uop_block_wrap__parameterized14_1 |          0 |          0 |       0 |    0 |    70 |      0 |      0 |    0 |          0 |
|     core                                                                        |                        uop_block__parameterized14_32 |         64 |         64 |       0 |    0 |   128 |      0 |      0 |    0 |          0 |
|       (core)                                                                    |                        uop_block__parameterized14_32 |          0 |          0 |       0 |    0 |     0 |      0 |      0 |    0 |          0 |
|       g[0].g_normal.alu_i                                                       |                     microop_unit__parameterized1__10 |         64 |         64 |       0 |    0 |    64 |      0 |      0 |    0 |          0 |
|       g[1].g_normal.alu_i                                                       |                     microop_unit__parameterized2__53 |          0 |          0 |       0 |    0 |    64 |      0 |      0 |    0 |          0 |
|   g_has_mem.glen_mem[21].blk_i                                                  |           uop_block_wrap__parameterized18__xdcDup__1 |         64 |         64 |       0 |    0 |   262 |      0 |      0 |    0 |          0 |
|     (g_has_mem.glen_mem[21].blk_i)                                              |           uop_block_wrap__parameterized18__xdcDup__1 |          0 |          0 |       0 |    0 |    70 |      0 |      0 |    0 |          0 |
|     core                                                                        |                uop_block__parameterized18__xdcDup__1 |         64 |         64 |       0 |    0 |   192 |      0 |      0 |    0 |          0 |
|       (core)                                                                    |                uop_block__parameterized18__xdcDup__1 |          0 |          0 |       0 |    0 |     0 |      0 |      0 |    0 |          0 |
|       g[0].g_normal.alu_i                                                       |              microop_unit__parameterized5__xdcDup__4 |         64 |         64 |       0 |    0 |   128 |      0 |      0 |    0 |          0 |
|         (g[0].g_normal.alu_i)                                                   |              microop_unit__parameterized5__xdcDup__4 |          0 |          0 |       0 |    0 |    64 |      0 |      0 |    0 |          0 |
|         g_iadd.use_ip.u_addsub                                                  |                                integer_addsub_HD5841 |         64 |         64 |       0 |    0 |    64 |      0 |      0 |    0 |          0 |
|           (g_iadd.use_ip.u_addsub)                                              |                                integer_addsub_HD5841 |          0 |          0 |       0 |    0 |     0 |      0 |      0 |    0 |          0 |
|           U0                                                                    |               integer_addsubc_addsub_v12_0_14_HD5842 |         64 |         64 |       0 |    0 |    64 |      0 |      0 |    0 |          0 |
|             (U0)                                                                |               integer_addsubc_addsub_v12_0_14_HD5842 |          0 |          0 |       0 |    0 |     0 |      0 |      0 |    0 |          0 |
|             xst_addsub                                                          |           integer_addsubc_addsub_v12_0_14_viv_HD5843 |         64 |         64 |       0 |    0 |    64 |      0 |      0 |    0 |          0 |
|               (xst_addsub)                                                      |           integer_addsubc_addsub_v12_0_14_viv_HD5843 |          0 |          0 |       0 |    0 |     0 |      0 |      0 |    0 |          0 |
|               i_baseblox.i_baseblox_addsub                                      |        integer_addsubc_addsub_v12_0_14_legacy_HD5844 |         64 |         64 |       0 |    0 |    64 |      0 |      0 |    0 |          0 |
|                 no_pipelining.the_addsub                                        | integer_addsubc_addsub_v12_0_14_fabric_legacy_HD5845 |         64 |         64 |       0 |    0 |    64 |      0 |      0 |    0 |          0 |
|                   i_lut6.i_lut6_addsub                                          |   integer_addsubc_addsub_v12_0_14_lut6_legacy_HD5846 |         64 |         64 |       0 |    0 |    64 |      0 |      0 |    0 |          0 |
|                     (i_lut6.i_lut6_addsub)                                      |   integer_addsubc_addsub_v12_0_14_lut6_legacy_HD5846 |         64 |         64 |       0 |    0 |     0 |      0 |      0 |    0 |          0 |
|                     i_q.i_simple.qreg                                           |            integer_addsubc_reg_fd_v12_0_6_viv_HD5847 |          0 |          0 |       0 |    0 |    64 |      0 |      0 |    0 |          0 |
|       g[1].g_normal.alu_i                                                       |                     microop_unit__parameterized2__49 |          0 |          0 |       0 |    0 |    64 |      0 |      0 |    0 |          0 |
|   g_has_mem.glen_mem[22].blk_i                                                  |                    uop_block_wrap__parameterized15_2 |          8 |          8 |       0 |    0 |   180 |      0 |      0 |    0 |          0 |
|     (g_has_mem.glen_mem[22].blk_i)                                              |                    uop_block_wrap__parameterized15_2 |          2 |          2 |       0 |    0 |    50 |      0 |      0 |    0 |          0 |
|     core                                                                        |                        uop_block__parameterized15_31 |          6 |          6 |       0 |    0 |   130 |      0 |      0 |    0 |          0 |
|       (core)                                                                    |                        uop_block__parameterized15_31 |          6 |          6 |       0 |    0 |     2 |      0 |      0 |    0 |          0 |
|       g[0].g_normal.alu_i                                                       |                      microop_unit__parameterized0__6 |          0 |          0 |       0 |    0 |    32 |      0 |      0 |    0 |          0 |
|       g[1].g_normal.alu_i                                                       |                     microop_unit__parameterized11__2 |          0 |          0 |       0 |    0 |    32 |      0 |      0 |    0 |          0 |
|       g[2].g_normal.alu_i                                                       |                     microop_unit__parameterized2__18 |          0 |          0 |       0 |    0 |    64 |      0 |      0 |    0 |          0 |
|   g_has_mem.glen_mem[23].blk_i                                                  |           uop_block_wrap__parameterized18__xdcDup__2 |         64 |         64 |       0 |    0 |   262 |      0 |      0 |    0 |          0 |
|     (g_has_mem.glen_mem[23].blk_i)                                              |           uop_block_wrap__parameterized18__xdcDup__2 |          0 |          0 |       0 |    0 |    70 |      0 |      0 |    0 |          0 |
|     core                                                                        |                uop_block__parameterized18__xdcDup__2 |         64 |         64 |       0 |    0 |   192 |      0 |      0 |    0 |          0 |
|       (core)                                                                    |                uop_block__parameterized18__xdcDup__2 |          0 |          0 |       0 |    0 |     0 |      0 |      0 |    0 |          0 |
|       g[0].g_normal.alu_i                                                       |              microop_unit__parameterized5__xdcDup__5 |         64 |         64 |       0 |    0 |   128 |      0 |      0 |    0 |          0 |
|         (g[0].g_normal.alu_i)                                                   |              microop_unit__parameterized5__xdcDup__5 |          0 |          0 |       0 |    0 |    64 |      0 |      0 |    0 |          0 |
|         g_iadd.use_ip.u_addsub                                                  |                                integer_addsub_HD5848 |         64 |         64 |       0 |    0 |    64 |      0 |      0 |    0 |          0 |
|           (g_iadd.use_ip.u_addsub)                                              |                                integer_addsub_HD5848 |          0 |          0 |       0 |    0 |     0 |      0 |      0 |    0 |          0 |
|           U0                                                                    |               integer_addsubc_addsub_v12_0_14_HD5849 |         64 |         64 |       0 |    0 |    64 |      0 |      0 |    0 |          0 |
|             (U0)                                                                |               integer_addsubc_addsub_v12_0_14_HD5849 |          0 |          0 |       0 |    0 |     0 |      0 |      0 |    0 |          0 |
|             xst_addsub                                                          |           integer_addsubc_addsub_v12_0_14_viv_HD5850 |         64 |         64 |       0 |    0 |    64 |      0 |      0 |    0 |          0 |
|               (xst_addsub)                                                      |           integer_addsubc_addsub_v12_0_14_viv_HD5850 |          0 |          0 |       0 |    0 |     0 |      0 |      0 |    0 |          0 |
|               i_baseblox.i_baseblox_addsub                                      |        integer_addsubc_addsub_v12_0_14_legacy_HD5851 |         64 |         64 |       0 |    0 |    64 |      0 |      0 |    0 |          0 |
|                 no_pipelining.the_addsub                                        | integer_addsubc_addsub_v12_0_14_fabric_legacy_HD5852 |         64 |         64 |       0 |    0 |    64 |      0 |      0 |    0 |          0 |
|                   i_lut6.i_lut6_addsub                                          |   integer_addsubc_addsub_v12_0_14_lut6_legacy_HD5853 |         64 |         64 |       0 |    0 |    64 |      0 |      0 |    0 |          0 |
|                     (i_lut6.i_lut6_addsub)                                      |   integer_addsubc_addsub_v12_0_14_lut6_legacy_HD5853 |         64 |         64 |       0 |    0 |     0 |      0 |      0 |    0 |          0 |
|                     i_q.i_simple.qreg                                           |            integer_addsubc_reg_fd_v12_0_6_viv_HD5854 |          0 |          0 |       0 |    0 |    64 |      0 |      0 |    0 |          0 |
|       g[1].g_normal.alu_i                                                       |                     microop_unit__parameterized2__50 |          0 |          0 |       0 |    0 |    64 |      0 |      0 |    0 |          0 |
|   g_has_mem.glen_mem[24].blk_i                                                  |                      uop_block_wrap__parameterized18 |         64 |         64 |       0 |    0 |   262 |      0 |      0 |    0 |          0 |
|     (g_has_mem.glen_mem[24].blk_i)                                              |                      uop_block_wrap__parameterized18 |          0 |          0 |       0 |    0 |    70 |      0 |      0 |    0 |          0 |
|     core                                                                        |                           uop_block__parameterized18 |         64 |         64 |       0 |    0 |   192 |      0 |      0 |    0 |          0 |
|       (core)                                                                    |                           uop_block__parameterized18 |          0 |          0 |       0 |    0 |     0 |      0 |      0 |    0 |          0 |
|       g[0].g_normal.alu_i                                                       |              microop_unit__parameterized5__xdcDup__6 |         64 |         64 |       0 |    0 |   128 |      0 |      0 |    0 |          0 |
|         (g[0].g_normal.alu_i)                                                   |              microop_unit__parameterized5__xdcDup__6 |          0 |          0 |       0 |    0 |    64 |      0 |      0 |    0 |          0 |
|         g_iadd.use_ip.u_addsub                                                  |                                integer_addsub_HD5855 |         64 |         64 |       0 |    0 |    64 |      0 |      0 |    0 |          0 |
|           (g_iadd.use_ip.u_addsub)                                              |                                integer_addsub_HD5855 |          0 |          0 |       0 |    0 |     0 |      0 |      0 |    0 |          0 |
|           U0                                                                    |               integer_addsubc_addsub_v12_0_14_HD5856 |         64 |         64 |       0 |    0 |    64 |      0 |      0 |    0 |          0 |
|             (U0)                                                                |               integer_addsubc_addsub_v12_0_14_HD5856 |          0 |          0 |       0 |    0 |     0 |      0 |      0 |    0 |          0 |
|             xst_addsub                                                          |           integer_addsubc_addsub_v12_0_14_viv_HD5857 |         64 |         64 |       0 |    0 |    64 |      0 |      0 |    0 |          0 |
|               (xst_addsub)                                                      |           integer_addsubc_addsub_v12_0_14_viv_HD5857 |          0 |          0 |       0 |    0 |     0 |      0 |      0 |    0 |          0 |
|               i_baseblox.i_baseblox_addsub                                      |        integer_addsubc_addsub_v12_0_14_legacy_HD5858 |         64 |         64 |       0 |    0 |    64 |      0 |      0 |    0 |          0 |
|                 no_pipelining.the_addsub                                        | integer_addsubc_addsub_v12_0_14_fabric_legacy_HD5859 |         64 |         64 |       0 |    0 |    64 |      0 |      0 |    0 |          0 |
|                   i_lut6.i_lut6_addsub                                          |   integer_addsubc_addsub_v12_0_14_lut6_legacy_HD5860 |         64 |         64 |       0 |    0 |    64 |      0 |      0 |    0 |          0 |
|                     (i_lut6.i_lut6_addsub)                                      |   integer_addsubc_addsub_v12_0_14_lut6_legacy_HD5860 |         64 |         64 |       0 |    0 |     0 |      0 |      0 |    0 |          0 |
|                     i_q.i_simple.qreg                                           |            integer_addsubc_reg_fd_v12_0_6_viv_HD5861 |          0 |          0 |       0 |    0 |    64 |      0 |      0 |    0 |          0 |
|       g[1].g_normal.alu_i                                                       |                         microop_unit__parameterized2 |          0 |          0 |       0 |    0 |    64 |      0 |      0 |    0 |          0 |
|   g_has_mem.glen_mem[25].blk_i                                                  |                    uop_block_wrap__parameterized15_3 |          8 |          8 |       0 |    0 |   180 |      0 |      0 |    0 |          0 |
|     (g_has_mem.glen_mem[25].blk_i)                                              |                    uop_block_wrap__parameterized15_3 |          3 |          3 |       0 |    0 |    50 |      0 |      0 |    0 |          0 |
|     core                                                                        |                           uop_block__parameterized15 |          5 |          5 |       0 |    0 |   130 |      0 |      0 |    0 |          0 |
|       (core)                                                                    |                           uop_block__parameterized15 |          5 |          5 |       0 |    0 |     2 |      0 |      0 |    0 |          0 |
|       g[0].g_normal.alu_i                                                       |                      microop_unit__parameterized0__5 |          0 |          0 |       0 |    0 |    32 |      0 |      0 |    0 |          0 |
|       g[1].g_normal.alu_i                                                       |                     microop_unit__parameterized11__1 |          0 |          0 |       0 |    0 |    32 |      0 |      0 |    0 |          0 |
|       g[2].g_normal.alu_i                                                       |                     microop_unit__parameterized2__17 |          0 |          0 |       0 |    0 |    64 |      0 |      0 |    0 |          0 |
|   g_has_mem.glen_mem[26].blk_i                                                  |                    uop_block_wrap__parameterized14_4 |         64 |         64 |       0 |    0 |   198 |      0 |      0 |    0 |          0 |
|     (g_has_mem.glen_mem[26].blk_i)                                              |                    uop_block_wrap__parameterized14_4 |          0 |          0 |       0 |    0 |    70 |      0 |      0 |    0 |          0 |
|     core                                                                        |                        uop_block__parameterized14_30 |         64 |         64 |       0 |    0 |   128 |      0 |      0 |    0 |          0 |
|       (core)                                                                    |                        uop_block__parameterized14_30 |          0 |          0 |       0 |    0 |     0 |      0 |      0 |    0 |          0 |
|       g[0].g_normal.alu_i                                                       |                      microop_unit__parameterized1__9 |         64 |         64 |       0 |    0 |    64 |      0 |      0 |    0 |          0 |
|       g[1].g_normal.alu_i                                                       |                     microop_unit__parameterized2__52 |          0 |          0 |       0 |    0 |    64 |      0 |      0 |    0 |          0 |
|   g_has_mem.glen_mem[27].blk_i                                                  |                    uop_block_wrap__parameterized14_5 |         64 |         64 |       0 |    0 |   198 |      0 |      0 |    0 |          0 |
|     (g_has_mem.glen_mem[27].blk_i)                                              |                    uop_block_wrap__parameterized14_5 |          0 |          0 |       0 |    0 |    70 |      0 |      0 |    0 |          0 |
|     core                                                                        |                           uop_block__parameterized14 |         64 |         64 |       0 |    0 |   128 |      0 |      0 |    0 |          0 |
|       (core)                                                                    |                           uop_block__parameterized14 |          0 |          0 |       0 |    0 |     0 |      0 |      0 |    0 |          0 |
|       g[0].g_normal.alu_i                                                       |                      microop_unit__parameterized1__8 |         64 |         64 |       0 |    0 |    64 |      0 |      0 |    0 |          0 |
|       g[1].g_normal.alu_i                                                       |                     microop_unit__parameterized2__51 |          0 |          0 |       0 |    0 |    64 |      0 |      0 |    0 |          0 |
|   g_has_mem.glen_mem[28].blk_i                                                  |                      uop_block_wrap__parameterized19 |        128 |        128 |       0 |    0 |   326 |      0 |      0 |    0 |          0 |
|     (g_has_mem.glen_mem[28].blk_i)                                              |                      uop_block_wrap__parameterized19 |          0 |          0 |       0 |    0 |    70 |      0 |      0 |    0 |          0 |
|     core                                                                        |                           uop_block__parameterized19 |        128 |        128 |       0 |    0 |   256 |      0 |      0 |    0 |          0 |
|       (core)                                                                    |                           uop_block__parameterized19 |          0 |          0 |       0 |    0 |     0 |      0 |      0 |    0 |          0 |
|       g[0].g_normal.alu_i                                                       |              microop_unit__parameterized4__xdcDup__8 |         64 |         64 |       0 |    0 |   128 |      0 |      0 |    0 |          0 |
|         (g[0].g_normal.alu_i)                                                   |              microop_unit__parameterized4__xdcDup__8 |          0 |          0 |       0 |    0 |    64 |      0 |      0 |    0 |          0 |
|         g_iadd.use_ip.u_addsub                                                  |                                integer_addsub_HD5862 |         64 |         64 |       0 |    0 |    64 |      0 |      0 |    0 |          0 |
|           (g_iadd.use_ip.u_addsub)                                              |                                integer_addsub_HD5862 |          0 |          0 |       0 |    0 |     0 |      0 |      0 |    0 |          0 |
|           U0                                                                    |               integer_addsubc_addsub_v12_0_14_HD5863 |         64 |         64 |       0 |    0 |    64 |      0 |      0 |    0 |          0 |
|             (U0)                                                                |               integer_addsubc_addsub_v12_0_14_HD5863 |          0 |          0 |       0 |    0 |     0 |      0 |      0 |    0 |          0 |
|             xst_addsub                                                          |           integer_addsubc_addsub_v12_0_14_viv_HD5864 |         64 |         64 |       0 |    0 |    64 |      0 |      0 |    0 |          0 |
|               (xst_addsub)                                                      |           integer_addsubc_addsub_v12_0_14_viv_HD5864 |          0 |          0 |       0 |    0 |     0 |      0 |      0 |    0 |          0 |
|               i_baseblox.i_baseblox_addsub                                      |        integer_addsubc_addsub_v12_0_14_legacy_HD5865 |         64 |         64 |       0 |    0 |    64 |      0 |      0 |    0 |          0 |
|                 no_pipelining.the_addsub                                        | integer_addsubc_addsub_v12_0_14_fabric_legacy_HD5866 |         64 |         64 |       0 |    0 |    64 |      0 |      0 |    0 |          0 |
|                   i_lut6.i_lut6_addsub                                          |   integer_addsubc_addsub_v12_0_14_lut6_legacy_HD5867 |         64 |         64 |       0 |    0 |    64 |      0 |      0 |    0 |          0 |
|                     (i_lut6.i_lut6_addsub)                                      |   integer_addsubc_addsub_v12_0_14_lut6_legacy_HD5867 |         64 |         64 |       0 |    0 |     0 |      0 |      0 |    0 |          0 |
|                     i_q.i_simple.qreg                                           |            integer_addsubc_reg_fd_v12_0_6_viv_HD5868 |          0 |          0 |       0 |    0 |    64 |      0 |      0 |    0 |          0 |
|       g[1].g_normal.alu_i                                                       |                         microop_unit__parameterized5 |         64 |         64 |       0 |    0 |   128 |      0 |      0 |    0 |          0 |
|         (g[1].g_normal.alu_i)                                                   |                         microop_unit__parameterized5 |          0 |          0 |       0 |    0 |    64 |      0 |      0 |    0 |          0 |
|         g_iadd.use_ip.u_addsub                                                  |                                integer_addsub_HD5869 |         64 |         64 |       0 |    0 |    64 |      0 |      0 |    0 |          0 |
|           (g_iadd.use_ip.u_addsub)                                              |                                integer_addsub_HD5869 |          0 |          0 |       0 |    0 |     0 |      0 |      0 |    0 |          0 |
|           U0                                                                    |               integer_addsubc_addsub_v12_0_14_HD5870 |         64 |         64 |       0 |    0 |    64 |      0 |      0 |    0 |          0 |
|             (U0)                                                                |               integer_addsubc_addsub_v12_0_14_HD5870 |          0 |          0 |       0 |    0 |     0 |      0 |      0 |    0 |          0 |
|             xst_addsub                                                          |           integer_addsubc_addsub_v12_0_14_viv_HD5871 |         64 |         64 |       0 |    0 |    64 |      0 |      0 |    0 |          0 |
|               (xst_addsub)                                                      |           integer_addsubc_addsub_v12_0_14_viv_HD5871 |          0 |          0 |       0 |    0 |     0 |      0 |      0 |    0 |          0 |
|               i_baseblox.i_baseblox_addsub                                      |        integer_addsubc_addsub_v12_0_14_legacy_HD5872 |         64 |         64 |       0 |    0 |    64 |      0 |      0 |    0 |          0 |
|                 no_pipelining.the_addsub                                        | integer_addsubc_addsub_v12_0_14_fabric_legacy_HD5873 |         64 |         64 |       0 |    0 |    64 |      0 |      0 |    0 |          0 |
|                   i_lut6.i_lut6_addsub                                          |   integer_addsubc_addsub_v12_0_14_lut6_legacy_HD5874 |         64 |         64 |       0 |    0 |    64 |      0 |      0 |    0 |          0 |
|                     (i_lut6.i_lut6_addsub)                                      |   integer_addsubc_addsub_v12_0_14_lut6_legacy_HD5874 |         64 |         64 |       0 |    0 |     0 |      0 |      0 |    0 |          0 |
|                     i_q.i_simple.qreg                                           |            integer_addsubc_reg_fd_v12_0_6_viv_HD5875 |          0 |          0 |       0 |    0 |    64 |      0 |      0 |    0 |          0 |
|   g_has_mem.glen_mem[29].blk_i                                                  |                      uop_block_wrap__parameterized20 |          4 |          4 |       0 |    0 |   208 |      0 |      0 |    0 |          0 |
|     (g_has_mem.glen_mem[29].blk_i)                                              |                      uop_block_wrap__parameterized20 |          1 |          1 |       0 |    0 |    79 |      0 |      0 |    0 |          0 |
|     core                                                                        |                        uop_block__parameterized20_29 |          3 |          3 |       0 |    0 |   129 |      0 |      0 |    0 |          0 |
|       (core)                                                                    |                        uop_block__parameterized20_29 |          3 |          3 |       0 |    0 |     1 |      0 |      0 |    0 |          0 |
|       g[0].g_normal.alu_i                                                       |                     microop_unit__parameterized2__34 |          0 |          0 |       0 |    0 |    64 |      0 |      0 |    0 |          0 |
|       g[1].g_normal.alu_i                                                       |                     microop_unit__parameterized2__35 |          0 |          0 |       0 |    0 |    64 |      0 |      0 |    0 |          0 |
|   g_has_mem.glen_mem[2].blk_i                                                   |                       uop_block_wrap__parameterized1 |         32 |         32 |       0 |    0 |   101 |      0 |      0 |    0 |          0 |
|     (g_has_mem.glen_mem[2].blk_i)                                               |                       uop_block_wrap__parameterized1 |          0 |          0 |       0 |    0 |    37 |      0 |      0 |    0 |          0 |
|     core                                                                        |                            uop_block__parameterized1 |         32 |         32 |       0 |    0 |    64 |      0 |      0 |    0 |          0 |
|       (core)                                                                    |                            uop_block__parameterized1 |          0 |          0 |       0 |    0 |     0 |      0 |      0 |    0 |          0 |
|       g[0].g_normal.alu_i                                                       |                      microop_unit__parameterized3__1 |         32 |         32 |       0 |    0 |    32 |      0 |      0 |    0 |          0 |
|       g[1].g_normal.alu_i                                                       |                      microop_unit__parameterized0__1 |          0 |          0 |       0 |    0 |    32 |      0 |      0 |    0 |          0 |
|   g_has_mem.glen_mem[30].blk_i                                                  |                    uop_block_wrap__parameterized20_6 |          4 |          4 |       0 |    0 |   205 |      0 |      0 |    0 |          0 |
|     (g_has_mem.glen_mem[30].blk_i)                                              |                    uop_block_wrap__parameterized20_6 |          1 |          1 |       0 |    0 |    76 |      0 |      0 |    0 |          0 |
|     core                                                                        |                        uop_block__parameterized20_28 |          3 |          3 |       0 |    0 |   129 |      0 |      0 |    0 |          0 |
|       (core)                                                                    |                        uop_block__parameterized20_28 |          3 |          3 |       0 |    0 |     1 |      0 |      0 |    0 |          0 |
|       g[0].g_normal.alu_i                                                       |                     microop_unit__parameterized2__40 |          0 |          0 |       0 |    0 |    64 |      0 |      0 |    0 |          0 |
|       g[1].g_normal.alu_i                                                       |                     microop_unit__parameterized2__39 |          0 |          0 |       0 |    0 |    64 |      0 |      0 |    0 |          0 |
|   g_has_mem.glen_mem[31].blk_i                                                  |                    uop_block_wrap__parameterized20_7 |          4 |          4 |       0 |    0 |   206 |      0 |      0 |    0 |          0 |
|     (g_has_mem.glen_mem[31].blk_i)                                              |                    uop_block_wrap__parameterized20_7 |          1 |          1 |       0 |    0 |    77 |      0 |      0 |    0 |          0 |
|     core                                                                        |                        uop_block__parameterized20_27 |          3 |          3 |       0 |    0 |   129 |      0 |      0 |    0 |          0 |
|       (core)                                                                    |                        uop_block__parameterized20_27 |          3 |          3 |       0 |    0 |     1 |      0 |      0 |    0 |          0 |
|       g[0].g_normal.alu_i                                                       |                     microop_unit__parameterized2__23 |          0 |          0 |       0 |    0 |    64 |      0 |      0 |    0 |          0 |
|       g[1].g_normal.alu_i                                                       |                     microop_unit__parameterized2__24 |          0 |          0 |       0 |    0 |    64 |      0 |      0 |    0 |          0 |
|   g_has_mem.glen_mem[32].blk_i                                                  |                    uop_block_wrap__parameterized20_8 |          4 |          4 |       0 |    0 |   203 |      0 |      0 |    0 |          0 |
|     (g_has_mem.glen_mem[32].blk_i)                                              |                    uop_block_wrap__parameterized20_8 |          1 |          1 |       0 |    0 |    74 |      0 |      0 |    0 |          0 |
|     core                                                                        |                        uop_block__parameterized20_26 |          3 |          3 |       0 |    0 |   129 |      0 |      0 |    0 |          0 |
|       (core)                                                                    |                        uop_block__parameterized20_26 |          3 |          3 |       0 |    0 |     1 |      0 |      0 |    0 |          0 |
|       g[0].g_normal.alu_i                                                       |                     microop_unit__parameterized2__32 |          0 |          0 |       0 |    0 |    64 |      0 |      0 |    0 |          0 |
|       g[1].g_normal.alu_i                                                       |                     microop_unit__parameterized2__31 |          0 |          0 |       0 |    0 |    64 |      0 |      0 |    0 |          0 |
|   g_has_mem.glen_mem[33].blk_i                                                  |                    uop_block_wrap__parameterized20_9 |          5 |          5 |       0 |    0 |   204 |      0 |      0 |    0 |          0 |
|     (g_has_mem.glen_mem[33].blk_i)                                              |                    uop_block_wrap__parameterized20_9 |          2 |          2 |       0 |    0 |    75 |      0 |      0 |    0 |          0 |
|     core                                                                        |                        uop_block__parameterized20_25 |          3 |          3 |       0 |    0 |   129 |      0 |      0 |    0 |          0 |
|       (core)                                                                    |                        uop_block__parameterized20_25 |          3 |          3 |       0 |    0 |     1 |      0 |      0 |    0 |          0 |
|       g[0].g_normal.alu_i                                                       |                     microop_unit__parameterized2__30 |          0 |          0 |       0 |    0 |    64 |      0 |      0 |    0 |          0 |
|       g[1].g_normal.alu_i                                                       |                     microop_unit__parameterized2__29 |          0 |          0 |       0 |    0 |    64 |      0 |      0 |    0 |          0 |
|   g_has_mem.glen_mem[34].blk_i                                                  |                   uop_block_wrap__parameterized20_10 |          7 |          7 |       0 |    0 |   210 |      0 |      0 |    0 |          0 |
|     (g_has_mem.glen_mem[34].blk_i)                                              |                   uop_block_wrap__parameterized20_10 |          3 |          3 |       0 |    0 |    81 |      0 |      0 |    0 |          0 |
|     core                                                                        |                        uop_block__parameterized20_24 |          4 |          4 |       0 |    0 |   129 |      0 |      0 |    0 |          0 |
|       (core)                                                                    |                        uop_block__parameterized20_24 |          4 |          4 |       0 |    0 |     1 |      0 |      0 |    0 |          0 |
|       g[0].g_normal.alu_i                                                       |                     microop_unit__parameterized2__28 |          0 |          0 |       0 |    0 |    64 |      0 |      0 |    0 |          0 |
|       g[1].g_normal.alu_i                                                       |                     microop_unit__parameterized2__27 |          0 |          0 |       0 |    0 |    64 |      0 |      0 |    0 |          0 |
|   g_has_mem.glen_mem[35].blk_i                                                  |                   uop_block_wrap__parameterized20_11 |          5 |          5 |       0 |    0 |   205 |      0 |      0 |    0 |          0 |
|     (g_has_mem.glen_mem[35].blk_i)                                              |                   uop_block_wrap__parameterized20_11 |          2 |          2 |       0 |    0 |    76 |      0 |      0 |    0 |          0 |
|     core                                                                        |                        uop_block__parameterized20_23 |          3 |          3 |       0 |    0 |   129 |      0 |      0 |    0 |          0 |
|       (core)                                                                    |                        uop_block__parameterized20_23 |          3 |          3 |       0 |    0 |     1 |      0 |      0 |    0 |          0 |
|       g[0].g_normal.alu_i                                                       |                     microop_unit__parameterized2__26 |          0 |          0 |       0 |    0 |    64 |      0 |      0 |    0 |          0 |
|       g[1].g_normal.alu_i                                                       |                     microop_unit__parameterized2__25 |          0 |          0 |       0 |    0 |    64 |      0 |      0 |    0 |          0 |
|   g_has_mem.glen_mem[36].blk_i                                                  |                      uop_block_wrap__parameterized21 |          5 |          5 |       0 |    0 |   112 |      0 |      0 |    0 |          0 |
|     (g_has_mem.glen_mem[36].blk_i)                                              |                      uop_block_wrap__parameterized21 |          2 |          2 |       0 |    0 |    47 |      0 |      0 |    0 |          0 |
|     core                                                                        |                        uop_block__parameterized21_22 |          3 |          3 |       0 |    0 |    65 |      0 |      0 |    0 |          0 |
|       (core)                                                                    |                        uop_block__parameterized21_22 |          3 |          3 |       0 |    0 |     1 |      0 |      0 |    0 |          0 |
|       g[0].g_normal.alu_i                                                       |                     microop_unit__parameterized0__21 |          0 |          0 |       0 |    0 |    32 |      0 |      0 |    0 |          0 |
|       g[1].g_normal.alu_i                                                       |                        microop_unit__parameterized11 |          0 |          0 |       0 |    0 |    32 |      0 |      0 |    0 |          0 |
|   g_has_mem.glen_mem[37].blk_i                                                  |                      uop_block_wrap__parameterized22 |         71 |         71 |       0 |    0 |   148 |      0 |      0 |    0 |          0 |
|     (g_has_mem.glen_mem[37].blk_i)                                              |                      uop_block_wrap__parameterized22 |          5 |          5 |       0 |    0 |    75 |      0 |      0 |    0 |          0 |
|     core                                                                        |                           uop_block__parameterized22 |         66 |         66 |       0 |    0 |    73 |      0 |      0 |    0 |          0 |
|       (core)                                                                    |                           uop_block__parameterized22 |          2 |          2 |       0 |    0 |     1 |      0 |      0 |    0 |          0 |
|       g[0].g_normal.alu_i                                                       |                         microop_unit__parameterized1 |         64 |         64 |       0 |    0 |    64 |      0 |      0 |    0 |          0 |
|       g[1].g_normal.alu_i                                                       |                         microop_unit__parameterized7 |          0 |          0 |       0 |    0 |     8 |      0 |      0 |    0 |          0 |
|   g_has_mem.glen_mem[38].blk_i                                                  |                      uop_block_wrap__parameterized23 |          0 |          0 |       0 |    0 |    77 |      0 |      0 |    0 |          0 |
|     (g_has_mem.glen_mem[38].blk_i)                                              |                      uop_block_wrap__parameterized23 |          0 |          0 |       0 |    0 |    37 |      0 |      0 |    0 |          0 |
|     core                                                                        |                           uop_block__parameterized23 |          0 |          0 |       0 |    0 |    40 |      0 |      0 |    0 |          0 |
|       (core)                                                                    |                           uop_block__parameterized23 |          0 |          0 |       0 |    0 |     0 |      0 |      0 |    0 |          0 |
|       g[0].g_normal.alu_i                                                       |                        microop_unit__parameterized12 |          0 |          0 |       0 |    0 |     8 |      0 |      0 |    0 |          0 |
|       g[1].g_normal.alu_i                                                       |                         microop_unit__parameterized0 |          0 |          0 |       0 |    0 |    32 |      0 |      0 |    0 |          0 |
|   g_has_mem.glen_mem[39].blk_i                                                  |                      uop_block_wrap__parameterized24 |         40 |         40 |       0 |    0 |   145 |      0 |      0 |    0 |          0 |
|     (g_has_mem.glen_mem[39].blk_i)                                              |                      uop_block_wrap__parameterized24 |          3 |          3 |       0 |    0 |    47 |      0 |      0 |    0 |          0 |
|     core                                                                        |                        uop_block__parameterized24_21 |         37 |         37 |       0 |    0 |    98 |      0 |      0 |    0 |          0 |
|       (core)                                                                    |                        uop_block__parameterized24_21 |          5 |          5 |       0 |    0 |     2 |      0 |      0 |    0 |          0 |
|       g[0].g_normal.alu_i                                                       |                      microop_unit__parameterized0__8 |          0 |          0 |       0 |    0 |    32 |      0 |      0 |    0 |          0 |
|       g[1].g_normal.alu_i                                                       |                      microop_unit__parameterized3__2 |         32 |         32 |       0 |    0 |    32 |      0 |      0 |    0 |          0 |
|       g[2].g_normal.alu_i                                                       |                      microop_unit__parameterized0__9 |          0 |          0 |       0 |    0 |    32 |      0 |      0 |    0 |          0 |
|   g_has_mem.glen_mem[3].blk_i                                                   |                       uop_block_wrap__parameterized2 |         64 |         64 |       0 |    0 |   262 |      0 |      0 |    0 |          0 |
|     (g_has_mem.glen_mem[3].blk_i)                                               |                       uop_block_wrap__parameterized2 |          0 |          0 |       0 |    0 |    70 |      0 |      0 |    0 |          0 |
|     core                                                                        |                            uop_block__parameterized2 |         64 |         64 |       0 |    0 |   192 |      0 |      0 |    0 |          0 |
|       (core)                                                                    |                            uop_block__parameterized2 |          0 |          0 |       0 |    0 |     0 |      0 |      0 |    0 |          0 |
|       g[0].g_normal.alu_i                                                       |                      microop_unit__parameterized2__7 |          0 |          0 |       0 |    0 |    64 |      0 |      0 |    0 |          0 |
|       g[1].g_normal.alu_i                                                       |              microop_unit__parameterized4__xdcDup__1 |         64 |         64 |       0 |    0 |   128 |      0 |      0 |    0 |          0 |
|         (g[1].g_normal.alu_i)                                                   |              microop_unit__parameterized4__xdcDup__1 |          0 |          0 |       0 |    0 |    64 |      0 |      0 |    0 |          0 |
|         g_iadd.use_ip.u_addsub                                                  |                                integer_addsub_HD5876 |         64 |         64 |       0 |    0 |    64 |      0 |      0 |    0 |          0 |
|           (g_iadd.use_ip.u_addsub)                                              |                                integer_addsub_HD5876 |          0 |          0 |       0 |    0 |     0 |      0 |      0 |    0 |          0 |
|           U0                                                                    |               integer_addsubc_addsub_v12_0_14_HD5877 |         64 |         64 |       0 |    0 |    64 |      0 |      0 |    0 |          0 |
|             (U0)                                                                |               integer_addsubc_addsub_v12_0_14_HD5877 |          0 |          0 |       0 |    0 |     0 |      0 |      0 |    0 |          0 |
|             xst_addsub                                                          |           integer_addsubc_addsub_v12_0_14_viv_HD5878 |         64 |         64 |       0 |    0 |    64 |      0 |      0 |    0 |          0 |
|               (xst_addsub)                                                      |           integer_addsubc_addsub_v12_0_14_viv_HD5878 |          0 |          0 |       0 |    0 |     0 |      0 |      0 |    0 |          0 |
|               i_baseblox.i_baseblox_addsub                                      |        integer_addsubc_addsub_v12_0_14_legacy_HD5879 |         64 |         64 |       0 |    0 |    64 |      0 |      0 |    0 |          0 |
|                 no_pipelining.the_addsub                                        | integer_addsubc_addsub_v12_0_14_fabric_legacy_HD5880 |         64 |         64 |       0 |    0 |    64 |      0 |      0 |    0 |          0 |
|                   i_lut6.i_lut6_addsub                                          |   integer_addsubc_addsub_v12_0_14_lut6_legacy_HD5881 |         64 |         64 |       0 |    0 |    64 |      0 |      0 |    0 |          0 |
|                     (i_lut6.i_lut6_addsub)                                      |   integer_addsubc_addsub_v12_0_14_lut6_legacy_HD5881 |         64 |         64 |       0 |    0 |     0 |      0 |      0 |    0 |          0 |
|                     i_q.i_simple.qreg                                           |            integer_addsubc_reg_fd_v12_0_6_viv_HD5882 |          0 |          0 |       0 |    0 |    64 |      0 |      0 |    0 |          0 |
|   g_has_mem.glen_mem[40].blk_i                                                  |                      uop_block_wrap__parameterized25 |          4 |          4 |       0 |    0 |   110 |      0 |      0 |    0 |          0 |
|     (g_has_mem.glen_mem[40].blk_i)                                              |                      uop_block_wrap__parameterized25 |          1 |          1 |       0 |    0 |    45 |      0 |      0 |    0 |          0 |
|     core                                                                        |                           uop_block__parameterized25 |          3 |          3 |       0 |    0 |    65 |      0 |      0 |    0 |          0 |
|       (core)                                                                    |                           uop_block__parameterized25 |          3 |          3 |       0 |    0 |     1 |      0 |      0 |    0 |          0 |
|       g[0].g_normal.alu_i                                                       |                     microop_unit__parameterized0__10 |          0 |          0 |       0 |    0 |    32 |      0 |      0 |    0 |          0 |
|       g[1].g_normal.alu_i                                                       |                        microop_unit__parameterized13 |          0 |          0 |       0 |    0 |    32 |      0 |      0 |    0 |          0 |
|   g_has_mem.glen_mem[41].blk_i                                                  |                   uop_block_wrap__parameterized20_12 |          4 |          4 |       0 |    0 |   201 |      0 |      0 |    0 |          0 |
|     (g_has_mem.glen_mem[41].blk_i)                                              |                   uop_block_wrap__parameterized20_12 |          1 |          1 |       0 |    0 |    72 |      0 |      0 |    0 |          0 |
|     core                                                                        |                           uop_block__parameterized20 |          3 |          3 |       0 |    0 |   129 |      0 |      0 |    0 |          0 |
|       (core)                                                                    |                           uop_block__parameterized20 |          3 |          3 |       0 |    0 |     1 |      0 |      0 |    0 |          0 |
|       g[0].g_normal.alu_i                                                       |                     microop_unit__parameterized2__38 |          0 |          0 |       0 |    0 |    64 |      0 |      0 |    0 |          0 |
|       g[1].g_normal.alu_i                                                       |                     microop_unit__parameterized2__37 |          0 |          0 |       0 |    0 |    64 |      0 |      0 |    0 |          0 |
|   g_has_mem.glen_mem[42].blk_i                                                  |                   uop_block_wrap__parameterized24_13 |         39 |         39 |       0 |    0 |   144 |      0 |      0 |    0 |          0 |
|     (g_has_mem.glen_mem[42].blk_i)                                              |                   uop_block_wrap__parameterized24_13 |          1 |          1 |       0 |    0 |    46 |      0 |      0 |    0 |          0 |
|     core                                                                        |                        uop_block__parameterized24_20 |         38 |         38 |       0 |    0 |    98 |      0 |      0 |    0 |          0 |
|       (core)                                                                    |                        uop_block__parameterized24_20 |          6 |          6 |       0 |    0 |     2 |      0 |      0 |    0 |          0 |
|       g[0].g_normal.alu_i                                                       |                     microop_unit__parameterized0__11 |          0 |          0 |       0 |    0 |    32 |      0 |      0 |    0 |          0 |
|       g[1].g_normal.alu_i                                                       |                      microop_unit__parameterized3__3 |         32 |         32 |       0 |    0 |    32 |      0 |      0 |    0 |          0 |
|       g[2].g_normal.alu_i                                                       |                     microop_unit__parameterized0__12 |          0 |          0 |       0 |    0 |    32 |      0 |      0 |    0 |          0 |
|   g_has_mem.glen_mem[43].blk_i                                                  |                      uop_block_wrap__parameterized26 |        172 |        172 |       0 |    0 |   402 |      0 |      0 |    0 |          0 |
|     (g_has_mem.glen_mem[43].blk_i)                                              |                      uop_block_wrap__parameterized26 |          3 |          3 |       0 |    0 |    47 |      0 |      0 |    0 |          0 |
|     core                                                                        |                           uop_block__parameterized26 |        169 |        169 |       0 |    0 |   355 |      0 |      0 |    0 |          0 |
|       (core)                                                                    |                           uop_block__parameterized26 |          9 |          9 |       0 |    0 |     3 |      0 |      0 |    0 |          0 |
|       g[0].g_normal.alu_i                                                       |                     microop_unit__parameterized0__13 |          0 |          0 |       0 |    0 |    32 |      0 |      0 |    0 |          0 |
|       g[1].g_normal.alu_i                                                       |                      microop_unit__parameterized1__5 |         64 |         64 |       0 |    0 |    64 |      0 |      0 |    0 |          0 |
|       g[2].g_normal.alu_i                                                       |                         microop_unit__parameterized3 |         32 |         32 |       0 |    0 |    32 |      0 |      0 |    0 |          0 |
|       g[3].g_normal.alu_i                                                       |                     microop_unit__parameterized11__4 |          0 |          0 |       0 |    0 |    32 |      0 |      0 |    0 |          0 |
|       g[4].g_normal.alu_i                                                       |              microop_unit__parameterized4__xdcDup__9 |         64 |         64 |       0 |    0 |   128 |      0 |      0 |    0 |          0 |
|         (g[4].g_normal.alu_i)                                                   |              microop_unit__parameterized4__xdcDup__9 |          0 |          0 |       0 |    0 |    64 |      0 |      0 |    0 |          0 |
|         g_iadd.use_ip.u_addsub                                                  |                                integer_addsub_HD5883 |         64 |         64 |       0 |    0 |    64 |      0 |      0 |    0 |          0 |
|           (g_iadd.use_ip.u_addsub)                                              |                                integer_addsub_HD5883 |          0 |          0 |       0 |    0 |     0 |      0 |      0 |    0 |          0 |
|           U0                                                                    |               integer_addsubc_addsub_v12_0_14_HD5884 |         64 |         64 |       0 |    0 |    64 |      0 |      0 |    0 |          0 |
|             (U0)                                                                |               integer_addsubc_addsub_v12_0_14_HD5884 |          0 |          0 |       0 |    0 |     0 |      0 |      0 |    0 |          0 |
|             xst_addsub                                                          |           integer_addsubc_addsub_v12_0_14_viv_HD5885 |         64 |         64 |       0 |    0 |    64 |      0 |      0 |    0 |          0 |
|               (xst_addsub)                                                      |           integer_addsubc_addsub_v12_0_14_viv_HD5885 |          0 |          0 |       0 |    0 |     0 |      0 |      0 |    0 |          0 |
|               i_baseblox.i_baseblox_addsub                                      |        integer_addsubc_addsub_v12_0_14_legacy_HD5886 |         64 |         64 |       0 |    0 |    64 |      0 |      0 |    0 |          0 |
|                 no_pipelining.the_addsub                                        | integer_addsubc_addsub_v12_0_14_fabric_legacy_HD5887 |         64 |         64 |       0 |    0 |    64 |      0 |      0 |    0 |          0 |
|                   i_lut6.i_lut6_addsub                                          |   integer_addsubc_addsub_v12_0_14_lut6_legacy_HD5888 |         64 |         64 |       0 |    0 |    64 |      0 |      0 |    0 |          0 |
|                     (i_lut6.i_lut6_addsub)                                      |   integer_addsubc_addsub_v12_0_14_lut6_legacy_HD5888 |         64 |         64 |       0 |    0 |     0 |      0 |      0 |    0 |          0 |
|                     i_q.i_simple.qreg                                           |            integer_addsubc_reg_fd_v12_0_6_viv_HD5889 |          0 |          0 |       0 |    0 |    64 |      0 |      0 |    0 |          0 |
|       g[5].g_normal.alu_i                                                       |                     microop_unit__parameterized2__36 |          0 |          0 |       0 |    0 |    64 |      0 |      0 |    0 |          0 |
|   g_has_mem.glen_mem[44].blk_i                                                  |                   uop_block_wrap__parameterized24_14 |         38 |         38 |       0 |    0 |   141 |      0 |      0 |    0 |          0 |
|     (g_has_mem.glen_mem[44].blk_i)                                              |                   uop_block_wrap__parameterized24_14 |          1 |          1 |       0 |    0 |    43 |      0 |      0 |    0 |          0 |
|     core                                                                        |                        uop_block__parameterized24_19 |         37 |         37 |       0 |    0 |    98 |      0 |      0 |    0 |          0 |
|       (core)                                                                    |                        uop_block__parameterized24_19 |          5 |          5 |       0 |    0 |     2 |      0 |      0 |    0 |          0 |
|       g[0].g_normal.alu_i                                                       |                     microop_unit__parameterized0__17 |          0 |          0 |       0 |    0 |    32 |      0 |      0 |    0 |          0 |
|       g[1].g_normal.alu_i                                                       |                      microop_unit__parameterized3__5 |         32 |         32 |       0 |    0 |    32 |      0 |      0 |    0 |          0 |
|       g[2].g_normal.alu_i                                                       |                     microop_unit__parameterized0__16 |          0 |          0 |       0 |    0 |    32 |      0 |      0 |    0 |          0 |
|   g_has_mem.glen_mem[45].blk_i                                                  |                   uop_block_wrap__parameterized21_15 |          4 |          4 |       0 |    0 |   111 |      0 |      0 |    0 |          0 |
|     (g_has_mem.glen_mem[45].blk_i)                                              |                   uop_block_wrap__parameterized21_15 |          1 |          1 |       0 |    0 |    46 |      0 |      0 |    0 |          0 |
|     core                                                                        |                           uop_block__parameterized21 |          3 |          3 |       0 |    0 |    65 |      0 |      0 |    0 |          0 |
|       (core)                                                                    |                           uop_block__parameterized21 |          3 |          3 |       0 |    0 |     1 |      0 |      0 |    0 |          0 |
|       g[0].g_normal.alu_i                                                       |                     microop_unit__parameterized0__18 |          0 |          0 |       0 |    0 |    32 |      0 |      0 |    0 |          0 |
|       g[1].g_normal.alu_i                                                       |                     microop_unit__parameterized11__5 |          0 |          0 |       0 |    0 |    32 |      0 |      0 |    0 |          0 |
|   g_has_mem.glen_mem[46].blk_i                                                  |                      uop_block_wrap__parameterized27 |         71 |         71 |       0 |    0 |   213 |      0 |      0 |    0 |          0 |
|     (g_has_mem.glen_mem[46].blk_i)                                              |                      uop_block_wrap__parameterized27 |          1 |          1 |       0 |    0 |    75 |      0 |      0 |    0 |          0 |
|     core                                                                        |                           uop_block__parameterized27 |         70 |         70 |       0 |    0 |   138 |      0 |      0 |    0 |          0 |
|       (core)                                                                    |                           uop_block__parameterized27 |          6 |          6 |       0 |    0 |     2 |      0 |      0 |    0 |          0 |
|       g[0].g_normal.alu_i                                                       |                      microop_unit__parameterized1__6 |         64 |         64 |       0 |    0 |    64 |      0 |      0 |    0 |          0 |
|       g[1].g_normal.alu_i                                                       |                     microop_unit__parameterized2__41 |          0 |          0 |       0 |    0 |    64 |      0 |      0 |    0 |          0 |
|       g[2].g_normal.alu_i                                                       |                      microop_unit__parameterized7__3 |          0 |          0 |       0 |    0 |     8 |      0 |      0 |    0 |          0 |
|   g_has_mem.glen_mem[47].blk_i                                                  |                   uop_block_wrap__parameterized24_16 |         39 |         39 |       0 |    0 |   145 |      0 |      0 |    0 |          0 |
|     (g_has_mem.glen_mem[47].blk_i)                                              |                   uop_block_wrap__parameterized24_16 |          1 |          1 |       0 |    0 |    47 |      0 |      0 |    0 |          0 |
|     core                                                                        |                           uop_block__parameterized24 |         38 |         38 |       0 |    0 |    98 |      0 |      0 |    0 |          0 |
|       (core)                                                                    |                           uop_block__parameterized24 |          6 |          6 |       0 |    0 |     2 |      0 |      0 |    0 |          0 |
|       g[0].g_normal.alu_i                                                       |                     microop_unit__parameterized0__15 |          0 |          0 |       0 |    0 |    32 |      0 |      0 |    0 |          0 |
|       g[1].g_normal.alu_i                                                       |                      microop_unit__parameterized3__4 |         32 |         32 |       0 |    0 |    32 |      0 |      0 |    0 |          0 |
|       g[2].g_normal.alu_i                                                       |                     microop_unit__parameterized0__14 |          0 |          0 |       0 |    0 |    32 |      0 |      0 |    0 |          0 |
|   g_has_mem.glen_mem[48].blk_i                                                  |                      uop_block_wrap__parameterized28 |         68 |         68 |       0 |    0 |   213 |      0 |      0 |    0 |          0 |
|     (g_has_mem.glen_mem[48].blk_i)                                              |                      uop_block_wrap__parameterized28 |          2 |          2 |       0 |    0 |    76 |      0 |      0 |    0 |          0 |
|     core                                                                        |                           uop_block__parameterized28 |         66 |         66 |       0 |    0 |   137 |      0 |      0 |    0 |          0 |
|       (core)                                                                    |                           uop_block__parameterized28 |          2 |          2 |       0 |    0 |     1 |      0 |      0 |    0 |          0 |
|       g[0].g_normal.alu_i                                                       |             microop_unit__parameterized4__xdcDup__10 |         64 |         64 |       0 |    0 |   128 |      0 |      0 |    0 |          0 |
|         (g[0].g_normal.alu_i)                                                   |             microop_unit__parameterized4__xdcDup__10 |          0 |          0 |       0 |    0 |    64 |      0 |      0 |    0 |          0 |
|         g_iadd.use_ip.u_addsub                                                  |                                integer_addsub_HD5890 |         64 |         64 |       0 |    0 |    64 |      0 |      0 |    0 |          0 |
|           (g_iadd.use_ip.u_addsub)                                              |                                integer_addsub_HD5890 |          0 |          0 |       0 |    0 |     0 |      0 |      0 |    0 |          0 |
|           U0                                                                    |               integer_addsubc_addsub_v12_0_14_HD5891 |         64 |         64 |       0 |    0 |    64 |      0 |      0 |    0 |          0 |
|             (U0)                                                                |               integer_addsubc_addsub_v12_0_14_HD5891 |          0 |          0 |       0 |    0 |     0 |      0 |      0 |    0 |          0 |
|             xst_addsub                                                          |           integer_addsubc_addsub_v12_0_14_viv_HD5892 |         64 |         64 |       0 |    0 |    64 |      0 |      0 |    0 |          0 |
|               (xst_addsub)                                                      |           integer_addsubc_addsub_v12_0_14_viv_HD5892 |          0 |          0 |       0 |    0 |     0 |      0 |      0 |    0 |          0 |
|               i_baseblox.i_baseblox_addsub                                      |        integer_addsubc_addsub_v12_0_14_legacy_HD5893 |         64 |         64 |       0 |    0 |    64 |      0 |      0 |    0 |          0 |
|                 no_pipelining.the_addsub                                        | integer_addsubc_addsub_v12_0_14_fabric_legacy_HD5894 |         64 |         64 |       0 |    0 |    64 |      0 |      0 |    0 |          0 |
|                   i_lut6.i_lut6_addsub                                          |   integer_addsubc_addsub_v12_0_14_lut6_legacy_HD5895 |         64 |         64 |       0 |    0 |    64 |      0 |      0 |    0 |          0 |
|                     (i_lut6.i_lut6_addsub)                                      |   integer_addsubc_addsub_v12_0_14_lut6_legacy_HD5895 |         64 |         64 |       0 |    0 |     0 |      0 |      0 |    0 |          0 |
|                     i_q.i_simple.qreg                                           |            integer_addsubc_reg_fd_v12_0_6_viv_HD5896 |          0 |          0 |       0 |    0 |    64 |      0 |      0 |    0 |          0 |
|       g[1].g_normal.alu_i                                                       |                      microop_unit__parameterized7__2 |          0 |          0 |       0 |    0 |     8 |      0 |      0 |    0 |          0 |
|   g_has_mem.glen_mem[49].blk_i                                                  |                   uop_block_wrap__parameterized16_17 |         72 |         72 |       0 |    0 |   204 |      0 |      0 |    0 |          0 |
|     (g_has_mem.glen_mem[49].blk_i)                                              |                   uop_block_wrap__parameterized16_17 |          5 |          5 |       0 |    0 |    75 |      0 |      0 |    0 |          0 |
|     core                                                                        |                           uop_block__parameterized16 |         67 |         67 |       0 |    0 |   129 |      0 |      0 |    0 |          0 |
|       (core)                                                                    |                           uop_block__parameterized16 |          3 |          3 |       0 |    0 |     1 |      0 |      0 |    0 |          0 |
|       g[0].g_normal.alu_i                                                       |                      microop_unit__parameterized1__1 |         64 |         64 |       0 |    0 |    64 |      0 |      0 |    0 |          0 |
|       g[1].g_normal.alu_i                                                       |                      microop_unit__parameterized2__5 |          0 |          0 |       0 |    0 |    64 |      0 |      0 |    0 |          0 |
|   g_has_mem.glen_mem[4].blk_i                                                   |                       uop_block_wrap__parameterized3 |         64 |         64 |       0 |    0 |   262 |      0 |      0 |    0 |          0 |
|     (g_has_mem.glen_mem[4].blk_i)                                               |                       uop_block_wrap__parameterized3 |          0 |          0 |       0 |    0 |    70 |      0 |      0 |    0 |          0 |
|     core                                                                        |                            uop_block__parameterized3 |         64 |         64 |       0 |    0 |   192 |      0 |      0 |    0 |          0 |
|       (core)                                                                    |                            uop_block__parameterized3 |          0 |          0 |       0 |    0 |     0 |      0 |      0 |    0 |          0 |
|       g[0].g_normal.alu_i                                                       |                     microop_unit__parameterized2__20 |          0 |          0 |       0 |    0 |    64 |      0 |      0 |    0 |          0 |
|       g[1].g_normal.alu_i                                                       |              microop_unit__parameterized5__xdcDup__1 |         64 |         64 |       0 |    0 |   128 |      0 |      0 |    0 |          0 |
|         (g[1].g_normal.alu_i)                                                   |              microop_unit__parameterized5__xdcDup__1 |          0 |          0 |       0 |    0 |    64 |      0 |      0 |    0 |          0 |
|         g_iadd.use_ip.u_addsub                                                  |                                integer_addsub_HD5897 |         64 |         64 |       0 |    0 |    64 |      0 |      0 |    0 |          0 |
|           (g_iadd.use_ip.u_addsub)                                              |                                integer_addsub_HD5897 |          0 |          0 |       0 |    0 |     0 |      0 |      0 |    0 |          0 |
|           U0                                                                    |               integer_addsubc_addsub_v12_0_14_HD5898 |         64 |         64 |       0 |    0 |    64 |      0 |      0 |    0 |          0 |
|             (U0)                                                                |               integer_addsubc_addsub_v12_0_14_HD5898 |          0 |          0 |       0 |    0 |     0 |      0 |      0 |    0 |          0 |
|             xst_addsub                                                          |           integer_addsubc_addsub_v12_0_14_viv_HD5899 |         64 |         64 |       0 |    0 |    64 |      0 |      0 |    0 |          0 |
|               (xst_addsub)                                                      |           integer_addsubc_addsub_v12_0_14_viv_HD5899 |          0 |          0 |       0 |    0 |     0 |      0 |      0 |    0 |          0 |
|               i_baseblox.i_baseblox_addsub                                      |        integer_addsubc_addsub_v12_0_14_legacy_HD5900 |         64 |         64 |       0 |    0 |    64 |      0 |      0 |    0 |          0 |
|                 no_pipelining.the_addsub                                        | integer_addsubc_addsub_v12_0_14_fabric_legacy_HD5901 |         64 |         64 |       0 |    0 |    64 |      0 |      0 |    0 |          0 |
|                   i_lut6.i_lut6_addsub                                          |   integer_addsubc_addsub_v12_0_14_lut6_legacy_HD5902 |         64 |         64 |       0 |    0 |    64 |      0 |      0 |    0 |          0 |
|                     (i_lut6.i_lut6_addsub)                                      |   integer_addsubc_addsub_v12_0_14_lut6_legacy_HD5902 |         64 |         64 |       0 |    0 |     0 |      0 |      0 |    0 |          0 |
|                     i_q.i_simple.qreg                                           |            integer_addsubc_reg_fd_v12_0_6_viv_HD5903 |          0 |          0 |       0 |    0 |    64 |      0 |      0 |    0 |          0 |
|   g_has_mem.glen_mem[50].blk_i                                                  |                      uop_block_wrap__parameterized29 |         64 |         64 |       0 |    0 |   101 |      0 |      0 |    0 |          0 |
|     (g_has_mem.glen_mem[50].blk_i)                                              |                      uop_block_wrap__parameterized29 |          0 |          0 |       0 |    0 |    37 |      0 |      0 |    0 |          0 |
|     core                                                                        |                           uop_block__parameterized29 |         64 |         64 |       0 |    0 |    64 |      0 |      0 |    0 |          0 |
|       (core)                                                                    |                           uop_block__parameterized29 |          0 |          0 |       0 |    0 |     0 |      0 |      0 |    0 |          0 |
|       g[0].g_normal.alu_i                                                       |                                         microop_unit |         32 |         32 |       0 |    0 |    32 |      0 |      0 |    0 |          0 |
|       g[1].g_normal.alu_i                                                       |                        microop_unit__parameterized14 |         32 |         32 |       0 |    0 |    32 |      0 |      0 |    0 |          0 |
|   g_has_mem.glen_mem[51].blk_i                                                  |                    uop_block_wrap__parameterized9_18 |          0 |          0 |       0 |    0 |   198 |      0 |      0 |    0 |          0 |
|     (g_has_mem.glen_mem[51].blk_i)                                              |                    uop_block_wrap__parameterized9_18 |          0 |          0 |       0 |    0 |    70 |      0 |      0 |    0 |          0 |
|     core                                                                        |                            uop_block__parameterized9 |          0 |          0 |       0 |    0 |   128 |      0 |      0 |    0 |          0 |
|       (core)                                                                    |                            uop_block__parameterized9 |          0 |          0 |       0 |    0 |     0 |      0 |      0 |    0 |          0 |
|       g[0].g_normal.alu_i                                                       |                      microop_unit__parameterized2__3 |          0 |          0 |       0 |    0 |    64 |      0 |      0 |    0 |          0 |
|       g[1].g_normal.alu_i                                                       |                      microop_unit__parameterized2__4 |          0 |          0 |       0 |    0 |    64 |      0 |      0 |    0 |          0 |
|   g_has_mem.glen_mem[52].blk_i                                                  |                      uop_block_wrap__parameterized30 |        421 |        202 |       0 |  219 |   940 |      0 |      0 |    0 |         16 |
|     (g_has_mem.glen_mem[52].blk_i)                                              |                      uop_block_wrap__parameterized30 |          1 |          1 |       0 |    0 |    72 |      0 |      0 |    0 |          0 |
|     core                                                                        |                           uop_block__parameterized30 |        420 |        201 |       0 |  219 |   868 |      0 |      0 |    0 |         16 |
|       (core)                                                                    |                           uop_block__parameterized30 |          9 |          9 |       0 |    0 |     3 |      0 |      0 |    0 |          0 |
|       g[0].g_normal.alu_i                                                       |                        microop_unit__parameterized15 |         64 |         64 |       0 |    0 |    64 |      0 |      0 |    0 |          0 |
|       g[1].g_normal.alu_i                                                       |                     microop_unit__parameterized2__33 |          0 |          0 |       0 |    0 |    64 |      0 |      0 |    0 |          0 |
|       g[2].g_normal.alu_i                                                       |                         microop_unit__parameterized6 |        219 |          0 |       0 |  219 |   545 |      0 |      0 |    0 |         16 |
|         (g[2].g_normal.alu_i)                                                   |                         microop_unit__parameterized6 |          0 |          0 |       0 |    0 |    64 |      0 |      0 |    0 |          0 |
|         g_imul.mul64_ip.mul_i                                                   |                                          integer_mul |        219 |          0 |       0 |  219 |   481 |      0 |      0 |    0 |         16 |
|           (g_imul.mul64_ip.mul_i)                                               |                                          integer_mul |          0 |          0 |       0 |    0 |     0 |      0 |      0 |    0 |          0 |
|           U0                                                                    |                         integer_mulmult_gen_v12_0_16 |        219 |          0 |       0 |  219 |   481 |      0 |      0 |    0 |         16 |
|             (U0)                                                                |                         integer_mulmult_gen_v12_0_16 |          0 |          0 |       0 |    0 |     0 |      0 |      0 |    0 |          0 |
|             i_mult                                                              |                     integer_mulmult_gen_v12_0_16_viv |        219 |          0 |       0 |  219 |   481 |      0 |      0 |    0 |         16 |
|               (i_mult)                                                          |                     integer_mulmult_gen_v12_0_16_viv |          0 |          0 |       0 |    0 |     0 |      0 |      0 |    0 |          0 |
|               gDSP.gDSP_only.iDSP                                               |                                       integer_muldsp |        219 |          0 |       0 |  219 |   481 |      0 |      0 |    0 |         16 |
|                 (gDSP.gDSP_only.iDSP)                                           |                                       integer_muldsp |          0 |          0 |       0 |    0 |     0 |      0 |      0 |    0 |         16 |
|                 use_prim.appDSP48[0].bppDSP48[0].need_output_delay.output_delay |               integer_muldelay_line__parameterized16 |          9 |          0 |       0 |    9 |    17 |      0 |      0 |    0 |          0 |
|                 use_prim.appDSP48[0].bppDSP48[2].need_output_delay.output_delay |               integer_muldelay_line__parameterized18 |          9 |          0 |       0 |    9 |    17 |      0 |      0 |    0 |          0 |
|                 use_prim.appDSP48[1].bppDSP48[0].need_output_delay.output_delay |               integer_muldelay_line__parameterized19 |          9 |          0 |       0 |    9 |    17 |      0 |      0 |    0 |          0 |
|                 use_prim.appDSP48[1].bppDSP48[3].need_output_delay.output_delay |               integer_muldelay_line__parameterized20 |          9 |          0 |       0 |    9 |    17 |      0 |      0 |    0 |          0 |
|                 use_prim.appDSP48[3].bppDSP48[0].need_output_delay.output_delay |               integer_muldelay_line__parameterized21 |          9 |          0 |       0 |    9 |    17 |      0 |      0 |    0 |          0 |
|                 use_prim.appDSP48[3].bppDSP48[2].need_output_delay.output_delay |               integer_muldelay_line__parameterized22 |          0 |          0 |       0 |    0 |    17 |      0 |      0 |    0 |          0 |
|                 use_prim.iAdelx[0].iAdely[2].use_delay_line.Adelay              |                integer_muldelay_line__parameterized0 |          9 |          0 |       0 |    9 |    18 |      0 |      0 |    0 |          0 |
|                 use_prim.iAdelx[1].iAdely[1].use_delay_line.Adelay              |                integer_muldelay_line__parameterized1 |          9 |          0 |       0 |    9 |    18 |      0 |      0 |    0 |          0 |
|                 use_prim.iAdelx[1].iAdely[2].use_delay_line.Adelay              |                integer_muldelay_line__parameterized2 |          9 |          0 |       0 |    9 |    18 |      0 |      0 |    0 |          0 |
|                 use_prim.iAdelx[1].iAdely[3].use_delay_line.Adelay              |                integer_muldelay_line__parameterized3 |          9 |          0 |       0 |    9 |    18 |      0 |      0 |    0 |          0 |
|                 use_prim.iAdelx[2].iAdely[0].use_delay_line.Adelay              |                integer_muldelay_line__parameterized4 |          0 |          0 |       0 |    0 |    17 |      0 |      0 |    0 |          0 |
|                 use_prim.iAdelx[2].iAdely[1].use_delay_line.Adelay              |                integer_muldelay_line__parameterized5 |          9 |          0 |       0 |    9 |    18 |      0 |      0 |    0 |          0 |
|                 use_prim.iAdelx[2].iAdely[2].use_delay_line.Adelay              |                integer_muldelay_line__parameterized6 |          9 |          0 |       0 |    9 |    18 |      0 |      0 |    0 |          0 |
|                 use_prim.iAdelx[2].iAdely[3].use_delay_line.Adelay              |                integer_muldelay_line__parameterized7 |          9 |          0 |       0 |    9 |    18 |      0 |      0 |    0 |          0 |
|                 use_prim.iAdelx[3].iAdely[0].use_delay_line.Adelay              |                integer_muldelay_line__parameterized8 |          7 |          0 |       0 |    7 |    13 |      0 |      0 |    0 |          0 |
|                 use_prim.iAdelx[3].iAdely[2].use_delay_line.Adelay              |                integer_muldelay_line__parameterized9 |          7 |          0 |       0 |    7 |    13 |      0 |      0 |    0 |          0 |
|                 use_prim.iBdelx[0].iBdely[2].need_delay_line.Bdelay             |              integer_muldelay_line__parameterized0_0 |          9 |          0 |       0 |    9 |    18 |      0 |      0 |    0 |          0 |
|                 use_prim.iBdelx[0].iBdely[3].need_delay_line.Bdelay             |               integer_muldelay_line__parameterized10 |          9 |          0 |       0 |    9 |    18 |      0 |      0 |    0 |          0 |
|                 use_prim.iBdelx[1].iBdely[0].need_delay_line.Bdelay             |              integer_muldelay_line__parameterized4_1 |          0 |          0 |       0 |    0 |    17 |      0 |      0 |    0 |          0 |
|                 use_prim.iBdelx[1].iBdely[1].need_delay_line.Bdelay             |              integer_muldelay_line__parameterized1_2 |          9 |          0 |       0 |    9 |    18 |      0 |      0 |    0 |          0 |
|                 use_prim.iBdelx[1].iBdely[2].need_delay_line.Bdelay             |              integer_muldelay_line__parameterized2_3 |          9 |          0 |       0 |    9 |    18 |      0 |      0 |    0 |          0 |
|                 use_prim.iBdelx[1].iBdely[3].need_delay_line.Bdelay             |              integer_muldelay_line__parameterized3_4 |          9 |          0 |       0 |    9 |    18 |      0 |      0 |    0 |          0 |
|                 use_prim.iBdelx[2].iBdely[1].need_delay_line.Bdelay             |              integer_muldelay_line__parameterized5_5 |          9 |          0 |       0 |    9 |    18 |      0 |      0 |    0 |          0 |
|                 use_prim.iBdelx[2].iBdely[2].need_delay_line.Bdelay             |              integer_muldelay_line__parameterized6_6 |          9 |          0 |       0 |    9 |    18 |      0 |      0 |    0 |          0 |
|                 use_prim.iBdelx[3].iBdely[0].need_delay_line.Bdelay             |               integer_muldelay_line__parameterized11 |          9 |          0 |       0 |    9 |    18 |      0 |      0 |    0 |          0 |
|                 use_prim.iBdelx[3].iBdely[1].need_delay_line.Bdelay             |               integer_muldelay_line__parameterized12 |          9 |          0 |       0 |    9 |    18 |      0 |      0 |    0 |          0 |
|                 use_prim.iBdelx[3].iBdely[2].need_delay_line.Bdelay             |               integer_muldelay_line__parameterized13 |          9 |          0 |       0 |    9 |    18 |      0 |      0 |    0 |          0 |
|                 use_prim.iBdelx[3].iBdely[3].need_delay_line.Bdelay             |               integer_muldelay_line__parameterized14 |          7 |          0 |       0 |    7 |    13 |      0 |      0 |    0 |          0 |
|       g[3].g_normal.alu_i                                                       |                         microop_unit__parameterized4 |         64 |         64 |       0 |    0 |   128 |      0 |      0 |    0 |          0 |
|         (g[3].g_normal.alu_i)                                                   |                         microop_unit__parameterized4 |          0 |          0 |       0 |    0 |    64 |      0 |      0 |    0 |          0 |
|         g_iadd.use_ip.u_addsub                                                  |                                integer_addsub_HD5904 |         64 |         64 |       0 |    0 |    64 |      0 |      0 |    0 |          0 |
|           (g_iadd.use_ip.u_addsub)                                              |                                integer_addsub_HD5904 |          0 |          0 |       0 |    0 |     0 |      0 |      0 |    0 |          0 |
|           U0                                                                    |               integer_addsubc_addsub_v12_0_14_HD5905 |         64 |         64 |       0 |    0 |    64 |      0 |      0 |    0 |          0 |
|             (U0)                                                                |               integer_addsubc_addsub_v12_0_14_HD5905 |          0 |          0 |       0 |    0 |     0 |      0 |      0 |    0 |          0 |
|             xst_addsub                                                          |           integer_addsubc_addsub_v12_0_14_viv_HD5906 |         64 |         64 |       0 |    0 |    64 |      0 |      0 |    0 |          0 |
|               (xst_addsub)                                                      |           integer_addsubc_addsub_v12_0_14_viv_HD5906 |          0 |          0 |       0 |    0 |     0 |      0 |      0 |    0 |          0 |
|               i_baseblox.i_baseblox_addsub                                      |        integer_addsubc_addsub_v12_0_14_legacy_HD5907 |         64 |         64 |       0 |    0 |    64 |      0 |      0 |    0 |          0 |
|                 no_pipelining.the_addsub                                        | integer_addsubc_addsub_v12_0_14_fabric_legacy_HD5908 |         64 |         64 |       0 |    0 |    64 |      0 |      0 |    0 |          0 |
|                   i_lut6.i_lut6_addsub                                          |   integer_addsubc_addsub_v12_0_14_lut6_legacy_HD5909 |         64 |         64 |       0 |    0 |    64 |      0 |      0 |    0 |          0 |
|                     (i_lut6.i_lut6_addsub)                                      |   integer_addsubc_addsub_v12_0_14_lut6_legacy_HD5909 |         64 |         64 |       0 |    0 |     0 |      0 |      0 |    0 |          0 |
|                     i_q.i_simple.qreg                                           |            integer_addsubc_reg_fd_v12_0_6_viv_HD5910 |          0 |          0 |       0 |    0 |    64 |      0 |      0 |    0 |          0 |
|       g[4].g_normal.alu_i                                                       |                        microop_unit__parameterized10 |         64 |         64 |       0 |    0 |    64 |      0 |      0 |    0 |          0 |
|   g_has_mem.glen_mem[5].blk_i                                                   |                       uop_block_wrap__parameterized4 |        219 |          0 |       0 |  219 |   679 |      0 |      0 |    0 |         16 |
|     (g_has_mem.glen_mem[5].blk_i)                                               |                       uop_block_wrap__parameterized4 |          0 |          0 |       0 |    0 |    70 |      0 |      0 |    0 |          0 |
|     core                                                                        |                            uop_block__parameterized4 |        219 |          0 |       0 |  219 |   609 |      0 |      0 |    0 |         16 |
|       (core)                                                                    |                            uop_block__parameterized4 |          0 |          0 |       0 |    0 |     0 |      0 |      0 |    0 |          0 |
|       g[0].g_normal.alu_i                                                       |                     microop_unit__parameterized2__21 |          0 |          0 |       0 |    0 |    64 |      0 |      0 |    0 |          0 |
|       g[1].g_normal.alu_i                                                       |              microop_unit__parameterized6__xdcDup__1 |        219 |          0 |       0 |  219 |   545 |      0 |      0 |    0 |         16 |
|         (g[1].g_normal.alu_i)                                                   |              microop_unit__parameterized6__xdcDup__1 |          0 |          0 |       0 |    0 |    64 |      0 |      0 |    0 |          0 |
|         g_imul.mul64_ip.mul_i                                                   |                                   integer_mul_HD5961 |        219 |          0 |       0 |  219 |   481 |      0 |      0 |    0 |         16 |
|           (g_imul.mul64_ip.mul_i)                                               |                                   integer_mul_HD5961 |          0 |          0 |       0 |    0 |     0 |      0 |      0 |    0 |          0 |
|           U0                                                                    |                  integer_mulmult_gen_v12_0_16_HD5962 |        219 |          0 |       0 |  219 |   481 |      0 |      0 |    0 |         16 |
|             (U0)                                                                |                  integer_mulmult_gen_v12_0_16_HD5962 |          0 |          0 |       0 |    0 |     0 |      0 |      0 |    0 |          0 |
|             i_mult                                                              |              integer_mulmult_gen_v12_0_16_viv_HD5963 |        219 |          0 |       0 |  219 |   481 |      0 |      0 |    0 |         16 |
|               (i_mult)                                                          |              integer_mulmult_gen_v12_0_16_viv_HD5963 |          0 |          0 |       0 |    0 |     0 |      0 |      0 |    0 |          0 |
|               gDSP.gDSP_only.iDSP                                               |                                integer_muldsp_HD5964 |        219 |          0 |       0 |  219 |   481 |      0 |      0 |    0 |         16 |
|                 (gDSP.gDSP_only.iDSP)                                           |                                integer_muldsp_HD5964 |          0 |          0 |       0 |    0 |     0 |      0 |      0 |    0 |         16 |
|                 use_prim.appDSP48[0].bppDSP48[0].need_output_delay.output_delay |        integer_muldelay_line__parameterized16_HD5965 |          9 |          0 |       0 |    9 |    17 |      0 |      0 |    0 |          0 |
|                 use_prim.appDSP48[0].bppDSP48[2].need_output_delay.output_delay |        integer_muldelay_line__parameterized18_HD5966 |          9 |          0 |       0 |    9 |    17 |      0 |      0 |    0 |          0 |
|                 use_prim.appDSP48[1].bppDSP48[0].need_output_delay.output_delay |        integer_muldelay_line__parameterized19_HD5967 |          9 |          0 |       0 |    9 |    17 |      0 |      0 |    0 |          0 |
|                 use_prim.appDSP48[1].bppDSP48[3].need_output_delay.output_delay |        integer_muldelay_line__parameterized20_HD5968 |          9 |          0 |       0 |    9 |    17 |      0 |      0 |    0 |          0 |
|                 use_prim.appDSP48[3].bppDSP48[0].need_output_delay.output_delay |        integer_muldelay_line__parameterized21_HD5969 |          9 |          0 |       0 |    9 |    17 |      0 |      0 |    0 |          0 |
|                 use_prim.appDSP48[3].bppDSP48[2].need_output_delay.output_delay |        integer_muldelay_line__parameterized22_HD5970 |          0 |          0 |       0 |    0 |    17 |      0 |      0 |    0 |          0 |
|                 use_prim.iAdelx[0].iAdely[2].use_delay_line.Adelay              |         integer_muldelay_line__parameterized0_HD5971 |          9 |          0 |       0 |    9 |    18 |      0 |      0 |    0 |          0 |
|                 use_prim.iAdelx[1].iAdely[1].use_delay_line.Adelay              |         integer_muldelay_line__parameterized1_HD5972 |          9 |          0 |       0 |    9 |    18 |      0 |      0 |    0 |          0 |
|                 use_prim.iAdelx[1].iAdely[2].use_delay_line.Adelay              |         integer_muldelay_line__parameterized2_HD5973 |          9 |          0 |       0 |    9 |    18 |      0 |      0 |    0 |          0 |
|                 use_prim.iAdelx[1].iAdely[3].use_delay_line.Adelay              |         integer_muldelay_line__parameterized3_HD5974 |          9 |          0 |       0 |    9 |    18 |      0 |      0 |    0 |          0 |
|                 use_prim.iAdelx[2].iAdely[0].use_delay_line.Adelay              |         integer_muldelay_line__parameterized4_HD5975 |          0 |          0 |       0 |    0 |    17 |      0 |      0 |    0 |          0 |
|                 use_prim.iAdelx[2].iAdely[1].use_delay_line.Adelay              |         integer_muldelay_line__parameterized5_HD5976 |          9 |          0 |       0 |    9 |    18 |      0 |      0 |    0 |          0 |
|                 use_prim.iAdelx[2].iAdely[2].use_delay_line.Adelay              |         integer_muldelay_line__parameterized6_HD5977 |          9 |          0 |       0 |    9 |    18 |      0 |      0 |    0 |          0 |
|                 use_prim.iAdelx[2].iAdely[3].use_delay_line.Adelay              |         integer_muldelay_line__parameterized7_HD5978 |          9 |          0 |       0 |    9 |    18 |      0 |      0 |    0 |          0 |
|                 use_prim.iAdelx[3].iAdely[0].use_delay_line.Adelay              |         integer_muldelay_line__parameterized8_HD5979 |          7 |          0 |       0 |    7 |    13 |      0 |      0 |    0 |          0 |
|                 use_prim.iAdelx[3].iAdely[2].use_delay_line.Adelay              |         integer_muldelay_line__parameterized9_HD5980 |          7 |          0 |       0 |    7 |    13 |      0 |      0 |    0 |          0 |
|                 use_prim.iBdelx[0].iBdely[2].need_delay_line.Bdelay             |       integer_muldelay_line__parameterized0_0_HD5981 |          9 |          0 |       0 |    9 |    18 |      0 |      0 |    0 |          0 |
|                 use_prim.iBdelx[0].iBdely[3].need_delay_line.Bdelay             |        integer_muldelay_line__parameterized10_HD5982 |          9 |          0 |       0 |    9 |    18 |      0 |      0 |    0 |          0 |
|                 use_prim.iBdelx[1].iBdely[0].need_delay_line.Bdelay             |       integer_muldelay_line__parameterized4_1_HD5983 |          0 |          0 |       0 |    0 |    17 |      0 |      0 |    0 |          0 |
|                 use_prim.iBdelx[1].iBdely[1].need_delay_line.Bdelay             |       integer_muldelay_line__parameterized1_2_HD5984 |          9 |          0 |       0 |    9 |    18 |      0 |      0 |    0 |          0 |
|                 use_prim.iBdelx[1].iBdely[2].need_delay_line.Bdelay             |       integer_muldelay_line__parameterized2_3_HD5985 |          9 |          0 |       0 |    9 |    18 |      0 |      0 |    0 |          0 |
|                 use_prim.iBdelx[1].iBdely[3].need_delay_line.Bdelay             |       integer_muldelay_line__parameterized3_4_HD5986 |          9 |          0 |       0 |    9 |    18 |      0 |      0 |    0 |          0 |
|                 use_prim.iBdelx[2].iBdely[1].need_delay_line.Bdelay             |       integer_muldelay_line__parameterized5_5_HD5987 |          9 |          0 |       0 |    9 |    18 |      0 |      0 |    0 |          0 |
|                 use_prim.iBdelx[2].iBdely[2].need_delay_line.Bdelay             |       integer_muldelay_line__parameterized6_6_HD5988 |          9 |          0 |       0 |    9 |    18 |      0 |      0 |    0 |          0 |
|                 use_prim.iBdelx[3].iBdely[0].need_delay_line.Bdelay             |        integer_muldelay_line__parameterized11_HD5989 |          9 |          0 |       0 |    9 |    18 |      0 |      0 |    0 |          0 |
|                 use_prim.iBdelx[3].iBdely[1].need_delay_line.Bdelay             |        integer_muldelay_line__parameterized12_HD5990 |          9 |          0 |       0 |    9 |    18 |      0 |      0 |    0 |          0 |
|                 use_prim.iBdelx[3].iBdely[2].need_delay_line.Bdelay             |        integer_muldelay_line__parameterized13_HD5991 |          9 |          0 |       0 |    9 |    18 |      0 |      0 |    0 |          0 |
|                 use_prim.iBdelx[3].iBdely[3].need_delay_line.Bdelay             |        integer_muldelay_line__parameterized14_HD5992 |          7 |          0 |       0 |    7 |    13 |      0 |      0 |    0 |          0 |
|   g_has_mem.glen_mem[6].blk_i                                                   |                       uop_block_wrap__parameterized5 |        203 |        203 |       0 |    0 |   470 |      0 |      0 |    0 |          0 |
|     (g_has_mem.glen_mem[6].blk_i)                                               |                       uop_block_wrap__parameterized5 |          5 |          5 |       0 |    0 |    75 |      0 |      0 |    0 |          0 |
|     core                                                                        |                            uop_block__parameterized5 |        198 |        198 |       0 |    0 |   395 |      0 |      0 |    0 |          0 |
|       (core)                                                                    |                            uop_block__parameterized5 |          6 |          6 |       0 |    0 |     3 |      0 |      0 |    0 |          0 |
|       g[0].g_normal.alu_i                                                       |                      microop_unit__parameterized2__8 |          0 |          0 |       0 |    0 |    64 |      0 |      0 |    0 |          0 |
|       g[1].g_normal.alu_i                                                       |                      microop_unit__parameterized1__3 |         64 |         64 |       0 |    0 |    64 |      0 |      0 |    0 |          0 |
|       g[2].g_normal.alu_i                                                       |              microop_unit__parameterized4__xdcDup__2 |         64 |         64 |       0 |    0 |   128 |      0 |      0 |    0 |          0 |
|         (g[2].g_normal.alu_i)                                                   |              microop_unit__parameterized4__xdcDup__2 |          0 |          0 |       0 |    0 |    64 |      0 |      0 |    0 |          0 |
|         g_iadd.use_ip.u_addsub                                                  |                                integer_addsub_HD5911 |         64 |         64 |       0 |    0 |    64 |      0 |      0 |    0 |          0 |
|           (g_iadd.use_ip.u_addsub)                                              |                                integer_addsub_HD5911 |          0 |          0 |       0 |    0 |     0 |      0 |      0 |    0 |          0 |
|           U0                                                                    |               integer_addsubc_addsub_v12_0_14_HD5912 |         64 |         64 |       0 |    0 |    64 |      0 |      0 |    0 |          0 |
|             (U0)                                                                |               integer_addsubc_addsub_v12_0_14_HD5912 |          0 |          0 |       0 |    0 |     0 |      0 |      0 |    0 |          0 |
|             xst_addsub                                                          |           integer_addsubc_addsub_v12_0_14_viv_HD5913 |         64 |         64 |       0 |    0 |    64 |      0 |      0 |    0 |          0 |
|               (xst_addsub)                                                      |           integer_addsubc_addsub_v12_0_14_viv_HD5913 |          0 |          0 |       0 |    0 |     0 |      0 |      0 |    0 |          0 |
|               i_baseblox.i_baseblox_addsub                                      |        integer_addsubc_addsub_v12_0_14_legacy_HD5914 |         64 |         64 |       0 |    0 |    64 |      0 |      0 |    0 |          0 |
|                 no_pipelining.the_addsub                                        | integer_addsubc_addsub_v12_0_14_fabric_legacy_HD5915 |         64 |         64 |       0 |    0 |    64 |      0 |      0 |    0 |          0 |
|                   i_lut6.i_lut6_addsub                                          |   integer_addsubc_addsub_v12_0_14_lut6_legacy_HD5916 |         64 |         64 |       0 |    0 |    64 |      0 |      0 |    0 |          0 |
|                     (i_lut6.i_lut6_addsub)                                      |   integer_addsubc_addsub_v12_0_14_lut6_legacy_HD5916 |         64 |         64 |       0 |    0 |     0 |      0 |      0 |    0 |          0 |
|                     i_q.i_simple.qreg                                           |            integer_addsubc_reg_fd_v12_0_6_viv_HD5917 |          0 |          0 |       0 |    0 |    64 |      0 |      0 |    0 |          0 |
|       g[3].g_normal.alu_i                                                       |              microop_unit__parameterized5__xdcDup__2 |         64 |         64 |       0 |    0 |   128 |      0 |      0 |    0 |          0 |
|         (g[3].g_normal.alu_i)                                                   |              microop_unit__parameterized5__xdcDup__2 |          0 |          0 |       0 |    0 |    64 |      0 |      0 |    0 |          0 |
|         g_iadd.use_ip.u_addsub                                                  |                                integer_addsub_HD5918 |         64 |         64 |       0 |    0 |    64 |      0 |      0 |    0 |          0 |
|           (g_iadd.use_ip.u_addsub)                                              |                                integer_addsub_HD5918 |          0 |          0 |       0 |    0 |     0 |      0 |      0 |    0 |          0 |
|           U0                                                                    |               integer_addsubc_addsub_v12_0_14_HD5919 |         64 |         64 |       0 |    0 |    64 |      0 |      0 |    0 |          0 |
|             (U0)                                                                |               integer_addsubc_addsub_v12_0_14_HD5919 |          0 |          0 |       0 |    0 |     0 |      0 |      0 |    0 |          0 |
|             xst_addsub                                                          |           integer_addsubc_addsub_v12_0_14_viv_HD5920 |         64 |         64 |       0 |    0 |    64 |      0 |      0 |    0 |          0 |
|               (xst_addsub)                                                      |           integer_addsubc_addsub_v12_0_14_viv_HD5920 |          0 |          0 |       0 |    0 |     0 |      0 |      0 |    0 |          0 |
|               i_baseblox.i_baseblox_addsub                                      |        integer_addsubc_addsub_v12_0_14_legacy_HD5921 |         64 |         64 |       0 |    0 |    64 |      0 |      0 |    0 |          0 |
|                 no_pipelining.the_addsub                                        | integer_addsubc_addsub_v12_0_14_fabric_legacy_HD5922 |         64 |         64 |       0 |    0 |    64 |      0 |      0 |    0 |          0 |
|                   i_lut6.i_lut6_addsub                                          |   integer_addsubc_addsub_v12_0_14_lut6_legacy_HD5923 |         64 |         64 |       0 |    0 |    64 |      0 |      0 |    0 |          0 |
|                     (i_lut6.i_lut6_addsub)                                      |   integer_addsubc_addsub_v12_0_14_lut6_legacy_HD5923 |         64 |         64 |       0 |    0 |     0 |      0 |      0 |    0 |          0 |
|                     i_q.i_simple.qreg                                           |            integer_addsubc_reg_fd_v12_0_6_viv_HD5924 |          0 |          0 |       0 |    0 |    64 |      0 |      0 |    0 |          0 |
|       g[4].g_normal.alu_i                                                       |                      microop_unit__parameterized7__1 |          0 |          0 |       0 |    0 |     8 |      0 |      0 |    0 |          0 |
|   g_has_mem.glen_mem[7].blk_i                                                   |                       uop_block_wrap__parameterized6 |          0 |          0 |       0 |    0 |    70 |      0 |      0 |    0 |          0 |
|     (g_has_mem.glen_mem[7].blk_i)                                               |                       uop_block_wrap__parameterized6 |          0 |          0 |       0 |    0 |     6 |      0 |      0 |    0 |          0 |
|     core                                                                        |                            uop_block__parameterized6 |          0 |          0 |       0 |    0 |    64 |      0 |      0 |    0 |          0 |
|       (core)                                                                    |                            uop_block__parameterized6 |          0 |          0 |       0 |    0 |     0 |      0 |      0 |    0 |          0 |
|       g[1].g_normal.alu_i                                                       |                     microop_unit__parameterized2__22 |          0 |          0 |       0 |    0 |    64 |      0 |      0 |    0 |          0 |
|   g_has_mem.glen_mem[8].blk_i                                                   |                       uop_block_wrap__parameterized7 |        256 |        256 |       0 |    0 |   646 |      0 |      0 |    0 |          0 |
|     (g_has_mem.glen_mem[8].blk_i)                                               |                       uop_block_wrap__parameterized7 |          0 |          0 |       0 |    0 |    70 |      0 |      0 |    0 |          0 |
|     core                                                                        |                            uop_block__parameterized7 |        256 |        256 |       0 |    0 |   576 |      0 |      0 |    0 |          0 |
|       (core)                                                                    |                            uop_block__parameterized7 |          0 |          0 |       0 |    0 |     0 |      0 |      0 |    0 |          0 |
|       g[0].g_normal.alu_i                                                       |                         microop_unit__parameterized8 |         64 |         64 |       0 |    0 |   128 |      0 |      0 |    0 |          0 |
|         (g[0].g_normal.alu_i)                                                   |                         microop_unit__parameterized8 |          0 |          0 |       0 |    0 |    64 |      0 |      0 |    0 |          0 |
|         g_iadd.use_ip.u_addsub                                                  |                                integer_addsub_HD5925 |         64 |         64 |       0 |    0 |    64 |      0 |      0 |    0 |          0 |
|           (g_iadd.use_ip.u_addsub)                                              |                                integer_addsub_HD5925 |          0 |          0 |       0 |    0 |     0 |      0 |      0 |    0 |          0 |
|           U0                                                                    |               integer_addsubc_addsub_v12_0_14_HD5926 |         64 |         64 |       0 |    0 |    64 |      0 |      0 |    0 |          0 |
|             (U0)                                                                |               integer_addsubc_addsub_v12_0_14_HD5926 |          0 |          0 |       0 |    0 |     0 |      0 |      0 |    0 |          0 |
|             xst_addsub                                                          |           integer_addsubc_addsub_v12_0_14_viv_HD5927 |         64 |         64 |       0 |    0 |    64 |      0 |      0 |    0 |          0 |
|               (xst_addsub)                                                      |           integer_addsubc_addsub_v12_0_14_viv_HD5927 |          0 |          0 |       0 |    0 |     0 |      0 |      0 |    0 |          0 |
|               i_baseblox.i_baseblox_addsub                                      |        integer_addsubc_addsub_v12_0_14_legacy_HD5928 |         64 |         64 |       0 |    0 |    64 |      0 |      0 |    0 |          0 |
|                 no_pipelining.the_addsub                                        | integer_addsubc_addsub_v12_0_14_fabric_legacy_HD5929 |         64 |         64 |       0 |    0 |    64 |      0 |      0 |    0 |          0 |
|                   i_lut6.i_lut6_addsub                                          |   integer_addsubc_addsub_v12_0_14_lut6_legacy_HD5930 |         64 |         64 |       0 |    0 |    64 |      0 |      0 |    0 |          0 |
|                     (i_lut6.i_lut6_addsub)                                      |   integer_addsubc_addsub_v12_0_14_lut6_legacy_HD5930 |         64 |         64 |       0 |    0 |     0 |      0 |      0 |    0 |          0 |
|                     i_q.i_simple.qreg                                           |            integer_addsubc_reg_fd_v12_0_6_viv_HD5931 |          0 |          0 |       0 |    0 |    64 |      0 |      0 |    0 |          0 |
|       g[1].g_normal.alu_i                                                       |                     microop_unit__parameterized2__42 |          0 |          0 |       0 |    0 |    64 |      0 |      0 |    0 |          0 |
|       g[2].g_normal.alu_i                                                       |                         microop_unit__parameterized9 |         64 |         64 |       0 |    0 |    64 |      0 |      0 |    0 |          0 |
|       g[3].g_normal.alu_i                                                       |              microop_unit__parameterized4__xdcDup__3 |         64 |         64 |       0 |    0 |   128 |      0 |      0 |    0 |          0 |
|         (g[3].g_normal.alu_i)                                                   |              microop_unit__parameterized4__xdcDup__3 |          0 |          0 |       0 |    0 |    64 |      0 |      0 |    0 |          0 |
|         g_iadd.use_ip.u_addsub                                                  |                                integer_addsub_HD5932 |         64 |         64 |       0 |    0 |    64 |      0 |      0 |    0 |          0 |
|           (g_iadd.use_ip.u_addsub)                                              |                                integer_addsub_HD5932 |          0 |          0 |       0 |    0 |     0 |      0 |      0 |    0 |          0 |
|           U0                                                                    |               integer_addsubc_addsub_v12_0_14_HD5933 |         64 |         64 |       0 |    0 |    64 |      0 |      0 |    0 |          0 |
|             (U0)                                                                |               integer_addsubc_addsub_v12_0_14_HD5933 |          0 |          0 |       0 |    0 |     0 |      0 |      0 |    0 |          0 |
|             xst_addsub                                                          |           integer_addsubc_addsub_v12_0_14_viv_HD5934 |         64 |         64 |       0 |    0 |    64 |      0 |      0 |    0 |          0 |
|               (xst_addsub)                                                      |           integer_addsubc_addsub_v12_0_14_viv_HD5934 |          0 |          0 |       0 |    0 |     0 |      0 |      0 |    0 |          0 |
|               i_baseblox.i_baseblox_addsub                                      |        integer_addsubc_addsub_v12_0_14_legacy_HD5935 |         64 |         64 |       0 |    0 |    64 |      0 |      0 |    0 |          0 |
|                 no_pipelining.the_addsub                                        | integer_addsubc_addsub_v12_0_14_fabric_legacy_HD5936 |         64 |         64 |       0 |    0 |    64 |      0 |      0 |    0 |          0 |
|                   i_lut6.i_lut6_addsub                                          |   integer_addsubc_addsub_v12_0_14_lut6_legacy_HD5937 |         64 |         64 |       0 |    0 |    64 |      0 |      0 |    0 |          0 |
|                     (i_lut6.i_lut6_addsub)                                      |   integer_addsubc_addsub_v12_0_14_lut6_legacy_HD5937 |         64 |         64 |       0 |    0 |     0 |      0 |      0 |    0 |          0 |
|                     i_q.i_simple.qreg                                           |            integer_addsubc_reg_fd_v12_0_6_viv_HD5938 |          0 |          0 |       0 |    0 |    64 |      0 |      0 |    0 |          0 |
|       g[4].g_normal.alu_i                                                       |                     microop_unit__parameterized2__43 |          0 |          0 |       0 |    0 |    64 |      0 |      0 |    0 |          0 |
|       g[5].g_normal.alu_i                                                       |              microop_unit__parameterized5__xdcDup__3 |         64 |         64 |       0 |    0 |   128 |      0 |      0 |    0 |          0 |
|         (g[5].g_normal.alu_i)                                                   |              microop_unit__parameterized5__xdcDup__3 |          0 |          0 |       0 |    0 |    64 |      0 |      0 |    0 |          0 |
|         g_iadd.use_ip.u_addsub                                                  |                                integer_addsub_HD5939 |         64 |         64 |       0 |    0 |    64 |      0 |      0 |    0 |          0 |
|           (g_iadd.use_ip.u_addsub)                                              |                                integer_addsub_HD5939 |          0 |          0 |       0 |    0 |     0 |      0 |      0 |    0 |          0 |
|           U0                                                                    |               integer_addsubc_addsub_v12_0_14_HD5940 |         64 |         64 |       0 |    0 |    64 |      0 |      0 |    0 |          0 |
|             (U0)                                                                |               integer_addsubc_addsub_v12_0_14_HD5940 |          0 |          0 |       0 |    0 |     0 |      0 |      0 |    0 |          0 |
|             xst_addsub                                                          |           integer_addsubc_addsub_v12_0_14_viv_HD5941 |         64 |         64 |       0 |    0 |    64 |      0 |      0 |    0 |          0 |
|               (xst_addsub)                                                      |           integer_addsubc_addsub_v12_0_14_viv_HD5941 |          0 |          0 |       0 |    0 |     0 |      0 |      0 |    0 |          0 |
|               i_baseblox.i_baseblox_addsub                                      |        integer_addsubc_addsub_v12_0_14_legacy_HD5942 |         64 |         64 |       0 |    0 |    64 |      0 |      0 |    0 |          0 |
|                 no_pipelining.the_addsub                                        | integer_addsubc_addsub_v12_0_14_fabric_legacy_HD5943 |         64 |         64 |       0 |    0 |    64 |      0 |      0 |    0 |          0 |
|                   i_lut6.i_lut6_addsub                                          |   integer_addsubc_addsub_v12_0_14_lut6_legacy_HD5944 |         64 |         64 |       0 |    0 |    64 |      0 |      0 |    0 |          0 |
|                     (i_lut6.i_lut6_addsub)                                      |   integer_addsubc_addsub_v12_0_14_lut6_legacy_HD5944 |         64 |         64 |       0 |    0 |     0 |      0 |      0 |    0 |          0 |
|                     i_q.i_simple.qreg                                           |            integer_addsubc_reg_fd_v12_0_6_viv_HD5945 |          0 |          0 |       0 |    0 |    64 |      0 |      0 |    0 |          0 |
|   g_has_mem.glen_mem[9].blk_i                                                   |                       uop_block_wrap__parameterized8 |        204 |        204 |       0 |    0 |   525 |      0 |      0 |    0 |          0 |
|     (g_has_mem.glen_mem[9].blk_i)                                               |                       uop_block_wrap__parameterized8 |          3 |          3 |       0 |    0 |    74 |      0 |      0 |    0 |          0 |
|     core                                                                        |                            uop_block__parameterized8 |        201 |        201 |       0 |    0 |   451 |      0 |      0 |    0 |          0 |
|       (core)                                                                    |                            uop_block__parameterized8 |          9 |          9 |       0 |    0 |     3 |      0 |      0 |    0 |          0 |
|       g[0].g_normal.alu_i                                                       |              microop_unit__parameterized4__xdcDup__4 |         64 |         64 |       0 |    0 |   128 |      0 |      0 |    0 |          0 |
|         (g[0].g_normal.alu_i)                                                   |              microop_unit__parameterized4__xdcDup__4 |          0 |          0 |       0 |    0 |    64 |      0 |      0 |    0 |          0 |
|         g_iadd.use_ip.u_addsub                                                  |                                integer_addsub_HD5946 |         64 |         64 |       0 |    0 |    64 |      0 |      0 |    0 |          0 |
|           (g_iadd.use_ip.u_addsub)                                              |                                integer_addsub_HD5946 |          0 |          0 |       0 |    0 |     0 |      0 |      0 |    0 |          0 |
|           U0                                                                    |               integer_addsubc_addsub_v12_0_14_HD5947 |         64 |         64 |       0 |    0 |    64 |      0 |      0 |    0 |          0 |
|             (U0)                                                                |               integer_addsubc_addsub_v12_0_14_HD5947 |          0 |          0 |       0 |    0 |     0 |      0 |      0 |    0 |          0 |
|             xst_addsub                                                          |           integer_addsubc_addsub_v12_0_14_viv_HD5948 |         64 |         64 |       0 |    0 |    64 |      0 |      0 |    0 |          0 |
|               (xst_addsub)                                                      |           integer_addsubc_addsub_v12_0_14_viv_HD5948 |          0 |          0 |       0 |    0 |     0 |      0 |      0 |    0 |          0 |
|               i_baseblox.i_baseblox_addsub                                      |        integer_addsubc_addsub_v12_0_14_legacy_HD5949 |         64 |         64 |       0 |    0 |    64 |      0 |      0 |    0 |          0 |
|                 no_pipelining.the_addsub                                        | integer_addsubc_addsub_v12_0_14_fabric_legacy_HD5950 |         64 |         64 |       0 |    0 |    64 |      0 |      0 |    0 |          0 |
|                   i_lut6.i_lut6_addsub                                          |   integer_addsubc_addsub_v12_0_14_lut6_legacy_HD5951 |         64 |         64 |       0 |    0 |    64 |      0 |      0 |    0 |          0 |
|                     (i_lut6.i_lut6_addsub)                                      |   integer_addsubc_addsub_v12_0_14_lut6_legacy_HD5951 |         64 |         64 |       0 |    0 |     0 |      0 |      0 |    0 |          0 |
|                     i_q.i_simple.qreg                                           |            integer_addsubc_reg_fd_v12_0_6_viv_HD5952 |          0 |          0 |       0 |    0 |    64 |      0 |      0 |    0 |          0 |
|       g[1].g_normal.alu_i                                                       |                     microop_unit__parameterized10__1 |         64 |         64 |       0 |    0 |    64 |      0 |      0 |    0 |          0 |
|       g[2].g_normal.alu_i                                                       |                      microop_unit__parameterized2__9 |          0 |          0 |       0 |    0 |    64 |      0 |      0 |    0 |          0 |
|       g[3].g_normal.alu_i                                                       |              microop_unit__parameterized4__xdcDup__5 |         64 |         64 |       0 |    0 |   128 |      0 |      0 |    0 |          0 |
|         (g[3].g_normal.alu_i)                                                   |              microop_unit__parameterized4__xdcDup__5 |          0 |          0 |       0 |    0 |    64 |      0 |      0 |    0 |          0 |
|         g_iadd.use_ip.u_addsub                                                  |                                integer_addsub_HD5953 |         64 |         64 |       0 |    0 |    64 |      0 |      0 |    0 |          0 |
|           (g_iadd.use_ip.u_addsub)                                              |                                integer_addsub_HD5953 |          0 |          0 |       0 |    0 |     0 |      0 |      0 |    0 |          0 |
|           U0                                                                    |               integer_addsubc_addsub_v12_0_14_HD5954 |         64 |         64 |       0 |    0 |    64 |      0 |      0 |    0 |          0 |
|             (U0)                                                                |               integer_addsubc_addsub_v12_0_14_HD5954 |          0 |          0 |       0 |    0 |     0 |      0 |      0 |    0 |          0 |
|             xst_addsub                                                          |           integer_addsubc_addsub_v12_0_14_viv_HD5955 |         64 |         64 |       0 |    0 |    64 |      0 |      0 |    0 |          0 |
|               (xst_addsub)                                                      |           integer_addsubc_addsub_v12_0_14_viv_HD5955 |          0 |          0 |       0 |    0 |     0 |      0 |      0 |    0 |          0 |
|               i_baseblox.i_baseblox_addsub                                      |        integer_addsubc_addsub_v12_0_14_legacy_HD5956 |         64 |         64 |       0 |    0 |    64 |      0 |      0 |    0 |          0 |
|                 no_pipelining.the_addsub                                        | integer_addsubc_addsub_v12_0_14_fabric_legacy_HD5957 |         64 |         64 |       0 |    0 |    64 |      0 |      0 |    0 |          0 |
|                   i_lut6.i_lut6_addsub                                          |   integer_addsubc_addsub_v12_0_14_lut6_legacy_HD5958 |         64 |         64 |       0 |    0 |    64 |      0 |      0 |    0 |          0 |
|                     (i_lut6.i_lut6_addsub)                                      |   integer_addsubc_addsub_v12_0_14_lut6_legacy_HD5958 |         64 |         64 |       0 |    0 |     0 |      0 |      0 |    0 |          0 |
|                     i_q.i_simple.qreg                                           |            integer_addsubc_reg_fd_v12_0_6_viv_HD5959 |          0 |          0 |       0 |    0 |    64 |      0 |      0 |    0 |          0 |
|       g[4].g_normal.alu_i                                                       |                     microop_unit__parameterized2__10 |          0 |          0 |       0 |    0 |    64 |      0 |      0 |    0 |          0 |
|   g_has_mem.u_pool                                                              |                                             spm_pool |       2055 |       2055 |       0 |    0 |  1642 |      8 |      0 |    0 |          0 |
|     (g_has_mem.u_pool)                                                          |                                             spm_pool |       1863 |       1863 |       0 |    0 |  1578 |      0 |      0 |    0 |          0 |
|     g_banks.gb[0].u_bank64                                                      |                                          spm_bank__1 |          5 |          5 |       0 |    0 |     2 |      1 |      0 |    0 |          0 |
|       (g_banks.gb[0].u_bank64)                                                  |                                          spm_bank__1 |          1 |          1 |       0 |    0 |     2 |      0 |      0 |    0 |          0 |
|       u_mem                                                                     |                                 xpm_memory_sdpram_44 |          4 |          4 |       0 |    0 |     0 |      1 |      0 |    0 |          0 |
|         (u_mem)                                                                 |                                 xpm_memory_sdpram_44 |          4 |          4 |       0 |    0 |     0 |      0 |      0 |    0 |          0 |
|         xpm_memory_base_inst                                                    |                                   xpm_memory_base__1 |          0 |          0 |       0 |    0 |     0 |      1 |      0 |    0 |          0 |
|     g_banks.gb[1].u_bank64                                                      |                                          spm_bank__2 |          5 |          5 |       0 |    0 |     2 |      1 |      0 |    0 |          0 |
|       (g_banks.gb[1].u_bank64)                                                  |                                          spm_bank__2 |          1 |          1 |       0 |    0 |     2 |      0 |      0 |    0 |          0 |
|       u_mem                                                                     |                                 xpm_memory_sdpram_43 |          4 |          4 |       0 |    0 |     0 |      1 |      0 |    0 |          0 |
|         (u_mem)                                                                 |                                 xpm_memory_sdpram_43 |          4 |          4 |       0 |    0 |     0 |      0 |      0 |    0 |          0 |
|         xpm_memory_base_inst                                                    |                                   xpm_memory_base__2 |          0 |          0 |       0 |    0 |     0 |      1 |      0 |    0 |          0 |
|     g_banks.gb[2].u_bank64                                                      |                                          spm_bank__3 |          5 |          5 |       0 |    0 |     2 |      1 |      0 |    0 |          0 |
|       (g_banks.gb[2].u_bank64)                                                  |                                          spm_bank__3 |          1 |          1 |       0 |    0 |     2 |      0 |      0 |    0 |          0 |
|       u_mem                                                                     |                                 xpm_memory_sdpram_42 |          4 |          4 |       0 |    0 |     0 |      1 |      0 |    0 |          0 |
|         (u_mem)                                                                 |                                 xpm_memory_sdpram_42 |          4 |          4 |       0 |    0 |     0 |      0 |      0 |    0 |          0 |
|         xpm_memory_base_inst                                                    |                                   xpm_memory_base__3 |          0 |          0 |       0 |    0 |     0 |      1 |      0 |    0 |          0 |
|     g_banks.gb[3].u_bank64                                                      |                                          spm_bank__4 |          5 |          5 |       0 |    0 |     2 |      1 |      0 |    0 |          0 |
|       (g_banks.gb[3].u_bank64)                                                  |                                          spm_bank__4 |          1 |          1 |       0 |    0 |     2 |      0 |      0 |    0 |          0 |
|       u_mem                                                                     |                                 xpm_memory_sdpram_41 |          4 |          4 |       0 |    0 |     0 |      1 |      0 |    0 |          0 |
|         (u_mem)                                                                 |                                 xpm_memory_sdpram_41 |          4 |          4 |       0 |    0 |     0 |      0 |      0 |    0 |          0 |
|         xpm_memory_base_inst                                                    |                                   xpm_memory_base__4 |          0 |          0 |       0 |    0 |     0 |      1 |      0 |    0 |          0 |
|     g_banks.gb[4].u_bank64                                                      |                                          spm_bank__5 |          5 |          5 |       0 |    0 |     2 |      1 |      0 |    0 |          0 |
|       (g_banks.gb[4].u_bank64)                                                  |                                          spm_bank__5 |          1 |          1 |       0 |    0 |     2 |      0 |      0 |    0 |          0 |
|       u_mem                                                                     |                                 xpm_memory_sdpram_40 |          4 |          4 |       0 |    0 |     0 |      1 |      0 |    0 |          0 |
|         (u_mem)                                                                 |                                 xpm_memory_sdpram_40 |          4 |          4 |       0 |    0 |     0 |      0 |      0 |    0 |          0 |
|         xpm_memory_base_inst                                                    |                                   xpm_memory_base__5 |          0 |          0 |       0 |    0 |     0 |      1 |      0 |    0 |          0 |
|     g_banks.gb[5].u_bank64                                                      |                                          spm_bank__6 |          5 |          5 |       0 |    0 |     2 |      1 |      0 |    0 |          0 |
|       (g_banks.gb[5].u_bank64)                                                  |                                          spm_bank__6 |          1 |          1 |       0 |    0 |     2 |      0 |      0 |    0 |          0 |
|       u_mem                                                                     |                                 xpm_memory_sdpram_39 |          4 |          4 |       0 |    0 |     0 |      1 |      0 |    0 |          0 |
|         (u_mem)                                                                 |                                 xpm_memory_sdpram_39 |          4 |          4 |       0 |    0 |     0 |      0 |      0 |    0 |          0 |
|         xpm_memory_base_inst                                                    |                                   xpm_memory_base__6 |          0 |          0 |       0 |    0 |     0 |      1 |      0 |    0 |          0 |
|     g_banks.gb[6].u_bank64                                                      |                                          spm_bank__7 |          5 |          5 |       0 |    0 |     2 |      1 |      0 |    0 |          0 |
|       (g_banks.gb[6].u_bank64)                                                  |                                          spm_bank__7 |          1 |          1 |       0 |    0 |     2 |      0 |      0 |    0 |          0 |
|       u_mem                                                                     |                                 xpm_memory_sdpram_38 |          4 |          4 |       0 |    0 |     0 |      1 |      0 |    0 |          0 |
|         (u_mem)                                                                 |                                 xpm_memory_sdpram_38 |          4 |          4 |       0 |    0 |     0 |      0 |      0 |    0 |          0 |
|         xpm_memory_base_inst                                                    |                                   xpm_memory_base__7 |          0 |          0 |       0 |    0 |     0 |      1 |      0 |    0 |          0 |
|     g_banks.gb[7].u_bank64                                                      |                                             spm_bank |          5 |          5 |       0 |    0 |     2 |      1 |      0 |    0 |          0 |
|       (g_banks.gb[7].u_bank64)                                                  |                                             spm_bank |          1 |          1 |       0 |    0 |     2 |      0 |      0 |    0 |          0 |
|       u_mem                                                                     |                                    xpm_memory_sdpram |          4 |          4 |       0 |    0 |     0 |      1 |      0 |    0 |          0 |
|         (u_mem)                                                                 |                                    xpm_memory_sdpram |          4 |          4 |       0 |    0 |     0 |      0 |      0 |    0 |          0 |
|         xpm_memory_base_inst                                                    |                                      xpm_memory_base |          0 |          0 |       0 |    0 |     0 |      1 |      0 |    0 |          0 |
|     u_rrA                                                                       |                                        rr_arbiter__1 |         76 |         76 |       0 |    0 |    24 |      0 |      0 |    0 |          0 |
|     u_rrB                                                                       |                                           rr_arbiter |         76 |         76 |       0 |    0 |    24 |      0 |      0 |    0 |          0 |
+---------------------------------------------------------------------------------+------------------------------------------------------+------------+------------+---------+------+-------+--------+--------+------+------------+


