Copyright 1986-2020 Xilinx, Inc. All Rights Reserved.
--------------------------------------------------------------------------------------------------------------------------------------------------------------
| Tool Version : Vivado v.2020.1 (lin64) Build 2902540 Wed May 27 19:54:35 MDT 2020
| Date         : Mon Oct 27 19:08:16 2025
| Host         : orthanc running 64-bit Ubuntu 22.04.4 LTS
| Command      : report_utilization -hierarchical -file /home/jyoo/custom_v_2/custom-core-tool/reports/synth_1p0pct/benches/525_x264_r/pre_impl_util_hier.rpt
| Design       : top_multi_len
| Device       : xcu200fsgd2104-2
| Design State : Synthesized
--------------------------------------------------------------------------------------------------------------------------------------------------------------

Utilization Design Information

Table of Contents
-----------------
1. Utilization by Hierarchy

1. Utilization by Hierarchy
---------------------------

+--------------------------------------------+------------------------------------------------------+------------+------------+---------+------+-------+--------+--------+------+------------+
|                  Instance                  |                        Module                        | Total LUTs | Logic LUTs | LUTRAMs | SRLs |  FFs  | RAMB36 | RAMB18 | URAM | DSP Blocks |
+--------------------------------------------+------------------------------------------------------+------------+------------+---------+------+-------+--------+--------+------+------------+
| top_multi_len                              |                                                (top) |       7263 |       7263 |       0 |    0 | 12702 |      8 |      0 |    0 |         27 |
|   (top_multi_len)                          |                                                (top) |        340 |        340 |       0 |    0 |   912 |      0 |      0 |    0 |          0 |
|   g_has_mem.glen_mem[0].blk_i              |                                       uop_block_wrap |         32 |         32 |       0 |    0 |    69 |      0 |      0 |    0 |          0 |
|     (g_has_mem.glen_mem[0].blk_i)          |                                       uop_block_wrap |          0 |          0 |       0 |    0 |    37 |      0 |      0 |    0 |          0 |
|     core                                   |                                         uop_block_41 |         32 |         32 |       0 |    0 |    32 |      0 |      0 |    0 |          0 |
|       (core)                               |                                         uop_block_41 |          0 |          0 |       0 |    0 |     0 |      0 |      0 |    0 |          0 |
|       g[0].g_normal.alu_i                  |                                      microop_unit__9 |         32 |         32 |       0 |    0 |    32 |      0 |      0 |    0 |          0 |
|   g_has_mem.glen_mem[10].blk_i             |                       uop_block_wrap__parameterized3 |         64 |         64 |       0 |    0 |   101 |      0 |      0 |    0 |          0 |
|     (g_has_mem.glen_mem[10].blk_i)         |                       uop_block_wrap__parameterized3 |          0 |          0 |       0 |    0 |    37 |      0 |      0 |    0 |          0 |
|     core                                   |                            uop_block__parameterized3 |         64 |         64 |       0 |    0 |    64 |      0 |      0 |    0 |          0 |
|       (core)                               |                            uop_block__parameterized3 |          0 |          0 |       0 |    0 |     0 |      0 |      0 |    0 |          0 |
|       g[0].g_normal.alu_i                  |                     microop_unit__parameterized11__6 |         32 |         32 |       0 |    0 |    32 |      0 |      0 |    0 |          0 |
|       g[1].g_normal.alu_i                  |                     microop_unit__parameterized12__5 |         32 |         32 |       0 |    0 |    32 |      0 |      0 |    0 |          0 |
|   g_has_mem.glen_mem[11].blk_i             |                                     uop_block_wrap_0 |         32 |         32 |       0 |    0 |    69 |      0 |      0 |    0 |          0 |
|     (g_has_mem.glen_mem[11].blk_i)         |                                     uop_block_wrap_0 |          0 |          0 |       0 |    0 |    37 |      0 |      0 |    0 |          0 |
|     core                                   |                                         uop_block_40 |         32 |         32 |       0 |    0 |    32 |      0 |      0 |    0 |          0 |
|       (core)                               |                                         uop_block_40 |          0 |          0 |       0 |    0 |     0 |      0 |      0 |    0 |          0 |
|       g[0].g_normal.alu_i                  |                                     microop_unit__20 |         32 |         32 |       0 |    0 |    32 |      0 |      0 |    0 |          0 |
|   g_has_mem.glen_mem[12].blk_i             |                                     uop_block_wrap_1 |         32 |         32 |       0 |    0 |    69 |      0 |      0 |    0 |          0 |
|     (g_has_mem.glen_mem[12].blk_i)         |                                     uop_block_wrap_1 |          0 |          0 |       0 |    0 |    37 |      0 |      0 |    0 |          0 |
|     core                                   |                                         uop_block_39 |         32 |         32 |       0 |    0 |    32 |      0 |      0 |    0 |          0 |
|       (core)                               |                                         uop_block_39 |          0 |          0 |       0 |    0 |     0 |      0 |      0 |    0 |          0 |
|       g[0].g_normal.alu_i                  |                                     microop_unit__25 |         32 |         32 |       0 |    0 |    32 |      0 |      0 |    0 |          0 |
|   g_has_mem.glen_mem[13].blk_i             |                       uop_block_wrap__parameterized4 |        386 |        386 |       0 |    0 |   776 |      0 |      0 |    0 |          0 |
|     (g_has_mem.glen_mem[13].blk_i)         |                       uop_block_wrap__parameterized4 |          0 |          0 |       0 |    0 |    70 |      0 |      0 |    0 |          0 |
|     core                                   |                            uop_block__parameterized4 |        386 |        386 |       0 |    0 |   706 |      0 |      0 |    0 |          0 |
|       (core)                               |                            uop_block__parameterized4 |          0 |          0 |       0 |    0 |     0 |      0 |      0 |    0 |          0 |
|       g[0].g_normal.alu_i                  |                     microop_unit__parameterized13__5 |         64 |         64 |       0 |    0 |    64 |      0 |      0 |    0 |          0 |
|       g[1].g_normal.alu_i                  |                         microop_unit__parameterized9 |          0 |          0 |       0 |    0 |    64 |      0 |      0 |    0 |          0 |
|       g[2].g_normal.alu_i                  |                     microop_unit__parameterized13__6 |         64 |         64 |       0 |    0 |    64 |      0 |      0 |    0 |          0 |
|       g[3].g_normal.alu_i                  |             microop_unit__parameterized14__xdcDup__1 |         64 |         64 |       0 |    0 |   128 |      0 |      0 |    0 |          0 |
|         (g[3].g_normal.alu_i)              |             microop_unit__parameterized14__xdcDup__1 |          0 |          0 |       0 |    0 |    64 |      0 |      0 |    0 |          0 |
|         g_iadd.use_ip.u_addsub             |                                       integer_addsub |         64 |         64 |       0 |    0 |    64 |      0 |      0 |    0 |          0 |
|           (g_iadd.use_ip.u_addsub)         |                                       integer_addsub |          0 |          0 |       0 |    0 |     0 |      0 |      0 |    0 |          0 |
|           U0                               |                      integer_addsubc_addsub_v12_0_14 |         64 |         64 |       0 |    0 |    64 |      0 |      0 |    0 |          0 |
|             (U0)                           |                      integer_addsubc_addsub_v12_0_14 |          0 |          0 |       0 |    0 |     0 |      0 |      0 |    0 |          0 |
|             xst_addsub                     |                  integer_addsubc_addsub_v12_0_14_viv |         64 |         64 |       0 |    0 |    64 |      0 |      0 |    0 |          0 |
|               (xst_addsub)                 |                  integer_addsubc_addsub_v12_0_14_viv |          0 |          0 |       0 |    0 |     0 |      0 |      0 |    0 |          0 |
|               i_baseblox.i_baseblox_addsub |               integer_addsubc_addsub_v12_0_14_legacy |         64 |         64 |       0 |    0 |    64 |      0 |      0 |    0 |          0 |
|                 no_pipelining.the_addsub   |        integer_addsubc_addsub_v12_0_14_fabric_legacy |         64 |         64 |       0 |    0 |    64 |      0 |      0 |    0 |          0 |
|                   i_lut6.i_lut6_addsub     |          integer_addsubc_addsub_v12_0_14_lut6_legacy |         64 |         64 |       0 |    0 |    64 |      0 |      0 |    0 |          0 |
|                     (i_lut6.i_lut6_addsub) |          integer_addsubc_addsub_v12_0_14_lut6_legacy |         64 |         64 |       0 |    0 |     0 |      0 |      0 |    0 |          0 |
|                     i_q.i_simple.qreg      |                   integer_addsubc_reg_fd_v12_0_6_viv |          0 |          0 |       0 |    0 |    64 |      0 |      0 |    0 |          0 |
|       g[4].g_normal.alu_i                  |             microop_unit__parameterized15__xdcDup__1 |         64 |         64 |       0 |    0 |   128 |      0 |      0 |    0 |          0 |
|         (g[4].g_normal.alu_i)              |             microop_unit__parameterized15__xdcDup__1 |          0 |          0 |       0 |    0 |    64 |      0 |      0 |    0 |          0 |
|         g_iadd.use_ip.u_addsub             |                                integer_addsub_HD3560 |         64 |         64 |       0 |    0 |    64 |      0 |      0 |    0 |          0 |
|           (g_iadd.use_ip.u_addsub)         |                                integer_addsub_HD3560 |          0 |          0 |       0 |    0 |     0 |      0 |      0 |    0 |          0 |
|           U0                               |               integer_addsubc_addsub_v12_0_14_HD3561 |         64 |         64 |       0 |    0 |    64 |      0 |      0 |    0 |          0 |
|             (U0)                           |               integer_addsubc_addsub_v12_0_14_HD3561 |          0 |          0 |       0 |    0 |     0 |      0 |      0 |    0 |          0 |
|             xst_addsub                     |           integer_addsubc_addsub_v12_0_14_viv_HD3562 |         64 |         64 |       0 |    0 |    64 |      0 |      0 |    0 |          0 |
|               (xst_addsub)                 |           integer_addsubc_addsub_v12_0_14_viv_HD3562 |          0 |          0 |       0 |    0 |     0 |      0 |      0 |    0 |          0 |
|               i_baseblox.i_baseblox_addsub |        integer_addsubc_addsub_v12_0_14_legacy_HD3563 |         64 |         64 |       0 |    0 |    64 |      0 |      0 |    0 |          0 |
|                 no_pipelining.the_addsub   | integer_addsubc_addsub_v12_0_14_fabric_legacy_HD3564 |         64 |         64 |       0 |    0 |    64 |      0 |      0 |    0 |          0 |
|                   i_lut6.i_lut6_addsub     |   integer_addsubc_addsub_v12_0_14_lut6_legacy_HD3565 |         64 |         64 |       0 |    0 |    64 |      0 |      0 |    0 |          0 |
|                     (i_lut6.i_lut6_addsub) |   integer_addsubc_addsub_v12_0_14_lut6_legacy_HD3565 |         64 |         64 |       0 |    0 |     0 |      0 |      0 |    0 |          0 |
|                     i_q.i_simple.qreg      |            integer_addsubc_reg_fd_v12_0_6_viv_HD3566 |          0 |          0 |       0 |    0 |    64 |      0 |      0 |    0 |          0 |
|       g[5].g_normal.alu_i                  |                        microop_unit__parameterized14 |         64 |         64 |       0 |    0 |   128 |      0 |      0 |    0 |          0 |
|         (g[5].g_normal.alu_i)              |                        microop_unit__parameterized14 |          0 |          0 |       0 |    0 |    64 |      0 |      0 |    0 |          0 |
|         g_iadd.use_ip.u_addsub             |                                integer_addsub_HD3567 |         64 |         64 |       0 |    0 |    64 |      0 |      0 |    0 |          0 |
|           (g_iadd.use_ip.u_addsub)         |                                integer_addsub_HD3567 |          0 |          0 |       0 |    0 |     0 |      0 |      0 |    0 |          0 |
|           U0                               |               integer_addsubc_addsub_v12_0_14_HD3568 |         64 |         64 |       0 |    0 |    64 |      0 |      0 |    0 |          0 |
|             (U0)                           |               integer_addsubc_addsub_v12_0_14_HD3568 |          0 |          0 |       0 |    0 |     0 |      0 |      0 |    0 |          0 |
|             xst_addsub                     |           integer_addsubc_addsub_v12_0_14_viv_HD3569 |         64 |         64 |       0 |    0 |    64 |      0 |      0 |    0 |          0 |
|               (xst_addsub)                 |           integer_addsubc_addsub_v12_0_14_viv_HD3569 |          0 |          0 |       0 |    0 |     0 |      0 |      0 |    0 |          0 |
|               i_baseblox.i_baseblox_addsub |        integer_addsubc_addsub_v12_0_14_legacy_HD3570 |         64 |         64 |       0 |    0 |    64 |      0 |      0 |    0 |          0 |
|                 no_pipelining.the_addsub   | integer_addsubc_addsub_v12_0_14_fabric_legacy_HD3571 |         64 |         64 |       0 |    0 |    64 |      0 |      0 |    0 |          0 |
|                   i_lut6.i_lut6_addsub     |   integer_addsubc_addsub_v12_0_14_lut6_legacy_HD3572 |         64 |         64 |       0 |    0 |    64 |      0 |      0 |    0 |          0 |
|                     (i_lut6.i_lut6_addsub) |   integer_addsubc_addsub_v12_0_14_lut6_legacy_HD3572 |         64 |         64 |       0 |    0 |     0 |      0 |      0 |    0 |          0 |
|                     i_q.i_simple.qreg      |            integer_addsubc_reg_fd_v12_0_6_viv_HD3573 |          0 |          0 |       0 |    0 |    64 |      0 |      0 |    0 |          0 |
|       g[6].g_normal.alu_i                  |                     microop_unit__parameterized16__1 |          1 |          1 |       0 |    0 |     1 |      0 |      0 |    0 |          0 |
|       g[7].g_normal.alu_i                  |                        microop_unit__parameterized15 |         64 |         64 |       0 |    0 |   128 |      0 |      0 |    0 |          0 |
|         (g[7].g_normal.alu_i)              |                        microop_unit__parameterized15 |          0 |          0 |       0 |    0 |    64 |      0 |      0 |    0 |          0 |
|         g_iadd.use_ip.u_addsub             |                                integer_addsub_HD3574 |         64 |         64 |       0 |    0 |    64 |      0 |      0 |    0 |          0 |
|           (g_iadd.use_ip.u_addsub)         |                                integer_addsub_HD3574 |          0 |          0 |       0 |    0 |     0 |      0 |      0 |    0 |          0 |
|           U0                               |               integer_addsubc_addsub_v12_0_14_HD3575 |         64 |         64 |       0 |    0 |    64 |      0 |      0 |    0 |          0 |
|             (U0)                           |               integer_addsubc_addsub_v12_0_14_HD3575 |          0 |          0 |       0 |    0 |     0 |      0 |      0 |    0 |          0 |
|             xst_addsub                     |           integer_addsubc_addsub_v12_0_14_viv_HD3576 |         64 |         64 |       0 |    0 |    64 |      0 |      0 |    0 |          0 |
|               (xst_addsub)                 |           integer_addsubc_addsub_v12_0_14_viv_HD3576 |          0 |          0 |       0 |    0 |     0 |      0 |      0 |    0 |          0 |
|               i_baseblox.i_baseblox_addsub |        integer_addsubc_addsub_v12_0_14_legacy_HD3577 |         64 |         64 |       0 |    0 |    64 |      0 |      0 |    0 |          0 |
|                 no_pipelining.the_addsub   | integer_addsubc_addsub_v12_0_14_fabric_legacy_HD3578 |         64 |         64 |       0 |    0 |    64 |      0 |      0 |    0 |          0 |
|                   i_lut6.i_lut6_addsub     |   integer_addsubc_addsub_v12_0_14_lut6_legacy_HD3579 |         64 |         64 |       0 |    0 |    64 |      0 |      0 |    0 |          0 |
|                     (i_lut6.i_lut6_addsub) |   integer_addsubc_addsub_v12_0_14_lut6_legacy_HD3579 |         64 |         64 |       0 |    0 |     0 |      0 |      0 |    0 |          0 |
|                     i_q.i_simple.qreg      |            integer_addsubc_reg_fd_v12_0_6_viv_HD3580 |          0 |          0 |       0 |    0 |    64 |      0 |      0 |    0 |          0 |
|       g[8].g_normal.alu_i                  |                        microop_unit__parameterized16 |          1 |          1 |       0 |    0 |     1 |      0 |      0 |    0 |          0 |
|   g_has_mem.glen_mem[14].blk_i             |                                     uop_block_wrap_2 |         32 |         32 |       0 |    0 |    69 |      0 |      0 |    0 |          0 |
|     (g_has_mem.glen_mem[14].blk_i)         |                                     uop_block_wrap_2 |          0 |          0 |       0 |    0 |    37 |      0 |      0 |    0 |          0 |
|     core                                   |                                         uop_block_38 |         32 |         32 |       0 |    0 |    32 |      0 |      0 |    0 |          0 |
|       (core)                               |                                         uop_block_38 |          0 |          0 |       0 |    0 |     0 |      0 |      0 |    0 |          0 |
|       g[0].g_normal.alu_i                  |                                     microop_unit__24 |         32 |         32 |       0 |    0 |    32 |      0 |      0 |    0 |          0 |
|   g_has_mem.glen_mem[15].blk_i             |                                     uop_block_wrap_3 |         32 |         32 |       0 |    0 |    69 |      0 |      0 |    0 |          0 |
|     (g_has_mem.glen_mem[15].blk_i)         |                                     uop_block_wrap_3 |          0 |          0 |       0 |    0 |    37 |      0 |      0 |    0 |          0 |
|     core                                   |                                         uop_block_37 |         32 |         32 |       0 |    0 |    32 |      0 |      0 |    0 |          0 |
|       (core)                               |                                         uop_block_37 |          0 |          0 |       0 |    0 |     0 |      0 |      0 |    0 |          0 |
|       g[0].g_normal.alu_i                  |                                     microop_unit__23 |         32 |         32 |       0 |    0 |    32 |      0 |      0 |    0 |          0 |
|   g_has_mem.glen_mem[16].blk_i             |                                     uop_block_wrap_4 |         32 |         32 |       0 |    0 |    69 |      0 |      0 |    0 |          0 |
|     (g_has_mem.glen_mem[16].blk_i)         |                                     uop_block_wrap_4 |          0 |          0 |       0 |    0 |    37 |      0 |      0 |    0 |          0 |
|     core                                   |                                         uop_block_36 |         32 |         32 |       0 |    0 |    32 |      0 |      0 |    0 |          0 |
|       (core)                               |                                         uop_block_36 |          0 |          0 |       0 |    0 |     0 |      0 |      0 |    0 |          0 |
|       g[0].g_normal.alu_i                  |                                     microop_unit__18 |         32 |         32 |       0 |    0 |    32 |      0 |      0 |    0 |          0 |
|   g_has_mem.glen_mem[17].blk_i             |                                     uop_block_wrap_5 |         32 |         32 |       0 |    0 |    69 |      0 |      0 |    0 |          0 |
|     (g_has_mem.glen_mem[17].blk_i)         |                                     uop_block_wrap_5 |          0 |          0 |       0 |    0 |    37 |      0 |      0 |    0 |          0 |
|     core                                   |                                         uop_block_35 |         32 |         32 |       0 |    0 |    32 |      0 |      0 |    0 |          0 |
|       (core)                               |                                         uop_block_35 |          0 |          0 |       0 |    0 |     0 |      0 |      0 |    0 |          0 |
|       g[0].g_normal.alu_i                  |                                     microop_unit__17 |         32 |         32 |       0 |    0 |    32 |      0 |      0 |    0 |          0 |
|   g_has_mem.glen_mem[18].blk_i             |                                     uop_block_wrap_6 |         32 |         32 |       0 |    0 |    69 |      0 |      0 |    0 |          0 |
|     (g_has_mem.glen_mem[18].blk_i)         |                                     uop_block_wrap_6 |          0 |          0 |       0 |    0 |    37 |      0 |      0 |    0 |          0 |
|     core                                   |                                         uop_block_34 |         32 |         32 |       0 |    0 |    32 |      0 |      0 |    0 |          0 |
|       (core)                               |                                         uop_block_34 |          0 |          0 |       0 |    0 |     0 |      0 |      0 |    0 |          0 |
|       g[0].g_normal.alu_i                  |                                     microop_unit__16 |         32 |         32 |       0 |    0 |    32 |      0 |      0 |    0 |          0 |
|   g_has_mem.glen_mem[19].blk_i             |                                     uop_block_wrap_7 |         32 |         32 |       0 |    0 |    69 |      0 |      0 |    0 |          0 |
|     (g_has_mem.glen_mem[19].blk_i)         |                                     uop_block_wrap_7 |          0 |          0 |       0 |    0 |    37 |      0 |      0 |    0 |          0 |
|     core                                   |                                         uop_block_33 |         32 |         32 |       0 |    0 |    32 |      0 |      0 |    0 |          0 |
|       (core)                               |                                         uop_block_33 |          0 |          0 |       0 |    0 |     0 |      0 |      0 |    0 |          0 |
|       g[0].g_normal.alu_i                  |                                     microop_unit__15 |         32 |         32 |       0 |    0 |    32 |      0 |      0 |    0 |          0 |
|   g_has_mem.glen_mem[1].blk_i              |                       uop_block_wrap__parameterized0 |        346 |        346 |       0 |    0 |   394 |      0 |      0 |    0 |          3 |
|     (g_has_mem.glen_mem[1].blk_i)          |                       uop_block_wrap__parameterized0 |          1 |          1 |       0 |    0 |    45 |      0 |      0 |    0 |          0 |
|     core                                   |                         uop_block__parameterized0_32 |        345 |        345 |       0 |    0 |   349 |      0 |      0 |    0 |          3 |
|       (core)                               |                         uop_block__parameterized0_32 |          8 |          8 |       0 |    0 |     4 |      0 |      0 |    0 |          0 |
|       g[0].g_normal.alu_i                  |                      microop_unit__parameterized0__5 |          0 |          0 |       0 |    0 |     8 |      0 |      0 |    0 |          0 |
|       g[10].g_normal.alu_i                 |                      microop_unit__parameterized7__4 |         31 |         31 |       0 |    0 |    32 |      0 |      0 |    0 |          0 |
|       g[12].g_normal.alu_i                 |                      microop_unit__parameterized8__4 |         16 |         16 |       0 |    0 |    32 |      0 |      0 |    0 |          0 |
|       g[1].g_normal.alu_i                  |                      microop_unit__parameterized1__6 |          0 |          0 |       0 |    0 |    32 |      0 |      0 |    0 |          0 |
|       g[2].g_normal.alu_i                  |                                      microop_unit__2 |         32 |         32 |       0 |    0 |    32 |      0 |      0 |    0 |          0 |
|       g[3].g_normal.alu_i                  |                      microop_unit__parameterized2__4 |         71 |         71 |       0 |    0 |    32 |      0 |      0 |    0 |          0 |
|       g[4].g_normal.alu_i                  |                      microop_unit__parameterized3__6 |         15 |         15 |       0 |    0 |    17 |      0 |      0 |    0 |          3 |
|       g[5].g_normal.alu_i                  |                      microop_unit__parameterized4__3 |         32 |         32 |       0 |    0 |    32 |      0 |      0 |    0 |          0 |
|       g[6].g_normal.alu_i                  |                      microop_unit__parameterized5__4 |         76 |         76 |       0 |    0 |    32 |      0 |      0 |    0 |          0 |
|       g[7].g_normal.alu_i                  |                      microop_unit__parameterized4__4 |         32 |         32 |       0 |    0 |    32 |      0 |      0 |    0 |          0 |
|       g[8].g_normal.alu_i                  |                      microop_unit__parameterized6__4 |         32 |         32 |       0 |    0 |    32 |      0 |      0 |    0 |          0 |
|       g[9].g_normal.alu_i                  |                      microop_unit__parameterized1__7 |          0 |          0 |       0 |    0 |    32 |      0 |      0 |    0 |          0 |
|   g_has_mem.glen_mem[20].blk_i             |                                     uop_block_wrap_8 |         32 |         32 |       0 |    0 |    69 |      0 |      0 |    0 |          0 |
|     (g_has_mem.glen_mem[20].blk_i)         |                                     uop_block_wrap_8 |          0 |          0 |       0 |    0 |    37 |      0 |      0 |    0 |          0 |
|     core                                   |                                         uop_block_31 |         32 |         32 |       0 |    0 |    32 |      0 |      0 |    0 |          0 |
|       (core)                               |                                         uop_block_31 |          0 |          0 |       0 |    0 |     0 |      0 |      0 |    0 |          0 |
|       g[0].g_normal.alu_i                  |                                     microop_unit__14 |         32 |         32 |       0 |    0 |    32 |      0 |      0 |    0 |          0 |
|   g_has_mem.glen_mem[21].blk_i             |                       uop_block_wrap__parameterized5 |         75 |         75 |       0 |    0 |   254 |      0 |      0 |    0 |          0 |
|     (g_has_mem.glen_mem[21].blk_i)         |                       uop_block_wrap__parameterized5 |          4 |          4 |       0 |    0 |    75 |      0 |      0 |    0 |          0 |
|     core                                   |                            uop_block__parameterized5 |         71 |         71 |       0 |    0 |   179 |      0 |      0 |    0 |          0 |
|       (core)                               |                            uop_block__parameterized5 |          7 |          7 |       0 |    0 |     3 |      0 |      0 |    0 |          0 |
|       g[0].g_normal.alu_i                  |             microop_unit__parameterized10__xdcDup__3 |         64 |         64 |       0 |    0 |   128 |      0 |      0 |    0 |          0 |
|         (g[0].g_normal.alu_i)              |             microop_unit__parameterized10__xdcDup__3 |          0 |          0 |       0 |    0 |    64 |      0 |      0 |    0 |          0 |
|         g_iadd.use_ip.u_addsub             |                                integer_addsub_HD3581 |         64 |         64 |       0 |    0 |    64 |      0 |      0 |    0 |          0 |
|           (g_iadd.use_ip.u_addsub)         |                                integer_addsub_HD3581 |          0 |          0 |       0 |    0 |     0 |      0 |      0 |    0 |          0 |
|           U0                               |               integer_addsubc_addsub_v12_0_14_HD3582 |         64 |         64 |       0 |    0 |    64 |      0 |      0 |    0 |          0 |
|             (U0)                           |               integer_addsubc_addsub_v12_0_14_HD3582 |          0 |          0 |       0 |    0 |     0 |      0 |      0 |    0 |          0 |
|             xst_addsub                     |           integer_addsubc_addsub_v12_0_14_viv_HD3583 |         64 |         64 |       0 |    0 |    64 |      0 |      0 |    0 |          0 |
|               (xst_addsub)                 |           integer_addsubc_addsub_v12_0_14_viv_HD3583 |          0 |          0 |       0 |    0 |     0 |      0 |      0 |    0 |          0 |
|               i_baseblox.i_baseblox_addsub |        integer_addsubc_addsub_v12_0_14_legacy_HD3584 |         64 |         64 |       0 |    0 |    64 |      0 |      0 |    0 |          0 |
|                 no_pipelining.the_addsub   | integer_addsubc_addsub_v12_0_14_fabric_legacy_HD3585 |         64 |         64 |       0 |    0 |    64 |      0 |      0 |    0 |          0 |
|                   i_lut6.i_lut6_addsub     |   integer_addsubc_addsub_v12_0_14_lut6_legacy_HD3586 |         64 |         64 |       0 |    0 |    64 |      0 |      0 |    0 |          0 |
|                     (i_lut6.i_lut6_addsub) |   integer_addsubc_addsub_v12_0_14_lut6_legacy_HD3586 |         64 |         64 |       0 |    0 |     0 |      0 |      0 |    0 |          0 |
|                     i_q.i_simple.qreg      |            integer_addsubc_reg_fd_v12_0_6_viv_HD3587 |          0 |          0 |       0 |    0 |    64 |      0 |      0 |    0 |          0 |
|       g[1].g_normal.alu_i                  |                      microop_unit__parameterized0__9 |          0 |          0 |       0 |    0 |     8 |      0 |      0 |    0 |          0 |
|       g[2].g_normal.alu_i                  |                     microop_unit__parameterized0__10 |          0 |          0 |       0 |    0 |     8 |      0 |      0 |    0 |          0 |
|       g[3].g_normal.alu_i                  |                     microop_unit__parameterized0__11 |          0 |          0 |       0 |    0 |     8 |      0 |      0 |    0 |          0 |
|       g[4].g_normal.alu_i                  |                     microop_unit__parameterized0__12 |          0 |          0 |       0 |    0 |     8 |      0 |      0 |    0 |          0 |
|       g[5].g_normal.alu_i                  |                     microop_unit__parameterized0__13 |          0 |          0 |       0 |    0 |     8 |      0 |      0 |    0 |          0 |
|       g[6].g_normal.alu_i                  |                     microop_unit__parameterized0__17 |          0 |          0 |       0 |    0 |     8 |      0 |      0 |    0 |          0 |
|   g_has_mem.glen_mem[22].blk_i             |                                     uop_block_wrap_9 |         32 |         32 |       0 |    0 |    69 |      0 |      0 |    0 |          0 |
|     (g_has_mem.glen_mem[22].blk_i)         |                                     uop_block_wrap_9 |          0 |          0 |       0 |    0 |    37 |      0 |      0 |    0 |          0 |
|     core                                   |                                         uop_block_30 |         32 |         32 |       0 |    0 |    32 |      0 |      0 |    0 |          0 |
|       (core)                               |                                         uop_block_30 |          0 |          0 |       0 |    0 |     0 |      0 |      0 |    0 |          0 |
|       g[0].g_normal.alu_i                  |                                     microop_unit__13 |         32 |         32 |       0 |    0 |    32 |      0 |      0 |    0 |          0 |
|   g_has_mem.glen_mem[23].blk_i             |                                    uop_block_wrap_10 |         32 |         32 |       0 |    0 |    69 |      0 |      0 |    0 |          0 |
|     (g_has_mem.glen_mem[23].blk_i)         |                                    uop_block_wrap_10 |          0 |          0 |       0 |    0 |    37 |      0 |      0 |    0 |          0 |
|     core                                   |                                         uop_block_29 |         32 |         32 |       0 |    0 |    32 |      0 |      0 |    0 |          0 |
|       (core)                               |                                         uop_block_29 |          0 |          0 |       0 |    0 |     0 |      0 |      0 |    0 |          0 |
|       g[0].g_normal.alu_i                  |                                     microop_unit__12 |         32 |         32 |       0 |    0 |    32 |      0 |      0 |    0 |          0 |
|   g_has_mem.glen_mem[24].blk_i             |                                    uop_block_wrap_11 |         32 |         32 |       0 |    0 |    69 |      0 |      0 |    0 |          0 |
|     (g_has_mem.glen_mem[24].blk_i)         |                                    uop_block_wrap_11 |          0 |          0 |       0 |    0 |    37 |      0 |      0 |    0 |          0 |
|     core                                   |                                         uop_block_28 |         32 |         32 |       0 |    0 |    32 |      0 |      0 |    0 |          0 |
|       (core)                               |                                         uop_block_28 |          0 |          0 |       0 |    0 |     0 |      0 |      0 |    0 |          0 |
|       g[0].g_normal.alu_i                  |                                     microop_unit__11 |         32 |         32 |       0 |    0 |    32 |      0 |      0 |    0 |          0 |
|   g_has_mem.glen_mem[25].blk_i             |                       uop_block_wrap__parameterized6 |          7 |          7 |       0 |    0 |   276 |      0 |      0 |    0 |          0 |
|     (g_has_mem.glen_mem[25].blk_i)         |                       uop_block_wrap__parameterized6 |          1 |          1 |       0 |    0 |    74 |      0 |      0 |    0 |          0 |
|     core                                   |                            uop_block__parameterized6 |          6 |          6 |       0 |    0 |   202 |      0 |      0 |    0 |          0 |
|       (core)                               |                            uop_block__parameterized6 |          6 |          6 |       0 |    0 |     2 |      0 |      0 |    0 |          0 |
|       g[0].g_normal.alu_i                  |                     microop_unit__parameterized9__10 |          0 |          0 |       0 |    0 |    64 |      0 |      0 |    0 |          0 |
|       g[1].g_normal.alu_i                  |                     microop_unit__parameterized9__11 |          0 |          0 |       0 |    0 |    64 |      0 |      0 |    0 |          0 |
|       g[2].g_normal.alu_i                  |                     microop_unit__parameterized9__12 |          0 |          0 |       0 |    0 |    64 |      0 |      0 |    0 |          0 |
|       g[3].g_normal.alu_i                  |                      microop_unit__parameterized0__8 |          0 |          0 |       0 |    0 |     8 |      0 |      0 |    0 |          0 |
|   g_has_mem.glen_mem[26].blk_i             |                       uop_block_wrap__parameterized7 |         70 |         70 |       0 |    0 |   207 |      0 |      0 |    0 |          0 |
|     (g_has_mem.glen_mem[26].blk_i)         |                       uop_block_wrap__parameterized7 |          3 |          3 |       0 |    0 |    78 |      0 |      0 |    0 |          0 |
|     core                                   |                         uop_block__parameterized7_27 |         67 |         67 |       0 |    0 |   129 |      0 |      0 |    0 |          0 |
|       (core)                               |                         uop_block__parameterized7_27 |          3 |          3 |       0 |    0 |     1 |      0 |      0 |    0 |          0 |
|       g[0].g_normal.alu_i                  |                     microop_unit__parameterized13__1 |         64 |         64 |       0 |    0 |    64 |      0 |      0 |    0 |          0 |
|       g[1].g_normal.alu_i                  |                      microop_unit__parameterized9__2 |          0 |          0 |       0 |    0 |    64 |      0 |      0 |    0 |          0 |
|   g_has_mem.glen_mem[27].blk_i             |                    uop_block_wrap__parameterized7_12 |         77 |         77 |       0 |    0 |   207 |      0 |      0 |    0 |          0 |
|     (g_has_mem.glen_mem[27].blk_i)         |                    uop_block_wrap__parameterized7_12 |         10 |         10 |       0 |    0 |    78 |      0 |      0 |    0 |          0 |
|     core                                   |                            uop_block__parameterized7 |         67 |         67 |       0 |    0 |   129 |      0 |      0 |    0 |          0 |
|       (core)                               |                            uop_block__parameterized7 |          3 |          3 |       0 |    0 |     1 |      0 |      0 |    0 |          0 |
|       g[0].g_normal.alu_i                  |                     microop_unit__parameterized13__2 |         64 |         64 |       0 |    0 |    64 |      0 |      0 |    0 |          0 |
|       g[1].g_normal.alu_i                  |                      microop_unit__parameterized9__6 |          0 |          0 |       0 |    0 |    64 |      0 |      0 |    0 |          0 |
|   g_has_mem.glen_mem[28].blk_i             |                                    uop_block_wrap_13 |         32 |         32 |       0 |    0 |    69 |      0 |      0 |    0 |          0 |
|     (g_has_mem.glen_mem[28].blk_i)         |                                    uop_block_wrap_13 |          0 |          0 |       0 |    0 |    37 |      0 |      0 |    0 |          0 |
|     core                                   |                                            uop_block |         32 |         32 |       0 |    0 |    32 |      0 |      0 |    0 |          0 |
|       (core)                               |                                            uop_block |          0 |          0 |       0 |    0 |     0 |      0 |      0 |    0 |          0 |
|       g[0].g_normal.alu_i                  |                                     microop_unit__10 |         32 |         32 |       0 |    0 |    32 |      0 |      0 |    0 |          0 |
|   g_has_mem.glen_mem[29].blk_i             |                       uop_block_wrap__parameterized8 |         68 |         68 |       0 |    0 |   151 |      0 |      0 |    0 |          0 |
|     (g_has_mem.glen_mem[29].blk_i)         |                       uop_block_wrap__parameterized8 |          2 |          2 |       0 |    0 |    78 |      0 |      0 |    0 |          0 |
|     core                                   |                         uop_block__parameterized8_26 |         66 |         66 |       0 |    0 |    73 |      0 |      0 |    0 |          0 |
|       (core)                               |                         uop_block__parameterized8_26 |          2 |          2 |       0 |    0 |     1 |      0 |      0 |    0 |          0 |
|       g[0].g_normal.alu_i                  |                     microop_unit__parameterized13__4 |         64 |         64 |       0 |    0 |    64 |      0 |      0 |    0 |          0 |
|       g[1].g_normal.alu_i                  |                     microop_unit__parameterized0__20 |          0 |          0 |       0 |    0 |     8 |      0 |      0 |    0 |          0 |
|   g_has_mem.glen_mem[2].blk_i              |                    uop_block_wrap__parameterized0_14 |        349 |        349 |       0 |    0 |   395 |      0 |      0 |    0 |          3 |
|     (g_has_mem.glen_mem[2].blk_i)          |                    uop_block_wrap__parameterized0_14 |          4 |          4 |       0 |    0 |    46 |      0 |      0 |    0 |          0 |
|     core                                   |                         uop_block__parameterized0_25 |        345 |        345 |       0 |    0 |   349 |      0 |      0 |    0 |          3 |
|       (core)                               |                         uop_block__parameterized0_25 |          8 |          8 |       0 |    0 |     4 |      0 |      0 |    0 |          0 |
|       g[0].g_normal.alu_i                  |                     microop_unit__parameterized0__16 |          0 |          0 |       0 |    0 |     8 |      0 |      0 |    0 |          0 |
|       g[10].g_normal.alu_i                 |                      microop_unit__parameterized7__3 |         31 |         31 |       0 |    0 |    32 |      0 |      0 |    0 |          0 |
|       g[12].g_normal.alu_i                 |                      microop_unit__parameterized8__3 |         16 |         16 |       0 |    0 |    32 |      0 |      0 |    0 |          0 |
|       g[1].g_normal.alu_i                  |                     microop_unit__parameterized1__14 |          0 |          0 |       0 |    0 |    32 |      0 |      0 |    0 |          0 |
|       g[2].g_normal.alu_i                  |                                      microop_unit__5 |         32 |         32 |       0 |    0 |    32 |      0 |      0 |    0 |          0 |
|       g[3].g_normal.alu_i                  |                      microop_unit__parameterized2__3 |         71 |         71 |       0 |    0 |    32 |      0 |      0 |    0 |          0 |
|       g[4].g_normal.alu_i                  |                      microop_unit__parameterized3__5 |         15 |         15 |       0 |    0 |    17 |      0 |      0 |    0 |          3 |
|       g[5].g_normal.alu_i                  |                     microop_unit__parameterized4__11 |         32 |         32 |       0 |    0 |    32 |      0 |      0 |    0 |          0 |
|       g[6].g_normal.alu_i                  |                      microop_unit__parameterized5__3 |         76 |         76 |       0 |    0 |    32 |      0 |      0 |    0 |          0 |
|       g[7].g_normal.alu_i                  |                     microop_unit__parameterized4__10 |         32 |         32 |       0 |    0 |    32 |      0 |      0 |    0 |          0 |
|       g[8].g_normal.alu_i                  |                      microop_unit__parameterized6__3 |         32 |         32 |       0 |    0 |    32 |      0 |      0 |    0 |          0 |
|       g[9].g_normal.alu_i                  |                     microop_unit__parameterized1__13 |          0 |          0 |       0 |    0 |    32 |      0 |      0 |    0 |          0 |
|   g_has_mem.glen_mem[30].blk_i             |                    uop_block_wrap__parameterized8_15 |         66 |         66 |       0 |    0 |   148 |      0 |      0 |    0 |          0 |
|     (g_has_mem.glen_mem[30].blk_i)         |                    uop_block_wrap__parameterized8_15 |          0 |          0 |       0 |    0 |    75 |      0 |      0 |    0 |          0 |
|     core                                   |                            uop_block__parameterized8 |         66 |         66 |       0 |    0 |    73 |      0 |      0 |    0 |          0 |
|       (core)                               |                            uop_block__parameterized8 |          2 |          2 |       0 |    0 |     1 |      0 |      0 |    0 |          0 |
|       g[0].g_normal.alu_i                  |                     microop_unit__parameterized13__3 |         64 |         64 |       0 |    0 |    64 |      0 |      0 |    0 |          0 |
|       g[1].g_normal.alu_i                  |                      microop_unit__parameterized0__2 |          0 |          0 |       0 |    0 |     8 |      0 |      0 |    0 |          0 |
|   g_has_mem.glen_mem[31].blk_i             |                       uop_block_wrap__parameterized9 |          6 |          6 |       0 |    0 |    90 |      0 |      0 |    0 |          0 |
|     (g_has_mem.glen_mem[31].blk_i)         |                       uop_block_wrap__parameterized9 |          3 |          3 |       0 |    0 |    49 |      0 |      0 |    0 |          0 |
|     core                                   |                            uop_block__parameterized9 |          3 |          3 |       0 |    0 |    41 |      0 |      0 |    0 |          0 |
|       (core)                               |                            uop_block__parameterized9 |          3 |          3 |       0 |    0 |     1 |      0 |      0 |    0 |          0 |
|       g[0].g_normal.alu_i                  |                        microop_unit__parameterized17 |          0 |          0 |       0 |    0 |     8 |      0 |      0 |    0 |          0 |
|       g[1].g_normal.alu_i                  |                     microop_unit__parameterized1__20 |          0 |          0 |       0 |    0 |    32 |      0 |      0 |    0 |          0 |
|   g_has_mem.glen_mem[32].blk_i             |                      uop_block_wrap__parameterized10 |        151 |        151 |       0 |    0 |   422 |      0 |      0 |    0 |          3 |
|     (g_has_mem.glen_mem[32].blk_i)         |                      uop_block_wrap__parameterized10 |          2 |          2 |       0 |    0 |    50 |      0 |      0 |    0 |          0 |
|     core                                   |                           uop_block__parameterized10 |        149 |        149 |       0 |    0 |   372 |      0 |      0 |    0 |          3 |
|       (core)                               |                           uop_block__parameterized10 |          6 |          6 |       0 |    0 |     3 |      0 |      0 |    0 |          0 |
|       g[0].g_normal.alu_i                  |                      microop_unit__parameterized1__2 |          0 |          0 |       0 |    0 |    32 |      0 |      0 |    0 |          0 |
|       g[1].g_normal.alu_i                  |                     microop_unit__parameterized18__1 |          0 |          0 |       0 |    0 |    32 |      0 |      0 |    0 |          0 |
|       g[2].g_normal.alu_i                  |                      microop_unit__parameterized3__1 |         15 |         15 |       0 |    0 |    17 |      0 |      0 |    0 |          3 |
|       g[3].g_normal.alu_i                  |                     microop_unit__parameterized18__2 |          0 |          0 |       0 |    0 |    32 |      0 |      0 |    0 |          0 |
|       g[4].g_normal.alu_i                  |             microop_unit__parameterized10__xdcDup__4 |         64 |         64 |       0 |    0 |   128 |      0 |      0 |    0 |          0 |
|         (g[4].g_normal.alu_i)              |             microop_unit__parameterized10__xdcDup__4 |          0 |          0 |       0 |    0 |    64 |      0 |      0 |    0 |          0 |
|         g_iadd.use_ip.u_addsub             |                                integer_addsub_HD3588 |         64 |         64 |       0 |    0 |    64 |      0 |      0 |    0 |          0 |
|           (g_iadd.use_ip.u_addsub)         |                                integer_addsub_HD3588 |          0 |          0 |       0 |    0 |     0 |      0 |      0 |    0 |          0 |
|           U0                               |               integer_addsubc_addsub_v12_0_14_HD3589 |         64 |         64 |       0 |    0 |    64 |      0 |      0 |    0 |          0 |
|             (U0)                           |               integer_addsubc_addsub_v12_0_14_HD3589 |          0 |          0 |       0 |    0 |     0 |      0 |      0 |    0 |          0 |
|             xst_addsub                     |           integer_addsubc_addsub_v12_0_14_viv_HD3590 |         64 |         64 |       0 |    0 |    64 |      0 |      0 |    0 |          0 |
|               (xst_addsub)                 |           integer_addsubc_addsub_v12_0_14_viv_HD3590 |          0 |          0 |       0 |    0 |     0 |      0 |      0 |    0 |          0 |
|               i_baseblox.i_baseblox_addsub |        integer_addsubc_addsub_v12_0_14_legacy_HD3591 |         64 |         64 |       0 |    0 |    64 |      0 |      0 |    0 |          0 |
|                 no_pipelining.the_addsub   | integer_addsubc_addsub_v12_0_14_fabric_legacy_HD3592 |         64 |         64 |       0 |    0 |    64 |      0 |      0 |    0 |          0 |
|                   i_lut6.i_lut6_addsub     |   integer_addsubc_addsub_v12_0_14_lut6_legacy_HD3593 |         64 |         64 |       0 |    0 |    64 |      0 |      0 |    0 |          0 |
|                     (i_lut6.i_lut6_addsub) |   integer_addsubc_addsub_v12_0_14_lut6_legacy_HD3593 |         64 |         64 |       0 |    0 |     0 |      0 |      0 |    0 |          0 |
|                     i_q.i_simple.qreg      |            integer_addsubc_reg_fd_v12_0_6_viv_HD3594 |          0 |          0 |       0 |    0 |    64 |      0 |      0 |    0 |          0 |
|       g[5].g_normal.alu_i                  |             microop_unit__parameterized10__xdcDup__5 |         64 |         64 |       0 |    0 |   128 |      0 |      0 |    0 |          0 |
|         (g[5].g_normal.alu_i)              |             microop_unit__parameterized10__xdcDup__5 |          0 |          0 |       0 |    0 |    64 |      0 |      0 |    0 |          0 |
|         g_iadd.use_ip.u_addsub             |                                integer_addsub_HD3595 |         64 |         64 |       0 |    0 |    64 |      0 |      0 |    0 |          0 |
|           (g_iadd.use_ip.u_addsub)         |                                integer_addsub_HD3595 |          0 |          0 |       0 |    0 |     0 |      0 |      0 |    0 |          0 |
|           U0                               |               integer_addsubc_addsub_v12_0_14_HD3596 |         64 |         64 |       0 |    0 |    64 |      0 |      0 |    0 |          0 |
|             (U0)                           |               integer_addsubc_addsub_v12_0_14_HD3596 |          0 |          0 |       0 |    0 |     0 |      0 |      0 |    0 |          0 |
|             xst_addsub                     |           integer_addsubc_addsub_v12_0_14_viv_HD3597 |         64 |         64 |       0 |    0 |    64 |      0 |      0 |    0 |          0 |
|               (xst_addsub)                 |           integer_addsubc_addsub_v12_0_14_viv_HD3597 |          0 |          0 |       0 |    0 |     0 |      0 |      0 |    0 |          0 |
|               i_baseblox.i_baseblox_addsub |        integer_addsubc_addsub_v12_0_14_legacy_HD3598 |         64 |         64 |       0 |    0 |    64 |      0 |      0 |    0 |          0 |
|                 no_pipelining.the_addsub   | integer_addsubc_addsub_v12_0_14_fabric_legacy_HD3599 |         64 |         64 |       0 |    0 |    64 |      0 |      0 |    0 |          0 |
|                   i_lut6.i_lut6_addsub     |   integer_addsubc_addsub_v12_0_14_lut6_legacy_HD3600 |         64 |         64 |       0 |    0 |    64 |      0 |      0 |    0 |          0 |
|                     (i_lut6.i_lut6_addsub) |   integer_addsubc_addsub_v12_0_14_lut6_legacy_HD3600 |         64 |         64 |       0 |    0 |     0 |      0 |      0 |    0 |          0 |
|                     i_q.i_simple.qreg      |            integer_addsubc_reg_fd_v12_0_6_viv_HD3601 |          0 |          0 |       0 |    0 |    64 |      0 |      0 |    0 |          0 |
|   g_has_mem.glen_mem[33].blk_i             |                      uop_block_wrap__parameterized11 |         32 |         32 |       0 |    0 |   102 |      0 |      0 |    0 |          0 |
|     (g_has_mem.glen_mem[33].blk_i)         |                      uop_block_wrap__parameterized11 |          0 |          0 |       0 |    0 |    38 |      0 |      0 |    0 |          0 |
|     core                                   |                           uop_block__parameterized11 |         32 |         32 |       0 |    0 |    64 |      0 |      0 |    0 |          0 |
|       (core)                               |                           uop_block__parameterized11 |          0 |          0 |       0 |    0 |     0 |      0 |      0 |    0 |          0 |
|       g[0].g_normal.alu_i                  |                                      microop_unit__6 |         32 |         32 |       0 |    0 |    32 |      0 |      0 |    0 |          0 |
|       g[1].g_normal.alu_i                  |                     microop_unit__parameterized18__4 |          0 |          0 |       0 |    0 |    32 |      0 |      0 |    0 |          0 |
|   g_has_mem.glen_mem[34].blk_i             |                      uop_block_wrap__parameterized12 |         42 |         42 |       0 |    0 |   124 |      0 |      0 |    0 |          0 |
|     (g_has_mem.glen_mem[34].blk_i)         |                      uop_block_wrap__parameterized12 |          5 |          5 |       0 |    0 |    50 |      0 |      0 |    0 |          0 |
|     core                                   |                           uop_block__parameterized12 |         37 |         37 |       0 |    0 |    74 |      0 |      0 |    0 |          0 |
|       (core)                               |                           uop_block__parameterized12 |          5 |          5 |       0 |    0 |     2 |      0 |      0 |    0 |          0 |
|       g[0].g_normal.alu_i                  |                                      microop_unit__1 |         32 |         32 |       0 |    0 |    32 |      0 |      0 |    0 |          0 |
|       g[1].g_normal.alu_i                  |                     microop_unit__parameterized18__3 |          0 |          0 |       0 |    0 |    32 |      0 |      0 |    0 |          0 |
|       g[2].g_normal.alu_i                  |                      microop_unit__parameterized0__3 |          0 |          0 |       0 |    0 |     8 |      0 |      0 |    0 |          0 |
|   g_has_mem.glen_mem[35].blk_i             |                      uop_block_wrap__parameterized13 |        857 |        857 |       0 |    0 |  1258 |      0 |      0 |    0 |          0 |
|     (g_has_mem.glen_mem[35].blk_i)         |                      uop_block_wrap__parameterized13 |          1 |          1 |       0 |    0 |    76 |      0 |      0 |    0 |          0 |
|     core                                   |                           uop_block__parameterized13 |        856 |        856 |       0 |    0 |  1182 |      0 |      0 |    0 |          0 |
|       (core)                               |                           uop_block__parameterized13 |         23 |         23 |       0 |    0 |     6 |      0 |      0 |    0 |          0 |
|       g[0].g_normal.alu_i                  |                     microop_unit__parameterized13__7 |         64 |         64 |       0 |    0 |    64 |      0 |      0 |    0 |          0 |
|       g[10].g_normal.alu_i                 |                     microop_unit__parameterized18__6 |          0 |          0 |       0 |    0 |    32 |      0 |      0 |    0 |          0 |
|       g[11].g_normal.alu_i                 |                     microop_unit__parameterized0__24 |          0 |          0 |       0 |    0 |     8 |      0 |      0 |    0 |          0 |
|       g[12].g_normal.alu_i                 |                     microop_unit__parameterized0__25 |          0 |          0 |       0 |    0 |     8 |      0 |      0 |    0 |          0 |
|       g[13].g_normal.alu_i                 |                     microop_unit__parameterized1__27 |          0 |          0 |       0 |    0 |    32 |      0 |      0 |    0 |          0 |
|       g[14].g_normal.alu_i                 |                     microop_unit__parameterized4__21 |         32 |         32 |       0 |    0 |    32 |      0 |      0 |    0 |          0 |
|       g[15].g_normal.alu_i                 |                     microop_unit__parameterized18__7 |          0 |          0 |       0 |    0 |    32 |      0 |      0 |    0 |          0 |
|       g[16].g_normal.alu_i                 |                     microop_unit__parameterized4__22 |         32 |         32 |       0 |    0 |    32 |      0 |      0 |    0 |          0 |
|       g[17].g_normal.alu_i                 |                                         microop_unit |         32 |         32 |       0 |    0 |    32 |      0 |      0 |    0 |          0 |
|       g[18].g_normal.alu_i                 |                        microop_unit__parameterized18 |          0 |          0 |       0 |    0 |    32 |      0 |      0 |    0 |          0 |
|       g[19].g_normal.alu_i                 |                     microop_unit__parameterized0__26 |          0 |          0 |       0 |    0 |     8 |      0 |      0 |    0 |          0 |
|       g[1].g_normal.alu_i                  |                                     microop_unit__21 |         32 |         32 |       0 |    0 |    32 |      0 |      0 |    0 |          0 |
|       g[20].g_normal.alu_i                 |                         microop_unit__parameterized0 |          0 |          0 |       0 |    0 |     8 |      0 |      0 |    0 |          0 |
|       g[22].g_normal.alu_i                 |                        microop_unit__parameterized19 |          1 |          1 |       0 |    0 |    32 |      0 |      0 |    0 |          0 |
|       g[23].g_normal.alu_i                 |                     microop_unit__parameterized1__28 |          0 |          0 |       0 |    0 |    32 |      0 |      0 |    0 |          0 |
|       g[24].g_normal.alu_i                 |                     microop_unit__parameterized4__23 |         32 |         32 |       0 |    0 |    32 |      0 |      0 |    0 |          0 |
|       g[25].g_normal.alu_i                 |                     microop_unit__parameterized4__24 |         32 |         32 |       0 |    0 |    32 |      0 |      0 |    0 |          0 |
|       g[26].g_normal.alu_i                 |                     microop_unit__parameterized4__25 |         32 |         32 |       0 |    0 |    32 |      0 |      0 |    0 |          0 |
|       g[28].g_normal.alu_i                 |                     microop_unit__parameterized4__26 |         32 |         32 |       0 |    0 |    32 |      0 |      0 |    0 |          0 |
|       g[29].g_normal.alu_i                 |                     microop_unit__parameterized11__7 |         32 |         32 |       0 |    0 |    32 |      0 |      0 |    0 |          0 |
|       g[2].g_normal.alu_i                  |                        microop_unit__parameterized13 |         64 |         64 |       0 |    0 |    64 |      0 |      0 |    0 |          0 |
|       g[30].g_normal.alu_i                 |                     microop_unit__parameterized12__6 |         32 |         32 |       0 |    0 |    32 |      0 |      0 |    0 |          0 |
|       g[31].g_normal.alu_i                 |                     microop_unit__parameterized1__29 |          0 |          0 |       0 |    0 |    32 |      0 |      0 |    0 |          0 |
|       g[32].g_normal.alu_i                 |                     microop_unit__parameterized4__27 |         32 |         32 |       0 |    0 |    32 |      0 |      0 |    0 |          0 |
|       g[34].g_normal.alu_i                 |                         microop_unit__parameterized1 |          0 |          0 |       0 |    0 |    32 |      0 |      0 |    0 |          0 |
|       g[35].g_normal.alu_i                 |                     microop_unit__parameterized4__28 |         32 |         32 |       0 |    0 |    32 |      0 |      0 |    0 |          0 |
|       g[36].g_normal.alu_i                 |                     microop_unit__parameterized11__8 |         32 |         32 |       0 |    0 |    32 |      0 |      0 |    0 |          0 |
|       g[37].g_normal.alu_i                 |                     microop_unit__parameterized12__7 |         32 |         32 |       0 |    0 |    32 |      0 |      0 |    0 |          0 |
|       g[39].g_normal.alu_i                 |                         microop_unit__parameterized4 |         32 |         32 |       0 |    0 |    32 |      0 |      0 |    0 |          0 |
|       g[3].g_normal.alu_i                  |                     microop_unit__parameterized0__21 |          0 |          0 |       0 |    0 |     8 |      0 |      0 |    0 |          0 |
|       g[40].g_normal.alu_i                 |                     microop_unit__parameterized11__9 |         32 |         32 |       0 |    0 |    32 |      0 |      0 |    0 |          0 |
|       g[41].g_normal.alu_i                 |                     microop_unit__parameterized12__8 |         32 |         32 |       0 |    0 |    32 |      0 |      0 |    0 |          0 |
|       g[42].g_normal.alu_i                 |                        microop_unit__parameterized11 |         32 |         32 |       0 |    0 |    32 |      0 |      0 |    0 |          0 |
|       g[43].g_normal.alu_i                 |                        microop_unit__parameterized12 |         32 |         32 |       0 |    0 |    32 |      0 |      0 |    0 |          0 |
|       g[4].g_normal.alu_i                  |                     microop_unit__parameterized18__5 |          0 |          0 |       0 |    0 |    32 |      0 |      0 |    0 |          0 |
|       g[5].g_normal.alu_i                  |                     microop_unit__parameterized0__22 |          0 |          0 |       0 |    0 |     8 |      0 |      0 |    0 |          0 |
|       g[6].g_normal.alu_i                  |                     microop_unit__parameterized0__23 |          0 |          0 |       0 |    0 |     8 |      0 |      0 |    0 |          0 |
|       g[7].g_normal.alu_i                  |                     microop_unit__parameterized4__19 |         32 |         32 |       0 |    0 |    32 |      0 |      0 |    0 |          0 |
|       g[8].g_normal.alu_i                  |                                     microop_unit__22 |         32 |         32 |       0 |    0 |    32 |      0 |      0 |    0 |          0 |
|       g[9].g_normal.alu_i                  |                     microop_unit__parameterized4__20 |         32 |         32 |       0 |    0 |    32 |      0 |      0 |    0 |          0 |
|   g_has_mem.glen_mem[36].blk_i             |                      uop_block_wrap__parameterized14 |          3 |          3 |       0 |    0 |   147 |      0 |      0 |    0 |          0 |
|     (g_has_mem.glen_mem[36].blk_i)         |                      uop_block_wrap__parameterized14 |          0 |          0 |       0 |    0 |    74 |      0 |      0 |    0 |          0 |
|     core                                   |                           uop_block__parameterized14 |          3 |          3 |       0 |    0 |    73 |      0 |      0 |    0 |          0 |
|       (core)                               |                           uop_block__parameterized14 |          3 |          3 |       0 |    0 |     1 |      0 |      0 |    0 |          0 |
|       g[0].g_normal.alu_i                  |                      microop_unit__parameterized9__5 |          0 |          0 |       0 |    0 |    64 |      0 |      0 |    0 |          0 |
|       g[1].g_normal.alu_i                  |                      microop_unit__parameterized0__4 |          0 |          0 |       0 |    0 |     8 |      0 |      0 |    0 |          0 |
|   g_has_mem.glen_mem[37].blk_i             |                       uop_block_wrap__parameterized2 |         56 |         56 |       0 |    0 |   255 |      0 |      0 |    0 |          3 |
|     (g_has_mem.glen_mem[37].blk_i)         |                       uop_block_wrap__parameterized2 |          2 |          2 |       0 |    0 |    75 |      0 |      0 |    0 |          0 |
|     core                                   |                         uop_block__parameterized2_24 |         54 |         54 |       0 |    0 |   180 |      0 |      0 |    0 |          3 |
|       (core)                               |                         uop_block__parameterized2_24 |          7 |          7 |       0 |    0 |     3 |      0 |      0 |    0 |          0 |
|       g[0].g_normal.alu_i                  |                      microop_unit__parameterized9__7 |          0 |          0 |       0 |    0 |    64 |      0 |      0 |    0 |          0 |
|       g[1].g_normal.alu_i                  |                      microop_unit__parameterized1__3 |          0 |          0 |       0 |    0 |    32 |      0 |      0 |    0 |          0 |
|       g[2].g_normal.alu_i                  |                      microop_unit__parameterized3__2 |         15 |         15 |       0 |    0 |    17 |      0 |      0 |    0 |          3 |
|       g[3].g_normal.alu_i                  |                      microop_unit__parameterized4__2 |         32 |         32 |       0 |    0 |    32 |      0 |      0 |    0 |          0 |
|       g[5].g_normal.alu_i                  |                      microop_unit__parameterized1__4 |          0 |          0 |       0 |    0 |    32 |      0 |      0 |    0 |          0 |
|   g_has_mem.glen_mem[38].blk_i             |                      uop_block_wrap__parameterized15 |         32 |         32 |       0 |    0 |   101 |      0 |      0 |    0 |          0 |
|     (g_has_mem.glen_mem[38].blk_i)         |                      uop_block_wrap__parameterized15 |          0 |          0 |       0 |    0 |    37 |      0 |      0 |    0 |          0 |
|     core                                   |                           uop_block__parameterized15 |         32 |         32 |       0 |    0 |    64 |      0 |      0 |    0 |          0 |
|       (core)                               |                           uop_block__parameterized15 |          0 |          0 |       0 |    0 |     0 |      0 |      0 |    0 |          0 |
|       g[0].g_normal.alu_i                  |                      microop_unit__parameterized1__5 |          0 |          0 |       0 |    0 |    32 |      0 |      0 |    0 |          0 |
|       g[1].g_normal.alu_i                  |                     microop_unit__parameterized20__1 |         32 |         32 |       0 |    0 |    32 |      0 |      0 |    0 |          0 |
|   g_has_mem.glen_mem[39].blk_i             |                      uop_block_wrap__parameterized16 |          9 |          9 |       0 |    0 |   209 |      0 |      0 |    0 |          0 |
|     (g_has_mem.glen_mem[39].blk_i)         |                      uop_block_wrap__parameterized16 |          6 |          6 |       0 |    0 |    80 |      0 |      0 |    0 |          0 |
|     core                                   |                           uop_block__parameterized16 |          3 |          3 |       0 |    0 |   129 |      0 |      0 |    0 |          0 |
|       (core)                               |                           uop_block__parameterized16 |          3 |          3 |       0 |    0 |     1 |      0 |      0 |    0 |          0 |
|       g[0].g_normal.alu_i                  |                      microop_unit__parameterized9__3 |          0 |          0 |       0 |    0 |    64 |      0 |      0 |    0 |          0 |
|       g[1].g_normal.alu_i                  |                      microop_unit__parameterized9__4 |          0 |          0 |       0 |    0 |    64 |      0 |      0 |    0 |          0 |
|   g_has_mem.glen_mem[3].blk_i              |                    uop_block_wrap__parameterized0_16 |        346 |        346 |       0 |    0 |   396 |      0 |      0 |    0 |          3 |
|     (g_has_mem.glen_mem[3].blk_i)          |                    uop_block_wrap__parameterized0_16 |          1 |          1 |       0 |    0 |    47 |      0 |      0 |    0 |          0 |
|     core                                   |                         uop_block__parameterized0_23 |        345 |        345 |       0 |    0 |   349 |      0 |      0 |    0 |          3 |
|       (core)                               |                         uop_block__parameterized0_23 |          8 |          8 |       0 |    0 |     4 |      0 |      0 |    0 |          0 |
|       g[0].g_normal.alu_i                  |                     microop_unit__parameterized0__15 |          0 |          0 |       0 |    0 |     8 |      0 |      0 |    0 |          0 |
|       g[10].g_normal.alu_i                 |                      microop_unit__parameterized7__2 |         31 |         31 |       0 |    0 |    32 |      0 |      0 |    0 |          0 |
|       g[12].g_normal.alu_i                 |                      microop_unit__parameterized8__2 |         16 |         16 |       0 |    0 |    32 |      0 |      0 |    0 |          0 |
|       g[1].g_normal.alu_i                  |                     microop_unit__parameterized1__12 |          0 |          0 |       0 |    0 |    32 |      0 |      0 |    0 |          0 |
|       g[2].g_normal.alu_i                  |                                      microop_unit__4 |         32 |         32 |       0 |    0 |    32 |      0 |      0 |    0 |          0 |
|       g[3].g_normal.alu_i                  |                      microop_unit__parameterized2__2 |         71 |         71 |       0 |    0 |    32 |      0 |      0 |    0 |          0 |
|       g[4].g_normal.alu_i                  |                      microop_unit__parameterized3__4 |         15 |         15 |       0 |    0 |    17 |      0 |      0 |    0 |          3 |
|       g[5].g_normal.alu_i                  |                      microop_unit__parameterized4__9 |         32 |         32 |       0 |    0 |    32 |      0 |      0 |    0 |          0 |
|       g[6].g_normal.alu_i                  |                      microop_unit__parameterized5__2 |         76 |         76 |       0 |    0 |    32 |      0 |      0 |    0 |          0 |
|       g[7].g_normal.alu_i                  |                      microop_unit__parameterized4__8 |         32 |         32 |       0 |    0 |    32 |      0 |      0 |    0 |          0 |
|       g[8].g_normal.alu_i                  |                      microop_unit__parameterized6__2 |         32 |         32 |       0 |    0 |    32 |      0 |      0 |    0 |          0 |
|       g[9].g_normal.alu_i                  |                     microop_unit__parameterized1__11 |          0 |          0 |       0 |    0 |    32 |      0 |      0 |    0 |          0 |
|   g_has_mem.glen_mem[40].blk_i             |                      uop_block_wrap__parameterized17 |        415 |        415 |       0 |    0 |   645 |      0 |      0 |    0 |          0 |
|     (g_has_mem.glen_mem[40].blk_i)         |                      uop_block_wrap__parameterized17 |          0 |          0 |       0 |    0 |    37 |      0 |      0 |    0 |          0 |
|     core                                   |                           uop_block__parameterized17 |        415 |        415 |       0 |    0 |   608 |      0 |      0 |    0 |          0 |
|       (core)                               |                           uop_block__parameterized17 |          0 |          0 |       0 |    0 |     0 |      0 |      0 |    0 |          0 |
|       g[0].g_normal.alu_i                  |                     microop_unit__parameterized19__1 |          1 |          1 |       0 |    0 |    32 |      0 |      0 |    0 |          0 |
|       g[10].g_normal.alu_i                 |                     microop_unit__parameterized4__17 |         32 |         32 |       0 |    0 |    32 |      0 |      0 |    0 |          0 |
|       g[11].g_normal.alu_i                 |                      microop_unit__parameterized6__7 |         32 |         32 |       0 |    0 |    32 |      0 |      0 |    0 |          0 |
|       g[12].g_normal.alu_i                 |                     microop_unit__parameterized1__23 |          0 |          0 |       0 |    0 |    32 |      0 |      0 |    0 |          0 |
|       g[13].g_normal.alu_i                 |                         microop_unit__parameterized7 |         31 |         31 |       0 |    0 |    32 |      0 |      0 |    0 |          0 |
|       g[15].g_normal.alu_i                 |                         microop_unit__parameterized8 |         16 |         16 |       0 |    0 |    32 |      0 |      0 |    0 |          0 |
|       g[16].g_normal.alu_i                 |                     microop_unit__parameterized1__24 |          0 |          0 |       0 |    0 |    32 |      0 |      0 |    0 |          0 |
|       g[17].g_normal.alu_i                 |                     microop_unit__parameterized20__2 |         32 |         32 |       0 |    0 |    32 |      0 |      0 |    0 |          0 |
|       g[18].g_normal.alu_i                 |                        microop_unit__parameterized20 |         32 |         32 |       0 |    0 |    32 |      0 |      0 |    0 |          0 |
|       g[19].g_normal.alu_i                 |                         microop_unit__parameterized6 |         32 |         32 |       0 |    0 |    32 |      0 |      0 |    0 |          0 |
|       g[1].g_normal.alu_i                  |                                     microop_unit__19 |         32 |         32 |       0 |    0 |    32 |      0 |      0 |    0 |          0 |
|       g[21].g_normal.alu_i                 |                        microop_unit__parameterized22 |         16 |         16 |       0 |    0 |    32 |      0 |      0 |    0 |          0 |
|       g[2].g_normal.alu_i                  |                     microop_unit__parameterized1__21 |          0 |          0 |       0 |    0 |    32 |      0 |      0 |    0 |          0 |
|       g[3].g_normal.alu_i                  |                     microop_unit__parameterized1__22 |          0 |          0 |       0 |    0 |    32 |      0 |      0 |    0 |          0 |
|       g[5].g_normal.alu_i                  |                      microop_unit__parameterized7__7 |         31 |         31 |       0 |    0 |    32 |      0 |      0 |    0 |          0 |
|       g[6].g_normal.alu_i                  |                     microop_unit__parameterized11__4 |         32 |         32 |       0 |    0 |    32 |      0 |      0 |    0 |          0 |
|       g[7].g_normal.alu_i                  |                     microop_unit__parameterized11__5 |         32 |         32 |       0 |    0 |    32 |      0 |      0 |    0 |          0 |
|       g[8].g_normal.alu_i                  |                     microop_unit__parameterized12__4 |         32 |         32 |       0 |    0 |    32 |      0 |      0 |    0 |          0 |
|       g[9].g_normal.alu_i                  |                        microop_unit__parameterized21 |         32 |         32 |       0 |    0 |    32 |      0 |      0 |    0 |          0 |
|   g_has_mem.glen_mem[41].blk_i             |                      uop_block_wrap__parameterized18 |         64 |         64 |       0 |    0 |   262 |      0 |      0 |    0 |          0 |
|     (g_has_mem.glen_mem[41].blk_i)         |                      uop_block_wrap__parameterized18 |          0 |          0 |       0 |    0 |    70 |      0 |      0 |    0 |          0 |
|     core                                   |                           uop_block__parameterized18 |         64 |         64 |       0 |    0 |   192 |      0 |      0 |    0 |          0 |
|       (core)                               |                           uop_block__parameterized18 |          0 |          0 |       0 |    0 |     0 |      0 |      0 |    0 |          0 |
|       g[0].g_normal.alu_i                  |                     microop_unit__parameterized9__13 |          0 |          0 |       0 |    0 |    64 |      0 |      0 |    0 |          0 |
|       g[1].g_normal.alu_i                  |                        microop_unit__parameterized10 |         64 |         64 |       0 |    0 |   128 |      0 |      0 |    0 |          0 |
|         (g[1].g_normal.alu_i)              |                        microop_unit__parameterized10 |          0 |          0 |       0 |    0 |    64 |      0 |      0 |    0 |          0 |
|         g_iadd.use_ip.u_addsub             |                                integer_addsub_HD3602 |         64 |         64 |       0 |    0 |    64 |      0 |      0 |    0 |          0 |
|           (g_iadd.use_ip.u_addsub)         |                                integer_addsub_HD3602 |          0 |          0 |       0 |    0 |     0 |      0 |      0 |    0 |          0 |
|           U0                               |               integer_addsubc_addsub_v12_0_14_HD3603 |         64 |         64 |       0 |    0 |    64 |      0 |      0 |    0 |          0 |
|             (U0)                           |               integer_addsubc_addsub_v12_0_14_HD3603 |          0 |          0 |       0 |    0 |     0 |      0 |      0 |    0 |          0 |
|             xst_addsub                     |           integer_addsubc_addsub_v12_0_14_viv_HD3604 |         64 |         64 |       0 |    0 |    64 |      0 |      0 |    0 |          0 |
|               (xst_addsub)                 |           integer_addsubc_addsub_v12_0_14_viv_HD3604 |          0 |          0 |       0 |    0 |     0 |      0 |      0 |    0 |          0 |
|               i_baseblox.i_baseblox_addsub |        integer_addsubc_addsub_v12_0_14_legacy_HD3605 |         64 |         64 |       0 |    0 |    64 |      0 |      0 |    0 |          0 |
|                 no_pipelining.the_addsub   | integer_addsubc_addsub_v12_0_14_fabric_legacy_HD3606 |         64 |         64 |       0 |    0 |    64 |      0 |      0 |    0 |          0 |
|                   i_lut6.i_lut6_addsub     |   integer_addsubc_addsub_v12_0_14_lut6_legacy_HD3607 |         64 |         64 |       0 |    0 |    64 |      0 |      0 |    0 |          0 |
|                     (i_lut6.i_lut6_addsub) |   integer_addsubc_addsub_v12_0_14_lut6_legacy_HD3607 |         64 |         64 |       0 |    0 |     0 |      0 |      0 |    0 |          0 |
|                     i_q.i_simple.qreg      |            integer_addsubc_reg_fd_v12_0_6_viv_HD3608 |          0 |          0 |       0 |    0 |    64 |      0 |      0 |    0 |          0 |
|   g_has_mem.glen_mem[4].blk_i              |                    uop_block_wrap__parameterized0_17 |        349 |        349 |       0 |    0 |   393 |      0 |      0 |    0 |          3 |
|     (g_has_mem.glen_mem[4].blk_i)          |                    uop_block_wrap__parameterized0_17 |          3 |          3 |       0 |    0 |    44 |      0 |      0 |    0 |          0 |
|     core                                   |                         uop_block__parameterized0_22 |        346 |        346 |       0 |    0 |   349 |      0 |      0 |    0 |          3 |
|       (core)                               |                         uop_block__parameterized0_22 |          9 |          9 |       0 |    0 |     4 |      0 |      0 |    0 |          0 |
|       g[0].g_normal.alu_i                  |                     microop_unit__parameterized0__18 |          0 |          0 |       0 |    0 |     8 |      0 |      0 |    0 |          0 |
|       g[10].g_normal.alu_i                 |                      microop_unit__parameterized7__6 |         31 |         31 |       0 |    0 |    32 |      0 |      0 |    0 |          0 |
|       g[12].g_normal.alu_i                 |                      microop_unit__parameterized8__6 |         16 |         16 |       0 |    0 |    32 |      0 |      0 |    0 |          0 |
|       g[1].g_normal.alu_i                  |                     microop_unit__parameterized1__16 |          0 |          0 |       0 |    0 |    32 |      0 |      0 |    0 |          0 |
|       g[2].g_normal.alu_i                  |                                      microop_unit__8 |         32 |         32 |       0 |    0 |    32 |      0 |      0 |    0 |          0 |
|       g[3].g_normal.alu_i                  |                         microop_unit__parameterized2 |         71 |         71 |       0 |    0 |    32 |      0 |      0 |    0 |          0 |
|       g[4].g_normal.alu_i                  |                      microop_unit__parameterized3__8 |         15 |         15 |       0 |    0 |    17 |      0 |      0 |    0 |          3 |
|       g[5].g_normal.alu_i                  |                     microop_unit__parameterized4__13 |         32 |         32 |       0 |    0 |    32 |      0 |      0 |    0 |          0 |
|       g[6].g_normal.alu_i                  |                         microop_unit__parameterized5 |         76 |         76 |       0 |    0 |    32 |      0 |      0 |    0 |          0 |
|       g[7].g_normal.alu_i                  |                     microop_unit__parameterized4__16 |         32 |         32 |       0 |    0 |    32 |      0 |      0 |    0 |          0 |
|       g[8].g_normal.alu_i                  |                      microop_unit__parameterized6__6 |         32 |         32 |       0 |    0 |    32 |      0 |      0 |    0 |          0 |
|       g[9].g_normal.alu_i                  |                     microop_unit__parameterized1__19 |          0 |          0 |       0 |    0 |    32 |      0 |      0 |    0 |          0 |
|   g_has_mem.glen_mem[5].blk_i              |                    uop_block_wrap__parameterized0_18 |        347 |        347 |       0 |    0 |   394 |      0 |      0 |    0 |          3 |
|     (g_has_mem.glen_mem[5].blk_i)          |                    uop_block_wrap__parameterized0_18 |          2 |          2 |       0 |    0 |    45 |      0 |      0 |    0 |          0 |
|     core                                   |                         uop_block__parameterized0_21 |        345 |        345 |       0 |    0 |   349 |      0 |      0 |    0 |          3 |
|       (core)                               |                         uop_block__parameterized0_21 |          8 |          8 |       0 |    0 |     4 |      0 |      0 |    0 |          0 |
|       g[0].g_normal.alu_i                  |                     microop_unit__parameterized0__14 |          0 |          0 |       0 |    0 |     8 |      0 |      0 |    0 |          0 |
|       g[10].g_normal.alu_i                 |                      microop_unit__parameterized7__1 |         31 |         31 |       0 |    0 |    32 |      0 |      0 |    0 |          0 |
|       g[12].g_normal.alu_i                 |                      microop_unit__parameterized8__1 |         16 |         16 |       0 |    0 |    32 |      0 |      0 |    0 |          0 |
|       g[1].g_normal.alu_i                  |                     microop_unit__parameterized1__10 |          0 |          0 |       0 |    0 |    32 |      0 |      0 |    0 |          0 |
|       g[2].g_normal.alu_i                  |                                      microop_unit__3 |         32 |         32 |       0 |    0 |    32 |      0 |      0 |    0 |          0 |
|       g[3].g_normal.alu_i                  |                      microop_unit__parameterized2__1 |         71 |         71 |       0 |    0 |    32 |      0 |      0 |    0 |          0 |
|       g[4].g_normal.alu_i                  |                      microop_unit__parameterized3__3 |         15 |         15 |       0 |    0 |    17 |      0 |      0 |    0 |          3 |
|       g[5].g_normal.alu_i                  |                      microop_unit__parameterized4__7 |         32 |         32 |       0 |    0 |    32 |      0 |      0 |    0 |          0 |
|       g[6].g_normal.alu_i                  |                      microop_unit__parameterized5__1 |         76 |         76 |       0 |    0 |    32 |      0 |      0 |    0 |          0 |
|       g[7].g_normal.alu_i                  |                      microop_unit__parameterized4__6 |         32 |         32 |       0 |    0 |    32 |      0 |      0 |    0 |          0 |
|       g[8].g_normal.alu_i                  |                      microop_unit__parameterized6__1 |         32 |         32 |       0 |    0 |    32 |      0 |      0 |    0 |          0 |
|       g[9].g_normal.alu_i                  |                      microop_unit__parameterized1__9 |          0 |          0 |       0 |    0 |    32 |      0 |      0 |    0 |          0 |
|   g_has_mem.glen_mem[6].blk_i              |                    uop_block_wrap__parameterized0_19 |        350 |        350 |       0 |    0 |   395 |      0 |      0 |    0 |          3 |
|     (g_has_mem.glen_mem[6].blk_i)          |                    uop_block_wrap__parameterized0_19 |          4 |          4 |       0 |    0 |    46 |      0 |      0 |    0 |          0 |
|     core                                   |                            uop_block__parameterized0 |        346 |        346 |       0 |    0 |   349 |      0 |      0 |    0 |          3 |
|       (core)                               |                            uop_block__parameterized0 |          9 |          9 |       0 |    0 |     4 |      0 |      0 |    0 |          0 |
|       g[0].g_normal.alu_i                  |                     microop_unit__parameterized0__19 |          0 |          0 |       0 |    0 |     8 |      0 |      0 |    0 |          0 |
|       g[10].g_normal.alu_i                 |                      microop_unit__parameterized7__5 |         31 |         31 |       0 |    0 |    32 |      0 |      0 |    0 |          0 |
|       g[12].g_normal.alu_i                 |                      microop_unit__parameterized8__5 |         16 |         16 |       0 |    0 |    32 |      0 |      0 |    0 |          0 |
|       g[1].g_normal.alu_i                  |                     microop_unit__parameterized1__18 |          0 |          0 |       0 |    0 |    32 |      0 |      0 |    0 |          0 |
|       g[2].g_normal.alu_i                  |                                      microop_unit__7 |         32 |         32 |       0 |    0 |    32 |      0 |      0 |    0 |          0 |
|       g[3].g_normal.alu_i                  |                      microop_unit__parameterized2__5 |         71 |         71 |       0 |    0 |    32 |      0 |      0 |    0 |          0 |
|       g[4].g_normal.alu_i                  |                      microop_unit__parameterized3__7 |         15 |         15 |       0 |    0 |    17 |      0 |      0 |    0 |          3 |
|       g[5].g_normal.alu_i                  |                     microop_unit__parameterized4__15 |         32 |         32 |       0 |    0 |    32 |      0 |      0 |    0 |          0 |
|       g[6].g_normal.alu_i                  |                      microop_unit__parameterized5__5 |         76 |         76 |       0 |    0 |    32 |      0 |      0 |    0 |          0 |
|       g[7].g_normal.alu_i                  |                     microop_unit__parameterized4__14 |         32 |         32 |       0 |    0 |    32 |      0 |      0 |    0 |          0 |
|       g[8].g_normal.alu_i                  |                      microop_unit__parameterized6__5 |         32 |         32 |       0 |    0 |    32 |      0 |      0 |    0 |          0 |
|       g[9].g_normal.alu_i                  |                     microop_unit__parameterized1__17 |          0 |          0 |       0 |    0 |    32 |      0 |      0 |    0 |          0 |
|   g_has_mem.glen_mem[7].blk_i              |            uop_block_wrap__parameterized1__xdcDup__1 |        172 |        172 |       0 |    0 |   410 |      0 |      0 |    0 |          0 |
|     (g_has_mem.glen_mem[7].blk_i)          |            uop_block_wrap__parameterized1__xdcDup__1 |          4 |          4 |       0 |    0 |    79 |      0 |      0 |    0 |          0 |
|     core                                   |                 uop_block__parameterized1__xdcDup__1 |        168 |        168 |       0 |    0 |   331 |      0 |      0 |    0 |          0 |
|       (core)                               |                 uop_block__parameterized1__xdcDup__1 |          8 |          8 |       0 |    0 |     3 |      0 |      0 |    0 |          0 |
|       g[0].g_normal.alu_i                  |                      microop_unit__parameterized9__8 |          0 |          0 |       0 |    0 |    64 |      0 |      0 |    0 |          0 |
|       g[1].g_normal.alu_i                  |                      microop_unit__parameterized1__8 |          0 |          0 |       0 |    0 |    32 |      0 |      0 |    0 |          0 |
|       g[2].g_normal.alu_i                  |             microop_unit__parameterized10__xdcDup__1 |         64 |         64 |       0 |    0 |   128 |      0 |      0 |    0 |          0 |
|         (g[2].g_normal.alu_i)              |             microop_unit__parameterized10__xdcDup__1 |          0 |          0 |       0 |    0 |    64 |      0 |      0 |    0 |          0 |
|         g_iadd.use_ip.u_addsub             |                                integer_addsub_HD3609 |         64 |         64 |       0 |    0 |    64 |      0 |      0 |    0 |          0 |
|           (g_iadd.use_ip.u_addsub)         |                                integer_addsub_HD3609 |          0 |          0 |       0 |    0 |     0 |      0 |      0 |    0 |          0 |
|           U0                               |               integer_addsubc_addsub_v12_0_14_HD3610 |         64 |         64 |       0 |    0 |    64 |      0 |      0 |    0 |          0 |
|             (U0)                           |               integer_addsubc_addsub_v12_0_14_HD3610 |          0 |          0 |       0 |    0 |     0 |      0 |      0 |    0 |          0 |
|             xst_addsub                     |           integer_addsubc_addsub_v12_0_14_viv_HD3611 |         64 |         64 |       0 |    0 |    64 |      0 |      0 |    0 |          0 |
|               (xst_addsub)                 |           integer_addsubc_addsub_v12_0_14_viv_HD3611 |          0 |          0 |       0 |    0 |     0 |      0 |      0 |    0 |          0 |
|               i_baseblox.i_baseblox_addsub |        integer_addsubc_addsub_v12_0_14_legacy_HD3612 |         64 |         64 |       0 |    0 |    64 |      0 |      0 |    0 |          0 |
|                 no_pipelining.the_addsub   | integer_addsubc_addsub_v12_0_14_fabric_legacy_HD3613 |         64 |         64 |       0 |    0 |    64 |      0 |      0 |    0 |          0 |
|                   i_lut6.i_lut6_addsub     |   integer_addsubc_addsub_v12_0_14_lut6_legacy_HD3614 |         64 |         64 |       0 |    0 |    64 |      0 |      0 |    0 |          0 |
|                     (i_lut6.i_lut6_addsub) |   integer_addsubc_addsub_v12_0_14_lut6_legacy_HD3614 |         64 |         64 |       0 |    0 |     0 |      0 |      0 |    0 |          0 |
|                     i_q.i_simple.qreg      |            integer_addsubc_reg_fd_v12_0_6_viv_HD3615 |          0 |          0 |       0 |    0 |    64 |      0 |      0 |    0 |          0 |
|       g[3].g_normal.alu_i                  |                      microop_unit__parameterized0__6 |          0 |          0 |       0 |    0 |     8 |      0 |      0 |    0 |          0 |
|       g[4].g_normal.alu_i                  |                      microop_unit__parameterized4__5 |         32 |         32 |       0 |    0 |    32 |      0 |      0 |    0 |          0 |
|       g[5].g_normal.alu_i                  |                     microop_unit__parameterized11__2 |         32 |         32 |       0 |    0 |    32 |      0 |      0 |    0 |          0 |
|       g[6].g_normal.alu_i                  |                     microop_unit__parameterized12__2 |         32 |         32 |       0 |    0 |    32 |      0 |      0 |    0 |          0 |
|   g_has_mem.glen_mem[8].blk_i              |                    uop_block_wrap__parameterized2_20 |         56 |         56 |       0 |    0 |   256 |      0 |      0 |    0 |          3 |
|     (g_has_mem.glen_mem[8].blk_i)          |                    uop_block_wrap__parameterized2_20 |          1 |          1 |       0 |    0 |    76 |      0 |      0 |    0 |          0 |
|     core                                   |                            uop_block__parameterized2 |         55 |         55 |       0 |    0 |   180 |      0 |      0 |    0 |          3 |
|       (core)                               |                            uop_block__parameterized2 |          8 |          8 |       0 |    0 |     3 |      0 |      0 |    0 |          0 |
|       g[0].g_normal.alu_i                  |                     microop_unit__parameterized9__14 |          0 |          0 |       0 |    0 |    64 |      0 |      0 |    0 |          0 |
|       g[1].g_normal.alu_i                  |                     microop_unit__parameterized1__25 |          0 |          0 |       0 |    0 |    32 |      0 |      0 |    0 |          0 |
|       g[2].g_normal.alu_i                  |                         microop_unit__parameterized3 |         15 |         15 |       0 |    0 |    17 |      0 |      0 |    0 |          3 |
|       g[3].g_normal.alu_i                  |                     microop_unit__parameterized4__18 |         32 |         32 |       0 |    0 |    32 |      0 |      0 |    0 |          0 |
|       g[5].g_normal.alu_i                  |                     microop_unit__parameterized1__26 |          0 |          0 |       0 |    0 |    32 |      0 |      0 |    0 |          0 |
|   g_has_mem.glen_mem[9].blk_i              |                       uop_block_wrap__parameterized1 |        167 |        167 |       0 |    0 |   404 |      0 |      0 |    0 |          0 |
|     (g_has_mem.glen_mem[9].blk_i)          |                       uop_block_wrap__parameterized1 |          0 |          0 |       0 |    0 |    73 |      0 |      0 |    0 |          0 |
|     core                                   |                            uop_block__parameterized1 |        167 |        167 |       0 |    0 |   331 |      0 |      0 |    0 |          0 |
|       (core)                               |                            uop_block__parameterized1 |          7 |          7 |       0 |    0 |     3 |      0 |      0 |    0 |          0 |
|       g[0].g_normal.alu_i                  |                      microop_unit__parameterized9__9 |          0 |          0 |       0 |    0 |    64 |      0 |      0 |    0 |          0 |
|       g[1].g_normal.alu_i                  |                     microop_unit__parameterized1__15 |          0 |          0 |       0 |    0 |    32 |      0 |      0 |    0 |          0 |
|       g[2].g_normal.alu_i                  |             microop_unit__parameterized10__xdcDup__2 |         64 |         64 |       0 |    0 |   128 |      0 |      0 |    0 |          0 |
|         (g[2].g_normal.alu_i)              |             microop_unit__parameterized10__xdcDup__2 |          0 |          0 |       0 |    0 |    64 |      0 |      0 |    0 |          0 |
|         g_iadd.use_ip.u_addsub             |                                integer_addsub_HD3616 |         64 |         64 |       0 |    0 |    64 |      0 |      0 |    0 |          0 |
|           (g_iadd.use_ip.u_addsub)         |                                integer_addsub_HD3616 |          0 |          0 |       0 |    0 |     0 |      0 |      0 |    0 |          0 |
|           U0                               |               integer_addsubc_addsub_v12_0_14_HD3617 |         64 |         64 |       0 |    0 |    64 |      0 |      0 |    0 |          0 |
|             (U0)                           |               integer_addsubc_addsub_v12_0_14_HD3617 |          0 |          0 |       0 |    0 |     0 |      0 |      0 |    0 |          0 |
|             xst_addsub                     |           integer_addsubc_addsub_v12_0_14_viv_HD3618 |         64 |         64 |       0 |    0 |    64 |      0 |      0 |    0 |          0 |
|               (xst_addsub)                 |           integer_addsubc_addsub_v12_0_14_viv_HD3618 |          0 |          0 |       0 |    0 |     0 |      0 |      0 |    0 |          0 |
|               i_baseblox.i_baseblox_addsub |        integer_addsubc_addsub_v12_0_14_legacy_HD3619 |         64 |         64 |       0 |    0 |    64 |      0 |      0 |    0 |          0 |
|                 no_pipelining.the_addsub   | integer_addsubc_addsub_v12_0_14_fabric_legacy_HD3620 |         64 |         64 |       0 |    0 |    64 |      0 |      0 |    0 |          0 |
|                   i_lut6.i_lut6_addsub     |   integer_addsubc_addsub_v12_0_14_lut6_legacy_HD3621 |         64 |         64 |       0 |    0 |    64 |      0 |      0 |    0 |          0 |
|                     (i_lut6.i_lut6_addsub) |   integer_addsubc_addsub_v12_0_14_lut6_legacy_HD3621 |         64 |         64 |       0 |    0 |     0 |      0 |      0 |    0 |          0 |
|                     i_q.i_simple.qreg      |            integer_addsubc_reg_fd_v12_0_6_viv_HD3622 |          0 |          0 |       0 |    0 |    64 |      0 |      0 |    0 |          0 |
|       g[3].g_normal.alu_i                  |                      microop_unit__parameterized0__7 |          0 |          0 |       0 |    0 |     8 |      0 |      0 |    0 |          0 |
|       g[4].g_normal.alu_i                  |                     microop_unit__parameterized4__12 |         32 |         32 |       0 |    0 |    32 |      0 |      0 |    0 |          0 |
|       g[5].g_normal.alu_i                  |                     microop_unit__parameterized11__3 |         32 |         32 |       0 |    0 |    32 |      0 |      0 |    0 |          0 |
|       g[6].g_normal.alu_i                  |                     microop_unit__parameterized12__3 |         32 |         32 |       0 |    0 |    32 |      0 |      0 |    0 |          0 |
|   g_has_mem.u_pool                         |                                             spm_pool |       1513 |       1513 |       0 |    0 |  1652 |      8 |      0 |    0 |          0 |
|     (g_has_mem.u_pool)                     |                                             spm_pool |       1321 |       1321 |       0 |    0 |  1588 |      0 |      0 |    0 |          0 |
|     g_banks.gb[0].u_bank64                 |                                          spm_bank__1 |          5 |          5 |       0 |    0 |     2 |      1 |      0 |    0 |          0 |
|       (g_banks.gb[0].u_bank64)             |                                          spm_bank__1 |          1 |          1 |       0 |    0 |     2 |      0 |      0 |    0 |          0 |
|       u_mem                                |                                 xpm_memory_sdpram_48 |          4 |          4 |       0 |    0 |     0 |      1 |      0 |    0 |          0 |
|         (u_mem)                            |                                 xpm_memory_sdpram_48 |          4 |          4 |       0 |    0 |     0 |      0 |      0 |    0 |          0 |
|         xpm_memory_base_inst               |                                   xpm_memory_base__1 |          0 |          0 |       0 |    0 |     0 |      1 |      0 |    0 |          0 |
|     g_banks.gb[1].u_bank64                 |                                          spm_bank__2 |          5 |          5 |       0 |    0 |     2 |      1 |      0 |    0 |          0 |
|       (g_banks.gb[1].u_bank64)             |                                          spm_bank__2 |          1 |          1 |       0 |    0 |     2 |      0 |      0 |    0 |          0 |
|       u_mem                                |                                 xpm_memory_sdpram_47 |          4 |          4 |       0 |    0 |     0 |      1 |      0 |    0 |          0 |
|         (u_mem)                            |                                 xpm_memory_sdpram_47 |          4 |          4 |       0 |    0 |     0 |      0 |      0 |    0 |          0 |
|         xpm_memory_base_inst               |                                   xpm_memory_base__2 |          0 |          0 |       0 |    0 |     0 |      1 |      0 |    0 |          0 |
|     g_banks.gb[2].u_bank64                 |                                          spm_bank__3 |          5 |          5 |       0 |    0 |     2 |      1 |      0 |    0 |          0 |
|       (g_banks.gb[2].u_bank64)             |                                          spm_bank__3 |          1 |          1 |       0 |    0 |     2 |      0 |      0 |    0 |          0 |
|       u_mem                                |                                 xpm_memory_sdpram_46 |          4 |          4 |       0 |    0 |     0 |      1 |      0 |    0 |          0 |
|         (u_mem)                            |                                 xpm_memory_sdpram_46 |          4 |          4 |       0 |    0 |     0 |      0 |      0 |    0 |          0 |
|         xpm_memory_base_inst               |                                   xpm_memory_base__3 |          0 |          0 |       0 |    0 |     0 |      1 |      0 |    0 |          0 |
|     g_banks.gb[3].u_bank64                 |                                          spm_bank__4 |          5 |          5 |       0 |    0 |     2 |      1 |      0 |    0 |          0 |
|       (g_banks.gb[3].u_bank64)             |                                          spm_bank__4 |          1 |          1 |       0 |    0 |     2 |      0 |      0 |    0 |          0 |
|       u_mem                                |                                 xpm_memory_sdpram_45 |          4 |          4 |       0 |    0 |     0 |      1 |      0 |    0 |          0 |
|         (u_mem)                            |                                 xpm_memory_sdpram_45 |          4 |          4 |       0 |    0 |     0 |      0 |      0 |    0 |          0 |
|         xpm_memory_base_inst               |                                   xpm_memory_base__4 |          0 |          0 |       0 |    0 |     0 |      1 |      0 |    0 |          0 |
|     g_banks.gb[4].u_bank64                 |                                          spm_bank__5 |          5 |          5 |       0 |    0 |     2 |      1 |      0 |    0 |          0 |
|       (g_banks.gb[4].u_bank64)             |                                          spm_bank__5 |          1 |          1 |       0 |    0 |     2 |      0 |      0 |    0 |          0 |
|       u_mem                                |                                 xpm_memory_sdpram_44 |          4 |          4 |       0 |    0 |     0 |      1 |      0 |    0 |          0 |
|         (u_mem)                            |                                 xpm_memory_sdpram_44 |          4 |          4 |       0 |    0 |     0 |      0 |      0 |    0 |          0 |
|         xpm_memory_base_inst               |                                   xpm_memory_base__5 |          0 |          0 |       0 |    0 |     0 |      1 |      0 |    0 |          0 |
|     g_banks.gb[5].u_bank64                 |                                          spm_bank__6 |          5 |          5 |       0 |    0 |     2 |      1 |      0 |    0 |          0 |
|       (g_banks.gb[5].u_bank64)             |                                          spm_bank__6 |          1 |          1 |       0 |    0 |     2 |      0 |      0 |    0 |          0 |
|       u_mem                                |                                 xpm_memory_sdpram_43 |          4 |          4 |       0 |    0 |     0 |      1 |      0 |    0 |          0 |
|         (u_mem)                            |                                 xpm_memory_sdpram_43 |          4 |          4 |       0 |    0 |     0 |      0 |      0 |    0 |          0 |
|         xpm_memory_base_inst               |                                   xpm_memory_base__6 |          0 |          0 |       0 |    0 |     0 |      1 |      0 |    0 |          0 |
|     g_banks.gb[6].u_bank64                 |                                          spm_bank__7 |          5 |          5 |       0 |    0 |     2 |      1 |      0 |    0 |          0 |
|       (g_banks.gb[6].u_bank64)             |                                          spm_bank__7 |          1 |          1 |       0 |    0 |     2 |      0 |      0 |    0 |          0 |
|       u_mem                                |                                 xpm_memory_sdpram_42 |          4 |          4 |       0 |    0 |     0 |      1 |      0 |    0 |          0 |
|         (u_mem)                            |                                 xpm_memory_sdpram_42 |          4 |          4 |       0 |    0 |     0 |      0 |      0 |    0 |          0 |
|         xpm_memory_base_inst               |                                   xpm_memory_base__7 |          0 |          0 |       0 |    0 |     0 |      1 |      0 |    0 |          0 |
|     g_banks.gb[7].u_bank64                 |                                             spm_bank |          5 |          5 |       0 |    0 |     2 |      1 |      0 |    0 |          0 |
|       (g_banks.gb[7].u_bank64)             |                                             spm_bank |          1 |          1 |       0 |    0 |     2 |      0 |      0 |    0 |          0 |
|       u_mem                                |                                    xpm_memory_sdpram |          4 |          4 |       0 |    0 |     0 |      1 |      0 |    0 |          0 |
|         (u_mem)                            |                                    xpm_memory_sdpram |          4 |          4 |       0 |    0 |     0 |      0 |      0 |    0 |          0 |
|         xpm_memory_base_inst               |                                      xpm_memory_base |          0 |          0 |       0 |    0 |     0 |      1 |      0 |    0 |          0 |
|     u_rrA                                  |                                        rr_arbiter__1 |         76 |         76 |       0 |    0 |    24 |      0 |      0 |    0 |          0 |
|     u_rrB                                  |                                           rr_arbiter |         76 |         76 |       0 |    0 |    24 |      0 |      0 |    0 |          0 |
+--------------------------------------------+------------------------------------------------------+------------+------------+---------+------+-------+--------+--------+------+------------+


