Copyright 1986-2020 Xilinx, Inc. All Rights Reserved.
-------------------------------------------------------------------------------------------------------------------------------------------------------------------
| Tool Version : Vivado v.2020.1 (lin64) Build 2902540 Wed May 27 19:54:35 MDT 2020
| Date         : Mon Oct 27 19:36:46 2025
| Host         : orthanc running 64-bit Ubuntu 22.04.4 LTS
| Command      : report_utilization -hierarchical -file /home/jyoo/custom_v_2/custom-core-tool/reports/synth_1p0pct/benches/631_deepsjeng_s/pre_impl_util_hier.rpt
| Design       : top_multi_len
| Device       : xcu200fsgd2104-2
| Design State : Synthesized
-------------------------------------------------------------------------------------------------------------------------------------------------------------------

Utilization Design Information

Table of Contents
-----------------
1. Utilization by Hierarchy

1. Utilization by Hierarchy
---------------------------

+---------------------------------------------------------------------------------+-------------------------------------------------------+------------+------------+---------+------+-------+--------+--------+------+------------+
|                                     Instance                                    |                         Module                        | Total LUTs | Logic LUTs | LUTRAMs | SRLs |  FFs  | RAMB36 | RAMB18 | URAM | DSP Blocks |
+---------------------------------------------------------------------------------+-------------------------------------------------------+------------+------------+---------+------+-------+--------+--------+------+------------+
| top_multi_len                                                                   |                                                 (top) |       6931 |       6055 |       0 |  876 | 12372 |      8 |      0 |    0 |         64 |
|   (top_multi_len)                                                               |                                                 (top) |        472 |        472 |       0 |    0 |  1174 |      0 |      0 |    0 |          0 |
|   g_has_mem.glen_mem[0].blk_i                                                   |                                        uop_block_wrap |         68 |         68 |       0 |    0 |   148 |      0 |      0 |    0 |          0 |
|     (g_has_mem.glen_mem[0].blk_i)                                               |                                        uop_block_wrap |          2 |          2 |       0 |    0 |    75 |      0 |      0 |    0 |          0 |
|     core                                                                        |                                             uop_block |         66 |         66 |       0 |    0 |    73 |      0 |      0 |    0 |          0 |
|       (core)                                                                    |                                             uop_block |          2 |          2 |       0 |    0 |     1 |      0 |      0 |    0 |          0 |
|       g[0].g_normal.alu_i                                                       |                                       microop_unit__6 |         64 |         64 |       0 |    0 |    64 |      0 |      0 |    0 |          0 |
|       g[1].g_normal.alu_i                                                       |                          microop_unit__parameterized0 |          0 |          0 |       0 |    0 |     8 |      0 |      0 |    0 |          0 |
|   g_has_mem.glen_mem[10].blk_i                                                  |                        uop_block_wrap__parameterized9 |         32 |         32 |       0 |    0 |   101 |      0 |      0 |    0 |          0 |
|     (g_has_mem.glen_mem[10].blk_i)                                              |                        uop_block_wrap__parameterized9 |          0 |          0 |       0 |    0 |    37 |      0 |      0 |    0 |          0 |
|     core                                                                        |                             uop_block__parameterized9 |         32 |         32 |       0 |    0 |    64 |      0 |      0 |    0 |          0 |
|       (core)                                                                    |                             uop_block__parameterized9 |          0 |          0 |       0 |    0 |     0 |      0 |      0 |    0 |          0 |
|       g[0].g_normal.alu_i                                                       |                     microop_unit__parameterized10__15 |          0 |          0 |       0 |    0 |    32 |      0 |      0 |    0 |          0 |
|       g[1].g_normal.alu_i                                                       |                       microop_unit__parameterized3__2 |         32 |         32 |       0 |    0 |    32 |      0 |      0 |    0 |          0 |
|   g_has_mem.glen_mem[11].blk_i                                                  |                       uop_block_wrap__parameterized10 |        454 |        235 |       0 |  219 |   871 |      0 |      0 |    0 |         16 |
|     (g_has_mem.glen_mem[11].blk_i)                                              |                       uop_block_wrap__parameterized10 |          0 |          0 |       0 |    0 |    70 |      0 |      0 |    0 |          0 |
|     core                                                                        |                            uop_block__parameterized10 |        454 |        235 |       0 |  219 |   801 |      0 |      0 |    0 |         16 |
|       (core)                                                                    |                            uop_block__parameterized10 |          0 |          0 |       0 |    0 |     0 |      0 |      0 |    0 |          0 |
|       g[0].g_normal.alu_i                                                       |                      microop_unit__parameterized4__14 |          0 |          0 |       0 |    0 |    64 |      0 |      0 |    0 |          0 |
|       g[1].g_normal.alu_i                                                       |                          microop_unit__parameterized5 |        171 |        171 |       0 |    0 |    64 |      0 |      0 |    0 |          0 |
|       g[2].g_normal.alu_i                                                       |                       microop_unit__parameterized6__7 |         64 |         64 |       0 |    0 |    64 |      0 |      0 |    0 |          0 |
|       g[3].g_normal.alu_i                                                       |                      microop_unit__parameterized4__15 |          0 |          0 |       0 |    0 |    64 |      0 |      0 |    0 |          0 |
|       g[4].g_normal.alu_i                                                       |               microop_unit__parameterized8__xdcDup__2 |        219 |          0 |       0 |  219 |   545 |      0 |      0 |    0 |         16 |
|         (g[4].g_normal.alu_i)                                                   |               microop_unit__parameterized8__xdcDup__2 |          0 |          0 |       0 |    0 |    64 |      0 |      0 |    0 |          0 |
|         g_imul.mul64_ip.mul_i                                                   |                                           integer_mul |        219 |          0 |       0 |  219 |   481 |      0 |      0 |    0 |         16 |
|           (g_imul.mul64_ip.mul_i)                                               |                                           integer_mul |          0 |          0 |       0 |    0 |     0 |      0 |      0 |    0 |          0 |
|           U0                                                                    |                          integer_mulmult_gen_v12_0_16 |        219 |          0 |       0 |  219 |   481 |      0 |      0 |    0 |         16 |
|             (U0)                                                                |                          integer_mulmult_gen_v12_0_16 |          0 |          0 |       0 |    0 |     0 |      0 |      0 |    0 |          0 |
|             i_mult                                                              |                      integer_mulmult_gen_v12_0_16_viv |        219 |          0 |       0 |  219 |   481 |      0 |      0 |    0 |         16 |
|               (i_mult)                                                          |                      integer_mulmult_gen_v12_0_16_viv |          0 |          0 |       0 |    0 |     0 |      0 |      0 |    0 |          0 |
|               gDSP.gDSP_only.iDSP                                               |                                        integer_muldsp |        219 |          0 |       0 |  219 |   481 |      0 |      0 |    0 |         16 |
|                 (gDSP.gDSP_only.iDSP)                                           |                                        integer_muldsp |          0 |          0 |       0 |    0 |     0 |      0 |      0 |    0 |         16 |
|                 use_prim.appDSP48[0].bppDSP48[0].need_output_delay.output_delay |                integer_muldelay_line__parameterized16 |          9 |          0 |       0 |    9 |    17 |      0 |      0 |    0 |          0 |
|                 use_prim.appDSP48[0].bppDSP48[2].need_output_delay.output_delay |                integer_muldelay_line__parameterized18 |          9 |          0 |       0 |    9 |    17 |      0 |      0 |    0 |          0 |
|                 use_prim.appDSP48[1].bppDSP48[0].need_output_delay.output_delay |                integer_muldelay_line__parameterized19 |          9 |          0 |       0 |    9 |    17 |      0 |      0 |    0 |          0 |
|                 use_prim.appDSP48[1].bppDSP48[3].need_output_delay.output_delay |                integer_muldelay_line__parameterized20 |          9 |          0 |       0 |    9 |    17 |      0 |      0 |    0 |          0 |
|                 use_prim.appDSP48[3].bppDSP48[0].need_output_delay.output_delay |                integer_muldelay_line__parameterized21 |          9 |          0 |       0 |    9 |    17 |      0 |      0 |    0 |          0 |
|                 use_prim.appDSP48[3].bppDSP48[2].need_output_delay.output_delay |                integer_muldelay_line__parameterized22 |          0 |          0 |       0 |    0 |    17 |      0 |      0 |    0 |          0 |
|                 use_prim.iAdelx[0].iAdely[2].use_delay_line.Adelay              |                 integer_muldelay_line__parameterized0 |          9 |          0 |       0 |    9 |    18 |      0 |      0 |    0 |          0 |
|                 use_prim.iAdelx[1].iAdely[1].use_delay_line.Adelay              |                 integer_muldelay_line__parameterized1 |          9 |          0 |       0 |    9 |    18 |      0 |      0 |    0 |          0 |
|                 use_prim.iAdelx[1].iAdely[2].use_delay_line.Adelay              |                 integer_muldelay_line__parameterized2 |          9 |          0 |       0 |    9 |    18 |      0 |      0 |    0 |          0 |
|                 use_prim.iAdelx[1].iAdely[3].use_delay_line.Adelay              |                 integer_muldelay_line__parameterized3 |          9 |          0 |       0 |    9 |    18 |      0 |      0 |    0 |          0 |
|                 use_prim.iAdelx[2].iAdely[0].use_delay_line.Adelay              |                 integer_muldelay_line__parameterized4 |          0 |          0 |       0 |    0 |    17 |      0 |      0 |    0 |          0 |
|                 use_prim.iAdelx[2].iAdely[1].use_delay_line.Adelay              |                 integer_muldelay_line__parameterized5 |          9 |          0 |       0 |    9 |    18 |      0 |      0 |    0 |          0 |
|                 use_prim.iAdelx[2].iAdely[2].use_delay_line.Adelay              |                 integer_muldelay_line__parameterized6 |          9 |          0 |       0 |    9 |    18 |      0 |      0 |    0 |          0 |
|                 use_prim.iAdelx[2].iAdely[3].use_delay_line.Adelay              |                 integer_muldelay_line__parameterized7 |          9 |          0 |       0 |    9 |    18 |      0 |      0 |    0 |          0 |
|                 use_prim.iAdelx[3].iAdely[0].use_delay_line.Adelay              |                 integer_muldelay_line__parameterized8 |          7 |          0 |       0 |    7 |    13 |      0 |      0 |    0 |          0 |
|                 use_prim.iAdelx[3].iAdely[2].use_delay_line.Adelay              |                 integer_muldelay_line__parameterized9 |          7 |          0 |       0 |    7 |    13 |      0 |      0 |    0 |          0 |
|                 use_prim.iBdelx[0].iBdely[2].need_delay_line.Bdelay             |               integer_muldelay_line__parameterized0_0 |          9 |          0 |       0 |    9 |    18 |      0 |      0 |    0 |          0 |
|                 use_prim.iBdelx[0].iBdely[3].need_delay_line.Bdelay             |                integer_muldelay_line__parameterized10 |          9 |          0 |       0 |    9 |    18 |      0 |      0 |    0 |          0 |
|                 use_prim.iBdelx[1].iBdely[0].need_delay_line.Bdelay             |               integer_muldelay_line__parameterized4_1 |          0 |          0 |       0 |    0 |    17 |      0 |      0 |    0 |          0 |
|                 use_prim.iBdelx[1].iBdely[1].need_delay_line.Bdelay             |               integer_muldelay_line__parameterized1_2 |          9 |          0 |       0 |    9 |    18 |      0 |      0 |    0 |          0 |
|                 use_prim.iBdelx[1].iBdely[2].need_delay_line.Bdelay             |               integer_muldelay_line__parameterized2_3 |          9 |          0 |       0 |    9 |    18 |      0 |      0 |    0 |          0 |
|                 use_prim.iBdelx[1].iBdely[3].need_delay_line.Bdelay             |               integer_muldelay_line__parameterized3_4 |          9 |          0 |       0 |    9 |    18 |      0 |      0 |    0 |          0 |
|                 use_prim.iBdelx[2].iBdely[1].need_delay_line.Bdelay             |               integer_muldelay_line__parameterized5_5 |          9 |          0 |       0 |    9 |    18 |      0 |      0 |    0 |          0 |
|                 use_prim.iBdelx[2].iBdely[2].need_delay_line.Bdelay             |               integer_muldelay_line__parameterized6_6 |          9 |          0 |       0 |    9 |    18 |      0 |      0 |    0 |          0 |
|                 use_prim.iBdelx[3].iBdely[0].need_delay_line.Bdelay             |                integer_muldelay_line__parameterized11 |          9 |          0 |       0 |    9 |    18 |      0 |      0 |    0 |          0 |
|                 use_prim.iBdelx[3].iBdely[1].need_delay_line.Bdelay             |                integer_muldelay_line__parameterized12 |          9 |          0 |       0 |    9 |    18 |      0 |      0 |    0 |          0 |
|                 use_prim.iBdelx[3].iBdely[2].need_delay_line.Bdelay             |                integer_muldelay_line__parameterized13 |          9 |          0 |       0 |    9 |    18 |      0 |      0 |    0 |          0 |
|                 use_prim.iBdelx[3].iBdely[3].need_delay_line.Bdelay             |                integer_muldelay_line__parameterized14 |          7 |          0 |       0 |    7 |    13 |      0 |      0 |    0 |          0 |
|   g_has_mem.glen_mem[12].blk_i                                                  |                       uop_block_wrap__parameterized11 |        241 |        241 |       0 |    0 |   271 |      0 |      0 |    0 |          0 |
|     (g_has_mem.glen_mem[12].blk_i)                                              |                       uop_block_wrap__parameterized11 |          0 |          0 |       0 |    0 |    77 |      0 |      0 |    0 |          0 |
|     core                                                                        |                            uop_block__parameterized11 |        241 |        241 |       0 |    0 |   194 |      0 |      0 |    0 |          0 |
|       (core)                                                                    |                            uop_block__parameterized11 |          6 |          6 |       0 |    0 |     2 |      0 |      0 |    0 |          0 |
|       g[0].g_normal.alu_i                                                       |                                       microop_unit__7 |         64 |         64 |       0 |    0 |    64 |      0 |      0 |    0 |          0 |
|       g[1].g_normal.alu_i                                                       |                      microop_unit__parameterized4__16 |          0 |          0 |       0 |    0 |    64 |      0 |      0 |    0 |          0 |
|       g[2].g_normal.alu_i                                                       |                          microop_unit__parameterized7 |        171 |        171 |       0 |    0 |    64 |      0 |      0 |    0 |          0 |
|   g_has_mem.glen_mem[13].blk_i                                                  |                       uop_block_wrap__parameterized12 |          8 |          8 |       0 |    0 |   115 |      0 |      0 |    0 |          0 |
|     (g_has_mem.glen_mem[13].blk_i)                                              |                       uop_block_wrap__parameterized12 |          2 |          2 |       0 |    0 |    49 |      0 |      0 |    0 |          0 |
|     core                                                                        |                            uop_block__parameterized12 |          6 |          6 |       0 |    0 |    66 |      0 |      0 |    0 |          0 |
|       (core)                                                                    |                            uop_block__parameterized12 |          5 |          5 |       0 |    0 |     2 |      0 |      0 |    0 |          0 |
|       g[0].g_normal.alu_i                                                       |                     microop_unit__parameterized10__16 |          0 |          0 |       0 |    0 |    32 |      0 |      0 |    0 |          0 |
|       g[1].g_normal.alu_i                                                       |                      microop_unit__parameterized20__1 |          1 |          1 |       0 |    0 |    32 |      0 |      0 |    0 |          0 |
|   g_has_mem.glen_mem[14].blk_i                                                  |                       uop_block_wrap__parameterized13 |        132 |        132 |       0 |    0 |   204 |      0 |      0 |    0 |          0 |
|     (g_has_mem.glen_mem[14].blk_i)                                              |                       uop_block_wrap__parameterized13 |          1 |          1 |       0 |    0 |    75 |      0 |      0 |    0 |          0 |
|     core                                                                        |                            uop_block__parameterized13 |        131 |        131 |       0 |    0 |   129 |      0 |      0 |    0 |          0 |
|       (core)                                                                    |                            uop_block__parameterized13 |          3 |          3 |       0 |    0 |     1 |      0 |      0 |    0 |          0 |
|       g[0].g_normal.alu_i                                                       |                          microop_unit__parameterized6 |         64 |         64 |       0 |    0 |    64 |      0 |      0 |    0 |          0 |
|       g[1].g_normal.alu_i                                                       |                          microop_unit__parameterized9 |         64 |         64 |       0 |    0 |    64 |      0 |      0 |    0 |          0 |
|   g_has_mem.glen_mem[15].blk_i                                                  |                       uop_block_wrap__parameterized14 |         40 |         40 |       0 |    0 |   148 |      0 |      0 |    0 |          0 |
|     (g_has_mem.glen_mem[15].blk_i)                                              |                       uop_block_wrap__parameterized14 |          3 |          3 |       0 |    0 |    50 |      0 |      0 |    0 |          0 |
|     core                                                                        |                            uop_block__parameterized14 |         37 |         37 |       0 |    0 |    98 |      0 |      0 |    0 |          0 |
|       (core)                                                                    |                            uop_block__parameterized14 |          5 |          5 |       0 |    0 |     2 |      0 |      0 |    0 |          0 |
|       g[0].g_normal.alu_i                                                       |                     microop_unit__parameterized10__17 |          0 |          0 |       0 |    0 |    32 |      0 |      0 |    0 |          0 |
|       g[1].g_normal.alu_i                                                       |                         microop_unit__parameterized21 |         32 |         32 |       0 |    0 |    32 |      0 |      0 |    0 |          0 |
|       g[2].g_normal.alu_i                                                       |                     microop_unit__parameterized10__18 |          0 |          0 |       0 |    0 |    32 |      0 |      0 |    0 |          0 |
|   g_has_mem.glen_mem[16].blk_i                                                  |                       uop_block_wrap__parameterized15 |         40 |         40 |       0 |    0 |   147 |      0 |      0 |    0 |          0 |
|     (g_has_mem.glen_mem[16].blk_i)                                              |                       uop_block_wrap__parameterized15 |          3 |          3 |       0 |    0 |    49 |      0 |      0 |    0 |          0 |
|     core                                                                        |                            uop_block__parameterized15 |         37 |         37 |       0 |    0 |    98 |      0 |      0 |    0 |          0 |
|       (core)                                                                    |                            uop_block__parameterized15 |          5 |          5 |       0 |    0 |     2 |      0 |      0 |    0 |          0 |
|       g[0].g_normal.alu_i                                                       |                     microop_unit__parameterized10__21 |          0 |          0 |       0 |    0 |    32 |      0 |      0 |    0 |          0 |
|       g[1].g_normal.alu_i                                                       |                     microop_unit__parameterized10__22 |          0 |          0 |       0 |    0 |    32 |      0 |      0 |    0 |          0 |
|       g[3].g_normal.alu_i                                                       |                       microop_unit__parameterized3__3 |         32 |         32 |       0 |    0 |    32 |      0 |      0 |    0 |          0 |
|   g_has_mem.glen_mem[17].blk_i                                                  |                       uop_block_wrap__parameterized16 |        320 |        320 |       0 |    0 |   485 |      0 |      0 |    0 |          0 |
|     (g_has_mem.glen_mem[17].blk_i)                                              |                       uop_block_wrap__parameterized16 |          0 |          0 |       0 |    0 |    37 |      0 |      0 |    0 |          0 |
|     core                                                                        |                            uop_block__parameterized16 |        320 |        320 |       0 |    0 |   448 |      0 |      0 |    0 |          0 |
|       (core)                                                                    |                            uop_block__parameterized16 |          0 |          0 |       0 |    0 |     0 |      0 |      0 |    0 |          0 |
|       g[0].g_normal.alu_i                                                       |                     microop_unit__parameterized10__23 |          0 |          0 |       0 |    0 |    32 |      0 |      0 |    0 |          0 |
|       g[10].g_normal.alu_i                                                      |                      microop_unit__parameterized15__4 |         32 |         32 |       0 |    0 |    32 |      0 |      0 |    0 |          0 |
|       g[11].g_normal.alu_i                                                      |                     microop_unit__parameterized10__25 |          0 |          0 |       0 |    0 |    32 |      0 |      0 |    0 |          0 |
|       g[13].g_normal.alu_i                                                      |                      microop_unit__parameterized23__2 |         32 |         32 |       0 |    0 |    32 |      0 |      0 |    0 |          0 |
|       g[14].g_normal.alu_i                                                      |                      microop_unit__parameterized15__5 |         32 |         32 |       0 |    0 |    32 |      0 |      0 |    0 |          0 |
|       g[15].g_normal.alu_i                                                      |                      microop_unit__parameterized24__1 |         32 |         32 |       0 |    0 |    32 |      0 |      0 |    0 |          0 |
|       g[16].g_normal.alu_i                                                      |                         microop_unit__parameterized25 |         32 |         32 |       0 |    0 |    32 |      0 |      0 |    0 |          0 |
|       g[1].g_normal.alu_i                                                       |                     microop_unit__parameterized10__24 |          0 |          0 |       0 |    0 |    32 |      0 |      0 |    0 |          0 |
|       g[3].g_normal.alu_i                                                       |                       microop_unit__parameterized3__4 |         32 |         32 |       0 |    0 |    32 |      0 |      0 |    0 |          0 |
|       g[5].g_normal.alu_i                                                       |                          microop_unit__parameterized3 |         32 |         32 |       0 |    0 |    32 |      0 |      0 |    0 |          0 |
|       g[6].g_normal.alu_i                                                       |                      microop_unit__parameterized15__2 |         32 |         32 |       0 |    0 |    32 |      0 |      0 |    0 |          0 |
|       g[7].g_normal.alu_i                                                       |                      microop_unit__parameterized15__3 |         32 |         32 |       0 |    0 |    32 |      0 |      0 |    0 |          0 |
|       g[8].g_normal.alu_i                                                       |                         microop_unit__parameterized22 |          0 |          0 |       0 |    0 |    32 |      0 |      0 |    0 |          0 |
|       g[9].g_normal.alu_i                                                       |                      microop_unit__parameterized23__1 |         32 |         32 |       0 |    0 |    32 |      0 |      0 |    0 |          0 |
|   g_has_mem.glen_mem[18].blk_i                                                  |                       uop_block_wrap__parameterized17 |        137 |        137 |       0 |    0 |   277 |      0 |      0 |    0 |          0 |
|     (g_has_mem.glen_mem[18].blk_i)                                              |                       uop_block_wrap__parameterized17 |          4 |          4 |       0 |    0 |    19 |      0 |      0 |    0 |          0 |
|     core                                                                        |                            uop_block__parameterized17 |        133 |        133 |       0 |    0 |   258 |      0 |      0 |    0 |          0 |
|       (core)                                                                    |                            uop_block__parameterized17 |          5 |          5 |       0 |    0 |     2 |      0 |      0 |    0 |          0 |
|       g[1].g_normal.alu_i                                                       |              microop_unit__parameterized12__xdcDup__3 |         64 |         64 |       0 |    0 |   128 |      0 |      0 |    0 |          0 |
|         (g[1].g_normal.alu_i)                                                   |              microop_unit__parameterized12__xdcDup__3 |          0 |          0 |       0 |    0 |    64 |      0 |      0 |    0 |          0 |
|         g_iadd.use_ip.u_addsub                                                  |                                        integer_addsub |         64 |         64 |       0 |    0 |    64 |      0 |      0 |    0 |          0 |
|           (g_iadd.use_ip.u_addsub)                                              |                                        integer_addsub |          0 |          0 |       0 |    0 |     0 |      0 |      0 |    0 |          0 |
|           U0                                                                    |                       integer_addsubc_addsub_v12_0_14 |         64 |         64 |       0 |    0 |    64 |      0 |      0 |    0 |          0 |
|             (U0)                                                                |                       integer_addsubc_addsub_v12_0_14 |          0 |          0 |       0 |    0 |     0 |      0 |      0 |    0 |          0 |
|             xst_addsub                                                          |                   integer_addsubc_addsub_v12_0_14_viv |         64 |         64 |       0 |    0 |    64 |      0 |      0 |    0 |          0 |
|               (xst_addsub)                                                      |                   integer_addsubc_addsub_v12_0_14_viv |          0 |          0 |       0 |    0 |     0 |      0 |      0 |    0 |          0 |
|               i_baseblox.i_baseblox_addsub                                      |                integer_addsubc_addsub_v12_0_14_legacy |         64 |         64 |       0 |    0 |    64 |      0 |      0 |    0 |          0 |
|                 no_pipelining.the_addsub                                        |         integer_addsubc_addsub_v12_0_14_fabric_legacy |         64 |         64 |       0 |    0 |    64 |      0 |      0 |    0 |          0 |
|                   i_lut6.i_lut6_addsub                                          |           integer_addsubc_addsub_v12_0_14_lut6_legacy |         64 |         64 |       0 |    0 |    64 |      0 |      0 |    0 |          0 |
|                     (i_lut6.i_lut6_addsub)                                      |           integer_addsubc_addsub_v12_0_14_lut6_legacy |         64 |         64 |       0 |    0 |     0 |      0 |      0 |    0 |          0 |
|                     i_q.i_simple.qreg                                           |                    integer_addsubc_reg_fd_v12_0_6_viv |          0 |          0 |       0 |    0 |    64 |      0 |      0 |    0 |          0 |
|       g[2].g_normal.alu_i                                                       |                         microop_unit__parameterized18 |         64 |         64 |       0 |    0 |    64 |      0 |      0 |    0 |          0 |
|       g[3].g_normal.alu_i                                                       |                          microop_unit__parameterized4 |          0 |          0 |       0 |    0 |    64 |      0 |      0 |    0 |          0 |
|   g_has_mem.glen_mem[19].blk_i                                                  |                       uop_block_wrap__parameterized18 |         64 |         64 |       0 |    0 |   133 |      0 |      0 |    0 |          0 |
|     (g_has_mem.glen_mem[19].blk_i)                                              |                       uop_block_wrap__parameterized18 |          0 |          0 |       0 |    0 |    37 |      0 |      0 |    0 |          0 |
|     core                                                                        |                            uop_block__parameterized18 |         64 |         64 |       0 |    0 |    96 |      0 |      0 |    0 |          0 |
|       (core)                                                                    |                            uop_block__parameterized18 |          0 |          0 |       0 |    0 |     0 |      0 |      0 |    0 |          0 |
|       g[0].g_normal.alu_i                                                       |                     microop_unit__parameterized10__26 |          0 |          0 |       0 |    0 |    32 |      0 |      0 |    0 |          0 |
|       g[1].g_normal.alu_i                                                       |                         microop_unit__parameterized24 |         32 |         32 |       0 |    0 |    32 |      0 |      0 |    0 |          0 |
|       g[2].g_normal.alu_i                                                       |                         microop_unit__parameterized26 |         32 |         32 |       0 |    0 |    32 |      0 |      0 |    0 |          0 |
|   g_has_mem.glen_mem[1].blk_i                                                   |                        uop_block_wrap__parameterized0 |         32 |         32 |       0 |    0 |    70 |      0 |      0 |    0 |          0 |
|     (g_has_mem.glen_mem[1].blk_i)                                               |                        uop_block_wrap__parameterized0 |          0 |          0 |       0 |    0 |    37 |      0 |      0 |    0 |          0 |
|     core                                                                        |                             uop_block__parameterized0 |         32 |         32 |       0 |    0 |    33 |      0 |      0 |    0 |          0 |
|       (core)                                                                    |                             uop_block__parameterized0 |          0 |          0 |       0 |    0 |     0 |      0 |      0 |    0 |          0 |
|       g[0].g_normal.alu_i                                                       |                          microop_unit__parameterized1 |         32 |         32 |       0 |    0 |    32 |      0 |      0 |    0 |          0 |
|       g[1].g_normal.alu_i                                                       |                          microop_unit__parameterized2 |          0 |          0 |       0 |    0 |     1 |      0 |      0 |    0 |          0 |
|   g_has_mem.glen_mem[20].blk_i                                                  |                       uop_block_wrap__parameterized19 |          9 |          9 |       0 |    0 |   148 |      0 |      0 |    0 |          0 |
|     (g_has_mem.glen_mem[20].blk_i)                                              |                       uop_block_wrap__parameterized19 |          2 |          2 |       0 |    0 |    50 |      0 |      0 |    0 |          0 |
|     core                                                                        |                            uop_block__parameterized19 |          7 |          7 |       0 |    0 |    98 |      0 |      0 |    0 |          0 |
|       (core)                                                                    |                            uop_block__parameterized19 |          6 |          6 |       0 |    0 |     2 |      0 |      0 |    0 |          0 |
|       g[0].g_normal.alu_i                                                       |                     microop_unit__parameterized10__27 |          0 |          0 |       0 |    0 |    32 |      0 |      0 |    0 |          0 |
|       g[1].g_normal.alu_i                                                       |                         microop_unit__parameterized20 |          1 |          1 |       0 |    0 |    32 |      0 |      0 |    0 |          0 |
|       g[2].g_normal.alu_i                                                       |                     microop_unit__parameterized10__28 |          0 |          0 |       0 |    0 |    32 |      0 |      0 |    0 |          0 |
|   g_has_mem.glen_mem[21].blk_i                                                  |                       uop_block_wrap__parameterized20 |          3 |          3 |       0 |    0 |   140 |      0 |      0 |    0 |          0 |
|     (g_has_mem.glen_mem[21].blk_i)                                              |                       uop_block_wrap__parameterized20 |          1 |          1 |       0 |    0 |    75 |      0 |      0 |    0 |          0 |
|     core                                                                        |                            uop_block__parameterized20 |          2 |          2 |       0 |    0 |    65 |      0 |      0 |    0 |          0 |
|       (core)                                                                    |                            uop_block__parameterized20 |          2 |          2 |       0 |    0 |     1 |      0 |      0 |    0 |          0 |
|       g[0].g_normal.alu_i                                                       |                      microop_unit__parameterized11__5 |          0 |          0 |       0 |    0 |    32 |      0 |      0 |    0 |          0 |
|       g[1].g_normal.alu_i                                                       |                         microop_unit__parameterized11 |          0 |          0 |       0 |    0 |    32 |      0 |      0 |    0 |          0 |
|   g_has_mem.glen_mem[22].blk_i                                                  |                       uop_block_wrap__parameterized21 |        273 |        273 |       0 |    0 |   499 |      0 |      0 |    0 |          0 |
|     (g_has_mem.glen_mem[22].blk_i)                                              |                       uop_block_wrap__parameterized21 |          5 |          5 |       0 |    0 |    79 |      0 |      0 |    0 |          0 |
|     core                                                                        |                            uop_block__parameterized21 |        268 |        268 |       0 |    0 |   420 |      0 |      0 |    0 |          0 |
|       (core)                                                                    |                            uop_block__parameterized21 |         12 |         12 |       0 |    0 |     4 |      0 |      0 |    0 |          0 |
|       g[0].g_normal.alu_i                                                       |                                          microop_unit |         64 |         64 |       0 |    0 |    64 |      0 |      0 |    0 |          0 |
|       g[11].g_normal.alu_i                                                      |                         microop_unit__parameterized23 |         32 |         32 |       0 |    0 |    32 |      0 |      0 |    0 |          0 |
|       g[12].g_normal.alu_i                                                      |                      microop_unit__parameterized15__7 |         32 |         32 |       0 |    0 |    32 |      0 |      0 |    0 |          0 |
|       g[13].g_normal.alu_i                                                      |                         microop_unit__parameterized15 |         32 |         32 |       0 |    0 |    32 |      0 |      0 |    0 |          0 |
|       g[14].g_normal.alu_i                                                      |                         microop_unit__parameterized10 |          0 |          0 |       0 |    0 |    32 |      0 |      0 |    0 |          0 |
|       g[1].g_normal.alu_i                                                       |                     microop_unit__parameterized10__29 |          0 |          0 |       0 |    0 |    32 |      0 |      0 |    0 |          0 |
|       g[2].g_normal.alu_i                                                       |                     microop_unit__parameterized10__30 |          0 |          0 |       0 |    0 |    32 |      0 |      0 |    0 |          0 |
|       g[4].g_normal.alu_i                                                       |                      microop_unit__parameterized23__3 |         32 |         32 |       0 |    0 |    32 |      0 |      0 |    0 |          0 |
|       g[5].g_normal.alu_i                                                       |                      microop_unit__parameterized15__6 |         32 |         32 |       0 |    0 |    32 |      0 |      0 |    0 |          0 |
|       g[6].g_normal.alu_i                                                       |                     microop_unit__parameterized10__31 |          0 |          0 |       0 |    0 |    32 |      0 |      0 |    0 |          0 |
|       g[8].g_normal.alu_i                                                       |                         microop_unit__parameterized16 |         32 |         32 |       0 |    0 |    32 |      0 |      0 |    0 |          0 |
|       g[9].g_normal.alu_i                                                       |                     microop_unit__parameterized10__32 |          0 |          0 |       0 |    0 |    32 |      0 |      0 |    0 |          0 |
|   g_has_mem.glen_mem[23].blk_i                                                  |                       uop_block_wrap__parameterized22 |          6 |          6 |       0 |    0 |   115 |      0 |      0 |    0 |          0 |
|     (g_has_mem.glen_mem[23].blk_i)                                              |                       uop_block_wrap__parameterized22 |          3 |          3 |       0 |    0 |    50 |      0 |      0 |    0 |          0 |
|     core                                                                        |                          uop_block__parameterized22_1 |          3 |          3 |       0 |    0 |    65 |      0 |      0 |    0 |          0 |
|       (core)                                                                    |                          uop_block__parameterized22_1 |          3 |          3 |       0 |    0 |     1 |      0 |      0 |    0 |          0 |
|       g[0].g_normal.alu_i                                                       |                     microop_unit__parameterized10__19 |          0 |          0 |       0 |    0 |    32 |      0 |      0 |    0 |          0 |
|       g[1].g_normal.alu_i                                                       |                     microop_unit__parameterized10__20 |          0 |          0 |       0 |    0 |    32 |      0 |      0 |    0 |          0 |
|   g_has_mem.glen_mem[24].blk_i                                                  |                       uop_block_wrap__parameterized23 |        961 |        523 |       0 |  438 |  2003 |      0 |      0 |    0 |         32 |
|     (g_has_mem.glen_mem[24].blk_i)                                              |                       uop_block_wrap__parameterized23 |          0 |          0 |       0 |    0 |    76 |      0 |      0 |    0 |          0 |
|     core                                                                        |                            uop_block__parameterized23 |        961 |        523 |       0 |  438 |  1927 |      0 |      0 |    0 |         32 |
|       (core)                                                                    |                            uop_block__parameterized23 |         11 |         11 |       0 |    0 |     5 |      0 |      0 |    0 |          0 |
|       g[0].g_normal.alu_i                                                       |                                       microop_unit__1 |         64 |         64 |       0 |    0 |    64 |      0 |      0 |    0 |          0 |
|       g[10].g_normal.alu_i                                                      |                          microop_unit__parameterized8 |        219 |          0 |       0 |  219 |   545 |      0 |      0 |    0 |         16 |
|         (g[10].g_normal.alu_i)                                                  |                          microop_unit__parameterized8 |          0 |          0 |       0 |    0 |    64 |      0 |      0 |    0 |          0 |
|         g_imul.mul64_ip.mul_i                                                   |                                   integer_mul_HD10505 |        219 |          0 |       0 |  219 |   481 |      0 |      0 |    0 |         16 |
|           (g_imul.mul64_ip.mul_i)                                               |                                   integer_mul_HD10505 |          0 |          0 |       0 |    0 |     0 |      0 |      0 |    0 |          0 |
|           U0                                                                    |                  integer_mulmult_gen_v12_0_16_HD10506 |        219 |          0 |       0 |  219 |   481 |      0 |      0 |    0 |         16 |
|             (U0)                                                                |                  integer_mulmult_gen_v12_0_16_HD10506 |          0 |          0 |       0 |    0 |     0 |      0 |      0 |    0 |          0 |
|             i_mult                                                              |              integer_mulmult_gen_v12_0_16_viv_HD10507 |        219 |          0 |       0 |  219 |   481 |      0 |      0 |    0 |         16 |
|               (i_mult)                                                          |              integer_mulmult_gen_v12_0_16_viv_HD10507 |          0 |          0 |       0 |    0 |     0 |      0 |      0 |    0 |          0 |
|               gDSP.gDSP_only.iDSP                                               |                                integer_muldsp_HD10508 |        219 |          0 |       0 |  219 |   481 |      0 |      0 |    0 |         16 |
|                 (gDSP.gDSP_only.iDSP)                                           |                                integer_muldsp_HD10508 |          0 |          0 |       0 |    0 |     0 |      0 |      0 |    0 |         16 |
|                 use_prim.appDSP48[0].bppDSP48[0].need_output_delay.output_delay |        integer_muldelay_line__parameterized16_HD10509 |          9 |          0 |       0 |    9 |    17 |      0 |      0 |    0 |          0 |
|                 use_prim.appDSP48[0].bppDSP48[2].need_output_delay.output_delay |        integer_muldelay_line__parameterized18_HD10510 |          9 |          0 |       0 |    9 |    17 |      0 |      0 |    0 |          0 |
|                 use_prim.appDSP48[1].bppDSP48[0].need_output_delay.output_delay |        integer_muldelay_line__parameterized19_HD10511 |          9 |          0 |       0 |    9 |    17 |      0 |      0 |    0 |          0 |
|                 use_prim.appDSP48[1].bppDSP48[3].need_output_delay.output_delay |        integer_muldelay_line__parameterized20_HD10512 |          9 |          0 |       0 |    9 |    17 |      0 |      0 |    0 |          0 |
|                 use_prim.appDSP48[3].bppDSP48[0].need_output_delay.output_delay |        integer_muldelay_line__parameterized21_HD10513 |          9 |          0 |       0 |    9 |    17 |      0 |      0 |    0 |          0 |
|                 use_prim.appDSP48[3].bppDSP48[2].need_output_delay.output_delay |        integer_muldelay_line__parameterized22_HD10514 |          0 |          0 |       0 |    0 |    17 |      0 |      0 |    0 |          0 |
|                 use_prim.iAdelx[0].iAdely[2].use_delay_line.Adelay              |         integer_muldelay_line__parameterized0_HD10515 |          9 |          0 |       0 |    9 |    18 |      0 |      0 |    0 |          0 |
|                 use_prim.iAdelx[1].iAdely[1].use_delay_line.Adelay              |         integer_muldelay_line__parameterized1_HD10516 |          9 |          0 |       0 |    9 |    18 |      0 |      0 |    0 |          0 |
|                 use_prim.iAdelx[1].iAdely[2].use_delay_line.Adelay              |         integer_muldelay_line__parameterized2_HD10517 |          9 |          0 |       0 |    9 |    18 |      0 |      0 |    0 |          0 |
|                 use_prim.iAdelx[1].iAdely[3].use_delay_line.Adelay              |         integer_muldelay_line__parameterized3_HD10518 |          9 |          0 |       0 |    9 |    18 |      0 |      0 |    0 |          0 |
|                 use_prim.iAdelx[2].iAdely[0].use_delay_line.Adelay              |         integer_muldelay_line__parameterized4_HD10519 |          0 |          0 |       0 |    0 |    17 |      0 |      0 |    0 |          0 |
|                 use_prim.iAdelx[2].iAdely[1].use_delay_line.Adelay              |         integer_muldelay_line__parameterized5_HD10520 |          9 |          0 |       0 |    9 |    18 |      0 |      0 |    0 |          0 |
|                 use_prim.iAdelx[2].iAdely[2].use_delay_line.Adelay              |         integer_muldelay_line__parameterized6_HD10521 |          9 |          0 |       0 |    9 |    18 |      0 |      0 |    0 |          0 |
|                 use_prim.iAdelx[2].iAdely[3].use_delay_line.Adelay              |         integer_muldelay_line__parameterized7_HD10522 |          9 |          0 |       0 |    9 |    18 |      0 |      0 |    0 |          0 |
|                 use_prim.iAdelx[3].iAdely[0].use_delay_line.Adelay              |         integer_muldelay_line__parameterized8_HD10523 |          7 |          0 |       0 |    7 |    13 |      0 |      0 |    0 |          0 |
|                 use_prim.iAdelx[3].iAdely[2].use_delay_line.Adelay              |         integer_muldelay_line__parameterized9_HD10524 |          7 |          0 |       0 |    7 |    13 |      0 |      0 |    0 |          0 |
|                 use_prim.iBdelx[0].iBdely[2].need_delay_line.Bdelay             |       integer_muldelay_line__parameterized0_0_HD10525 |          9 |          0 |       0 |    9 |    18 |      0 |      0 |    0 |          0 |
|                 use_prim.iBdelx[0].iBdely[3].need_delay_line.Bdelay             |        integer_muldelay_line__parameterized10_HD10526 |          9 |          0 |       0 |    9 |    18 |      0 |      0 |    0 |          0 |
|                 use_prim.iBdelx[1].iBdely[0].need_delay_line.Bdelay             |       integer_muldelay_line__parameterized4_1_HD10527 |          0 |          0 |       0 |    0 |    17 |      0 |      0 |    0 |          0 |
|                 use_prim.iBdelx[1].iBdely[1].need_delay_line.Bdelay             |       integer_muldelay_line__parameterized1_2_HD10528 |          9 |          0 |       0 |    9 |    18 |      0 |      0 |    0 |          0 |
|                 use_prim.iBdelx[1].iBdely[2].need_delay_line.Bdelay             |       integer_muldelay_line__parameterized2_3_HD10529 |          9 |          0 |       0 |    9 |    18 |      0 |      0 |    0 |          0 |
|                 use_prim.iBdelx[1].iBdely[3].need_delay_line.Bdelay             |       integer_muldelay_line__parameterized3_4_HD10530 |          9 |          0 |       0 |    9 |    18 |      0 |      0 |    0 |          0 |
|                 use_prim.iBdelx[2].iBdely[1].need_delay_line.Bdelay             |       integer_muldelay_line__parameterized5_5_HD10531 |          9 |          0 |       0 |    9 |    18 |      0 |      0 |    0 |          0 |
|                 use_prim.iBdelx[2].iBdely[2].need_delay_line.Bdelay             |       integer_muldelay_line__parameterized6_6_HD10532 |          9 |          0 |       0 |    9 |    18 |      0 |      0 |    0 |          0 |
|                 use_prim.iBdelx[3].iBdely[0].need_delay_line.Bdelay             |        integer_muldelay_line__parameterized11_HD10533 |          9 |          0 |       0 |    9 |    18 |      0 |      0 |    0 |          0 |
|                 use_prim.iBdelx[3].iBdely[1].need_delay_line.Bdelay             |        integer_muldelay_line__parameterized12_HD10534 |          9 |          0 |       0 |    9 |    18 |      0 |      0 |    0 |          0 |
|                 use_prim.iBdelx[3].iBdely[2].need_delay_line.Bdelay             |        integer_muldelay_line__parameterized13_HD10535 |          9 |          0 |       0 |    9 |    18 |      0 |      0 |    0 |          0 |
|                 use_prim.iBdelx[3].iBdely[3].need_delay_line.Bdelay             |        integer_muldelay_line__parameterized14_HD10536 |          7 |          0 |       0 |    7 |    13 |      0 |      0 |    0 |          0 |
|       g[13].g_normal.alu_i                                                      |                                       microop_unit__3 |         64 |         64 |       0 |    0 |    64 |      0 |      0 |    0 |          0 |
|       g[14].g_normal.alu_i                                                      |                       microop_unit__parameterized6__3 |         64 |         64 |       0 |    0 |    64 |      0 |      0 |    0 |          0 |
|       g[15].g_normal.alu_i                                                      |                       microop_unit__parameterized6__4 |         64 |         64 |       0 |    0 |    64 |      0 |      0 |    0 |          0 |
|       g[16].g_normal.alu_i                                                      |                       microop_unit__parameterized9__1 |         64 |         64 |       0 |    0 |    64 |      0 |      0 |    0 |          0 |
|       g[1].g_normal.alu_i                                                       |                       microop_unit__parameterized4__3 |          0 |          0 |       0 |    0 |    64 |      0 |      0 |    0 |          0 |
|       g[2].g_normal.alu_i                                                       |                       microop_unit__parameterized4__4 |          0 |          0 |       0 |    0 |    64 |      0 |      0 |    0 |          0 |
|       g[3].g_normal.alu_i                                                       |                       microop_unit__parameterized4__5 |          0 |          0 |       0 |    0 |    64 |      0 |      0 |    0 |          0 |
|       g[4].g_normal.alu_i                                                       |                                       microop_unit__2 |         64 |         64 |       0 |    0 |    64 |      0 |      0 |    0 |          0 |
|       g[5].g_normal.alu_i                                                       |                       microop_unit__parameterized4__6 |          0 |          0 |       0 |    0 |    64 |      0 |      0 |    0 |          0 |
|       g[6].g_normal.alu_i                                                       |                       microop_unit__parameterized4__7 |          0 |          0 |       0 |    0 |    64 |      0 |      0 |    0 |          0 |
|       g[7].g_normal.alu_i                                                       |                       microop_unit__parameterized6__1 |         64 |         64 |       0 |    0 |    64 |      0 |      0 |    0 |          0 |
|       g[8].g_normal.alu_i                                                       |                       microop_unit__parameterized6__2 |         64 |         64 |       0 |    0 |    64 |      0 |      0 |    0 |          0 |
|       g[9].g_normal.alu_i                                                       |               microop_unit__parameterized8__xdcDup__3 |        219 |          0 |       0 |  219 |   545 |      0 |      0 |    0 |         16 |
|         (g[9].g_normal.alu_i)                                                   |               microop_unit__parameterized8__xdcDup__3 |          0 |          0 |       0 |    0 |    64 |      0 |      0 |    0 |          0 |
|         g_imul.mul64_ip.mul_i                                                   |                                   integer_mul_HD10473 |        219 |          0 |       0 |  219 |   481 |      0 |      0 |    0 |         16 |
|           (g_imul.mul64_ip.mul_i)                                               |                                   integer_mul_HD10473 |          0 |          0 |       0 |    0 |     0 |      0 |      0 |    0 |          0 |
|           U0                                                                    |                  integer_mulmult_gen_v12_0_16_HD10474 |        219 |          0 |       0 |  219 |   481 |      0 |      0 |    0 |         16 |
|             (U0)                                                                |                  integer_mulmult_gen_v12_0_16_HD10474 |          0 |          0 |       0 |    0 |     0 |      0 |      0 |    0 |          0 |
|             i_mult                                                              |              integer_mulmult_gen_v12_0_16_viv_HD10475 |        219 |          0 |       0 |  219 |   481 |      0 |      0 |    0 |         16 |
|               (i_mult)                                                          |              integer_mulmult_gen_v12_0_16_viv_HD10475 |          0 |          0 |       0 |    0 |     0 |      0 |      0 |    0 |          0 |
|               gDSP.gDSP_only.iDSP                                               |                                integer_muldsp_HD10476 |        219 |          0 |       0 |  219 |   481 |      0 |      0 |    0 |         16 |
|                 (gDSP.gDSP_only.iDSP)                                           |                                integer_muldsp_HD10476 |          0 |          0 |       0 |    0 |     0 |      0 |      0 |    0 |         16 |
|                 use_prim.appDSP48[0].bppDSP48[0].need_output_delay.output_delay |        integer_muldelay_line__parameterized16_HD10477 |          9 |          0 |       0 |    9 |    17 |      0 |      0 |    0 |          0 |
|                 use_prim.appDSP48[0].bppDSP48[2].need_output_delay.output_delay |        integer_muldelay_line__parameterized18_HD10478 |          9 |          0 |       0 |    9 |    17 |      0 |      0 |    0 |          0 |
|                 use_prim.appDSP48[1].bppDSP48[0].need_output_delay.output_delay |        integer_muldelay_line__parameterized19_HD10479 |          9 |          0 |       0 |    9 |    17 |      0 |      0 |    0 |          0 |
|                 use_prim.appDSP48[1].bppDSP48[3].need_output_delay.output_delay |        integer_muldelay_line__parameterized20_HD10480 |          9 |          0 |       0 |    9 |    17 |      0 |      0 |    0 |          0 |
|                 use_prim.appDSP48[3].bppDSP48[0].need_output_delay.output_delay |        integer_muldelay_line__parameterized21_HD10481 |          9 |          0 |       0 |    9 |    17 |      0 |      0 |    0 |          0 |
|                 use_prim.appDSP48[3].bppDSP48[2].need_output_delay.output_delay |        integer_muldelay_line__parameterized22_HD10482 |          0 |          0 |       0 |    0 |    17 |      0 |      0 |    0 |          0 |
|                 use_prim.iAdelx[0].iAdely[2].use_delay_line.Adelay              |         integer_muldelay_line__parameterized0_HD10483 |          9 |          0 |       0 |    9 |    18 |      0 |      0 |    0 |          0 |
|                 use_prim.iAdelx[1].iAdely[1].use_delay_line.Adelay              |         integer_muldelay_line__parameterized1_HD10484 |          9 |          0 |       0 |    9 |    18 |      0 |      0 |    0 |          0 |
|                 use_prim.iAdelx[1].iAdely[2].use_delay_line.Adelay              |         integer_muldelay_line__parameterized2_HD10485 |          9 |          0 |       0 |    9 |    18 |      0 |      0 |    0 |          0 |
|                 use_prim.iAdelx[1].iAdely[3].use_delay_line.Adelay              |         integer_muldelay_line__parameterized3_HD10486 |          9 |          0 |       0 |    9 |    18 |      0 |      0 |    0 |          0 |
|                 use_prim.iAdelx[2].iAdely[0].use_delay_line.Adelay              |         integer_muldelay_line__parameterized4_HD10487 |          0 |          0 |       0 |    0 |    17 |      0 |      0 |    0 |          0 |
|                 use_prim.iAdelx[2].iAdely[1].use_delay_line.Adelay              |         integer_muldelay_line__parameterized5_HD10488 |          9 |          0 |       0 |    9 |    18 |      0 |      0 |    0 |          0 |
|                 use_prim.iAdelx[2].iAdely[2].use_delay_line.Adelay              |         integer_muldelay_line__parameterized6_HD10489 |          9 |          0 |       0 |    9 |    18 |      0 |      0 |    0 |          0 |
|                 use_prim.iAdelx[2].iAdely[3].use_delay_line.Adelay              |         integer_muldelay_line__parameterized7_HD10490 |          9 |          0 |       0 |    9 |    18 |      0 |      0 |    0 |          0 |
|                 use_prim.iAdelx[3].iAdely[0].use_delay_line.Adelay              |         integer_muldelay_line__parameterized8_HD10491 |          7 |          0 |       0 |    7 |    13 |      0 |      0 |    0 |          0 |
|                 use_prim.iAdelx[3].iAdely[2].use_delay_line.Adelay              |         integer_muldelay_line__parameterized9_HD10492 |          7 |          0 |       0 |    7 |    13 |      0 |      0 |    0 |          0 |
|                 use_prim.iBdelx[0].iBdely[2].need_delay_line.Bdelay             |       integer_muldelay_line__parameterized0_0_HD10493 |          9 |          0 |       0 |    9 |    18 |      0 |      0 |    0 |          0 |
|                 use_prim.iBdelx[0].iBdely[3].need_delay_line.Bdelay             |        integer_muldelay_line__parameterized10_HD10494 |          9 |          0 |       0 |    9 |    18 |      0 |      0 |    0 |          0 |
|                 use_prim.iBdelx[1].iBdely[0].need_delay_line.Bdelay             |       integer_muldelay_line__parameterized4_1_HD10495 |          0 |          0 |       0 |    0 |    17 |      0 |      0 |    0 |          0 |
|                 use_prim.iBdelx[1].iBdely[1].need_delay_line.Bdelay             |       integer_muldelay_line__parameterized1_2_HD10496 |          9 |          0 |       0 |    9 |    18 |      0 |      0 |    0 |          0 |
|                 use_prim.iBdelx[1].iBdely[2].need_delay_line.Bdelay             |       integer_muldelay_line__parameterized2_3_HD10497 |          9 |          0 |       0 |    9 |    18 |      0 |      0 |    0 |          0 |
|                 use_prim.iBdelx[1].iBdely[3].need_delay_line.Bdelay             |       integer_muldelay_line__parameterized3_4_HD10498 |          9 |          0 |       0 |    9 |    18 |      0 |      0 |    0 |          0 |
|                 use_prim.iBdelx[2].iBdely[1].need_delay_line.Bdelay             |       integer_muldelay_line__parameterized5_5_HD10499 |          9 |          0 |       0 |    9 |    18 |      0 |      0 |    0 |          0 |
|                 use_prim.iBdelx[2].iBdely[2].need_delay_line.Bdelay             |       integer_muldelay_line__parameterized6_6_HD10500 |          9 |          0 |       0 |    9 |    18 |      0 |      0 |    0 |          0 |
|                 use_prim.iBdelx[3].iBdely[0].need_delay_line.Bdelay             |        integer_muldelay_line__parameterized11_HD10501 |          9 |          0 |       0 |    9 |    18 |      0 |      0 |    0 |          0 |
|                 use_prim.iBdelx[3].iBdely[1].need_delay_line.Bdelay             |        integer_muldelay_line__parameterized12_HD10502 |          9 |          0 |       0 |    9 |    18 |      0 |      0 |    0 |          0 |
|                 use_prim.iBdelx[3].iBdely[2].need_delay_line.Bdelay             |        integer_muldelay_line__parameterized13_HD10503 |          9 |          0 |       0 |    9 |    18 |      0 |      0 |    0 |          0 |
|                 use_prim.iBdelx[3].iBdely[3].need_delay_line.Bdelay             |        integer_muldelay_line__parameterized14_HD10504 |          7 |          0 |       0 |    7 |    13 |      0 |      0 |    0 |          0 |
|   g_has_mem.glen_mem[25].blk_i                                                  |                     uop_block_wrap__parameterized22_0 |          4 |          4 |       0 |    0 |   115 |      0 |      0 |    0 |          0 |
|     (g_has_mem.glen_mem[25].blk_i)                                              |                     uop_block_wrap__parameterized22_0 |          1 |          1 |       0 |    0 |    50 |      0 |      0 |    0 |          0 |
|     core                                                                        |                            uop_block__parameterized22 |          3 |          3 |       0 |    0 |    65 |      0 |      0 |    0 |          0 |
|       (core)                                                                    |                            uop_block__parameterized22 |          3 |          3 |       0 |    0 |     1 |      0 |      0 |    0 |          0 |
|       g[0].g_normal.alu_i                                                       |                      microop_unit__parameterized10__4 |          0 |          0 |       0 |    0 |    32 |      0 |      0 |    0 |          0 |
|       g[1].g_normal.alu_i                                                       |                      microop_unit__parameterized10__5 |          0 |          0 |       0 |    0 |    32 |      0 |      0 |    0 |          0 |
|   g_has_mem.glen_mem[26].blk_i                                                  |                       uop_block_wrap__parameterized24 |         76 |         76 |       0 |    0 |   337 |      0 |      0 |    0 |          0 |
|     (g_has_mem.glen_mem[26].blk_i)                                              |                       uop_block_wrap__parameterized24 |          3 |          3 |       0 |    0 |    78 |      0 |      0 |    0 |          0 |
|     core                                                                        |                            uop_block__parameterized24 |         73 |         73 |       0 |    0 |   259 |      0 |      0 |    0 |          0 |
|       (core)                                                                    |                            uop_block__parameterized24 |          9 |          9 |       0 |    0 |     3 |      0 |      0 |    0 |          0 |
|       g[0].g_normal.alu_i                                                       |                      microop_unit__parameterized11__1 |          0 |          0 |       0 |    0 |    32 |      0 |      0 |    0 |          0 |
|       g[2].g_normal.alu_i                                                       |                         microop_unit__parameterized12 |         64 |         64 |       0 |    0 |   128 |      0 |      0 |    0 |          0 |
|         (g[2].g_normal.alu_i)                                                   |                         microop_unit__parameterized12 |          0 |          0 |       0 |    0 |    64 |      0 |      0 |    0 |          0 |
|         g_iadd.use_ip.u_addsub                                                  |                                integer_addsub_HD10572 |         64 |         64 |       0 |    0 |    64 |      0 |      0 |    0 |          0 |
|           (g_iadd.use_ip.u_addsub)                                              |                                integer_addsub_HD10572 |          0 |          0 |       0 |    0 |     0 |      0 |      0 |    0 |          0 |
|           U0                                                                    |               integer_addsubc_addsub_v12_0_14_HD10573 |         64 |         64 |       0 |    0 |    64 |      0 |      0 |    0 |          0 |
|             (U0)                                                                |               integer_addsubc_addsub_v12_0_14_HD10573 |          0 |          0 |       0 |    0 |     0 |      0 |      0 |    0 |          0 |
|             xst_addsub                                                          |           integer_addsubc_addsub_v12_0_14_viv_HD10574 |         64 |         64 |       0 |    0 |    64 |      0 |      0 |    0 |          0 |
|               (xst_addsub)                                                      |           integer_addsubc_addsub_v12_0_14_viv_HD10574 |          0 |          0 |       0 |    0 |     0 |      0 |      0 |    0 |          0 |
|               i_baseblox.i_baseblox_addsub                                      |        integer_addsubc_addsub_v12_0_14_legacy_HD10575 |         64 |         64 |       0 |    0 |    64 |      0 |      0 |    0 |          0 |
|                 no_pipelining.the_addsub                                        | integer_addsubc_addsub_v12_0_14_fabric_legacy_HD10576 |         64 |         64 |       0 |    0 |    64 |      0 |      0 |    0 |          0 |
|                   i_lut6.i_lut6_addsub                                          |   integer_addsubc_addsub_v12_0_14_lut6_legacy_HD10577 |         64 |         64 |       0 |    0 |    64 |      0 |      0 |    0 |          0 |
|                     (i_lut6.i_lut6_addsub)                                      |   integer_addsubc_addsub_v12_0_14_lut6_legacy_HD10577 |         64 |         64 |       0 |    0 |     0 |      0 |      0 |    0 |          0 |
|                     i_q.i_simple.qreg                                           |            integer_addsubc_reg_fd_v12_0_6_viv_HD10578 |          0 |          0 |       0 |    0 |    64 |      0 |      0 |    0 |          0 |
|       g[3].g_normal.alu_i                                                       |                      microop_unit__parameterized10__1 |          0 |          0 |       0 |    0 |    32 |      0 |      0 |    0 |          0 |
|       g[4].g_normal.alu_i                                                       |                      microop_unit__parameterized10__2 |          0 |          0 |       0 |    0 |    32 |      0 |      0 |    0 |          0 |
|       g[5].g_normal.alu_i                                                       |                      microop_unit__parameterized10__3 |          0 |          0 |       0 |    0 |    32 |      0 |      0 |    0 |          0 |
|   g_has_mem.glen_mem[27].blk_i                                                  |                       uop_block_wrap__parameterized25 |        212 |        212 |       0 |    0 |   278 |      0 |      0 |    0 |          0 |
|     (g_has_mem.glen_mem[27].blk_i)                                              |                       uop_block_wrap__parameterized25 |          9 |          9 |       0 |    0 |    78 |      0 |      0 |    0 |          0 |
|     core                                                                        |                            uop_block__parameterized25 |        203 |        203 |       0 |    0 |   200 |      0 |      0 |    0 |          0 |
|       (core)                                                                    |                            uop_block__parameterized25 |          7 |          7 |       0 |    0 |     2 |      0 |      0 |    0 |          0 |
|       g[0].g_normal.alu_i                                                       |                       microop_unit__parameterized4__1 |          0 |          0 |       0 |    0 |    64 |      0 |      0 |    0 |          0 |
|       g[1].g_normal.alu_i                                                       |                         microop_unit__parameterized27 |        126 |        126 |       0 |    0 |    63 |      0 |      0 |    0 |          0 |
|       g[2].g_normal.alu_i                                                       |                         microop_unit__parameterized28 |         70 |         70 |       0 |    0 |     7 |      0 |      0 |    0 |          0 |
|       g[3].g_normal.alu_i                                                       |                       microop_unit__parameterized4__2 |          0 |          0 |       0 |    0 |    64 |      0 |      0 |    0 |          0 |
|   g_has_mem.glen_mem[2].blk_i                                                   |                        uop_block_wrap__parameterized1 |         32 |         32 |       0 |    0 |    37 |      0 |      0 |    0 |          0 |
|     (g_has_mem.glen_mem[2].blk_i)                                               |                        uop_block_wrap__parameterized1 |          0 |          0 |       0 |    0 |     5 |      0 |      0 |    0 |          0 |
|     core                                                                        |                             uop_block__parameterized1 |         32 |         32 |       0 |    0 |    32 |      0 |      0 |    0 |          0 |
|       (core)                                                                    |                             uop_block__parameterized1 |          0 |          0 |       0 |    0 |     0 |      0 |      0 |    0 |          0 |
|       g[1].g_normal.alu_i                                                       |                       microop_unit__parameterized3__1 |         32 |         32 |       0 |    0 |    32 |      0 |      0 |    0 |          0 |
|   g_has_mem.glen_mem[3].blk_i                                                   |                        uop_block_wrap__parameterized2 |       1107 |        888 |       0 |  219 |  1266 |      0 |      0 |    0 |         16 |
|     (g_has_mem.glen_mem[3].blk_i)                                               |                        uop_block_wrap__parameterized2 |          2 |          2 |       0 |    0 |    77 |      0 |      0 |    0 |          0 |
|     core                                                                        |                             uop_block__parameterized2 |       1105 |        886 |       0 |  219 |  1189 |      0 |      0 |    0 |         16 |
|       (core)                                                                    |                             uop_block__parameterized2 |         10 |         10 |       0 |    0 |     4 |      0 |      0 |    0 |          0 |
|       g[0].g_normal.alu_i                                                       |                      microop_unit__parameterized4__10 |          0 |          0 |       0 |    0 |    64 |      0 |      0 |    0 |          0 |
|       g[10].g_normal.alu_i                                                      |                       microop_unit__parameterized7__2 |        171 |        171 |       0 |    0 |    64 |      0 |      0 |    0 |          0 |
|       g[11].g_normal.alu_i                                                      |                       microop_unit__parameterized9__2 |         64 |         64 |       0 |    0 |    64 |      0 |      0 |    0 |          0 |
|       g[1].g_normal.alu_i                                                       |                      microop_unit__parameterized4__11 |          0 |          0 |       0 |    0 |    64 |      0 |      0 |    0 |          0 |
|       g[2].g_normal.alu_i                                                       |                                       microop_unit__5 |         64 |         64 |       0 |    0 |    64 |      0 |      0 |    0 |          0 |
|       g[3].g_normal.alu_i                                                       |                       microop_unit__parameterized5__1 |        171 |        171 |       0 |    0 |    64 |      0 |      0 |    0 |          0 |
|       g[4].g_normal.alu_i                                                       |                       microop_unit__parameterized5__2 |        171 |        171 |       0 |    0 |    64 |      0 |      0 |    0 |          0 |
|       g[5].g_normal.alu_i                                                       |                       microop_unit__parameterized6__6 |         64 |         64 |       0 |    0 |    64 |      0 |      0 |    0 |          0 |
|       g[6].g_normal.alu_i                                                       |                       microop_unit__parameterized7__1 |        171 |        171 |       0 |    0 |    64 |      0 |      0 |    0 |          0 |
|       g[7].g_normal.alu_i                                                       |                      microop_unit__parameterized4__12 |          0 |          0 |       0 |    0 |    64 |      0 |      0 |    0 |          0 |
|       g[8].g_normal.alu_i                                                       |               microop_unit__parameterized8__xdcDup__1 |        219 |          0 |       0 |  219 |   545 |      0 |      0 |    0 |         16 |
|         (g[8].g_normal.alu_i)                                                   |               microop_unit__parameterized8__xdcDup__1 |          0 |          0 |       0 |    0 |    64 |      0 |      0 |    0 |          0 |
|         g_imul.mul64_ip.mul_i                                                   |                                   integer_mul_HD10537 |        219 |          0 |       0 |  219 |   481 |      0 |      0 |    0 |         16 |
|           (g_imul.mul64_ip.mul_i)                                               |                                   integer_mul_HD10537 |          0 |          0 |       0 |    0 |     0 |      0 |      0 |    0 |          0 |
|           U0                                                                    |                  integer_mulmult_gen_v12_0_16_HD10538 |        219 |          0 |       0 |  219 |   481 |      0 |      0 |    0 |         16 |
|             (U0)                                                                |                  integer_mulmult_gen_v12_0_16_HD10538 |          0 |          0 |       0 |    0 |     0 |      0 |      0 |    0 |          0 |
|             i_mult                                                              |              integer_mulmult_gen_v12_0_16_viv_HD10539 |        219 |          0 |       0 |  219 |   481 |      0 |      0 |    0 |         16 |
|               (i_mult)                                                          |              integer_mulmult_gen_v12_0_16_viv_HD10539 |          0 |          0 |       0 |    0 |     0 |      0 |      0 |    0 |          0 |
|               gDSP.gDSP_only.iDSP                                               |                                integer_muldsp_HD10540 |        219 |          0 |       0 |  219 |   481 |      0 |      0 |    0 |         16 |
|                 (gDSP.gDSP_only.iDSP)                                           |                                integer_muldsp_HD10540 |          0 |          0 |       0 |    0 |     0 |      0 |      0 |    0 |         16 |
|                 use_prim.appDSP48[0].bppDSP48[0].need_output_delay.output_delay |        integer_muldelay_line__parameterized16_HD10541 |          9 |          0 |       0 |    9 |    17 |      0 |      0 |    0 |          0 |
|                 use_prim.appDSP48[0].bppDSP48[2].need_output_delay.output_delay |        integer_muldelay_line__parameterized18_HD10542 |          9 |          0 |       0 |    9 |    17 |      0 |      0 |    0 |          0 |
|                 use_prim.appDSP48[1].bppDSP48[0].need_output_delay.output_delay |        integer_muldelay_line__parameterized19_HD10543 |          9 |          0 |       0 |    9 |    17 |      0 |      0 |    0 |          0 |
|                 use_prim.appDSP48[1].bppDSP48[3].need_output_delay.output_delay |        integer_muldelay_line__parameterized20_HD10544 |          9 |          0 |       0 |    9 |    17 |      0 |      0 |    0 |          0 |
|                 use_prim.appDSP48[3].bppDSP48[0].need_output_delay.output_delay |        integer_muldelay_line__parameterized21_HD10545 |          9 |          0 |       0 |    9 |    17 |      0 |      0 |    0 |          0 |
|                 use_prim.appDSP48[3].bppDSP48[2].need_output_delay.output_delay |        integer_muldelay_line__parameterized22_HD10546 |          0 |          0 |       0 |    0 |    17 |      0 |      0 |    0 |          0 |
|                 use_prim.iAdelx[0].iAdely[2].use_delay_line.Adelay              |         integer_muldelay_line__parameterized0_HD10547 |          9 |          0 |       0 |    9 |    18 |      0 |      0 |    0 |          0 |
|                 use_prim.iAdelx[1].iAdely[1].use_delay_line.Adelay              |         integer_muldelay_line__parameterized1_HD10548 |          9 |          0 |       0 |    9 |    18 |      0 |      0 |    0 |          0 |
|                 use_prim.iAdelx[1].iAdely[2].use_delay_line.Adelay              |         integer_muldelay_line__parameterized2_HD10549 |          9 |          0 |       0 |    9 |    18 |      0 |      0 |    0 |          0 |
|                 use_prim.iAdelx[1].iAdely[3].use_delay_line.Adelay              |         integer_muldelay_line__parameterized3_HD10550 |          9 |          0 |       0 |    9 |    18 |      0 |      0 |    0 |          0 |
|                 use_prim.iAdelx[2].iAdely[0].use_delay_line.Adelay              |         integer_muldelay_line__parameterized4_HD10551 |          0 |          0 |       0 |    0 |    17 |      0 |      0 |    0 |          0 |
|                 use_prim.iAdelx[2].iAdely[1].use_delay_line.Adelay              |         integer_muldelay_line__parameterized5_HD10552 |          9 |          0 |       0 |    9 |    18 |      0 |      0 |    0 |          0 |
|                 use_prim.iAdelx[2].iAdely[2].use_delay_line.Adelay              |         integer_muldelay_line__parameterized6_HD10553 |          9 |          0 |       0 |    9 |    18 |      0 |      0 |    0 |          0 |
|                 use_prim.iAdelx[2].iAdely[3].use_delay_line.Adelay              |         integer_muldelay_line__parameterized7_HD10554 |          9 |          0 |       0 |    9 |    18 |      0 |      0 |    0 |          0 |
|                 use_prim.iAdelx[3].iAdely[0].use_delay_line.Adelay              |         integer_muldelay_line__parameterized8_HD10555 |          7 |          0 |       0 |    7 |    13 |      0 |      0 |    0 |          0 |
|                 use_prim.iAdelx[3].iAdely[2].use_delay_line.Adelay              |         integer_muldelay_line__parameterized9_HD10556 |          7 |          0 |       0 |    7 |    13 |      0 |      0 |    0 |          0 |
|                 use_prim.iBdelx[0].iBdely[2].need_delay_line.Bdelay             |       integer_muldelay_line__parameterized0_0_HD10557 |          9 |          0 |       0 |    9 |    18 |      0 |      0 |    0 |          0 |
|                 use_prim.iBdelx[0].iBdely[3].need_delay_line.Bdelay             |        integer_muldelay_line__parameterized10_HD10558 |          9 |          0 |       0 |    9 |    18 |      0 |      0 |    0 |          0 |
|                 use_prim.iBdelx[1].iBdely[0].need_delay_line.Bdelay             |       integer_muldelay_line__parameterized4_1_HD10559 |          0 |          0 |       0 |    0 |    17 |      0 |      0 |    0 |          0 |
|                 use_prim.iBdelx[1].iBdely[1].need_delay_line.Bdelay             |       integer_muldelay_line__parameterized1_2_HD10560 |          9 |          0 |       0 |    9 |    18 |      0 |      0 |    0 |          0 |
|                 use_prim.iBdelx[1].iBdely[2].need_delay_line.Bdelay             |       integer_muldelay_line__parameterized2_3_HD10561 |          9 |          0 |       0 |    9 |    18 |      0 |      0 |    0 |          0 |
|                 use_prim.iBdelx[1].iBdely[3].need_delay_line.Bdelay             |       integer_muldelay_line__parameterized3_4_HD10562 |          9 |          0 |       0 |    9 |    18 |      0 |      0 |    0 |          0 |
|                 use_prim.iBdelx[2].iBdely[1].need_delay_line.Bdelay             |       integer_muldelay_line__parameterized5_5_HD10563 |          9 |          0 |       0 |    9 |    18 |      0 |      0 |    0 |          0 |
|                 use_prim.iBdelx[2].iBdely[2].need_delay_line.Bdelay             |       integer_muldelay_line__parameterized6_6_HD10564 |          9 |          0 |       0 |    9 |    18 |      0 |      0 |    0 |          0 |
|                 use_prim.iBdelx[3].iBdely[0].need_delay_line.Bdelay             |        integer_muldelay_line__parameterized11_HD10565 |          9 |          0 |       0 |    9 |    18 |      0 |      0 |    0 |          0 |
|                 use_prim.iBdelx[3].iBdely[1].need_delay_line.Bdelay             |        integer_muldelay_line__parameterized12_HD10566 |          9 |          0 |       0 |    9 |    18 |      0 |      0 |    0 |          0 |
|                 use_prim.iBdelx[3].iBdely[2].need_delay_line.Bdelay             |        integer_muldelay_line__parameterized13_HD10567 |          9 |          0 |       0 |    9 |    18 |      0 |      0 |    0 |          0 |
|                 use_prim.iBdelx[3].iBdely[3].need_delay_line.Bdelay             |        integer_muldelay_line__parameterized14_HD10568 |          7 |          0 |       0 |    7 |    13 |      0 |      0 |    0 |          0 |
|   g_has_mem.glen_mem[4].blk_i                                                   |                        uop_block_wrap__parameterized3 |         75 |         75 |       0 |    0 |   337 |      0 |      0 |    0 |          0 |
|     (g_has_mem.glen_mem[4].blk_i)                                               |                        uop_block_wrap__parameterized3 |          1 |          1 |       0 |    0 |    46 |      0 |      0 |    0 |          0 |
|     core                                                                        |                             uop_block__parameterized3 |         74 |         74 |       0 |    0 |   291 |      0 |      0 |    0 |          0 |
|       (core)                                                                    |                             uop_block__parameterized3 |         10 |         10 |       0 |    0 |     3 |      0 |      0 |    0 |          0 |
|       g[0].g_normal.alu_i                                                       |                      microop_unit__parameterized10__6 |          0 |          0 |       0 |    0 |    32 |      0 |      0 |    0 |          0 |
|       g[1].g_normal.alu_i                                                       |                      microop_unit__parameterized10__7 |          0 |          0 |       0 |    0 |    32 |      0 |      0 |    0 |          0 |
|       g[2].g_normal.alu_i                                                       |                      microop_unit__parameterized11__2 |          0 |          0 |       0 |    0 |    32 |      0 |      0 |    0 |          0 |
|       g[3].g_normal.alu_i                                                       |                       microop_unit__parameterized4__9 |          0 |          0 |       0 |    0 |    64 |      0 |      0 |    0 |          0 |
|       g[5].g_normal.alu_i                                                       |              microop_unit__parameterized12__xdcDup__1 |         64 |         64 |       0 |    0 |   128 |      0 |      0 |    0 |          0 |
|         (g[5].g_normal.alu_i)                                                   |              microop_unit__parameterized12__xdcDup__1 |          0 |          0 |       0 |    0 |    64 |      0 |      0 |    0 |          0 |
|         g_iadd.use_ip.u_addsub                                                  |                                integer_addsub_HD10579 |         64 |         64 |       0 |    0 |    64 |      0 |      0 |    0 |          0 |
|           (g_iadd.use_ip.u_addsub)                                              |                                integer_addsub_HD10579 |          0 |          0 |       0 |    0 |     0 |      0 |      0 |    0 |          0 |
|           U0                                                                    |               integer_addsubc_addsub_v12_0_14_HD10580 |         64 |         64 |       0 |    0 |    64 |      0 |      0 |    0 |          0 |
|             (U0)                                                                |               integer_addsubc_addsub_v12_0_14_HD10580 |          0 |          0 |       0 |    0 |     0 |      0 |      0 |    0 |          0 |
|             xst_addsub                                                          |           integer_addsubc_addsub_v12_0_14_viv_HD10581 |         64 |         64 |       0 |    0 |    64 |      0 |      0 |    0 |          0 |
|               (xst_addsub)                                                      |           integer_addsubc_addsub_v12_0_14_viv_HD10581 |          0 |          0 |       0 |    0 |     0 |      0 |      0 |    0 |          0 |
|               i_baseblox.i_baseblox_addsub                                      |        integer_addsubc_addsub_v12_0_14_legacy_HD10582 |         64 |         64 |       0 |    0 |    64 |      0 |      0 |    0 |          0 |
|                 no_pipelining.the_addsub                                        | integer_addsubc_addsub_v12_0_14_fabric_legacy_HD10583 |         64 |         64 |       0 |    0 |    64 |      0 |      0 |    0 |          0 |
|                   i_lut6.i_lut6_addsub                                          |   integer_addsubc_addsub_v12_0_14_lut6_legacy_HD10584 |         64 |         64 |       0 |    0 |    64 |      0 |      0 |    0 |          0 |
|                     (i_lut6.i_lut6_addsub)                                      |   integer_addsubc_addsub_v12_0_14_lut6_legacy_HD10584 |         64 |         64 |       0 |    0 |     0 |      0 |      0 |    0 |          0 |
|                     i_q.i_simple.qreg                                           |            integer_addsubc_reg_fd_v12_0_6_viv_HD10585 |          0 |          0 |       0 |    0 |    64 |      0 |      0 |    0 |          0 |
|   g_has_mem.glen_mem[5].blk_i                                                   |                        uop_block_wrap__parameterized4 |        174 |        174 |       0 |    0 |   483 |      0 |      0 |    0 |          0 |
|     (g_has_mem.glen_mem[5].blk_i)                                               |                        uop_block_wrap__parameterized4 |          3 |          3 |       0 |    0 |    47 |      0 |      0 |    0 |          0 |
|     core                                                                        |                             uop_block__parameterized4 |        171 |        171 |       0 |    0 |   436 |      0 |      0 |    0 |          0 |
|       (core)                                                                    |                             uop_block__parameterized4 |         11 |         11 |       0 |    0 |     4 |      0 |      0 |    0 |          0 |
|       g[0].g_normal.alu_i                                                       |                         microop_unit__parameterized13 |         32 |         32 |       0 |    0 |    32 |      0 |      0 |    0 |          0 |
|       g[10].g_normal.alu_i                                                      |                     microop_unit__parameterized10__10 |          0 |          0 |       0 |    0 |    32 |      0 |      0 |    0 |          0 |
|       g[11].g_normal.alu_i                                                      |                      microop_unit__parameterized4__13 |          0 |          0 |       0 |    0 |    64 |      0 |      0 |    0 |          0 |
|       g[1].g_normal.alu_i                                                       |                      microop_unit__parameterized11__3 |          0 |          0 |       0 |    0 |    32 |      0 |      0 |    0 |          0 |
|       g[3].g_normal.alu_i                                                       |              microop_unit__parameterized12__xdcDup__2 |         64 |         64 |       0 |    0 |   128 |      0 |      0 |    0 |          0 |
|         (g[3].g_normal.alu_i)                                                   |              microop_unit__parameterized12__xdcDup__2 |          0 |          0 |       0 |    0 |    64 |      0 |      0 |    0 |          0 |
|         g_iadd.use_ip.u_addsub                                                  |                                integer_addsub_HD10586 |         64 |         64 |       0 |    0 |    64 |      0 |      0 |    0 |          0 |
|           (g_iadd.use_ip.u_addsub)                                              |                                integer_addsub_HD10586 |          0 |          0 |       0 |    0 |     0 |      0 |      0 |    0 |          0 |
|           U0                                                                    |               integer_addsubc_addsub_v12_0_14_HD10587 |         64 |         64 |       0 |    0 |    64 |      0 |      0 |    0 |          0 |
|             (U0)                                                                |               integer_addsubc_addsub_v12_0_14_HD10587 |          0 |          0 |       0 |    0 |     0 |      0 |      0 |    0 |          0 |
|             xst_addsub                                                          |           integer_addsubc_addsub_v12_0_14_viv_HD10588 |         64 |         64 |       0 |    0 |    64 |      0 |      0 |    0 |          0 |
|               (xst_addsub)                                                      |           integer_addsubc_addsub_v12_0_14_viv_HD10588 |          0 |          0 |       0 |    0 |     0 |      0 |      0 |    0 |          0 |
|               i_baseblox.i_baseblox_addsub                                      |        integer_addsubc_addsub_v12_0_14_legacy_HD10589 |         64 |         64 |       0 |    0 |    64 |      0 |      0 |    0 |          0 |
|                 no_pipelining.the_addsub                                        | integer_addsubc_addsub_v12_0_14_fabric_legacy_HD10590 |         64 |         64 |       0 |    0 |    64 |      0 |      0 |    0 |          0 |
|                   i_lut6.i_lut6_addsub                                          |   integer_addsubc_addsub_v12_0_14_lut6_legacy_HD10591 |         64 |         64 |       0 |    0 |    64 |      0 |      0 |    0 |          0 |
|                     (i_lut6.i_lut6_addsub)                                      |   integer_addsubc_addsub_v12_0_14_lut6_legacy_HD10591 |         64 |         64 |       0 |    0 |     0 |      0 |      0 |    0 |          0 |
|                     i_q.i_simple.qreg                                           |            integer_addsubc_reg_fd_v12_0_6_viv_HD10592 |          0 |          0 |       0 |    0 |    64 |      0 |      0 |    0 |          0 |
|       g[4].g_normal.alu_i                                                       |                      microop_unit__parameterized14__1 |          0 |          0 |       0 |    0 |     8 |      0 |      0 |    0 |          0 |
|       g[5].g_normal.alu_i                                                       |                      microop_unit__parameterized15__1 |         32 |         32 |       0 |    0 |    32 |      0 |      0 |    0 |          0 |
|       g[6].g_normal.alu_i                                                       |                      microop_unit__parameterized10__8 |          0 |          0 |       0 |    0 |    32 |      0 |      0 |    0 |          0 |
|       g[7].g_normal.alu_i                                                       |                         microop_unit__parameterized14 |          0 |          0 |       0 |    0 |     8 |      0 |      0 |    0 |          0 |
|       g[8].g_normal.alu_i                                                       |                      microop_unit__parameterized16__1 |         32 |         32 |       0 |    0 |    32 |      0 |      0 |    0 |          0 |
|       g[9].g_normal.alu_i                                                       |                      microop_unit__parameterized10__9 |          0 |          0 |       0 |    0 |    32 |      0 |      0 |    0 |          0 |
|   g_has_mem.glen_mem[6].blk_i                                                   |                        uop_block_wrap__parameterized5 |        198 |        198 |       0 |    0 |   205 |      0 |      0 |    0 |          0 |
|     (g_has_mem.glen_mem[6].blk_i)                                               |                        uop_block_wrap__parameterized5 |          4 |          4 |       0 |    0 |    76 |      0 |      0 |    0 |          0 |
|     core                                                                        |                             uop_block__parameterized5 |        194 |        194 |       0 |    0 |   129 |      0 |      0 |    0 |          0 |
|       (core)                                                                    |                             uop_block__parameterized5 |          3 |          3 |       0 |    0 |     1 |      0 |      0 |    0 |          0 |
|       g[0].g_normal.alu_i                                                       |                         microop_unit__parameterized17 |        127 |        127 |       0 |    0 |    64 |      0 |      0 |    0 |          0 |
|       g[1].g_normal.alu_i                                                       |                      microop_unit__parameterized18__1 |         64 |         64 |       0 |    0 |    64 |      0 |      0 |    0 |          0 |
|   g_has_mem.glen_mem[7].blk_i                                                   |                        uop_block_wrap__parameterized6 |        136 |        136 |       0 |    0 |   273 |      0 |      0 |    0 |          0 |
|     (g_has_mem.glen_mem[7].blk_i)                                               |                        uop_block_wrap__parameterized6 |          3 |          3 |       0 |    0 |    79 |      0 |      0 |    0 |          0 |
|     core                                                                        |                             uop_block__parameterized6 |        133 |        133 |       0 |    0 |   194 |      0 |      0 |    0 |          0 |
|       (core)                                                                    |                             uop_block__parameterized6 |          5 |          5 |       0 |    0 |     2 |      0 |      0 |    0 |          0 |
|       g[0].g_normal.alu_i                                                       |                       microop_unit__parameterized4__8 |          0 |          0 |       0 |    0 |    64 |      0 |      0 |    0 |          0 |
|       g[1].g_normal.alu_i                                                       |                                       microop_unit__4 |         64 |         64 |       0 |    0 |    64 |      0 |      0 |    0 |          0 |
|       g[2].g_normal.alu_i                                                       |                       microop_unit__parameterized6__5 |         64 |         64 |       0 |    0 |    64 |      0 |      0 |    0 |          0 |
|   g_has_mem.glen_mem[8].blk_i                                                   |                        uop_block_wrap__parameterized7 |         75 |         75 |       0 |    0 |   240 |      0 |      0 |    0 |          0 |
|     (g_has_mem.glen_mem[8].blk_i)                                               |                        uop_block_wrap__parameterized7 |          2 |          2 |       0 |    0 |    77 |      0 |      0 |    0 |          0 |
|     core                                                                        |                             uop_block__parameterized7 |         73 |         73 |       0 |    0 |   163 |      0 |      0 |    0 |          0 |
|       (core)                                                                    |                             uop_block__parameterized7 |          9 |          9 |       0 |    0 |     3 |      0 |      0 |    0 |          0 |
|       g[0].g_normal.alu_i                                                       |                      microop_unit__parameterized11__4 |          0 |          0 |       0 |    0 |    32 |      0 |      0 |    0 |          0 |
|       g[1].g_normal.alu_i                                                       |                     microop_unit__parameterized10__11 |          0 |          0 |       0 |    0 |    32 |      0 |      0 |    0 |          0 |
|       g[2].g_normal.alu_i                                                       |                      microop_unit__parameterized19__1 |         32 |         32 |       0 |    0 |    32 |      0 |      0 |    0 |          0 |
|       g[4].g_normal.alu_i                                                       |                         microop_unit__parameterized19 |         32 |         32 |       0 |    0 |    32 |      0 |      0 |    0 |          0 |
|       g[5].g_normal.alu_i                                                       |                     microop_unit__parameterized10__12 |          0 |          0 |       0 |    0 |    32 |      0 |      0 |    0 |          0 |
|   g_has_mem.glen_mem[9].blk_i                                                   |                        uop_block_wrap__parameterized8 |          0 |          0 |       0 |    0 |   101 |      0 |      0 |    0 |          0 |
|     (g_has_mem.glen_mem[9].blk_i)                                               |                        uop_block_wrap__parameterized8 |          0 |          0 |       0 |    0 |    37 |      0 |      0 |    0 |          0 |
|     core                                                                        |                             uop_block__parameterized8 |          0 |          0 |       0 |    0 |    64 |      0 |      0 |    0 |          0 |
|       (core)                                                                    |                             uop_block__parameterized8 |          0 |          0 |       0 |    0 |     0 |      0 |      0 |    0 |          0 |
|       g[0].g_normal.alu_i                                                       |                     microop_unit__parameterized10__13 |          0 |          0 |       0 |    0 |    32 |      0 |      0 |    0 |          0 |
|       g[1].g_normal.alu_i                                                       |                     microop_unit__parameterized10__14 |          0 |          0 |       0 |    0 |    32 |      0 |      0 |    0 |          0 |
|   g_has_mem.u_pool                                                              |                                              spm_pool |       1550 |       1550 |       0 |    0 |  1651 |      8 |      0 |    0 |          0 |
|     (g_has_mem.u_pool)                                                          |                                              spm_pool |       1358 |       1358 |       0 |    0 |  1587 |      0 |      0 |    0 |          0 |
|     g_banks.gb[0].u_bank64                                                      |                                           spm_bank__1 |          5 |          5 |       0 |    0 |     2 |      1 |      0 |    0 |          0 |
|       (g_banks.gb[0].u_bank64)                                                  |                                           spm_bank__1 |          1 |          1 |       0 |    0 |     2 |      0 |      0 |    0 |          0 |
|       u_mem                                                                     |                                   xpm_memory_sdpram_8 |          4 |          4 |       0 |    0 |     0 |      1 |      0 |    0 |          0 |
|         (u_mem)                                                                 |                                   xpm_memory_sdpram_8 |          4 |          4 |       0 |    0 |     0 |      0 |      0 |    0 |          0 |
|         xpm_memory_base_inst                                                    |                                    xpm_memory_base__1 |          0 |          0 |       0 |    0 |     0 |      1 |      0 |    0 |          0 |
|     g_banks.gb[1].u_bank64                                                      |                                           spm_bank__2 |          5 |          5 |       0 |    0 |     2 |      1 |      0 |    0 |          0 |
|       (g_banks.gb[1].u_bank64)                                                  |                                           spm_bank__2 |          1 |          1 |       0 |    0 |     2 |      0 |      0 |    0 |          0 |
|       u_mem                                                                     |                                   xpm_memory_sdpram_7 |          4 |          4 |       0 |    0 |     0 |      1 |      0 |    0 |          0 |
|         (u_mem)                                                                 |                                   xpm_memory_sdpram_7 |          4 |          4 |       0 |    0 |     0 |      0 |      0 |    0 |          0 |
|         xpm_memory_base_inst                                                    |                                    xpm_memory_base__2 |          0 |          0 |       0 |    0 |     0 |      1 |      0 |    0 |          0 |
|     g_banks.gb[2].u_bank64                                                      |                                           spm_bank__3 |          5 |          5 |       0 |    0 |     2 |      1 |      0 |    0 |          0 |
|       (g_banks.gb[2].u_bank64)                                                  |                                           spm_bank__3 |          1 |          1 |       0 |    0 |     2 |      0 |      0 |    0 |          0 |
|       u_mem                                                                     |                                   xpm_memory_sdpram_6 |          4 |          4 |       0 |    0 |     0 |      1 |      0 |    0 |          0 |
|         (u_mem)                                                                 |                                   xpm_memory_sdpram_6 |          4 |          4 |       0 |    0 |     0 |      0 |      0 |    0 |          0 |
|         xpm_memory_base_inst                                                    |                                    xpm_memory_base__3 |          0 |          0 |       0 |    0 |     0 |      1 |      0 |    0 |          0 |
|     g_banks.gb[3].u_bank64                                                      |                                           spm_bank__4 |          5 |          5 |       0 |    0 |     2 |      1 |      0 |    0 |          0 |
|       (g_banks.gb[3].u_bank64)                                                  |                                           spm_bank__4 |          1 |          1 |       0 |    0 |     2 |      0 |      0 |    0 |          0 |
|       u_mem                                                                     |                                   xpm_memory_sdpram_5 |          4 |          4 |       0 |    0 |     0 |      1 |      0 |    0 |          0 |
|         (u_mem)                                                                 |                                   xpm_memory_sdpram_5 |          4 |          4 |       0 |    0 |     0 |      0 |      0 |    0 |          0 |
|         xpm_memory_base_inst                                                    |                                    xpm_memory_base__4 |          0 |          0 |       0 |    0 |     0 |      1 |      0 |    0 |          0 |
|     g_banks.gb[4].u_bank64                                                      |                                           spm_bank__5 |          5 |          5 |       0 |    0 |     2 |      1 |      0 |    0 |          0 |
|       (g_banks.gb[4].u_bank64)                                                  |                                           spm_bank__5 |          1 |          1 |       0 |    0 |     2 |      0 |      0 |    0 |          0 |
|       u_mem                                                                     |                                   xpm_memory_sdpram_4 |          4 |          4 |       0 |    0 |     0 |      1 |      0 |    0 |          0 |
|         (u_mem)                                                                 |                                   xpm_memory_sdpram_4 |          4 |          4 |       0 |    0 |     0 |      0 |      0 |    0 |          0 |
|         xpm_memory_base_inst                                                    |                                    xpm_memory_base__5 |          0 |          0 |       0 |    0 |     0 |      1 |      0 |    0 |          0 |
|     g_banks.gb[5].u_bank64                                                      |                                           spm_bank__6 |          5 |          5 |       0 |    0 |     2 |      1 |      0 |    0 |          0 |
|       (g_banks.gb[5].u_bank64)                                                  |                                           spm_bank__6 |          1 |          1 |       0 |    0 |     2 |      0 |      0 |    0 |          0 |
|       u_mem                                                                     |                                   xpm_memory_sdpram_3 |          4 |          4 |       0 |    0 |     0 |      1 |      0 |    0 |          0 |
|         (u_mem)                                                                 |                                   xpm_memory_sdpram_3 |          4 |          4 |       0 |    0 |     0 |      0 |      0 |    0 |          0 |
|         xpm_memory_base_inst                                                    |                                    xpm_memory_base__6 |          0 |          0 |       0 |    0 |     0 |      1 |      0 |    0 |          0 |
|     g_banks.gb[6].u_bank64                                                      |                                           spm_bank__7 |          5 |          5 |       0 |    0 |     2 |      1 |      0 |    0 |          0 |
|       (g_banks.gb[6].u_bank64)                                                  |                                           spm_bank__7 |          1 |          1 |       0 |    0 |     2 |      0 |      0 |    0 |          0 |
|       u_mem                                                                     |                                   xpm_memory_sdpram_2 |          4 |          4 |       0 |    0 |     0 |      1 |      0 |    0 |          0 |
|         (u_mem)                                                                 |                                   xpm_memory_sdpram_2 |          4 |          4 |       0 |    0 |     0 |      0 |      0 |    0 |          0 |
|         xpm_memory_base_inst                                                    |                                    xpm_memory_base__7 |          0 |          0 |       0 |    0 |     0 |      1 |      0 |    0 |          0 |
|     g_banks.gb[7].u_bank64                                                      |                                              spm_bank |          5 |          5 |       0 |    0 |     2 |      1 |      0 |    0 |          0 |
|       (g_banks.gb[7].u_bank64)                                                  |                                              spm_bank |          1 |          1 |       0 |    0 |     2 |      0 |      0 |    0 |          0 |
|       u_mem                                                                     |                                     xpm_memory_sdpram |          4 |          4 |       0 |    0 |     0 |      1 |      0 |    0 |          0 |
|         (u_mem)                                                                 |                                     xpm_memory_sdpram |          4 |          4 |       0 |    0 |     0 |      0 |      0 |    0 |          0 |
|         xpm_memory_base_inst                                                    |                                       xpm_memory_base |          0 |          0 |       0 |    0 |     0 |      1 |      0 |    0 |          0 |
|     u_rrA                                                                       |                                         rr_arbiter__1 |         76 |         76 |       0 |    0 |    24 |      0 |      0 |    0 |          0 |
|     u_rrB                                                                       |                                            rr_arbiter |         76 |         76 |       0 |    0 |    24 |      0 |      0 |    0 |          0 |
+---------------------------------------------------------------------------------+-------------------------------------------------------+------------+------------+---------+------+-------+--------+--------+------+------------+


