Copyright 1986-2020 Xilinx, Inc. All Rights Reserved.
--------------------------------------------------------------------------------------------------------------------------------------------------------------
| Tool Version : Vivado v.2020.1 (lin64) Build 2902540 Wed May 27 19:54:35 MDT 2020
| Date         : Mon Oct 27 19:33:44 2025
| Host         : orthanc running 64-bit Ubuntu 22.04.4 LTS
| Command      : report_utilization -hierarchical -file /home/jyoo/custom_v_2/custom-core-tool/reports/synth_1p0pct/benches/625_x264_s/pre_impl_util_hier.rpt
| Design       : top_multi_len
| Device       : xcu200fsgd2104-2
| Design State : Synthesized
--------------------------------------------------------------------------------------------------------------------------------------------------------------

Utilization Design Information

Table of Contents
-----------------
1. Utilization by Hierarchy

1. Utilization by Hierarchy
---------------------------

+--------------------------------------------+------------------------------------------------------+------------+------------+---------+------+-------+--------+--------+------+------------+
|                  Instance                  |                        Module                        | Total LUTs | Logic LUTs | LUTRAMs | SRLs |  FFs  | RAMB36 | RAMB18 | URAM | DSP Blocks |
+--------------------------------------------+------------------------------------------------------+------------+------------+---------+------+-------+--------+--------+------+------------+
| top_multi_len                              |                                                (top) |       7029 |       7029 |       0 |    0 | 12874 |      8 |      0 |    0 |         39 |
|   (top_multi_len)                          |                                                (top) |        325 |        325 |       0 |    0 |   883 |      0 |      0 |    0 |          0 |
|   g_has_mem.glen_mem[0].blk_i              |                                       uop_block_wrap |         32 |         32 |       0 |    0 |    69 |      0 |      0 |    0 |          0 |
|     (g_has_mem.glen_mem[0].blk_i)          |                                       uop_block_wrap |          0 |          0 |       0 |    0 |    37 |      0 |      0 |    0 |          0 |
|     core                                   |                                         uop_block_27 |         32 |         32 |       0 |    0 |    32 |      0 |      0 |    0 |          0 |
|       (core)                               |                                         uop_block_27 |          0 |          0 |       0 |    0 |     0 |      0 |      0 |    0 |          0 |
|       g[0].g_normal.alu_i                  |                                      microop_unit__8 |         32 |         32 |       0 |    0 |    32 |      0 |      0 |    0 |          0 |
|   g_has_mem.glen_mem[10].blk_i             |                       uop_block_wrap__parameterized5 |        217 |        217 |       0 |    0 |   302 |      0 |      0 |    0 |          3 |
|     (g_has_mem.glen_mem[10].blk_i)         |                       uop_block_wrap__parameterized5 |          0 |          0 |       0 |    0 |    49 |      0 |      0 |    0 |          0 |
|     core                                   |                         uop_block__parameterized5_26 |        217 |        217 |       0 |    0 |   253 |      0 |      0 |    0 |          3 |
|       (core)                               |                         uop_block__parameterized5_26 |         10 |         10 |       0 |    0 |     4 |      0 |      0 |    0 |          0 |
|       g[0].g_normal.alu_i                  |                      microop_unit__parameterized8__4 |         15 |         15 |       0 |    0 |    17 |      0 |      0 |    0 |          3 |
|       g[1].g_normal.alu_i                  |                      microop_unit__parameterized7__4 |         64 |         64 |       0 |    0 |    64 |      0 |      0 |    0 |          0 |
|       g[2].g_normal.alu_i                  |                     microop_unit__parameterized0__11 |          0 |          0 |       0 |    0 |    32 |      0 |      0 |    0 |          0 |
|       g[3].g_normal.alu_i                  |                      microop_unit__parameterized9__9 |         32 |         32 |       0 |    0 |    32 |      0 |      0 |    0 |          0 |
|       g[4].g_normal.alu_i                  |                      microop_unit__parameterized6__7 |          0 |          0 |       0 |    0 |     8 |      0 |      0 |    0 |          0 |
|       g[6].g_normal.alu_i                  |                     microop_unit__parameterized9__10 |         32 |         32 |       0 |    0 |    32 |      0 |      0 |    0 |          0 |
|       g[7].g_normal.alu_i                  |                     microop_unit__parameterized10__6 |         32 |         32 |       0 |    0 |    32 |      0 |      0 |    0 |          0 |
|       g[8].g_normal.alu_i                  |                     microop_unit__parameterized11__6 |         32 |         32 |       0 |    0 |    32 |      0 |      0 |    0 |          0 |
|   g_has_mem.glen_mem[11].blk_i             |                       uop_block_wrap__parameterized6 |        218 |        218 |       0 |    0 |   335 |      0 |      0 |    0 |          3 |
|     (g_has_mem.glen_mem[11].blk_i)         |                       uop_block_wrap__parameterized6 |          1 |          1 |       0 |    0 |    50 |      0 |      0 |    0 |          0 |
|     core                                   |                         uop_block__parameterized6_25 |        217 |        217 |       0 |    0 |   285 |      0 |      0 |    0 |          3 |
|       (core)                               |                         uop_block__parameterized6_25 |         10 |         10 |       0 |    0 |     4 |      0 |      0 |    0 |          0 |
|       g[0].g_normal.alu_i                  |                      microop_unit__parameterized0__9 |          0 |          0 |       0 |    0 |    32 |      0 |      0 |    0 |          0 |
|       g[1].g_normal.alu_i                  |                      microop_unit__parameterized7__3 |         64 |         64 |       0 |    0 |    64 |      0 |      0 |    0 |          0 |
|       g[2].g_normal.alu_i                  |                      microop_unit__parameterized8__3 |         15 |         15 |       0 |    0 |    17 |      0 |      0 |    0 |          3 |
|       g[3].g_normal.alu_i                  |                      microop_unit__parameterized6__6 |          0 |          0 |       0 |    0 |     8 |      0 |      0 |    0 |          0 |
|       g[4].g_normal.alu_i                  |                      microop_unit__parameterized9__7 |         32 |         32 |       0 |    0 |    32 |      0 |      0 |    0 |          0 |
|       g[6].g_normal.alu_i                  |                      microop_unit__parameterized9__8 |         32 |         32 |       0 |    0 |    32 |      0 |      0 |    0 |          0 |
|       g[7].g_normal.alu_i                  |                     microop_unit__parameterized0__10 |          0 |          0 |       0 |    0 |    32 |      0 |      0 |    0 |          0 |
|       g[8].g_normal.alu_i                  |                     microop_unit__parameterized10__5 |         32 |         32 |       0 |    0 |    32 |      0 |      0 |    0 |          0 |
|       g[9].g_normal.alu_i                  |                     microop_unit__parameterized11__5 |         32 |         32 |       0 |    0 |    32 |      0 |      0 |    0 |          0 |
|   g_has_mem.glen_mem[12].blk_i             |                       uop_block_wrap__parameterized7 |        224 |        224 |       0 |    0 |   362 |      0 |      0 |    0 |          3 |
|     (g_has_mem.glen_mem[12].blk_i)         |                       uop_block_wrap__parameterized7 |          7 |          7 |       0 |    0 |    77 |      0 |      0 |    0 |          0 |
|     core                                   |                         uop_block__parameterized7_24 |        217 |        217 |       0 |    0 |   285 |      0 |      0 |    0 |          3 |
|       (core)                               |                         uop_block__parameterized7_24 |         10 |         10 |       0 |    0 |     4 |      0 |      0 |    0 |          0 |
|       g[0].g_normal.alu_i                  |                     microop_unit__parameterized7__14 |         64 |         64 |       0 |    0 |    64 |      0 |      0 |    0 |          0 |
|       g[1].g_normal.alu_i                  |                     microop_unit__parameterized0__34 |          0 |          0 |       0 |    0 |    32 |      0 |      0 |    0 |          0 |
|       g[2].g_normal.alu_i                  |                         microop_unit__parameterized6 |          0 |          0 |       0 |    0 |     8 |      0 |      0 |    0 |          0 |
|       g[3].g_normal.alu_i                  |                         microop_unit__parameterized8 |         15 |         15 |       0 |    0 |    17 |      0 |      0 |    0 |          3 |
|       g[4].g_normal.alu_i                  |                     microop_unit__parameterized9__33 |         32 |         32 |       0 |    0 |    32 |      0 |      0 |    0 |          0 |
|       g[6].g_normal.alu_i                  |                         microop_unit__parameterized9 |         32 |         32 |       0 |    0 |    32 |      0 |      0 |    0 |          0 |
|       g[7].g_normal.alu_i                  |                         microop_unit__parameterized0 |          0 |          0 |       0 |    0 |    32 |      0 |      0 |    0 |          0 |
|       g[8].g_normal.alu_i                  |                    microop_unit__parameterized10__15 |         32 |         32 |       0 |    0 |    32 |      0 |      0 |    0 |          0 |
|       g[9].g_normal.alu_i                  |                    microop_unit__parameterized11__15 |         32 |         32 |       0 |    0 |    32 |      0 |      0 |    0 |          0 |
|   g_has_mem.glen_mem[13].blk_i             |                     uop_block_wrap__parameterized7_0 |        220 |        220 |       0 |    0 |   363 |      0 |      0 |    0 |          3 |
|     (g_has_mem.glen_mem[13].blk_i)         |                     uop_block_wrap__parameterized7_0 |          2 |          2 |       0 |    0 |    78 |      0 |      0 |    0 |          0 |
|     core                                   |                         uop_block__parameterized7_23 |        218 |        218 |       0 |    0 |   285 |      0 |      0 |    0 |          3 |
|       (core)                               |                         uop_block__parameterized7_23 |         11 |         11 |       0 |    0 |     4 |      0 |      0 |    0 |          0 |
|       g[0].g_normal.alu_i                  |                      microop_unit__parameterized7__2 |         64 |         64 |       0 |    0 |    64 |      0 |      0 |    0 |          0 |
|       g[1].g_normal.alu_i                  |                      microop_unit__parameterized0__7 |          0 |          0 |       0 |    0 |    32 |      0 |      0 |    0 |          0 |
|       g[2].g_normal.alu_i                  |                      microop_unit__parameterized6__5 |          0 |          0 |       0 |    0 |     8 |      0 |      0 |    0 |          0 |
|       g[3].g_normal.alu_i                  |                      microop_unit__parameterized8__2 |         15 |         15 |       0 |    0 |    17 |      0 |      0 |    0 |          3 |
|       g[4].g_normal.alu_i                  |                      microop_unit__parameterized9__5 |         32 |         32 |       0 |    0 |    32 |      0 |      0 |    0 |          0 |
|       g[6].g_normal.alu_i                  |                      microop_unit__parameterized9__6 |         32 |         32 |       0 |    0 |    32 |      0 |      0 |    0 |          0 |
|       g[7].g_normal.alu_i                  |                      microop_unit__parameterized0__8 |          0 |          0 |       0 |    0 |    32 |      0 |      0 |    0 |          0 |
|       g[8].g_normal.alu_i                  |                     microop_unit__parameterized10__4 |         32 |         32 |       0 |    0 |    32 |      0 |      0 |    0 |          0 |
|       g[9].g_normal.alu_i                  |                     microop_unit__parameterized11__4 |         32 |         32 |       0 |    0 |    32 |      0 |      0 |    0 |          0 |
|   g_has_mem.glen_mem[14].blk_i             |                       uop_block_wrap__parameterized8 |         57 |         57 |       0 |    0 |   255 |      0 |      0 |    0 |          3 |
|     (g_has_mem.glen_mem[14].blk_i)         |                       uop_block_wrap__parameterized8 |          1 |          1 |       0 |    0 |    75 |      0 |      0 |    0 |          0 |
|     core                                   |                         uop_block__parameterized8_22 |         56 |         56 |       0 |    0 |   180 |      0 |      0 |    0 |          3 |
|       (core)                               |                         uop_block__parameterized8_22 |          9 |          9 |       0 |    0 |     3 |      0 |      0 |    0 |          0 |
|       g[0].g_normal.alu_i                  |                      microop_unit__parameterized5__6 |          0 |          0 |       0 |    0 |    64 |      0 |      0 |    0 |          0 |
|       g[1].g_normal.alu_i                  |                      microop_unit__parameterized0__5 |          0 |          0 |       0 |    0 |    32 |      0 |      0 |    0 |          0 |
|       g[2].g_normal.alu_i                  |                      microop_unit__parameterized8__1 |         15 |         15 |       0 |    0 |    17 |      0 |      0 |    0 |          3 |
|       g[3].g_normal.alu_i                  |                      microop_unit__parameterized9__4 |         32 |         32 |       0 |    0 |    32 |      0 |      0 |    0 |          0 |
|       g[5].g_normal.alu_i                  |                      microop_unit__parameterized0__6 |          0 |          0 |       0 |    0 |    32 |      0 |      0 |    0 |          0 |
|   g_has_mem.glen_mem[15].blk_i             |            uop_block_wrap__parameterized9__xdcDup__1 |        169 |        169 |       0 |    0 |   407 |      0 |      0 |    0 |          0 |
|     (g_has_mem.glen_mem[15].blk_i)         |            uop_block_wrap__parameterized9__xdcDup__1 |          1 |          1 |       0 |    0 |    76 |      0 |      0 |    0 |          0 |
|     core                                   |                 uop_block__parameterized9__xdcDup__1 |        168 |        168 |       0 |    0 |   331 |      0 |      0 |    0 |          0 |
|       (core)                               |                 uop_block__parameterized9__xdcDup__1 |          8 |          8 |       0 |    0 |     3 |      0 |      0 |    0 |          0 |
|       g[0].g_normal.alu_i                  |                      microop_unit__parameterized5__5 |          0 |          0 |       0 |    0 |    64 |      0 |      0 |    0 |          0 |
|       g[1].g_normal.alu_i                  |                      microop_unit__parameterized0__4 |          0 |          0 |       0 |    0 |    32 |      0 |      0 |    0 |          0 |
|       g[2].g_normal.alu_i                  |             microop_unit__parameterized12__xdcDup__1 |         64 |         64 |       0 |    0 |   128 |      0 |      0 |    0 |          0 |
|         (g[2].g_normal.alu_i)              |             microop_unit__parameterized12__xdcDup__1 |          0 |          0 |       0 |    0 |    64 |      0 |      0 |    0 |          0 |
|         g_iadd.use_ip.u_addsub             |                                       integer_addsub |         64 |         64 |       0 |    0 |    64 |      0 |      0 |    0 |          0 |
|           (g_iadd.use_ip.u_addsub)         |                                       integer_addsub |          0 |          0 |       0 |    0 |     0 |      0 |      0 |    0 |          0 |
|           U0                               |                      integer_addsubc_addsub_v12_0_14 |         64 |         64 |       0 |    0 |    64 |      0 |      0 |    0 |          0 |
|             (U0)                           |                      integer_addsubc_addsub_v12_0_14 |          0 |          0 |       0 |    0 |     0 |      0 |      0 |    0 |          0 |
|             xst_addsub                     |                  integer_addsubc_addsub_v12_0_14_viv |         64 |         64 |       0 |    0 |    64 |      0 |      0 |    0 |          0 |
|               (xst_addsub)                 |                  integer_addsubc_addsub_v12_0_14_viv |          0 |          0 |       0 |    0 |     0 |      0 |      0 |    0 |          0 |
|               i_baseblox.i_baseblox_addsub |               integer_addsubc_addsub_v12_0_14_legacy |         64 |         64 |       0 |    0 |    64 |      0 |      0 |    0 |          0 |
|                 no_pipelining.the_addsub   |        integer_addsubc_addsub_v12_0_14_fabric_legacy |         64 |         64 |       0 |    0 |    64 |      0 |      0 |    0 |          0 |
|                   i_lut6.i_lut6_addsub     |          integer_addsubc_addsub_v12_0_14_lut6_legacy |         64 |         64 |       0 |    0 |    64 |      0 |      0 |    0 |          0 |
|                     (i_lut6.i_lut6_addsub) |          integer_addsubc_addsub_v12_0_14_lut6_legacy |         64 |         64 |       0 |    0 |     0 |      0 |      0 |    0 |          0 |
|                     i_q.i_simple.qreg      |                   integer_addsubc_reg_fd_v12_0_6_viv |          0 |          0 |       0 |    0 |    64 |      0 |      0 |    0 |          0 |
|       g[3].g_normal.alu_i                  |                      microop_unit__parameterized6__4 |          0 |          0 |       0 |    0 |     8 |      0 |      0 |    0 |          0 |
|       g[4].g_normal.alu_i                  |                      microop_unit__parameterized9__3 |         32 |         32 |       0 |    0 |    32 |      0 |      0 |    0 |          0 |
|       g[5].g_normal.alu_i                  |                     microop_unit__parameterized10__3 |         32 |         32 |       0 |    0 |    32 |      0 |      0 |    0 |          0 |
|       g[6].g_normal.alu_i                  |                     microop_unit__parameterized11__3 |         32 |         32 |       0 |    0 |    32 |      0 |      0 |    0 |          0 |
|   g_has_mem.glen_mem[16].blk_i             |                                     uop_block_wrap_1 |         32 |         32 |       0 |    0 |    69 |      0 |      0 |    0 |          0 |
|     (g_has_mem.glen_mem[16].blk_i)         |                                     uop_block_wrap_1 |          0 |          0 |       0 |    0 |    37 |      0 |      0 |    0 |          0 |
|     core                                   |                                            uop_block |         32 |         32 |       0 |    0 |    32 |      0 |      0 |    0 |          0 |
|       (core)                               |                                            uop_block |          0 |          0 |       0 |    0 |     0 |      0 |      0 |    0 |          0 |
|       g[0].g_normal.alu_i                  |                                     microop_unit__10 |         32 |         32 |       0 |    0 |    32 |      0 |      0 |    0 |          0 |
|   g_has_mem.glen_mem[17].blk_i             |                       uop_block_wrap__parameterized9 |        168 |        168 |       0 |    0 |   405 |      0 |      0 |    0 |          0 |
|     (g_has_mem.glen_mem[17].blk_i)         |                       uop_block_wrap__parameterized9 |          0 |          0 |       0 |    0 |    74 |      0 |      0 |    0 |          0 |
|     core                                   |                            uop_block__parameterized9 |        168 |        168 |       0 |    0 |   331 |      0 |      0 |    0 |          0 |
|       (core)                               |                            uop_block__parameterized9 |          8 |          8 |       0 |    0 |     3 |      0 |      0 |    0 |          0 |
|       g[0].g_normal.alu_i                  |                      microop_unit__parameterized5__4 |          0 |          0 |       0 |    0 |    64 |      0 |      0 |    0 |          0 |
|       g[1].g_normal.alu_i                  |                      microop_unit__parameterized0__3 |          0 |          0 |       0 |    0 |    32 |      0 |      0 |    0 |          0 |
|       g[2].g_normal.alu_i                  |             microop_unit__parameterized12__xdcDup__2 |         64 |         64 |       0 |    0 |   128 |      0 |      0 |    0 |          0 |
|         (g[2].g_normal.alu_i)              |             microop_unit__parameterized12__xdcDup__2 |          0 |          0 |       0 |    0 |    64 |      0 |      0 |    0 |          0 |
|         g_iadd.use_ip.u_addsub             |                                integer_addsub_HD9798 |         64 |         64 |       0 |    0 |    64 |      0 |      0 |    0 |          0 |
|           (g_iadd.use_ip.u_addsub)         |                                integer_addsub_HD9798 |          0 |          0 |       0 |    0 |     0 |      0 |      0 |    0 |          0 |
|           U0                               |               integer_addsubc_addsub_v12_0_14_HD9799 |         64 |         64 |       0 |    0 |    64 |      0 |      0 |    0 |          0 |
|             (U0)                           |               integer_addsubc_addsub_v12_0_14_HD9799 |          0 |          0 |       0 |    0 |     0 |      0 |      0 |    0 |          0 |
|             xst_addsub                     |           integer_addsubc_addsub_v12_0_14_viv_HD9800 |         64 |         64 |       0 |    0 |    64 |      0 |      0 |    0 |          0 |
|               (xst_addsub)                 |           integer_addsubc_addsub_v12_0_14_viv_HD9800 |          0 |          0 |       0 |    0 |     0 |      0 |      0 |    0 |          0 |
|               i_baseblox.i_baseblox_addsub |        integer_addsubc_addsub_v12_0_14_legacy_HD9801 |         64 |         64 |       0 |    0 |    64 |      0 |      0 |    0 |          0 |
|                 no_pipelining.the_addsub   | integer_addsubc_addsub_v12_0_14_fabric_legacy_HD9802 |         64 |         64 |       0 |    0 |    64 |      0 |      0 |    0 |          0 |
|                   i_lut6.i_lut6_addsub     |   integer_addsubc_addsub_v12_0_14_lut6_legacy_HD9803 |         64 |         64 |       0 |    0 |    64 |      0 |      0 |    0 |          0 |
|                     (i_lut6.i_lut6_addsub) |   integer_addsubc_addsub_v12_0_14_lut6_legacy_HD9803 |         64 |         64 |       0 |    0 |     0 |      0 |      0 |    0 |          0 |
|                     i_q.i_simple.qreg      |            integer_addsubc_reg_fd_v12_0_6_viv_HD9804 |          0 |          0 |       0 |    0 |    64 |      0 |      0 |    0 |          0 |
|       g[3].g_normal.alu_i                  |                      microop_unit__parameterized6__3 |          0 |          0 |       0 |    0 |     8 |      0 |      0 |    0 |          0 |
|       g[4].g_normal.alu_i                  |                      microop_unit__parameterized9__2 |         32 |         32 |       0 |    0 |    32 |      0 |      0 |    0 |          0 |
|       g[5].g_normal.alu_i                  |                     microop_unit__parameterized10__2 |         32 |         32 |       0 |    0 |    32 |      0 |      0 |    0 |          0 |
|       g[6].g_normal.alu_i                  |                     microop_unit__parameterized11__2 |         32 |         32 |       0 |    0 |    32 |      0 |      0 |    0 |          0 |
|   g_has_mem.glen_mem[18].blk_i             |                      uop_block_wrap__parameterized10 |         64 |         64 |       0 |    0 |   101 |      0 |      0 |    0 |          0 |
|     (g_has_mem.glen_mem[18].blk_i)         |                      uop_block_wrap__parameterized10 |          0 |          0 |       0 |    0 |    37 |      0 |      0 |    0 |          0 |
|     core                                   |                           uop_block__parameterized10 |         64 |         64 |       0 |    0 |    64 |      0 |      0 |    0 |          0 |
|       (core)                               |                           uop_block__parameterized10 |          0 |          0 |       0 |    0 |     0 |      0 |      0 |    0 |          0 |
|       g[0].g_normal.alu_i                  |                        microop_unit__parameterized10 |         32 |         32 |       0 |    0 |    32 |      0 |      0 |    0 |          0 |
|       g[1].g_normal.alu_i                  |                        microop_unit__parameterized11 |         32 |         32 |       0 |    0 |    32 |      0 |      0 |    0 |          0 |
|   g_has_mem.glen_mem[19].blk_i             |                      uop_block_wrap__parameterized11 |        386 |        386 |       0 |    0 |   776 |      0 |      0 |    0 |          0 |
|     (g_has_mem.glen_mem[19].blk_i)         |                      uop_block_wrap__parameterized11 |          0 |          0 |       0 |    0 |    70 |      0 |      0 |    0 |          0 |
|     core                                   |                           uop_block__parameterized11 |        386 |        386 |       0 |    0 |   706 |      0 |      0 |    0 |          0 |
|       (core)                               |                           uop_block__parameterized11 |          0 |          0 |       0 |    0 |     0 |      0 |      0 |    0 |          0 |
|       g[0].g_normal.alu_i                  |                     microop_unit__parameterized7__15 |         64 |         64 |       0 |    0 |    64 |      0 |      0 |    0 |          0 |
|       g[1].g_normal.alu_i                  |                         microop_unit__parameterized5 |          0 |          0 |       0 |    0 |    64 |      0 |      0 |    0 |          0 |
|       g[2].g_normal.alu_i                  |                         microop_unit__parameterized7 |         64 |         64 |       0 |    0 |    64 |      0 |      0 |    0 |          0 |
|       g[3].g_normal.alu_i                  |             microop_unit__parameterized13__xdcDup__1 |         64 |         64 |       0 |    0 |   128 |      0 |      0 |    0 |          0 |
|         (g[3].g_normal.alu_i)              |             microop_unit__parameterized13__xdcDup__1 |          0 |          0 |       0 |    0 |    64 |      0 |      0 |    0 |          0 |
|         g_iadd.use_ip.u_addsub             |                                integer_addsub_HD9805 |         64 |         64 |       0 |    0 |    64 |      0 |      0 |    0 |          0 |
|           (g_iadd.use_ip.u_addsub)         |                                integer_addsub_HD9805 |          0 |          0 |       0 |    0 |     0 |      0 |      0 |    0 |          0 |
|           U0                               |               integer_addsubc_addsub_v12_0_14_HD9806 |         64 |         64 |       0 |    0 |    64 |      0 |      0 |    0 |          0 |
|             (U0)                           |               integer_addsubc_addsub_v12_0_14_HD9806 |          0 |          0 |       0 |    0 |     0 |      0 |      0 |    0 |          0 |
|             xst_addsub                     |           integer_addsubc_addsub_v12_0_14_viv_HD9807 |         64 |         64 |       0 |    0 |    64 |      0 |      0 |    0 |          0 |
|               (xst_addsub)                 |           integer_addsubc_addsub_v12_0_14_viv_HD9807 |          0 |          0 |       0 |    0 |     0 |      0 |      0 |    0 |          0 |
|               i_baseblox.i_baseblox_addsub |        integer_addsubc_addsub_v12_0_14_legacy_HD9808 |         64 |         64 |       0 |    0 |    64 |      0 |      0 |    0 |          0 |
|                 no_pipelining.the_addsub   | integer_addsubc_addsub_v12_0_14_fabric_legacy_HD9809 |         64 |         64 |       0 |    0 |    64 |      0 |      0 |    0 |          0 |
|                   i_lut6.i_lut6_addsub     |   integer_addsubc_addsub_v12_0_14_lut6_legacy_HD9810 |         64 |         64 |       0 |    0 |    64 |      0 |      0 |    0 |          0 |
|                     (i_lut6.i_lut6_addsub) |   integer_addsubc_addsub_v12_0_14_lut6_legacy_HD9810 |         64 |         64 |       0 |    0 |     0 |      0 |      0 |    0 |          0 |
|                     i_q.i_simple.qreg      |            integer_addsubc_reg_fd_v12_0_6_viv_HD9811 |          0 |          0 |       0 |    0 |    64 |      0 |      0 |    0 |          0 |
|       g[4].g_normal.alu_i                  |             microop_unit__parameterized14__xdcDup__1 |         64 |         64 |       0 |    0 |   128 |      0 |      0 |    0 |          0 |
|         (g[4].g_normal.alu_i)              |             microop_unit__parameterized14__xdcDup__1 |          0 |          0 |       0 |    0 |    64 |      0 |      0 |    0 |          0 |
|         g_iadd.use_ip.u_addsub             |                                integer_addsub_HD9812 |         64 |         64 |       0 |    0 |    64 |      0 |      0 |    0 |          0 |
|           (g_iadd.use_ip.u_addsub)         |                                integer_addsub_HD9812 |          0 |          0 |       0 |    0 |     0 |      0 |      0 |    0 |          0 |
|           U0                               |               integer_addsubc_addsub_v12_0_14_HD9813 |         64 |         64 |       0 |    0 |    64 |      0 |      0 |    0 |          0 |
|             (U0)                           |               integer_addsubc_addsub_v12_0_14_HD9813 |          0 |          0 |       0 |    0 |     0 |      0 |      0 |    0 |          0 |
|             xst_addsub                     |           integer_addsubc_addsub_v12_0_14_viv_HD9814 |         64 |         64 |       0 |    0 |    64 |      0 |      0 |    0 |          0 |
|               (xst_addsub)                 |           integer_addsubc_addsub_v12_0_14_viv_HD9814 |          0 |          0 |       0 |    0 |     0 |      0 |      0 |    0 |          0 |
|               i_baseblox.i_baseblox_addsub |        integer_addsubc_addsub_v12_0_14_legacy_HD9815 |         64 |         64 |       0 |    0 |    64 |      0 |      0 |    0 |          0 |
|                 no_pipelining.the_addsub   | integer_addsubc_addsub_v12_0_14_fabric_legacy_HD9816 |         64 |         64 |       0 |    0 |    64 |      0 |      0 |    0 |          0 |
|                   i_lut6.i_lut6_addsub     |   integer_addsubc_addsub_v12_0_14_lut6_legacy_HD9817 |         64 |         64 |       0 |    0 |    64 |      0 |      0 |    0 |          0 |
|                     (i_lut6.i_lut6_addsub) |   integer_addsubc_addsub_v12_0_14_lut6_legacy_HD9817 |         64 |         64 |       0 |    0 |     0 |      0 |      0 |    0 |          0 |
|                     i_q.i_simple.qreg      |            integer_addsubc_reg_fd_v12_0_6_viv_HD9818 |          0 |          0 |       0 |    0 |    64 |      0 |      0 |    0 |          0 |
|       g[5].g_normal.alu_i                  |                        microop_unit__parameterized13 |         64 |         64 |       0 |    0 |   128 |      0 |      0 |    0 |          0 |
|         (g[5].g_normal.alu_i)              |                        microop_unit__parameterized13 |          0 |          0 |       0 |    0 |    64 |      0 |      0 |    0 |          0 |
|         g_iadd.use_ip.u_addsub             |                                integer_addsub_HD9819 |         64 |         64 |       0 |    0 |    64 |      0 |      0 |    0 |          0 |
|           (g_iadd.use_ip.u_addsub)         |                                integer_addsub_HD9819 |          0 |          0 |       0 |    0 |     0 |      0 |      0 |    0 |          0 |
|           U0                               |               integer_addsubc_addsub_v12_0_14_HD9820 |         64 |         64 |       0 |    0 |    64 |      0 |      0 |    0 |          0 |
|             (U0)                           |               integer_addsubc_addsub_v12_0_14_HD9820 |          0 |          0 |       0 |    0 |     0 |      0 |      0 |    0 |          0 |
|             xst_addsub                     |           integer_addsubc_addsub_v12_0_14_viv_HD9821 |         64 |         64 |       0 |    0 |    64 |      0 |      0 |    0 |          0 |
|               (xst_addsub)                 |           integer_addsubc_addsub_v12_0_14_viv_HD9821 |          0 |          0 |       0 |    0 |     0 |      0 |      0 |    0 |          0 |
|               i_baseblox.i_baseblox_addsub |        integer_addsubc_addsub_v12_0_14_legacy_HD9822 |         64 |         64 |       0 |    0 |    64 |      0 |      0 |    0 |          0 |
|                 no_pipelining.the_addsub   | integer_addsubc_addsub_v12_0_14_fabric_legacy_HD9823 |         64 |         64 |       0 |    0 |    64 |      0 |      0 |    0 |          0 |
|                   i_lut6.i_lut6_addsub     |   integer_addsubc_addsub_v12_0_14_lut6_legacy_HD9824 |         64 |         64 |       0 |    0 |    64 |      0 |      0 |    0 |          0 |
|                     (i_lut6.i_lut6_addsub) |   integer_addsubc_addsub_v12_0_14_lut6_legacy_HD9824 |         64 |         64 |       0 |    0 |     0 |      0 |      0 |    0 |          0 |
|                     i_q.i_simple.qreg      |            integer_addsubc_reg_fd_v12_0_6_viv_HD9825 |          0 |          0 |       0 |    0 |    64 |      0 |      0 |    0 |          0 |
|       g[6].g_normal.alu_i                  |                     microop_unit__parameterized15__1 |          1 |          1 |       0 |    0 |     1 |      0 |      0 |    0 |          0 |
|       g[7].g_normal.alu_i                  |                        microop_unit__parameterized14 |         64 |         64 |       0 |    0 |   128 |      0 |      0 |    0 |          0 |
|         (g[7].g_normal.alu_i)              |                        microop_unit__parameterized14 |          0 |          0 |       0 |    0 |    64 |      0 |      0 |    0 |          0 |
|         g_iadd.use_ip.u_addsub             |                                integer_addsub_HD9826 |         64 |         64 |       0 |    0 |    64 |      0 |      0 |    0 |          0 |
|           (g_iadd.use_ip.u_addsub)         |                                integer_addsub_HD9826 |          0 |          0 |       0 |    0 |     0 |      0 |      0 |    0 |          0 |
|           U0                               |               integer_addsubc_addsub_v12_0_14_HD9827 |         64 |         64 |       0 |    0 |    64 |      0 |      0 |    0 |          0 |
|             (U0)                           |               integer_addsubc_addsub_v12_0_14_HD9827 |          0 |          0 |       0 |    0 |     0 |      0 |      0 |    0 |          0 |
|             xst_addsub                     |           integer_addsubc_addsub_v12_0_14_viv_HD9828 |         64 |         64 |       0 |    0 |    64 |      0 |      0 |    0 |          0 |
|               (xst_addsub)                 |           integer_addsubc_addsub_v12_0_14_viv_HD9828 |          0 |          0 |       0 |    0 |     0 |      0 |      0 |    0 |          0 |
|               i_baseblox.i_baseblox_addsub |        integer_addsubc_addsub_v12_0_14_legacy_HD9829 |         64 |         64 |       0 |    0 |    64 |      0 |      0 |    0 |          0 |
|                 no_pipelining.the_addsub   | integer_addsubc_addsub_v12_0_14_fabric_legacy_HD9830 |         64 |         64 |       0 |    0 |    64 |      0 |      0 |    0 |          0 |
|                   i_lut6.i_lut6_addsub     |   integer_addsubc_addsub_v12_0_14_lut6_legacy_HD9831 |         64 |         64 |       0 |    0 |    64 |      0 |      0 |    0 |          0 |
|                     (i_lut6.i_lut6_addsub) |   integer_addsubc_addsub_v12_0_14_lut6_legacy_HD9831 |         64 |         64 |       0 |    0 |     0 |      0 |      0 |    0 |          0 |
|                     i_q.i_simple.qreg      |            integer_addsubc_reg_fd_v12_0_6_viv_HD9832 |          0 |          0 |       0 |    0 |    64 |      0 |      0 |    0 |          0 |
|       g[8].g_normal.alu_i                  |                        microop_unit__parameterized15 |          1 |          1 |       0 |    0 |     1 |      0 |      0 |    0 |          0 |
|   g_has_mem.glen_mem[1].blk_i              |                       uop_block_wrap__parameterized0 |         79 |         79 |       0 |    0 |   197 |      0 |      0 |    0 |          0 |
|     (g_has_mem.glen_mem[1].blk_i)          |                       uop_block_wrap__parameterized0 |          0 |          0 |       0 |    0 |    37 |      0 |      0 |    0 |          0 |
|     core                                   |                         uop_block__parameterized0_21 |         79 |         79 |       0 |    0 |   160 |      0 |      0 |    0 |          0 |
|       (core)                               |                         uop_block__parameterized0_21 |          0 |          0 |       0 |    0 |     0 |      0 |      0 |    0 |          0 |
|       g[0].g_normal.alu_i                  |                     microop_unit__parameterized0__30 |          0 |          0 |       0 |    0 |    32 |      0 |      0 |    0 |          0 |
|       g[2].g_normal.alu_i                  |                     microop_unit__parameterized0__31 |          0 |          0 |       0 |    0 |    32 |      0 |      0 |    0 |          0 |
|       g[3].g_normal.alu_i                  |                      microop_unit__parameterized1__3 |         32 |         32 |       0 |    0 |    32 |      0 |      0 |    0 |          0 |
|       g[4].g_normal.alu_i                  |                      microop_unit__parameterized2__3 |         31 |         31 |       0 |    0 |    32 |      0 |      0 |    0 |          0 |
|       g[6].g_normal.alu_i                  |                      microop_unit__parameterized3__1 |         16 |         16 |       0 |    0 |    32 |      0 |      0 |    0 |          0 |
|   g_has_mem.glen_mem[20].blk_i             |                      uop_block_wrap__parameterized12 |         64 |         64 |       0 |    0 |   262 |      0 |      0 |    0 |          0 |
|     (g_has_mem.glen_mem[20].blk_i)         |                      uop_block_wrap__parameterized12 |          0 |          0 |       0 |    0 |    70 |      0 |      0 |    0 |          0 |
|     core                                   |                           uop_block__parameterized12 |         64 |         64 |       0 |    0 |   192 |      0 |      0 |    0 |          0 |
|       (core)                               |                           uop_block__parameterized12 |          0 |          0 |       0 |    0 |     0 |      0 |      0 |    0 |          0 |
|       g[0].g_normal.alu_i                  |                      microop_unit__parameterized5__9 |          0 |          0 |       0 |    0 |    64 |      0 |      0 |    0 |          0 |
|       g[1].g_normal.alu_i                  |             microop_unit__parameterized12__xdcDup__3 |         64 |         64 |       0 |    0 |   128 |      0 |      0 |    0 |          0 |
|         (g[1].g_normal.alu_i)              |             microop_unit__parameterized12__xdcDup__3 |          0 |          0 |       0 |    0 |    64 |      0 |      0 |    0 |          0 |
|         g_iadd.use_ip.u_addsub             |                                integer_addsub_HD9833 |         64 |         64 |       0 |    0 |    64 |      0 |      0 |    0 |          0 |
|           (g_iadd.use_ip.u_addsub)         |                                integer_addsub_HD9833 |          0 |          0 |       0 |    0 |     0 |      0 |      0 |    0 |          0 |
|           U0                               |               integer_addsubc_addsub_v12_0_14_HD9834 |         64 |         64 |       0 |    0 |    64 |      0 |      0 |    0 |          0 |
|             (U0)                           |               integer_addsubc_addsub_v12_0_14_HD9834 |          0 |          0 |       0 |    0 |     0 |      0 |      0 |    0 |          0 |
|             xst_addsub                     |           integer_addsubc_addsub_v12_0_14_viv_HD9835 |         64 |         64 |       0 |    0 |    64 |      0 |      0 |    0 |          0 |
|               (xst_addsub)                 |           integer_addsubc_addsub_v12_0_14_viv_HD9835 |          0 |          0 |       0 |    0 |     0 |      0 |      0 |    0 |          0 |
|               i_baseblox.i_baseblox_addsub |        integer_addsubc_addsub_v12_0_14_legacy_HD9836 |         64 |         64 |       0 |    0 |    64 |      0 |      0 |    0 |          0 |
|                 no_pipelining.the_addsub   | integer_addsubc_addsub_v12_0_14_fabric_legacy_HD9837 |         64 |         64 |       0 |    0 |    64 |      0 |      0 |    0 |          0 |
|                   i_lut6.i_lut6_addsub     |   integer_addsubc_addsub_v12_0_14_lut6_legacy_HD9838 |         64 |         64 |       0 |    0 |    64 |      0 |      0 |    0 |          0 |
|                     (i_lut6.i_lut6_addsub) |   integer_addsubc_addsub_v12_0_14_lut6_legacy_HD9838 |         64 |         64 |       0 |    0 |     0 |      0 |      0 |    0 |          0 |
|                     i_q.i_simple.qreg      |            integer_addsubc_reg_fd_v12_0_6_viv_HD9839 |          0 |          0 |       0 |    0 |    64 |      0 |      0 |    0 |          0 |
|   g_has_mem.glen_mem[21].blk_i             |                      uop_block_wrap__parameterized13 |         36 |         36 |       0 |    0 |   115 |      0 |      0 |    0 |          0 |
|     (g_has_mem.glen_mem[21].blk_i)         |                      uop_block_wrap__parameterized13 |          1 |          1 |       0 |    0 |    50 |      0 |      0 |    0 |          0 |
|     core                                   |                        uop_block__parameterized13_20 |         35 |         35 |       0 |    0 |    65 |      0 |      0 |    0 |          0 |
|       (core)                               |                        uop_block__parameterized13_20 |          3 |          3 |       0 |    0 |     1 |      0 |      0 |    0 |          0 |
|       g[0].g_normal.alu_i                  |                                      microop_unit__1 |         32 |         32 |       0 |    0 |    32 |      0 |      0 |    0 |          0 |
|       g[1].g_normal.alu_i                  |                     microop_unit__parameterized0__12 |          0 |          0 |       0 |    0 |    32 |      0 |      0 |    0 |          0 |
|   g_has_mem.glen_mem[22].blk_i             |                    uop_block_wrap__parameterized13_2 |         38 |         38 |       0 |    0 |   115 |      0 |      0 |    0 |          0 |
|     (g_has_mem.glen_mem[22].blk_i)         |                    uop_block_wrap__parameterized13_2 |          3 |          3 |       0 |    0 |    50 |      0 |      0 |    0 |          0 |
|     core                                   |                           uop_block__parameterized13 |         35 |         35 |       0 |    0 |    65 |      0 |      0 |    0 |          0 |
|       (core)                               |                           uop_block__parameterized13 |          3 |          3 |       0 |    0 |     1 |      0 |      0 |    0 |          0 |
|       g[0].g_normal.alu_i                  |                                      microop_unit__3 |         32 |         32 |       0 |    0 |    32 |      0 |      0 |    0 |          0 |
|       g[1].g_normal.alu_i                  |                     microop_unit__parameterized0__20 |          0 |          0 |       0 |    0 |    32 |      0 |      0 |    0 |          0 |
|   g_has_mem.glen_mem[23].blk_i             |                      uop_block_wrap__parameterized14 |         15 |         15 |       0 |    0 |   242 |      0 |      0 |    0 |          0 |
|     (g_has_mem.glen_mem[23].blk_i)         |                      uop_block_wrap__parameterized14 |          7 |          7 |       0 |    0 |    80 |      0 |      0 |    0 |          0 |
|     core                                   |                           uop_block__parameterized14 |          8 |          8 |       0 |    0 |   162 |      0 |      0 |    0 |          0 |
|       (core)                               |                           uop_block__parameterized14 |          8 |          8 |       0 |    0 |     2 |      0 |      0 |    0 |          0 |
|       g[0].g_normal.alu_i                  |                      microop_unit__parameterized5__2 |          0 |          0 |       0 |    0 |    64 |      0 |      0 |    0 |          0 |
|       g[1].g_normal.alu_i                  |                      microop_unit__parameterized0__2 |          0 |          0 |       0 |    0 |    32 |      0 |      0 |    0 |          0 |
|       g[2].g_normal.alu_i                  |                      microop_unit__parameterized5__3 |          0 |          0 |       0 |    0 |    64 |      0 |      0 |    0 |          0 |
|   g_has_mem.glen_mem[24].blk_i             |                     uop_block_wrap__parameterized5_3 |        220 |        220 |       0 |    0 |   303 |      0 |      0 |    0 |          3 |
|     (g_has_mem.glen_mem[24].blk_i)         |                     uop_block_wrap__parameterized5_3 |          3 |          3 |       0 |    0 |    50 |      0 |      0 |    0 |          0 |
|     core                                   |                            uop_block__parameterized5 |        217 |        217 |       0 |    0 |   253 |      0 |      0 |    0 |          3 |
|       (core)                               |                            uop_block__parameterized5 |         10 |         10 |       0 |    0 |     4 |      0 |      0 |    0 |          0 |
|       g[0].g_normal.alu_i                  |                      microop_unit__parameterized8__5 |         15 |         15 |       0 |    0 |    17 |      0 |      0 |    0 |          3 |
|       g[1].g_normal.alu_i                  |                      microop_unit__parameterized7__7 |         64 |         64 |       0 |    0 |    64 |      0 |      0 |    0 |          0 |
|       g[2].g_normal.alu_i                  |                     microop_unit__parameterized0__13 |          0 |          0 |       0 |    0 |    32 |      0 |      0 |    0 |          0 |
|       g[3].g_normal.alu_i                  |                     microop_unit__parameterized9__11 |         32 |         32 |       0 |    0 |    32 |      0 |      0 |    0 |          0 |
|       g[4].g_normal.alu_i                  |                      microop_unit__parameterized6__8 |          0 |          0 |       0 |    0 |     8 |      0 |      0 |    0 |          0 |
|       g[6].g_normal.alu_i                  |                     microop_unit__parameterized9__12 |         32 |         32 |       0 |    0 |    32 |      0 |      0 |    0 |          0 |
|       g[7].g_normal.alu_i                  |                     microop_unit__parameterized10__7 |         32 |         32 |       0 |    0 |    32 |      0 |      0 |    0 |          0 |
|       g[8].g_normal.alu_i                  |                     microop_unit__parameterized11__7 |         32 |         32 |       0 |    0 |    32 |      0 |      0 |    0 |          0 |
|   g_has_mem.glen_mem[25].blk_i             |                     uop_block_wrap__parameterized6_4 |        218 |        218 |       0 |    0 |   335 |      0 |      0 |    0 |          3 |
|     (g_has_mem.glen_mem[25].blk_i)         |                     uop_block_wrap__parameterized6_4 |          1 |          1 |       0 |    0 |    50 |      0 |      0 |    0 |          0 |
|     core                                   |                            uop_block__parameterized6 |        217 |        217 |       0 |    0 |   285 |      0 |      0 |    0 |          3 |
|       (core)                               |                            uop_block__parameterized6 |         10 |         10 |       0 |    0 |     4 |      0 |      0 |    0 |          0 |
|       g[0].g_normal.alu_i                  |                     microop_unit__parameterized0__14 |          0 |          0 |       0 |    0 |    32 |      0 |      0 |    0 |          0 |
|       g[1].g_normal.alu_i                  |                      microop_unit__parameterized7__8 |         64 |         64 |       0 |    0 |    64 |      0 |      0 |    0 |          0 |
|       g[2].g_normal.alu_i                  |                      microop_unit__parameterized8__6 |         15 |         15 |       0 |    0 |    17 |      0 |      0 |    0 |          3 |
|       g[3].g_normal.alu_i                  |                      microop_unit__parameterized6__9 |          0 |          0 |       0 |    0 |     8 |      0 |      0 |    0 |          0 |
|       g[4].g_normal.alu_i                  |                     microop_unit__parameterized9__13 |         32 |         32 |       0 |    0 |    32 |      0 |      0 |    0 |          0 |
|       g[6].g_normal.alu_i                  |                     microop_unit__parameterized9__14 |         32 |         32 |       0 |    0 |    32 |      0 |      0 |    0 |          0 |
|       g[7].g_normal.alu_i                  |                     microop_unit__parameterized0__15 |          0 |          0 |       0 |    0 |    32 |      0 |      0 |    0 |          0 |
|       g[8].g_normal.alu_i                  |                     microop_unit__parameterized10__8 |         32 |         32 |       0 |    0 |    32 |      0 |      0 |    0 |          0 |
|       g[9].g_normal.alu_i                  |                     microop_unit__parameterized11__8 |         32 |         32 |       0 |    0 |    32 |      0 |      0 |    0 |          0 |
|   g_has_mem.glen_mem[26].blk_i             |                     uop_block_wrap__parameterized7_5 |        218 |        218 |       0 |    0 |   362 |      0 |      0 |    0 |          3 |
|     (g_has_mem.glen_mem[26].blk_i)         |                     uop_block_wrap__parameterized7_5 |          1 |          1 |       0 |    0 |    77 |      0 |      0 |    0 |          0 |
|     core                                   |                         uop_block__parameterized7_19 |        217 |        217 |       0 |    0 |   285 |      0 |      0 |    0 |          3 |
|       (core)                               |                         uop_block__parameterized7_19 |         10 |         10 |       0 |    0 |     4 |      0 |      0 |    0 |          0 |
|       g[0].g_normal.alu_i                  |                     microop_unit__parameterized7__10 |         64 |         64 |       0 |    0 |    64 |      0 |      0 |    0 |          0 |
|       g[1].g_normal.alu_i                  |                     microop_unit__parameterized0__16 |          0 |          0 |       0 |    0 |    32 |      0 |      0 |    0 |          0 |
|       g[2].g_normal.alu_i                  |                     microop_unit__parameterized6__10 |          0 |          0 |       0 |    0 |     8 |      0 |      0 |    0 |          0 |
|       g[3].g_normal.alu_i                  |                      microop_unit__parameterized8__7 |         15 |         15 |       0 |    0 |    17 |      0 |      0 |    0 |          3 |
|       g[4].g_normal.alu_i                  |                     microop_unit__parameterized9__15 |         32 |         32 |       0 |    0 |    32 |      0 |      0 |    0 |          0 |
|       g[6].g_normal.alu_i                  |                     microop_unit__parameterized9__16 |         32 |         32 |       0 |    0 |    32 |      0 |      0 |    0 |          0 |
|       g[7].g_normal.alu_i                  |                     microop_unit__parameterized0__17 |          0 |          0 |       0 |    0 |    32 |      0 |      0 |    0 |          0 |
|       g[8].g_normal.alu_i                  |                    microop_unit__parameterized10__10 |         32 |         32 |       0 |    0 |    32 |      0 |      0 |    0 |          0 |
|       g[9].g_normal.alu_i                  |                    microop_unit__parameterized11__10 |         32 |         32 |       0 |    0 |    32 |      0 |      0 |    0 |          0 |
|   g_has_mem.glen_mem[27].blk_i             |                     uop_block_wrap__parameterized7_6 |        217 |        217 |       0 |    0 |   362 |      0 |      0 |    0 |          3 |
|     (g_has_mem.glen_mem[27].blk_i)         |                     uop_block_wrap__parameterized7_6 |          0 |          0 |       0 |    0 |    77 |      0 |      0 |    0 |          0 |
|     core                                   |                            uop_block__parameterized7 |        217 |        217 |       0 |    0 |   285 |      0 |      0 |    0 |          3 |
|       (core)                               |                            uop_block__parameterized7 |         10 |         10 |       0 |    0 |     4 |      0 |      0 |    0 |          0 |
|       g[0].g_normal.alu_i                  |                      microop_unit__parameterized7__9 |         64 |         64 |       0 |    0 |    64 |      0 |      0 |    0 |          0 |
|       g[1].g_normal.alu_i                  |                     microop_unit__parameterized0__22 |          0 |          0 |       0 |    0 |    32 |      0 |      0 |    0 |          0 |
|       g[2].g_normal.alu_i                  |                     microop_unit__parameterized6__11 |          0 |          0 |       0 |    0 |     8 |      0 |      0 |    0 |          0 |
|       g[3].g_normal.alu_i                  |                      microop_unit__parameterized8__9 |         15 |         15 |       0 |    0 |    17 |      0 |      0 |    0 |          3 |
|       g[4].g_normal.alu_i                  |                     microop_unit__parameterized9__18 |         32 |         32 |       0 |    0 |    32 |      0 |      0 |    0 |          0 |
|       g[6].g_normal.alu_i                  |                     microop_unit__parameterized9__17 |         32 |         32 |       0 |    0 |    32 |      0 |      0 |    0 |          0 |
|       g[7].g_normal.alu_i                  |                     microop_unit__parameterized0__21 |          0 |          0 |       0 |    0 |    32 |      0 |      0 |    0 |          0 |
|       g[8].g_normal.alu_i                  |                     microop_unit__parameterized10__9 |         32 |         32 |       0 |    0 |    32 |      0 |      0 |    0 |          0 |
|       g[9].g_normal.alu_i                  |                     microop_unit__parameterized11__9 |         32 |         32 |       0 |    0 |    32 |      0 |      0 |    0 |          0 |
|   g_has_mem.glen_mem[28].blk_i             |                     uop_block_wrap__parameterized8_7 |         57 |         57 |       0 |    0 |   254 |      0 |      0 |    0 |          3 |
|     (g_has_mem.glen_mem[28].blk_i)         |                     uop_block_wrap__parameterized8_7 |          1 |          1 |       0 |    0 |    74 |      0 |      0 |    0 |          0 |
|     core                                   |                            uop_block__parameterized8 |         56 |         56 |       0 |    0 |   180 |      0 |      0 |    0 |          3 |
|       (core)                               |                            uop_block__parameterized8 |          9 |          9 |       0 |    0 |     3 |      0 |      0 |    0 |          0 |
|       g[0].g_normal.alu_i                  |                     microop_unit__parameterized5__10 |          0 |          0 |       0 |    0 |    64 |      0 |      0 |    0 |          0 |
|       g[1].g_normal.alu_i                  |                     microop_unit__parameterized0__18 |          0 |          0 |       0 |    0 |    32 |      0 |      0 |    0 |          0 |
|       g[2].g_normal.alu_i                  |                      microop_unit__parameterized8__8 |         15 |         15 |       0 |    0 |    17 |      0 |      0 |    0 |          3 |
|       g[3].g_normal.alu_i                  |                     microop_unit__parameterized9__19 |         32 |         32 |       0 |    0 |    32 |      0 |      0 |    0 |          0 |
|       g[5].g_normal.alu_i                  |                     microop_unit__parameterized0__19 |          0 |          0 |       0 |    0 |    32 |      0 |      0 |    0 |          0 |
|   g_has_mem.glen_mem[29].blk_i             |                      uop_block_wrap__parameterized15 |        151 |        151 |       0 |    0 |   422 |      0 |      0 |    0 |          3 |
|     (g_has_mem.glen_mem[29].blk_i)         |                      uop_block_wrap__parameterized15 |          2 |          2 |       0 |    0 |    50 |      0 |      0 |    0 |          0 |
|     core                                   |                           uop_block__parameterized15 |        149 |        149 |       0 |    0 |   372 |      0 |      0 |    0 |          3 |
|       (core)                               |                           uop_block__parameterized15 |          6 |          6 |       0 |    0 |     3 |      0 |      0 |    0 |          0 |
|       g[0].g_normal.alu_i                  |                     microop_unit__parameterized0__23 |          0 |          0 |       0 |    0 |    32 |      0 |      0 |    0 |          0 |
|       g[1].g_normal.alu_i                  |                     microop_unit__parameterized16__1 |          0 |          0 |       0 |    0 |    32 |      0 |      0 |    0 |          0 |
|       g[2].g_normal.alu_i                  |                     microop_unit__parameterized8__10 |         15 |         15 |       0 |    0 |    17 |      0 |      0 |    0 |          3 |
|       g[3].g_normal.alu_i                  |                     microop_unit__parameterized16__2 |          0 |          0 |       0 |    0 |    32 |      0 |      0 |    0 |          0 |
|       g[4].g_normal.alu_i                  |             microop_unit__parameterized12__xdcDup__4 |         64 |         64 |       0 |    0 |   128 |      0 |      0 |    0 |          0 |
|         (g[4].g_normal.alu_i)              |             microop_unit__parameterized12__xdcDup__4 |          0 |          0 |       0 |    0 |    64 |      0 |      0 |    0 |          0 |
|         g_iadd.use_ip.u_addsub             |                                integer_addsub_HD9840 |         64 |         64 |       0 |    0 |    64 |      0 |      0 |    0 |          0 |
|           (g_iadd.use_ip.u_addsub)         |                                integer_addsub_HD9840 |          0 |          0 |       0 |    0 |     0 |      0 |      0 |    0 |          0 |
|           U0                               |               integer_addsubc_addsub_v12_0_14_HD9841 |         64 |         64 |       0 |    0 |    64 |      0 |      0 |    0 |          0 |
|             (U0)                           |               integer_addsubc_addsub_v12_0_14_HD9841 |          0 |          0 |       0 |    0 |     0 |      0 |      0 |    0 |          0 |
|             xst_addsub                     |           integer_addsubc_addsub_v12_0_14_viv_HD9842 |         64 |         64 |       0 |    0 |    64 |      0 |      0 |    0 |          0 |
|               (xst_addsub)                 |           integer_addsubc_addsub_v12_0_14_viv_HD9842 |          0 |          0 |       0 |    0 |     0 |      0 |      0 |    0 |          0 |
|               i_baseblox.i_baseblox_addsub |        integer_addsubc_addsub_v12_0_14_legacy_HD9843 |         64 |         64 |       0 |    0 |    64 |      0 |      0 |    0 |          0 |
|                 no_pipelining.the_addsub   | integer_addsubc_addsub_v12_0_14_fabric_legacy_HD9844 |         64 |         64 |       0 |    0 |    64 |      0 |      0 |    0 |          0 |
|                   i_lut6.i_lut6_addsub     |   integer_addsubc_addsub_v12_0_14_lut6_legacy_HD9845 |         64 |         64 |       0 |    0 |    64 |      0 |      0 |    0 |          0 |
|                     (i_lut6.i_lut6_addsub) |   integer_addsubc_addsub_v12_0_14_lut6_legacy_HD9845 |         64 |         64 |       0 |    0 |     0 |      0 |      0 |    0 |          0 |
|                     i_q.i_simple.qreg      |            integer_addsubc_reg_fd_v12_0_6_viv_HD9846 |          0 |          0 |       0 |    0 |    64 |      0 |      0 |    0 |          0 |
|       g[5].g_normal.alu_i                  |                        microop_unit__parameterized12 |         64 |         64 |       0 |    0 |   128 |      0 |      0 |    0 |          0 |
|         (g[5].g_normal.alu_i)              |                        microop_unit__parameterized12 |          0 |          0 |       0 |    0 |    64 |      0 |      0 |    0 |          0 |
|         g_iadd.use_ip.u_addsub             |                                integer_addsub_HD9847 |         64 |         64 |       0 |    0 |    64 |      0 |      0 |    0 |          0 |
|           (g_iadd.use_ip.u_addsub)         |                                integer_addsub_HD9847 |          0 |          0 |       0 |    0 |     0 |      0 |      0 |    0 |          0 |
|           U0                               |               integer_addsubc_addsub_v12_0_14_HD9848 |         64 |         64 |       0 |    0 |    64 |      0 |      0 |    0 |          0 |
|             (U0)                           |               integer_addsubc_addsub_v12_0_14_HD9848 |          0 |          0 |       0 |    0 |     0 |      0 |      0 |    0 |          0 |
|             xst_addsub                     |           integer_addsubc_addsub_v12_0_14_viv_HD9849 |         64 |         64 |       0 |    0 |    64 |      0 |      0 |    0 |          0 |
|               (xst_addsub)                 |           integer_addsubc_addsub_v12_0_14_viv_HD9849 |          0 |          0 |       0 |    0 |     0 |      0 |      0 |    0 |          0 |
|               i_baseblox.i_baseblox_addsub |        integer_addsubc_addsub_v12_0_14_legacy_HD9850 |         64 |         64 |       0 |    0 |    64 |      0 |      0 |    0 |          0 |
|                 no_pipelining.the_addsub   | integer_addsubc_addsub_v12_0_14_fabric_legacy_HD9851 |         64 |         64 |       0 |    0 |    64 |      0 |      0 |    0 |          0 |
|                   i_lut6.i_lut6_addsub     |   integer_addsubc_addsub_v12_0_14_lut6_legacy_HD9852 |         64 |         64 |       0 |    0 |    64 |      0 |      0 |    0 |          0 |
|                     (i_lut6.i_lut6_addsub) |   integer_addsubc_addsub_v12_0_14_lut6_legacy_HD9852 |         64 |         64 |       0 |    0 |     0 |      0 |      0 |    0 |          0 |
|                     i_q.i_simple.qreg      |            integer_addsubc_reg_fd_v12_0_6_viv_HD9853 |          0 |          0 |       0 |    0 |    64 |      0 |      0 |    0 |          0 |
|   g_has_mem.glen_mem[2].blk_i              |                       uop_block_wrap__parameterized1 |        111 |        111 |       0 |    0 |   197 |      0 |      0 |    0 |          0 |
|     (g_has_mem.glen_mem[2].blk_i)          |                       uop_block_wrap__parameterized1 |          0 |          0 |       0 |    0 |    37 |      0 |      0 |    0 |          0 |
|     core                                   |                            uop_block__parameterized1 |        111 |        111 |       0 |    0 |   160 |      0 |      0 |    0 |          0 |
|       (core)                               |                            uop_block__parameterized1 |          0 |          0 |       0 |    0 |     0 |      0 |      0 |    0 |          0 |
|       g[0].g_normal.alu_i                  |                                      microop_unit__9 |         32 |         32 |       0 |    0 |    32 |      0 |      0 |    0 |          0 |
|       g[2].g_normal.alu_i                  |                     microop_unit__parameterized0__32 |          0 |          0 |       0 |    0 |    32 |      0 |      0 |    0 |          0 |
|       g[3].g_normal.alu_i                  |                      microop_unit__parameterized1__4 |         32 |         32 |       0 |    0 |    32 |      0 |      0 |    0 |          0 |
|       g[4].g_normal.alu_i                  |                      microop_unit__parameterized2__4 |         31 |         31 |       0 |    0 |    32 |      0 |      0 |    0 |          0 |
|       g[6].g_normal.alu_i                  |                         microop_unit__parameterized4 |         16 |         16 |       0 |    0 |    32 |      0 |      0 |    0 |          0 |
|   g_has_mem.glen_mem[30].blk_i             |                      uop_block_wrap__parameterized16 |         32 |         32 |       0 |    0 |   102 |      0 |      0 |    0 |          0 |
|     (g_has_mem.glen_mem[30].blk_i)         |                      uop_block_wrap__parameterized16 |          0 |          0 |       0 |    0 |    38 |      0 |      0 |    0 |          0 |
|     core                                   |                           uop_block__parameterized16 |         32 |         32 |       0 |    0 |    64 |      0 |      0 |    0 |          0 |
|       (core)                               |                           uop_block__parameterized16 |          0 |          0 |       0 |    0 |     0 |      0 |      0 |    0 |          0 |
|       g[0].g_normal.alu_i                  |                                      microop_unit__2 |         32 |         32 |       0 |    0 |    32 |      0 |      0 |    0 |          0 |
|       g[1].g_normal.alu_i                  |                     microop_unit__parameterized16__3 |          0 |          0 |       0 |    0 |    32 |      0 |      0 |    0 |          0 |
|   g_has_mem.glen_mem[31].blk_i             |                      uop_block_wrap__parameterized17 |         37 |         37 |       0 |    0 |   124 |      0 |      0 |    0 |          0 |
|     (g_has_mem.glen_mem[31].blk_i)         |                      uop_block_wrap__parameterized17 |          0 |          0 |       0 |    0 |    50 |      0 |      0 |    0 |          0 |
|     core                                   |                           uop_block__parameterized17 |         37 |         37 |       0 |    0 |    74 |      0 |      0 |    0 |          0 |
|       (core)                               |                           uop_block__parameterized17 |          5 |          5 |       0 |    0 |     2 |      0 |      0 |    0 |          0 |
|       g[0].g_normal.alu_i                  |                                      microop_unit__4 |         32 |         32 |       0 |    0 |    32 |      0 |      0 |    0 |          0 |
|       g[1].g_normal.alu_i                  |                     microop_unit__parameterized16__4 |          0 |          0 |       0 |    0 |    32 |      0 |      0 |    0 |          0 |
|       g[2].g_normal.alu_i                  |                     microop_unit__parameterized6__12 |          0 |          0 |       0 |    0 |     8 |      0 |      0 |    0 |          0 |
|   g_has_mem.glen_mem[32].blk_i             |                      uop_block_wrap__parameterized18 |        855 |        855 |       0 |    0 |  1256 |      0 |      0 |    0 |          0 |
|     (g_has_mem.glen_mem[32].blk_i)         |                      uop_block_wrap__parameterized18 |          3 |          3 |       0 |    0 |    74 |      0 |      0 |    0 |          0 |
|     core                                   |                           uop_block__parameterized18 |        852 |        852 |       0 |    0 |  1182 |      0 |      0 |    0 |          0 |
|       (core)                               |                           uop_block__parameterized18 |         19 |         19 |       0 |    0 |     6 |      0 |      0 |    0 |          0 |
|       g[0].g_normal.alu_i                  |                     microop_unit__parameterized7__11 |         64 |         64 |       0 |    0 |    64 |      0 |      0 |    0 |          0 |
|       g[10].g_normal.alu_i                 |                     microop_unit__parameterized16__6 |          0 |          0 |       0 |    0 |    32 |      0 |      0 |    0 |          0 |
|       g[11].g_normal.alu_i                 |                     microop_unit__parameterized6__16 |          0 |          0 |       0 |    0 |     8 |      0 |      0 |    0 |          0 |
|       g[12].g_normal.alu_i                 |                     microop_unit__parameterized6__17 |          0 |          0 |       0 |    0 |     8 |      0 |      0 |    0 |          0 |
|       g[13].g_normal.alu_i                 |                     microop_unit__parameterized0__24 |          0 |          0 |       0 |    0 |    32 |      0 |      0 |    0 |          0 |
|       g[14].g_normal.alu_i                 |                     microop_unit__parameterized9__22 |         32 |         32 |       0 |    0 |    32 |      0 |      0 |    0 |          0 |
|       g[15].g_normal.alu_i                 |                     microop_unit__parameterized16__7 |          0 |          0 |       0 |    0 |    32 |      0 |      0 |    0 |          0 |
|       g[16].g_normal.alu_i                 |                     microop_unit__parameterized9__23 |         32 |         32 |       0 |    0 |    32 |      0 |      0 |    0 |          0 |
|       g[17].g_normal.alu_i                 |                                      microop_unit__7 |         32 |         32 |       0 |    0 |    32 |      0 |      0 |    0 |          0 |
|       g[18].g_normal.alu_i                 |                        microop_unit__parameterized16 |          0 |          0 |       0 |    0 |    32 |      0 |      0 |    0 |          0 |
|       g[19].g_normal.alu_i                 |                     microop_unit__parameterized6__18 |          0 |          0 |       0 |    0 |     8 |      0 |      0 |    0 |          0 |
|       g[1].g_normal.alu_i                  |                                      microop_unit__5 |         32 |         32 |       0 |    0 |    32 |      0 |      0 |    0 |          0 |
|       g[20].g_normal.alu_i                 |                     microop_unit__parameterized6__19 |          0 |          0 |       0 |    0 |     8 |      0 |      0 |    0 |          0 |
|       g[22].g_normal.alu_i                 |                        microop_unit__parameterized17 |          1 |          1 |       0 |    0 |    32 |      0 |      0 |    0 |          0 |
|       g[23].g_normal.alu_i                 |                     microop_unit__parameterized0__25 |          0 |          0 |       0 |    0 |    32 |      0 |      0 |    0 |          0 |
|       g[24].g_normal.alu_i                 |                     microop_unit__parameterized9__24 |         32 |         32 |       0 |    0 |    32 |      0 |      0 |    0 |          0 |
|       g[25].g_normal.alu_i                 |                     microop_unit__parameterized9__25 |         32 |         32 |       0 |    0 |    32 |      0 |      0 |    0 |          0 |
|       g[26].g_normal.alu_i                 |                     microop_unit__parameterized9__26 |         32 |         32 |       0 |    0 |    32 |      0 |      0 |    0 |          0 |
|       g[28].g_normal.alu_i                 |                     microop_unit__parameterized9__27 |         32 |         32 |       0 |    0 |    32 |      0 |      0 |    0 |          0 |
|       g[29].g_normal.alu_i                 |                    microop_unit__parameterized10__11 |         32 |         32 |       0 |    0 |    32 |      0 |      0 |    0 |          0 |
|       g[2].g_normal.alu_i                  |                     microop_unit__parameterized7__12 |         64 |         64 |       0 |    0 |    64 |      0 |      0 |    0 |          0 |
|       g[30].g_normal.alu_i                 |                    microop_unit__parameterized11__11 |         32 |         32 |       0 |    0 |    32 |      0 |      0 |    0 |          0 |
|       g[31].g_normal.alu_i                 |                     microop_unit__parameterized0__26 |          0 |          0 |       0 |    0 |    32 |      0 |      0 |    0 |          0 |
|       g[32].g_normal.alu_i                 |                     microop_unit__parameterized9__28 |         32 |         32 |       0 |    0 |    32 |      0 |      0 |    0 |          0 |
|       g[34].g_normal.alu_i                 |                     microop_unit__parameterized0__27 |          0 |          0 |       0 |    0 |    32 |      0 |      0 |    0 |          0 |
|       g[35].g_normal.alu_i                 |                     microop_unit__parameterized9__29 |         32 |         32 |       0 |    0 |    32 |      0 |      0 |    0 |          0 |
|       g[36].g_normal.alu_i                 |                    microop_unit__parameterized10__12 |         32 |         32 |       0 |    0 |    32 |      0 |      0 |    0 |          0 |
|       g[37].g_normal.alu_i                 |                    microop_unit__parameterized11__12 |         32 |         32 |       0 |    0 |    32 |      0 |      0 |    0 |          0 |
|       g[39].g_normal.alu_i                 |                     microop_unit__parameterized9__30 |         32 |         32 |       0 |    0 |    32 |      0 |      0 |    0 |          0 |
|       g[3].g_normal.alu_i                  |                     microop_unit__parameterized6__13 |          0 |          0 |       0 |    0 |     8 |      0 |      0 |    0 |          0 |
|       g[40].g_normal.alu_i                 |                    microop_unit__parameterized10__13 |         32 |         32 |       0 |    0 |    32 |      0 |      0 |    0 |          0 |
|       g[41].g_normal.alu_i                 |                    microop_unit__parameterized11__13 |         32 |         32 |       0 |    0 |    32 |      0 |      0 |    0 |          0 |
|       g[42].g_normal.alu_i                 |                    microop_unit__parameterized10__14 |         32 |         32 |       0 |    0 |    32 |      0 |      0 |    0 |          0 |
|       g[43].g_normal.alu_i                 |                    microop_unit__parameterized11__14 |         32 |         32 |       0 |    0 |    32 |      0 |      0 |    0 |          0 |
|       g[4].g_normal.alu_i                  |                     microop_unit__parameterized16__5 |          0 |          0 |       0 |    0 |    32 |      0 |      0 |    0 |          0 |
|       g[5].g_normal.alu_i                  |                     microop_unit__parameterized6__14 |          0 |          0 |       0 |    0 |     8 |      0 |      0 |    0 |          0 |
|       g[6].g_normal.alu_i                  |                     microop_unit__parameterized6__15 |          0 |          0 |       0 |    0 |     8 |      0 |      0 |    0 |          0 |
|       g[7].g_normal.alu_i                  |                     microop_unit__parameterized9__20 |         32 |         32 |       0 |    0 |    32 |      0 |      0 |    0 |          0 |
|       g[8].g_normal.alu_i                  |                                      microop_unit__6 |         32 |         32 |       0 |    0 |    32 |      0 |      0 |    0 |          0 |
|       g[9].g_normal.alu_i                  |                     microop_unit__parameterized9__21 |         32 |         32 |       0 |    0 |    32 |      0 |      0 |    0 |          0 |
|   g_has_mem.glen_mem[33].blk_i             |                      uop_block_wrap__parameterized19 |         72 |         72 |       0 |    0 |   147 |      0 |      0 |    0 |          0 |
|     (g_has_mem.glen_mem[33].blk_i)         |                      uop_block_wrap__parameterized19 |          6 |          6 |       0 |    0 |    74 |      0 |      0 |    0 |          0 |
|     core                                   |                        uop_block__parameterized19_18 |         66 |         66 |       0 |    0 |    73 |      0 |      0 |    0 |          0 |
|       (core)                               |                        uop_block__parameterized19_18 |          2 |          2 |       0 |    0 |     1 |      0 |      0 |    0 |          0 |
|       g[0].g_normal.alu_i                  |                      microop_unit__parameterized7__1 |         64 |         64 |       0 |    0 |    64 |      0 |      0 |    0 |          0 |
|       g[1].g_normal.alu_i                  |                      microop_unit__parameterized6__2 |          0 |          0 |       0 |    0 |     8 |      0 |      0 |    0 |          0 |
|   g_has_mem.glen_mem[34].blk_i             |                    uop_block_wrap__parameterized19_8 |         69 |         69 |       0 |    0 |   153 |      0 |      0 |    0 |          0 |
|     (g_has_mem.glen_mem[34].blk_i)         |                    uop_block_wrap__parameterized19_8 |          3 |          3 |       0 |    0 |    80 |      0 |      0 |    0 |          0 |
|     core                                   |                           uop_block__parameterized19 |         66 |         66 |       0 |    0 |    73 |      0 |      0 |    0 |          0 |
|       (core)                               |                           uop_block__parameterized19 |          2 |          2 |       0 |    0 |     1 |      0 |      0 |    0 |          0 |
|       g[0].g_normal.alu_i                  |                     microop_unit__parameterized7__13 |         64 |         64 |       0 |    0 |    64 |      0 |      0 |    0 |          0 |
|       g[1].g_normal.alu_i                  |                     microop_unit__parameterized6__20 |          0 |          0 |       0 |    0 |     8 |      0 |      0 |    0 |          0 |
|   g_has_mem.glen_mem[35].blk_i             |                      uop_block_wrap__parameterized20 |        133 |        133 |       0 |    0 |   234 |      0 |      0 |    0 |          3 |
|     (g_has_mem.glen_mem[35].blk_i)         |                      uop_block_wrap__parameterized20 |          1 |          1 |       0 |    0 |    46 |      0 |      0 |    0 |          0 |
|     core                                   |                        uop_block__parameterized20_17 |        132 |        132 |       0 |    0 |   188 |      0 |      0 |    0 |          3 |
|       (core)                               |                        uop_block__parameterized20_17 |          6 |          6 |       0 |    0 |     3 |      0 |      0 |    0 |          0 |
|       g[0].g_normal.alu_i                  |                     microop_unit__parameterized6__22 |          0 |          0 |       0 |    0 |     8 |      0 |      0 |    0 |          0 |
|       g[1].g_normal.alu_i                  |                     microop_unit__parameterized8__12 |         15 |         15 |       0 |    0 |    17 |      0 |      0 |    0 |          3 |
|       g[2].g_normal.alu_i                  |                     microop_unit__parameterized9__32 |         32 |         32 |       0 |    0 |    32 |      0 |      0 |    0 |          0 |
|       g[3].g_normal.alu_i                  |                     microop_unit__parameterized0__29 |          0 |          0 |       0 |    0 |    32 |      0 |      0 |    0 |          0 |
|       g[4].g_normal.alu_i                  |                      microop_unit__parameterized1__2 |         32 |         32 |       0 |    0 |    32 |      0 |      0 |    0 |          0 |
|       g[5].g_normal.alu_i                  |                      microop_unit__parameterized2__2 |         31 |         31 |       0 |    0 |    32 |      0 |      0 |    0 |          0 |
|       g[7].g_normal.alu_i                  |                      microop_unit__parameterized4__2 |         16 |         16 |       0 |    0 |    32 |      0 |      0 |    0 |          0 |
|   g_has_mem.glen_mem[36].blk_i             |                    uop_block_wrap__parameterized20_9 |        137 |        137 |       0 |    0 |   234 |      0 |      0 |    0 |          3 |
|     (g_has_mem.glen_mem[36].blk_i)         |                    uop_block_wrap__parameterized20_9 |          3 |          3 |       0 |    0 |    46 |      0 |      0 |    0 |          0 |
|     core                                   |                           uop_block__parameterized20 |        134 |        134 |       0 |    0 |   188 |      0 |      0 |    0 |          3 |
|       (core)                               |                           uop_block__parameterized20 |          8 |          8 |       0 |    0 |     3 |      0 |      0 |    0 |          0 |
|       g[0].g_normal.alu_i                  |                     microop_unit__parameterized6__21 |          0 |          0 |       0 |    0 |     8 |      0 |      0 |    0 |          0 |
|       g[1].g_normal.alu_i                  |                     microop_unit__parameterized8__11 |         15 |         15 |       0 |    0 |    17 |      0 |      0 |    0 |          3 |
|       g[2].g_normal.alu_i                  |                     microop_unit__parameterized9__31 |         32 |         32 |       0 |    0 |    32 |      0 |      0 |    0 |          0 |
|       g[3].g_normal.alu_i                  |                     microop_unit__parameterized0__28 |          0 |          0 |       0 |    0 |    32 |      0 |      0 |    0 |          0 |
|       g[4].g_normal.alu_i                  |                      microop_unit__parameterized1__1 |         32 |         32 |       0 |    0 |    32 |      0 |      0 |    0 |          0 |
|       g[5].g_normal.alu_i                  |                      microop_unit__parameterized2__1 |         31 |         31 |       0 |    0 |    32 |      0 |      0 |    0 |          0 |
|       g[7].g_normal.alu_i                  |                      microop_unit__parameterized4__1 |         16 |         16 |       0 |    0 |    32 |      0 |      0 |    0 |          0 |
|   g_has_mem.glen_mem[3].blk_i              |                    uop_block_wrap__parameterized0_10 |         79 |         79 |       0 |    0 |   197 |      0 |      0 |    0 |          0 |
|     (g_has_mem.glen_mem[3].blk_i)          |                    uop_block_wrap__parameterized0_10 |          0 |          0 |       0 |    0 |    37 |      0 |      0 |    0 |          0 |
|     core                                   |                            uop_block__parameterized0 |         79 |         79 |       0 |    0 |   160 |      0 |      0 |    0 |          0 |
|       (core)                               |                            uop_block__parameterized0 |          0 |          0 |       0 |    0 |     0 |      0 |      0 |    0 |          0 |
|       g[0].g_normal.alu_i                  |                     microop_unit__parameterized0__36 |          0 |          0 |       0 |    0 |    32 |      0 |      0 |    0 |          0 |
|       g[2].g_normal.alu_i                  |                     microop_unit__parameterized0__35 |          0 |          0 |       0 |    0 |    32 |      0 |      0 |    0 |          0 |
|       g[3].g_normal.alu_i                  |                      microop_unit__parameterized1__5 |         32 |         32 |       0 |    0 |    32 |      0 |      0 |    0 |          0 |
|       g[4].g_normal.alu_i                  |                      microop_unit__parameterized2__5 |         31 |         31 |       0 |    0 |    32 |      0 |      0 |    0 |          0 |
|       g[6].g_normal.alu_i                  |                      microop_unit__parameterized3__2 |         16 |         16 |       0 |    0 |    32 |      0 |      0 |    0 |          0 |
|   g_has_mem.glen_mem[4].blk_i              |                       uop_block_wrap__parameterized2 |        111 |        111 |       0 |    0 |   197 |      0 |      0 |    0 |          0 |
|     (g_has_mem.glen_mem[4].blk_i)          |                       uop_block_wrap__parameterized2 |          0 |          0 |       0 |    0 |    37 |      0 |      0 |    0 |          0 |
|     core                                   |                         uop_block__parameterized2_16 |        111 |        111 |       0 |    0 |   160 |      0 |      0 |    0 |          0 |
|       (core)                               |                         uop_block__parameterized2_16 |          0 |          0 |       0 |    0 |     0 |      0 |      0 |    0 |          0 |
|       g[0].g_normal.alu_i                  |                                         microop_unit |         32 |         32 |       0 |    0 |    32 |      0 |      0 |    0 |          0 |
|       g[2].g_normal.alu_i                  |                     microop_unit__parameterized0__33 |          0 |          0 |       0 |    0 |    32 |      0 |      0 |    0 |          0 |
|       g[3].g_normal.alu_i                  |                         microop_unit__parameterized1 |         32 |         32 |       0 |    0 |    32 |      0 |      0 |    0 |          0 |
|       g[4].g_normal.alu_i                  |                         microop_unit__parameterized2 |         31 |         31 |       0 |    0 |    32 |      0 |      0 |    0 |          0 |
|       g[6].g_normal.alu_i                  |                         microop_unit__parameterized3 |         16 |         16 |       0 |    0 |    32 |      0 |      0 |    0 |          0 |
|   g_has_mem.glen_mem[5].blk_i              |                    uop_block_wrap__parameterized2_11 |        111 |        111 |       0 |    0 |   197 |      0 |      0 |    0 |          0 |
|     (g_has_mem.glen_mem[5].blk_i)          |                    uop_block_wrap__parameterized2_11 |          0 |          0 |       0 |    0 |    37 |      0 |      0 |    0 |          0 |
|     core                                   |                         uop_block__parameterized2_15 |        111 |        111 |       0 |    0 |   160 |      0 |      0 |    0 |          0 |
|       (core)                               |                         uop_block__parameterized2_15 |          0 |          0 |       0 |    0 |     0 |      0 |      0 |    0 |          0 |
|       g[0].g_normal.alu_i                  |                                     microop_unit__12 |         32 |         32 |       0 |    0 |    32 |      0 |      0 |    0 |          0 |
|       g[2].g_normal.alu_i                  |                     microop_unit__parameterized0__38 |          0 |          0 |       0 |    0 |    32 |      0 |      0 |    0 |          0 |
|       g[3].g_normal.alu_i                  |                      microop_unit__parameterized1__7 |         32 |         32 |       0 |    0 |    32 |      0 |      0 |    0 |          0 |
|       g[4].g_normal.alu_i                  |                      microop_unit__parameterized2__7 |         31 |         31 |       0 |    0 |    32 |      0 |      0 |    0 |          0 |
|       g[6].g_normal.alu_i                  |                      microop_unit__parameterized3__4 |         16 |         16 |       0 |    0 |    32 |      0 |      0 |    0 |          0 |
|   g_has_mem.glen_mem[6].blk_i              |                    uop_block_wrap__parameterized2_12 |        111 |        111 |       0 |    0 |   197 |      0 |      0 |    0 |          0 |
|     (g_has_mem.glen_mem[6].blk_i)          |                    uop_block_wrap__parameterized2_12 |          0 |          0 |       0 |    0 |    37 |      0 |      0 |    0 |          0 |
|     core                                   |                            uop_block__parameterized2 |        111 |        111 |       0 |    0 |   160 |      0 |      0 |    0 |          0 |
|       (core)                               |                            uop_block__parameterized2 |          0 |          0 |       0 |    0 |     0 |      0 |      0 |    0 |          0 |
|       g[0].g_normal.alu_i                  |                                     microop_unit__11 |         32 |         32 |       0 |    0 |    32 |      0 |      0 |    0 |          0 |
|       g[2].g_normal.alu_i                  |                     microop_unit__parameterized0__37 |          0 |          0 |       0 |    0 |    32 |      0 |      0 |    0 |          0 |
|       g[3].g_normal.alu_i                  |                      microop_unit__parameterized1__6 |         32 |         32 |       0 |    0 |    32 |      0 |      0 |    0 |          0 |
|       g[4].g_normal.alu_i                  |                      microop_unit__parameterized2__6 |         31 |         31 |       0 |    0 |    32 |      0 |      0 |    0 |          0 |
|       g[6].g_normal.alu_i                  |                      microop_unit__parameterized3__3 |         16 |         16 |       0 |    0 |    32 |      0 |      0 |    0 |          0 |
|   g_has_mem.glen_mem[7].blk_i              |                       uop_block_wrap__parameterized3 |         11 |         11 |       0 |    0 |   281 |      0 |      0 |    0 |          0 |
|     (g_has_mem.glen_mem[7].blk_i)          |                       uop_block_wrap__parameterized3 |          7 |          7 |       0 |    0 |    79 |      0 |      0 |    0 |          0 |
|     core                                   |                            uop_block__parameterized3 |          4 |          4 |       0 |    0 |   202 |      0 |      0 |    0 |          0 |
|       (core)                               |                            uop_block__parameterized3 |          4 |          4 |       0 |    0 |     2 |      0 |      0 |    0 |          0 |
|       g[0].g_normal.alu_i                  |                     microop_unit__parameterized5__11 |          0 |          0 |       0 |    0 |    64 |      0 |      0 |    0 |          0 |
|       g[1].g_normal.alu_i                  |                     microop_unit__parameterized5__12 |          0 |          0 |       0 |    0 |    64 |      0 |      0 |    0 |          0 |
|       g[2].g_normal.alu_i                  |                     microop_unit__parameterized5__13 |          0 |          0 |       0 |    0 |    64 |      0 |      0 |    0 |          0 |
|       g[3].g_normal.alu_i                  |                     microop_unit__parameterized6__23 |          0 |          0 |       0 |    0 |     8 |      0 |      0 |    0 |          0 |
|   g_has_mem.glen_mem[8].blk_i              |                       uop_block_wrap__parameterized4 |         68 |         68 |       0 |    0 |   206 |      0 |      0 |    0 |          0 |
|     (g_has_mem.glen_mem[8].blk_i)          |                       uop_block_wrap__parameterized4 |          1 |          1 |       0 |    0 |    77 |      0 |      0 |    0 |          0 |
|     core                                   |                         uop_block__parameterized4_14 |         67 |         67 |       0 |    0 |   129 |      0 |      0 |    0 |          0 |
|       (core)                               |                         uop_block__parameterized4_14 |          3 |          3 |       0 |    0 |     1 |      0 |      0 |    0 |          0 |
|       g[0].g_normal.alu_i                  |                      microop_unit__parameterized7__5 |         64 |         64 |       0 |    0 |    64 |      0 |      0 |    0 |          0 |
|       g[1].g_normal.alu_i                  |                      microop_unit__parameterized5__7 |          0 |          0 |       0 |    0 |    64 |      0 |      0 |    0 |          0 |
|   g_has_mem.glen_mem[9].blk_i              |                    uop_block_wrap__parameterized4_13 |         68 |         68 |       0 |    0 |   203 |      0 |      0 |    0 |          0 |
|     (g_has_mem.glen_mem[9].blk_i)          |                    uop_block_wrap__parameterized4_13 |          1 |          1 |       0 |    0 |    74 |      0 |      0 |    0 |          0 |
|     core                                   |                            uop_block__parameterized4 |         67 |         67 |       0 |    0 |   129 |      0 |      0 |    0 |          0 |
|       (core)                               |                            uop_block__parameterized4 |          3 |          3 |       0 |    0 |     1 |      0 |      0 |    0 |          0 |
|       g[0].g_normal.alu_i                  |                      microop_unit__parameterized7__6 |         64 |         64 |       0 |    0 |    64 |      0 |      0 |    0 |          0 |
|       g[1].g_normal.alu_i                  |                      microop_unit__parameterized5__8 |          0 |          0 |       0 |    0 |    64 |      0 |      0 |    0 |          0 |
|   g_has_mem.u_pool                         |                                             spm_pool |       1599 |       1599 |       0 |    0 |  1653 |      8 |      0 |    0 |          0 |
|     (g_has_mem.u_pool)                     |                                             spm_pool |       1407 |       1407 |       0 |    0 |  1589 |      0 |      0 |    0 |          0 |
|     g_banks.gb[0].u_bank64                 |                                          spm_bank__1 |          5 |          5 |       0 |    0 |     2 |      1 |      0 |    0 |          0 |
|       (g_banks.gb[0].u_bank64)             |                                          spm_bank__1 |          1 |          1 |       0 |    0 |     2 |      0 |      0 |    0 |          0 |
|       u_mem                                |                                 xpm_memory_sdpram_34 |          4 |          4 |       0 |    0 |     0 |      1 |      0 |    0 |          0 |
|         (u_mem)                            |                                 xpm_memory_sdpram_34 |          4 |          4 |       0 |    0 |     0 |      0 |      0 |    0 |          0 |
|         xpm_memory_base_inst               |                                   xpm_memory_base__1 |          0 |          0 |       0 |    0 |     0 |      1 |      0 |    0 |          0 |
|     g_banks.gb[1].u_bank64                 |                                          spm_bank__2 |          5 |          5 |       0 |    0 |     2 |      1 |      0 |    0 |          0 |
|       (g_banks.gb[1].u_bank64)             |                                          spm_bank__2 |          1 |          1 |       0 |    0 |     2 |      0 |      0 |    0 |          0 |
|       u_mem                                |                                 xpm_memory_sdpram_33 |          4 |          4 |       0 |    0 |     0 |      1 |      0 |    0 |          0 |
|         (u_mem)                            |                                 xpm_memory_sdpram_33 |          4 |          4 |       0 |    0 |     0 |      0 |      0 |    0 |          0 |
|         xpm_memory_base_inst               |                                   xpm_memory_base__2 |          0 |          0 |       0 |    0 |     0 |      1 |      0 |    0 |          0 |
|     g_banks.gb[2].u_bank64                 |                                          spm_bank__3 |          5 |          5 |       0 |    0 |     2 |      1 |      0 |    0 |          0 |
|       (g_banks.gb[2].u_bank64)             |                                          spm_bank__3 |          1 |          1 |       0 |    0 |     2 |      0 |      0 |    0 |          0 |
|       u_mem                                |                                 xpm_memory_sdpram_32 |          4 |          4 |       0 |    0 |     0 |      1 |      0 |    0 |          0 |
|         (u_mem)                            |                                 xpm_memory_sdpram_32 |          4 |          4 |       0 |    0 |     0 |      0 |      0 |    0 |          0 |
|         xpm_memory_base_inst               |                                   xpm_memory_base__3 |          0 |          0 |       0 |    0 |     0 |      1 |      0 |    0 |          0 |
|     g_banks.gb[3].u_bank64                 |                                          spm_bank__4 |          5 |          5 |       0 |    0 |     2 |      1 |      0 |    0 |          0 |
|       (g_banks.gb[3].u_bank64)             |                                          spm_bank__4 |          1 |          1 |       0 |    0 |     2 |      0 |      0 |    0 |          0 |
|       u_mem                                |                                 xpm_memory_sdpram_31 |          4 |          4 |       0 |    0 |     0 |      1 |      0 |    0 |          0 |
|         (u_mem)                            |                                 xpm_memory_sdpram_31 |          4 |          4 |       0 |    0 |     0 |      0 |      0 |    0 |          0 |
|         xpm_memory_base_inst               |                                   xpm_memory_base__4 |          0 |          0 |       0 |    0 |     0 |      1 |      0 |    0 |          0 |
|     g_banks.gb[4].u_bank64                 |                                          spm_bank__5 |          5 |          5 |       0 |    0 |     2 |      1 |      0 |    0 |          0 |
|       (g_banks.gb[4].u_bank64)             |                                          spm_bank__5 |          1 |          1 |       0 |    0 |     2 |      0 |      0 |    0 |          0 |
|       u_mem                                |                                 xpm_memory_sdpram_30 |          4 |          4 |       0 |    0 |     0 |      1 |      0 |    0 |          0 |
|         (u_mem)                            |                                 xpm_memory_sdpram_30 |          4 |          4 |       0 |    0 |     0 |      0 |      0 |    0 |          0 |
|         xpm_memory_base_inst               |                                   xpm_memory_base__5 |          0 |          0 |       0 |    0 |     0 |      1 |      0 |    0 |          0 |
|     g_banks.gb[5].u_bank64                 |                                          spm_bank__6 |          5 |          5 |       0 |    0 |     2 |      1 |      0 |    0 |          0 |
|       (g_banks.gb[5].u_bank64)             |                                          spm_bank__6 |          1 |          1 |       0 |    0 |     2 |      0 |      0 |    0 |          0 |
|       u_mem                                |                                 xpm_memory_sdpram_29 |          4 |          4 |       0 |    0 |     0 |      1 |      0 |    0 |          0 |
|         (u_mem)                            |                                 xpm_memory_sdpram_29 |          4 |          4 |       0 |    0 |     0 |      0 |      0 |    0 |          0 |
|         xpm_memory_base_inst               |                                   xpm_memory_base__6 |          0 |          0 |       0 |    0 |     0 |      1 |      0 |    0 |          0 |
|     g_banks.gb[6].u_bank64                 |                                          spm_bank__7 |          5 |          5 |       0 |    0 |     2 |      1 |      0 |    0 |          0 |
|       (g_banks.gb[6].u_bank64)             |                                          spm_bank__7 |          1 |          1 |       0 |    0 |     2 |      0 |      0 |    0 |          0 |
|       u_mem                                |                                 xpm_memory_sdpram_28 |          4 |          4 |       0 |    0 |     0 |      1 |      0 |    0 |          0 |
|         (u_mem)                            |                                 xpm_memory_sdpram_28 |          4 |          4 |       0 |    0 |     0 |      0 |      0 |    0 |          0 |
|         xpm_memory_base_inst               |                                   xpm_memory_base__7 |          0 |          0 |       0 |    0 |     0 |      1 |      0 |    0 |          0 |
|     g_banks.gb[7].u_bank64                 |                                             spm_bank |          5 |          5 |       0 |    0 |     2 |      1 |      0 |    0 |          0 |
|       (g_banks.gb[7].u_bank64)             |                                             spm_bank |          1 |          1 |       0 |    0 |     2 |      0 |      0 |    0 |          0 |
|       u_mem                                |                                    xpm_memory_sdpram |          4 |          4 |       0 |    0 |     0 |      1 |      0 |    0 |          0 |
|         (u_mem)                            |                                    xpm_memory_sdpram |          4 |          4 |       0 |    0 |     0 |      0 |      0 |    0 |          0 |
|         xpm_memory_base_inst               |                                      xpm_memory_base |          0 |          0 |       0 |    0 |     0 |      1 |      0 |    0 |          0 |
|     u_rrA                                  |                                        rr_arbiter__1 |         76 |         76 |       0 |    0 |    24 |      0 |      0 |    0 |          0 |
|     u_rrB                                  |                                           rr_arbiter |         76 |         76 |       0 |    0 |    24 |      0 |      0 |    0 |          0 |
+--------------------------------------------+------------------------------------------------------+------------+------------+---------+------+-------+--------+--------+------+------------+


