Copyright 1986-2020 Xilinx, Inc. All Rights Reserved.
--------------------------------------------------------------------------------------------------------------------------------------------------------------
| Tool Version : Vivado v.2020.1 (lin64) Build 2902540 Wed May 27 19:54:35 MDT 2020
| Date         : Mon Oct 27 21:05:13 2025
| Host         : orthanc running 64-bit Ubuntu 22.04.4 LTS
| Command      : report_utilization -hierarchical -file /home/jyoo/custom_v_2/custom-core-tool/reports/synth_2p0pct/benches/625_x264_s/pre_impl_util_hier.rpt
| Design       : top_multi_len
| Device       : xcu200fsgd2104-2
| Design State : Synthesized
--------------------------------------------------------------------------------------------------------------------------------------------------------------

Utilization Design Information

Table of Contents
-----------------
1. Utilization by Hierarchy

1. Utilization by Hierarchy
---------------------------

+--------------------------------------------+-------------------------------------------------------+------------+------------+---------+------+-------+--------+--------+------+------------+
|                  Instance                  |                         Module                        | Total LUTs | Logic LUTs | LUTRAMs | SRLs |  FFs  | RAMB36 | RAMB18 | URAM | DSP Blocks |
+--------------------------------------------+-------------------------------------------------------+------------+------------+---------+------+-------+--------+--------+------+------------+
| top_multi_len                              |                                                 (top) |      14354 |      14354 |       0 |    0 | 28764 |      8 |      0 |    0 |         75 |
|   (top_multi_len)                          |                                                 (top) |       1010 |       1010 |       0 |    0 |  2610 |      0 |      0 |    0 |          0 |
|   g_has_mem.glen_mem[0].blk_i              |                                        uop_block_wrap |         32 |         32 |       0 |    0 |    69 |      0 |      0 |    0 |          0 |
|     (g_has_mem.glen_mem[0].blk_i)          |                                        uop_block_wrap |          0 |          0 |       0 |    0 |    37 |      0 |      0 |    0 |          0 |
|     core                                   |                                         uop_block_117 |         32 |         32 |       0 |    0 |    32 |      0 |      0 |    0 |          0 |
|       (core)                               |                                         uop_block_117 |          0 |          0 |       0 |    0 |     0 |      0 |      0 |    0 |          0 |
|       g[0].g_normal.alu_i                  |                                      microop_unit__42 |         32 |         32 |       0 |    0 |    32 |      0 |      0 |    0 |          0 |
|   g_has_mem.glen_mem[100].blk_i            |                       uop_block_wrap__parameterized52 |         64 |         64 |       0 |    0 |   198 |      0 |      0 |    0 |          0 |
|     (g_has_mem.glen_mem[100].blk_i)        |                       uop_block_wrap__parameterized52 |          0 |          0 |       0 |    0 |    70 |      0 |      0 |    0 |          0 |
|     core                                   |                        uop_block__parameterized52_116 |         64 |         64 |       0 |    0 |   128 |      0 |      0 |    0 |          0 |
|       (core)                               |                        uop_block__parameterized52_116 |          0 |          0 |       0 |    0 |     0 |      0 |      0 |    0 |          0 |
|       g[0].g_normal.alu_i                  |                      microop_unit__parameterized7__26 |         64 |         64 |       0 |    0 |    64 |      0 |      0 |    0 |          0 |
|       g[1].g_normal.alu_i                  |                      microop_unit__parameterized5__44 |          0 |          0 |       0 |    0 |    64 |      0 |      0 |    0 |          0 |
|   g_has_mem.glen_mem[101].blk_i            |                       uop_block_wrap__parameterized53 |        101 |        101 |       0 |    0 |   143 |      0 |      0 |    0 |          0 |
|     (g_has_mem.glen_mem[101].blk_i)        |                       uop_block_wrap__parameterized53 |          0 |          0 |       0 |    0 |    45 |      0 |      0 |    0 |          0 |
|     core                                   |                            uop_block__parameterized53 |        101 |        101 |       0 |    0 |    98 |      0 |      0 |    0 |          0 |
|       (core)                               |                            uop_block__parameterized53 |          5 |          5 |       0 |    0 |     2 |      0 |      0 |    0 |          0 |
|       g[0].g_normal.alu_i                  |                       microop_unit__parameterized9__2 |         32 |         32 |       0 |    0 |    32 |      0 |      0 |    0 |          0 |
|       g[1].g_normal.alu_i                  |                       microop_unit__parameterized9__3 |         32 |         32 |       0 |    0 |    32 |      0 |      0 |    0 |          0 |
|       g[2].g_normal.alu_i                  |                       microop_unit__parameterized9__4 |         32 |         32 |       0 |    0 |    32 |      0 |      0 |    0 |          0 |
|   g_has_mem.glen_mem[102].blk_i            |                                      uop_block_wrap_0 |         32 |         32 |       0 |    0 |    69 |      0 |      0 |    0 |          0 |
|     (g_has_mem.glen_mem[102].blk_i)        |                                      uop_block_wrap_0 |          0 |          0 |       0 |    0 |    37 |      0 |      0 |    0 |          0 |
|     core                                   |                                         uop_block_115 |         32 |         32 |       0 |    0 |    32 |      0 |      0 |    0 |          0 |
|       (core)                               |                                         uop_block_115 |          0 |          0 |       0 |    0 |     0 |      0 |      0 |    0 |          0 |
|       g[0].g_normal.alu_i                  |                                      microop_unit__39 |         32 |         32 |       0 |    0 |    32 |      0 |      0 |    0 |          0 |
|   g_has_mem.glen_mem[103].blk_i            |                                      uop_block_wrap_1 |         32 |         32 |       0 |    0 |    69 |      0 |      0 |    0 |          0 |
|     (g_has_mem.glen_mem[103].blk_i)        |                                      uop_block_wrap_1 |          0 |          0 |       0 |    0 |    37 |      0 |      0 |    0 |          0 |
|     core                                   |                                         uop_block_114 |         32 |         32 |       0 |    0 |    32 |      0 |      0 |    0 |          0 |
|       (core)                               |                                         uop_block_114 |          0 |          0 |       0 |    0 |     0 |      0 |      0 |    0 |          0 |
|       g[0].g_normal.alu_i                  |                                      microop_unit__38 |         32 |         32 |       0 |    0 |    32 |      0 |      0 |    0 |          0 |
|   g_has_mem.glen_mem[104].blk_i            |                                      uop_block_wrap_2 |         32 |         32 |       0 |    0 |    69 |      0 |      0 |    0 |          0 |
|     (g_has_mem.glen_mem[104].blk_i)        |                                      uop_block_wrap_2 |          0 |          0 |       0 |    0 |    37 |      0 |      0 |    0 |          0 |
|     core                                   |                                         uop_block_113 |         32 |         32 |       0 |    0 |    32 |      0 |      0 |    0 |          0 |
|       (core)                               |                                         uop_block_113 |          0 |          0 |       0 |    0 |     0 |      0 |      0 |    0 |          0 |
|       g[0].g_normal.alu_i                  |                                      microop_unit__15 |         32 |         32 |       0 |    0 |    32 |      0 |      0 |    0 |          0 |
|   g_has_mem.glen_mem[105].blk_i            |                                      uop_block_wrap_3 |         32 |         32 |       0 |    0 |    69 |      0 |      0 |    0 |          0 |
|     (g_has_mem.glen_mem[105].blk_i)        |                                      uop_block_wrap_3 |          0 |          0 |       0 |    0 |    37 |      0 |      0 |    0 |          0 |
|     core                                   |                                         uop_block_112 |         32 |         32 |       0 |    0 |    32 |      0 |      0 |    0 |          0 |
|       (core)                               |                                         uop_block_112 |          0 |          0 |       0 |    0 |     0 |      0 |      0 |    0 |          0 |
|       g[0].g_normal.alu_i                  |                                      microop_unit__14 |         32 |         32 |       0 |    0 |    32 |      0 |      0 |    0 |          0 |
|   g_has_mem.glen_mem[106].blk_i            |                                      uop_block_wrap_4 |         32 |         32 |       0 |    0 |    69 |      0 |      0 |    0 |          0 |
|     (g_has_mem.glen_mem[106].blk_i)        |                                      uop_block_wrap_4 |          0 |          0 |       0 |    0 |    37 |      0 |      0 |    0 |          0 |
|     core                                   |                                         uop_block_111 |         32 |         32 |       0 |    0 |    32 |      0 |      0 |    0 |          0 |
|       (core)                               |                                         uop_block_111 |          0 |          0 |       0 |    0 |     0 |      0 |      0 |    0 |          0 |
|       g[0].g_normal.alu_i                  |                                      microop_unit__13 |         32 |         32 |       0 |    0 |    32 |      0 |      0 |    0 |          0 |
|   g_has_mem.glen_mem[107].blk_i            |                                      uop_block_wrap_5 |         32 |         32 |       0 |    0 |    69 |      0 |      0 |    0 |          0 |
|     (g_has_mem.glen_mem[107].blk_i)        |                                      uop_block_wrap_5 |          0 |          0 |       0 |    0 |    37 |      0 |      0 |    0 |          0 |
|     core                                   |                                         uop_block_110 |         32 |         32 |       0 |    0 |    32 |      0 |      0 |    0 |          0 |
|       (core)                               |                                         uop_block_110 |          0 |          0 |       0 |    0 |     0 |      0 |      0 |    0 |          0 |
|       g[0].g_normal.alu_i                  |                                      microop_unit__12 |         32 |         32 |       0 |    0 |    32 |      0 |      0 |    0 |          0 |
|   g_has_mem.glen_mem[108].blk_i            |                                      uop_block_wrap_6 |         32 |         32 |       0 |    0 |    69 |      0 |      0 |    0 |          0 |
|     (g_has_mem.glen_mem[108].blk_i)        |                                      uop_block_wrap_6 |          0 |          0 |       0 |    0 |    37 |      0 |      0 |    0 |          0 |
|     core                                   |                                         uop_block_109 |         32 |         32 |       0 |    0 |    32 |      0 |      0 |    0 |          0 |
|       (core)                               |                                         uop_block_109 |          0 |          0 |       0 |    0 |     0 |      0 |      0 |    0 |          0 |
|       g[0].g_normal.alu_i                  |                                      microop_unit__11 |         32 |         32 |       0 |    0 |    32 |      0 |      0 |    0 |          0 |
|   g_has_mem.glen_mem[109].blk_i            |                                      uop_block_wrap_7 |         32 |         32 |       0 |    0 |    69 |      0 |      0 |    0 |          0 |
|     (g_has_mem.glen_mem[109].blk_i)        |                                      uop_block_wrap_7 |          0 |          0 |       0 |    0 |    37 |      0 |      0 |    0 |          0 |
|     core                                   |                                         uop_block_108 |         32 |         32 |       0 |    0 |    32 |      0 |      0 |    0 |          0 |
|       (core)                               |                                         uop_block_108 |          0 |          0 |       0 |    0 |     0 |      0 |      0 |    0 |          0 |
|       g[0].g_normal.alu_i                  |                                      microop_unit__10 |         32 |         32 |       0 |    0 |    32 |      0 |      0 |    0 |          0 |
|   g_has_mem.glen_mem[10].blk_i             |                        uop_block_wrap__parameterized5 |        218 |        218 |       0 |    0 |   302 |      0 |      0 |    0 |          3 |
|     (g_has_mem.glen_mem[10].blk_i)         |                        uop_block_wrap__parameterized5 |          2 |          2 |       0 |    0 |    49 |      0 |      0 |    0 |          0 |
|     core                                   |                         uop_block__parameterized5_107 |        216 |        216 |       0 |    0 |   253 |      0 |      0 |    0 |          3 |
|       (core)                               |                         uop_block__parameterized5_107 |          9 |          9 |       0 |    0 |     4 |      0 |      0 |    0 |          0 |
|       g[0].g_normal.alu_i                  |                          microop_unit__parameterized8 |         15 |         15 |       0 |    0 |    17 |      0 |      0 |    0 |          3 |
|       g[1].g_normal.alu_i                  |                          microop_unit__parameterized7 |         64 |         64 |       0 |    0 |    64 |      0 |      0 |    0 |          0 |
|       g[2].g_normal.alu_i                  |                      microop_unit__parameterized0__61 |          0 |          0 |       0 |    0 |    32 |      0 |      0 |    0 |          0 |
|       g[3].g_normal.alu_i                  |                      microop_unit__parameterized9__49 |         32 |         32 |       0 |    0 |    32 |      0 |      0 |    0 |          0 |
|       g[4].g_normal.alu_i                  |                      microop_unit__parameterized6__45 |          0 |          0 |       0 |    0 |     8 |      0 |      0 |    0 |          0 |
|       g[6].g_normal.alu_i                  |                          microop_unit__parameterized9 |         32 |         32 |       0 |    0 |    32 |      0 |      0 |    0 |          0 |
|       g[7].g_normal.alu_i                  |                         microop_unit__parameterized10 |         32 |         32 |       0 |    0 |    32 |      0 |      0 |    0 |          0 |
|       g[8].g_normal.alu_i                  |                         microop_unit__parameterized11 |         32 |         32 |       0 |    0 |    32 |      0 |      0 |    0 |          0 |
|   g_has_mem.glen_mem[110].blk_i            |                       uop_block_wrap__parameterized21 |          4 |          4 |       0 |    0 |   206 |      0 |      0 |    0 |          0 |
|     (g_has_mem.glen_mem[110].blk_i)        |                       uop_block_wrap__parameterized21 |          2 |          2 |       0 |    0 |    77 |      0 |      0 |    0 |          0 |
|     core                                   |                        uop_block__parameterized21_106 |          2 |          2 |       0 |    0 |   129 |      0 |      0 |    0 |          0 |
|       (core)                               |                        uop_block__parameterized21_106 |          2 |          2 |       0 |    0 |     1 |      0 |      0 |    0 |          0 |
|       g[0].g_normal.alu_i                  |                      microop_unit__parameterized5__24 |          0 |          0 |       0 |    0 |    64 |      0 |      0 |    0 |          0 |
|       g[1].g_normal.alu_i                  |                      microop_unit__parameterized5__23 |          0 |          0 |       0 |    0 |    64 |      0 |      0 |    0 |          0 |
|   g_has_mem.glen_mem[111].blk_i            |                       uop_block_wrap__parameterized19 |         68 |         68 |       0 |    0 |   150 |      0 |      0 |    0 |          0 |
|     (g_has_mem.glen_mem[111].blk_i)        |                       uop_block_wrap__parameterized19 |          2 |          2 |       0 |    0 |    77 |      0 |      0 |    0 |          0 |
|     core                                   |                        uop_block__parameterized19_105 |         66 |         66 |       0 |    0 |    73 |      0 |      0 |    0 |          0 |
|       (core)                               |                        uop_block__parameterized19_105 |          2 |          2 |       0 |    0 |     1 |      0 |      0 |    0 |          0 |
|       g[0].g_normal.alu_i                  |                      microop_unit__parameterized7__17 |         64 |         64 |       0 |    0 |    64 |      0 |      0 |    0 |          0 |
|       g[1].g_normal.alu_i                  |                      microop_unit__parameterized6__35 |          0 |          0 |       0 |    0 |     8 |      0 |      0 |    0 |          0 |
|   g_has_mem.glen_mem[112].blk_i            |                       uop_block_wrap__parameterized29 |        135 |        135 |       0 |    0 |   396 |      0 |      0 |    0 |          0 |
|     (g_has_mem.glen_mem[112].blk_i)        |                       uop_block_wrap__parameterized29 |          2 |          2 |       0 |    0 |    74 |      0 |      0 |    0 |          0 |
|     core                                   |                            uop_block__parameterized29 |        133 |        133 |       0 |    0 |   322 |      0 |      0 |    0 |          0 |
|       (core)                               |                            uop_block__parameterized29 |          5 |          5 |       0 |    0 |     2 |      0 |      0 |    0 |          0 |
|       g[0].g_normal.alu_i                  |                       microop_unit__parameterized5__8 |          0 |          0 |       0 |    0 |    64 |      0 |      0 |    0 |          0 |
|       g[1].g_normal.alu_i                  |             microop_unit__parameterized12__xdcDup__14 |         64 |         64 |       0 |    0 |   128 |      0 |      0 |    0 |          0 |
|         (g[1].g_normal.alu_i)              |             microop_unit__parameterized12__xdcDup__14 |          0 |          0 |       0 |    0 |    64 |      0 |      0 |    0 |          0 |
|         g_iadd.use_ip.u_addsub             |                                        integer_addsub |         64 |         64 |       0 |    0 |    64 |      0 |      0 |    0 |          0 |
|           (g_iadd.use_ip.u_addsub)         |                                        integer_addsub |          0 |          0 |       0 |    0 |     0 |      0 |      0 |    0 |          0 |
|           U0                               |                       integer_addsubc_addsub_v12_0_14 |         64 |         64 |       0 |    0 |    64 |      0 |      0 |    0 |          0 |
|             (U0)                           |                       integer_addsubc_addsub_v12_0_14 |          0 |          0 |       0 |    0 |     0 |      0 |      0 |    0 |          0 |
|             xst_addsub                     |                   integer_addsubc_addsub_v12_0_14_viv |         64 |         64 |       0 |    0 |    64 |      0 |      0 |    0 |          0 |
|               (xst_addsub)                 |                   integer_addsubc_addsub_v12_0_14_viv |          0 |          0 |       0 |    0 |     0 |      0 |      0 |    0 |          0 |
|               i_baseblox.i_baseblox_addsub |                integer_addsubc_addsub_v12_0_14_legacy |         64 |         64 |       0 |    0 |    64 |      0 |      0 |    0 |          0 |
|                 no_pipelining.the_addsub   |         integer_addsubc_addsub_v12_0_14_fabric_legacy |         64 |         64 |       0 |    0 |    64 |      0 |      0 |    0 |          0 |
|                   i_lut6.i_lut6_addsub     |           integer_addsubc_addsub_v12_0_14_lut6_legacy |         64 |         64 |       0 |    0 |    64 |      0 |      0 |    0 |          0 |
|                     (i_lut6.i_lut6_addsub) |           integer_addsubc_addsub_v12_0_14_lut6_legacy |         64 |         64 |       0 |    0 |     0 |      0 |      0 |    0 |          0 |
|                     i_q.i_simple.qreg      |                    integer_addsubc_reg_fd_v12_0_6_viv |          0 |          0 |       0 |    0 |    64 |      0 |      0 |    0 |          0 |
|       g[2].g_normal.alu_i                  |             microop_unit__parameterized12__xdcDup__15 |         64 |         64 |       0 |    0 |   128 |      0 |      0 |    0 |          0 |
|         (g[2].g_normal.alu_i)              |             microop_unit__parameterized12__xdcDup__15 |          0 |          0 |       0 |    0 |    64 |      0 |      0 |    0 |          0 |
|         g_iadd.use_ip.u_addsub             |                                integer_addsub_HD15600 |         64 |         64 |       0 |    0 |    64 |      0 |      0 |    0 |          0 |
|           (g_iadd.use_ip.u_addsub)         |                                integer_addsub_HD15600 |          0 |          0 |       0 |    0 |     0 |      0 |      0 |    0 |          0 |
|           U0                               |               integer_addsubc_addsub_v12_0_14_HD15601 |         64 |         64 |       0 |    0 |    64 |      0 |      0 |    0 |          0 |
|             (U0)                           |               integer_addsubc_addsub_v12_0_14_HD15601 |          0 |          0 |       0 |    0 |     0 |      0 |      0 |    0 |          0 |
|             xst_addsub                     |           integer_addsubc_addsub_v12_0_14_viv_HD15602 |         64 |         64 |       0 |    0 |    64 |      0 |      0 |    0 |          0 |
|               (xst_addsub)                 |           integer_addsubc_addsub_v12_0_14_viv_HD15602 |          0 |          0 |       0 |    0 |     0 |      0 |      0 |    0 |          0 |
|               i_baseblox.i_baseblox_addsub |        integer_addsubc_addsub_v12_0_14_legacy_HD15603 |         64 |         64 |       0 |    0 |    64 |      0 |      0 |    0 |          0 |
|                 no_pipelining.the_addsub   | integer_addsubc_addsub_v12_0_14_fabric_legacy_HD15604 |         64 |         64 |       0 |    0 |    64 |      0 |      0 |    0 |          0 |
|                   i_lut6.i_lut6_addsub     |   integer_addsubc_addsub_v12_0_14_lut6_legacy_HD15605 |         64 |         64 |       0 |    0 |    64 |      0 |      0 |    0 |          0 |
|                     (i_lut6.i_lut6_addsub) |   integer_addsubc_addsub_v12_0_14_lut6_legacy_HD15605 |         64 |         64 |       0 |    0 |     0 |      0 |      0 |    0 |          0 |
|                     i_q.i_simple.qreg      |            integer_addsubc_reg_fd_v12_0_6_viv_HD15606 |          0 |          0 |       0 |    0 |    64 |      0 |      0 |    0 |          0 |
|   g_has_mem.glen_mem[113].blk_i            |                       uop_block_wrap__parameterized54 |         96 |         96 |       0 |    0 |   230 |      0 |      0 |    0 |          0 |
|     (g_has_mem.glen_mem[113].blk_i)        |                       uop_block_wrap__parameterized54 |          0 |          0 |       0 |    0 |    38 |      0 |      0 |    0 |          0 |
|     core                                   |                            uop_block__parameterized54 |         96 |         96 |       0 |    0 |   192 |      0 |      0 |    0 |          0 |
|       (core)                               |                            uop_block__parameterized54 |          0 |          0 |       0 |    0 |     0 |      0 |      0 |    0 |          0 |
|       g[0].g_normal.alu_i                  |                                      microop_unit__41 |         32 |         32 |       0 |    0 |    32 |      0 |      0 |    0 |          0 |
|       g[2].g_normal.alu_i                  |                     microop_unit__parameterized16__15 |          0 |          0 |       0 |    0 |    32 |      0 |      0 |    0 |          0 |
|       g[3].g_normal.alu_i                  |                         microop_unit__parameterized12 |         64 |         64 |       0 |    0 |   128 |      0 |      0 |    0 |          0 |
|         (g[3].g_normal.alu_i)              |                         microop_unit__parameterized12 |          0 |          0 |       0 |    0 |    64 |      0 |      0 |    0 |          0 |
|         g_iadd.use_ip.u_addsub             |                                integer_addsub_HD15607 |         64 |         64 |       0 |    0 |    64 |      0 |      0 |    0 |          0 |
|           (g_iadd.use_ip.u_addsub)         |                                integer_addsub_HD15607 |          0 |          0 |       0 |    0 |     0 |      0 |      0 |    0 |          0 |
|           U0                               |               integer_addsubc_addsub_v12_0_14_HD15608 |         64 |         64 |       0 |    0 |    64 |      0 |      0 |    0 |          0 |
|             (U0)                           |               integer_addsubc_addsub_v12_0_14_HD15608 |          0 |          0 |       0 |    0 |     0 |      0 |      0 |    0 |          0 |
|             xst_addsub                     |           integer_addsubc_addsub_v12_0_14_viv_HD15609 |         64 |         64 |       0 |    0 |    64 |      0 |      0 |    0 |          0 |
|               (xst_addsub)                 |           integer_addsubc_addsub_v12_0_14_viv_HD15609 |          0 |          0 |       0 |    0 |     0 |      0 |      0 |    0 |          0 |
|               i_baseblox.i_baseblox_addsub |        integer_addsubc_addsub_v12_0_14_legacy_HD15610 |         64 |         64 |       0 |    0 |    64 |      0 |      0 |    0 |          0 |
|                 no_pipelining.the_addsub   | integer_addsubc_addsub_v12_0_14_fabric_legacy_HD15611 |         64 |         64 |       0 |    0 |    64 |      0 |      0 |    0 |          0 |
|                   i_lut6.i_lut6_addsub     |   integer_addsubc_addsub_v12_0_14_lut6_legacy_HD15612 |         64 |         64 |       0 |    0 |    64 |      0 |      0 |    0 |          0 |
|                     (i_lut6.i_lut6_addsub) |   integer_addsubc_addsub_v12_0_14_lut6_legacy_HD15612 |         64 |         64 |       0 |    0 |     0 |      0 |      0 |    0 |          0 |
|                     i_q.i_simple.qreg      |            integer_addsubc_reg_fd_v12_0_6_viv_HD15613 |          0 |          0 |       0 |    0 |    64 |      0 |      0 |    0 |          0 |
|   g_has_mem.glen_mem[114].blk_i            |                       uop_block_wrap__parameterized55 |        271 |        271 |       0 |    0 |   442 |      0 |      0 |    0 |          0 |
|     (g_has_mem.glen_mem[114].blk_i)        |                       uop_block_wrap__parameterized55 |          5 |          5 |       0 |    0 |    46 |      0 |      0 |    0 |          0 |
|     core                                   |                            uop_block__parameterized55 |        266 |        266 |       0 |    0 |   396 |      0 |      0 |    0 |          0 |
|       (core)                               |                            uop_block__parameterized55 |         10 |         10 |       0 |    0 |     4 |      0 |      0 |    0 |          0 |
|       g[0].g_normal.alu_i                  |                      microop_unit__parameterized18__1 |          0 |          0 |       0 |    0 |     8 |      0 |      0 |    0 |          0 |
|       g[10].g_normal.alu_i                 |                         microop_unit__parameterized28 |         32 |         32 |       0 |    0 |    32 |      0 |      0 |    0 |          0 |
|       g[11].g_normal.alu_i                 |                       microop_unit__parameterized0__7 |          0 |          0 |       0 |    0 |    32 |      0 |      0 |    0 |          0 |
|       g[12].g_normal.alu_i                 |                       microop_unit__parameterized0__8 |          0 |          0 |       0 |    0 |    32 |      0 |      0 |    0 |          0 |
|       g[1].g_normal.alu_i                  |                       microop_unit__parameterized0__5 |          0 |          0 |       0 |    0 |    32 |      0 |      0 |    0 |          0 |
|       g[2].g_normal.alu_i                  |                      microop_unit__parameterized10__2 |         32 |         32 |       0 |    0 |    32 |      0 |      0 |    0 |          0 |
|       g[3].g_normal.alu_i                  |                      microop_unit__parameterized10__3 |         32 |         32 |       0 |    0 |    32 |      0 |      0 |    0 |          0 |
|       g[4].g_normal.alu_i                  |                      microop_unit__parameterized10__4 |         32 |         32 |       0 |    0 |    32 |      0 |      0 |    0 |          0 |
|       g[5].g_normal.alu_i                  |                      microop_unit__parameterized10__5 |         32 |         32 |       0 |    0 |    32 |      0 |      0 |    0 |          0 |
|       g[6].g_normal.alu_i                  |                       microop_unit__parameterized0__6 |          0 |          0 |       0 |    0 |    32 |      0 |      0 |    0 |          0 |
|       g[7].g_normal.alu_i                  |                      microop_unit__parameterized27__1 |         32 |         32 |       0 |    0 |    32 |      0 |      0 |    0 |          0 |
|       g[8].g_normal.alu_i                  |                         microop_unit__parameterized27 |         32 |         32 |       0 |    0 |    32 |      0 |      0 |    0 |          0 |
|       g[9].g_normal.alu_i                  |                      microop_unit__parameterized28__1 |         32 |         32 |       0 |    0 |    32 |      0 |      0 |    0 |          0 |
|   g_has_mem.glen_mem[115].blk_i            |                       uop_block_wrap__parameterized56 |         37 |         37 |       0 |    0 |    92 |      0 |      0 |    0 |          0 |
|     (g_has_mem.glen_mem[115].blk_i)        |                       uop_block_wrap__parameterized56 |          0 |          0 |       0 |    0 |    18 |      0 |      0 |    0 |          0 |
|     core                                   |                            uop_block__parameterized56 |         37 |         37 |       0 |    0 |    74 |      0 |      0 |    0 |          0 |
|       (core)                               |                            uop_block__parameterized56 |          5 |          5 |       0 |    0 |     2 |      0 |      0 |    0 |          0 |
|       g[1].g_normal.alu_i                  |                      microop_unit__parameterized6__42 |          0 |          0 |       0 |    0 |     8 |      0 |      0 |    0 |          0 |
|       g[2].g_normal.alu_i                  |                         microop_unit__parameterized29 |         32 |         32 |       0 |    0 |    32 |      0 |      0 |    0 |          0 |
|       g[3].g_normal.alu_i                  |                      microop_unit__parameterized0__55 |          0 |          0 |       0 |    0 |    32 |      0 |      0 |    0 |          0 |
|   g_has_mem.glen_mem[116].blk_i            |                     uop_block_wrap__parameterized21_8 |          5 |          5 |       0 |    0 |   202 |      0 |      0 |    0 |          0 |
|     (g_has_mem.glen_mem[116].blk_i)        |                     uop_block_wrap__parameterized21_8 |          2 |          2 |       0 |    0 |    73 |      0 |      0 |    0 |          0 |
|     core                                   |                        uop_block__parameterized21_104 |          3 |          3 |       0 |    0 |   129 |      0 |      0 |    0 |          0 |
|       (core)                               |                        uop_block__parameterized21_104 |          3 |          3 |       0 |    0 |     1 |      0 |      0 |    0 |          0 |
|       g[0].g_normal.alu_i                  |                      microop_unit__parameterized5__43 |          0 |          0 |       0 |    0 |    64 |      0 |      0 |    0 |          0 |
|       g[1].g_normal.alu_i                  |                      microop_unit__parameterized5__45 |          0 |          0 |       0 |    0 |    64 |      0 |      0 |    0 |          0 |
|   g_has_mem.glen_mem[117].blk_i            |                     uop_block_wrap__parameterized19_9 |         67 |         67 |       0 |    0 |   149 |      0 |      0 |    0 |          0 |
|     (g_has_mem.glen_mem[117].blk_i)        |                     uop_block_wrap__parameterized19_9 |          1 |          1 |       0 |    0 |    76 |      0 |      0 |    0 |          0 |
|     core                                   |                        uop_block__parameterized19_103 |         66 |         66 |       0 |    0 |    73 |      0 |      0 |    0 |          0 |
|       (core)                               |                        uop_block__parameterized19_103 |          2 |          2 |       0 |    0 |     1 |      0 |      0 |    0 |          0 |
|       g[0].g_normal.alu_i                  |                      microop_unit__parameterized7__27 |         64 |         64 |       0 |    0 |    64 |      0 |      0 |    0 |          0 |
|       g[1].g_normal.alu_i                  |                      microop_unit__parameterized6__43 |          0 |          0 |       0 |    0 |     8 |      0 |      0 |    0 |          0 |
|   g_has_mem.glen_mem[118].blk_i            |                       uop_block_wrap__parameterized44 |          0 |          0 |       0 |    0 |   102 |      0 |      0 |    0 |          0 |
|     (g_has_mem.glen_mem[118].blk_i)        |                       uop_block_wrap__parameterized44 |          0 |          0 |       0 |    0 |    38 |      0 |      0 |    0 |          0 |
|     core                                   |                        uop_block__parameterized44_102 |          0 |          0 |       0 |    0 |    64 |      0 |      0 |    0 |          0 |
|       (core)                               |                        uop_block__parameterized44_102 |          0 |          0 |       0 |    0 |     0 |      0 |      0 |    0 |          0 |
|       g[0].g_normal.alu_i                  |                      microop_unit__parameterized0__56 |          0 |          0 |       0 |    0 |    32 |      0 |      0 |    0 |          0 |
|       g[2].g_normal.alu_i                  |                         microop_unit__parameterized16 |          0 |          0 |       0 |    0 |    32 |      0 |      0 |    0 |          0 |
|   g_has_mem.glen_mem[119].blk_i            |                       uop_block_wrap__parameterized20 |        138 |        138 |       0 |    0 |   235 |      0 |      0 |    0 |          3 |
|     (g_has_mem.glen_mem[119].blk_i)        |                       uop_block_wrap__parameterized20 |          4 |          4 |       0 |    0 |    47 |      0 |      0 |    0 |          0 |
|     core                                   |                        uop_block__parameterized20_101 |        134 |        134 |       0 |    0 |   188 |      0 |      0 |    0 |          3 |
|       (core)                               |                        uop_block__parameterized20_101 |          8 |          8 |       0 |    0 |     3 |      0 |      0 |    0 |          0 |
|       g[0].g_normal.alu_i                  |                      microop_unit__parameterized6__44 |          0 |          0 |       0 |    0 |     8 |      0 |      0 |    0 |          0 |
|       g[1].g_normal.alu_i                  |                      microop_unit__parameterized8__24 |         15 |         15 |       0 |    0 |    17 |      0 |      0 |    0 |          3 |
|       g[2].g_normal.alu_i                  |                      microop_unit__parameterized9__48 |         32 |         32 |       0 |    0 |    32 |      0 |      0 |    0 |          0 |
|       g[3].g_normal.alu_i                  |                      microop_unit__parameterized0__57 |          0 |          0 |       0 |    0 |    32 |      0 |      0 |    0 |          0 |
|       g[4].g_normal.alu_i                  |                       microop_unit__parameterized1__8 |         32 |         32 |       0 |    0 |    32 |      0 |      0 |    0 |          0 |
|       g[5].g_normal.alu_i                  |                       microop_unit__parameterized2__8 |         31 |         31 |       0 |    0 |    32 |      0 |      0 |    0 |          0 |
|       g[7].g_normal.alu_i                  |                       microop_unit__parameterized4__8 |         16 |         16 |       0 |    0 |    32 |      0 |      0 |    0 |          0 |
|   g_has_mem.glen_mem[11].blk_i             |                        uop_block_wrap__parameterized6 |        217 |        217 |       0 |    0 |   335 |      0 |      0 |    0 |          3 |
|     (g_has_mem.glen_mem[11].blk_i)         |                        uop_block_wrap__parameterized6 |          0 |          0 |       0 |    0 |    50 |      0 |      0 |    0 |          0 |
|     core                                   |                         uop_block__parameterized6_100 |        217 |        217 |       0 |    0 |   285 |      0 |      0 |    0 |          3 |
|       (core)                               |                         uop_block__parameterized6_100 |         10 |         10 |       0 |    0 |     4 |      0 |      0 |    0 |          0 |
|       g[0].g_normal.alu_i                  |                      microop_unit__parameterized0__47 |          0 |          0 |       0 |    0 |    32 |      0 |      0 |    0 |          0 |
|       g[1].g_normal.alu_i                  |                      microop_unit__parameterized7__21 |         64 |         64 |       0 |    0 |    64 |      0 |      0 |    0 |          0 |
|       g[2].g_normal.alu_i                  |                      microop_unit__parameterized8__21 |         15 |         15 |       0 |    0 |    17 |      0 |      0 |    0 |          3 |
|       g[3].g_normal.alu_i                  |                      microop_unit__parameterized6__38 |          0 |          0 |       0 |    0 |     8 |      0 |      0 |    0 |          0 |
|       g[4].g_normal.alu_i                  |                      microop_unit__parameterized9__41 |         32 |         32 |       0 |    0 |    32 |      0 |      0 |    0 |          0 |
|       g[6].g_normal.alu_i                  |                      microop_unit__parameterized9__42 |         32 |         32 |       0 |    0 |    32 |      0 |      0 |    0 |          0 |
|       g[7].g_normal.alu_i                  |                      microop_unit__parameterized0__48 |          0 |          0 |       0 |    0 |    32 |      0 |      0 |    0 |          0 |
|       g[8].g_normal.alu_i                  |                     microop_unit__parameterized10__18 |         32 |         32 |       0 |    0 |    32 |      0 |      0 |    0 |          0 |
|       g[9].g_normal.alu_i                  |                     microop_unit__parameterized11__11 |         32 |         32 |       0 |    0 |    32 |      0 |      0 |    0 |          0 |
|   g_has_mem.glen_mem[12].blk_i             |                        uop_block_wrap__parameterized7 |        217 |        217 |       0 |    0 |   362 |      0 |      0 |    0 |          3 |
|     (g_has_mem.glen_mem[12].blk_i)         |                        uop_block_wrap__parameterized7 |          0 |          0 |       0 |    0 |    77 |      0 |      0 |    0 |          0 |
|     core                                   |                          uop_block__parameterized7_99 |        217 |        217 |       0 |    0 |   285 |      0 |      0 |    0 |          3 |
|       (core)                               |                          uop_block__parameterized7_99 |         10 |         10 |       0 |    0 |     4 |      0 |      0 |    0 |          0 |
|       g[0].g_normal.alu_i                  |                      microop_unit__parameterized7__15 |         64 |         64 |       0 |    0 |    64 |      0 |      0 |    0 |          0 |
|       g[1].g_normal.alu_i                  |                      microop_unit__parameterized0__31 |          0 |          0 |       0 |    0 |    32 |      0 |      0 |    0 |          0 |
|       g[2].g_normal.alu_i                  |                      microop_unit__parameterized6__28 |          0 |          0 |       0 |    0 |     8 |      0 |      0 |    0 |          0 |
|       g[3].g_normal.alu_i                  |                      microop_unit__parameterized8__13 |         15 |         15 |       0 |    0 |    17 |      0 |      0 |    0 |          3 |
|       g[4].g_normal.alu_i                  |                      microop_unit__parameterized9__32 |         32 |         32 |       0 |    0 |    32 |      0 |      0 |    0 |          0 |
|       g[6].g_normal.alu_i                  |                      microop_unit__parameterized9__33 |         32 |         32 |       0 |    0 |    32 |      0 |      0 |    0 |          0 |
|       g[7].g_normal.alu_i                  |                      microop_unit__parameterized0__32 |          0 |          0 |       0 |    0 |    32 |      0 |      0 |    0 |          0 |
|       g[8].g_normal.alu_i                  |                     microop_unit__parameterized10__15 |         32 |         32 |       0 |    0 |    32 |      0 |      0 |    0 |          0 |
|       g[9].g_normal.alu_i                  |                     microop_unit__parameterized11__10 |         32 |         32 |       0 |    0 |    32 |      0 |      0 |    0 |          0 |
|   g_has_mem.glen_mem[13].blk_i             |                     uop_block_wrap__parameterized7_10 |        217 |        217 |       0 |    0 |   363 |      0 |      0 |    0 |          3 |
|     (g_has_mem.glen_mem[13].blk_i)         |                     uop_block_wrap__parameterized7_10 |          0 |          0 |       0 |    0 |    78 |      0 |      0 |    0 |          0 |
|     core                                   |                          uop_block__parameterized7_98 |        217 |        217 |       0 |    0 |   285 |      0 |      0 |    0 |          3 |
|       (core)                               |                          uop_block__parameterized7_98 |         10 |         10 |       0 |    0 |     4 |      0 |      0 |    0 |          0 |
|       g[0].g_normal.alu_i                  |                      microop_unit__parameterized7__22 |         64 |         64 |       0 |    0 |    64 |      0 |      0 |    0 |          0 |
|       g[1].g_normal.alu_i                  |                      microop_unit__parameterized0__49 |          0 |          0 |       0 |    0 |    32 |      0 |      0 |    0 |          0 |
|       g[2].g_normal.alu_i                  |                      microop_unit__parameterized6__39 |          0 |          0 |       0 |    0 |     8 |      0 |      0 |    0 |          0 |
|       g[3].g_normal.alu_i                  |                      microop_unit__parameterized8__22 |         15 |         15 |       0 |    0 |    17 |      0 |      0 |    0 |          3 |
|       g[4].g_normal.alu_i                  |                      microop_unit__parameterized9__43 |         32 |         32 |       0 |    0 |    32 |      0 |      0 |    0 |          0 |
|       g[6].g_normal.alu_i                  |                      microop_unit__parameterized9__44 |         32 |         32 |       0 |    0 |    32 |      0 |      0 |    0 |          0 |
|       g[7].g_normal.alu_i                  |                      microop_unit__parameterized0__50 |          0 |          0 |       0 |    0 |    32 |      0 |      0 |    0 |          0 |
|       g[8].g_normal.alu_i                  |                     microop_unit__parameterized10__19 |         32 |         32 |       0 |    0 |    32 |      0 |      0 |    0 |          0 |
|       g[9].g_normal.alu_i                  |                     microop_unit__parameterized11__12 |         32 |         32 |       0 |    0 |    32 |      0 |      0 |    0 |          0 |
|   g_has_mem.glen_mem[14].blk_i             |                        uop_block_wrap__parameterized8 |         55 |         55 |       0 |    0 |   255 |      0 |      0 |    0 |          3 |
|     (g_has_mem.glen_mem[14].blk_i)         |                        uop_block_wrap__parameterized8 |          1 |          1 |       0 |    0 |    75 |      0 |      0 |    0 |          0 |
|     core                                   |                          uop_block__parameterized8_97 |         54 |         54 |       0 |    0 |   180 |      0 |      0 |    0 |          3 |
|       (core)                               |                          uop_block__parameterized8_97 |          7 |          7 |       0 |    0 |     3 |      0 |      0 |    0 |          0 |
|       g[0].g_normal.alu_i                  |                      microop_unit__parameterized5__37 |          0 |          0 |       0 |    0 |    64 |      0 |      0 |    0 |          0 |
|       g[1].g_normal.alu_i                  |                      microop_unit__parameterized0__51 |          0 |          0 |       0 |    0 |    32 |      0 |      0 |    0 |          0 |
|       g[2].g_normal.alu_i                  |                      microop_unit__parameterized8__23 |         15 |         15 |       0 |    0 |    17 |      0 |      0 |    0 |          3 |
|       g[3].g_normal.alu_i                  |                      microop_unit__parameterized9__45 |         32 |         32 |       0 |    0 |    32 |      0 |      0 |    0 |          0 |
|       g[5].g_normal.alu_i                  |                      microop_unit__parameterized0__52 |          0 |          0 |       0 |    0 |    32 |      0 |      0 |    0 |          0 |
|   g_has_mem.glen_mem[15].blk_i             |             uop_block_wrap__parameterized9__xdcDup__1 |        171 |        171 |       0 |    0 |   407 |      0 |      0 |    0 |          0 |
|     (g_has_mem.glen_mem[15].blk_i)         |             uop_block_wrap__parameterized9__xdcDup__1 |          2 |          2 |       0 |    0 |    76 |      0 |      0 |    0 |          0 |
|     core                                   |                  uop_block__parameterized9__xdcDup__1 |        169 |        169 |       0 |    0 |   331 |      0 |      0 |    0 |          0 |
|       (core)                               |                  uop_block__parameterized9__xdcDup__1 |          9 |          9 |       0 |    0 |     3 |      0 |      0 |    0 |          0 |
|       g[0].g_normal.alu_i                  |                      microop_unit__parameterized5__38 |          0 |          0 |       0 |    0 |    64 |      0 |      0 |    0 |          0 |
|       g[1].g_normal.alu_i                  |                      microop_unit__parameterized0__53 |          0 |          0 |       0 |    0 |    32 |      0 |      0 |    0 |          0 |
|       g[2].g_normal.alu_i                  |              microop_unit__parameterized12__xdcDup__1 |         64 |         64 |       0 |    0 |   128 |      0 |      0 |    0 |          0 |
|         (g[2].g_normal.alu_i)              |              microop_unit__parameterized12__xdcDup__1 |          0 |          0 |       0 |    0 |    64 |      0 |      0 |    0 |          0 |
|         g_iadd.use_ip.u_addsub             |                                integer_addsub_HD15614 |         64 |         64 |       0 |    0 |    64 |      0 |      0 |    0 |          0 |
|           (g_iadd.use_ip.u_addsub)         |                                integer_addsub_HD15614 |          0 |          0 |       0 |    0 |     0 |      0 |      0 |    0 |          0 |
|           U0                               |               integer_addsubc_addsub_v12_0_14_HD15615 |         64 |         64 |       0 |    0 |    64 |      0 |      0 |    0 |          0 |
|             (U0)                           |               integer_addsubc_addsub_v12_0_14_HD15615 |          0 |          0 |       0 |    0 |     0 |      0 |      0 |    0 |          0 |
|             xst_addsub                     |           integer_addsubc_addsub_v12_0_14_viv_HD15616 |         64 |         64 |       0 |    0 |    64 |      0 |      0 |    0 |          0 |
|               (xst_addsub)                 |           integer_addsubc_addsub_v12_0_14_viv_HD15616 |          0 |          0 |       0 |    0 |     0 |      0 |      0 |    0 |          0 |
|               i_baseblox.i_baseblox_addsub |        integer_addsubc_addsub_v12_0_14_legacy_HD15617 |         64 |         64 |       0 |    0 |    64 |      0 |      0 |    0 |          0 |
|                 no_pipelining.the_addsub   | integer_addsubc_addsub_v12_0_14_fabric_legacy_HD15618 |         64 |         64 |       0 |    0 |    64 |      0 |      0 |    0 |          0 |
|                   i_lut6.i_lut6_addsub     |   integer_addsubc_addsub_v12_0_14_lut6_legacy_HD15619 |         64 |         64 |       0 |    0 |    64 |      0 |      0 |    0 |          0 |
|                     (i_lut6.i_lut6_addsub) |   integer_addsubc_addsub_v12_0_14_lut6_legacy_HD15619 |         64 |         64 |       0 |    0 |     0 |      0 |      0 |    0 |          0 |
|                     i_q.i_simple.qreg      |            integer_addsubc_reg_fd_v12_0_6_viv_HD15620 |          0 |          0 |       0 |    0 |    64 |      0 |      0 |    0 |          0 |
|       g[3].g_normal.alu_i                  |                      microop_unit__parameterized6__40 |          0 |          0 |       0 |    0 |     8 |      0 |      0 |    0 |          0 |
|       g[4].g_normal.alu_i                  |                      microop_unit__parameterized9__46 |         32 |         32 |       0 |    0 |    32 |      0 |      0 |    0 |          0 |
|       g[5].g_normal.alu_i                  |                     microop_unit__parameterized10__20 |         32 |         32 |       0 |    0 |    32 |      0 |      0 |    0 |          0 |
|       g[6].g_normal.alu_i                  |                     microop_unit__parameterized11__13 |         32 |         32 |       0 |    0 |    32 |      0 |      0 |    0 |          0 |
|   g_has_mem.glen_mem[16].blk_i             |                                     uop_block_wrap_11 |         32 |         32 |       0 |    0 |    69 |      0 |      0 |    0 |          0 |
|     (g_has_mem.glen_mem[16].blk_i)         |                                     uop_block_wrap_11 |          0 |          0 |       0 |    0 |    37 |      0 |      0 |    0 |          0 |
|     core                                   |                                          uop_block_96 |         32 |         32 |       0 |    0 |    32 |      0 |      0 |    0 |          0 |
|       (core)                               |                                          uop_block_96 |          0 |          0 |       0 |    0 |     0 |      0 |      0 |    0 |          0 |
|       g[0].g_normal.alu_i                  |                                      microop_unit__36 |         32 |         32 |       0 |    0 |    32 |      0 |      0 |    0 |          0 |
|   g_has_mem.glen_mem[17].blk_i             |                        uop_block_wrap__parameterized9 |        168 |        168 |       0 |    0 |   405 |      0 |      0 |    0 |          0 |
|     (g_has_mem.glen_mem[17].blk_i)         |                        uop_block_wrap__parameterized9 |          0 |          0 |       0 |    0 |    74 |      0 |      0 |    0 |          0 |
|     core                                   |                             uop_block__parameterized9 |        168 |        168 |       0 |    0 |   331 |      0 |      0 |    0 |          0 |
|       (core)                               |                             uop_block__parameterized9 |          8 |          8 |       0 |    0 |     3 |      0 |      0 |    0 |          0 |
|       g[0].g_normal.alu_i                  |                      microop_unit__parameterized5__39 |          0 |          0 |       0 |    0 |    64 |      0 |      0 |    0 |          0 |
|       g[1].g_normal.alu_i                  |                      microop_unit__parameterized0__54 |          0 |          0 |       0 |    0 |    32 |      0 |      0 |    0 |          0 |
|       g[2].g_normal.alu_i                  |              microop_unit__parameterized12__xdcDup__2 |         64 |         64 |       0 |    0 |   128 |      0 |      0 |    0 |          0 |
|         (g[2].g_normal.alu_i)              |              microop_unit__parameterized12__xdcDup__2 |          0 |          0 |       0 |    0 |    64 |      0 |      0 |    0 |          0 |
|         g_iadd.use_ip.u_addsub             |                                integer_addsub_HD15621 |         64 |         64 |       0 |    0 |    64 |      0 |      0 |    0 |          0 |
|           (g_iadd.use_ip.u_addsub)         |                                integer_addsub_HD15621 |          0 |          0 |       0 |    0 |     0 |      0 |      0 |    0 |          0 |
|           U0                               |               integer_addsubc_addsub_v12_0_14_HD15622 |         64 |         64 |       0 |    0 |    64 |      0 |      0 |    0 |          0 |
|             (U0)                           |               integer_addsubc_addsub_v12_0_14_HD15622 |          0 |          0 |       0 |    0 |     0 |      0 |      0 |    0 |          0 |
|             xst_addsub                     |           integer_addsubc_addsub_v12_0_14_viv_HD15623 |         64 |         64 |       0 |    0 |    64 |      0 |      0 |    0 |          0 |
|               (xst_addsub)                 |           integer_addsubc_addsub_v12_0_14_viv_HD15623 |          0 |          0 |       0 |    0 |     0 |      0 |      0 |    0 |          0 |
|               i_baseblox.i_baseblox_addsub |        integer_addsubc_addsub_v12_0_14_legacy_HD15624 |         64 |         64 |       0 |    0 |    64 |      0 |      0 |    0 |          0 |
|                 no_pipelining.the_addsub   | integer_addsubc_addsub_v12_0_14_fabric_legacy_HD15625 |         64 |         64 |       0 |    0 |    64 |      0 |      0 |    0 |          0 |
|                   i_lut6.i_lut6_addsub     |   integer_addsubc_addsub_v12_0_14_lut6_legacy_HD15626 |         64 |         64 |       0 |    0 |    64 |      0 |      0 |    0 |          0 |
|                     (i_lut6.i_lut6_addsub) |   integer_addsubc_addsub_v12_0_14_lut6_legacy_HD15626 |         64 |         64 |       0 |    0 |     0 |      0 |      0 |    0 |          0 |
|                     i_q.i_simple.qreg      |            integer_addsubc_reg_fd_v12_0_6_viv_HD15627 |          0 |          0 |       0 |    0 |    64 |      0 |      0 |    0 |          0 |
|       g[3].g_normal.alu_i                  |                      microop_unit__parameterized6__41 |          0 |          0 |       0 |    0 |     8 |      0 |      0 |    0 |          0 |
|       g[4].g_normal.alu_i                  |                      microop_unit__parameterized9__47 |         32 |         32 |       0 |    0 |    32 |      0 |      0 |    0 |          0 |
|       g[5].g_normal.alu_i                  |                     microop_unit__parameterized10__21 |         32 |         32 |       0 |    0 |    32 |      0 |      0 |    0 |          0 |
|       g[6].g_normal.alu_i                  |                     microop_unit__parameterized11__14 |         32 |         32 |       0 |    0 |    32 |      0 |      0 |    0 |          0 |
|   g_has_mem.glen_mem[18].blk_i             |                       uop_block_wrap__parameterized10 |         64 |         64 |       0 |    0 |   101 |      0 |      0 |    0 |          0 |
|     (g_has_mem.glen_mem[18].blk_i)         |                       uop_block_wrap__parameterized10 |          0 |          0 |       0 |    0 |    37 |      0 |      0 |    0 |          0 |
|     core                                   |                            uop_block__parameterized10 |         64 |         64 |       0 |    0 |    64 |      0 |      0 |    0 |          0 |
|       (core)                               |                            uop_block__parameterized10 |          0 |          0 |       0 |    0 |     0 |      0 |      0 |    0 |          0 |
|       g[0].g_normal.alu_i                  |                     microop_unit__parameterized10__22 |         32 |         32 |       0 |    0 |    32 |      0 |      0 |    0 |          0 |
|       g[1].g_normal.alu_i                  |                     microop_unit__parameterized11__15 |         32 |         32 |       0 |    0 |    32 |      0 |      0 |    0 |          0 |
|   g_has_mem.glen_mem[19].blk_i             |                       uop_block_wrap__parameterized11 |        386 |        386 |       0 |    0 |   776 |      0 |      0 |    0 |          0 |
|     (g_has_mem.glen_mem[19].blk_i)         |                       uop_block_wrap__parameterized11 |          0 |          0 |       0 |    0 |    70 |      0 |      0 |    0 |          0 |
|     core                                   |                            uop_block__parameterized11 |        386 |        386 |       0 |    0 |   706 |      0 |      0 |    0 |          0 |
|       (core)                               |                            uop_block__parameterized11 |          0 |          0 |       0 |    0 |     0 |      0 |      0 |    0 |          0 |
|       g[0].g_normal.alu_i                  |                      microop_unit__parameterized7__23 |         64 |         64 |       0 |    0 |    64 |      0 |      0 |    0 |          0 |
|       g[1].g_normal.alu_i                  |                      microop_unit__parameterized5__40 |          0 |          0 |       0 |    0 |    64 |      0 |      0 |    0 |          0 |
|       g[2].g_normal.alu_i                  |                      microop_unit__parameterized7__24 |         64 |         64 |       0 |    0 |    64 |      0 |      0 |    0 |          0 |
|       g[3].g_normal.alu_i                  |              microop_unit__parameterized13__xdcDup__1 |         64 |         64 |       0 |    0 |   128 |      0 |      0 |    0 |          0 |
|         (g[3].g_normal.alu_i)              |              microop_unit__parameterized13__xdcDup__1 |          0 |          0 |       0 |    0 |    64 |      0 |      0 |    0 |          0 |
|         g_iadd.use_ip.u_addsub             |                                integer_addsub_HD15628 |         64 |         64 |       0 |    0 |    64 |      0 |      0 |    0 |          0 |
|           (g_iadd.use_ip.u_addsub)         |                                integer_addsub_HD15628 |          0 |          0 |       0 |    0 |     0 |      0 |      0 |    0 |          0 |
|           U0                               |               integer_addsubc_addsub_v12_0_14_HD15629 |         64 |         64 |       0 |    0 |    64 |      0 |      0 |    0 |          0 |
|             (U0)                           |               integer_addsubc_addsub_v12_0_14_HD15629 |          0 |          0 |       0 |    0 |     0 |      0 |      0 |    0 |          0 |
|             xst_addsub                     |           integer_addsubc_addsub_v12_0_14_viv_HD15630 |         64 |         64 |       0 |    0 |    64 |      0 |      0 |    0 |          0 |
|               (xst_addsub)                 |           integer_addsubc_addsub_v12_0_14_viv_HD15630 |          0 |          0 |       0 |    0 |     0 |      0 |      0 |    0 |          0 |
|               i_baseblox.i_baseblox_addsub |        integer_addsubc_addsub_v12_0_14_legacy_HD15631 |         64 |         64 |       0 |    0 |    64 |      0 |      0 |    0 |          0 |
|                 no_pipelining.the_addsub   | integer_addsubc_addsub_v12_0_14_fabric_legacy_HD15632 |         64 |         64 |       0 |    0 |    64 |      0 |      0 |    0 |          0 |
|                   i_lut6.i_lut6_addsub     |   integer_addsubc_addsub_v12_0_14_lut6_legacy_HD15633 |         64 |         64 |       0 |    0 |    64 |      0 |      0 |    0 |          0 |
|                     (i_lut6.i_lut6_addsub) |   integer_addsubc_addsub_v12_0_14_lut6_legacy_HD15633 |         64 |         64 |       0 |    0 |     0 |      0 |      0 |    0 |          0 |
|                     i_q.i_simple.qreg      |            integer_addsubc_reg_fd_v12_0_6_viv_HD15634 |          0 |          0 |       0 |    0 |    64 |      0 |      0 |    0 |          0 |
|       g[4].g_normal.alu_i                  |              microop_unit__parameterized14__xdcDup__1 |         64 |         64 |       0 |    0 |   128 |      0 |      0 |    0 |          0 |
|         (g[4].g_normal.alu_i)              |              microop_unit__parameterized14__xdcDup__1 |          0 |          0 |       0 |    0 |    64 |      0 |      0 |    0 |          0 |
|         g_iadd.use_ip.u_addsub             |                                integer_addsub_HD15635 |         64 |         64 |       0 |    0 |    64 |      0 |      0 |    0 |          0 |
|           (g_iadd.use_ip.u_addsub)         |                                integer_addsub_HD15635 |          0 |          0 |       0 |    0 |     0 |      0 |      0 |    0 |          0 |
|           U0                               |               integer_addsubc_addsub_v12_0_14_HD15636 |         64 |         64 |       0 |    0 |    64 |      0 |      0 |    0 |          0 |
|             (U0)                           |               integer_addsubc_addsub_v12_0_14_HD15636 |          0 |          0 |       0 |    0 |     0 |      0 |      0 |    0 |          0 |
|             xst_addsub                     |           integer_addsubc_addsub_v12_0_14_viv_HD15637 |         64 |         64 |       0 |    0 |    64 |      0 |      0 |    0 |          0 |
|               (xst_addsub)                 |           integer_addsubc_addsub_v12_0_14_viv_HD15637 |          0 |          0 |       0 |    0 |     0 |      0 |      0 |    0 |          0 |
|               i_baseblox.i_baseblox_addsub |        integer_addsubc_addsub_v12_0_14_legacy_HD15638 |         64 |         64 |       0 |    0 |    64 |      0 |      0 |    0 |          0 |
|                 no_pipelining.the_addsub   | integer_addsubc_addsub_v12_0_14_fabric_legacy_HD15639 |         64 |         64 |       0 |    0 |    64 |      0 |      0 |    0 |          0 |
|                   i_lut6.i_lut6_addsub     |   integer_addsubc_addsub_v12_0_14_lut6_legacy_HD15640 |         64 |         64 |       0 |    0 |    64 |      0 |      0 |    0 |          0 |
|                     (i_lut6.i_lut6_addsub) |   integer_addsubc_addsub_v12_0_14_lut6_legacy_HD15640 |         64 |         64 |       0 |    0 |     0 |      0 |      0 |    0 |          0 |
|                     i_q.i_simple.qreg      |            integer_addsubc_reg_fd_v12_0_6_viv_HD15641 |          0 |          0 |       0 |    0 |    64 |      0 |      0 |    0 |          0 |
|       g[5].g_normal.alu_i                  |              microop_unit__parameterized13__xdcDup__2 |         64 |         64 |       0 |    0 |   128 |      0 |      0 |    0 |          0 |
|         (g[5].g_normal.alu_i)              |              microop_unit__parameterized13__xdcDup__2 |          0 |          0 |       0 |    0 |    64 |      0 |      0 |    0 |          0 |
|         g_iadd.use_ip.u_addsub             |                                integer_addsub_HD15642 |         64 |         64 |       0 |    0 |    64 |      0 |      0 |    0 |          0 |
|           (g_iadd.use_ip.u_addsub)         |                                integer_addsub_HD15642 |          0 |          0 |       0 |    0 |     0 |      0 |      0 |    0 |          0 |
|           U0                               |               integer_addsubc_addsub_v12_0_14_HD15643 |         64 |         64 |       0 |    0 |    64 |      0 |      0 |    0 |          0 |
|             (U0)                           |               integer_addsubc_addsub_v12_0_14_HD15643 |          0 |          0 |       0 |    0 |     0 |      0 |      0 |    0 |          0 |
|             xst_addsub                     |           integer_addsubc_addsub_v12_0_14_viv_HD15644 |         64 |         64 |       0 |    0 |    64 |      0 |      0 |    0 |          0 |
|               (xst_addsub)                 |           integer_addsubc_addsub_v12_0_14_viv_HD15644 |          0 |          0 |       0 |    0 |     0 |      0 |      0 |    0 |          0 |
|               i_baseblox.i_baseblox_addsub |        integer_addsubc_addsub_v12_0_14_legacy_HD15645 |         64 |         64 |       0 |    0 |    64 |      0 |      0 |    0 |          0 |
|                 no_pipelining.the_addsub   | integer_addsubc_addsub_v12_0_14_fabric_legacy_HD15646 |         64 |         64 |       0 |    0 |    64 |      0 |      0 |    0 |          0 |
|                   i_lut6.i_lut6_addsub     |   integer_addsubc_addsub_v12_0_14_lut6_legacy_HD15647 |         64 |         64 |       0 |    0 |    64 |      0 |      0 |    0 |          0 |
|                     (i_lut6.i_lut6_addsub) |   integer_addsubc_addsub_v12_0_14_lut6_legacy_HD15647 |         64 |         64 |       0 |    0 |     0 |      0 |      0 |    0 |          0 |
|                     i_q.i_simple.qreg      |            integer_addsubc_reg_fd_v12_0_6_viv_HD15648 |          0 |          0 |       0 |    0 |    64 |      0 |      0 |    0 |          0 |
|       g[6].g_normal.alu_i                  |                      microop_unit__parameterized15__5 |          1 |          1 |       0 |    0 |     1 |      0 |      0 |    0 |          0 |
|       g[7].g_normal.alu_i                  |              microop_unit__parameterized14__xdcDup__2 |         64 |         64 |       0 |    0 |   128 |      0 |      0 |    0 |          0 |
|         (g[7].g_normal.alu_i)              |              microop_unit__parameterized14__xdcDup__2 |          0 |          0 |       0 |    0 |    64 |      0 |      0 |    0 |          0 |
|         g_iadd.use_ip.u_addsub             |                                integer_addsub_HD15649 |         64 |         64 |       0 |    0 |    64 |      0 |      0 |    0 |          0 |
|           (g_iadd.use_ip.u_addsub)         |                                integer_addsub_HD15649 |          0 |          0 |       0 |    0 |     0 |      0 |      0 |    0 |          0 |
|           U0                               |               integer_addsubc_addsub_v12_0_14_HD15650 |         64 |         64 |       0 |    0 |    64 |      0 |      0 |    0 |          0 |
|             (U0)                           |               integer_addsubc_addsub_v12_0_14_HD15650 |          0 |          0 |       0 |    0 |     0 |      0 |      0 |    0 |          0 |
|             xst_addsub                     |           integer_addsubc_addsub_v12_0_14_viv_HD15651 |         64 |         64 |       0 |    0 |    64 |      0 |      0 |    0 |          0 |
|               (xst_addsub)                 |           integer_addsubc_addsub_v12_0_14_viv_HD15651 |          0 |          0 |       0 |    0 |     0 |      0 |      0 |    0 |          0 |
|               i_baseblox.i_baseblox_addsub |        integer_addsubc_addsub_v12_0_14_legacy_HD15652 |         64 |         64 |       0 |    0 |    64 |      0 |      0 |    0 |          0 |
|                 no_pipelining.the_addsub   | integer_addsubc_addsub_v12_0_14_fabric_legacy_HD15653 |         64 |         64 |       0 |    0 |    64 |      0 |      0 |    0 |          0 |
|                   i_lut6.i_lut6_addsub     |   integer_addsubc_addsub_v12_0_14_lut6_legacy_HD15654 |         64 |         64 |       0 |    0 |    64 |      0 |      0 |    0 |          0 |
|                     (i_lut6.i_lut6_addsub) |   integer_addsubc_addsub_v12_0_14_lut6_legacy_HD15654 |         64 |         64 |       0 |    0 |     0 |      0 |      0 |    0 |          0 |
|                     i_q.i_simple.qreg      |            integer_addsubc_reg_fd_v12_0_6_viv_HD15655 |          0 |          0 |       0 |    0 |    64 |      0 |      0 |    0 |          0 |
|       g[8].g_normal.alu_i                  |                         microop_unit__parameterized15 |          1 |          1 |       0 |    0 |     1 |      0 |      0 |    0 |          0 |
|   g_has_mem.glen_mem[1].blk_i              |                        uop_block_wrap__parameterized0 |         79 |         79 |       0 |    0 |   197 |      0 |      0 |    0 |          0 |
|     (g_has_mem.glen_mem[1].blk_i)          |                        uop_block_wrap__parameterized0 |          0 |          0 |       0 |    0 |    37 |      0 |      0 |    0 |          0 |
|     core                                   |                          uop_block__parameterized0_95 |         79 |         79 |       0 |    0 |   160 |      0 |      0 |    0 |          0 |
|       (core)                               |                          uop_block__parameterized0_95 |          0 |          0 |       0 |    0 |     0 |      0 |      0 |    0 |          0 |
|       g[0].g_normal.alu_i                  |                      microop_unit__parameterized0__58 |          0 |          0 |       0 |    0 |    32 |      0 |      0 |    0 |          0 |
|       g[2].g_normal.alu_i                  |                      microop_unit__parameterized0__59 |          0 |          0 |       0 |    0 |    32 |      0 |      0 |    0 |          0 |
|       g[3].g_normal.alu_i                  |                       microop_unit__parameterized1__9 |         32 |         32 |       0 |    0 |    32 |      0 |      0 |    0 |          0 |
|       g[4].g_normal.alu_i                  |                       microop_unit__parameterized2__9 |         31 |         31 |       0 |    0 |    32 |      0 |      0 |    0 |          0 |
|       g[6].g_normal.alu_i                  |                       microop_unit__parameterized3__1 |         16 |         16 |       0 |    0 |    32 |      0 |      0 |    0 |          0 |
|   g_has_mem.glen_mem[20].blk_i             |                       uop_block_wrap__parameterized12 |         64 |         64 |       0 |    0 |   262 |      0 |      0 |    0 |          0 |
|     (g_has_mem.glen_mem[20].blk_i)         |                       uop_block_wrap__parameterized12 |          0 |          0 |       0 |    0 |    70 |      0 |      0 |    0 |          0 |
|     core                                   |                            uop_block__parameterized12 |         64 |         64 |       0 |    0 |   192 |      0 |      0 |    0 |          0 |
|       (core)                               |                            uop_block__parameterized12 |          0 |          0 |       0 |    0 |     0 |      0 |      0 |    0 |          0 |
|       g[0].g_normal.alu_i                  |                      microop_unit__parameterized5__41 |          0 |          0 |       0 |    0 |    64 |      0 |      0 |    0 |          0 |
|       g[1].g_normal.alu_i                  |              microop_unit__parameterized12__xdcDup__3 |         64 |         64 |       0 |    0 |   128 |      0 |      0 |    0 |          0 |
|         (g[1].g_normal.alu_i)              |              microop_unit__parameterized12__xdcDup__3 |          0 |          0 |       0 |    0 |    64 |      0 |      0 |    0 |          0 |
|         g_iadd.use_ip.u_addsub             |                                integer_addsub_HD15656 |         64 |         64 |       0 |    0 |    64 |      0 |      0 |    0 |          0 |
|           (g_iadd.use_ip.u_addsub)         |                                integer_addsub_HD15656 |          0 |          0 |       0 |    0 |     0 |      0 |      0 |    0 |          0 |
|           U0                               |               integer_addsubc_addsub_v12_0_14_HD15657 |         64 |         64 |       0 |    0 |    64 |      0 |      0 |    0 |          0 |
|             (U0)                           |               integer_addsubc_addsub_v12_0_14_HD15657 |          0 |          0 |       0 |    0 |     0 |      0 |      0 |    0 |          0 |
|             xst_addsub                     |           integer_addsubc_addsub_v12_0_14_viv_HD15658 |         64 |         64 |       0 |    0 |    64 |      0 |      0 |    0 |          0 |
|               (xst_addsub)                 |           integer_addsubc_addsub_v12_0_14_viv_HD15658 |          0 |          0 |       0 |    0 |     0 |      0 |      0 |    0 |          0 |
|               i_baseblox.i_baseblox_addsub |        integer_addsubc_addsub_v12_0_14_legacy_HD15659 |         64 |         64 |       0 |    0 |    64 |      0 |      0 |    0 |          0 |
|                 no_pipelining.the_addsub   | integer_addsubc_addsub_v12_0_14_fabric_legacy_HD15660 |         64 |         64 |       0 |    0 |    64 |      0 |      0 |    0 |          0 |
|                   i_lut6.i_lut6_addsub     |   integer_addsubc_addsub_v12_0_14_lut6_legacy_HD15661 |         64 |         64 |       0 |    0 |    64 |      0 |      0 |    0 |          0 |
|                     (i_lut6.i_lut6_addsub) |   integer_addsubc_addsub_v12_0_14_lut6_legacy_HD15661 |         64 |         64 |       0 |    0 |     0 |      0 |      0 |    0 |          0 |
|                     i_q.i_simple.qreg      |            integer_addsubc_reg_fd_v12_0_6_viv_HD15662 |          0 |          0 |       0 |    0 |    64 |      0 |      0 |    0 |          0 |
|   g_has_mem.glen_mem[21].blk_i             |                       uop_block_wrap__parameterized13 |         36 |         36 |       0 |    0 |   115 |      0 |      0 |    0 |          0 |
|     (g_has_mem.glen_mem[21].blk_i)         |                       uop_block_wrap__parameterized13 |          1 |          1 |       0 |    0 |    50 |      0 |      0 |    0 |          0 |
|     core                                   |                         uop_block__parameterized13_94 |         35 |         35 |       0 |    0 |    65 |      0 |      0 |    0 |          0 |
|       (core)                               |                         uop_block__parameterized13_94 |          3 |          3 |       0 |    0 |     1 |      0 |      0 |    0 |          0 |
|       g[0].g_normal.alu_i                  |                                       microop_unit__2 |         32 |         32 |       0 |    0 |    32 |      0 |      0 |    0 |          0 |
|       g[1].g_normal.alu_i                  |                       microop_unit__parameterized0__3 |          0 |          0 |       0 |    0 |    32 |      0 |      0 |    0 |          0 |
|   g_has_mem.glen_mem[22].blk_i             |                    uop_block_wrap__parameterized13_12 |         36 |         36 |       0 |    0 |   115 |      0 |      0 |    0 |          0 |
|     (g_has_mem.glen_mem[22].blk_i)         |                    uop_block_wrap__parameterized13_12 |          1 |          1 |       0 |    0 |    50 |      0 |      0 |    0 |          0 |
|     core                                   |                         uop_block__parameterized13_93 |         35 |         35 |       0 |    0 |    65 |      0 |      0 |    0 |          0 |
|       (core)                               |                         uop_block__parameterized13_93 |          3 |          3 |       0 |    0 |     1 |      0 |      0 |    0 |          0 |
|       g[0].g_normal.alu_i                  |                                       microop_unit__3 |         32 |         32 |       0 |    0 |    32 |      0 |      0 |    0 |          0 |
|       g[1].g_normal.alu_i                  |                       microop_unit__parameterized0__9 |          0 |          0 |       0 |    0 |    32 |      0 |      0 |    0 |          0 |
|   g_has_mem.glen_mem[23].blk_i             |                       uop_block_wrap__parameterized14 |          6 |          6 |       0 |    0 |   242 |      0 |      0 |    0 |          0 |
|     (g_has_mem.glen_mem[23].blk_i)         |                       uop_block_wrap__parameterized14 |          0 |          0 |       0 |    0 |    80 |      0 |      0 |    0 |          0 |
|     core                                   |                         uop_block__parameterized14_92 |          6 |          6 |       0 |    0 |   162 |      0 |      0 |    0 |          0 |
|       (core)                               |                         uop_block__parameterized14_92 |          6 |          6 |       0 |    0 |     2 |      0 |      0 |    0 |          0 |
|       g[0].g_normal.alu_i                  |                       microop_unit__parameterized5__4 |          0 |          0 |       0 |    0 |    64 |      0 |      0 |    0 |          0 |
|       g[1].g_normal.alu_i                  |                      microop_unit__parameterized0__10 |          0 |          0 |       0 |    0 |    32 |      0 |      0 |    0 |          0 |
|       g[2].g_normal.alu_i                  |                       microop_unit__parameterized5__5 |          0 |          0 |       0 |    0 |    64 |      0 |      0 |    0 |          0 |
|   g_has_mem.glen_mem[24].blk_i             |                     uop_block_wrap__parameterized5_13 |        220 |        220 |       0 |    0 |   303 |      0 |      0 |    0 |          3 |
|     (g_has_mem.glen_mem[24].blk_i)         |                     uop_block_wrap__parameterized5_13 |          4 |          4 |       0 |    0 |    50 |      0 |      0 |    0 |          0 |
|     core                                   |                             uop_block__parameterized5 |        216 |        216 |       0 |    0 |   253 |      0 |      0 |    0 |          3 |
|       (core)                               |                             uop_block__parameterized5 |          9 |          9 |       0 |    0 |     4 |      0 |      0 |    0 |          0 |
|       g[0].g_normal.alu_i                  |                       microop_unit__parameterized8__1 |         15 |         15 |       0 |    0 |    17 |      0 |      0 |    0 |          3 |
|       g[1].g_normal.alu_i                  |                       microop_unit__parameterized7__1 |         64 |         64 |       0 |    0 |    64 |      0 |      0 |    0 |          0 |
|       g[2].g_normal.alu_i                  |                      microop_unit__parameterized0__11 |          0 |          0 |       0 |    0 |    32 |      0 |      0 |    0 |          0 |
|       g[3].g_normal.alu_i                  |                       microop_unit__parameterized9__5 |         32 |         32 |       0 |    0 |    32 |      0 |      0 |    0 |          0 |
|       g[4].g_normal.alu_i                  |                       microop_unit__parameterized6__2 |          0 |          0 |       0 |    0 |     8 |      0 |      0 |    0 |          0 |
|       g[6].g_normal.alu_i                  |                       microop_unit__parameterized9__6 |         32 |         32 |       0 |    0 |    32 |      0 |      0 |    0 |          0 |
|       g[7].g_normal.alu_i                  |                      microop_unit__parameterized10__6 |         32 |         32 |       0 |    0 |    32 |      0 |      0 |    0 |          0 |
|       g[8].g_normal.alu_i                  |                      microop_unit__parameterized11__2 |         32 |         32 |       0 |    0 |    32 |      0 |      0 |    0 |          0 |
|   g_has_mem.glen_mem[25].blk_i             |                     uop_block_wrap__parameterized6_14 |        218 |        218 |       0 |    0 |   335 |      0 |      0 |    0 |          3 |
|     (g_has_mem.glen_mem[25].blk_i)         |                     uop_block_wrap__parameterized6_14 |          0 |          0 |       0 |    0 |    50 |      0 |      0 |    0 |          0 |
|     core                                   |                             uop_block__parameterized6 |        218 |        218 |       0 |    0 |   285 |      0 |      0 |    0 |          3 |
|       (core)                               |                             uop_block__parameterized6 |         11 |         11 |       0 |    0 |     4 |      0 |      0 |    0 |          0 |
|       g[0].g_normal.alu_i                  |                      microop_unit__parameterized0__12 |          0 |          0 |       0 |    0 |    32 |      0 |      0 |    0 |          0 |
|       g[1].g_normal.alu_i                  |                       microop_unit__parameterized7__2 |         64 |         64 |       0 |    0 |    64 |      0 |      0 |    0 |          0 |
|       g[2].g_normal.alu_i                  |                       microop_unit__parameterized8__2 |         15 |         15 |       0 |    0 |    17 |      0 |      0 |    0 |          3 |
|       g[3].g_normal.alu_i                  |                       microop_unit__parameterized6__3 |          0 |          0 |       0 |    0 |     8 |      0 |      0 |    0 |          0 |
|       g[4].g_normal.alu_i                  |                       microop_unit__parameterized9__7 |         32 |         32 |       0 |    0 |    32 |      0 |      0 |    0 |          0 |
|       g[6].g_normal.alu_i                  |                       microop_unit__parameterized9__8 |         32 |         32 |       0 |    0 |    32 |      0 |      0 |    0 |          0 |
|       g[7].g_normal.alu_i                  |                      microop_unit__parameterized0__13 |          0 |          0 |       0 |    0 |    32 |      0 |      0 |    0 |          0 |
|       g[8].g_normal.alu_i                  |                      microop_unit__parameterized10__7 |         32 |         32 |       0 |    0 |    32 |      0 |      0 |    0 |          0 |
|       g[9].g_normal.alu_i                  |                      microop_unit__parameterized11__3 |         32 |         32 |       0 |    0 |    32 |      0 |      0 |    0 |          0 |
|   g_has_mem.glen_mem[26].blk_i             |                     uop_block_wrap__parameterized7_15 |        218 |        218 |       0 |    0 |   362 |      0 |      0 |    0 |          3 |
|     (g_has_mem.glen_mem[26].blk_i)         |                     uop_block_wrap__parameterized7_15 |          2 |          2 |       0 |    0 |    77 |      0 |      0 |    0 |          0 |
|     core                                   |                          uop_block__parameterized7_91 |        216 |        216 |       0 |    0 |   285 |      0 |      0 |    0 |          3 |
|       (core)                               |                          uop_block__parameterized7_91 |          9 |          9 |       0 |    0 |     4 |      0 |      0 |    0 |          0 |
|       g[0].g_normal.alu_i                  |                       microop_unit__parameterized7__4 |         64 |         64 |       0 |    0 |    64 |      0 |      0 |    0 |          0 |
|       g[1].g_normal.alu_i                  |                      microop_unit__parameterized0__14 |          0 |          0 |       0 |    0 |    32 |      0 |      0 |    0 |          0 |
|       g[2].g_normal.alu_i                  |                       microop_unit__parameterized6__4 |          0 |          0 |       0 |    0 |     8 |      0 |      0 |    0 |          0 |
|       g[3].g_normal.alu_i                  |                       microop_unit__parameterized8__3 |         15 |         15 |       0 |    0 |    17 |      0 |      0 |    0 |          3 |
|       g[4].g_normal.alu_i                  |                       microop_unit__parameterized9__9 |         32 |         32 |       0 |    0 |    32 |      0 |      0 |    0 |          0 |
|       g[6].g_normal.alu_i                  |                      microop_unit__parameterized9__10 |         32 |         32 |       0 |    0 |    32 |      0 |      0 |    0 |          0 |
|       g[7].g_normal.alu_i                  |                      microop_unit__parameterized0__15 |          0 |          0 |       0 |    0 |    32 |      0 |      0 |    0 |          0 |
|       g[8].g_normal.alu_i                  |                      microop_unit__parameterized10__9 |         32 |         32 |       0 |    0 |    32 |      0 |      0 |    0 |          0 |
|       g[9].g_normal.alu_i                  |                      microop_unit__parameterized11__5 |         32 |         32 |       0 |    0 |    32 |      0 |      0 |    0 |          0 |
|   g_has_mem.glen_mem[27].blk_i             |                     uop_block_wrap__parameterized7_16 |        216 |        216 |       0 |    0 |   362 |      0 |      0 |    0 |          3 |
|     (g_has_mem.glen_mem[27].blk_i)         |                     uop_block_wrap__parameterized7_16 |          0 |          0 |       0 |    0 |    77 |      0 |      0 |    0 |          0 |
|     core                                   |                             uop_block__parameterized7 |        216 |        216 |       0 |    0 |   285 |      0 |      0 |    0 |          3 |
|       (core)                               |                             uop_block__parameterized7 |          9 |          9 |       0 |    0 |     4 |      0 |      0 |    0 |          0 |
|       g[0].g_normal.alu_i                  |                       microop_unit__parameterized7__3 |         64 |         64 |       0 |    0 |    64 |      0 |      0 |    0 |          0 |
|       g[1].g_normal.alu_i                  |                      microop_unit__parameterized0__19 |          0 |          0 |       0 |    0 |    32 |      0 |      0 |    0 |          0 |
|       g[2].g_normal.alu_i                  |                       microop_unit__parameterized6__5 |          0 |          0 |       0 |    0 |     8 |      0 |      0 |    0 |          0 |
|       g[3].g_normal.alu_i                  |                       microop_unit__parameterized8__5 |         15 |         15 |       0 |    0 |    17 |      0 |      0 |    0 |          3 |
|       g[4].g_normal.alu_i                  |                      microop_unit__parameterized9__12 |         32 |         32 |       0 |    0 |    32 |      0 |      0 |    0 |          0 |
|       g[6].g_normal.alu_i                  |                      microop_unit__parameterized9__11 |         32 |         32 |       0 |    0 |    32 |      0 |      0 |    0 |          0 |
|       g[7].g_normal.alu_i                  |                      microop_unit__parameterized0__18 |          0 |          0 |       0 |    0 |    32 |      0 |      0 |    0 |          0 |
|       g[8].g_normal.alu_i                  |                      microop_unit__parameterized10__8 |         32 |         32 |       0 |    0 |    32 |      0 |      0 |    0 |          0 |
|       g[9].g_normal.alu_i                  |                      microop_unit__parameterized11__4 |         32 |         32 |       0 |    0 |    32 |      0 |      0 |    0 |          0 |
|   g_has_mem.glen_mem[28].blk_i             |                     uop_block_wrap__parameterized8_17 |         55 |         55 |       0 |    0 |   254 |      0 |      0 |    0 |          3 |
|     (g_has_mem.glen_mem[28].blk_i)         |                     uop_block_wrap__parameterized8_17 |          0 |          0 |       0 |    0 |    74 |      0 |      0 |    0 |          0 |
|     core                                   |                             uop_block__parameterized8 |         55 |         55 |       0 |    0 |   180 |      0 |      0 |    0 |          3 |
|       (core)                               |                             uop_block__parameterized8 |          8 |          8 |       0 |    0 |     3 |      0 |      0 |    0 |          0 |
|       g[0].g_normal.alu_i                  |                       microop_unit__parameterized5__6 |          0 |          0 |       0 |    0 |    64 |      0 |      0 |    0 |          0 |
|       g[1].g_normal.alu_i                  |                      microop_unit__parameterized0__16 |          0 |          0 |       0 |    0 |    32 |      0 |      0 |    0 |          0 |
|       g[2].g_normal.alu_i                  |                       microop_unit__parameterized8__4 |         15 |         15 |       0 |    0 |    17 |      0 |      0 |    0 |          3 |
|       g[3].g_normal.alu_i                  |                      microop_unit__parameterized9__13 |         32 |         32 |       0 |    0 |    32 |      0 |      0 |    0 |          0 |
|       g[5].g_normal.alu_i                  |                      microop_unit__parameterized0__17 |          0 |          0 |       0 |    0 |    32 |      0 |      0 |    0 |          0 |
|   g_has_mem.glen_mem[29].blk_i             |                       uop_block_wrap__parameterized15 |        151 |        151 |       0 |    0 |   422 |      0 |      0 |    0 |          3 |
|     (g_has_mem.glen_mem[29].blk_i)         |                       uop_block_wrap__parameterized15 |          2 |          2 |       0 |    0 |    50 |      0 |      0 |    0 |          0 |
|     core                                   |                            uop_block__parameterized15 |        149 |        149 |       0 |    0 |   372 |      0 |      0 |    0 |          3 |
|       (core)                               |                            uop_block__parameterized15 |          6 |          6 |       0 |    0 |     3 |      0 |      0 |    0 |          0 |
|       g[0].g_normal.alu_i                  |                      microop_unit__parameterized0__20 |          0 |          0 |       0 |    0 |    32 |      0 |      0 |    0 |          0 |
|       g[1].g_normal.alu_i                  |                      microop_unit__parameterized16__2 |          0 |          0 |       0 |    0 |    32 |      0 |      0 |    0 |          0 |
|       g[2].g_normal.alu_i                  |                       microop_unit__parameterized8__6 |         15 |         15 |       0 |    0 |    17 |      0 |      0 |    0 |          3 |
|       g[3].g_normal.alu_i                  |                      microop_unit__parameterized16__3 |          0 |          0 |       0 |    0 |    32 |      0 |      0 |    0 |          0 |
|       g[4].g_normal.alu_i                  |              microop_unit__parameterized12__xdcDup__4 |         64 |         64 |       0 |    0 |   128 |      0 |      0 |    0 |          0 |
|         (g[4].g_normal.alu_i)              |              microop_unit__parameterized12__xdcDup__4 |          0 |          0 |       0 |    0 |    64 |      0 |      0 |    0 |          0 |
|         g_iadd.use_ip.u_addsub             |                                integer_addsub_HD15663 |         64 |         64 |       0 |    0 |    64 |      0 |      0 |    0 |          0 |
|           (g_iadd.use_ip.u_addsub)         |                                integer_addsub_HD15663 |          0 |          0 |       0 |    0 |     0 |      0 |      0 |    0 |          0 |
|           U0                               |               integer_addsubc_addsub_v12_0_14_HD15664 |         64 |         64 |       0 |    0 |    64 |      0 |      0 |    0 |          0 |
|             (U0)                           |               integer_addsubc_addsub_v12_0_14_HD15664 |          0 |          0 |       0 |    0 |     0 |      0 |      0 |    0 |          0 |
|             xst_addsub                     |           integer_addsubc_addsub_v12_0_14_viv_HD15665 |         64 |         64 |       0 |    0 |    64 |      0 |      0 |    0 |          0 |
|               (xst_addsub)                 |           integer_addsubc_addsub_v12_0_14_viv_HD15665 |          0 |          0 |       0 |    0 |     0 |      0 |      0 |    0 |          0 |
|               i_baseblox.i_baseblox_addsub |        integer_addsubc_addsub_v12_0_14_legacy_HD15666 |         64 |         64 |       0 |    0 |    64 |      0 |      0 |    0 |          0 |
|                 no_pipelining.the_addsub   | integer_addsubc_addsub_v12_0_14_fabric_legacy_HD15667 |         64 |         64 |       0 |    0 |    64 |      0 |      0 |    0 |          0 |
|                   i_lut6.i_lut6_addsub     |   integer_addsubc_addsub_v12_0_14_lut6_legacy_HD15668 |         64 |         64 |       0 |    0 |    64 |      0 |      0 |    0 |          0 |
|                     (i_lut6.i_lut6_addsub) |   integer_addsubc_addsub_v12_0_14_lut6_legacy_HD15668 |         64 |         64 |       0 |    0 |     0 |      0 |      0 |    0 |          0 |
|                     i_q.i_simple.qreg      |            integer_addsubc_reg_fd_v12_0_6_viv_HD15669 |          0 |          0 |       0 |    0 |    64 |      0 |      0 |    0 |          0 |
|       g[5].g_normal.alu_i                  |              microop_unit__parameterized12__xdcDup__5 |         64 |         64 |       0 |    0 |   128 |      0 |      0 |    0 |          0 |
|         (g[5].g_normal.alu_i)              |              microop_unit__parameterized12__xdcDup__5 |          0 |          0 |       0 |    0 |    64 |      0 |      0 |    0 |          0 |
|         g_iadd.use_ip.u_addsub             |                                integer_addsub_HD15670 |         64 |         64 |       0 |    0 |    64 |      0 |      0 |    0 |          0 |
|           (g_iadd.use_ip.u_addsub)         |                                integer_addsub_HD15670 |          0 |          0 |       0 |    0 |     0 |      0 |      0 |    0 |          0 |
|           U0                               |               integer_addsubc_addsub_v12_0_14_HD15671 |         64 |         64 |       0 |    0 |    64 |      0 |      0 |    0 |          0 |
|             (U0)                           |               integer_addsubc_addsub_v12_0_14_HD15671 |          0 |          0 |       0 |    0 |     0 |      0 |      0 |    0 |          0 |
|             xst_addsub                     |           integer_addsubc_addsub_v12_0_14_viv_HD15672 |         64 |         64 |       0 |    0 |    64 |      0 |      0 |    0 |          0 |
|               (xst_addsub)                 |           integer_addsubc_addsub_v12_0_14_viv_HD15672 |          0 |          0 |       0 |    0 |     0 |      0 |      0 |    0 |          0 |
|               i_baseblox.i_baseblox_addsub |        integer_addsubc_addsub_v12_0_14_legacy_HD15673 |         64 |         64 |       0 |    0 |    64 |      0 |      0 |    0 |          0 |
|                 no_pipelining.the_addsub   | integer_addsubc_addsub_v12_0_14_fabric_legacy_HD15674 |         64 |         64 |       0 |    0 |    64 |      0 |      0 |    0 |          0 |
|                   i_lut6.i_lut6_addsub     |   integer_addsubc_addsub_v12_0_14_lut6_legacy_HD15675 |         64 |         64 |       0 |    0 |    64 |      0 |      0 |    0 |          0 |
|                     (i_lut6.i_lut6_addsub) |   integer_addsubc_addsub_v12_0_14_lut6_legacy_HD15675 |         64 |         64 |       0 |    0 |     0 |      0 |      0 |    0 |          0 |
|                     i_q.i_simple.qreg      |            integer_addsubc_reg_fd_v12_0_6_viv_HD15676 |          0 |          0 |       0 |    0 |    64 |      0 |      0 |    0 |          0 |
|   g_has_mem.glen_mem[2].blk_i              |                        uop_block_wrap__parameterized1 |        111 |        111 |       0 |    0 |   197 |      0 |      0 |    0 |          0 |
|     (g_has_mem.glen_mem[2].blk_i)          |                        uop_block_wrap__parameterized1 |          0 |          0 |       0 |    0 |    37 |      0 |      0 |    0 |          0 |
|     core                                   |                             uop_block__parameterized1 |        111 |        111 |       0 |    0 |   160 |      0 |      0 |    0 |          0 |
|       (core)                               |                             uop_block__parameterized1 |          0 |          0 |       0 |    0 |     0 |      0 |      0 |    0 |          0 |
|       g[0].g_normal.alu_i                  |                                      microop_unit__43 |         32 |         32 |       0 |    0 |    32 |      0 |      0 |    0 |          0 |
|       g[2].g_normal.alu_i                  |                      microop_unit__parameterized0__60 |          0 |          0 |       0 |    0 |    32 |      0 |      0 |    0 |          0 |
|       g[3].g_normal.alu_i                  |                      microop_unit__parameterized1__10 |         32 |         32 |       0 |    0 |    32 |      0 |      0 |    0 |          0 |
|       g[4].g_normal.alu_i                  |                      microop_unit__parameterized2__10 |         31 |         31 |       0 |    0 |    32 |      0 |      0 |    0 |          0 |
|       g[6].g_normal.alu_i                  |                          microop_unit__parameterized4 |         16 |         16 |       0 |    0 |    32 |      0 |      0 |    0 |          0 |
|   g_has_mem.glen_mem[30].blk_i             |                       uop_block_wrap__parameterized16 |         32 |         32 |       0 |    0 |   102 |      0 |      0 |    0 |          0 |
|     (g_has_mem.glen_mem[30].blk_i)         |                       uop_block_wrap__parameterized16 |          0 |          0 |       0 |    0 |    38 |      0 |      0 |    0 |          0 |
|     core                                   |                            uop_block__parameterized16 |         32 |         32 |       0 |    0 |    64 |      0 |      0 |    0 |          0 |
|       (core)                               |                            uop_block__parameterized16 |          0 |          0 |       0 |    0 |     0 |      0 |      0 |    0 |          0 |
|       g[0].g_normal.alu_i                  |                                       microop_unit__4 |         32 |         32 |       0 |    0 |    32 |      0 |      0 |    0 |          0 |
|       g[1].g_normal.alu_i                  |                      microop_unit__parameterized16__4 |          0 |          0 |       0 |    0 |    32 |      0 |      0 |    0 |          0 |
|   g_has_mem.glen_mem[31].blk_i             |                       uop_block_wrap__parameterized17 |         38 |         38 |       0 |    0 |   124 |      0 |      0 |    0 |          0 |
|     (g_has_mem.glen_mem[31].blk_i)         |                       uop_block_wrap__parameterized17 |          2 |          2 |       0 |    0 |    50 |      0 |      0 |    0 |          0 |
|     core                                   |                            uop_block__parameterized17 |         36 |         36 |       0 |    0 |    74 |      0 |      0 |    0 |          0 |
|       (core)                               |                            uop_block__parameterized17 |          4 |          4 |       0 |    0 |     2 |      0 |      0 |    0 |          0 |
|       g[0].g_normal.alu_i                  |                                       microop_unit__5 |         32 |         32 |       0 |    0 |    32 |      0 |      0 |    0 |          0 |
|       g[1].g_normal.alu_i                  |                      microop_unit__parameterized16__5 |          0 |          0 |       0 |    0 |    32 |      0 |      0 |    0 |          0 |
|       g[2].g_normal.alu_i                  |                       microop_unit__parameterized6__6 |          0 |          0 |       0 |    0 |     8 |      0 |      0 |    0 |          0 |
|   g_has_mem.glen_mem[32].blk_i             |                       uop_block_wrap__parameterized18 |        854 |        854 |       0 |    0 |  1256 |      0 |      0 |    0 |          0 |
|     (g_has_mem.glen_mem[32].blk_i)         |                       uop_block_wrap__parameterized18 |          2 |          2 |       0 |    0 |    74 |      0 |      0 |    0 |          0 |
|     core                                   |                            uop_block__parameterized18 |        852 |        852 |       0 |    0 |  1182 |      0 |      0 |    0 |          0 |
|       (core)                               |                            uop_block__parameterized18 |         19 |         19 |       0 |    0 |     6 |      0 |      0 |    0 |          0 |
|       g[0].g_normal.alu_i                  |                       microop_unit__parameterized7__5 |         64 |         64 |       0 |    0 |    64 |      0 |      0 |    0 |          0 |
|       g[10].g_normal.alu_i                 |                      microop_unit__parameterized16__7 |          0 |          0 |       0 |    0 |    32 |      0 |      0 |    0 |          0 |
|       g[11].g_normal.alu_i                 |                      microop_unit__parameterized6__10 |          0 |          0 |       0 |    0 |     8 |      0 |      0 |    0 |          0 |
|       g[12].g_normal.alu_i                 |                      microop_unit__parameterized6__11 |          0 |          0 |       0 |    0 |     8 |      0 |      0 |    0 |          0 |
|       g[13].g_normal.alu_i                 |                      microop_unit__parameterized0__21 |          0 |          0 |       0 |    0 |    32 |      0 |      0 |    0 |          0 |
|       g[14].g_normal.alu_i                 |                      microop_unit__parameterized9__16 |         32 |         32 |       0 |    0 |    32 |      0 |      0 |    0 |          0 |
|       g[15].g_normal.alu_i                 |                      microop_unit__parameterized16__8 |          0 |          0 |       0 |    0 |    32 |      0 |      0 |    0 |          0 |
|       g[16].g_normal.alu_i                 |                      microop_unit__parameterized9__17 |         32 |         32 |       0 |    0 |    32 |      0 |      0 |    0 |          0 |
|       g[17].g_normal.alu_i                 |                                       microop_unit__8 |         32 |         32 |       0 |    0 |    32 |      0 |      0 |    0 |          0 |
|       g[18].g_normal.alu_i                 |                      microop_unit__parameterized16__9 |          0 |          0 |       0 |    0 |    32 |      0 |      0 |    0 |          0 |
|       g[19].g_normal.alu_i                 |                      microop_unit__parameterized6__12 |          0 |          0 |       0 |    0 |     8 |      0 |      0 |    0 |          0 |
|       g[1].g_normal.alu_i                  |                                       microop_unit__6 |         32 |         32 |       0 |    0 |    32 |      0 |      0 |    0 |          0 |
|       g[20].g_normal.alu_i                 |                      microop_unit__parameterized6__13 |          0 |          0 |       0 |    0 |     8 |      0 |      0 |    0 |          0 |
|       g[22].g_normal.alu_i                 |                         microop_unit__parameterized17 |          1 |          1 |       0 |    0 |    32 |      0 |      0 |    0 |          0 |
|       g[23].g_normal.alu_i                 |                      microop_unit__parameterized0__22 |          0 |          0 |       0 |    0 |    32 |      0 |      0 |    0 |          0 |
|       g[24].g_normal.alu_i                 |                      microop_unit__parameterized9__18 |         32 |         32 |       0 |    0 |    32 |      0 |      0 |    0 |          0 |
|       g[25].g_normal.alu_i                 |                      microop_unit__parameterized9__19 |         32 |         32 |       0 |    0 |    32 |      0 |      0 |    0 |          0 |
|       g[26].g_normal.alu_i                 |                      microop_unit__parameterized9__20 |         32 |         32 |       0 |    0 |    32 |      0 |      0 |    0 |          0 |
|       g[28].g_normal.alu_i                 |                      microop_unit__parameterized9__21 |         32 |         32 |       0 |    0 |    32 |      0 |      0 |    0 |          0 |
|       g[29].g_normal.alu_i                 |                     microop_unit__parameterized10__10 |         32 |         32 |       0 |    0 |    32 |      0 |      0 |    0 |          0 |
|       g[2].g_normal.alu_i                  |                       microop_unit__parameterized7__6 |         64 |         64 |       0 |    0 |    64 |      0 |      0 |    0 |          0 |
|       g[30].g_normal.alu_i                 |                      microop_unit__parameterized11__6 |         32 |         32 |       0 |    0 |    32 |      0 |      0 |    0 |          0 |
|       g[31].g_normal.alu_i                 |                      microop_unit__parameterized0__23 |          0 |          0 |       0 |    0 |    32 |      0 |      0 |    0 |          0 |
|       g[32].g_normal.alu_i                 |                      microop_unit__parameterized9__22 |         32 |         32 |       0 |    0 |    32 |      0 |      0 |    0 |          0 |
|       g[34].g_normal.alu_i                 |                      microop_unit__parameterized0__24 |          0 |          0 |       0 |    0 |    32 |      0 |      0 |    0 |          0 |
|       g[35].g_normal.alu_i                 |                      microop_unit__parameterized9__23 |         32 |         32 |       0 |    0 |    32 |      0 |      0 |    0 |          0 |
|       g[36].g_normal.alu_i                 |                     microop_unit__parameterized10__11 |         32 |         32 |       0 |    0 |    32 |      0 |      0 |    0 |          0 |
|       g[37].g_normal.alu_i                 |                      microop_unit__parameterized11__7 |         32 |         32 |       0 |    0 |    32 |      0 |      0 |    0 |          0 |
|       g[39].g_normal.alu_i                 |                      microop_unit__parameterized9__24 |         32 |         32 |       0 |    0 |    32 |      0 |      0 |    0 |          0 |
|       g[3].g_normal.alu_i                  |                       microop_unit__parameterized6__7 |          0 |          0 |       0 |    0 |     8 |      0 |      0 |    0 |          0 |
|       g[40].g_normal.alu_i                 |                     microop_unit__parameterized10__12 |         32 |         32 |       0 |    0 |    32 |      0 |      0 |    0 |          0 |
|       g[41].g_normal.alu_i                 |                      microop_unit__parameterized11__8 |         32 |         32 |       0 |    0 |    32 |      0 |      0 |    0 |          0 |
|       g[42].g_normal.alu_i                 |                     microop_unit__parameterized10__13 |         32 |         32 |       0 |    0 |    32 |      0 |      0 |    0 |          0 |
|       g[43].g_normal.alu_i                 |                      microop_unit__parameterized11__9 |         32 |         32 |       0 |    0 |    32 |      0 |      0 |    0 |          0 |
|       g[4].g_normal.alu_i                  |                      microop_unit__parameterized16__6 |          0 |          0 |       0 |    0 |    32 |      0 |      0 |    0 |          0 |
|       g[5].g_normal.alu_i                  |                       microop_unit__parameterized6__8 |          0 |          0 |       0 |    0 |     8 |      0 |      0 |    0 |          0 |
|       g[6].g_normal.alu_i                  |                       microop_unit__parameterized6__9 |          0 |          0 |       0 |    0 |     8 |      0 |      0 |    0 |          0 |
|       g[7].g_normal.alu_i                  |                      microop_unit__parameterized9__14 |         32 |         32 |       0 |    0 |    32 |      0 |      0 |    0 |          0 |
|       g[8].g_normal.alu_i                  |                                       microop_unit__7 |         32 |         32 |       0 |    0 |    32 |      0 |      0 |    0 |          0 |
|       g[9].g_normal.alu_i                  |                      microop_unit__parameterized9__15 |         32 |         32 |       0 |    0 |    32 |      0 |      0 |    0 |          0 |
|   g_has_mem.glen_mem[33].blk_i             |                    uop_block_wrap__parameterized19_18 |         66 |         66 |       0 |    0 |   147 |      0 |      0 |    0 |          0 |
|     (g_has_mem.glen_mem[33].blk_i)         |                    uop_block_wrap__parameterized19_18 |          0 |          0 |       0 |    0 |    74 |      0 |      0 |    0 |          0 |
|     core                                   |                         uop_block__parameterized19_90 |         66 |         66 |       0 |    0 |    73 |      0 |      0 |    0 |          0 |
|       (core)                               |                         uop_block__parameterized19_90 |          2 |          2 |       0 |    0 |     1 |      0 |      0 |    0 |          0 |
|       g[0].g_normal.alu_i                  |                       microop_unit__parameterized7__7 |         64 |         64 |       0 |    0 |    64 |      0 |      0 |    0 |          0 |
|       g[1].g_normal.alu_i                  |                      microop_unit__parameterized6__14 |          0 |          0 |       0 |    0 |     8 |      0 |      0 |    0 |          0 |
|   g_has_mem.glen_mem[34].blk_i             |                    uop_block_wrap__parameterized19_19 |         75 |         75 |       0 |    0 |   153 |      0 |      0 |    0 |          0 |
|     (g_has_mem.glen_mem[34].blk_i)         |                    uop_block_wrap__parameterized19_19 |          9 |          9 |       0 |    0 |    80 |      0 |      0 |    0 |          0 |
|     core                                   |                         uop_block__parameterized19_89 |         66 |         66 |       0 |    0 |    73 |      0 |      0 |    0 |          0 |
|       (core)                               |                         uop_block__parameterized19_89 |          2 |          2 |       0 |    0 |     1 |      0 |      0 |    0 |          0 |
|       g[0].g_normal.alu_i                  |                      microop_unit__parameterized7__11 |         64 |         64 |       0 |    0 |    64 |      0 |      0 |    0 |          0 |
|       g[1].g_normal.alu_i                  |                      microop_unit__parameterized6__22 |          0 |          0 |       0 |    0 |     8 |      0 |      0 |    0 |          0 |
|   g_has_mem.glen_mem[35].blk_i             |                    uop_block_wrap__parameterized20_20 |        135 |        135 |       0 |    0 |   234 |      0 |      0 |    0 |          3 |
|     (g_has_mem.glen_mem[35].blk_i)         |                    uop_block_wrap__parameterized20_20 |          1 |          1 |       0 |    0 |    46 |      0 |      0 |    0 |          0 |
|     core                                   |                         uop_block__parameterized20_88 |        134 |        134 |       0 |    0 |   188 |      0 |      0 |    0 |          3 |
|       (core)                               |                         uop_block__parameterized20_88 |          8 |          8 |       0 |    0 |     3 |      0 |      0 |    0 |          0 |
|       g[0].g_normal.alu_i                  |                      microop_unit__parameterized6__15 |          0 |          0 |       0 |    0 |     8 |      0 |      0 |    0 |          0 |
|       g[1].g_normal.alu_i                  |                       microop_unit__parameterized8__7 |         15 |         15 |       0 |    0 |    17 |      0 |      0 |    0 |          3 |
|       g[2].g_normal.alu_i                  |                      microop_unit__parameterized9__25 |         32 |         32 |       0 |    0 |    32 |      0 |      0 |    0 |          0 |
|       g[3].g_normal.alu_i                  |                      microop_unit__parameterized0__25 |          0 |          0 |       0 |    0 |    32 |      0 |      0 |    0 |          0 |
|       g[4].g_normal.alu_i                  |                       microop_unit__parameterized1__5 |         32 |         32 |       0 |    0 |    32 |      0 |      0 |    0 |          0 |
|       g[5].g_normal.alu_i                  |                       microop_unit__parameterized2__5 |         31 |         31 |       0 |    0 |    32 |      0 |      0 |    0 |          0 |
|       g[7].g_normal.alu_i                  |                       microop_unit__parameterized4__5 |         16 |         16 |       0 |    0 |    32 |      0 |      0 |    0 |          0 |
|   g_has_mem.glen_mem[36].blk_i             |                    uop_block_wrap__parameterized20_21 |        132 |        132 |       0 |    0 |   234 |      0 |      0 |    0 |          3 |
|     (g_has_mem.glen_mem[36].blk_i)         |                    uop_block_wrap__parameterized20_21 |          0 |          0 |       0 |    0 |    46 |      0 |      0 |    0 |          0 |
|     core                                   |                         uop_block__parameterized20_87 |        132 |        132 |       0 |    0 |   188 |      0 |      0 |    0 |          3 |
|       (core)                               |                         uop_block__parameterized20_87 |          6 |          6 |       0 |    0 |     3 |      0 |      0 |    0 |          0 |
|       g[0].g_normal.alu_i                  |                      microop_unit__parameterized6__26 |          0 |          0 |       0 |    0 |     8 |      0 |      0 |    0 |          0 |
|       g[1].g_normal.alu_i                  |                      microop_unit__parameterized8__11 |         15 |         15 |       0 |    0 |    17 |      0 |      0 |    0 |          3 |
|       g[2].g_normal.alu_i                  |                      microop_unit__parameterized9__30 |         32 |         32 |       0 |    0 |    32 |      0 |      0 |    0 |          0 |
|       g[3].g_normal.alu_i                  |                      microop_unit__parameterized0__29 |          0 |          0 |       0 |    0 |    32 |      0 |      0 |    0 |          0 |
|       g[4].g_normal.alu_i                  |                       microop_unit__parameterized1__4 |         32 |         32 |       0 |    0 |    32 |      0 |      0 |    0 |          0 |
|       g[5].g_normal.alu_i                  |                       microop_unit__parameterized2__4 |         31 |         31 |       0 |    0 |    32 |      0 |      0 |    0 |          0 |
|       g[7].g_normal.alu_i                  |                       microop_unit__parameterized4__4 |         16 |         16 |       0 |    0 |    32 |      0 |      0 |    0 |          0 |
|   g_has_mem.glen_mem[37].blk_i             |                    uop_block_wrap__parameterized20_22 |        132 |        132 |       0 |    0 |   233 |      0 |      0 |    0 |          3 |
|     (g_has_mem.glen_mem[37].blk_i)         |                    uop_block_wrap__parameterized20_22 |          0 |          0 |       0 |    0 |    45 |      0 |      0 |    0 |          0 |
|     core                                   |                         uop_block__parameterized20_86 |        132 |        132 |       0 |    0 |   188 |      0 |      0 |    0 |          3 |
|       (core)                               |                         uop_block__parameterized20_86 |          6 |          6 |       0 |    0 |     3 |      0 |      0 |    0 |          0 |
|       g[0].g_normal.alu_i                  |                      microop_unit__parameterized6__25 |          0 |          0 |       0 |    0 |     8 |      0 |      0 |    0 |          0 |
|       g[1].g_normal.alu_i                  |                      microop_unit__parameterized8__10 |         15 |         15 |       0 |    0 |    17 |      0 |      0 |    0 |          3 |
|       g[2].g_normal.alu_i                  |                      microop_unit__parameterized9__29 |         32 |         32 |       0 |    0 |    32 |      0 |      0 |    0 |          0 |
|       g[3].g_normal.alu_i                  |                      microop_unit__parameterized0__28 |          0 |          0 |       0 |    0 |    32 |      0 |      0 |    0 |          0 |
|       g[4].g_normal.alu_i                  |                       microop_unit__parameterized1__3 |         32 |         32 |       0 |    0 |    32 |      0 |      0 |    0 |          0 |
|       g[5].g_normal.alu_i                  |                       microop_unit__parameterized2__3 |         31 |         31 |       0 |    0 |    32 |      0 |      0 |    0 |          0 |
|       g[7].g_normal.alu_i                  |                       microop_unit__parameterized4__3 |         16 |         16 |       0 |    0 |    32 |      0 |      0 |    0 |          0 |
|   g_has_mem.glen_mem[38].blk_i             |                    uop_block_wrap__parameterized20_23 |        133 |        133 |       0 |    0 |   235 |      0 |      0 |    0 |          3 |
|     (g_has_mem.glen_mem[38].blk_i)         |                    uop_block_wrap__parameterized20_23 |          0 |          0 |       0 |    0 |    47 |      0 |      0 |    0 |          0 |
|     core                                   |                         uop_block__parameterized20_85 |        133 |        133 |       0 |    0 |   188 |      0 |      0 |    0 |          3 |
|       (core)                               |                         uop_block__parameterized20_85 |          7 |          7 |       0 |    0 |     3 |      0 |      0 |    0 |          0 |
|       g[0].g_normal.alu_i                  |                      microop_unit__parameterized6__24 |          0 |          0 |       0 |    0 |     8 |      0 |      0 |    0 |          0 |
|       g[1].g_normal.alu_i                  |                       microop_unit__parameterized8__9 |         15 |         15 |       0 |    0 |    17 |      0 |      0 |    0 |          3 |
|       g[2].g_normal.alu_i                  |                      microop_unit__parameterized9__28 |         32 |         32 |       0 |    0 |    32 |      0 |      0 |    0 |          0 |
|       g[3].g_normal.alu_i                  |                      microop_unit__parameterized0__27 |          0 |          0 |       0 |    0 |    32 |      0 |      0 |    0 |          0 |
|       g[4].g_normal.alu_i                  |                       microop_unit__parameterized1__2 |         32 |         32 |       0 |    0 |    32 |      0 |      0 |    0 |          0 |
|       g[5].g_normal.alu_i                  |                       microop_unit__parameterized2__2 |         31 |         31 |       0 |    0 |    32 |      0 |      0 |    0 |          0 |
|       g[7].g_normal.alu_i                  |                       microop_unit__parameterized4__2 |         16 |         16 |       0 |    0 |    32 |      0 |      0 |    0 |          0 |
|   g_has_mem.glen_mem[39].blk_i             |                    uop_block_wrap__parameterized20_24 |        133 |        133 |       0 |    0 |   234 |      0 |      0 |    0 |          3 |
|     (g_has_mem.glen_mem[39].blk_i)         |                    uop_block_wrap__parameterized20_24 |          0 |          0 |       0 |    0 |    46 |      0 |      0 |    0 |          0 |
|     core                                   |                         uop_block__parameterized20_84 |        133 |        133 |       0 |    0 |   188 |      0 |      0 |    0 |          3 |
|       (core)                               |                         uop_block__parameterized20_84 |          7 |          7 |       0 |    0 |     3 |      0 |      0 |    0 |          0 |
|       g[0].g_normal.alu_i                  |                      microop_unit__parameterized6__23 |          0 |          0 |       0 |    0 |     8 |      0 |      0 |    0 |          0 |
|       g[1].g_normal.alu_i                  |                       microop_unit__parameterized8__8 |         15 |         15 |       0 |    0 |    17 |      0 |      0 |    0 |          3 |
|       g[2].g_normal.alu_i                  |                      microop_unit__parameterized9__27 |         32 |         32 |       0 |    0 |    32 |      0 |      0 |    0 |          0 |
|       g[3].g_normal.alu_i                  |                      microop_unit__parameterized0__26 |          0 |          0 |       0 |    0 |    32 |      0 |      0 |    0 |          0 |
|       g[4].g_normal.alu_i                  |                       microop_unit__parameterized1__1 |         32 |         32 |       0 |    0 |    32 |      0 |      0 |    0 |          0 |
|       g[5].g_normal.alu_i                  |                       microop_unit__parameterized2__1 |         31 |         31 |       0 |    0 |    32 |      0 |      0 |    0 |          0 |
|       g[7].g_normal.alu_i                  |                       microop_unit__parameterized4__1 |         16 |         16 |       0 |    0 |    32 |      0 |      0 |    0 |          0 |
|   g_has_mem.glen_mem[3].blk_i              |                     uop_block_wrap__parameterized0_25 |         79 |         79 |       0 |    0 |   197 |      0 |      0 |    0 |          0 |
|     (g_has_mem.glen_mem[3].blk_i)          |                     uop_block_wrap__parameterized0_25 |          0 |          0 |       0 |    0 |    37 |      0 |      0 |    0 |          0 |
|     core                                   |                             uop_block__parameterized0 |         79 |         79 |       0 |    0 |   160 |      0 |      0 |    0 |          0 |
|       (core)                               |                             uop_block__parameterized0 |          0 |          0 |       0 |    0 |     0 |      0 |      0 |    0 |          0 |
|       g[0].g_normal.alu_i                  |                      microop_unit__parameterized0__63 |          0 |          0 |       0 |    0 |    32 |      0 |      0 |    0 |          0 |
|       g[2].g_normal.alu_i                  |                      microop_unit__parameterized0__62 |          0 |          0 |       0 |    0 |    32 |      0 |      0 |    0 |          0 |
|       g[3].g_normal.alu_i                  |                      microop_unit__parameterized1__11 |         32 |         32 |       0 |    0 |    32 |      0 |      0 |    0 |          0 |
|       g[4].g_normal.alu_i                  |                      microop_unit__parameterized2__11 |         31 |         31 |       0 |    0 |    32 |      0 |      0 |    0 |          0 |
|       g[6].g_normal.alu_i                  |                       microop_unit__parameterized3__2 |         16 |         16 |       0 |    0 |    32 |      0 |      0 |    0 |          0 |
|   g_has_mem.glen_mem[40].blk_i             |                    uop_block_wrap__parameterized20_26 |        133 |        133 |       0 |    0 |   232 |      0 |      0 |    0 |          3 |
|     (g_has_mem.glen_mem[40].blk_i)         |                    uop_block_wrap__parameterized20_26 |          0 |          0 |       0 |    0 |    44 |      0 |      0 |    0 |          0 |
|     core                                   |                         uop_block__parameterized20_83 |        133 |        133 |       0 |    0 |   188 |      0 |      0 |    0 |          3 |
|       (core)                               |                         uop_block__parameterized20_83 |          7 |          7 |       0 |    0 |     3 |      0 |      0 |    0 |          0 |
|       g[0].g_normal.alu_i                  |                      microop_unit__parameterized6__29 |          0 |          0 |       0 |    0 |     8 |      0 |      0 |    0 |          0 |
|       g[1].g_normal.alu_i                  |                      microop_unit__parameterized8__14 |         15 |         15 |       0 |    0 |    17 |      0 |      0 |    0 |          3 |
|       g[2].g_normal.alu_i                  |                      microop_unit__parameterized9__34 |         32 |         32 |       0 |    0 |    32 |      0 |      0 |    0 |          0 |
|       g[3].g_normal.alu_i                  |                      microop_unit__parameterized0__33 |          0 |          0 |       0 |    0 |    32 |      0 |      0 |    0 |          0 |
|       g[4].g_normal.alu_i                  |                       microop_unit__parameterized1__7 |         32 |         32 |       0 |    0 |    32 |      0 |      0 |    0 |          0 |
|       g[5].g_normal.alu_i                  |                       microop_unit__parameterized2__7 |         31 |         31 |       0 |    0 |    32 |      0 |      0 |    0 |          0 |
|       g[7].g_normal.alu_i                  |                       microop_unit__parameterized4__7 |         16 |         16 |       0 |    0 |    32 |      0 |      0 |    0 |          0 |
|   g_has_mem.glen_mem[41].blk_i             |                    uop_block_wrap__parameterized20_27 |        133 |        133 |       0 |    0 |   228 |      0 |      0 |    0 |          3 |
|     (g_has_mem.glen_mem[41].blk_i)         |                    uop_block_wrap__parameterized20_27 |          0 |          0 |       0 |    0 |    40 |      0 |      0 |    0 |          0 |
|     core                                   |                            uop_block__parameterized20 |        133 |        133 |       0 |    0 |   188 |      0 |      0 |    0 |          3 |
|       (core)                               |                            uop_block__parameterized20 |          7 |          7 |       0 |    0 |     3 |      0 |      0 |    0 |          0 |
|       g[0].g_normal.alu_i                  |                      microop_unit__parameterized6__34 |          0 |          0 |       0 |    0 |     8 |      0 |      0 |    0 |          0 |
|       g[1].g_normal.alu_i                  |                      microop_unit__parameterized8__19 |         15 |         15 |       0 |    0 |    17 |      0 |      0 |    0 |          3 |
|       g[2].g_normal.alu_i                  |                      microop_unit__parameterized9__37 |         32 |         32 |       0 |    0 |    32 |      0 |      0 |    0 |          0 |
|       g[3].g_normal.alu_i                  |                      microop_unit__parameterized0__41 |          0 |          0 |       0 |    0 |    32 |      0 |      0 |    0 |          0 |
|       g[4].g_normal.alu_i                  |                       microop_unit__parameterized1__6 |         32 |         32 |       0 |    0 |    32 |      0 |      0 |    0 |          0 |
|       g[5].g_normal.alu_i                  |                       microop_unit__parameterized2__6 |         31 |         31 |       0 |    0 |    32 |      0 |      0 |    0 |          0 |
|       g[7].g_normal.alu_i                  |                       microop_unit__parameterized4__6 |         16 |         16 |       0 |    0 |    32 |      0 |      0 |    0 |          0 |
|   g_has_mem.glen_mem[42].blk_i             |                    uop_block_wrap__parameterized21_28 |          5 |          5 |       0 |    0 |   207 |      0 |      0 |    0 |          0 |
|     (g_has_mem.glen_mem[42].blk_i)         |                    uop_block_wrap__parameterized21_28 |          3 |          3 |       0 |    0 |    78 |      0 |      0 |    0 |          0 |
|     core                                   |                            uop_block__parameterized21 |          2 |          2 |       0 |    0 |   129 |      0 |      0 |    0 |          0 |
|       (core)                               |                            uop_block__parameterized21 |          2 |          2 |       0 |    0 |     1 |      0 |      0 |    0 |          0 |
|       g[0].g_normal.alu_i                  |                      microop_unit__parameterized5__20 |          0 |          0 |       0 |    0 |    64 |      0 |      0 |    0 |          0 |
|       g[1].g_normal.alu_i                  |                      microop_unit__parameterized5__21 |          0 |          0 |       0 |    0 |    64 |      0 |      0 |    0 |          0 |
|   g_has_mem.glen_mem[43].blk_i             |                       uop_block_wrap__parameterized22 |          4 |          4 |       0 |    0 |    86 |      0 |      0 |    0 |          0 |
|     (g_has_mem.glen_mem[43].blk_i)         |                       uop_block_wrap__parameterized22 |          1 |          1 |       0 |    0 |    45 |      0 |      0 |    0 |          0 |
|     core                                   |                            uop_block__parameterized22 |          3 |          3 |       0 |    0 |    41 |      0 |      0 |    0 |          0 |
|       (core)                               |                            uop_block__parameterized22 |          3 |          3 |       0 |    0 |     1 |      0 |      0 |    0 |          0 |
|       g[0].g_normal.alu_i                  |                         microop_unit__parameterized18 |          0 |          0 |       0 |    0 |     8 |      0 |      0 |    0 |          0 |
|       g[1].g_normal.alu_i                  |                      microop_unit__parameterized0__34 |          0 |          0 |       0 |    0 |    32 |      0 |      0 |    0 |          0 |
|   g_has_mem.glen_mem[44].blk_i             |                       uop_block_wrap__parameterized23 |          0 |          0 |       0 |    0 |   102 |      0 |      0 |    0 |          0 |
|     (g_has_mem.glen_mem[44].blk_i)         |                       uop_block_wrap__parameterized23 |          0 |          0 |       0 |    0 |    38 |      0 |      0 |    0 |          0 |
|     core                                   |                            uop_block__parameterized23 |          0 |          0 |       0 |    0 |    64 |      0 |      0 |    0 |          0 |
|       (core)                               |                            uop_block__parameterized23 |          0 |          0 |       0 |    0 |     0 |      0 |      0 |    0 |          0 |
|       g[0].g_normal.alu_i                  |                      microop_unit__parameterized0__35 |          0 |          0 |       0 |    0 |    32 |      0 |      0 |    0 |          0 |
|       g[1].g_normal.alu_i                  |                     microop_unit__parameterized16__10 |          0 |          0 |       0 |    0 |    32 |      0 |      0 |    0 |          0 |
|   g_has_mem.glen_mem[45].blk_i             |                       uop_block_wrap__parameterized24 |        118 |        118 |       0 |    0 |   187 |      0 |      0 |    0 |          9 |
|     (g_has_mem.glen_mem[45].blk_i)         |                       uop_block_wrap__parameterized24 |          1 |          1 |       0 |    0 |    45 |      0 |      0 |    0 |          0 |
|     core                                   |                            uop_block__parameterized24 |        117 |        117 |       0 |    0 |   142 |      0 |      0 |    0 |          9 |
|       (core)                               |                            uop_block__parameterized24 |          8 |          8 |       0 |    0 |     3 |      0 |      0 |    0 |          0 |
|       g[0].g_normal.alu_i                  |                      microop_unit__parameterized6__30 |          0 |          0 |       0 |    0 |     8 |      0 |      0 |    0 |          0 |
|       g[1].g_normal.alu_i                  |                      microop_unit__parameterized6__31 |          0 |          0 |       0 |    0 |     8 |      0 |      0 |    0 |          0 |
|       g[2].g_normal.alu_i                  |                      microop_unit__parameterized8__15 |         15 |         15 |       0 |    0 |    17 |      0 |      0 |    0 |          3 |
|       g[3].g_normal.alu_i                  |                      microop_unit__parameterized8__16 |         15 |         15 |       0 |    0 |    17 |      0 |      0 |    0 |          3 |
|       g[4].g_normal.alu_i                  |                      microop_unit__parameterized9__35 |         32 |         32 |       0 |    0 |    32 |      0 |      0 |    0 |          0 |
|       g[5].g_normal.alu_i                  |                      microop_unit__parameterized6__32 |          0 |          0 |       0 |    0 |     8 |      0 |      0 |    0 |          0 |
|       g[6].g_normal.alu_i                  |                      microop_unit__parameterized8__17 |         15 |         15 |       0 |    0 |    17 |      0 |      0 |    0 |          3 |
|       g[7].g_normal.alu_i                  |                      microop_unit__parameterized9__36 |         32 |         32 |       0 |    0 |    32 |      0 |      0 |    0 |          0 |
|   g_has_mem.glen_mem[46].blk_i             |                       uop_block_wrap__parameterized25 |         64 |         64 |       0 |    0 |   102 |      0 |      0 |    0 |          0 |
|     (g_has_mem.glen_mem[46].blk_i)         |                       uop_block_wrap__parameterized25 |          0 |          0 |       0 |    0 |    37 |      0 |      0 |    0 |          0 |
|     core                                   |                            uop_block__parameterized25 |         64 |         64 |       0 |    0 |    65 |      0 |      0 |    0 |          0 |
|       (core)                               |                            uop_block__parameterized25 |          0 |          0 |       0 |    0 |     0 |      0 |      0 |    0 |          0 |
|       g[0].g_normal.alu_i                  |                      microop_unit__parameterized19__1 |         32 |         32 |       0 |    0 |    32 |      0 |      0 |    0 |          0 |
|       g[1].g_normal.alu_i                  |                     microop_unit__parameterized10__16 |         32 |         32 |       0 |    0 |    32 |      0 |      0 |    0 |          0 |
|       g[2].g_normal.alu_i                  |                      microop_unit__parameterized20__1 |          0 |          0 |       0 |    0 |     1 |      0 |      0 |    0 |          0 |
|   g_has_mem.glen_mem[47].blk_i             |                       uop_block_wrap__parameterized26 |        230 |        230 |       0 |    0 |   565 |      0 |      0 |    0 |          6 |
|     (g_has_mem.glen_mem[47].blk_i)         |                       uop_block_wrap__parameterized26 |          0 |          0 |       0 |    0 |    47 |      0 |      0 |    0 |          0 |
|     core                                   |                            uop_block__parameterized26 |        230 |        230 |       0 |    0 |   518 |      0 |      0 |    0 |          6 |
|       (core)                               |                            uop_block__parameterized26 |          8 |          8 |       0 |    0 |     4 |      0 |      0 |    0 |          0 |
|       g[0].g_normal.alu_i                  |                      microop_unit__parameterized0__36 |          0 |          0 |       0 |    0 |    32 |      0 |      0 |    0 |          0 |
|       g[10].g_normal.alu_i                 |              microop_unit__parameterized12__xdcDup__6 |         64 |         64 |       0 |    0 |   128 |      0 |      0 |    0 |          0 |
|         (g[10].g_normal.alu_i)             |              microop_unit__parameterized12__xdcDup__6 |          0 |          0 |       0 |    0 |    64 |      0 |      0 |    0 |          0 |
|         g_iadd.use_ip.u_addsub             |                                integer_addsub_HD15677 |         64 |         64 |       0 |    0 |    64 |      0 |      0 |    0 |          0 |
|           (g_iadd.use_ip.u_addsub)         |                                integer_addsub_HD15677 |          0 |          0 |       0 |    0 |     0 |      0 |      0 |    0 |          0 |
|           U0                               |               integer_addsubc_addsub_v12_0_14_HD15678 |         64 |         64 |       0 |    0 |    64 |      0 |      0 |    0 |          0 |
|             (U0)                           |               integer_addsubc_addsub_v12_0_14_HD15678 |          0 |          0 |       0 |    0 |     0 |      0 |      0 |    0 |          0 |
|             xst_addsub                     |           integer_addsubc_addsub_v12_0_14_viv_HD15679 |         64 |         64 |       0 |    0 |    64 |      0 |      0 |    0 |          0 |
|               (xst_addsub)                 |           integer_addsubc_addsub_v12_0_14_viv_HD15679 |          0 |          0 |       0 |    0 |     0 |      0 |      0 |    0 |          0 |
|               i_baseblox.i_baseblox_addsub |        integer_addsubc_addsub_v12_0_14_legacy_HD15680 |         64 |         64 |       0 |    0 |    64 |      0 |      0 |    0 |          0 |
|                 no_pipelining.the_addsub   | integer_addsubc_addsub_v12_0_14_fabric_legacy_HD15681 |         64 |         64 |       0 |    0 |    64 |      0 |      0 |    0 |          0 |
|                   i_lut6.i_lut6_addsub     |   integer_addsubc_addsub_v12_0_14_lut6_legacy_HD15682 |         64 |         64 |       0 |    0 |    64 |      0 |      0 |    0 |          0 |
|                     (i_lut6.i_lut6_addsub) |   integer_addsubc_addsub_v12_0_14_lut6_legacy_HD15682 |         64 |         64 |       0 |    0 |     0 |      0 |      0 |    0 |          0 |
|                     i_q.i_simple.qreg      |            integer_addsubc_reg_fd_v12_0_6_viv_HD15683 |          0 |          0 |       0 |    0 |    64 |      0 |      0 |    0 |          0 |
|       g[11].g_normal.alu_i                 |              microop_unit__parameterized12__xdcDup__7 |         64 |         64 |       0 |    0 |   128 |      0 |      0 |    0 |          0 |
|         (g[11].g_normal.alu_i)             |              microop_unit__parameterized12__xdcDup__7 |          0 |          0 |       0 |    0 |    64 |      0 |      0 |    0 |          0 |
|         g_iadd.use_ip.u_addsub             |                                integer_addsub_HD15684 |         64 |         64 |       0 |    0 |    64 |      0 |      0 |    0 |          0 |
|           (g_iadd.use_ip.u_addsub)         |                                integer_addsub_HD15684 |          0 |          0 |       0 |    0 |     0 |      0 |      0 |    0 |          0 |
|           U0                               |               integer_addsubc_addsub_v12_0_14_HD15685 |         64 |         64 |       0 |    0 |    64 |      0 |      0 |    0 |          0 |
|             (U0)                           |               integer_addsubc_addsub_v12_0_14_HD15685 |          0 |          0 |       0 |    0 |     0 |      0 |      0 |    0 |          0 |
|             xst_addsub                     |           integer_addsubc_addsub_v12_0_14_viv_HD15686 |         64 |         64 |       0 |    0 |    64 |      0 |      0 |    0 |          0 |
|               (xst_addsub)                 |           integer_addsubc_addsub_v12_0_14_viv_HD15686 |          0 |          0 |       0 |    0 |     0 |      0 |      0 |    0 |          0 |
|               i_baseblox.i_baseblox_addsub |        integer_addsubc_addsub_v12_0_14_legacy_HD15687 |         64 |         64 |       0 |    0 |    64 |      0 |      0 |    0 |          0 |
|                 no_pipelining.the_addsub   | integer_addsubc_addsub_v12_0_14_fabric_legacy_HD15688 |         64 |         64 |       0 |    0 |    64 |      0 |      0 |    0 |          0 |
|                   i_lut6.i_lut6_addsub     |   integer_addsubc_addsub_v12_0_14_lut6_legacy_HD15689 |         64 |         64 |       0 |    0 |    64 |      0 |      0 |    0 |          0 |
|                     (i_lut6.i_lut6_addsub) |   integer_addsubc_addsub_v12_0_14_lut6_legacy_HD15689 |         64 |         64 |       0 |    0 |     0 |      0 |      0 |    0 |          0 |
|                     i_q.i_simple.qreg      |            integer_addsubc_reg_fd_v12_0_6_viv_HD15690 |          0 |          0 |       0 |    0 |    64 |      0 |      0 |    0 |          0 |
|       g[2].g_normal.alu_i                  |                      microop_unit__parameterized5__22 |          0 |          0 |       0 |    0 |    64 |      0 |      0 |    0 |          0 |
|       g[4].g_normal.alu_i                  |                      microop_unit__parameterized8__18 |         15 |         15 |       0 |    0 |    17 |      0 |      0 |    0 |          3 |
|       g[5].g_normal.alu_i                  |                      microop_unit__parameterized9__38 |         32 |         32 |       0 |    0 |    32 |      0 |      0 |    0 |          0 |
|       g[6].g_normal.alu_i                  |                         microop_unit__parameterized21 |         32 |         32 |       0 |    0 |    32 |      0 |      0 |    0 |          0 |
|       g[7].g_normal.alu_i                  |                     microop_unit__parameterized16__11 |          0 |          0 |       0 |    0 |    32 |      0 |      0 |    0 |          0 |
|       g[8].g_normal.alu_i                  |                      microop_unit__parameterized8__20 |         15 |         15 |       0 |    0 |    17 |      0 |      0 |    0 |          3 |
|       g[9].g_normal.alu_i                  |                     microop_unit__parameterized16__12 |          0 |          0 |       0 |    0 |    32 |      0 |      0 |    0 |          0 |
|   g_has_mem.glen_mem[48].blk_i             |                       uop_block_wrap__parameterized27 |         19 |         19 |       0 |    0 |    69 |      0 |      0 |    0 |          3 |
|     (g_has_mem.glen_mem[48].blk_i)         |                       uop_block_wrap__parameterized27 |          1 |          1 |       0 |    0 |    43 |      0 |      0 |    0 |          0 |
|     core                                   |                            uop_block__parameterized27 |         18 |         18 |       0 |    0 |    26 |      0 |      0 |    0 |          3 |
|       (core)                               |                            uop_block__parameterized27 |          3 |          3 |       0 |    0 |     1 |      0 |      0 |    0 |          0 |
|       g[0].g_normal.alu_i                  |                      microop_unit__parameterized6__16 |          0 |          0 |       0 |    0 |     8 |      0 |      0 |    0 |          0 |
|       g[1].g_normal.alu_i                  |                      microop_unit__parameterized8__12 |         15 |         15 |       0 |    0 |    17 |      0 |      0 |    0 |          3 |
|   g_has_mem.glen_mem[49].blk_i             |                       uop_block_wrap__parameterized28 |         32 |         32 |       0 |    0 |   102 |      0 |      0 |    0 |          0 |
|     (g_has_mem.glen_mem[49].blk_i)         |                       uop_block_wrap__parameterized28 |          0 |          0 |       0 |    0 |    38 |      0 |      0 |    0 |          0 |
|     core                                   |                         uop_block__parameterized28_82 |         32 |         32 |       0 |    0 |    64 |      0 |      0 |    0 |          0 |
|       (core)                               |                         uop_block__parameterized28_82 |          0 |          0 |       0 |    0 |     0 |      0 |      0 |    0 |          0 |
|       g[0].g_normal.alu_i                  |                                      microop_unit__16 |         32 |         32 |       0 |    0 |    32 |      0 |      0 |    0 |          0 |
|       g[1].g_normal.alu_i                  |                      microop_unit__parameterized22__1 |          0 |          0 |       0 |    0 |    32 |      0 |      0 |    0 |          0 |
|   g_has_mem.glen_mem[4].blk_i              |                        uop_block_wrap__parameterized2 |        111 |        111 |       0 |    0 |   197 |      0 |      0 |    0 |          0 |
|     (g_has_mem.glen_mem[4].blk_i)          |                        uop_block_wrap__parameterized2 |          0 |          0 |       0 |    0 |    37 |      0 |      0 |    0 |          0 |
|     core                                   |                          uop_block__parameterized2_81 |        111 |        111 |       0 |    0 |   160 |      0 |      0 |    0 |          0 |
|       (core)                               |                          uop_block__parameterized2_81 |          0 |          0 |       0 |    0 |     0 |      0 |      0 |    0 |          0 |
|       g[0].g_normal.alu_i                  |                                      microop_unit__45 |         32 |         32 |       0 |    0 |    32 |      0 |      0 |    0 |          0 |
|       g[2].g_normal.alu_i                  |                      microop_unit__parameterized0__65 |          0 |          0 |       0 |    0 |    32 |      0 |      0 |    0 |          0 |
|       g[3].g_normal.alu_i                  |                      microop_unit__parameterized1__13 |         32 |         32 |       0 |    0 |    32 |      0 |      0 |    0 |          0 |
|       g[4].g_normal.alu_i                  |                      microop_unit__parameterized2__13 |         31 |         31 |       0 |    0 |    32 |      0 |      0 |    0 |          0 |
|       g[6].g_normal.alu_i                  |                       microop_unit__parameterized3__4 |         16 |         16 |       0 |    0 |    32 |      0 |      0 |    0 |          0 |
|   g_has_mem.glen_mem[50].blk_i             |                    uop_block_wrap__parameterized28_29 |         32 |         32 |       0 |    0 |   102 |      0 |      0 |    0 |          0 |
|     (g_has_mem.glen_mem[50].blk_i)         |                    uop_block_wrap__parameterized28_29 |          0 |          0 |       0 |    0 |    38 |      0 |      0 |    0 |          0 |
|     core                                   |                         uop_block__parameterized28_80 |         32 |         32 |       0 |    0 |    64 |      0 |      0 |    0 |          0 |
|       (core)                               |                         uop_block__parameterized28_80 |          0 |          0 |       0 |    0 |     0 |      0 |      0 |    0 |          0 |
|       g[0].g_normal.alu_i                  |                                      microop_unit__25 |         32 |         32 |       0 |    0 |    32 |      0 |      0 |    0 |          0 |
|       g[1].g_normal.alu_i                  |                      microop_unit__parameterized22__6 |          0 |          0 |       0 |    0 |    32 |      0 |      0 |    0 |          0 |
|   g_has_mem.glen_mem[51].blk_i             |            uop_block_wrap__parameterized29__xdcDup__1 |        135 |        135 |       0 |    0 |   397 |      0 |      0 |    0 |          0 |
|     (g_has_mem.glen_mem[51].blk_i)         |            uop_block_wrap__parameterized29__xdcDup__1 |          2 |          2 |       0 |    0 |    75 |      0 |      0 |    0 |          0 |
|     core                                   |                 uop_block__parameterized29__xdcDup__1 |        133 |        133 |       0 |    0 |   322 |      0 |      0 |    0 |          0 |
|       (core)                               |                 uop_block__parameterized29__xdcDup__1 |          5 |          5 |       0 |    0 |     2 |      0 |      0 |    0 |          0 |
|       g[0].g_normal.alu_i                  |                       microop_unit__parameterized5__7 |          0 |          0 |       0 |    0 |    64 |      0 |      0 |    0 |          0 |
|       g[1].g_normal.alu_i                  |              microop_unit__parameterized12__xdcDup__8 |         64 |         64 |       0 |    0 |   128 |      0 |      0 |    0 |          0 |
|         (g[1].g_normal.alu_i)              |              microop_unit__parameterized12__xdcDup__8 |          0 |          0 |       0 |    0 |    64 |      0 |      0 |    0 |          0 |
|         g_iadd.use_ip.u_addsub             |                                integer_addsub_HD15691 |         64 |         64 |       0 |    0 |    64 |      0 |      0 |    0 |          0 |
|           (g_iadd.use_ip.u_addsub)         |                                integer_addsub_HD15691 |          0 |          0 |       0 |    0 |     0 |      0 |      0 |    0 |          0 |
|           U0                               |               integer_addsubc_addsub_v12_0_14_HD15692 |         64 |         64 |       0 |    0 |    64 |      0 |      0 |    0 |          0 |
|             (U0)                           |               integer_addsubc_addsub_v12_0_14_HD15692 |          0 |          0 |       0 |    0 |     0 |      0 |      0 |    0 |          0 |
|             xst_addsub                     |           integer_addsubc_addsub_v12_0_14_viv_HD15693 |         64 |         64 |       0 |    0 |    64 |      0 |      0 |    0 |          0 |
|               (xst_addsub)                 |           integer_addsubc_addsub_v12_0_14_viv_HD15693 |          0 |          0 |       0 |    0 |     0 |      0 |      0 |    0 |          0 |
|               i_baseblox.i_baseblox_addsub |        integer_addsubc_addsub_v12_0_14_legacy_HD15694 |         64 |         64 |       0 |    0 |    64 |      0 |      0 |    0 |          0 |
|                 no_pipelining.the_addsub   | integer_addsubc_addsub_v12_0_14_fabric_legacy_HD15695 |         64 |         64 |       0 |    0 |    64 |      0 |      0 |    0 |          0 |
|                   i_lut6.i_lut6_addsub     |   integer_addsubc_addsub_v12_0_14_lut6_legacy_HD15696 |         64 |         64 |       0 |    0 |    64 |      0 |      0 |    0 |          0 |
|                     (i_lut6.i_lut6_addsub) |   integer_addsubc_addsub_v12_0_14_lut6_legacy_HD15696 |         64 |         64 |       0 |    0 |     0 |      0 |      0 |    0 |          0 |
|                     i_q.i_simple.qreg      |            integer_addsubc_reg_fd_v12_0_6_viv_HD15697 |          0 |          0 |       0 |    0 |    64 |      0 |      0 |    0 |          0 |
|       g[2].g_normal.alu_i                  |              microop_unit__parameterized12__xdcDup__9 |         64 |         64 |       0 |    0 |   128 |      0 |      0 |    0 |          0 |
|         (g[2].g_normal.alu_i)              |              microop_unit__parameterized12__xdcDup__9 |          0 |          0 |       0 |    0 |    64 |      0 |      0 |    0 |          0 |
|         g_iadd.use_ip.u_addsub             |                                integer_addsub_HD15698 |         64 |         64 |       0 |    0 |    64 |      0 |      0 |    0 |          0 |
|           (g_iadd.use_ip.u_addsub)         |                                integer_addsub_HD15698 |          0 |          0 |       0 |    0 |     0 |      0 |      0 |    0 |          0 |
|           U0                               |               integer_addsubc_addsub_v12_0_14_HD15699 |         64 |         64 |       0 |    0 |    64 |      0 |      0 |    0 |          0 |
|             (U0)                           |               integer_addsubc_addsub_v12_0_14_HD15699 |          0 |          0 |       0 |    0 |     0 |      0 |      0 |    0 |          0 |
|             xst_addsub                     |           integer_addsubc_addsub_v12_0_14_viv_HD15700 |         64 |         64 |       0 |    0 |    64 |      0 |      0 |    0 |          0 |
|               (xst_addsub)                 |           integer_addsubc_addsub_v12_0_14_viv_HD15700 |          0 |          0 |       0 |    0 |     0 |      0 |      0 |    0 |          0 |
|               i_baseblox.i_baseblox_addsub |        integer_addsubc_addsub_v12_0_14_legacy_HD15701 |         64 |         64 |       0 |    0 |    64 |      0 |      0 |    0 |          0 |
|                 no_pipelining.the_addsub   | integer_addsubc_addsub_v12_0_14_fabric_legacy_HD15702 |         64 |         64 |       0 |    0 |    64 |      0 |      0 |    0 |          0 |
|                   i_lut6.i_lut6_addsub     |   integer_addsubc_addsub_v12_0_14_lut6_legacy_HD15703 |         64 |         64 |       0 |    0 |    64 |      0 |      0 |    0 |          0 |
|                     (i_lut6.i_lut6_addsub) |   integer_addsubc_addsub_v12_0_14_lut6_legacy_HD15703 |         64 |         64 |       0 |    0 |     0 |      0 |      0 |    0 |          0 |
|                     i_q.i_simple.qreg      |            integer_addsubc_reg_fd_v12_0_6_viv_HD15704 |          0 |          0 |       0 |    0 |    64 |      0 |      0 |    0 |          0 |
|   g_has_mem.glen_mem[52].blk_i             |                                     uop_block_wrap_30 |         32 |         32 |       0 |    0 |    69 |      0 |      0 |    0 |          0 |
|     (g_has_mem.glen_mem[52].blk_i)         |                                     uop_block_wrap_30 |          0 |          0 |       0 |    0 |    37 |      0 |      0 |    0 |          0 |
|     core                                   |                                          uop_block_79 |         32 |         32 |       0 |    0 |    32 |      0 |      0 |    0 |          0 |
|       (core)                               |                                          uop_block_79 |          0 |          0 |       0 |    0 |     0 |      0 |      0 |    0 |          0 |
|       g[0].g_normal.alu_i                  |                                      microop_unit__17 |         32 |         32 |       0 |    0 |    32 |      0 |      0 |    0 |          0 |
|   g_has_mem.glen_mem[53].blk_i             |                                     uop_block_wrap_31 |         32 |         32 |       0 |    0 |    69 |      0 |      0 |    0 |          0 |
|     (g_has_mem.glen_mem[53].blk_i)         |                                     uop_block_wrap_31 |          0 |          0 |       0 |    0 |    37 |      0 |      0 |    0 |          0 |
|     core                                   |                                          uop_block_78 |         32 |         32 |       0 |    0 |    32 |      0 |      0 |    0 |          0 |
|       (core)                               |                                          uop_block_78 |          0 |          0 |       0 |    0 |     0 |      0 |      0 |    0 |          0 |
|       g[0].g_normal.alu_i                  |                                      microop_unit__33 |         32 |         32 |       0 |    0 |    32 |      0 |      0 |    0 |          0 |
|   g_has_mem.glen_mem[54].blk_i             |                                     uop_block_wrap_32 |         32 |         32 |       0 |    0 |    69 |      0 |      0 |    0 |          0 |
|     (g_has_mem.glen_mem[54].blk_i)         |                                     uop_block_wrap_32 |          0 |          0 |       0 |    0 |    37 |      0 |      0 |    0 |          0 |
|     core                                   |                                          uop_block_77 |         32 |         32 |       0 |    0 |    32 |      0 |      0 |    0 |          0 |
|       (core)                               |                                          uop_block_77 |          0 |          0 |       0 |    0 |     0 |      0 |      0 |    0 |          0 |
|       g[0].g_normal.alu_i                  |                                      microop_unit__32 |         32 |         32 |       0 |    0 |    32 |      0 |      0 |    0 |          0 |
|   g_has_mem.glen_mem[55].blk_i             |                                     uop_block_wrap_33 |         32 |         32 |       0 |    0 |    69 |      0 |      0 |    0 |          0 |
|     (g_has_mem.glen_mem[55].blk_i)         |                                     uop_block_wrap_33 |          0 |          0 |       0 |    0 |    37 |      0 |      0 |    0 |          0 |
|     core                                   |                                          uop_block_76 |         32 |         32 |       0 |    0 |    32 |      0 |      0 |    0 |          0 |
|       (core)                               |                                          uop_block_76 |          0 |          0 |       0 |    0 |     0 |      0 |      0 |    0 |          0 |
|       g[0].g_normal.alu_i                  |                                      microop_unit__31 |         32 |         32 |       0 |    0 |    32 |      0 |      0 |    0 |          0 |
|   g_has_mem.glen_mem[56].blk_i             |                       uop_block_wrap__parameterized30 |         32 |         32 |       0 |    0 |    69 |      0 |      0 |    0 |          0 |
|     (g_has_mem.glen_mem[56].blk_i)         |                       uop_block_wrap__parameterized30 |          0 |          0 |       0 |    0 |    37 |      0 |      0 |    0 |          0 |
|     core                                   |                            uop_block__parameterized30 |         32 |         32 |       0 |    0 |    32 |      0 |      0 |    0 |          0 |
|       (core)                               |                            uop_block__parameterized30 |          0 |          0 |       0 |    0 |     0 |      0 |      0 |    0 |          0 |
|       g[0].g_normal.alu_i                  |                                      microop_unit__18 |         32 |         32 |       0 |    0 |    32 |      0 |      0 |    0 |          0 |
|   g_has_mem.glen_mem[57].blk_i             |                                     uop_block_wrap_34 |         32 |         32 |       0 |    0 |    69 |      0 |      0 |    0 |          0 |
|     (g_has_mem.glen_mem[57].blk_i)         |                                     uop_block_wrap_34 |          0 |          0 |       0 |    0 |    37 |      0 |      0 |    0 |          0 |
|     core                                   |                                          uop_block_75 |         32 |         32 |       0 |    0 |    32 |      0 |      0 |    0 |          0 |
|       (core)                               |                                          uop_block_75 |          0 |          0 |       0 |    0 |     0 |      0 |      0 |    0 |          0 |
|       g[0].g_normal.alu_i                  |                                      microop_unit__30 |         32 |         32 |       0 |    0 |    32 |      0 |      0 |    0 |          0 |
|   g_has_mem.glen_mem[58].blk_i             |                                     uop_block_wrap_35 |         32 |         32 |       0 |    0 |    69 |      0 |      0 |    0 |          0 |
|     (g_has_mem.glen_mem[58].blk_i)         |                                     uop_block_wrap_35 |          0 |          0 |       0 |    0 |    37 |      0 |      0 |    0 |          0 |
|     core                                   |                                          uop_block_74 |         32 |         32 |       0 |    0 |    32 |      0 |      0 |    0 |          0 |
|       (core)                               |                                          uop_block_74 |          0 |          0 |       0 |    0 |     0 |      0 |      0 |    0 |          0 |
|       g[0].g_normal.alu_i                  |                                      microop_unit__29 |         32 |         32 |       0 |    0 |    32 |      0 |      0 |    0 |          0 |
|   g_has_mem.glen_mem[59].blk_i             |                                     uop_block_wrap_36 |         32 |         32 |       0 |    0 |    69 |      0 |      0 |    0 |          0 |
|     (g_has_mem.glen_mem[59].blk_i)         |                                     uop_block_wrap_36 |          0 |          0 |       0 |    0 |    37 |      0 |      0 |    0 |          0 |
|     core                                   |                                          uop_block_73 |         32 |         32 |       0 |    0 |    32 |      0 |      0 |    0 |          0 |
|       (core)                               |                                          uop_block_73 |          0 |          0 |       0 |    0 |     0 |      0 |      0 |    0 |          0 |
|       g[0].g_normal.alu_i                  |                                      microop_unit__28 |         32 |         32 |       0 |    0 |    32 |      0 |      0 |    0 |          0 |
|   g_has_mem.glen_mem[5].blk_i              |                     uop_block_wrap__parameterized2_37 |        111 |        111 |       0 |    0 |   197 |      0 |      0 |    0 |          0 |
|     (g_has_mem.glen_mem[5].blk_i)          |                     uop_block_wrap__parameterized2_37 |          0 |          0 |       0 |    0 |    37 |      0 |      0 |    0 |          0 |
|     core                                   |                          uop_block__parameterized2_72 |        111 |        111 |       0 |    0 |   160 |      0 |      0 |    0 |          0 |
|       (core)                               |                          uop_block__parameterized2_72 |          0 |          0 |       0 |    0 |     0 |      0 |      0 |    0 |          0 |
|       g[0].g_normal.alu_i                  |                                      microop_unit__44 |         32 |         32 |       0 |    0 |    32 |      0 |      0 |    0 |          0 |
|       g[2].g_normal.alu_i                  |                      microop_unit__parameterized0__64 |          0 |          0 |       0 |    0 |    32 |      0 |      0 |    0 |          0 |
|       g[3].g_normal.alu_i                  |                      microop_unit__parameterized1__12 |         32 |         32 |       0 |    0 |    32 |      0 |      0 |    0 |          0 |
|       g[4].g_normal.alu_i                  |                      microop_unit__parameterized2__12 |         31 |         31 |       0 |    0 |    32 |      0 |      0 |    0 |          0 |
|       g[6].g_normal.alu_i                  |                       microop_unit__parameterized3__3 |         16 |         16 |       0 |    0 |    32 |      0 |      0 |    0 |          0 |
|   g_has_mem.glen_mem[60].blk_i             |                                     uop_block_wrap_38 |         32 |         32 |       0 |    0 |    69 |      0 |      0 |    0 |          0 |
|     (g_has_mem.glen_mem[60].blk_i)         |                                     uop_block_wrap_38 |          0 |          0 |       0 |    0 |    37 |      0 |      0 |    0 |          0 |
|     core                                   |                                          uop_block_71 |         32 |         32 |       0 |    0 |    32 |      0 |      0 |    0 |          0 |
|       (core)                               |                                          uop_block_71 |          0 |          0 |       0 |    0 |     0 |      0 |      0 |    0 |          0 |
|       g[0].g_normal.alu_i                  |                                      microop_unit__27 |         32 |         32 |       0 |    0 |    32 |      0 |      0 |    0 |          0 |
|   g_has_mem.glen_mem[61].blk_i             |                       uop_block_wrap__parameterized31 |        129 |        129 |       0 |    0 |   391 |      0 |      0 |    0 |          0 |
|     (g_has_mem.glen_mem[61].blk_i)         |                       uop_block_wrap__parameterized31 |          0 |          0 |       0 |    0 |    70 |      0 |      0 |    0 |          0 |
|     core                                   |                            uop_block__parameterized31 |        129 |        129 |       0 |    0 |   321 |      0 |      0 |    0 |          0 |
|       (core)                               |                            uop_block__parameterized31 |          0 |          0 |       0 |    0 |     0 |      0 |      0 |    0 |          0 |
|       g[0].g_normal.alu_i                  |                      microop_unit__parameterized5__26 |          0 |          0 |       0 |    0 |    64 |      0 |      0 |    0 |          0 |
|       g[1].g_normal.alu_i                  |              microop_unit__parameterized13__xdcDup__3 |         64 |         64 |       0 |    0 |   128 |      0 |      0 |    0 |          0 |
|         (g[1].g_normal.alu_i)              |              microop_unit__parameterized13__xdcDup__3 |          0 |          0 |       0 |    0 |    64 |      0 |      0 |    0 |          0 |
|         g_iadd.use_ip.u_addsub             |                                integer_addsub_HD15705 |         64 |         64 |       0 |    0 |    64 |      0 |      0 |    0 |          0 |
|           (g_iadd.use_ip.u_addsub)         |                                integer_addsub_HD15705 |          0 |          0 |       0 |    0 |     0 |      0 |      0 |    0 |          0 |
|           U0                               |               integer_addsubc_addsub_v12_0_14_HD15706 |         64 |         64 |       0 |    0 |    64 |      0 |      0 |    0 |          0 |
|             (U0)                           |               integer_addsubc_addsub_v12_0_14_HD15706 |          0 |          0 |       0 |    0 |     0 |      0 |      0 |    0 |          0 |
|             xst_addsub                     |           integer_addsubc_addsub_v12_0_14_viv_HD15707 |         64 |         64 |       0 |    0 |    64 |      0 |      0 |    0 |          0 |
|               (xst_addsub)                 |           integer_addsubc_addsub_v12_0_14_viv_HD15707 |          0 |          0 |       0 |    0 |     0 |      0 |      0 |    0 |          0 |
|               i_baseblox.i_baseblox_addsub |        integer_addsubc_addsub_v12_0_14_legacy_HD15708 |         64 |         64 |       0 |    0 |    64 |      0 |      0 |    0 |          0 |
|                 no_pipelining.the_addsub   | integer_addsubc_addsub_v12_0_14_fabric_legacy_HD15709 |         64 |         64 |       0 |    0 |    64 |      0 |      0 |    0 |          0 |
|                   i_lut6.i_lut6_addsub     |   integer_addsubc_addsub_v12_0_14_lut6_legacy_HD15710 |         64 |         64 |       0 |    0 |    64 |      0 |      0 |    0 |          0 |
|                     (i_lut6.i_lut6_addsub) |   integer_addsubc_addsub_v12_0_14_lut6_legacy_HD15710 |         64 |         64 |       0 |    0 |     0 |      0 |      0 |    0 |          0 |
|                     i_q.i_simple.qreg      |            integer_addsubc_reg_fd_v12_0_6_viv_HD15711 |          0 |          0 |       0 |    0 |    64 |      0 |      0 |    0 |          0 |
|       g[2].g_normal.alu_i                  |              microop_unit__parameterized14__xdcDup__3 |         64 |         64 |       0 |    0 |   128 |      0 |      0 |    0 |          0 |
|         (g[2].g_normal.alu_i)              |              microop_unit__parameterized14__xdcDup__3 |          0 |          0 |       0 |    0 |    64 |      0 |      0 |    0 |          0 |
|         g_iadd.use_ip.u_addsub             |                                integer_addsub_HD15712 |         64 |         64 |       0 |    0 |    64 |      0 |      0 |    0 |          0 |
|           (g_iadd.use_ip.u_addsub)         |                                integer_addsub_HD15712 |          0 |          0 |       0 |    0 |     0 |      0 |      0 |    0 |          0 |
|           U0                               |               integer_addsubc_addsub_v12_0_14_HD15713 |         64 |         64 |       0 |    0 |    64 |      0 |      0 |    0 |          0 |
|             (U0)                           |               integer_addsubc_addsub_v12_0_14_HD15713 |          0 |          0 |       0 |    0 |     0 |      0 |      0 |    0 |          0 |
|             xst_addsub                     |           integer_addsubc_addsub_v12_0_14_viv_HD15714 |         64 |         64 |       0 |    0 |    64 |      0 |      0 |    0 |          0 |
|               (xst_addsub)                 |           integer_addsubc_addsub_v12_0_14_viv_HD15714 |          0 |          0 |       0 |    0 |     0 |      0 |      0 |    0 |          0 |
|               i_baseblox.i_baseblox_addsub |        integer_addsubc_addsub_v12_0_14_legacy_HD15715 |         64 |         64 |       0 |    0 |    64 |      0 |      0 |    0 |          0 |
|                 no_pipelining.the_addsub   | integer_addsubc_addsub_v12_0_14_fabric_legacy_HD15716 |         64 |         64 |       0 |    0 |    64 |      0 |      0 |    0 |          0 |
|                   i_lut6.i_lut6_addsub     |   integer_addsubc_addsub_v12_0_14_lut6_legacy_HD15717 |         64 |         64 |       0 |    0 |    64 |      0 |      0 |    0 |          0 |
|                     (i_lut6.i_lut6_addsub) |   integer_addsubc_addsub_v12_0_14_lut6_legacy_HD15717 |         64 |         64 |       0 |    0 |     0 |      0 |      0 |    0 |          0 |
|                     i_q.i_simple.qreg      |            integer_addsubc_reg_fd_v12_0_6_viv_HD15718 |          0 |          0 |       0 |    0 |    64 |      0 |      0 |    0 |          0 |
|       g[3].g_normal.alu_i                  |                      microop_unit__parameterized15__4 |          1 |          1 |       0 |    0 |     1 |      0 |      0 |    0 |          0 |
|   g_has_mem.glen_mem[62].blk_i             |                       uop_block_wrap__parameterized32 |         37 |         37 |       0 |    0 |    76 |      0 |      0 |    0 |          0 |
|     (g_has_mem.glen_mem[62].blk_i)         |                       uop_block_wrap__parameterized32 |          1 |          1 |       0 |    0 |    42 |      0 |      0 |    0 |          0 |
|     core                                   |                            uop_block__parameterized32 |         36 |         36 |       0 |    0 |    34 |      0 |      0 |    0 |          0 |
|       (core)                               |                            uop_block__parameterized32 |          3 |          3 |       0 |    0 |     1 |      0 |      0 |    0 |          0 |
|       g[0].g_normal.alu_i                  |                     microop_unit__parameterized10__14 |         32 |         32 |       0 |    0 |    32 |      0 |      0 |    0 |          0 |
|       g[1].g_normal.alu_i                  |                      microop_unit__parameterized15__1 |          1 |          1 |       0 |    0 |     1 |      0 |      0 |    0 |          0 |
|   g_has_mem.glen_mem[63].blk_i             |                    uop_block_wrap__parameterized19_39 |         68 |         68 |       0 |    0 |   149 |      0 |      0 |    0 |          0 |
|     (g_has_mem.glen_mem[63].blk_i)         |                    uop_block_wrap__parameterized19_39 |          2 |          2 |       0 |    0 |    76 |      0 |      0 |    0 |          0 |
|     core                                   |                            uop_block__parameterized19 |         66 |         66 |       0 |    0 |    73 |      0 |      0 |    0 |          0 |
|       (core)                               |                            uop_block__parameterized19 |          2 |          2 |       0 |    0 |     1 |      0 |      0 |    0 |          0 |
|       g[0].g_normal.alu_i                  |                      microop_unit__parameterized7__10 |         64 |         64 |       0 |    0 |    64 |      0 |      0 |    0 |          0 |
|       g[1].g_normal.alu_i                  |                      microop_unit__parameterized6__21 |          0 |          0 |       0 |    0 |     8 |      0 |      0 |    0 |          0 |
|   g_has_mem.glen_mem[64].blk_i             |                       uop_block_wrap__parameterized33 |         32 |         32 |       0 |    0 |    70 |      0 |      0 |    0 |          0 |
|     (g_has_mem.glen_mem[64].blk_i)         |                       uop_block_wrap__parameterized33 |          0 |          0 |       0 |    0 |    37 |      0 |      0 |    0 |          0 |
|     core                                   |                            uop_block__parameterized33 |         32 |         32 |       0 |    0 |    33 |      0 |      0 |    0 |          0 |
|       (core)                               |                            uop_block__parameterized33 |          0 |          0 |       0 |    0 |     0 |      0 |      0 |    0 |          0 |
|       g[0].g_normal.alu_i                  |                     microop_unit__parameterized10__17 |         32 |         32 |       0 |    0 |    32 |      0 |      0 |    0 |          0 |
|       g[1].g_normal.alu_i                  |                         microop_unit__parameterized20 |          0 |          0 |       0 |    0 |     1 |      0 |      0 |    0 |          0 |
|   g_has_mem.glen_mem[65].blk_i             |                       uop_block_wrap__parameterized34 |        197 |        197 |       0 |    0 |   407 |      0 |      0 |    0 |          0 |
|     (g_has_mem.glen_mem[65].blk_i)         |                       uop_block_wrap__parameterized34 |          0 |          0 |       0 |    0 |    77 |      0 |      0 |    0 |          0 |
|     core                                   |                            uop_block__parameterized34 |        197 |        197 |       0 |    0 |   330 |      0 |      0 |    0 |          0 |
|       (core)                               |                            uop_block__parameterized34 |          5 |          5 |       0 |    0 |     2 |      0 |      0 |    0 |          0 |
|       g[0].g_normal.alu_i                  |                      microop_unit__parameterized7__16 |         64 |         64 |       0 |    0 |    64 |      0 |      0 |    0 |          0 |
|       g[1].g_normal.alu_i                  |                      microop_unit__parameterized6__33 |          0 |          0 |       0 |    0 |     8 |      0 |      0 |    0 |          0 |
|       g[2].g_normal.alu_i                  |             microop_unit__parameterized12__xdcDup__10 |         64 |         64 |       0 |    0 |   128 |      0 |      0 |    0 |          0 |
|         (g[2].g_normal.alu_i)              |             microop_unit__parameterized12__xdcDup__10 |          0 |          0 |       0 |    0 |    64 |      0 |      0 |    0 |          0 |
|         g_iadd.use_ip.u_addsub             |                                integer_addsub_HD15719 |         64 |         64 |       0 |    0 |    64 |      0 |      0 |    0 |          0 |
|           (g_iadd.use_ip.u_addsub)         |                                integer_addsub_HD15719 |          0 |          0 |       0 |    0 |     0 |      0 |      0 |    0 |          0 |
|           U0                               |               integer_addsubc_addsub_v12_0_14_HD15720 |         64 |         64 |       0 |    0 |    64 |      0 |      0 |    0 |          0 |
|             (U0)                           |               integer_addsubc_addsub_v12_0_14_HD15720 |          0 |          0 |       0 |    0 |     0 |      0 |      0 |    0 |          0 |
|             xst_addsub                     |           integer_addsubc_addsub_v12_0_14_viv_HD15721 |         64 |         64 |       0 |    0 |    64 |      0 |      0 |    0 |          0 |
|               (xst_addsub)                 |           integer_addsubc_addsub_v12_0_14_viv_HD15721 |          0 |          0 |       0 |    0 |     0 |      0 |      0 |    0 |          0 |
|               i_baseblox.i_baseblox_addsub |        integer_addsubc_addsub_v12_0_14_legacy_HD15722 |         64 |         64 |       0 |    0 |    64 |      0 |      0 |    0 |          0 |
|                 no_pipelining.the_addsub   | integer_addsubc_addsub_v12_0_14_fabric_legacy_HD15723 |         64 |         64 |       0 |    0 |    64 |      0 |      0 |    0 |          0 |
|                   i_lut6.i_lut6_addsub     |   integer_addsubc_addsub_v12_0_14_lut6_legacy_HD15724 |         64 |         64 |       0 |    0 |    64 |      0 |      0 |    0 |          0 |
|                     (i_lut6.i_lut6_addsub) |   integer_addsubc_addsub_v12_0_14_lut6_legacy_HD15724 |         64 |         64 |       0 |    0 |     0 |      0 |      0 |    0 |          0 |
|                     i_q.i_simple.qreg      |            integer_addsubc_reg_fd_v12_0_6_viv_HD15725 |          0 |          0 |       0 |    0 |    64 |      0 |      0 |    0 |          0 |
|       g[3].g_normal.alu_i                  |             microop_unit__parameterized12__xdcDup__11 |         64 |         64 |       0 |    0 |   128 |      0 |      0 |    0 |          0 |
|         (g[3].g_normal.alu_i)              |             microop_unit__parameterized12__xdcDup__11 |          0 |          0 |       0 |    0 |    64 |      0 |      0 |    0 |          0 |
|         g_iadd.use_ip.u_addsub             |                                integer_addsub_HD15726 |         64 |         64 |       0 |    0 |    64 |      0 |      0 |    0 |          0 |
|           (g_iadd.use_ip.u_addsub)         |                                integer_addsub_HD15726 |          0 |          0 |       0 |    0 |     0 |      0 |      0 |    0 |          0 |
|           U0                               |               integer_addsubc_addsub_v12_0_14_HD15727 |         64 |         64 |       0 |    0 |    64 |      0 |      0 |    0 |          0 |
|             (U0)                           |               integer_addsubc_addsub_v12_0_14_HD15727 |          0 |          0 |       0 |    0 |     0 |      0 |      0 |    0 |          0 |
|             xst_addsub                     |           integer_addsubc_addsub_v12_0_14_viv_HD15728 |         64 |         64 |       0 |    0 |    64 |      0 |      0 |    0 |          0 |
|               (xst_addsub)                 |           integer_addsubc_addsub_v12_0_14_viv_HD15728 |          0 |          0 |       0 |    0 |     0 |      0 |      0 |    0 |          0 |
|               i_baseblox.i_baseblox_addsub |        integer_addsubc_addsub_v12_0_14_legacy_HD15729 |         64 |         64 |       0 |    0 |    64 |      0 |      0 |    0 |          0 |
|                 no_pipelining.the_addsub   | integer_addsubc_addsub_v12_0_14_fabric_legacy_HD15730 |         64 |         64 |       0 |    0 |    64 |      0 |      0 |    0 |          0 |
|                   i_lut6.i_lut6_addsub     |   integer_addsubc_addsub_v12_0_14_lut6_legacy_HD15731 |         64 |         64 |       0 |    0 |    64 |      0 |      0 |    0 |          0 |
|                     (i_lut6.i_lut6_addsub) |   integer_addsubc_addsub_v12_0_14_lut6_legacy_HD15731 |         64 |         64 |       0 |    0 |     0 |      0 |      0 |    0 |          0 |
|                     i_q.i_simple.qreg      |            integer_addsubc_reg_fd_v12_0_6_viv_HD15732 |          0 |          0 |       0 |    0 |    64 |      0 |      0 |    0 |          0 |
|   g_has_mem.glen_mem[66].blk_i             |                       uop_block_wrap__parameterized35 |          5 |          5 |       0 |    0 |   177 |      0 |      0 |    0 |          0 |
|     (g_has_mem.glen_mem[66].blk_i)         |                       uop_block_wrap__parameterized35 |          3 |          3 |       0 |    0 |    80 |      0 |      0 |    0 |          0 |
|     core                                   |                            uop_block__parameterized35 |          2 |          2 |       0 |    0 |    97 |      0 |      0 |    0 |          0 |
|       (core)                               |                            uop_block__parameterized35 |          2 |          2 |       0 |    0 |     1 |      0 |      0 |    0 |          0 |
|       g[0].g_normal.alu_i                  |                       microop_unit__parameterized5__9 |          0 |          0 |       0 |    0 |    64 |      0 |      0 |    0 |          0 |
|       g[1].g_normal.alu_i                  |                      microop_unit__parameterized0__30 |          0 |          0 |       0 |    0 |    32 |      0 |      0 |    0 |          0 |
|   g_has_mem.glen_mem[67].blk_i             |                       uop_block_wrap__parameterized36 |          6 |          6 |       0 |    0 |   173 |      0 |      0 |    0 |          0 |
|     (g_has_mem.glen_mem[67].blk_i)         |                       uop_block_wrap__parameterized36 |          3 |          3 |       0 |    0 |    76 |      0 |      0 |    0 |          0 |
|     core                                   |                            uop_block__parameterized36 |          3 |          3 |       0 |    0 |    97 |      0 |      0 |    0 |          0 |
|       (core)                               |                            uop_block__parameterized36 |          3 |          3 |       0 |    0 |     1 |      0 |      0 |    0 |          0 |
|       g[0].g_normal.alu_i                  |                     microop_unit__parameterized16__13 |          0 |          0 |       0 |    0 |    32 |      0 |      0 |    0 |          0 |
|       g[1].g_normal.alu_i                  |                      microop_unit__parameterized5__25 |          0 |          0 |       0 |    0 |    64 |      0 |      0 |    0 |          0 |
|   g_has_mem.glen_mem[68].blk_i             |                       uop_block_wrap__parameterized37 |          0 |          0 |       0 |    0 |    69 |      0 |      0 |    0 |          0 |
|     (g_has_mem.glen_mem[68].blk_i)         |                       uop_block_wrap__parameterized37 |          0 |          0 |       0 |    0 |    37 |      0 |      0 |    0 |          0 |
|     core                                   |                            uop_block__parameterized37 |          0 |          0 |       0 |    0 |    32 |      0 |      0 |    0 |          0 |
|       (core)                               |                            uop_block__parameterized37 |          0 |          0 |       0 |    0 |     0 |      0 |      0 |    0 |          0 |
|       g[0].g_normal.alu_i                  |                      microop_unit__parameterized0__37 |          0 |          0 |       0 |    0 |    32 |      0 |      0 |    0 |          0 |
|   g_has_mem.glen_mem[69].blk_i             |                       uop_block_wrap__parameterized38 |         74 |         74 |       0 |    0 |   210 |      0 |      0 |    0 |          0 |
|     (g_has_mem.glen_mem[69].blk_i)         |                       uop_block_wrap__parameterized38 |          2 |          2 |       0 |    0 |    47 |      0 |      0 |    0 |          0 |
|     core                                   |                            uop_block__parameterized38 |         72 |         72 |       0 |    0 |   163 |      0 |      0 |    0 |          0 |
|       (core)                               |                            uop_block__parameterized38 |          8 |          8 |       0 |    0 |     3 |      0 |      0 |    0 |          0 |
|       g[0].g_normal.alu_i                  |                      microop_unit__parameterized0__38 |          0 |          0 |       0 |    0 |    32 |      0 |      0 |    0 |          0 |
|       g[1].g_normal.alu_i                  |                      microop_unit__parameterized19__2 |         32 |         32 |       0 |    0 |    32 |      0 |      0 |    0 |          0 |
|       g[2].g_normal.alu_i                  |                      microop_unit__parameterized0__39 |          0 |          0 |       0 |    0 |    32 |      0 |      0 |    0 |          0 |
|       g[3].g_normal.alu_i                  |                         microop_unit__parameterized23 |         32 |         32 |       0 |    0 |    32 |      0 |      0 |    0 |          0 |
|       g[4].g_normal.alu_i                  |                      microop_unit__parameterized0__40 |          0 |          0 |       0 |    0 |    32 |      0 |      0 |    0 |          0 |
|   g_has_mem.glen_mem[6].blk_i              |                     uop_block_wrap__parameterized2_40 |        111 |        111 |       0 |    0 |   197 |      0 |      0 |    0 |          0 |
|     (g_has_mem.glen_mem[6].blk_i)          |                     uop_block_wrap__parameterized2_40 |          0 |          0 |       0 |    0 |    37 |      0 |      0 |    0 |          0 |
|     core                                   |                             uop_block__parameterized2 |        111 |        111 |       0 |    0 |   160 |      0 |      0 |    0 |          0 |
|       (core)                               |                             uop_block__parameterized2 |          0 |          0 |       0 |    0 |     0 |      0 |      0 |    0 |          0 |
|       g[0].g_normal.alu_i                  |                                          microop_unit |         32 |         32 |       0 |    0 |    32 |      0 |      0 |    0 |          0 |
|       g[2].g_normal.alu_i                  |                          microop_unit__parameterized0 |          0 |          0 |       0 |    0 |    32 |      0 |      0 |    0 |          0 |
|       g[3].g_normal.alu_i                  |                          microop_unit__parameterized1 |         32 |         32 |       0 |    0 |    32 |      0 |      0 |    0 |          0 |
|       g[4].g_normal.alu_i                  |                          microop_unit__parameterized2 |         31 |         31 |       0 |    0 |    32 |      0 |      0 |    0 |          0 |
|       g[6].g_normal.alu_i                  |                          microop_unit__parameterized3 |         16 |         16 |       0 |    0 |    32 |      0 |      0 |    0 |          0 |
|   g_has_mem.glen_mem[70].blk_i             |                       uop_block_wrap__parameterized39 |         64 |         64 |       0 |    0 |   198 |      0 |      0 |    0 |          0 |
|     (g_has_mem.glen_mem[70].blk_i)         |                       uop_block_wrap__parameterized39 |          0 |          0 |       0 |    0 |    70 |      0 |      0 |    0 |          0 |
|     core                                   |                            uop_block__parameterized39 |         64 |         64 |       0 |    0 |   128 |      0 |      0 |    0 |          0 |
|       (core)                               |                            uop_block__parameterized39 |          0 |          0 |       0 |    0 |     0 |      0 |      0 |    0 |          0 |
|       g[0].g_normal.alu_i                  |                         microop_unit__parameterized24 |         64 |         64 |       0 |    0 |   128 |      0 |      0 |    0 |          0 |
|         (g[0].g_normal.alu_i)              |                         microop_unit__parameterized24 |          0 |          0 |       0 |    0 |    64 |      0 |      0 |    0 |          0 |
|         g_iadd.use_ip.u_addsub             |                                integer_addsub_HD15733 |         64 |         64 |       0 |    0 |    64 |      0 |      0 |    0 |          0 |
|           (g_iadd.use_ip.u_addsub)         |                                integer_addsub_HD15733 |          0 |          0 |       0 |    0 |     0 |      0 |      0 |    0 |          0 |
|           U0                               |               integer_addsubc_addsub_v12_0_14_HD15734 |         64 |         64 |       0 |    0 |    64 |      0 |      0 |    0 |          0 |
|             (U0)                           |               integer_addsubc_addsub_v12_0_14_HD15734 |          0 |          0 |       0 |    0 |     0 |      0 |      0 |    0 |          0 |
|             xst_addsub                     |           integer_addsubc_addsub_v12_0_14_viv_HD15735 |         64 |         64 |       0 |    0 |    64 |      0 |      0 |    0 |          0 |
|               (xst_addsub)                 |           integer_addsubc_addsub_v12_0_14_viv_HD15735 |          0 |          0 |       0 |    0 |     0 |      0 |      0 |    0 |          0 |
|               i_baseblox.i_baseblox_addsub |        integer_addsubc_addsub_v12_0_14_legacy_HD15736 |         64 |         64 |       0 |    0 |    64 |      0 |      0 |    0 |          0 |
|                 no_pipelining.the_addsub   | integer_addsubc_addsub_v12_0_14_fabric_legacy_HD15737 |         64 |         64 |       0 |    0 |    64 |      0 |      0 |    0 |          0 |
|                   i_lut6.i_lut6_addsub     |   integer_addsubc_addsub_v12_0_14_lut6_legacy_HD15738 |         64 |         64 |       0 |    0 |    64 |      0 |      0 |    0 |          0 |
|                     (i_lut6.i_lut6_addsub) |   integer_addsubc_addsub_v12_0_14_lut6_legacy_HD15738 |         64 |         64 |       0 |    0 |     0 |      0 |      0 |    0 |          0 |
|                     i_q.i_simple.qreg      |            integer_addsubc_reg_fd_v12_0_6_viv_HD15739 |          0 |          0 |       0 |    0 |    64 |      0 |      0 |    0 |          0 |
|   g_has_mem.glen_mem[71].blk_i             |                       uop_block_wrap__parameterized40 |         32 |         32 |       0 |    0 |   101 |      0 |      0 |    0 |          0 |
|     (g_has_mem.glen_mem[71].blk_i)         |                       uop_block_wrap__parameterized40 |          0 |          0 |       0 |    0 |    37 |      0 |      0 |    0 |          0 |
|     core                                   |                            uop_block__parameterized40 |         32 |         32 |       0 |    0 |    64 |      0 |      0 |    0 |          0 |
|       (core)                               |                            uop_block__parameterized40 |          0 |          0 |       0 |    0 |     0 |      0 |      0 |    0 |          0 |
|       g[0].g_normal.alu_i                  |                      microop_unit__parameterized0__42 |          0 |          0 |       0 |    0 |    32 |      0 |      0 |    0 |          0 |
|       g[1].g_normal.alu_i                  |                         microop_unit__parameterized19 |         32 |         32 |       0 |    0 |    32 |      0 |      0 |    0 |          0 |
|   g_has_mem.glen_mem[72].blk_i             |                       uop_block_wrap__parameterized41 |        395 |        395 |       0 |    0 |   914 |      0 |      0 |    0 |          0 |
|     (g_has_mem.glen_mem[72].blk_i)         |                       uop_block_wrap__parameterized41 |          0 |          0 |       0 |    0 |    76 |      0 |      0 |    0 |          0 |
|     core                                   |                            uop_block__parameterized41 |        395 |        395 |       0 |    0 |   838 |      0 |      0 |    0 |          0 |
|       (core)                               |                            uop_block__parameterized41 |          9 |          9 |       0 |    0 |     4 |      0 |      0 |    0 |          0 |
|       g[0].g_normal.alu_i                  |                      microop_unit__parameterized5__10 |          0 |          0 |       0 |    0 |    64 |      0 |      0 |    0 |          0 |
|       g[10].g_normal.alu_i                 |                      microop_unit__parameterized15__3 |          1 |          1 |       0 |    0 |     1 |      0 |      0 |    0 |          0 |
|       g[1].g_normal.alu_i                  |                       microop_unit__parameterized7__8 |         64 |         64 |       0 |    0 |    64 |      0 |      0 |    0 |          0 |
|       g[2].g_normal.alu_i                  |                       microop_unit__parameterized7__9 |         64 |         64 |       0 |    0 |    64 |      0 |      0 |    0 |          0 |
|       g[3].g_normal.alu_i                  |                      microop_unit__parameterized5__11 |          0 |          0 |       0 |    0 |    64 |      0 |      0 |    0 |          0 |
|       g[4].g_normal.alu_i                  |              microop_unit__parameterized13__xdcDup__4 |         64 |         64 |       0 |    0 |   128 |      0 |      0 |    0 |          0 |
|         (g[4].g_normal.alu_i)              |              microop_unit__parameterized13__xdcDup__4 |          0 |          0 |       0 |    0 |    64 |      0 |      0 |    0 |          0 |
|         g_iadd.use_ip.u_addsub             |                                integer_addsub_HD15740 |         64 |         64 |       0 |    0 |    64 |      0 |      0 |    0 |          0 |
|           (g_iadd.use_ip.u_addsub)         |                                integer_addsub_HD15740 |          0 |          0 |       0 |    0 |     0 |      0 |      0 |    0 |          0 |
|           U0                               |               integer_addsubc_addsub_v12_0_14_HD15741 |         64 |         64 |       0 |    0 |    64 |      0 |      0 |    0 |          0 |
|             (U0)                           |               integer_addsubc_addsub_v12_0_14_HD15741 |          0 |          0 |       0 |    0 |     0 |      0 |      0 |    0 |          0 |
|             xst_addsub                     |           integer_addsubc_addsub_v12_0_14_viv_HD15742 |         64 |         64 |       0 |    0 |    64 |      0 |      0 |    0 |          0 |
|               (xst_addsub)                 |           integer_addsubc_addsub_v12_0_14_viv_HD15742 |          0 |          0 |       0 |    0 |     0 |      0 |      0 |    0 |          0 |
|               i_baseblox.i_baseblox_addsub |        integer_addsubc_addsub_v12_0_14_legacy_HD15743 |         64 |         64 |       0 |    0 |    64 |      0 |      0 |    0 |          0 |
|                 no_pipelining.the_addsub   | integer_addsubc_addsub_v12_0_14_fabric_legacy_HD15744 |         64 |         64 |       0 |    0 |    64 |      0 |      0 |    0 |          0 |
|                   i_lut6.i_lut6_addsub     |   integer_addsubc_addsub_v12_0_14_lut6_legacy_HD15745 |         64 |         64 |       0 |    0 |    64 |      0 |      0 |    0 |          0 |
|                     (i_lut6.i_lut6_addsub) |   integer_addsubc_addsub_v12_0_14_lut6_legacy_HD15745 |         64 |         64 |       0 |    0 |     0 |      0 |      0 |    0 |          0 |
|                     i_q.i_simple.qreg      |            integer_addsubc_reg_fd_v12_0_6_viv_HD15746 |          0 |          0 |       0 |    0 |    64 |      0 |      0 |    0 |          0 |
|       g[5].g_normal.alu_i                  |              microop_unit__parameterized14__xdcDup__4 |         64 |         64 |       0 |    0 |   128 |      0 |      0 |    0 |          0 |
|         (g[5].g_normal.alu_i)              |              microop_unit__parameterized14__xdcDup__4 |          0 |          0 |       0 |    0 |    64 |      0 |      0 |    0 |          0 |
|         g_iadd.use_ip.u_addsub             |                                integer_addsub_HD15747 |         64 |         64 |       0 |    0 |    64 |      0 |      0 |    0 |          0 |
|           (g_iadd.use_ip.u_addsub)         |                                integer_addsub_HD15747 |          0 |          0 |       0 |    0 |     0 |      0 |      0 |    0 |          0 |
|           U0                               |               integer_addsubc_addsub_v12_0_14_HD15748 |         64 |         64 |       0 |    0 |    64 |      0 |      0 |    0 |          0 |
|             (U0)                           |               integer_addsubc_addsub_v12_0_14_HD15748 |          0 |          0 |       0 |    0 |     0 |      0 |      0 |    0 |          0 |
|             xst_addsub                     |           integer_addsubc_addsub_v12_0_14_viv_HD15749 |         64 |         64 |       0 |    0 |    64 |      0 |      0 |    0 |          0 |
|               (xst_addsub)                 |           integer_addsubc_addsub_v12_0_14_viv_HD15749 |          0 |          0 |       0 |    0 |     0 |      0 |      0 |    0 |          0 |
|               i_baseblox.i_baseblox_addsub |        integer_addsubc_addsub_v12_0_14_legacy_HD15750 |         64 |         64 |       0 |    0 |    64 |      0 |      0 |    0 |          0 |
|                 no_pipelining.the_addsub   | integer_addsubc_addsub_v12_0_14_fabric_legacy_HD15751 |         64 |         64 |       0 |    0 |    64 |      0 |      0 |    0 |          0 |
|                   i_lut6.i_lut6_addsub     |   integer_addsubc_addsub_v12_0_14_lut6_legacy_HD15752 |         64 |         64 |       0 |    0 |    64 |      0 |      0 |    0 |          0 |
|                     (i_lut6.i_lut6_addsub) |   integer_addsubc_addsub_v12_0_14_lut6_legacy_HD15752 |         64 |         64 |       0 |    0 |     0 |      0 |      0 |    0 |          0 |
|                     i_q.i_simple.qreg      |            integer_addsubc_reg_fd_v12_0_6_viv_HD15753 |          0 |          0 |       0 |    0 |    64 |      0 |      0 |    0 |          0 |
|       g[6].g_normal.alu_i                  |                      microop_unit__parameterized5__12 |          0 |          0 |       0 |    0 |    64 |      0 |      0 |    0 |          0 |
|       g[7].g_normal.alu_i                  |                      microop_unit__parameterized15__2 |          1 |          1 |       0 |    0 |     1 |      0 |      0 |    0 |          0 |
|       g[8].g_normal.alu_i                  |                         microop_unit__parameterized13 |         64 |         64 |       0 |    0 |   128 |      0 |      0 |    0 |          0 |
|         (g[8].g_normal.alu_i)              |                         microop_unit__parameterized13 |          0 |          0 |       0 |    0 |    64 |      0 |      0 |    0 |          0 |
|         g_iadd.use_ip.u_addsub             |                                integer_addsub_HD15754 |         64 |         64 |       0 |    0 |    64 |      0 |      0 |    0 |          0 |
|           (g_iadd.use_ip.u_addsub)         |                                integer_addsub_HD15754 |          0 |          0 |       0 |    0 |     0 |      0 |      0 |    0 |          0 |
|           U0                               |               integer_addsubc_addsub_v12_0_14_HD15755 |         64 |         64 |       0 |    0 |    64 |      0 |      0 |    0 |          0 |
|             (U0)                           |               integer_addsubc_addsub_v12_0_14_HD15755 |          0 |          0 |       0 |    0 |     0 |      0 |      0 |    0 |          0 |
|             xst_addsub                     |           integer_addsubc_addsub_v12_0_14_viv_HD15756 |         64 |         64 |       0 |    0 |    64 |      0 |      0 |    0 |          0 |
|               (xst_addsub)                 |           integer_addsubc_addsub_v12_0_14_viv_HD15756 |          0 |          0 |       0 |    0 |     0 |      0 |      0 |    0 |          0 |
|               i_baseblox.i_baseblox_addsub |        integer_addsubc_addsub_v12_0_14_legacy_HD15757 |         64 |         64 |       0 |    0 |    64 |      0 |      0 |    0 |          0 |
|                 no_pipelining.the_addsub   | integer_addsubc_addsub_v12_0_14_fabric_legacy_HD15758 |         64 |         64 |       0 |    0 |    64 |      0 |      0 |    0 |          0 |
|                   i_lut6.i_lut6_addsub     |   integer_addsubc_addsub_v12_0_14_lut6_legacy_HD15759 |         64 |         64 |       0 |    0 |    64 |      0 |      0 |    0 |          0 |
|                     (i_lut6.i_lut6_addsub) |   integer_addsubc_addsub_v12_0_14_lut6_legacy_HD15759 |         64 |         64 |       0 |    0 |     0 |      0 |      0 |    0 |          0 |
|                     i_q.i_simple.qreg      |            integer_addsubc_reg_fd_v12_0_6_viv_HD15760 |          0 |          0 |       0 |    0 |    64 |      0 |      0 |    0 |          0 |
|       g[9].g_normal.alu_i                  |              microop_unit__parameterized14__xdcDup__5 |         64 |         64 |       0 |    0 |   128 |      0 |      0 |    0 |          0 |
|         (g[9].g_normal.alu_i)              |              microop_unit__parameterized14__xdcDup__5 |          0 |          0 |       0 |    0 |    64 |      0 |      0 |    0 |          0 |
|         g_iadd.use_ip.u_addsub             |                                integer_addsub_HD15761 |         64 |         64 |       0 |    0 |    64 |      0 |      0 |    0 |          0 |
|           (g_iadd.use_ip.u_addsub)         |                                integer_addsub_HD15761 |          0 |          0 |       0 |    0 |     0 |      0 |      0 |    0 |          0 |
|           U0                               |               integer_addsubc_addsub_v12_0_14_HD15762 |         64 |         64 |       0 |    0 |    64 |      0 |      0 |    0 |          0 |
|             (U0)                           |               integer_addsubc_addsub_v12_0_14_HD15762 |          0 |          0 |       0 |    0 |     0 |      0 |      0 |    0 |          0 |
|             xst_addsub                     |           integer_addsubc_addsub_v12_0_14_viv_HD15763 |         64 |         64 |       0 |    0 |    64 |      0 |      0 |    0 |          0 |
|               (xst_addsub)                 |           integer_addsubc_addsub_v12_0_14_viv_HD15763 |          0 |          0 |       0 |    0 |     0 |      0 |      0 |    0 |          0 |
|               i_baseblox.i_baseblox_addsub |        integer_addsubc_addsub_v12_0_14_legacy_HD15764 |         64 |         64 |       0 |    0 |    64 |      0 |      0 |    0 |          0 |
|                 no_pipelining.the_addsub   | integer_addsubc_addsub_v12_0_14_fabric_legacy_HD15765 |         64 |         64 |       0 |    0 |    64 |      0 |      0 |    0 |          0 |
|                   i_lut6.i_lut6_addsub     |   integer_addsubc_addsub_v12_0_14_lut6_legacy_HD15766 |         64 |         64 |       0 |    0 |    64 |      0 |      0 |    0 |          0 |
|                     (i_lut6.i_lut6_addsub) |   integer_addsubc_addsub_v12_0_14_lut6_legacy_HD15766 |         64 |         64 |       0 |    0 |     0 |      0 |      0 |    0 |          0 |
|                     i_q.i_simple.qreg      |            integer_addsubc_reg_fd_v12_0_6_viv_HD15767 |          0 |          0 |       0 |    0 |    64 |      0 |      0 |    0 |          0 |
|   g_has_mem.glen_mem[73].blk_i             |                       uop_block_wrap__parameterized42 |         36 |         36 |       0 |    0 |    97 |      0 |      0 |    0 |          0 |
|     (g_has_mem.glen_mem[73].blk_i)         |                       uop_block_wrap__parameterized42 |          0 |          0 |       0 |    0 |    47 |      0 |      0 |    0 |          0 |
|     core                                   |                         uop_block__parameterized42_70 |         36 |         36 |       0 |    0 |    50 |      0 |      0 |    0 |          0 |
|       (core)                               |                         uop_block__parameterized42_70 |          4 |          4 |       0 |    0 |     2 |      0 |      0 |    0 |          0 |
|       g[0].g_normal.alu_i                  |                      microop_unit__parameterized6__17 |          0 |          0 |       0 |    0 |     8 |      0 |      0 |    0 |          0 |
|       g[1].g_normal.alu_i                  |                      microop_unit__parameterized6__18 |          0 |          0 |       0 |    0 |     8 |      0 |      0 |    0 |          0 |
|       g[2].g_normal.alu_i                  |                      microop_unit__parameterized9__26 |         32 |         32 |       0 |    0 |    32 |      0 |      0 |    0 |          0 |
|   g_has_mem.glen_mem[74].blk_i             |                        uop_block_wrap__parameterized3 |          6 |          6 |       0 |    0 |   279 |      0 |      0 |    0 |          0 |
|     (g_has_mem.glen_mem[74].blk_i)         |                        uop_block_wrap__parameterized3 |          2 |          2 |       0 |    0 |    77 |      0 |      0 |    0 |          0 |
|     core                                   |                          uop_block__parameterized3_69 |          4 |          4 |       0 |    0 |   202 |      0 |      0 |    0 |          0 |
|       (core)                               |                          uop_block__parameterized3_69 |          4 |          4 |       0 |    0 |     2 |      0 |      0 |    0 |          0 |
|       g[0].g_normal.alu_i                  |                      microop_unit__parameterized5__13 |          0 |          0 |       0 |    0 |    64 |      0 |      0 |    0 |          0 |
|       g[1].g_normal.alu_i                  |                      microop_unit__parameterized5__14 |          0 |          0 |       0 |    0 |    64 |      0 |      0 |    0 |          0 |
|       g[2].g_normal.alu_i                  |                      microop_unit__parameterized5__15 |          0 |          0 |       0 |    0 |    64 |      0 |      0 |    0 |          0 |
|       g[3].g_normal.alu_i                  |                      microop_unit__parameterized6__19 |          0 |          0 |       0 |    0 |     8 |      0 |      0 |    0 |          0 |
|   g_has_mem.glen_mem[75].blk_i             |                        uop_block_wrap__parameterized4 |         68 |         68 |       0 |    0 |   208 |      0 |      0 |    0 |          0 |
|     (g_has_mem.glen_mem[75].blk_i)         |                        uop_block_wrap__parameterized4 |          1 |          1 |       0 |    0 |    79 |      0 |      0 |    0 |          0 |
|     core                                   |                          uop_block__parameterized4_68 |         67 |         67 |       0 |    0 |   129 |      0 |      0 |    0 |          0 |
|       (core)                               |                          uop_block__parameterized4_68 |          3 |          3 |       0 |    0 |     1 |      0 |      0 |    0 |          0 |
|       g[0].g_normal.alu_i                  |                      microop_unit__parameterized7__13 |         64 |         64 |       0 |    0 |    64 |      0 |      0 |    0 |          0 |
|       g[1].g_normal.alu_i                  |                      microop_unit__parameterized5__16 |          0 |          0 |       0 |    0 |    64 |      0 |      0 |    0 |          0 |
|   g_has_mem.glen_mem[76].blk_i             |                     uop_block_wrap__parameterized4_41 |         69 |         69 |       0 |    0 |   205 |      0 |      0 |    0 |          0 |
|     (g_has_mem.glen_mem[76].blk_i)         |                     uop_block_wrap__parameterized4_41 |          2 |          2 |       0 |    0 |    76 |      0 |      0 |    0 |          0 |
|     core                                   |                          uop_block__parameterized4_67 |         67 |         67 |       0 |    0 |   129 |      0 |      0 |    0 |          0 |
|       (core)                               |                          uop_block__parameterized4_67 |          3 |          3 |       0 |    0 |     1 |      0 |      0 |    0 |          0 |
|       g[0].g_normal.alu_i                  |                      microop_unit__parameterized7__12 |         64 |         64 |       0 |    0 |    64 |      0 |      0 |    0 |          0 |
|       g[1].g_normal.alu_i                  |                      microop_unit__parameterized5__17 |          0 |          0 |       0 |    0 |    64 |      0 |      0 |    0 |          0 |
|   g_has_mem.glen_mem[77].blk_i             |                       uop_block_wrap__parameterized43 |        104 |        104 |       0 |    0 |   164 |      0 |      0 |    0 |          0 |
|     (g_has_mem.glen_mem[77].blk_i)         |                       uop_block_wrap__parameterized43 |          1 |          1 |       0 |    0 |    49 |      0 |      0 |    0 |          0 |
|     core                                   |                            uop_block__parameterized43 |        103 |        103 |       0 |    0 |   115 |      0 |      0 |    0 |          0 |
|       (core)                               |                            uop_block__parameterized43 |          7 |          7 |       0 |    0 |     3 |      0 |      0 |    0 |          0 |
|       g[0].g_normal.alu_i                  |                      microop_unit__parameterized6__20 |          0 |          0 |       0 |    0 |     8 |      0 |      0 |    0 |          0 |
|       g[1].g_normal.alu_i                  |                                       microop_unit__9 |         32 |         32 |       0 |    0 |    32 |      0 |      0 |    0 |          0 |
|       g[2].g_normal.alu_i                  |                      microop_unit__parameterized6__27 |          0 |          0 |       0 |    0 |     8 |      0 |      0 |    0 |          0 |
|       g[3].g_normal.alu_i                  |                      microop_unit__parameterized9__31 |         32 |         32 |       0 |    0 |    32 |      0 |      0 |    0 |          0 |
|       g[4].g_normal.alu_i                  |                         microop_unit__parameterized25 |         32 |         32 |       0 |    0 |    32 |      0 |      0 |    0 |          0 |
|   g_has_mem.glen_mem[78].blk_i             |                    uop_block_wrap__parameterized44_42 |          0 |          0 |       0 |    0 |   102 |      0 |      0 |    0 |          0 |
|     (g_has_mem.glen_mem[78].blk_i)         |                    uop_block_wrap__parameterized44_42 |          0 |          0 |       0 |    0 |    38 |      0 |      0 |    0 |          0 |
|     core                                   |                            uop_block__parameterized44 |          0 |          0 |       0 |    0 |    64 |      0 |      0 |    0 |          0 |
|       (core)                               |                            uop_block__parameterized44 |          0 |          0 |       0 |    0 |     0 |      0 |      0 |    0 |          0 |
|       g[0].g_normal.alu_i                  |                       microop_unit__parameterized0__4 |          0 |          0 |       0 |    0 |    32 |      0 |      0 |    0 |          0 |
|       g[2].g_normal.alu_i                  |                      microop_unit__parameterized16__1 |          0 |          0 |       0 |    0 |    32 |      0 |      0 |    0 |          0 |
|   g_has_mem.glen_mem[79].blk_i             |            uop_block_wrap__parameterized45__xdcDup__1 |         67 |         67 |       0 |    0 |   270 |      0 |      0 |    0 |          0 |
|     (g_has_mem.glen_mem[79].blk_i)         |            uop_block_wrap__parameterized45__xdcDup__1 |          0 |          0 |       0 |    0 |    77 |      0 |      0 |    0 |          0 |
|     core                                   |                 uop_block__parameterized45__xdcDup__1 |         67 |         67 |       0 |    0 |   193 |      0 |      0 |    0 |          0 |
|       (core)                               |                 uop_block__parameterized45__xdcDup__1 |          3 |          3 |       0 |    0 |     1 |      0 |      0 |    0 |          0 |
|       g[0].g_normal.alu_i                  |                      microop_unit__parameterized5__18 |          0 |          0 |       0 |    0 |    64 |      0 |      0 |    0 |          0 |
|       g[1].g_normal.alu_i                  |             microop_unit__parameterized12__xdcDup__12 |         64 |         64 |       0 |    0 |   128 |      0 |      0 |    0 |          0 |
|         (g[1].g_normal.alu_i)              |             microop_unit__parameterized12__xdcDup__12 |          0 |          0 |       0 |    0 |    64 |      0 |      0 |    0 |          0 |
|         g_iadd.use_ip.u_addsub             |                                integer_addsub_HD15768 |         64 |         64 |       0 |    0 |    64 |      0 |      0 |    0 |          0 |
|           (g_iadd.use_ip.u_addsub)         |                                integer_addsub_HD15768 |          0 |          0 |       0 |    0 |     0 |      0 |      0 |    0 |          0 |
|           U0                               |               integer_addsubc_addsub_v12_0_14_HD15769 |         64 |         64 |       0 |    0 |    64 |      0 |      0 |    0 |          0 |
|             (U0)                           |               integer_addsubc_addsub_v12_0_14_HD15769 |          0 |          0 |       0 |    0 |     0 |      0 |      0 |    0 |          0 |
|             xst_addsub                     |           integer_addsubc_addsub_v12_0_14_viv_HD15770 |         64 |         64 |       0 |    0 |    64 |      0 |      0 |    0 |          0 |
|               (xst_addsub)                 |           integer_addsubc_addsub_v12_0_14_viv_HD15770 |          0 |          0 |       0 |    0 |     0 |      0 |      0 |    0 |          0 |
|               i_baseblox.i_baseblox_addsub |        integer_addsubc_addsub_v12_0_14_legacy_HD15771 |         64 |         64 |       0 |    0 |    64 |      0 |      0 |    0 |          0 |
|                 no_pipelining.the_addsub   | integer_addsubc_addsub_v12_0_14_fabric_legacy_HD15772 |         64 |         64 |       0 |    0 |    64 |      0 |      0 |    0 |          0 |
|                   i_lut6.i_lut6_addsub     |   integer_addsubc_addsub_v12_0_14_lut6_legacy_HD15773 |         64 |         64 |       0 |    0 |    64 |      0 |      0 |    0 |          0 |
|                     (i_lut6.i_lut6_addsub) |   integer_addsubc_addsub_v12_0_14_lut6_legacy_HD15773 |         64 |         64 |       0 |    0 |     0 |      0 |      0 |    0 |          0 |
|                     i_q.i_simple.qreg      |            integer_addsubc_reg_fd_v12_0_6_viv_HD15774 |          0 |          0 |       0 |    0 |    64 |      0 |      0 |    0 |          0 |
|   g_has_mem.glen_mem[7].blk_i              |                     uop_block_wrap__parameterized3_43 |         10 |         10 |       0 |    0 |   281 |      0 |      0 |    0 |          0 |
|     (g_has_mem.glen_mem[7].blk_i)          |                     uop_block_wrap__parameterized3_43 |          5 |          5 |       0 |    0 |    79 |      0 |      0 |    0 |          0 |
|     core                                   |                             uop_block__parameterized3 |          5 |          5 |       0 |    0 |   202 |      0 |      0 |    0 |          0 |
|       (core)                               |                             uop_block__parameterized3 |          5 |          5 |       0 |    0 |     2 |      0 |      0 |    0 |          0 |
|       g[0].g_normal.alu_i                  |                      microop_unit__parameterized5__46 |          0 |          0 |       0 |    0 |    64 |      0 |      0 |    0 |          0 |
|       g[1].g_normal.alu_i                  |                      microop_unit__parameterized5__47 |          0 |          0 |       0 |    0 |    64 |      0 |      0 |    0 |          0 |
|       g[2].g_normal.alu_i                  |                          microop_unit__parameterized5 |          0 |          0 |       0 |    0 |    64 |      0 |      0 |    0 |          0 |
|       g[3].g_normal.alu_i                  |                          microop_unit__parameterized6 |          0 |          0 |       0 |    0 |     8 |      0 |      0 |    0 |          0 |
|   g_has_mem.glen_mem[80].blk_i             |                       uop_block_wrap__parameterized45 |         67 |         67 |       0 |    0 |   269 |      0 |      0 |    0 |          0 |
|     (g_has_mem.glen_mem[80].blk_i)         |                       uop_block_wrap__parameterized45 |          0 |          0 |       0 |    0 |    76 |      0 |      0 |    0 |          0 |
|     core                                   |                            uop_block__parameterized45 |         67 |         67 |       0 |    0 |   193 |      0 |      0 |    0 |          0 |
|       (core)                               |                            uop_block__parameterized45 |          3 |          3 |       0 |    0 |     1 |      0 |      0 |    0 |          0 |
|       g[0].g_normal.alu_i                  |                      microop_unit__parameterized5__27 |          0 |          0 |       0 |    0 |    64 |      0 |      0 |    0 |          0 |
|       g[1].g_normal.alu_i                  |             microop_unit__parameterized12__xdcDup__13 |         64 |         64 |       0 |    0 |   128 |      0 |      0 |    0 |          0 |
|         (g[1].g_normal.alu_i)              |             microop_unit__parameterized12__xdcDup__13 |          0 |          0 |       0 |    0 |    64 |      0 |      0 |    0 |          0 |
|         g_iadd.use_ip.u_addsub             |                                integer_addsub_HD15775 |         64 |         64 |       0 |    0 |    64 |      0 |      0 |    0 |          0 |
|           (g_iadd.use_ip.u_addsub)         |                                integer_addsub_HD15775 |          0 |          0 |       0 |    0 |     0 |      0 |      0 |    0 |          0 |
|           U0                               |               integer_addsubc_addsub_v12_0_14_HD15776 |         64 |         64 |       0 |    0 |    64 |      0 |      0 |    0 |          0 |
|             (U0)                           |               integer_addsubc_addsub_v12_0_14_HD15776 |          0 |          0 |       0 |    0 |     0 |      0 |      0 |    0 |          0 |
|             xst_addsub                     |           integer_addsubc_addsub_v12_0_14_viv_HD15777 |         64 |         64 |       0 |    0 |    64 |      0 |      0 |    0 |          0 |
|               (xst_addsub)                 |           integer_addsubc_addsub_v12_0_14_viv_HD15777 |          0 |          0 |       0 |    0 |     0 |      0 |      0 |    0 |          0 |
|               i_baseblox.i_baseblox_addsub |        integer_addsubc_addsub_v12_0_14_legacy_HD15778 |         64 |         64 |       0 |    0 |    64 |      0 |      0 |    0 |          0 |
|                 no_pipelining.the_addsub   | integer_addsubc_addsub_v12_0_14_fabric_legacy_HD15779 |         64 |         64 |       0 |    0 |    64 |      0 |      0 |    0 |          0 |
|                   i_lut6.i_lut6_addsub     |   integer_addsubc_addsub_v12_0_14_lut6_legacy_HD15780 |         64 |         64 |       0 |    0 |    64 |      0 |      0 |    0 |          0 |
|                     (i_lut6.i_lut6_addsub) |   integer_addsubc_addsub_v12_0_14_lut6_legacy_HD15780 |         64 |         64 |       0 |    0 |     0 |      0 |      0 |    0 |          0 |
|                     i_q.i_simple.qreg      |            integer_addsubc_reg_fd_v12_0_6_viv_HD15781 |          0 |          0 |       0 |    0 |    64 |      0 |      0 |    0 |          0 |
|   g_has_mem.glen_mem[81].blk_i             |                    uop_block_wrap__parameterized42_44 |         37 |         37 |       0 |    0 |    99 |      0 |      0 |    0 |          0 |
|     (g_has_mem.glen_mem[81].blk_i)         |                    uop_block_wrap__parameterized42_44 |          0 |          0 |       0 |    0 |    49 |      0 |      0 |    0 |          0 |
|     core                                   |                            uop_block__parameterized42 |         37 |         37 |       0 |    0 |    50 |      0 |      0 |    0 |          0 |
|       (core)                               |                            uop_block__parameterized42 |          5 |          5 |       0 |    0 |     2 |      0 |      0 |    0 |          0 |
|       g[0].g_normal.alu_i                  |                      microop_unit__parameterized6__36 |          0 |          0 |       0 |    0 |     8 |      0 |      0 |    0 |          0 |
|       g[1].g_normal.alu_i                  |                      microop_unit__parameterized6__37 |          0 |          0 |       0 |    0 |     8 |      0 |      0 |    0 |          0 |
|       g[2].g_normal.alu_i                  |                      microop_unit__parameterized9__39 |         32 |         32 |       0 |    0 |    32 |      0 |      0 |    0 |          0 |
|   g_has_mem.glen_mem[82].blk_i             |                    uop_block_wrap__parameterized13_45 |         36 |         36 |       0 |    0 |   115 |      0 |      0 |    0 |          0 |
|     (g_has_mem.glen_mem[82].blk_i)         |                    uop_block_wrap__parameterized13_45 |          1 |          1 |       0 |    0 |    50 |      0 |      0 |    0 |          0 |
|     core                                   |                         uop_block__parameterized13_66 |         35 |         35 |       0 |    0 |    65 |      0 |      0 |    0 |          0 |
|       (core)                               |                         uop_block__parameterized13_66 |          3 |          3 |       0 |    0 |     1 |      0 |      0 |    0 |          0 |
|       g[0].g_normal.alu_i                  |                                      microop_unit__19 |         32 |         32 |       0 |    0 |    32 |      0 |      0 |    0 |          0 |
|       g[1].g_normal.alu_i                  |                      microop_unit__parameterized0__43 |          0 |          0 |       0 |    0 |    32 |      0 |      0 |    0 |          0 |
|   g_has_mem.glen_mem[83].blk_i             |                    uop_block_wrap__parameterized13_46 |         38 |         38 |       0 |    0 |   115 |      0 |      0 |    0 |          0 |
|     (g_has_mem.glen_mem[83].blk_i)         |                    uop_block_wrap__parameterized13_46 |          3 |          3 |       0 |    0 |    50 |      0 |      0 |    0 |          0 |
|     core                                   |                         uop_block__parameterized13_65 |         35 |         35 |       0 |    0 |    65 |      0 |      0 |    0 |          0 |
|       (core)                               |                         uop_block__parameterized13_65 |          3 |          3 |       0 |    0 |     1 |      0 |      0 |    0 |          0 |
|       g[0].g_normal.alu_i                  |                                      microop_unit__34 |         32 |         32 |       0 |    0 |    32 |      0 |      0 |    0 |          0 |
|       g[1].g_normal.alu_i                  |                      microop_unit__parameterized0__45 |          0 |          0 |       0 |    0 |    32 |      0 |      0 |    0 |          0 |
|   g_has_mem.glen_mem[84].blk_i             |                    uop_block_wrap__parameterized14_47 |          8 |          8 |       0 |    0 |   235 |      0 |      0 |    0 |          0 |
|     (g_has_mem.glen_mem[84].blk_i)         |                    uop_block_wrap__parameterized14_47 |          2 |          2 |       0 |    0 |    73 |      0 |      0 |    0 |          0 |
|     core                                   |                            uop_block__parameterized14 |          6 |          6 |       0 |    0 |   162 |      0 |      0 |    0 |          0 |
|       (core)                               |                            uop_block__parameterized14 |          6 |          6 |       0 |    0 |     2 |      0 |      0 |    0 |          0 |
|       g[0].g_normal.alu_i                  |                      microop_unit__parameterized5__28 |          0 |          0 |       0 |    0 |    64 |      0 |      0 |    0 |          0 |
|       g[1].g_normal.alu_i                  |                      microop_unit__parameterized0__44 |          0 |          0 |       0 |    0 |    32 |      0 |      0 |    0 |          0 |
|       g[2].g_normal.alu_i                  |                      microop_unit__parameterized5__29 |          0 |          0 |       0 |    0 |    64 |      0 |      0 |    0 |          0 |
|   g_has_mem.glen_mem[85].blk_i             |                                     uop_block_wrap_48 |         32 |         32 |       0 |    0 |    69 |      0 |      0 |    0 |          0 |
|     (g_has_mem.glen_mem[85].blk_i)         |                                     uop_block_wrap_48 |          0 |          0 |       0 |    0 |    37 |      0 |      0 |    0 |          0 |
|     core                                   |                                             uop_block |         32 |         32 |       0 |    0 |    32 |      0 |      0 |    0 |          0 |
|       (core)                               |                                             uop_block |          0 |          0 |       0 |    0 |     0 |      0 |      0 |    0 |          0 |
|       g[0].g_normal.alu_i                  |                                      microop_unit__26 |         32 |         32 |       0 |    0 |    32 |      0 |      0 |    0 |          0 |
|   g_has_mem.glen_mem[86].blk_i             |                    uop_block_wrap__parameterized28_49 |         32 |         32 |       0 |    0 |   102 |      0 |      0 |    0 |          0 |
|     (g_has_mem.glen_mem[86].blk_i)         |                    uop_block_wrap__parameterized28_49 |          0 |          0 |       0 |    0 |    38 |      0 |      0 |    0 |          0 |
|     core                                   |                         uop_block__parameterized28_64 |         32 |         32 |       0 |    0 |    64 |      0 |      0 |    0 |          0 |
|       (core)                               |                         uop_block__parameterized28_64 |          0 |          0 |       0 |    0 |     0 |      0 |      0 |    0 |          0 |
|       g[0].g_normal.alu_i                  |                                      microop_unit__24 |         32 |         32 |       0 |    0 |    32 |      0 |      0 |    0 |          0 |
|       g[1].g_normal.alu_i                  |                      microop_unit__parameterized22__5 |          0 |          0 |       0 |    0 |    32 |      0 |      0 |    0 |          0 |
|   g_has_mem.glen_mem[87].blk_i             |                    uop_block_wrap__parameterized28_50 |         32 |         32 |       0 |    0 |   102 |      0 |      0 |    0 |          0 |
|     (g_has_mem.glen_mem[87].blk_i)         |                    uop_block_wrap__parameterized28_50 |          0 |          0 |       0 |    0 |    38 |      0 |      0 |    0 |          0 |
|     core                                   |                         uop_block__parameterized28_63 |         32 |         32 |       0 |    0 |    64 |      0 |      0 |    0 |          0 |
|       (core)                               |                         uop_block__parameterized28_63 |          0 |          0 |       0 |    0 |     0 |      0 |      0 |    0 |          0 |
|       g[0].g_normal.alu_i                  |                                      microop_unit__23 |         32 |         32 |       0 |    0 |    32 |      0 |      0 |    0 |          0 |
|       g[1].g_normal.alu_i                  |                      microop_unit__parameterized22__4 |          0 |          0 |       0 |    0 |    32 |      0 |      0 |    0 |          0 |
|   g_has_mem.glen_mem[88].blk_i             |                       uop_block_wrap__parameterized46 |         65 |         65 |       0 |    0 |   199 |      0 |      0 |    0 |          0 |
|     (g_has_mem.glen_mem[88].blk_i)         |                       uop_block_wrap__parameterized46 |          0 |          0 |       0 |    0 |    70 |      0 |      0 |    0 |          0 |
|     core                                   |                            uop_block__parameterized46 |         65 |         65 |       0 |    0 |   129 |      0 |      0 |    0 |          0 |
|       (core)                               |                            uop_block__parameterized46 |          0 |          0 |       0 |    0 |     0 |      0 |      0 |    0 |          0 |
|       g[0].g_normal.alu_i                  |                         microop_unit__parameterized14 |         64 |         64 |       0 |    0 |   128 |      0 |      0 |    0 |          0 |
|         (g[0].g_normal.alu_i)              |                         microop_unit__parameterized14 |          0 |          0 |       0 |    0 |    64 |      0 |      0 |    0 |          0 |
|         g_iadd.use_ip.u_addsub             |                                integer_addsub_HD15782 |         64 |         64 |       0 |    0 |    64 |      0 |      0 |    0 |          0 |
|           (g_iadd.use_ip.u_addsub)         |                                integer_addsub_HD15782 |          0 |          0 |       0 |    0 |     0 |      0 |      0 |    0 |          0 |
|           U0                               |               integer_addsubc_addsub_v12_0_14_HD15783 |         64 |         64 |       0 |    0 |    64 |      0 |      0 |    0 |          0 |
|             (U0)                           |               integer_addsubc_addsub_v12_0_14_HD15783 |          0 |          0 |       0 |    0 |     0 |      0 |      0 |    0 |          0 |
|             xst_addsub                     |           integer_addsubc_addsub_v12_0_14_viv_HD15784 |         64 |         64 |       0 |    0 |    64 |      0 |      0 |    0 |          0 |
|               (xst_addsub)                 |           integer_addsubc_addsub_v12_0_14_viv_HD15784 |          0 |          0 |       0 |    0 |     0 |      0 |      0 |    0 |          0 |
|               i_baseblox.i_baseblox_addsub |        integer_addsubc_addsub_v12_0_14_legacy_HD15785 |         64 |         64 |       0 |    0 |    64 |      0 |      0 |    0 |          0 |
|                 no_pipelining.the_addsub   | integer_addsubc_addsub_v12_0_14_fabric_legacy_HD15786 |         64 |         64 |       0 |    0 |    64 |      0 |      0 |    0 |          0 |
|                   i_lut6.i_lut6_addsub     |   integer_addsubc_addsub_v12_0_14_lut6_legacy_HD15787 |         64 |         64 |       0 |    0 |    64 |      0 |      0 |    0 |          0 |
|                     (i_lut6.i_lut6_addsub) |   integer_addsubc_addsub_v12_0_14_lut6_legacy_HD15787 |         64 |         64 |       0 |    0 |     0 |      0 |      0 |    0 |          0 |
|                     i_q.i_simple.qreg      |            integer_addsubc_reg_fd_v12_0_6_viv_HD15788 |          0 |          0 |       0 |    0 |    64 |      0 |      0 |    0 |          0 |
|       g[1].g_normal.alu_i                  |                         microop_unit__parameterized26 |          1 |          1 |       0 |    0 |     1 |      0 |      0 |    0 |          0 |
|   g_has_mem.glen_mem[89].blk_i             |                       uop_block_wrap__parameterized47 |         39 |         39 |       0 |    0 |   181 |      0 |      0 |    0 |          0 |
|     (g_has_mem.glen_mem[89].blk_i)         |                       uop_block_wrap__parameterized47 |          2 |          2 |       0 |    0 |    51 |      0 |      0 |    0 |          0 |
|     core                                   |                            uop_block__parameterized47 |         37 |         37 |       0 |    0 |   130 |      0 |      0 |    0 |          0 |
|       (core)                               |                            uop_block__parameterized47 |          5 |          5 |       0 |    0 |     2 |      0 |      0 |    0 |          0 |
|       g[0].g_normal.alu_i                  |                                      microop_unit__20 |         32 |         32 |       0 |    0 |    32 |      0 |      0 |    0 |          0 |
|       g[1].g_normal.alu_i                  |                      microop_unit__parameterized22__7 |          0 |          0 |       0 |    0 |    32 |      0 |      0 |    0 |          0 |
|       g[2].g_normal.alu_i                  |                      microop_unit__parameterized5__30 |          0 |          0 |       0 |    0 |    64 |      0 |      0 |    0 |          0 |
|   g_has_mem.glen_mem[8].blk_i              |                     uop_block_wrap__parameterized4_51 |         68 |         68 |       0 |    0 |   206 |      0 |      0 |    0 |          0 |
|     (g_has_mem.glen_mem[8].blk_i)          |                     uop_block_wrap__parameterized4_51 |          1 |          1 |       0 |    0 |    77 |      0 |      0 |    0 |          0 |
|     core                                   |                          uop_block__parameterized4_62 |         67 |         67 |       0 |    0 |   129 |      0 |      0 |    0 |          0 |
|       (core)                               |                          uop_block__parameterized4_62 |          3 |          3 |       0 |    0 |     1 |      0 |      0 |    0 |          0 |
|       g[0].g_normal.alu_i                  |                      microop_unit__parameterized7__20 |         64 |         64 |       0 |    0 |    64 |      0 |      0 |    0 |          0 |
|       g[1].g_normal.alu_i                  |                      microop_unit__parameterized5__36 |          0 |          0 |       0 |    0 |    64 |      0 |      0 |    0 |          0 |
|   g_has_mem.glen_mem[90].blk_i             |                       uop_block_wrap__parameterized48 |         38 |         38 |       0 |    0 |   181 |      0 |      0 |    0 |          0 |
|     (g_has_mem.glen_mem[90].blk_i)         |                       uop_block_wrap__parameterized48 |          1 |          1 |       0 |    0 |    51 |      0 |      0 |    0 |          0 |
|     core                                   |                            uop_block__parameterized48 |         37 |         37 |       0 |    0 |   130 |      0 |      0 |    0 |          0 |
|       (core)                               |                            uop_block__parameterized48 |          5 |          5 |       0 |    0 |     2 |      0 |      0 |    0 |          0 |
|       g[0].g_normal.alu_i                  |                                      microop_unit__35 |         32 |         32 |       0 |    0 |    32 |      0 |      0 |    0 |          0 |
|       g[1].g_normal.alu_i                  |                     microop_unit__parameterized16__14 |          0 |          0 |       0 |    0 |    32 |      0 |      0 |    0 |          0 |
|       g[2].g_normal.alu_i                  |                      microop_unit__parameterized5__31 |          0 |          0 |       0 |    0 |    64 |      0 |      0 |    0 |          0 |
|   g_has_mem.glen_mem[91].blk_i             |                       uop_block_wrap__parameterized49 |         70 |         70 |       0 |    0 |   273 |      0 |      0 |    0 |          0 |
|     (g_has_mem.glen_mem[91].blk_i)         |                       uop_block_wrap__parameterized49 |          1 |          1 |       0 |    0 |    79 |      0 |      0 |    0 |          0 |
|     core                                   |                         uop_block__parameterized49_61 |         69 |         69 |       0 |    0 |   194 |      0 |      0 |    0 |          0 |
|       (core)                               |                         uop_block__parameterized49_61 |          5 |          5 |       0 |    0 |     2 |      0 |      0 |    0 |          0 |
|       g[0].g_normal.alu_i                  |                      microop_unit__parameterized7__19 |         64 |         64 |       0 |    0 |    64 |      0 |      0 |    0 |          0 |
|       g[1].g_normal.alu_i                  |                      microop_unit__parameterized5__32 |          0 |          0 |       0 |    0 |    64 |      0 |      0 |    0 |          0 |
|       g[2].g_normal.alu_i                  |                      microop_unit__parameterized5__35 |          0 |          0 |       0 |    0 |    64 |      0 |      0 |    0 |          0 |
|   g_has_mem.glen_mem[92].blk_i             |                    uop_block_wrap__parameterized49_52 |         74 |         74 |       0 |    0 |   270 |      0 |      0 |    0 |          0 |
|     (g_has_mem.glen_mem[92].blk_i)         |                    uop_block_wrap__parameterized49_52 |          5 |          5 |       0 |    0 |    76 |      0 |      0 |    0 |          0 |
|     core                                   |                            uop_block__parameterized49 |         69 |         69 |       0 |    0 |   194 |      0 |      0 |    0 |          0 |
|       (core)                               |                            uop_block__parameterized49 |          5 |          5 |       0 |    0 |     2 |      0 |      0 |    0 |          0 |
|       g[0].g_normal.alu_i                  |                      microop_unit__parameterized7__18 |         64 |         64 |       0 |    0 |    64 |      0 |      0 |    0 |          0 |
|       g[1].g_normal.alu_i                  |                      microop_unit__parameterized5__34 |          0 |          0 |       0 |    0 |    64 |      0 |      0 |    0 |          0 |
|       g[2].g_normal.alu_i                  |                      microop_unit__parameterized5__33 |          0 |          0 |       0 |    0 |    64 |      0 |      0 |    0 |          0 |
|   g_has_mem.glen_mem[93].blk_i             |                       uop_block_wrap__parameterized50 |         38 |         38 |       0 |    0 |   114 |      0 |      0 |    0 |          0 |
|     (g_has_mem.glen_mem[93].blk_i)         |                       uop_block_wrap__parameterized50 |          3 |          3 |       0 |    0 |    49 |      0 |      0 |    0 |          0 |
|     core                                   |                            uop_block__parameterized50 |         35 |         35 |       0 |    0 |    65 |      0 |      0 |    0 |          0 |
|       (core)                               |                            uop_block__parameterized50 |          3 |          3 |       0 |    0 |     1 |      0 |      0 |    0 |          0 |
|       g[0].g_normal.alu_i                  |                      microop_unit__parameterized0__46 |          0 |          0 |       0 |    0 |    32 |      0 |      0 |    0 |          0 |
|       g[1].g_normal.alu_i                  |                      microop_unit__parameterized9__40 |         32 |         32 |       0 |    0 |    32 |      0 |      0 |    0 |          0 |
|   g_has_mem.glen_mem[94].blk_i             |                    uop_block_wrap__parameterized28_53 |         32 |         32 |       0 |    0 |   102 |      0 |      0 |    0 |          0 |
|     (g_has_mem.glen_mem[94].blk_i)         |                    uop_block_wrap__parameterized28_53 |          0 |          0 |       0 |    0 |    38 |      0 |      0 |    0 |          0 |
|     core                                   |                         uop_block__parameterized28_60 |         32 |         32 |       0 |    0 |    64 |      0 |      0 |    0 |          0 |
|       (core)                               |                         uop_block__parameterized28_60 |          0 |          0 |       0 |    0 |     0 |      0 |      0 |    0 |          0 |
|       g[0].g_normal.alu_i                  |                                      microop_unit__22 |         32 |         32 |       0 |    0 |    32 |      0 |      0 |    0 |          0 |
|       g[1].g_normal.alu_i                  |                      microop_unit__parameterized22__3 |          0 |          0 |       0 |    0 |    32 |      0 |      0 |    0 |          0 |
|   g_has_mem.glen_mem[95].blk_i             |                    uop_block_wrap__parameterized28_54 |         32 |         32 |       0 |    0 |   102 |      0 |      0 |    0 |          0 |
|     (g_has_mem.glen_mem[95].blk_i)         |                    uop_block_wrap__parameterized28_54 |          0 |          0 |       0 |    0 |    38 |      0 |      0 |    0 |          0 |
|     core                                   |                            uop_block__parameterized28 |         32 |         32 |       0 |    0 |    64 |      0 |      0 |    0 |          0 |
|       (core)                               |                            uop_block__parameterized28 |          0 |          0 |       0 |    0 |     0 |      0 |      0 |    0 |          0 |
|       g[0].g_normal.alu_i                  |                                      microop_unit__21 |         32 |         32 |       0 |    0 |    32 |      0 |      0 |    0 |          0 |
|       g[1].g_normal.alu_i                  |                      microop_unit__parameterized22__2 |          0 |          0 |       0 |    0 |    32 |      0 |      0 |    0 |          0 |
|   g_has_mem.glen_mem[96].blk_i             |                       uop_block_wrap__parameterized51 |         32 |         32 |       0 |    0 |   102 |      0 |      0 |    0 |          0 |
|     (g_has_mem.glen_mem[96].blk_i)         |                       uop_block_wrap__parameterized51 |          0 |          0 |       0 |    0 |    38 |      0 |      0 |    0 |          0 |
|     core                                   |                         uop_block__parameterized51_59 |         32 |         32 |       0 |    0 |    64 |      0 |      0 |    0 |          0 |
|       (core)                               |                         uop_block__parameterized51_59 |          0 |          0 |       0 |    0 |     0 |      0 |      0 |    0 |          0 |
|       g[0].g_normal.alu_i                  |                                      microop_unit__37 |         32 |         32 |       0 |    0 |    32 |      0 |      0 |    0 |          0 |
|       g[2].g_normal.alu_i                  |                         microop_unit__parameterized22 |          0 |          0 |       0 |    0 |    32 |      0 |      0 |    0 |          0 |
|   g_has_mem.glen_mem[97].blk_i             |                    uop_block_wrap__parameterized51_55 |         32 |         32 |       0 |    0 |   102 |      0 |      0 |    0 |          0 |
|     (g_has_mem.glen_mem[97].blk_i)         |                    uop_block_wrap__parameterized51_55 |          0 |          0 |       0 |    0 |    38 |      0 |      0 |    0 |          0 |
|     core                                   |                            uop_block__parameterized51 |         32 |         32 |       0 |    0 |    64 |      0 |      0 |    0 |          0 |
|       (core)                               |                            uop_block__parameterized51 |          0 |          0 |       0 |    0 |     0 |      0 |      0 |    0 |          0 |
|       g[0].g_normal.alu_i                  |                                      microop_unit__40 |         32 |         32 |       0 |    0 |    32 |      0 |      0 |    0 |          0 |
|       g[2].g_normal.alu_i                  |                      microop_unit__parameterized22__8 |          0 |          0 |       0 |    0 |    32 |      0 |      0 |    0 |          0 |
|   g_has_mem.glen_mem[98].blk_i             |                    uop_block_wrap__parameterized13_56 |         36 |         36 |       0 |    0 |   115 |      0 |      0 |    0 |          0 |
|     (g_has_mem.glen_mem[98].blk_i)         |                    uop_block_wrap__parameterized13_56 |          1 |          1 |       0 |    0 |    50 |      0 |      0 |    0 |          0 |
|     core                                   |                            uop_block__parameterized13 |         35 |         35 |       0 |    0 |    65 |      0 |      0 |    0 |          0 |
|       (core)                               |                            uop_block__parameterized13 |          3 |          3 |       0 |    0 |     1 |      0 |      0 |    0 |          0 |
|       g[0].g_normal.alu_i                  |                                       microop_unit__1 |         32 |         32 |       0 |    0 |    32 |      0 |      0 |    0 |          0 |
|       g[1].g_normal.alu_i                  |                       microop_unit__parameterized0__2 |          0 |          0 |       0 |    0 |    32 |      0 |      0 |    0 |          0 |
|   g_has_mem.glen_mem[99].blk_i             |                    uop_block_wrap__parameterized52_57 |         64 |         64 |       0 |    0 |   198 |      0 |      0 |    0 |          0 |
|     (g_has_mem.glen_mem[99].blk_i)         |                    uop_block_wrap__parameterized52_57 |          0 |          0 |       0 |    0 |    70 |      0 |      0 |    0 |          0 |
|     core                                   |                            uop_block__parameterized52 |         64 |         64 |       0 |    0 |   128 |      0 |      0 |    0 |          0 |
|       (core)                               |                            uop_block__parameterized52 |          0 |          0 |       0 |    0 |     0 |      0 |      0 |    0 |          0 |
|       g[0].g_normal.alu_i                  |                      microop_unit__parameterized7__25 |         64 |         64 |       0 |    0 |    64 |      0 |      0 |    0 |          0 |
|       g[1].g_normal.alu_i                  |                      microop_unit__parameterized5__42 |          0 |          0 |       0 |    0 |    64 |      0 |      0 |    0 |          0 |
|   g_has_mem.glen_mem[9].blk_i              |                     uop_block_wrap__parameterized4_58 |         69 |         69 |       0 |    0 |   203 |      0 |      0 |    0 |          0 |
|     (g_has_mem.glen_mem[9].blk_i)          |                     uop_block_wrap__parameterized4_58 |          2 |          2 |       0 |    0 |    74 |      0 |      0 |    0 |          0 |
|     core                                   |                             uop_block__parameterized4 |         67 |         67 |       0 |    0 |   129 |      0 |      0 |    0 |          0 |
|       (core)                               |                             uop_block__parameterized4 |          3 |          3 |       0 |    0 |     1 |      0 |      0 |    0 |          0 |
|       g[0].g_normal.alu_i                  |                      microop_unit__parameterized7__14 |         64 |         64 |       0 |    0 |    64 |      0 |      0 |    0 |          0 |
|       g[1].g_normal.alu_i                  |                      microop_unit__parameterized5__19 |          0 |          0 |       0 |    0 |    64 |      0 |      0 |    0 |          0 |
|   g_has_mem.u_pool                         |                                              spm_pool |       3210 |       3210 |       0 |    0 |  1712 |      8 |      0 |    0 |          0 |
|     (g_has_mem.u_pool)                     |                                              spm_pool |       3018 |       3018 |       0 |    0 |  1648 |      0 |      0 |    0 |          0 |
|     g_banks.gb[0].u_bank64                 |                                           spm_bank__1 |          5 |          5 |       0 |    0 |     2 |      1 |      0 |    0 |          0 |
|       (g_banks.gb[0].u_bank64)             |                                           spm_bank__1 |          1 |          1 |       0 |    0 |     2 |      0 |      0 |    0 |          0 |
|       u_mem                                |                                 xpm_memory_sdpram_124 |          4 |          4 |       0 |    0 |     0 |      1 |      0 |    0 |          0 |
|         (u_mem)                            |                                 xpm_memory_sdpram_124 |          4 |          4 |       0 |    0 |     0 |      0 |      0 |    0 |          0 |
|         xpm_memory_base_inst               |                                    xpm_memory_base__1 |          0 |          0 |       0 |    0 |     0 |      1 |      0 |    0 |          0 |
|     g_banks.gb[1].u_bank64                 |                                           spm_bank__2 |          5 |          5 |       0 |    0 |     2 |      1 |      0 |    0 |          0 |
|       (g_banks.gb[1].u_bank64)             |                                           spm_bank__2 |          1 |          1 |       0 |    0 |     2 |      0 |      0 |    0 |          0 |
|       u_mem                                |                                 xpm_memory_sdpram_123 |          4 |          4 |       0 |    0 |     0 |      1 |      0 |    0 |          0 |
|         (u_mem)                            |                                 xpm_memory_sdpram_123 |          4 |          4 |       0 |    0 |     0 |      0 |      0 |    0 |          0 |
|         xpm_memory_base_inst               |                                    xpm_memory_base__2 |          0 |          0 |       0 |    0 |     0 |      1 |      0 |    0 |          0 |
|     g_banks.gb[2].u_bank64                 |                                           spm_bank__3 |          5 |          5 |       0 |    0 |     2 |      1 |      0 |    0 |          0 |
|       (g_banks.gb[2].u_bank64)             |                                           spm_bank__3 |          1 |          1 |       0 |    0 |     2 |      0 |      0 |    0 |          0 |
|       u_mem                                |                                 xpm_memory_sdpram_122 |          4 |          4 |       0 |    0 |     0 |      1 |      0 |    0 |          0 |
|         (u_mem)                            |                                 xpm_memory_sdpram_122 |          4 |          4 |       0 |    0 |     0 |      0 |      0 |    0 |          0 |
|         xpm_memory_base_inst               |                                    xpm_memory_base__3 |          0 |          0 |       0 |    0 |     0 |      1 |      0 |    0 |          0 |
|     g_banks.gb[3].u_bank64                 |                                           spm_bank__4 |          5 |          5 |       0 |    0 |     2 |      1 |      0 |    0 |          0 |
|       (g_banks.gb[3].u_bank64)             |                                           spm_bank__4 |          1 |          1 |       0 |    0 |     2 |      0 |      0 |    0 |          0 |
|       u_mem                                |                                 xpm_memory_sdpram_121 |          4 |          4 |       0 |    0 |     0 |      1 |      0 |    0 |          0 |
|         (u_mem)                            |                                 xpm_memory_sdpram_121 |          4 |          4 |       0 |    0 |     0 |      0 |      0 |    0 |          0 |
|         xpm_memory_base_inst               |                                    xpm_memory_base__4 |          0 |          0 |       0 |    0 |     0 |      1 |      0 |    0 |          0 |
|     g_banks.gb[4].u_bank64                 |                                           spm_bank__5 |          5 |          5 |       0 |    0 |     2 |      1 |      0 |    0 |          0 |
|       (g_banks.gb[4].u_bank64)             |                                           spm_bank__5 |          1 |          1 |       0 |    0 |     2 |      0 |      0 |    0 |          0 |
|       u_mem                                |                                 xpm_memory_sdpram_120 |          4 |          4 |       0 |    0 |     0 |      1 |      0 |    0 |          0 |
|         (u_mem)                            |                                 xpm_memory_sdpram_120 |          4 |          4 |       0 |    0 |     0 |      0 |      0 |    0 |          0 |
|         xpm_memory_base_inst               |                                    xpm_memory_base__5 |          0 |          0 |       0 |    0 |     0 |      1 |      0 |    0 |          0 |
|     g_banks.gb[5].u_bank64                 |                                           spm_bank__6 |          5 |          5 |       0 |    0 |     2 |      1 |      0 |    0 |          0 |
|       (g_banks.gb[5].u_bank64)             |                                           spm_bank__6 |          1 |          1 |       0 |    0 |     2 |      0 |      0 |    0 |          0 |
|       u_mem                                |                                 xpm_memory_sdpram_119 |          4 |          4 |       0 |    0 |     0 |      1 |      0 |    0 |          0 |
|         (u_mem)                            |                                 xpm_memory_sdpram_119 |          4 |          4 |       0 |    0 |     0 |      0 |      0 |    0 |          0 |
|         xpm_memory_base_inst               |                                    xpm_memory_base__6 |          0 |          0 |       0 |    0 |     0 |      1 |      0 |    0 |          0 |
|     g_banks.gb[6].u_bank64                 |                                           spm_bank__7 |          5 |          5 |       0 |    0 |     2 |      1 |      0 |    0 |          0 |
|       (g_banks.gb[6].u_bank64)             |                                           spm_bank__7 |          1 |          1 |       0 |    0 |     2 |      0 |      0 |    0 |          0 |
|       u_mem                                |                                 xpm_memory_sdpram_118 |          4 |          4 |       0 |    0 |     0 |      1 |      0 |    0 |          0 |
|         (u_mem)                            |                                 xpm_memory_sdpram_118 |          4 |          4 |       0 |    0 |     0 |      0 |      0 |    0 |          0 |
|         xpm_memory_base_inst               |                                    xpm_memory_base__7 |          0 |          0 |       0 |    0 |     0 |      1 |      0 |    0 |          0 |
|     g_banks.gb[7].u_bank64                 |                                              spm_bank |          5 |          5 |       0 |    0 |     2 |      1 |      0 |    0 |          0 |
|       (g_banks.gb[7].u_bank64)             |                                              spm_bank |          1 |          1 |       0 |    0 |     2 |      0 |      0 |    0 |          0 |
|       u_mem                                |                                     xpm_memory_sdpram |          4 |          4 |       0 |    0 |     0 |      1 |      0 |    0 |          0 |
|         (u_mem)                            |                                     xpm_memory_sdpram |          4 |          4 |       0 |    0 |     0 |      0 |      0 |    0 |          0 |
|         xpm_memory_base_inst               |                                       xpm_memory_base |          0 |          0 |       0 |    0 |     0 |      1 |      0 |    0 |          0 |
|     u_rrA                                  |                                         rr_arbiter__1 |         76 |         76 |       0 |    0 |    24 |      0 |      0 |    0 |          0 |
|     u_rrB                                  |                                            rr_arbiter |         76 |         76 |       0 |    0 |    24 |      0 |      0 |    0 |          0 |
+--------------------------------------------+-------------------------------------------------------+------------+------------+---------+------+-------+--------+--------+------+------------+


