Copyright 1986-2020 Xilinx, Inc. All Rights Reserved.
----------------------------------------------------------------------------------------------------------------------------------------------------------------
| Tool Version : Vivado v.2020.1 (lin64) Build 2902540 Wed May 27 19:54:35 MDT 2020
| Date         : Mon Sep 22 14:11:34 2025
| Host         : orthanc running 64-bit Ubuntu 22.04.4 LTS
| Command      : report_utilization -hierarchical -file /home/jyoo/custom_v_2/custom-core-tool/reports/memory_wo_simd/benches/519_lbm_r/519_lbm_r_util_hier.rpt
| Design       : top_bench__519_lbm_r
| Device       : xcu200fsgd2104-2
| Design State : Optimized
----------------------------------------------------------------------------------------------------------------------------------------------------------------

Utilization Design Information

Table of Contents
-----------------
1. Utilization by Hierarchy

1. Utilization by Hierarchy
---------------------------

+-----------------------------------------------------------------------------------+------------------------------------------------------+------------+------------+---------+------+-------+--------+--------+------+------------+
|                                      Instance                                     |                        Module                        | Total LUTs | Logic LUTs | LUTRAMs | SRLs |  FFs  | RAMB36 | RAMB18 | URAM | DSP Blocks |
+-----------------------------------------------------------------------------------+------------------------------------------------------+------------+------------+---------+------+-------+--------+--------+------+------------+
| top_bench__519_lbm_r                                                              |                                                (top) |       2858 |       2596 |       0 |  262 | 16859 |      0 |      0 |    0 |         20 |
|   (top_bench__519_lbm_r)                                                          |                                                (top) |          0 |          0 |       0 |    0 |     0 |      0 |      0 |    0 |          0 |
|   u_519_lbm_r                                                                     |                                bench_core__519_lbm_r |       2858 |       2596 |       0 |  262 | 16859 |      0 |      0 |    0 |         20 |
|     (u_519_lbm_r)                                                                 |                                bench_core__519_lbm_r |        768 |        768 |       0 |    0 |     0 |      0 |      0 |    0 |          0 |
|     glen[0].core_i                                                                |                                       uop_block_wrap |         33 |         33 |       0 |    0 |   192 |      0 |      0 |    0 |          0 |
|       (glen[0].core_i)                                                            |                                       uop_block_wrap |          0 |          0 |       0 |    0 |    96 |      0 |      0 |    0 |          0 |
|       core                                                                        |                                            uop_block |         33 |         33 |       0 |    0 |    96 |      0 |      0 |    0 |          0 |
|         (core)                                                                    |                                            uop_block |          1 |          1 |       0 |    0 |    32 |      0 |      0 |    0 |          0 |
|         g[0].g_normal.alu_i                                                       |                                      microop_unit__1 |         32 |         32 |       0 |    0 |    32 |      0 |      0 |    0 |          0 |
|         g[1].g_normal.alu_i                                                       |                      microop_unit__parameterized0__1 |          0 |          0 |       0 |    0 |    32 |      0 |      0 |    0 |          0 |
|     glen[10].core_i                                                               |                    uop_block_wrap__parameterized9__1 |          1 |          1 |       0 |    0 |   256 |      0 |      0 |    0 |          0 |
|       (glen[10].core_i)                                                           |                    uop_block_wrap__parameterized9__1 |          0 |          0 |       0 |    0 |   128 |      0 |      0 |    0 |          0 |
|       core                                                                        |                         uop_block__parameterized9__1 |          1 |          1 |       0 |    0 |   128 |      0 |      0 |    0 |          0 |
|         (core)                                                                    |                         uop_block__parameterized9__1 |          1 |          1 |       0 |    0 |     0 |      0 |      0 |    0 |          0 |
|         g[0].g_normal.alu_i                                                       |                     microop_unit__parameterized2__29 |          0 |          0 |       0 |    0 |    64 |      0 |      0 |    0 |          0 |
|         g[1].g_normal.alu_i                                                       |                     microop_unit__parameterized2__28 |          0 |          0 |       0 |    0 |    64 |      0 |      0 |    0 |          0 |
|     glen[11].core_i                                                               |                      uop_block_wrap__parameterized10 |          2 |          2 |       0 |    0 |   384 |      0 |      0 |    0 |          0 |
|       (glen[11].core_i)                                                           |                      uop_block_wrap__parameterized10 |          0 |          0 |       0 |    0 |   128 |      0 |      0 |    0 |          0 |
|       core                                                                        |                           uop_block__parameterized10 |          2 |          2 |       0 |    0 |   256 |      0 |      0 |    0 |          0 |
|         (core)                                                                    |                           uop_block__parameterized10 |          1 |          1 |       0 |    0 |     0 |      0 |      0 |    0 |          0 |
|         g[0].g_normal.alu_i                                                       |                     microop_unit__parameterized2__15 |          0 |          0 |       0 |    0 |    64 |      0 |      0 |    0 |          0 |
|         g[1].g_normal.alu_i                                                       |                     microop_unit__parameterized2__16 |          0 |          0 |       0 |    0 |    64 |      0 |      0 |    0 |          0 |
|         g[2].g_normal.alu_i                                                       |              microop_unit__parameterized4__xdcDup__6 |          1 |          1 |       0 |    0 |   128 |      0 |      0 |    0 |          0 |
|           (g[2].g_normal.alu_i)                                                   |              microop_unit__parameterized4__xdcDup__6 |          0 |          0 |       0 |    0 |    64 |      0 |      0 |    0 |          0 |
|           g_iadd.use_ip.u_addsub                                                  |                                integer_addsub_HD7670 |          1 |          1 |       0 |    0 |    64 |      0 |      0 |    0 |          0 |
|             U0                                                                    |               integer_addsubc_addsub_v12_0_14_HD7671 |          1 |          1 |       0 |    0 |    64 |      0 |      0 |    0 |          0 |
|               xst_addsub                                                          |           integer_addsubc_addsub_v12_0_14_viv_HD7672 |          1 |          1 |       0 |    0 |    64 |      0 |      0 |    0 |          0 |
|                 i_baseblox.i_baseblox_addsub                                      |        integer_addsubc_addsub_v12_0_14_legacy_HD7673 |          1 |          1 |       0 |    0 |    64 |      0 |      0 |    0 |          0 |
|                   no_pipelining.the_addsub                                        | integer_addsubc_addsub_v12_0_14_fabric_legacy_HD7674 |          1 |          1 |       0 |    0 |    64 |      0 |      0 |    0 |          0 |
|                     i_lut6.i_lut6_addsub                                          |   integer_addsubc_addsub_v12_0_14_lut6_legacy_HD7675 |          1 |          1 |       0 |    0 |    64 |      0 |      0 |    0 |          0 |
|                       (i_lut6.i_lut6_addsub)                                      |   integer_addsubc_addsub_v12_0_14_lut6_legacy_HD7675 |          1 |          1 |       0 |    0 |     0 |      0 |      0 |    0 |          0 |
|                       i_q.i_simple.qreg                                           |            integer_addsubc_reg_fd_v12_0_6_viv_HD7676 |          0 |          0 |       0 |    0 |    64 |      0 |      0 |    0 |          0 |
|     glen[12].core_i                                                               |                      uop_block_wrap__parameterized11 |          2 |          2 |       0 |    0 |   576 |      0 |      0 |    0 |          0 |
|       (glen[12].core_i)                                                           |                      uop_block_wrap__parameterized11 |          0 |          0 |       0 |    0 |   128 |      0 |      0 |    0 |          0 |
|       core                                                                        |                           uop_block__parameterized11 |          2 |          2 |       0 |    0 |   448 |      0 |      0 |    0 |          0 |
|         (core)                                                                    |                           uop_block__parameterized11 |          1 |          1 |       0 |    0 |   128 |      0 |      0 |    0 |          0 |
|         g[0].g_normal.alu_i                                                       |                     microop_unit__parameterized2__17 |          0 |          0 |       0 |    0 |    64 |      0 |      0 |    0 |          0 |
|         g[1].g_normal.alu_i                                                       |              microop_unit__parameterized4__xdcDup__7 |          1 |          1 |       0 |    0 |   128 |      0 |      0 |    0 |          0 |
|           (g[1].g_normal.alu_i)                                                   |              microop_unit__parameterized4__xdcDup__7 |          0 |          0 |       0 |    0 |    64 |      0 |      0 |    0 |          0 |
|           g_iadd.use_ip.u_addsub                                                  |                                integer_addsub_HD7677 |          1 |          1 |       0 |    0 |    64 |      0 |      0 |    0 |          0 |
|             U0                                                                    |               integer_addsubc_addsub_v12_0_14_HD7678 |          1 |          1 |       0 |    0 |    64 |      0 |      0 |    0 |          0 |
|               xst_addsub                                                          |           integer_addsubc_addsub_v12_0_14_viv_HD7679 |          1 |          1 |       0 |    0 |    64 |      0 |      0 |    0 |          0 |
|                 i_baseblox.i_baseblox_addsub                                      |        integer_addsubc_addsub_v12_0_14_legacy_HD7680 |          1 |          1 |       0 |    0 |    64 |      0 |      0 |    0 |          0 |
|                   no_pipelining.the_addsub                                        | integer_addsubc_addsub_v12_0_14_fabric_legacy_HD7681 |          1 |          1 |       0 |    0 |    64 |      0 |      0 |    0 |          0 |
|                     i_lut6.i_lut6_addsub                                          |   integer_addsubc_addsub_v12_0_14_lut6_legacy_HD7682 |          1 |          1 |       0 |    0 |    64 |      0 |      0 |    0 |          0 |
|                       (i_lut6.i_lut6_addsub)                                      |   integer_addsubc_addsub_v12_0_14_lut6_legacy_HD7682 |          1 |          1 |       0 |    0 |     0 |      0 |      0 |    0 |          0 |
|                       i_q.i_simple.qreg                                           |            integer_addsubc_reg_fd_v12_0_6_viv_HD7683 |          0 |          0 |       0 |    0 |    64 |      0 |      0 |    0 |          0 |
|         g[2].g_normal.alu_i                                                       |                     microop_unit__parameterized2__18 |          0 |          0 |       0 |    0 |    64 |      0 |      0 |    0 |          0 |
|         g[3].g_normal.alu_i                                                       |                     microop_unit__parameterized2__19 |          0 |          0 |       0 |    0 |    64 |      0 |      0 |    0 |          0 |
|     glen[13].core_i                                                               |                      uop_block_wrap__parameterized12 |          1 |          1 |       0 |    0 |   128 |      0 |      0 |    0 |          0 |
|       (glen[13].core_i)                                                           |                      uop_block_wrap__parameterized12 |          0 |          0 |       0 |    0 |    64 |      0 |      0 |    0 |          0 |
|       core                                                                        |                           uop_block__parameterized12 |          1 |          1 |       0 |    0 |    64 |      0 |      0 |    0 |          0 |
|         (core)                                                                    |                           uop_block__parameterized12 |          1 |          1 |       0 |    0 |     0 |      0 |      0 |    0 |          0 |
|         g[0].g_normal.alu_i                                                       |                      microop_unit__parameterized0__3 |          0 |          0 |       0 |    0 |    32 |      0 |      0 |    0 |          0 |
|         g[1].g_normal.alu_i                                                       |                      microop_unit__parameterized0__4 |          0 |          0 |       0 |    0 |    32 |      0 |      0 |    0 |          0 |
|     glen[14].core_i                                                               |                   uop_block_wrap__parameterized13__1 |          1 |          1 |       0 |    0 |   320 |      0 |      0 |    0 |          0 |
|       (glen[14].core_i)                                                           |                   uop_block_wrap__parameterized13__1 |          0 |          0 |       0 |    0 |   128 |      0 |      0 |    0 |          0 |
|       core                                                                        |                        uop_block__parameterized13__1 |          1 |          1 |       0 |    0 |   192 |      0 |      0 |    0 |          0 |
|         (core)                                                                    |                        uop_block__parameterized13__1 |          1 |          1 |       0 |    0 |    64 |      0 |      0 |    0 |          0 |
|         g[0].g_normal.alu_i                                                       |                     microop_unit__parameterized2__38 |          0 |          0 |       0 |    0 |    64 |      0 |      0 |    0 |          0 |
|         g[1].g_normal.alu_i                                                       |                     microop_unit__parameterized2__37 |          0 |          0 |       0 |    0 |    64 |      0 |      0 |    0 |          0 |
|     glen[15].core_i                                                               |                    uop_block_wrap__parameterized0__2 |         65 |         65 |       0 |    0 |   384 |      0 |      0 |    0 |          0 |
|       (glen[15].core_i)                                                           |                    uop_block_wrap__parameterized0__2 |          0 |          0 |       0 |    0 |   192 |      0 |      0 |    0 |          0 |
|       core                                                                        |                         uop_block__parameterized0__2 |         65 |         65 |       0 |    0 |   192 |      0 |      0 |    0 |          0 |
|         (core)                                                                    |                         uop_block__parameterized0__2 |          1 |          1 |       0 |    0 |    64 |      0 |      0 |    0 |          0 |
|         g[0].g_normal.alu_i                                                       |                      microop_unit__parameterized1__6 |         64 |         64 |       0 |    0 |    64 |      0 |      0 |    0 |          0 |
|         g[1].g_normal.alu_i                                                       |                     microop_unit__parameterized2__31 |          0 |          0 |       0 |    0 |    64 |      0 |      0 |    0 |          0 |
|     glen[16].core_i                                                               |                   uop_block_wrap__parameterized14__1 |          1 |          1 |       0 |    0 |   256 |      0 |      0 |    0 |          0 |
|       (glen[16].core_i)                                                           |                   uop_block_wrap__parameterized14__1 |          0 |          0 |       0 |    0 |    96 |      0 |      0 |    0 |          0 |
|       core                                                                        |                        uop_block__parameterized14__1 |          1 |          1 |       0 |    0 |   160 |      0 |      0 |    0 |          0 |
|         (core)                                                                    |                        uop_block__parameterized14__1 |          1 |          1 |       0 |    0 |    32 |      0 |      0 |    0 |          0 |
|         g[0].g_normal.alu_i                                                       |                     microop_unit__parameterized0__20 |          0 |          0 |       0 |    0 |    32 |      0 |      0 |    0 |          0 |
|         g[1].g_normal.alu_i                                                       |                     microop_unit__parameterized11__4 |          0 |          0 |       0 |    0 |    32 |      0 |      0 |    0 |          0 |
|         g[2].g_normal.alu_i                                                       |                     microop_unit__parameterized2__53 |          0 |          0 |       0 |    0 |    64 |      0 |      0 |    0 |          0 |
|     glen[17].core_i                                                               |                    uop_block_wrap__parameterized0__3 |         65 |         65 |       0 |    0 |   384 |      0 |      0 |    0 |          0 |
|       (glen[17].core_i)                                                           |                    uop_block_wrap__parameterized0__3 |          0 |          0 |       0 |    0 |   192 |      0 |      0 |    0 |          0 |
|       core                                                                        |                         uop_block__parameterized0__3 |         65 |         65 |       0 |    0 |   192 |      0 |      0 |    0 |          0 |
|         (core)                                                                    |                         uop_block__parameterized0__3 |          1 |          1 |       0 |    0 |    64 |      0 |      0 |    0 |          0 |
|         g[0].g_normal.alu_i                                                       |                      microop_unit__parameterized1__7 |         64 |         64 |       0 |    0 |    64 |      0 |      0 |    0 |          0 |
|         g[1].g_normal.alu_i                                                       |                     microop_unit__parameterized2__32 |          0 |          0 |       0 |    0 |    64 |      0 |      0 |    0 |          0 |
|     glen[18].core_i                                                               |                      uop_block_wrap__parameterized15 |          1 |          1 |       0 |    0 |   160 |      0 |      0 |    0 |          0 |
|       (glen[18].core_i)                                                           |                      uop_block_wrap__parameterized15 |          0 |          0 |       0 |    0 |    64 |      0 |      0 |    0 |          0 |
|       core                                                                        |                           uop_block__parameterized15 |          1 |          1 |       0 |    0 |    96 |      0 |      0 |    0 |          0 |
|         (core)                                                                    |                           uop_block__parameterized15 |          1 |          1 |       0 |    0 |    32 |      0 |      0 |    0 |          0 |
|         g[0].g_normal.alu_i                                                       |                      microop_unit__parameterized0__6 |          0 |          0 |       0 |    0 |    32 |      0 |      0 |    0 |          0 |
|         g[1].g_normal.alu_i                                                       |                      microop_unit__parameterized0__7 |          0 |          0 |       0 |    0 |    32 |      0 |      0 |    0 |          0 |
|     glen[19].core_i                                                               |                    uop_block_wrap__parameterized0__4 |         65 |         65 |       0 |    0 |   384 |      0 |      0 |    0 |          0 |
|       (glen[19].core_i)                                                           |                    uop_block_wrap__parameterized0__4 |          0 |          0 |       0 |    0 |   192 |      0 |      0 |    0 |          0 |
|       core                                                                        |                         uop_block__parameterized0__4 |         65 |         65 |       0 |    0 |   192 |      0 |      0 |    0 |          0 |
|         (core)                                                                    |                         uop_block__parameterized0__4 |          1 |          1 |       0 |    0 |    64 |      0 |      0 |    0 |          0 |
|         g[0].g_normal.alu_i                                                       |                      microop_unit__parameterized1__8 |         64 |         64 |       0 |    0 |    64 |      0 |      0 |    0 |          0 |
|         g[1].g_normal.alu_i                                                       |                     microop_unit__parameterized2__33 |          0 |          0 |       0 |    0 |    64 |      0 |      0 |    0 |          0 |
|     glen[1].core_i                                                                |                    uop_block_wrap__parameterized0__1 |         65 |         65 |       0 |    0 |   384 |      0 |      0 |    0 |          0 |
|       (glen[1].core_i)                                                            |                    uop_block_wrap__parameterized0__1 |          0 |          0 |       0 |    0 |   192 |      0 |      0 |    0 |          0 |
|       core                                                                        |                         uop_block__parameterized0__1 |         65 |         65 |       0 |    0 |   192 |      0 |      0 |    0 |          0 |
|         (core)                                                                    |                         uop_block__parameterized0__1 |          1 |          1 |       0 |    0 |    64 |      0 |      0 |    0 |          0 |
|         g[0].g_normal.alu_i                                                       |                      microop_unit__parameterized1__5 |         64 |         64 |       0 |    0 |    64 |      0 |      0 |    0 |          0 |
|         g[1].g_normal.alu_i                                                       |                     microop_unit__parameterized2__30 |          0 |          0 |       0 |    0 |    64 |      0 |      0 |    0 |          0 |
|     glen[20].core_i                                                               |                    uop_block_wrap__parameterized0__5 |         65 |         65 |       0 |    0 |   384 |      0 |      0 |    0 |          0 |
|       (glen[20].core_i)                                                           |                    uop_block_wrap__parameterized0__5 |          0 |          0 |       0 |    0 |   192 |      0 |      0 |    0 |          0 |
|       core                                                                        |                         uop_block__parameterized0__5 |         65 |         65 |       0 |    0 |   192 |      0 |      0 |    0 |          0 |
|         (core)                                                                    |                         uop_block__parameterized0__5 |          1 |          1 |       0 |    0 |    64 |      0 |      0 |    0 |          0 |
|         g[0].g_normal.alu_i                                                       |                      microop_unit__parameterized1__9 |         64 |         64 |       0 |    0 |    64 |      0 |      0 |    0 |          0 |
|         g[1].g_normal.alu_i                                                       |                     microop_unit__parameterized2__34 |          0 |          0 |       0 |    0 |    64 |      0 |      0 |    0 |          0 |
|     glen[21].core_i                                                               |           uop_block_wrap__parameterized16__xdcDup__1 |         64 |         64 |       0 |    0 |   320 |      0 |      0 |    0 |          0 |
|       (glen[21].core_i)                                                           |           uop_block_wrap__parameterized16__xdcDup__1 |          0 |          0 |       0 |    0 |   128 |      0 |      0 |    0 |          0 |
|       core                                                                        |                uop_block__parameterized16__xdcDup__1 |         64 |         64 |       0 |    0 |   192 |      0 |      0 |    0 |          0 |
|         (core)                                                                    |                uop_block__parameterized16__xdcDup__1 |          1 |          1 |       0 |    0 |     0 |      0 |      0 |    0 |          0 |
|         g[0].g_normal.alu_i                                                       |              microop_unit__parameterized5__xdcDup__4 |         63 |         63 |       0 |    0 |   128 |      0 |      0 |    0 |          0 |
|           (g[0].g_normal.alu_i)                                                   |              microop_unit__parameterized5__xdcDup__4 |          0 |          0 |       0 |    0 |    64 |      0 |      0 |    0 |          0 |
|           g_iadd.use_ip.u_addsub                                                  |                                integer_addsub_HD7684 |         63 |         63 |       0 |    0 |    64 |      0 |      0 |    0 |          0 |
|             U0                                                                    |               integer_addsubc_addsub_v12_0_14_HD7685 |         63 |         63 |       0 |    0 |    64 |      0 |      0 |    0 |          0 |
|               xst_addsub                                                          |           integer_addsubc_addsub_v12_0_14_viv_HD7686 |         63 |         63 |       0 |    0 |    64 |      0 |      0 |    0 |          0 |
|                 i_baseblox.i_baseblox_addsub                                      |        integer_addsubc_addsub_v12_0_14_legacy_HD7687 |         63 |         63 |       0 |    0 |    64 |      0 |      0 |    0 |          0 |
|                   no_pipelining.the_addsub                                        | integer_addsubc_addsub_v12_0_14_fabric_legacy_HD7688 |         63 |         63 |       0 |    0 |    64 |      0 |      0 |    0 |          0 |
|                     i_lut6.i_lut6_addsub                                          |   integer_addsubc_addsub_v12_0_14_lut6_legacy_HD7689 |         63 |         63 |       0 |    0 |    64 |      0 |      0 |    0 |          0 |
|                       (i_lut6.i_lut6_addsub)                                      |   integer_addsubc_addsub_v12_0_14_lut6_legacy_HD7689 |         63 |         63 |       0 |    0 |     0 |      0 |      0 |    0 |          0 |
|                       i_q.i_simple.qreg                                           |            integer_addsubc_reg_fd_v12_0_6_viv_HD7690 |          0 |          0 |       0 |    0 |    64 |      0 |      0 |    0 |          0 |
|         g[1].g_normal.alu_i                                                       |                     microop_unit__parameterized2__23 |          0 |          0 |       0 |    0 |    64 |      0 |      0 |    0 |          0 |
|     glen[22].core_i                                                               |                   uop_block_wrap__parameterized14__2 |          1 |          1 |       0 |    0 |   256 |      0 |      0 |    0 |          0 |
|       (glen[22].core_i)                                                           |                   uop_block_wrap__parameterized14__2 |          0 |          0 |       0 |    0 |    96 |      0 |      0 |    0 |          0 |
|       core                                                                        |                        uop_block__parameterized14__2 |          1 |          1 |       0 |    0 |   160 |      0 |      0 |    0 |          0 |
|         (core)                                                                    |                        uop_block__parameterized14__2 |          1 |          1 |       0 |    0 |    32 |      0 |      0 |    0 |          0 |
|         g[0].g_normal.alu_i                                                       |                     microop_unit__parameterized0__21 |          0 |          0 |       0 |    0 |    32 |      0 |      0 |    0 |          0 |
|         g[1].g_normal.alu_i                                                       |                     microop_unit__parameterized11__5 |          0 |          0 |       0 |    0 |    32 |      0 |      0 |    0 |          0 |
|         g[2].g_normal.alu_i                                                       |                     microop_unit__parameterized2__54 |          0 |          0 |       0 |    0 |    64 |      0 |      0 |    0 |          0 |
|     glen[23].core_i                                                               |           uop_block_wrap__parameterized16__xdcDup__2 |         64 |         64 |       0 |    0 |   320 |      0 |      0 |    0 |          0 |
|       (glen[23].core_i)                                                           |           uop_block_wrap__parameterized16__xdcDup__2 |          0 |          0 |       0 |    0 |   128 |      0 |      0 |    0 |          0 |
|       core                                                                        |                uop_block__parameterized16__xdcDup__2 |         64 |         64 |       0 |    0 |   192 |      0 |      0 |    0 |          0 |
|         (core)                                                                    |                uop_block__parameterized16__xdcDup__2 |          1 |          1 |       0 |    0 |     0 |      0 |      0 |    0 |          0 |
|         g[0].g_normal.alu_i                                                       |              microop_unit__parameterized5__xdcDup__5 |         63 |         63 |       0 |    0 |   128 |      0 |      0 |    0 |          0 |
|           (g[0].g_normal.alu_i)                                                   |              microop_unit__parameterized5__xdcDup__5 |          0 |          0 |       0 |    0 |    64 |      0 |      0 |    0 |          0 |
|           g_iadd.use_ip.u_addsub                                                  |                                integer_addsub_HD7691 |         63 |         63 |       0 |    0 |    64 |      0 |      0 |    0 |          0 |
|             U0                                                                    |               integer_addsubc_addsub_v12_0_14_HD7692 |         63 |         63 |       0 |    0 |    64 |      0 |      0 |    0 |          0 |
|               xst_addsub                                                          |           integer_addsubc_addsub_v12_0_14_viv_HD7693 |         63 |         63 |       0 |    0 |    64 |      0 |      0 |    0 |          0 |
|                 i_baseblox.i_baseblox_addsub                                      |        integer_addsubc_addsub_v12_0_14_legacy_HD7694 |         63 |         63 |       0 |    0 |    64 |      0 |      0 |    0 |          0 |
|                   no_pipelining.the_addsub                                        | integer_addsubc_addsub_v12_0_14_fabric_legacy_HD7695 |         63 |         63 |       0 |    0 |    64 |      0 |      0 |    0 |          0 |
|                     i_lut6.i_lut6_addsub                                          |   integer_addsubc_addsub_v12_0_14_lut6_legacy_HD7696 |         63 |         63 |       0 |    0 |    64 |      0 |      0 |    0 |          0 |
|                       (i_lut6.i_lut6_addsub)                                      |   integer_addsubc_addsub_v12_0_14_lut6_legacy_HD7696 |         63 |         63 |       0 |    0 |     0 |      0 |      0 |    0 |          0 |
|                       i_q.i_simple.qreg                                           |            integer_addsubc_reg_fd_v12_0_6_viv_HD7697 |          0 |          0 |       0 |    0 |    64 |      0 |      0 |    0 |          0 |
|         g[1].g_normal.alu_i                                                       |                     microop_unit__parameterized2__24 |          0 |          0 |       0 |    0 |    64 |      0 |      0 |    0 |          0 |
|     glen[24].core_i                                                               |                      uop_block_wrap__parameterized16 |         64 |         64 |       0 |    0 |   320 |      0 |      0 |    0 |          0 |
|       (glen[24].core_i)                                                           |                      uop_block_wrap__parameterized16 |          0 |          0 |       0 |    0 |   128 |      0 |      0 |    0 |          0 |
|       core                                                                        |                           uop_block__parameterized16 |         64 |         64 |       0 |    0 |   192 |      0 |      0 |    0 |          0 |
|         (core)                                                                    |                           uop_block__parameterized16 |          1 |          1 |       0 |    0 |     0 |      0 |      0 |    0 |          0 |
|         g[0].g_normal.alu_i                                                       |              microop_unit__parameterized5__xdcDup__6 |         63 |         63 |       0 |    0 |   128 |      0 |      0 |    0 |          0 |
|           (g[0].g_normal.alu_i)                                                   |              microop_unit__parameterized5__xdcDup__6 |          0 |          0 |       0 |    0 |    64 |      0 |      0 |    0 |          0 |
|           g_iadd.use_ip.u_addsub                                                  |                                integer_addsub_HD7698 |         63 |         63 |       0 |    0 |    64 |      0 |      0 |    0 |          0 |
|             U0                                                                    |               integer_addsubc_addsub_v12_0_14_HD7699 |         63 |         63 |       0 |    0 |    64 |      0 |      0 |    0 |          0 |
|               xst_addsub                                                          |           integer_addsubc_addsub_v12_0_14_viv_HD7700 |         63 |         63 |       0 |    0 |    64 |      0 |      0 |    0 |          0 |
|                 i_baseblox.i_baseblox_addsub                                      |        integer_addsubc_addsub_v12_0_14_legacy_HD7701 |         63 |         63 |       0 |    0 |    64 |      0 |      0 |    0 |          0 |
|                   no_pipelining.the_addsub                                        | integer_addsubc_addsub_v12_0_14_fabric_legacy_HD7702 |         63 |         63 |       0 |    0 |    64 |      0 |      0 |    0 |          0 |
|                     i_lut6.i_lut6_addsub                                          |   integer_addsubc_addsub_v12_0_14_lut6_legacy_HD7703 |         63 |         63 |       0 |    0 |    64 |      0 |      0 |    0 |          0 |
|                       (i_lut6.i_lut6_addsub)                                      |   integer_addsubc_addsub_v12_0_14_lut6_legacy_HD7703 |         63 |         63 |       0 |    0 |     0 |      0 |      0 |    0 |          0 |
|                       i_q.i_simple.qreg                                           |            integer_addsubc_reg_fd_v12_0_6_viv_HD7704 |          0 |          0 |       0 |    0 |    64 |      0 |      0 |    0 |          0 |
|         g[1].g_normal.alu_i                                                       |                     microop_unit__parameterized2__25 |          0 |          0 |       0 |    0 |    64 |      0 |      0 |    0 |          0 |
|     glen[25].core_i                                                               |                      uop_block_wrap__parameterized14 |          1 |          1 |       0 |    0 |   256 |      0 |      0 |    0 |          0 |
|       (glen[25].core_i)                                                           |                      uop_block_wrap__parameterized14 |          0 |          0 |       0 |    0 |    96 |      0 |      0 |    0 |          0 |
|       core                                                                        |                           uop_block__parameterized14 |          1 |          1 |       0 |    0 |   160 |      0 |      0 |    0 |          0 |
|         (core)                                                                    |                           uop_block__parameterized14 |          1 |          1 |       0 |    0 |    32 |      0 |      0 |    0 |          0 |
|         g[0].g_normal.alu_i                                                       |                      microop_unit__parameterized0__5 |          0 |          0 |       0 |    0 |    32 |      0 |      0 |    0 |          0 |
|         g[1].g_normal.alu_i                                                       |                     microop_unit__parameterized11__1 |          0 |          0 |       0 |    0 |    32 |      0 |      0 |    0 |          0 |
|         g[2].g_normal.alu_i                                                       |                     microop_unit__parameterized2__22 |          0 |          0 |       0 |    0 |    64 |      0 |      0 |    0 |          0 |
|     glen[26].core_i                                                               |                    uop_block_wrap__parameterized0__6 |         65 |         65 |       0 |    0 |   384 |      0 |      0 |    0 |          0 |
|       (glen[26].core_i)                                                           |                    uop_block_wrap__parameterized0__6 |          0 |          0 |       0 |    0 |   192 |      0 |      0 |    0 |          0 |
|       core                                                                        |                         uop_block__parameterized0__6 |         65 |         65 |       0 |    0 |   192 |      0 |      0 |    0 |          0 |
|         (core)                                                                    |                         uop_block__parameterized0__6 |          1 |          1 |       0 |    0 |    64 |      0 |      0 |    0 |          0 |
|         g[0].g_normal.alu_i                                                       |                     microop_unit__parameterized1__10 |         64 |         64 |       0 |    0 |    64 |      0 |      0 |    0 |          0 |
|         g[1].g_normal.alu_i                                                       |                     microop_unit__parameterized2__35 |          0 |          0 |       0 |    0 |    64 |      0 |      0 |    0 |          0 |
|     glen[27].core_i                                                               |                    uop_block_wrap__parameterized0__7 |         65 |         65 |       0 |    0 |   384 |      0 |      0 |    0 |          0 |
|       (glen[27].core_i)                                                           |                    uop_block_wrap__parameterized0__7 |          0 |          0 |       0 |    0 |   192 |      0 |      0 |    0 |          0 |
|       core                                                                        |                         uop_block__parameterized0__7 |         65 |         65 |       0 |    0 |   192 |      0 |      0 |    0 |          0 |
|         (core)                                                                    |                         uop_block__parameterized0__7 |          1 |          1 |       0 |    0 |    64 |      0 |      0 |    0 |          0 |
|         g[0].g_normal.alu_i                                                       |                     microop_unit__parameterized1__11 |         64 |         64 |       0 |    0 |    64 |      0 |      0 |    0 |          0 |
|         g[1].g_normal.alu_i                                                       |                     microop_unit__parameterized2__36 |          0 |          0 |       0 |    0 |    64 |      0 |      0 |    0 |          0 |
|     glen[28].core_i                                                               |                      uop_block_wrap__parameterized17 |         65 |         65 |       0 |    0 |   384 |      0 |      0 |    0 |          0 |
|       (glen[28].core_i)                                                           |                      uop_block_wrap__parameterized17 |          0 |          0 |       0 |    0 |   128 |      0 |      0 |    0 |          0 |
|       core                                                                        |                           uop_block__parameterized17 |         65 |         65 |       0 |    0 |   256 |      0 |      0 |    0 |          0 |
|         (core)                                                                    |                           uop_block__parameterized17 |          1 |          1 |       0 |    0 |     0 |      0 |      0 |    0 |          0 |
|         g[0].g_normal.alu_i                                                       |              microop_unit__parameterized4__xdcDup__8 |          1 |          1 |       0 |    0 |   128 |      0 |      0 |    0 |          0 |
|           (g[0].g_normal.alu_i)                                                   |              microop_unit__parameterized4__xdcDup__8 |          0 |          0 |       0 |    0 |    64 |      0 |      0 |    0 |          0 |
|           g_iadd.use_ip.u_addsub                                                  |                                integer_addsub_HD7705 |          1 |          1 |       0 |    0 |    64 |      0 |      0 |    0 |          0 |
|             U0                                                                    |               integer_addsubc_addsub_v12_0_14_HD7706 |          1 |          1 |       0 |    0 |    64 |      0 |      0 |    0 |          0 |
|               xst_addsub                                                          |           integer_addsubc_addsub_v12_0_14_viv_HD7707 |          1 |          1 |       0 |    0 |    64 |      0 |      0 |    0 |          0 |
|                 i_baseblox.i_baseblox_addsub                                      |        integer_addsubc_addsub_v12_0_14_legacy_HD7708 |          1 |          1 |       0 |    0 |    64 |      0 |      0 |    0 |          0 |
|                   no_pipelining.the_addsub                                        | integer_addsubc_addsub_v12_0_14_fabric_legacy_HD7709 |          1 |          1 |       0 |    0 |    64 |      0 |      0 |    0 |          0 |
|                     i_lut6.i_lut6_addsub                                          |   integer_addsubc_addsub_v12_0_14_lut6_legacy_HD7710 |          1 |          1 |       0 |    0 |    64 |      0 |      0 |    0 |          0 |
|                       (i_lut6.i_lut6_addsub)                                      |   integer_addsubc_addsub_v12_0_14_lut6_legacy_HD7710 |          1 |          1 |       0 |    0 |     0 |      0 |      0 |    0 |          0 |
|                       i_q.i_simple.qreg                                           |            integer_addsubc_reg_fd_v12_0_6_viv_HD7711 |          0 |          0 |       0 |    0 |    64 |      0 |      0 |    0 |          0 |
|         g[1].g_normal.alu_i                                                       |                         microop_unit__parameterized5 |         63 |         63 |       0 |    0 |   128 |      0 |      0 |    0 |          0 |
|           (g[1].g_normal.alu_i)                                                   |                         microop_unit__parameterized5 |          0 |          0 |       0 |    0 |    64 |      0 |      0 |    0 |          0 |
|           g_iadd.use_ip.u_addsub                                                  |                                integer_addsub_HD7712 |         63 |         63 |       0 |    0 |    64 |      0 |      0 |    0 |          0 |
|             U0                                                                    |               integer_addsubc_addsub_v12_0_14_HD7713 |         63 |         63 |       0 |    0 |    64 |      0 |      0 |    0 |          0 |
|               xst_addsub                                                          |           integer_addsubc_addsub_v12_0_14_viv_HD7714 |         63 |         63 |       0 |    0 |    64 |      0 |      0 |    0 |          0 |
|                 i_baseblox.i_baseblox_addsub                                      |        integer_addsubc_addsub_v12_0_14_legacy_HD7715 |         63 |         63 |       0 |    0 |    64 |      0 |      0 |    0 |          0 |
|                   no_pipelining.the_addsub                                        | integer_addsubc_addsub_v12_0_14_fabric_legacy_HD7716 |         63 |         63 |       0 |    0 |    64 |      0 |      0 |    0 |          0 |
|                     i_lut6.i_lut6_addsub                                          |   integer_addsubc_addsub_v12_0_14_lut6_legacy_HD7717 |         63 |         63 |       0 |    0 |    64 |      0 |      0 |    0 |          0 |
|                       (i_lut6.i_lut6_addsub)                                      |   integer_addsubc_addsub_v12_0_14_lut6_legacy_HD7717 |         63 |         63 |       0 |    0 |     0 |      0 |      0 |    0 |          0 |
|                       i_q.i_simple.qreg                                           |            integer_addsubc_reg_fd_v12_0_6_viv_HD7718 |          0 |          0 |       0 |    0 |    64 |      0 |      0 |    0 |          0 |
|     glen[29].core_i                                                               |                   uop_block_wrap__parameterized13__2 |          1 |          1 |       0 |    0 |   320 |      0 |      0 |    0 |          0 |
|       (glen[29].core_i)                                                           |                   uop_block_wrap__parameterized13__2 |          0 |          0 |       0 |    0 |   128 |      0 |      0 |    0 |          0 |
|       core                                                                        |                        uop_block__parameterized13__2 |          1 |          1 |       0 |    0 |   192 |      0 |      0 |    0 |          0 |
|         (core)                                                                    |                        uop_block__parameterized13__2 |          1 |          1 |       0 |    0 |    64 |      0 |      0 |    0 |          0 |
|         g[0].g_normal.alu_i                                                       |                     microop_unit__parameterized2__40 |          0 |          0 |       0 |    0 |    64 |      0 |      0 |    0 |          0 |
|         g[1].g_normal.alu_i                                                       |                     microop_unit__parameterized2__39 |          0 |          0 |       0 |    0 |    64 |      0 |      0 |    0 |          0 |
|     glen[2].core_i                                                                |                       uop_block_wrap__parameterized1 |          3 |          3 |       0 |    0 |   128 |      0 |      0 |    0 |          0 |
|       (glen[2].core_i)                                                            |                       uop_block_wrap__parameterized1 |          0 |          0 |       0 |    0 |    64 |      0 |      0 |    0 |          0 |
|       core                                                                        |                            uop_block__parameterized1 |          3 |          3 |       0 |    0 |    64 |      0 |      0 |    0 |          0 |
|         (core)                                                                    |                            uop_block__parameterized1 |          1 |          1 |       0 |    0 |     0 |      0 |      0 |    0 |          0 |
|         g[0].g_normal.alu_i                                                       |                      microop_unit__parameterized3__1 |          2 |          2 |       0 |    0 |    32 |      0 |      0 |    0 |          0 |
|         g[1].g_normal.alu_i                                                       |                      microop_unit__parameterized0__2 |          0 |          0 |       0 |    0 |    32 |      0 |      0 |    0 |          0 |
|     glen[30].core_i                                                               |                   uop_block_wrap__parameterized13__3 |          1 |          1 |       0 |    0 |   320 |      0 |      0 |    0 |          0 |
|       (glen[30].core_i)                                                           |                   uop_block_wrap__parameterized13__3 |          0 |          0 |       0 |    0 |   128 |      0 |      0 |    0 |          0 |
|       core                                                                        |                        uop_block__parameterized13__3 |          1 |          1 |       0 |    0 |   192 |      0 |      0 |    0 |          0 |
|         (core)                                                                    |                        uop_block__parameterized13__3 |          1 |          1 |       0 |    0 |    64 |      0 |      0 |    0 |          0 |
|         g[0].g_normal.alu_i                                                       |                     microop_unit__parameterized2__42 |          0 |          0 |       0 |    0 |    64 |      0 |      0 |    0 |          0 |
|         g[1].g_normal.alu_i                                                       |                     microop_unit__parameterized2__41 |          0 |          0 |       0 |    0 |    64 |      0 |      0 |    0 |          0 |
|     glen[31].core_i                                                               |                   uop_block_wrap__parameterized13__4 |          1 |          1 |       0 |    0 |   320 |      0 |      0 |    0 |          0 |
|       (glen[31].core_i)                                                           |                   uop_block_wrap__parameterized13__4 |          0 |          0 |       0 |    0 |   128 |      0 |      0 |    0 |          0 |
|       core                                                                        |                        uop_block__parameterized13__4 |          1 |          1 |       0 |    0 |   192 |      0 |      0 |    0 |          0 |
|         (core)                                                                    |                        uop_block__parameterized13__4 |          1 |          1 |       0 |    0 |    64 |      0 |      0 |    0 |          0 |
|         g[0].g_normal.alu_i                                                       |                     microop_unit__parameterized2__44 |          0 |          0 |       0 |    0 |    64 |      0 |      0 |    0 |          0 |
|         g[1].g_normal.alu_i                                                       |                     microop_unit__parameterized2__43 |          0 |          0 |       0 |    0 |    64 |      0 |      0 |    0 |          0 |
|     glen[32].core_i                                                               |                   uop_block_wrap__parameterized13__5 |          1 |          1 |       0 |    0 |   320 |      0 |      0 |    0 |          0 |
|       (glen[32].core_i)                                                           |                   uop_block_wrap__parameterized13__5 |          0 |          0 |       0 |    0 |   128 |      0 |      0 |    0 |          0 |
|       core                                                                        |                        uop_block__parameterized13__5 |          1 |          1 |       0 |    0 |   192 |      0 |      0 |    0 |          0 |
|         (core)                                                                    |                        uop_block__parameterized13__5 |          1 |          1 |       0 |    0 |    64 |      0 |      0 |    0 |          0 |
|         g[0].g_normal.alu_i                                                       |                     microop_unit__parameterized2__46 |          0 |          0 |       0 |    0 |    64 |      0 |      0 |    0 |          0 |
|         g[1].g_normal.alu_i                                                       |                     microop_unit__parameterized2__45 |          0 |          0 |       0 |    0 |    64 |      0 |      0 |    0 |          0 |
|     glen[33].core_i                                                               |                   uop_block_wrap__parameterized13__6 |          1 |          1 |       0 |    0 |   320 |      0 |      0 |    0 |          0 |
|       (glen[33].core_i)                                                           |                   uop_block_wrap__parameterized13__6 |          0 |          0 |       0 |    0 |   128 |      0 |      0 |    0 |          0 |
|       core                                                                        |                        uop_block__parameterized13__6 |          1 |          1 |       0 |    0 |   192 |      0 |      0 |    0 |          0 |
|         (core)                                                                    |                        uop_block__parameterized13__6 |          1 |          1 |       0 |    0 |    64 |      0 |      0 |    0 |          0 |
|         g[0].g_normal.alu_i                                                       |                     microop_unit__parameterized2__48 |          0 |          0 |       0 |    0 |    64 |      0 |      0 |    0 |          0 |
|         g[1].g_normal.alu_i                                                       |                     microop_unit__parameterized2__47 |          0 |          0 |       0 |    0 |    64 |      0 |      0 |    0 |          0 |
|     glen[34].core_i                                                               |                   uop_block_wrap__parameterized13__7 |          1 |          1 |       0 |    0 |   320 |      0 |      0 |    0 |          0 |
|       (glen[34].core_i)                                                           |                   uop_block_wrap__parameterized13__7 |          0 |          0 |       0 |    0 |   128 |      0 |      0 |    0 |          0 |
|       core                                                                        |                        uop_block__parameterized13__7 |          1 |          1 |       0 |    0 |   192 |      0 |      0 |    0 |          0 |
|         (core)                                                                    |                        uop_block__parameterized13__7 |          1 |          1 |       0 |    0 |    64 |      0 |      0 |    0 |          0 |
|         g[0].g_normal.alu_i                                                       |                     microop_unit__parameterized2__50 |          0 |          0 |       0 |    0 |    64 |      0 |      0 |    0 |          0 |
|         g[1].g_normal.alu_i                                                       |                     microop_unit__parameterized2__49 |          0 |          0 |       0 |    0 |    64 |      0 |      0 |    0 |          0 |
|     glen[35].core_i                                                               |                   uop_block_wrap__parameterized13__8 |          1 |          1 |       0 |    0 |   320 |      0 |      0 |    0 |          0 |
|       (glen[35].core_i)                                                           |                   uop_block_wrap__parameterized13__8 |          0 |          0 |       0 |    0 |   128 |      0 |      0 |    0 |          0 |
|       core                                                                        |                        uop_block__parameterized13__8 |          1 |          1 |       0 |    0 |   192 |      0 |      0 |    0 |          0 |
|         (core)                                                                    |                        uop_block__parameterized13__8 |          1 |          1 |       0 |    0 |    64 |      0 |      0 |    0 |          0 |
|         g[0].g_normal.alu_i                                                       |                     microop_unit__parameterized2__52 |          0 |          0 |       0 |    0 |    64 |      0 |      0 |    0 |          0 |
|         g[1].g_normal.alu_i                                                       |                     microop_unit__parameterized2__51 |          0 |          0 |       0 |    0 |    64 |      0 |      0 |    0 |          0 |
|     glen[36].core_i                                                               |                   uop_block_wrap__parameterized18__1 |          1 |          1 |       0 |    0 |   192 |      0 |      0 |    0 |          0 |
|       (glen[36].core_i)                                                           |                   uop_block_wrap__parameterized18__1 |          0 |          0 |       0 |    0 |    96 |      0 |      0 |    0 |          0 |
|       core                                                                        |                        uop_block__parameterized18__1 |          1 |          1 |       0 |    0 |    96 |      0 |      0 |    0 |          0 |
|         (core)                                                                    |                        uop_block__parameterized18__1 |          1 |          1 |       0 |    0 |    32 |      0 |      0 |    0 |          0 |
|         g[0].g_normal.alu_i                                                       |                     microop_unit__parameterized0__19 |          0 |          0 |       0 |    0 |    32 |      0 |      0 |    0 |          0 |
|         g[1].g_normal.alu_i                                                       |                     microop_unit__parameterized11__3 |          0 |          0 |       0 |    0 |    32 |      0 |      0 |    0 |          0 |
|     glen[37].core_i                                                               |                      uop_block_wrap__parameterized19 |          9 |          9 |       0 |    0 |    48 |      0 |      0 |    0 |          0 |
|       (glen[37].core_i)                                                           |                      uop_block_wrap__parameterized19 |          0 |          0 |       0 |    0 |    24 |      0 |      0 |    0 |          0 |
|       core                                                                        |                           uop_block__parameterized19 |          9 |          9 |       0 |    0 |    24 |      0 |      0 |    0 |          0 |
|         (core)                                                                    |                           uop_block__parameterized19 |          1 |          1 |       0 |    0 |     8 |      0 |      0 |    0 |          0 |
|         g[0].g_normal.alu_i                                                       |                      microop_unit__parameterized1__3 |          8 |          8 |       0 |    0 |     8 |      0 |      0 |    0 |          0 |
|         g[1].g_normal.alu_i                                                       |                      microop_unit__parameterized7__2 |          0 |          0 |       0 |    0 |     8 |      0 |      0 |    0 |          0 |
|     glen[38].core_i                                                               |                      uop_block_wrap__parameterized20 |          1 |          1 |       0 |    0 |    80 |      0 |      0 |    0 |          0 |
|       (glen[38].core_i)                                                           |                      uop_block_wrap__parameterized20 |          0 |          0 |       0 |    0 |    40 |      0 |      0 |    0 |          0 |
|       core                                                                        |                           uop_block__parameterized20 |          1 |          1 |       0 |    0 |    40 |      0 |      0 |    0 |          0 |
|         (core)                                                                    |                           uop_block__parameterized20 |          1 |          1 |       0 |    0 |     0 |      0 |      0 |    0 |          0 |
|         g[0].g_normal.alu_i                                                       |                        microop_unit__parameterized12 |          0 |          0 |       0 |    0 |     8 |      0 |      0 |    0 |          0 |
|         g[1].g_normal.alu_i                                                       |                      microop_unit__parameterized0__9 |          0 |          0 |       0 |    0 |    32 |      0 |      0 |    0 |          0 |
|     glen[39].core_i                                                               |                   uop_block_wrap__parameterized21__1 |          2 |          2 |       0 |    0 |   192 |      0 |      0 |    0 |          0 |
|       (glen[39].core_i)                                                           |                   uop_block_wrap__parameterized21__1 |          0 |          0 |       0 |    0 |    64 |      0 |      0 |    0 |          0 |
|       core                                                                        |                        uop_block__parameterized21__1 |          2 |          2 |       0 |    0 |   128 |      0 |      0 |    0 |          0 |
|         (core)                                                                    |                        uop_block__parameterized21__1 |          1 |          1 |       0 |    0 |    32 |      0 |      0 |    0 |          0 |
|         g[0].g_normal.alu_i                                                       |                     microop_unit__parameterized0__14 |          0 |          0 |       0 |    0 |    32 |      0 |      0 |    0 |          0 |
|         g[1].g_normal.alu_i                                                       |                      microop_unit__parameterized3__3 |          1 |          1 |       0 |    0 |    32 |      0 |      0 |    0 |          0 |
|         g[2].g_normal.alu_i                                                       |                     microop_unit__parameterized0__13 |          0 |          0 |       0 |    0 |    32 |      0 |      0 |    0 |          0 |
|     glen[3].core_i                                                                |                       uop_block_wrap__parameterized2 |         65 |         65 |       0 |    0 |   384 |      0 |      0 |    0 |          0 |
|       (glen[3].core_i)                                                            |                       uop_block_wrap__parameterized2 |          0 |          0 |       0 |    0 |   192 |      0 |      0 |    0 |          0 |
|       core                                                                        |                            uop_block__parameterized2 |         65 |         65 |       0 |    0 |   192 |      0 |      0 |    0 |          0 |
|         (core)                                                                    |                            uop_block__parameterized2 |          1 |          1 |       0 |    0 |     0 |      0 |      0 |    0 |          0 |
|         g[0].g_normal.alu_i                                                       |                      microop_unit__parameterized2__4 |          0 |          0 |       0 |    0 |    64 |      0 |      0 |    0 |          0 |
|         g[1].g_normal.alu_i                                                       |              microop_unit__parameterized4__xdcDup__1 |         64 |         64 |       0 |    0 |   128 |      0 |      0 |    0 |          0 |
|           (g[1].g_normal.alu_i)                                                   |              microop_unit__parameterized4__xdcDup__1 |          0 |          0 |       0 |    0 |    64 |      0 |      0 |    0 |          0 |
|           g_iadd.use_ip.u_addsub                                                  |                                       integer_addsub |         64 |         64 |       0 |    0 |    64 |      0 |      0 |    0 |          0 |
|             U0                                                                    |                      integer_addsubc_addsub_v12_0_14 |         64 |         64 |       0 |    0 |    64 |      0 |      0 |    0 |          0 |
|               xst_addsub                                                          |                  integer_addsubc_addsub_v12_0_14_viv |         64 |         64 |       0 |    0 |    64 |      0 |      0 |    0 |          0 |
|                 i_baseblox.i_baseblox_addsub                                      |               integer_addsubc_addsub_v12_0_14_legacy |         64 |         64 |       0 |    0 |    64 |      0 |      0 |    0 |          0 |
|                   no_pipelining.the_addsub                                        |        integer_addsubc_addsub_v12_0_14_fabric_legacy |         64 |         64 |       0 |    0 |    64 |      0 |      0 |    0 |          0 |
|                     i_lut6.i_lut6_addsub                                          |          integer_addsubc_addsub_v12_0_14_lut6_legacy |         64 |         64 |       0 |    0 |    64 |      0 |      0 |    0 |          0 |
|                       (i_lut6.i_lut6_addsub)                                      |          integer_addsubc_addsub_v12_0_14_lut6_legacy |         64 |         64 |       0 |    0 |     0 |      0 |      0 |    0 |          0 |
|                       i_q.i_simple.qreg                                           |                   integer_addsubc_reg_fd_v12_0_6_viv |          0 |          0 |       0 |    0 |    64 |      0 |      0 |    0 |          0 |
|     glen[40].core_i                                                               |                      uop_block_wrap__parameterized22 |          1 |          1 |       0 |    0 |   192 |      0 |      0 |    0 |          0 |
|       (glen[40].core_i)                                                           |                      uop_block_wrap__parameterized22 |          0 |          0 |       0 |    0 |    96 |      0 |      0 |    0 |          0 |
|       core                                                                        |                           uop_block__parameterized22 |          1 |          1 |       0 |    0 |    96 |      0 |      0 |    0 |          0 |
|         (core)                                                                    |                           uop_block__parameterized22 |          1 |          1 |       0 |    0 |    32 |      0 |      0 |    0 |          0 |
|         g[0].g_normal.alu_i                                                       |                     microop_unit__parameterized0__12 |          0 |          0 |       0 |    0 |    32 |      0 |      0 |    0 |          0 |
|         g[1].g_normal.alu_i                                                       |                        microop_unit__parameterized13 |          0 |          0 |       0 |    0 |    32 |      0 |      0 |    0 |          0 |
|     glen[41].core_i                                                               |                      uop_block_wrap__parameterized13 |          1 |          1 |       0 |    0 |   320 |      0 |      0 |    0 |          0 |
|       (glen[41].core_i)                                                           |                      uop_block_wrap__parameterized13 |          0 |          0 |       0 |    0 |   128 |      0 |      0 |    0 |          0 |
|       core                                                                        |                           uop_block__parameterized13 |          1 |          1 |       0 |    0 |   192 |      0 |      0 |    0 |          0 |
|         (core)                                                                    |                           uop_block__parameterized13 |          1 |          1 |       0 |    0 |    64 |      0 |      0 |    0 |          0 |
|         g[0].g_normal.alu_i                                                       |                     microop_unit__parameterized2__20 |          0 |          0 |       0 |    0 |    64 |      0 |      0 |    0 |          0 |
|         g[1].g_normal.alu_i                                                       |                     microop_unit__parameterized2__21 |          0 |          0 |       0 |    0 |    64 |      0 |      0 |    0 |          0 |
|     glen[42].core_i                                                               |                   uop_block_wrap__parameterized21__2 |          2 |          2 |       0 |    0 |   192 |      0 |      0 |    0 |          0 |
|       (glen[42].core_i)                                                           |                   uop_block_wrap__parameterized21__2 |          0 |          0 |       0 |    0 |    64 |      0 |      0 |    0 |          0 |
|       core                                                                        |                        uop_block__parameterized21__2 |          2 |          2 |       0 |    0 |   128 |      0 |      0 |    0 |          0 |
|         (core)                                                                    |                        uop_block__parameterized21__2 |          1 |          1 |       0 |    0 |    32 |      0 |      0 |    0 |          0 |
|         g[0].g_normal.alu_i                                                       |                     microop_unit__parameterized0__16 |          0 |          0 |       0 |    0 |    32 |      0 |      0 |    0 |          0 |
|         g[1].g_normal.alu_i                                                       |                      microop_unit__parameterized3__4 |          1 |          1 |       0 |    0 |    32 |      0 |      0 |    0 |          0 |
|         g[2].g_normal.alu_i                                                       |                     microop_unit__parameterized0__15 |          0 |          0 |       0 |    0 |    32 |      0 |      0 |    0 |          0 |
|     glen[43].core_i                                                               |                      uop_block_wrap__parameterized23 |         98 |         98 |       0 |    0 |   640 |      0 |      0 |    0 |          0 |
|       (glen[43].core_i)                                                           |                      uop_block_wrap__parameterized23 |          0 |          0 |       0 |    0 |   160 |      0 |      0 |    0 |          0 |
|       core                                                                        |                           uop_block__parameterized23 |         98 |         98 |       0 |    0 |   480 |      0 |      0 |    0 |          0 |
|         (core)                                                                    |                           uop_block__parameterized23 |          1 |          1 |       0 |    0 |   160 |      0 |      0 |    0 |          0 |
|         g[0].g_normal.alu_i                                                       |                         microop_unit__parameterized0 |          0 |          0 |       0 |    0 |    32 |      0 |      0 |    0 |          0 |
|         g[1].g_normal.alu_i                                                       |                      microop_unit__parameterized1__4 |         32 |         32 |       0 |    0 |    32 |      0 |      0 |    0 |          0 |
|         g[2].g_normal.alu_i                                                       |                         microop_unit__parameterized3 |          1 |          1 |       0 |    0 |    32 |      0 |      0 |    0 |          0 |
|         g[3].g_normal.alu_i                                                       |                        microop_unit__parameterized11 |          0 |          0 |       0 |    0 |    32 |      0 |      0 |    0 |          0 |
|         g[4].g_normal.alu_i                                                       |              microop_unit__parameterized4__xdcDup__9 |         64 |         64 |       0 |    0 |   128 |      0 |      0 |    0 |          0 |
|           (g[4].g_normal.alu_i)                                                   |              microop_unit__parameterized4__xdcDup__9 |          0 |          0 |       0 |    0 |    64 |      0 |      0 |    0 |          0 |
|           g_iadd.use_ip.u_addsub                                                  |                                integer_addsub_HD7719 |         64 |         64 |       0 |    0 |    64 |      0 |      0 |    0 |          0 |
|             U0                                                                    |               integer_addsubc_addsub_v12_0_14_HD7720 |         64 |         64 |       0 |    0 |    64 |      0 |      0 |    0 |          0 |
|               xst_addsub                                                          |           integer_addsubc_addsub_v12_0_14_viv_HD7721 |         64 |         64 |       0 |    0 |    64 |      0 |      0 |    0 |          0 |
|                 i_baseblox.i_baseblox_addsub                                      |        integer_addsubc_addsub_v12_0_14_legacy_HD7722 |         64 |         64 |       0 |    0 |    64 |      0 |      0 |    0 |          0 |
|                   no_pipelining.the_addsub                                        | integer_addsubc_addsub_v12_0_14_fabric_legacy_HD7723 |         64 |         64 |       0 |    0 |    64 |      0 |      0 |    0 |          0 |
|                     i_lut6.i_lut6_addsub                                          |   integer_addsubc_addsub_v12_0_14_lut6_legacy_HD7724 |         64 |         64 |       0 |    0 |    64 |      0 |      0 |    0 |          0 |
|                       (i_lut6.i_lut6_addsub)                                      |   integer_addsubc_addsub_v12_0_14_lut6_legacy_HD7724 |         64 |         64 |       0 |    0 |     0 |      0 |      0 |    0 |          0 |
|                       i_q.i_simple.qreg                                           |            integer_addsubc_reg_fd_v12_0_6_viv_HD7725 |          0 |          0 |       0 |    0 |    64 |      0 |      0 |    0 |          0 |
|         g[5].g_normal.alu_i                                                       |                     microop_unit__parameterized2__26 |          0 |          0 |       0 |    0 |    64 |      0 |      0 |    0 |          0 |
|     glen[44].core_i                                                               |                   uop_block_wrap__parameterized21__3 |          2 |          2 |       0 |    0 |   192 |      0 |      0 |    0 |          0 |
|       (glen[44].core_i)                                                           |                   uop_block_wrap__parameterized21__3 |          0 |          0 |       0 |    0 |    64 |      0 |      0 |    0 |          0 |
|       core                                                                        |                        uop_block__parameterized21__3 |          2 |          2 |       0 |    0 |   128 |      0 |      0 |    0 |          0 |
|         (core)                                                                    |                        uop_block__parameterized21__3 |          1 |          1 |       0 |    0 |    32 |      0 |      0 |    0 |          0 |
|         g[0].g_normal.alu_i                                                       |                     microop_unit__parameterized0__18 |          0 |          0 |       0 |    0 |    32 |      0 |      0 |    0 |          0 |
|         g[1].g_normal.alu_i                                                       |                      microop_unit__parameterized3__5 |          1 |          1 |       0 |    0 |    32 |      0 |      0 |    0 |          0 |
|         g[2].g_normal.alu_i                                                       |                     microop_unit__parameterized0__17 |          0 |          0 |       0 |    0 |    32 |      0 |      0 |    0 |          0 |
|     glen[45].core_i                                                               |                      uop_block_wrap__parameterized18 |          1 |          1 |       0 |    0 |   192 |      0 |      0 |    0 |          0 |
|       (glen[45].core_i)                                                           |                      uop_block_wrap__parameterized18 |          0 |          0 |       0 |    0 |    96 |      0 |      0 |    0 |          0 |
|       core                                                                        |                           uop_block__parameterized18 |          1 |          1 |       0 |    0 |    96 |      0 |      0 |    0 |          0 |
|         (core)                                                                    |                           uop_block__parameterized18 |          1 |          1 |       0 |    0 |    32 |      0 |      0 |    0 |          0 |
|         g[0].g_normal.alu_i                                                       |                      microop_unit__parameterized0__8 |          0 |          0 |       0 |    0 |    32 |      0 |      0 |    0 |          0 |
|         g[1].g_normal.alu_i                                                       |                     microop_unit__parameterized11__2 |          0 |          0 |       0 |    0 |    32 |      0 |      0 |    0 |          0 |
|     glen[46].core_i                                                               |                      uop_block_wrap__parameterized24 |          9 |          9 |       0 |    0 |    64 |      0 |      0 |    0 |          0 |
|       (glen[46].core_i)                                                           |                      uop_block_wrap__parameterized24 |          0 |          0 |       0 |    0 |    24 |      0 |      0 |    0 |          0 |
|       core                                                                        |                           uop_block__parameterized24 |          9 |          9 |       0 |    0 |    40 |      0 |      0 |    0 |          0 |
|         (core)                                                                    |                           uop_block__parameterized24 |          1 |          1 |       0 |    0 |    16 |      0 |      0 |    0 |          0 |
|         g[0].g_normal.alu_i                                                       |                         microop_unit__parameterized1 |          8 |          8 |       0 |    0 |     8 |      0 |      0 |    0 |          0 |
|         g[1].g_normal.alu_i                                                       |                     microop_unit__parameterized2__27 |          0 |          0 |       0 |    0 |     8 |      0 |      0 |    0 |          0 |
|         g[2].g_normal.alu_i                                                       |                      microop_unit__parameterized7__3 |          0 |          0 |       0 |    0 |     8 |      0 |      0 |    0 |          0 |
|     glen[47].core_i                                                               |                      uop_block_wrap__parameterized21 |          2 |          2 |       0 |    0 |   192 |      0 |      0 |    0 |          0 |
|       (glen[47].core_i)                                                           |                      uop_block_wrap__parameterized21 |          0 |          0 |       0 |    0 |    64 |      0 |      0 |    0 |          0 |
|       core                                                                        |                           uop_block__parameterized21 |          2 |          2 |       0 |    0 |   128 |      0 |      0 |    0 |          0 |
|         (core)                                                                    |                           uop_block__parameterized21 |          1 |          1 |       0 |    0 |    32 |      0 |      0 |    0 |          0 |
|         g[0].g_normal.alu_i                                                       |                     microop_unit__parameterized0__10 |          0 |          0 |       0 |    0 |    32 |      0 |      0 |    0 |          0 |
|         g[1].g_normal.alu_i                                                       |                      microop_unit__parameterized3__2 |          1 |          1 |       0 |    0 |    32 |      0 |      0 |    0 |          0 |
|         g[2].g_normal.alu_i                                                       |                     microop_unit__parameterized0__11 |          0 |          0 |       0 |    0 |    32 |      0 |      0 |    0 |          0 |
|     glen[48].core_i                                                               |                      uop_block_wrap__parameterized25 |          2 |          2 |       0 |    0 |    48 |      0 |      0 |    0 |          0 |
|       (glen[48].core_i)                                                           |                      uop_block_wrap__parameterized25 |          0 |          0 |       0 |    0 |    16 |      0 |      0 |    0 |          0 |
|       core                                                                        |                           uop_block__parameterized25 |          2 |          2 |       0 |    0 |    32 |      0 |      0 |    0 |          0 |
|         (core)                                                                    |                           uop_block__parameterized25 |          1 |          1 |       0 |    0 |     8 |      0 |      0 |    0 |          0 |
|         g[0].g_normal.alu_i                                                       |             microop_unit__parameterized4__xdcDup__10 |          1 |          1 |       0 |    0 |    16 |      0 |      0 |    0 |          0 |
|           (g[0].g_normal.alu_i)                                                   |             microop_unit__parameterized4__xdcDup__10 |          0 |          0 |       0 |    0 |     8 |      0 |      0 |    0 |          0 |
|           g_iadd.use_ip.u_addsub                                                  |                                integer_addsub_HD7726 |          1 |          1 |       0 |    0 |     8 |      0 |      0 |    0 |          0 |
|             U0                                                                    |               integer_addsubc_addsub_v12_0_14_HD7727 |          1 |          1 |       0 |    0 |     8 |      0 |      0 |    0 |          0 |
|               xst_addsub                                                          |           integer_addsubc_addsub_v12_0_14_viv_HD7728 |          1 |          1 |       0 |    0 |     8 |      0 |      0 |    0 |          0 |
|                 i_baseblox.i_baseblox_addsub                                      |        integer_addsubc_addsub_v12_0_14_legacy_HD7729 |          1 |          1 |       0 |    0 |     8 |      0 |      0 |    0 |          0 |
|                   no_pipelining.the_addsub                                        | integer_addsubc_addsub_v12_0_14_fabric_legacy_HD7730 |          1 |          1 |       0 |    0 |     8 |      0 |      0 |    0 |          0 |
|                     i_lut6.i_lut6_addsub                                          |   integer_addsubc_addsub_v12_0_14_lut6_legacy_HD7731 |          1 |          1 |       0 |    0 |     8 |      0 |      0 |    0 |          0 |
|                       (i_lut6.i_lut6_addsub)                                      |   integer_addsubc_addsub_v12_0_14_lut6_legacy_HD7731 |          1 |          1 |       0 |    0 |     0 |      0 |      0 |    0 |          0 |
|                       i_q.i_simple.qreg                                           |            integer_addsubc_reg_fd_v12_0_6_viv_HD7732 |          0 |          0 |       0 |    0 |     8 |      0 |      0 |    0 |          0 |
|         g[1].g_normal.alu_i                                                       |                         microop_unit__parameterized7 |          0 |          0 |       0 |    0 |     8 |      0 |      0 |    0 |          0 |
|     glen[49].core_i                                                               |                       uop_block_wrap__parameterized0 |         65 |         65 |       0 |    0 |   384 |      0 |      0 |    0 |          0 |
|       (glen[49].core_i)                                                           |                       uop_block_wrap__parameterized0 |          0 |          0 |       0 |    0 |   192 |      0 |      0 |    0 |          0 |
|       core                                                                        |                            uop_block__parameterized0 |         65 |         65 |       0 |    0 |   192 |      0 |      0 |    0 |          0 |
|         (core)                                                                    |                            uop_block__parameterized0 |          1 |          1 |       0 |    0 |    64 |      0 |      0 |    0 |          0 |
|         g[0].g_normal.alu_i                                                       |                      microop_unit__parameterized1__1 |         64 |         64 |       0 |    0 |    64 |      0 |      0 |    0 |          0 |
|         g[1].g_normal.alu_i                                                       |                      microop_unit__parameterized2__3 |          0 |          0 |       0 |    0 |    64 |      0 |      0 |    0 |          0 |
|     glen[4].core_i                                                                |                       uop_block_wrap__parameterized3 |         65 |         65 |       0 |    0 |   384 |      0 |      0 |    0 |          0 |
|       (glen[4].core_i)                                                            |                       uop_block_wrap__parameterized3 |          0 |          0 |       0 |    0 |   192 |      0 |      0 |    0 |          0 |
|       core                                                                        |                            uop_block__parameterized3 |         65 |         65 |       0 |    0 |   192 |      0 |      0 |    0 |          0 |
|         (core)                                                                    |                            uop_block__parameterized3 |          1 |          1 |       0 |    0 |     0 |      0 |      0 |    0 |          0 |
|         g[0].g_normal.alu_i                                                       |                      microop_unit__parameterized2__5 |          0 |          0 |       0 |    0 |    64 |      0 |      0 |    0 |          0 |
|         g[1].g_normal.alu_i                                                       |              microop_unit__parameterized5__xdcDup__1 |         64 |         64 |       0 |    0 |   128 |      0 |      0 |    0 |          0 |
|           (g[1].g_normal.alu_i)                                                   |              microop_unit__parameterized5__xdcDup__1 |          0 |          0 |       0 |    0 |    64 |      0 |      0 |    0 |          0 |
|           g_iadd.use_ip.u_addsub                                                  |                                integer_addsub_HD7614 |         64 |         64 |       0 |    0 |    64 |      0 |      0 |    0 |          0 |
|             U0                                                                    |               integer_addsubc_addsub_v12_0_14_HD7615 |         64 |         64 |       0 |    0 |    64 |      0 |      0 |    0 |          0 |
|               xst_addsub                                                          |           integer_addsubc_addsub_v12_0_14_viv_HD7616 |         64 |         64 |       0 |    0 |    64 |      0 |      0 |    0 |          0 |
|                 i_baseblox.i_baseblox_addsub                                      |        integer_addsubc_addsub_v12_0_14_legacy_HD7617 |         64 |         64 |       0 |    0 |    64 |      0 |      0 |    0 |          0 |
|                   no_pipelining.the_addsub                                        | integer_addsubc_addsub_v12_0_14_fabric_legacy_HD7618 |         64 |         64 |       0 |    0 |    64 |      0 |      0 |    0 |          0 |
|                     i_lut6.i_lut6_addsub                                          |   integer_addsubc_addsub_v12_0_14_lut6_legacy_HD7619 |         64 |         64 |       0 |    0 |    64 |      0 |      0 |    0 |          0 |
|                       (i_lut6.i_lut6_addsub)                                      |   integer_addsubc_addsub_v12_0_14_lut6_legacy_HD7619 |         64 |         64 |       0 |    0 |     0 |      0 |      0 |    0 |          0 |
|                       i_q.i_simple.qreg                                           |            integer_addsubc_reg_fd_v12_0_6_viv_HD7620 |          0 |          0 |       0 |    0 |    64 |      0 |      0 |    0 |          0 |
|     glen[50].core_i                                                               |                      uop_block_wrap__parameterized26 |         65 |         65 |       0 |    0 |   192 |      0 |      0 |    0 |          0 |
|       (glen[50].core_i)                                                           |                      uop_block_wrap__parameterized26 |          0 |          0 |       0 |    0 |    96 |      0 |      0 |    0 |          0 |
|       core                                                                        |                           uop_block__parameterized26 |         65 |         65 |       0 |    0 |    96 |      0 |      0 |    0 |          0 |
|         (core)                                                                    |                           uop_block__parameterized26 |          1 |          1 |       0 |    0 |    32 |      0 |      0 |    0 |          0 |
|         g[0].g_normal.alu_i                                                       |                                         microop_unit |         32 |         32 |       0 |    0 |    32 |      0 |      0 |    0 |          0 |
|         g[1].g_normal.alu_i                                                       |                        microop_unit__parameterized14 |         32 |         32 |       0 |    0 |    32 |      0 |      0 |    0 |          0 |
|     glen[51].core_i                                                               |                       uop_block_wrap__parameterized9 |          1 |          1 |       0 |    0 |   256 |      0 |      0 |    0 |          0 |
|       (glen[51].core_i)                                                           |                       uop_block_wrap__parameterized9 |          0 |          0 |       0 |    0 |   128 |      0 |      0 |    0 |          0 |
|       core                                                                        |                            uop_block__parameterized9 |          1 |          1 |       0 |    0 |   128 |      0 |      0 |    0 |          0 |
|         (core)                                                                    |                            uop_block__parameterized9 |          1 |          1 |       0 |    0 |     0 |      0 |      0 |    0 |          0 |
|         g[0].g_normal.alu_i                                                       |                     microop_unit__parameterized2__13 |          0 |          0 |       0 |    0 |    64 |      0 |      0 |    0 |          0 |
|         g[1].g_normal.alu_i                                                       |                     microop_unit__parameterized2__14 |          0 |          0 |       0 |    0 |    64 |      0 |      0 |    0 |          0 |
|     glen[52].core_i                                                               |                      uop_block_wrap__parameterized27 |        324 |        193 |       0 |  131 |  1050 |      0 |      0 |    0 |         10 |
|       (glen[52].core_i)                                                           |                      uop_block_wrap__parameterized27 |          0 |          0 |       0 |    0 |   192 |      0 |      0 |    0 |          0 |
|       core                                                                        |                           uop_block__parameterized27 |        324 |        193 |       0 |  131 |   858 |      0 |      0 |    0 |         10 |
|         (core)                                                                    |                           uop_block__parameterized27 |          1 |          1 |       0 |    0 |   192 |      0 |      0 |    0 |          0 |
|         g[0].g_normal.alu_i                                                       |                         microop_unit__parameterized2 |          0 |          0 |       0 |    0 |    64 |      0 |      0 |    0 |          0 |
|         g[1].g_normal.alu_i                                                       |                        microop_unit__parameterized15 |         64 |         64 |       0 |    0 |    64 |      0 |      0 |    0 |          0 |
|         g[2].g_normal.alu_i                                                       |                         microop_unit__parameterized6 |        131 |          0 |       0 |  131 |   346 |      0 |      0 |    0 |         10 |
|           (g[2].g_normal.alu_i)                                                   |                         microop_unit__parameterized6 |          0 |          0 |       0 |    0 |    64 |      0 |      0 |    0 |          0 |
|           g_imul.mul64_ip.mul_i                                                   |                                   integer_mul_HD7741 |        131 |          0 |       0 |  131 |   282 |      0 |      0 |    0 |         10 |
|             U0                                                                    |                  integer_mulmult_gen_v12_0_16_HD7742 |        131 |          0 |       0 |  131 |   282 |      0 |      0 |    0 |         10 |
|               i_mult                                                              |              integer_mulmult_gen_v12_0_16_viv_HD7743 |        131 |          0 |       0 |  131 |   282 |      0 |      0 |    0 |         10 |
|                 gDSP.gDSP_only.iDSP                                               |                                integer_muldsp_HD7744 |        131 |          0 |       0 |  131 |   282 |      0 |      0 |    0 |         10 |
|                   (gDSP.gDSP_only.iDSP)                                           |                                integer_muldsp_HD7744 |          0 |          0 |       0 |    0 |     0 |      0 |      0 |    0 |         10 |
|                   use_prim.appDSP48[0].bppDSP48[0].need_output_delay.output_delay |        integer_muldelay_line__parameterized16_HD7745 |          9 |          0 |       0 |    9 |    17 |      0 |      0 |    0 |          0 |
|                   use_prim.appDSP48[0].bppDSP48[2].need_output_delay.output_delay |        integer_muldelay_line__parameterized18_HD7746 |          9 |          0 |       0 |    9 |    17 |      0 |      0 |    0 |          0 |
|                   use_prim.appDSP48[1].bppDSP48[0].need_output_delay.output_delay |        integer_muldelay_line__parameterized19_HD7747 |          9 |          0 |       0 |    9 |    17 |      0 |      0 |    0 |          0 |
|                   use_prim.appDSP48[3].bppDSP48[0].need_output_delay.output_delay |        integer_muldelay_line__parameterized21_HD7749 |          7 |          0 |       0 |    7 |    13 |      0 |      0 |    0 |          0 |
|                   use_prim.iAdelx[0].iAdely[2].use_delay_line.Adelay              |         integer_muldelay_line__parameterized0_HD7751 |          9 |          0 |       0 |    9 |    17 |      0 |      0 |    0 |          0 |
|                   use_prim.iAdelx[1].iAdely[1].use_delay_line.Adelay              |         integer_muldelay_line__parameterized1_HD7752 |          9 |          0 |       0 |    9 |    17 |      0 |      0 |    0 |          0 |
|                   use_prim.iAdelx[1].iAdely[2].use_delay_line.Adelay              |         integer_muldelay_line__parameterized2_HD7753 |          9 |          0 |       0 |    9 |    17 |      0 |      0 |    0 |          0 |
|                   use_prim.iAdelx[2].iAdely[0].use_delay_line.Adelay              |         integer_muldelay_line__parameterized4_HD7755 |          0 |          0 |       0 |    0 |    17 |      0 |      0 |    0 |          0 |
|                   use_prim.iAdelx[2].iAdely[1].use_delay_line.Adelay              |         integer_muldelay_line__parameterized5_HD7756 |          9 |          0 |       0 |    9 |    17 |      0 |      0 |    0 |          0 |
|                   use_prim.iAdelx[3].iAdely[0].use_delay_line.Adelay              |         integer_muldelay_line__parameterized8_HD7759 |          7 |          0 |       0 |    7 |    13 |      0 |      0 |    0 |          0 |
|                   use_prim.iBdelx[0].iBdely[2].need_delay_line.Bdelay             |       integer_muldelay_line__parameterized0_0_HD7761 |          9 |          0 |       0 |    9 |    17 |      0 |      0 |    0 |          0 |
|                   use_prim.iBdelx[0].iBdely[3].need_delay_line.Bdelay             |        integer_muldelay_line__parameterized10_HD7762 |          9 |          0 |       0 |    9 |    18 |      0 |      0 |    0 |          0 |
|                   use_prim.iBdelx[1].iBdely[0].need_delay_line.Bdelay             |       integer_muldelay_line__parameterized4_1_HD7763 |          0 |          0 |       0 |    0 |    17 |      0 |      0 |    0 |          0 |
|                   use_prim.iBdelx[1].iBdely[1].need_delay_line.Bdelay             |       integer_muldelay_line__parameterized1_2_HD7764 |          9 |          0 |       0 |    9 |    17 |      0 |      0 |    0 |          0 |
|                   use_prim.iBdelx[1].iBdely[2].need_delay_line.Bdelay             |       integer_muldelay_line__parameterized2_3_HD7765 |          9 |          0 |       0 |    9 |    17 |      0 |      0 |    0 |          0 |
|                   use_prim.iBdelx[2].iBdely[1].need_delay_line.Bdelay             |       integer_muldelay_line__parameterized5_5_HD7767 |          9 |          0 |       0 |    9 |    17 |      0 |      0 |    0 |          0 |
|                   use_prim.iBdelx[3].iBdely[0].need_delay_line.Bdelay             |        integer_muldelay_line__parameterized11_HD7769 |          9 |          0 |       0 |    9 |    17 |      0 |      0 |    0 |          0 |
|         g[3].g_normal.alu_i                                                       |                         microop_unit__parameterized4 |         64 |         64 |       0 |    0 |   128 |      0 |      0 |    0 |          0 |
|           (g[3].g_normal.alu_i)                                                   |                         microop_unit__parameterized4 |          0 |          0 |       0 |    0 |    64 |      0 |      0 |    0 |          0 |
|           g_iadd.use_ip.u_addsub                                                  |                                integer_addsub_HD7733 |         64 |         64 |       0 |    0 |    64 |      0 |      0 |    0 |          0 |
|             U0                                                                    |               integer_addsubc_addsub_v12_0_14_HD7734 |         64 |         64 |       0 |    0 |    64 |      0 |      0 |    0 |          0 |
|               xst_addsub                                                          |           integer_addsubc_addsub_v12_0_14_viv_HD7735 |         64 |         64 |       0 |    0 |    64 |      0 |      0 |    0 |          0 |
|                 i_baseblox.i_baseblox_addsub                                      |        integer_addsubc_addsub_v12_0_14_legacy_HD7736 |         64 |         64 |       0 |    0 |    64 |      0 |      0 |    0 |          0 |
|                   no_pipelining.the_addsub                                        | integer_addsubc_addsub_v12_0_14_fabric_legacy_HD7737 |         64 |         64 |       0 |    0 |    64 |      0 |      0 |    0 |          0 |
|                     i_lut6.i_lut6_addsub                                          |   integer_addsubc_addsub_v12_0_14_lut6_legacy_HD7738 |         64 |         64 |       0 |    0 |    64 |      0 |      0 |    0 |          0 |
|                       (i_lut6.i_lut6_addsub)                                      |   integer_addsubc_addsub_v12_0_14_lut6_legacy_HD7738 |         64 |         64 |       0 |    0 |     0 |      0 |      0 |    0 |          0 |
|                       i_q.i_simple.qreg                                           |            integer_addsubc_reg_fd_v12_0_6_viv_HD7739 |          0 |          0 |       0 |    0 |    64 |      0 |      0 |    0 |          0 |
|         g[4].g_normal.alu_i                                                       |                        microop_unit__parameterized10 |         64 |         64 |       0 |    0 |    64 |      0 |      0 |    0 |          0 |
|     glen[5].core_i                                                                |                       uop_block_wrap__parameterized4 |        132 |          1 |       0 |  131 |   666 |      0 |      0 |    0 |         10 |
|       (glen[5].core_i)                                                            |                       uop_block_wrap__parameterized4 |          0 |          0 |       0 |    0 |   192 |      0 |      0 |    0 |          0 |
|       core                                                                        |                            uop_block__parameterized4 |        132 |          1 |       0 |  131 |   474 |      0 |      0 |    0 |         10 |
|         (core)                                                                    |                            uop_block__parameterized4 |          1 |          1 |       0 |    0 |    64 |      0 |      0 |    0 |          0 |
|         g[0].g_normal.alu_i                                                       |                      microop_unit__parameterized2__6 |          0 |          0 |       0 |    0 |    64 |      0 |      0 |    0 |          0 |
|         g[1].g_normal.alu_i                                                       |              microop_unit__parameterized6__xdcDup__1 |        131 |          0 |       0 |  131 |   346 |      0 |      0 |    0 |         10 |
|           (g[1].g_normal.alu_i)                                                   |              microop_unit__parameterized6__xdcDup__1 |          0 |          0 |       0 |    0 |    64 |      0 |      0 |    0 |          0 |
|           g_imul.mul64_ip.mul_i                                                   |                                          integer_mul |        131 |          0 |       0 |  131 |   282 |      0 |      0 |    0 |         10 |
|             U0                                                                    |                         integer_mulmult_gen_v12_0_16 |        131 |          0 |       0 |  131 |   282 |      0 |      0 |    0 |         10 |
|               i_mult                                                              |                     integer_mulmult_gen_v12_0_16_viv |        131 |          0 |       0 |  131 |   282 |      0 |      0 |    0 |         10 |
|                 gDSP.gDSP_only.iDSP                                               |                                       integer_muldsp |        131 |          0 |       0 |  131 |   282 |      0 |      0 |    0 |         10 |
|                   (gDSP.gDSP_only.iDSP)                                           |                                       integer_muldsp |          0 |          0 |       0 |    0 |     0 |      0 |      0 |    0 |         10 |
|                   use_prim.appDSP48[0].bppDSP48[0].need_output_delay.output_delay |               integer_muldelay_line__parameterized16 |          9 |          0 |       0 |    9 |    17 |      0 |      0 |    0 |          0 |
|                   use_prim.appDSP48[0].bppDSP48[2].need_output_delay.output_delay |               integer_muldelay_line__parameterized18 |          9 |          0 |       0 |    9 |    17 |      0 |      0 |    0 |          0 |
|                   use_prim.appDSP48[1].bppDSP48[0].need_output_delay.output_delay |               integer_muldelay_line__parameterized19 |          9 |          0 |       0 |    9 |    17 |      0 |      0 |    0 |          0 |
|                   use_prim.appDSP48[3].bppDSP48[0].need_output_delay.output_delay |               integer_muldelay_line__parameterized21 |          7 |          0 |       0 |    7 |    13 |      0 |      0 |    0 |          0 |
|                   use_prim.iAdelx[0].iAdely[2].use_delay_line.Adelay              |                integer_muldelay_line__parameterized0 |          9 |          0 |       0 |    9 |    17 |      0 |      0 |    0 |          0 |
|                   use_prim.iAdelx[1].iAdely[1].use_delay_line.Adelay              |                integer_muldelay_line__parameterized1 |          9 |          0 |       0 |    9 |    17 |      0 |      0 |    0 |          0 |
|                   use_prim.iAdelx[1].iAdely[2].use_delay_line.Adelay              |                integer_muldelay_line__parameterized2 |          9 |          0 |       0 |    9 |    17 |      0 |      0 |    0 |          0 |
|                   use_prim.iAdelx[2].iAdely[0].use_delay_line.Adelay              |                integer_muldelay_line__parameterized4 |          0 |          0 |       0 |    0 |    17 |      0 |      0 |    0 |          0 |
|                   use_prim.iAdelx[2].iAdely[1].use_delay_line.Adelay              |                integer_muldelay_line__parameterized5 |          9 |          0 |       0 |    9 |    17 |      0 |      0 |    0 |          0 |
|                   use_prim.iAdelx[3].iAdely[0].use_delay_line.Adelay              |                integer_muldelay_line__parameterized8 |          7 |          0 |       0 |    7 |    13 |      0 |      0 |    0 |          0 |
|                   use_prim.iBdelx[0].iBdely[2].need_delay_line.Bdelay             |              integer_muldelay_line__parameterized0_0 |          9 |          0 |       0 |    9 |    17 |      0 |      0 |    0 |          0 |
|                   use_prim.iBdelx[0].iBdely[3].need_delay_line.Bdelay             |               integer_muldelay_line__parameterized10 |          9 |          0 |       0 |    9 |    18 |      0 |      0 |    0 |          0 |
|                   use_prim.iBdelx[1].iBdely[0].need_delay_line.Bdelay             |              integer_muldelay_line__parameterized4_1 |          0 |          0 |       0 |    0 |    17 |      0 |      0 |    0 |          0 |
|                   use_prim.iBdelx[1].iBdely[1].need_delay_line.Bdelay             |              integer_muldelay_line__parameterized1_2 |          9 |          0 |       0 |    9 |    17 |      0 |      0 |    0 |          0 |
|                   use_prim.iBdelx[1].iBdely[2].need_delay_line.Bdelay             |              integer_muldelay_line__parameterized2_3 |          9 |          0 |       0 |    9 |    17 |      0 |      0 |    0 |          0 |
|                   use_prim.iBdelx[2].iBdely[1].need_delay_line.Bdelay             |              integer_muldelay_line__parameterized5_5 |          9 |          0 |       0 |    9 |    17 |      0 |      0 |    0 |          0 |
|                   use_prim.iBdelx[3].iBdely[0].need_delay_line.Bdelay             |               integer_muldelay_line__parameterized11 |          9 |          0 |       0 |    9 |    17 |      0 |      0 |    0 |          0 |
|     glen[6].core_i                                                                |                       uop_block_wrap__parameterized5 |         25 |         25 |       0 |    0 |    96 |      0 |      0 |    0 |          0 |
|       (glen[6].core_i)                                                            |                       uop_block_wrap__parameterized5 |          0 |          0 |       0 |    0 |    24 |      0 |      0 |    0 |          0 |
|       core                                                                        |                            uop_block__parameterized5 |         25 |         25 |       0 |    0 |    72 |      0 |      0 |    0 |          0 |
|         (core)                                                                    |                            uop_block__parameterized5 |          1 |          1 |       0 |    0 |    16 |      0 |      0 |    0 |          0 |
|         g[0].g_normal.alu_i                                                       |                      microop_unit__parameterized1__2 |          8 |          8 |       0 |    0 |     8 |      0 |      0 |    0 |          0 |
|         g[1].g_normal.alu_i                                                       |              microop_unit__parameterized4__xdcDup__2 |          8 |          8 |       0 |    0 |    16 |      0 |      0 |    0 |          0 |
|           (g[1].g_normal.alu_i)                                                   |              microop_unit__parameterized4__xdcDup__2 |          0 |          0 |       0 |    0 |     8 |      0 |      0 |    0 |          0 |
|           g_iadd.use_ip.u_addsub                                                  |                                integer_addsub_HD7621 |          8 |          8 |       0 |    0 |     8 |      0 |      0 |    0 |          0 |
|             U0                                                                    |               integer_addsubc_addsub_v12_0_14_HD7622 |          8 |          8 |       0 |    0 |     8 |      0 |      0 |    0 |          0 |
|               xst_addsub                                                          |           integer_addsubc_addsub_v12_0_14_viv_HD7623 |          8 |          8 |       0 |    0 |     8 |      0 |      0 |    0 |          0 |
|                 i_baseblox.i_baseblox_addsub                                      |        integer_addsubc_addsub_v12_0_14_legacy_HD7624 |          8 |          8 |       0 |    0 |     8 |      0 |      0 |    0 |          0 |
|                   no_pipelining.the_addsub                                        | integer_addsubc_addsub_v12_0_14_fabric_legacy_HD7625 |          8 |          8 |       0 |    0 |     8 |      0 |      0 |    0 |          0 |
|                     i_lut6.i_lut6_addsub                                          |   integer_addsubc_addsub_v12_0_14_lut6_legacy_HD7626 |          8 |          8 |       0 |    0 |     8 |      0 |      0 |    0 |          0 |
|                       (i_lut6.i_lut6_addsub)                                      |   integer_addsubc_addsub_v12_0_14_lut6_legacy_HD7626 |          8 |          8 |       0 |    0 |     0 |      0 |      0 |    0 |          0 |
|                       i_q.i_simple.qreg                                           |            integer_addsubc_reg_fd_v12_0_6_viv_HD7627 |          0 |          0 |       0 |    0 |     8 |      0 |      0 |    0 |          0 |
|         g[2].g_normal.alu_i                                                       |                      microop_unit__parameterized2__7 |          0 |          0 |       0 |    0 |     8 |      0 |      0 |    0 |          0 |
|         g[3].g_normal.alu_i                                                       |              microop_unit__parameterized5__xdcDup__2 |          8 |          8 |       0 |    0 |    16 |      0 |      0 |    0 |          0 |
|           (g[3].g_normal.alu_i)                                                   |              microop_unit__parameterized5__xdcDup__2 |          0 |          0 |       0 |    0 |     8 |      0 |      0 |    0 |          0 |
|           g_iadd.use_ip.u_addsub                                                  |                                integer_addsub_HD7628 |          8 |          8 |       0 |    0 |     8 |      0 |      0 |    0 |          0 |
|             U0                                                                    |               integer_addsubc_addsub_v12_0_14_HD7629 |          8 |          8 |       0 |    0 |     8 |      0 |      0 |    0 |          0 |
|               xst_addsub                                                          |           integer_addsubc_addsub_v12_0_14_viv_HD7630 |          8 |          8 |       0 |    0 |     8 |      0 |      0 |    0 |          0 |
|                 i_baseblox.i_baseblox_addsub                                      |        integer_addsubc_addsub_v12_0_14_legacy_HD7631 |          8 |          8 |       0 |    0 |     8 |      0 |      0 |    0 |          0 |
|                   no_pipelining.the_addsub                                        | integer_addsubc_addsub_v12_0_14_fabric_legacy_HD7632 |          8 |          8 |       0 |    0 |     8 |      0 |      0 |    0 |          0 |
|                     i_lut6.i_lut6_addsub                                          |   integer_addsubc_addsub_v12_0_14_lut6_legacy_HD7633 |          8 |          8 |       0 |    0 |     8 |      0 |      0 |    0 |          0 |
|                       (i_lut6.i_lut6_addsub)                                      |   integer_addsubc_addsub_v12_0_14_lut6_legacy_HD7633 |          8 |          8 |       0 |    0 |     0 |      0 |      0 |    0 |          0 |
|                       i_q.i_simple.qreg                                           |            integer_addsubc_reg_fd_v12_0_6_viv_HD7634 |          0 |          0 |       0 |    0 |     8 |      0 |      0 |    0 |          0 |
|         g[4].g_normal.alu_i                                                       |                      microop_unit__parameterized7__1 |          0 |          0 |       0 |    0 |     8 |      0 |      0 |    0 |          0 |
|     glen[7].core_i                                                                |                       uop_block_wrap__parameterized6 |          1 |          1 |       0 |    0 |   183 |      0 |      0 |    0 |          0 |
|       (glen[7].core_i)                                                            |                       uop_block_wrap__parameterized6 |          0 |          0 |       0 |    0 |   122 |      0 |      0 |    0 |          0 |
|       core                                                                        |                            uop_block__parameterized6 |          1 |          1 |       0 |    0 |    61 |      0 |      0 |    0 |          0 |
|         (core)                                                                    |                            uop_block__parameterized6 |          1 |          1 |       0 |    0 |     0 |      0 |      0 |    0 |          0 |
|         g[1].g_normal.alu_i                                                       |                      microop_unit__parameterized2__8 |          0 |          0 |       0 |    0 |    61 |      0 |      0 |    0 |          0 |
|     glen[8].core_i                                                                |                       uop_block_wrap__parameterized7 |        257 |        257 |       0 |    0 |   832 |      0 |      0 |    0 |          0 |
|       (glen[8].core_i)                                                            |                       uop_block_wrap__parameterized7 |          0 |          0 |       0 |    0 |   192 |      0 |      0 |    0 |          0 |
|       core                                                                        |                            uop_block__parameterized7 |        257 |        257 |       0 |    0 |   640 |      0 |      0 |    0 |          0 |
|         (core)                                                                    |                            uop_block__parameterized7 |          1 |          1 |       0 |    0 |    64 |      0 |      0 |    0 |          0 |
|         g[0].g_normal.alu_i                                                       |                         microop_unit__parameterized8 |         64 |         64 |       0 |    0 |   128 |      0 |      0 |    0 |          0 |
|           (g[0].g_normal.alu_i)                                                   |                         microop_unit__parameterized8 |          0 |          0 |       0 |    0 |    64 |      0 |      0 |    0 |          0 |
|           g_iadd.use_ip.u_addsub                                                  |                                integer_addsub_HD7635 |         64 |         64 |       0 |    0 |    64 |      0 |      0 |    0 |          0 |
|             U0                                                                    |               integer_addsubc_addsub_v12_0_14_HD7636 |         64 |         64 |       0 |    0 |    64 |      0 |      0 |    0 |          0 |
|               xst_addsub                                                          |           integer_addsubc_addsub_v12_0_14_viv_HD7637 |         64 |         64 |       0 |    0 |    64 |      0 |      0 |    0 |          0 |
|                 i_baseblox.i_baseblox_addsub                                      |        integer_addsubc_addsub_v12_0_14_legacy_HD7638 |         64 |         64 |       0 |    0 |    64 |      0 |      0 |    0 |          0 |
|                   no_pipelining.the_addsub                                        | integer_addsubc_addsub_v12_0_14_fabric_legacy_HD7639 |         64 |         64 |       0 |    0 |    64 |      0 |      0 |    0 |          0 |
|                     i_lut6.i_lut6_addsub                                          |   integer_addsubc_addsub_v12_0_14_lut6_legacy_HD7640 |         64 |         64 |       0 |    0 |    64 |      0 |      0 |    0 |          0 |
|                       (i_lut6.i_lut6_addsub)                                      |   integer_addsubc_addsub_v12_0_14_lut6_legacy_HD7640 |         64 |         64 |       0 |    0 |     0 |      0 |      0 |    0 |          0 |
|                       i_q.i_simple.qreg                                           |            integer_addsubc_reg_fd_v12_0_6_viv_HD7641 |          0 |          0 |       0 |    0 |    64 |      0 |      0 |    0 |          0 |
|         g[1].g_normal.alu_i                                                       |                         microop_unit__parameterized9 |         64 |         64 |       0 |    0 |    64 |      0 |      0 |    0 |          0 |
|         g[2].g_normal.alu_i                                                       |                      microop_unit__parameterized2__9 |          0 |          0 |       0 |    0 |    64 |      0 |      0 |    0 |          0 |
|         g[3].g_normal.alu_i                                                       |              microop_unit__parameterized4__xdcDup__3 |         64 |         64 |       0 |    0 |   128 |      0 |      0 |    0 |          0 |
|           (g[3].g_normal.alu_i)                                                   |              microop_unit__parameterized4__xdcDup__3 |          0 |          0 |       0 |    0 |    64 |      0 |      0 |    0 |          0 |
|           g_iadd.use_ip.u_addsub                                                  |                                integer_addsub_HD7642 |         64 |         64 |       0 |    0 |    64 |      0 |      0 |    0 |          0 |
|             U0                                                                    |               integer_addsubc_addsub_v12_0_14_HD7643 |         64 |         64 |       0 |    0 |    64 |      0 |      0 |    0 |          0 |
|               xst_addsub                                                          |           integer_addsubc_addsub_v12_0_14_viv_HD7644 |         64 |         64 |       0 |    0 |    64 |      0 |      0 |    0 |          0 |
|                 i_baseblox.i_baseblox_addsub                                      |        integer_addsubc_addsub_v12_0_14_legacy_HD7645 |         64 |         64 |       0 |    0 |    64 |      0 |      0 |    0 |          0 |
|                   no_pipelining.the_addsub                                        | integer_addsubc_addsub_v12_0_14_fabric_legacy_HD7646 |         64 |         64 |       0 |    0 |    64 |      0 |      0 |    0 |          0 |
|                     i_lut6.i_lut6_addsub                                          |   integer_addsubc_addsub_v12_0_14_lut6_legacy_HD7647 |         64 |         64 |       0 |    0 |    64 |      0 |      0 |    0 |          0 |
|                       (i_lut6.i_lut6_addsub)                                      |   integer_addsubc_addsub_v12_0_14_lut6_legacy_HD7647 |         64 |         64 |       0 |    0 |     0 |      0 |      0 |    0 |          0 |
|                       i_q.i_simple.qreg                                           |            integer_addsubc_reg_fd_v12_0_6_viv_HD7648 |          0 |          0 |       0 |    0 |    64 |      0 |      0 |    0 |          0 |
|         g[4].g_normal.alu_i                                                       |                     microop_unit__parameterized2__10 |          0 |          0 |       0 |    0 |    64 |      0 |      0 |    0 |          0 |
|         g[5].g_normal.alu_i                                                       |              microop_unit__parameterized5__xdcDup__3 |         64 |         64 |       0 |    0 |   128 |      0 |      0 |    0 |          0 |
|           (g[5].g_normal.alu_i)                                                   |              microop_unit__parameterized5__xdcDup__3 |          0 |          0 |       0 |    0 |    64 |      0 |      0 |    0 |          0 |
|           g_iadd.use_ip.u_addsub                                                  |                                integer_addsub_HD7649 |         64 |         64 |       0 |    0 |    64 |      0 |      0 |    0 |          0 |
|             U0                                                                    |               integer_addsubc_addsub_v12_0_14_HD7650 |         64 |         64 |       0 |    0 |    64 |      0 |      0 |    0 |          0 |
|               xst_addsub                                                          |           integer_addsubc_addsub_v12_0_14_viv_HD7651 |         64 |         64 |       0 |    0 |    64 |      0 |      0 |    0 |          0 |
|                 i_baseblox.i_baseblox_addsub                                      |        integer_addsubc_addsub_v12_0_14_legacy_HD7652 |         64 |         64 |       0 |    0 |    64 |      0 |      0 |    0 |          0 |
|                   no_pipelining.the_addsub                                        | integer_addsubc_addsub_v12_0_14_fabric_legacy_HD7653 |         64 |         64 |       0 |    0 |    64 |      0 |      0 |    0 |          0 |
|                     i_lut6.i_lut6_addsub                                          |   integer_addsubc_addsub_v12_0_14_lut6_legacy_HD7654 |         64 |         64 |       0 |    0 |    64 |      0 |      0 |    0 |          0 |
|                       (i_lut6.i_lut6_addsub)                                      |   integer_addsubc_addsub_v12_0_14_lut6_legacy_HD7654 |         64 |         64 |       0 |    0 |     0 |      0 |      0 |    0 |          0 |
|                       i_q.i_simple.qreg                                           |            integer_addsubc_reg_fd_v12_0_6_viv_HD7655 |          0 |          0 |       0 |    0 |    64 |      0 |      0 |    0 |          0 |
|     glen[9].core_i                                                                |                       uop_block_wrap__parameterized8 |        193 |        193 |       0 |    0 |   704 |      0 |      0 |    0 |          0 |
|       (glen[9].core_i)                                                            |                       uop_block_wrap__parameterized8 |          0 |          0 |       0 |    0 |   192 |      0 |      0 |    0 |          0 |
|       core                                                                        |                            uop_block__parameterized8 |        193 |        193 |       0 |    0 |   512 |      0 |      0 |    0 |          0 |
|         (core)                                                                    |                            uop_block__parameterized8 |          1 |          1 |       0 |    0 |    64 |      0 |      0 |    0 |          0 |
|         g[0].g_normal.alu_i                                                       |              microop_unit__parameterized4__xdcDup__4 |         64 |         64 |       0 |    0 |   128 |      0 |      0 |    0 |          0 |
|           (g[0].g_normal.alu_i)                                                   |              microop_unit__parameterized4__xdcDup__4 |          0 |          0 |       0 |    0 |    64 |      0 |      0 |    0 |          0 |
|           g_iadd.use_ip.u_addsub                                                  |                                integer_addsub_HD7656 |         64 |         64 |       0 |    0 |    64 |      0 |      0 |    0 |          0 |
|             U0                                                                    |               integer_addsubc_addsub_v12_0_14_HD7657 |         64 |         64 |       0 |    0 |    64 |      0 |      0 |    0 |          0 |
|               xst_addsub                                                          |           integer_addsubc_addsub_v12_0_14_viv_HD7658 |         64 |         64 |       0 |    0 |    64 |      0 |      0 |    0 |          0 |
|                 i_baseblox.i_baseblox_addsub                                      |        integer_addsubc_addsub_v12_0_14_legacy_HD7659 |         64 |         64 |       0 |    0 |    64 |      0 |      0 |    0 |          0 |
|                   no_pipelining.the_addsub                                        | integer_addsubc_addsub_v12_0_14_fabric_legacy_HD7660 |         64 |         64 |       0 |    0 |    64 |      0 |      0 |    0 |          0 |
|                     i_lut6.i_lut6_addsub                                          |   integer_addsubc_addsub_v12_0_14_lut6_legacy_HD7661 |         64 |         64 |       0 |    0 |    64 |      0 |      0 |    0 |          0 |
|                       (i_lut6.i_lut6_addsub)                                      |   integer_addsubc_addsub_v12_0_14_lut6_legacy_HD7661 |         64 |         64 |       0 |    0 |     0 |      0 |      0 |    0 |          0 |
|                       i_q.i_simple.qreg                                           |            integer_addsubc_reg_fd_v12_0_6_viv_HD7662 |          0 |          0 |       0 |    0 |    64 |      0 |      0 |    0 |          0 |
|         g[1].g_normal.alu_i                                                       |                     microop_unit__parameterized10__1 |         64 |         64 |       0 |    0 |    64 |      0 |      0 |    0 |          0 |
|         g[2].g_normal.alu_i                                                       |              microop_unit__parameterized4__xdcDup__5 |         64 |         64 |       0 |    0 |   128 |      0 |      0 |    0 |          0 |
|           (g[2].g_normal.alu_i)                                                   |              microop_unit__parameterized4__xdcDup__5 |          0 |          0 |       0 |    0 |    64 |      0 |      0 |    0 |          0 |
|           g_iadd.use_ip.u_addsub                                                  |                                integer_addsub_HD7663 |         64 |         64 |       0 |    0 |    64 |      0 |      0 |    0 |          0 |
|             U0                                                                    |               integer_addsubc_addsub_v12_0_14_HD7664 |         64 |         64 |       0 |    0 |    64 |      0 |      0 |    0 |          0 |
|               xst_addsub                                                          |           integer_addsubc_addsub_v12_0_14_viv_HD7665 |         64 |         64 |       0 |    0 |    64 |      0 |      0 |    0 |          0 |
|                 i_baseblox.i_baseblox_addsub                                      |        integer_addsubc_addsub_v12_0_14_legacy_HD7666 |         64 |         64 |       0 |    0 |    64 |      0 |      0 |    0 |          0 |
|                   no_pipelining.the_addsub                                        | integer_addsubc_addsub_v12_0_14_fabric_legacy_HD7667 |         64 |         64 |       0 |    0 |    64 |      0 |      0 |    0 |          0 |
|                     i_lut6.i_lut6_addsub                                          |   integer_addsubc_addsub_v12_0_14_lut6_legacy_HD7668 |         64 |         64 |       0 |    0 |    64 |      0 |      0 |    0 |          0 |
|                       (i_lut6.i_lut6_addsub)                                      |   integer_addsubc_addsub_v12_0_14_lut6_legacy_HD7668 |         64 |         64 |       0 |    0 |     0 |      0 |      0 |    0 |          0 |
|                       i_q.i_simple.qreg                                           |            integer_addsubc_reg_fd_v12_0_6_viv_HD7669 |          0 |          0 |       0 |    0 |    64 |      0 |      0 |    0 |          0 |
|         g[3].g_normal.alu_i                                                       |                     microop_unit__parameterized2__11 |          0 |          0 |       0 |    0 |    64 |      0 |      0 |    0 |          0 |
|         g[4].g_normal.alu_i                                                       |                     microop_unit__parameterized2__12 |          0 |          0 |       0 |    0 |    64 |      0 |      0 |    0 |          0 |
+-----------------------------------------------------------------------------------+------------------------------------------------------+------------+------------+---------+------+-------+--------+--------+------+------------+


