bench,src,pc,latency
500.perlbench_r/1,1/super_hot_regions:11,0x5ebda5d75e7e,1
500.perlbench_r/1,1/super_hot_regions:11,0x5ebda5d75e80,0

500.perlbench_r/1,1/super_hot_regions:13,0x5ebda5d75e8a,1
500.perlbench_r/1,1/super_hot_regions:13,0x5ebda5d75e8c,0

500.perlbench_r/1,1/super_hot_regions:47,0x5ebda5d65e38,1
500.perlbench_r/1,1/super_hot_regions:47,0x5ebda5d65e4c,0

500.perlbench_r/2,2/super_hot_regions:124,0x62585e571a70,2
500.perlbench_r/2,2/super_hot_regions:124,0x62585e571a74,0
500.perlbench_r/2,2/super_hot_regions:124,0x62585e571a78,0
500.perlbench_r/2,2/super_hot_regions:124,0x62585e571a7b,0

500.perlbench_r/2,2/super_hot_regions:14,0x62585e5d18d3,6
500.perlbench_r/2,2/super_hot_regions:14,0x62585e5d18d9,0
500.perlbench_r/2,2/super_hot_regions:14,0x62585e5d18df,0
500.perlbench_r/2,2/super_hot_regions:14,0x62585e5d18fe,0
500.perlbench_r/2,2/super_hot_regions:14,0x62585e5d191a,0
500.perlbench_r/2,2/super_hot_regions:14,0x62585e5d1920,0
500.perlbench_r/2,2/super_hot_regions:14,0x62585e5d1923,0
500.perlbench_r/2,2/super_hot_regions:14,0x62585e5d1929,0
500.perlbench_r/2,2/super_hot_regions:14,0x62585e5d192c,0
500.perlbench_r/2,2/super_hot_regions:14,0x62585e5d1932,0
500.perlbench_r/2,2/super_hot_regions:14,0x62585e5d1935,0
500.perlbench_r/2,2/super_hot_regions:14,0x62585e5d1938,0
500.perlbench_r/2,2/super_hot_regions:14,0x62585e5d193b,0
500.perlbench_r/2,2/super_hot_regions:14,0x62585e5d193e,0
500.perlbench_r/2,2/super_hot_regions:14,0x62585e5d1941,0
500.perlbench_r/2,2/super_hot_regions:14,0x62585e5d1952,0

500.perlbench_r/2,2/super_hot_regions:69,0x62585e568e20,1
500.perlbench_r/2,2/super_hot_regions:69,0x62585e568e28,0

500.perlbench_r/2,2/super_hot_regions:89,0x62585e565e7e,1
500.perlbench_r/2,2/super_hot_regions:89,0x62585e565e80,0

500.perlbench_r/2,2/super_hot_regions:91,0x62585e565e8a,1
500.perlbench_r/2,2/super_hot_regions:91,0x62585e565e8c,0

500.perlbench_r/2,2/super_hot_regions:95,0x62585e570181,1
500.perlbench_r/2,2/super_hot_regions:95,0x62585e570186,0

500.perlbench_r/3,3/super_hot_regions:104,0x621bfaa0ce38,1
500.perlbench_r/3,3/super_hot_regions:104,0x621bfaa0ce4c,0

500.perlbench_r/3,3/super_hot_regions:139,0x621bfaa18c96,1
500.perlbench_r/3,3/super_hot_regions:139,0x621bfaa18c9b,0

500.perlbench_r/3,3/super_hot_regions:37,0x621bfaa888d3,6
500.perlbench_r/3,3/super_hot_regions:37,0x621bfaa888d9,0
500.perlbench_r/3,3/super_hot_regions:37,0x621bfaa888df,0
500.perlbench_r/3,3/super_hot_regions:37,0x621bfaa888fe,0
500.perlbench_r/3,3/super_hot_regions:37,0x621bfaa8891a,0
500.perlbench_r/3,3/super_hot_regions:37,0x621bfaa88920,0
500.perlbench_r/3,3/super_hot_regions:37,0x621bfaa88923,0
500.perlbench_r/3,3/super_hot_regions:37,0x621bfaa88929,0
500.perlbench_r/3,3/super_hot_regions:37,0x621bfaa8892c,0
500.perlbench_r/3,3/super_hot_regions:37,0x621bfaa88932,0
500.perlbench_r/3,3/super_hot_regions:37,0x621bfaa88935,0
500.perlbench_r/3,3/super_hot_regions:37,0x621bfaa88938,0
500.perlbench_r/3,3/super_hot_regions:37,0x621bfaa8893b,0
500.perlbench_r/3,3/super_hot_regions:37,0x621bfaa8893e,0
500.perlbench_r/3,3/super_hot_regions:37,0x621bfaa88941,0
500.perlbench_r/3,3/super_hot_regions:37,0x621bfaa88952,0

500.perlbench_r/3,3/super_hot_regions:6,0x621bfaa1ce7e,1
500.perlbench_r/3,3/super_hot_regions:6,0x621bfaa1ce80,0

500.perlbench_r/3,3/super_hot_regions:8,0x621bfaa1ce8a,1
500.perlbench_r/3,3/super_hot_regions:8,0x621bfaa1ce8c,0

502.gcc_r/1,1/super_hot_regions:12,0x5a2e8f497966,2
502.gcc_r/1,1/super_hot_regions:12,0x5a2e8f497968,0
502.gcc_r/1,1/super_hot_regions:12,0x5a2e8f49796d,0
502.gcc_r/1,1/super_hot_regions:12,0x5a2e8f497970,0

502.gcc_r/1,1/super_hot_regions:13,0x5a2e8f497985,1
502.gcc_r/1,1/super_hot_regions:13,0x5a2e8f497987,0

502.gcc_r/1,1/super_hot_regions:16,0x5a2e8f497ccf,2
502.gcc_r/1,1/super_hot_regions:16,0x5a2e8f497cd1,0
502.gcc_r/1,1/super_hot_regions:16,0x5a2e8f497cd4,0
502.gcc_r/1,1/super_hot_regions:16,0x5a2e8f497ce1,0

502.gcc_r/1,1/super_hot_regions:19,0x5a2e8f4977c8,1
502.gcc_r/1,1/super_hot_regions:19,0x5a2e8f4977ca,0

502.gcc_r/1,1/super_hot_regions:23,0x5a2e8f497822,1
502.gcc_r/1,1/super_hot_regions:23,0x5a2e8f497824,0
502.gcc_r/1,1/super_hot_regions:23,0x5a2e8f497827,0

502.gcc_r/1,1/super_hot_regions:44,0x7754d29a0f84,1
502.gcc_r/1,1/super_hot_regions:44,0x7754d29a0f8b,0

502.gcc_r/1,1/super_hot_regions:7,0x5a2e8f497c78,1
502.gcc_r/1,1/super_hot_regions:7,0x5a2e8f497c7b,0

502.gcc_r/1,1/super_hot_regions:76,0x5a2e8f726d87,1
502.gcc_r/1,1/super_hot_regions:76,0x5a2e8f726d8d,0

502.gcc_r/1,1/super_hot_regions:82,0x5a2e8fc0f1cc,2
502.gcc_r/1,1/super_hot_regions:82,0x5a2e8fc0f1d4,0

502.gcc_r/1,1/super_hot_regions:95,0x5a2e8f48eef6,1
502.gcc_r/1,1/super_hot_regions:95,0x5a2e8f48ef21,0

502.gcc_r/2,2/super_hot_regions:23,0x5deaaf286c78,1
502.gcc_r/2,2/super_hot_regions:23,0x5deaaf286c7b,0

502.gcc_r/2,2/super_hot_regions:26,0x5deaaf286966,2
502.gcc_r/2,2/super_hot_regions:26,0x5deaaf286968,0
502.gcc_r/2,2/super_hot_regions:26,0x5deaaf28696d,0
502.gcc_r/2,2/super_hot_regions:26,0x5deaaf286970,0

502.gcc_r/2,2/super_hot_regions:27,0x5deaaf286985,1
502.gcc_r/2,2/super_hot_regions:27,0x5deaaf286987,0

502.gcc_r/2,2/super_hot_regions:40,0x5deaaf286ccf,2
502.gcc_r/2,2/super_hot_regions:40,0x5deaaf286cd1,0
502.gcc_r/2,2/super_hot_regions:40,0x5deaaf286cd4,0
502.gcc_r/2,2/super_hot_regions:40,0x5deaaf286ce1,0

502.gcc_r/2,2/super_hot_regions:42,0x5deaaf2867c8,1
502.gcc_r/2,2/super_hot_regions:42,0x5deaaf2867ca,0

502.gcc_r/2,2/super_hot_regions:47,0x5deaaf286822,1
502.gcc_r/2,2/super_hot_regions:47,0x5deaaf286824,0
502.gcc_r/2,2/super_hot_regions:47,0x5deaaf286827,0

502.gcc_r/2,2/super_hot_regions:56,0x5deaaf515d87,1
502.gcc_r/2,2/super_hot_regions:56,0x5deaaf515d8d,0

502.gcc_r/2,2/super_hot_regions:61,0x5deaaf27def6,1
502.gcc_r/2,2/super_hot_regions:61,0x5deaaf27df21,0

502.gcc_r/3,3/super_hot_regions:12,0x5b35c687f73e,1
502.gcc_r/3,3/super_hot_regions:12,0x5b35c687f740,0

502.gcc_r/3,3/super_hot_regions:122,0x5b35c687f715,1
502.gcc_r/3,3/super_hot_regions:122,0x5b35c687f71a,0

502.gcc_r/3,3/super_hot_regions:30,0x5b35c617e966,2
502.gcc_r/3,3/super_hot_regions:30,0x5b35c617e968,0
502.gcc_r/3,3/super_hot_regions:30,0x5b35c617e96d,0
502.gcc_r/3,3/super_hot_regions:30,0x5b35c617e970,0

502.gcc_r/3,3/super_hot_regions:31,0x5b35c617e985,1
502.gcc_r/3,3/super_hot_regions:31,0x5b35c617e987,0

502.gcc_r/3,3/super_hot_regions:61,0x5b35c687f6da,1
502.gcc_r/3,3/super_hot_regions:61,0x5b35c687f6dd,0

502.gcc_r/3,3/super_hot_regions:64,0x5b35c617ec78,1
502.gcc_r/3,3/super_hot_regions:64,0x5b35c617ec7b,0

502.gcc_r/3,3/super_hot_regions:79,0x5b35c640dd87,1
502.gcc_r/3,3/super_hot_regions:79,0x5b35c640dd8d,0

502.gcc_r/3,3/super_hot_regions:85,0x5b35c6175ef6,1
502.gcc_r/3,3/super_hot_regions:85,0x5b35c6175f21,0

502.gcc_r/4,4/super_hot_regions:11,0x55f1c6d2bc78,1
502.gcc_r/4,4/super_hot_regions:11,0x55f1c6d2bc7b,0

502.gcc_r/4,4/super_hot_regions:123,0x55f1c74ffe60,1
502.gcc_r/4,4/super_hot_regions:123,0x55f1c74ffe63,0

502.gcc_r/4,4/super_hot_regions:13,0x55f1c6d2b966,2
502.gcc_r/4,4/super_hot_regions:13,0x55f1c6d2b968,0
502.gcc_r/4,4/super_hot_regions:13,0x55f1c6d2b96d,0
502.gcc_r/4,4/super_hot_regions:13,0x55f1c6d2b970,0

502.gcc_r/4,4/super_hot_regions:14,0x55f1c6d2b985,1
502.gcc_r/4,4/super_hot_regions:14,0x55f1c6d2b987,0

502.gcc_r/4,4/super_hot_regions:26,0x55f1c6d2bccf,2
502.gcc_r/4,4/super_hot_regions:26,0x55f1c6d2bcd1,0
502.gcc_r/4,4/super_hot_regions:26,0x55f1c6d2bcd4,0
502.gcc_r/4,4/super_hot_regions:26,0x55f1c6d2bce1,0

502.gcc_r/4,4/super_hot_regions:29,0x55f1c6d2b7c8,1
502.gcc_r/4,4/super_hot_regions:29,0x55f1c6d2b7ca,0

502.gcc_r/4,4/super_hot_regions:36,0x55f1c6d2b822,1
502.gcc_r/4,4/super_hot_regions:36,0x55f1c6d2b824,0
502.gcc_r/4,4/super_hot_regions:36,0x55f1c6d2b827,0

502.gcc_r/4,4/super_hot_regions:39,0x55f1c74ffe8d,1
502.gcc_r/4,4/super_hot_regions:39,0x55f1c74ffe9b,0

502.gcc_r/4,4/super_hot_regions:40,0x55f1c74ffe98,1
502.gcc_r/4,4/super_hot_regions:40,0x55f1c74ffe9e,0

502.gcc_r/5,5/super_hot_regions:19,0x5898c1316966,2
502.gcc_r/5,5/super_hot_regions:19,0x5898c1316968,0
502.gcc_r/5,5/super_hot_regions:19,0x5898c131696d,0
502.gcc_r/5,5/super_hot_regions:19,0x5898c1316970,0

502.gcc_r/5,5/super_hot_regions:20,0x5898c1316985,1
502.gcc_r/5,5/super_hot_regions:20,0x5898c1316987,0

502.gcc_r/5,5/super_hot_regions:71,0x5898c1316c78,1
502.gcc_r/5,5/super_hot_regions:71,0x5898c1316c7b,0

502.gcc_r/5,5/super_hot_regions:80,0x5898c13167c8,1
502.gcc_r/5,5/super_hot_regions:80,0x5898c13167ca,0

502.gcc_r/5,5/super_hot_regions:93,0x5898c1316822,1
502.gcc_r/5,5/super_hot_regions:93,0x5898c1316824,0
502.gcc_r/5,5/super_hot_regions:93,0x5898c1316827,0

502.gcc_r/5,5/super_hot_regions:96,0x5898c1316ccf,2
502.gcc_r/5,5/super_hot_regions:96,0x5898c1316cd1,0
502.gcc_r/5,5/super_hot_regions:96,0x5898c1316cd4,0
502.gcc_r/5,5/super_hot_regions:96,0x5898c1316ce1,0

503.bwaves_r/1,1/super_hot_regions:114,0x5e2ee9744c08,2
503.bwaves_r/1,1/super_hot_regions:114,0x5e2ee9744c0b,0

503.bwaves_r/1,1/super_hot_regions:115,0x5e2ee9744c11,2
503.bwaves_r/1,1/super_hot_regions:115,0x5e2ee9744c15,0

503.bwaves_r/1,1/super_hot_regions:116,0x5e2ee9744c2d,2
503.bwaves_r/1,1/super_hot_regions:116,0x5e2ee9744c30,0

503.bwaves_r/1,1/super_hot_regions:117,0x5e2ee9744c47,2
503.bwaves_r/1,1/super_hot_regions:117,0x5e2ee9744c4b,0

503.bwaves_r/1,1/super_hot_regions:127,0x5e2ee9741dcc,1
503.bwaves_r/1,1/super_hot_regions:127,0x5e2ee9741dcf,0

503.bwaves_r/1,1/super_hot_regions:128,0x5e2ee9741de8,2
503.bwaves_r/1,1/super_hot_regions:128,0x5e2ee9741dff,0

503.bwaves_r/1,1/super_hot_regions:141,0x5e2ee9744137,2
503.bwaves_r/1,1/super_hot_regions:141,0x5e2ee974413b,0

503.bwaves_r/1,1/super_hot_regions:142,0x5e2ee9744172,2
503.bwaves_r/1,1/super_hot_regions:142,0x5e2ee9744175,0

503.bwaves_r/1,1/super_hot_regions:145,0x5e2ee97440d5,2
503.bwaves_r/1,1/super_hot_regions:145,0x5e2ee97442ed,0

503.bwaves_r/1,1/super_hot_regions:151,0x5e2ee99092a6,1
503.bwaves_r/1,1/super_hot_regions:151,0x5e2ee99092a9,0

503.bwaves_r/1,1/super_hot_regions:178,0x5e2ee973ecf3,1
503.bwaves_r/1,1/super_hot_regions:178,0x5e2ee973ecfd,0

503.bwaves_r/1,1/super_hot_regions:190,0x5e2ee9746084,1
503.bwaves_r/1,1/super_hot_regions:190,0x5e2ee9746090,0

503.bwaves_r/1,1/super_hot_regions:208,0x5e2ee973e7e0,1
503.bwaves_r/1,1/super_hot_regions:208,0x5e2ee973e7ea,0

503.bwaves_r/1,1/super_hot_regions:40,0x7f44ac6c394e,1
503.bwaves_r/1,1/super_hot_regions:40,0x7f44ac6c3a13,0

503.bwaves_r/1,1/super_hot_regions:43,0x7f44ac6c38b4,1
503.bwaves_r/1,1/super_hot_regions:43,0x7f44ac6c38c3,0

503.bwaves_r/1,1/super_hot_regions:44,0x7f44ac6c38b9,1
503.bwaves_r/1,1/super_hot_regions:44,0x7f44ac6c38cc,0

503.bwaves_r/1,1/super_hot_regions:55,0x7f44ac6c3ac1,2
503.bwaves_r/1,1/super_hot_regions:55,0x7f44ac6c3ac6,0
503.bwaves_r/1,1/super_hot_regions:55,0x7f44ac6c3acb,0
503.bwaves_r/1,1/super_hot_regions:55,0x7f44ac6c3acf,0

503.bwaves_r/1,1/super_hot_regions:8,0x7f44ac3a0f84,1
503.bwaves_r/1,1/super_hot_regions:8,0x7f44ac3a0f8b,0

503.bwaves_r/2,2/super_hot_regions:100,0x64944a58ec2d,2
503.bwaves_r/2,2/super_hot_regions:100,0x64944a58ec30,0

503.bwaves_r/2,2/super_hot_regions:101,0x64944a58ec47,2
503.bwaves_r/2,2/super_hot_regions:101,0x64944a58ec4b,0

503.bwaves_r/2,2/super_hot_regions:117,0x64944a58bdcc,1
503.bwaves_r/2,2/super_hot_regions:117,0x64944a58bdcf,0

503.bwaves_r/2,2/super_hot_regions:118,0x64944a58bde8,2
503.bwaves_r/2,2/super_hot_regions:118,0x64944a58bdff,0

503.bwaves_r/2,2/super_hot_regions:143,0x64944a58e137,2
503.bwaves_r/2,2/super_hot_regions:143,0x64944a58e13b,0

503.bwaves_r/2,2/super_hot_regions:144,0x64944a58e172,2
503.bwaves_r/2,2/super_hot_regions:144,0x64944a58e175,0

503.bwaves_r/2,2/super_hot_regions:147,0x64944a58e0d5,2
503.bwaves_r/2,2/super_hot_regions:147,0x64944a58e2ed,0

503.bwaves_r/2,2/super_hot_regions:153,0x64944a7542a6,1
503.bwaves_r/2,2/super_hot_regions:153,0x64944a7542a9,0

503.bwaves_r/2,2/super_hot_regions:178,0x64944a588cf3,1
503.bwaves_r/2,2/super_hot_regions:178,0x64944a588cfd,0

503.bwaves_r/2,2/super_hot_regions:192,0x64944a754723,1
503.bwaves_r/2,2/super_hot_regions:192,0x64944a754726,0

503.bwaves_r/2,2/super_hot_regions:199,0x64944a589225,1
503.bwaves_r/2,2/super_hot_regions:199,0x64944a589240,0

503.bwaves_r/2,2/super_hot_regions:33,0x7fb85bb058b4,1
503.bwaves_r/2,2/super_hot_regions:33,0x7fb85bb058c3,0

503.bwaves_r/2,2/super_hot_regions:34,0x7fb85bb058b9,1
503.bwaves_r/2,2/super_hot_regions:34,0x7fb85bb058cc,0

503.bwaves_r/2,2/super_hot_regions:36,0x7fb85bb0594e,1
503.bwaves_r/2,2/super_hot_regions:36,0x7fb85bb05a13,0

503.bwaves_r/2,2/super_hot_regions:41,0x7fb85bb05ac1,2
503.bwaves_r/2,2/super_hot_regions:41,0x7fb85bb05ac6,0
503.bwaves_r/2,2/super_hot_regions:41,0x7fb85bb05acb,0
503.bwaves_r/2,2/super_hot_regions:41,0x7fb85bb05acf,0

503.bwaves_r/2,2/super_hot_regions:8,0x7fb85b9a0f84,1
503.bwaves_r/2,2/super_hot_regions:8,0x7fb85b9a0f8b,0

503.bwaves_r/2,2/super_hot_regions:98,0x64944a58ec08,2
503.bwaves_r/2,2/super_hot_regions:98,0x64944a58ec0b,0

503.bwaves_r/2,2/super_hot_regions:99,0x64944a58ec11,2
503.bwaves_r/2,2/super_hot_regions:99,0x64944a58ec15,0

503.bwaves_r/3,3/super_hot_regions:107,0x5eb154a49dcc,1
503.bwaves_r/3,3/super_hot_regions:107,0x5eb154a49dcf,0

503.bwaves_r/3,3/super_hot_regions:108,0x5eb154a49de8,2
503.bwaves_r/3,3/super_hot_regions:108,0x5eb154a49dff,0

503.bwaves_r/3,3/super_hot_regions:112,0x5eb154a4cc08,2
503.bwaves_r/3,3/super_hot_regions:112,0x5eb154a4cc0b,0

503.bwaves_r/3,3/super_hot_regions:113,0x5eb154a4cc11,2
503.bwaves_r/3,3/super_hot_regions:113,0x5eb154a4cc15,0

503.bwaves_r/3,3/super_hot_regions:114,0x5eb154a4cc2d,2
503.bwaves_r/3,3/super_hot_regions:114,0x5eb154a4cc30,0

503.bwaves_r/3,3/super_hot_regions:115,0x5eb154a4cc47,2
503.bwaves_r/3,3/super_hot_regions:115,0x5eb154a4cc4b,0

503.bwaves_r/3,3/super_hot_regions:151,0x5eb154a4c137,2
503.bwaves_r/3,3/super_hot_regions:151,0x5eb154a4c13b,0

503.bwaves_r/3,3/super_hot_regions:152,0x5eb154a4c172,2
503.bwaves_r/3,3/super_hot_regions:152,0x5eb154a4c175,0

503.bwaves_r/3,3/super_hot_regions:155,0x5eb154a4c0d5,2
503.bwaves_r/3,3/super_hot_regions:155,0x5eb154a4c2ed,0

503.bwaves_r/3,3/super_hot_regions:161,0x5eb154bed2a6,1
503.bwaves_r/3,3/super_hot_regions:161,0x5eb154bed2a9,0

503.bwaves_r/3,3/super_hot_regions:170,0x5eb154a46cf3,1
503.bwaves_r/3,3/super_hot_regions:170,0x5eb154a46cfd,0

503.bwaves_r/3,3/super_hot_regions:19,0x7f367c4cd8b4,1
503.bwaves_r/3,3/super_hot_regions:19,0x7f367c4cd8c3,0

503.bwaves_r/3,3/super_hot_regions:190,0x5eb154a47225,1
503.bwaves_r/3,3/super_hot_regions:190,0x5eb154a47240,0

503.bwaves_r/3,3/super_hot_regions:197,0x5eb154bed723,1
503.bwaves_r/3,3/super_hot_regions:197,0x5eb154bed726,0

503.bwaves_r/3,3/super_hot_regions:20,0x7f367c4cd8b9,1
503.bwaves_r/3,3/super_hot_regions:20,0x7f367c4cd8cc,0

503.bwaves_r/3,3/super_hot_regions:206,0x5eb154a467e0,1
503.bwaves_r/3,3/super_hot_regions:206,0x5eb154a467ea,0

503.bwaves_r/3,3/super_hot_regions:23,0x7f367c4cd94e,1
503.bwaves_r/3,3/super_hot_regions:23,0x7f367c4cda13,0

503.bwaves_r/3,3/super_hot_regions:41,0x7f367c4cdac1,2
503.bwaves_r/3,3/super_hot_regions:41,0x7f367c4cdac6,0
503.bwaves_r/3,3/super_hot_regions:41,0x7f367c4cdacb,0
503.bwaves_r/3,3/super_hot_regions:41,0x7f367c4cdacf,0

503.bwaves_r/3,3/super_hot_regions:8,0x7f367c1a0f84,1
503.bwaves_r/3,3/super_hot_regions:8,0x7f367c1a0f8b,0

503.bwaves_r/4,4/super_hot_regions:102,0x5693fc67ac08,2
503.bwaves_r/4,4/super_hot_regions:102,0x5693fc67ac0b,0

503.bwaves_r/4,4/super_hot_regions:103,0x5693fc67ac11,2
503.bwaves_r/4,4/super_hot_regions:103,0x5693fc67ac15,0

503.bwaves_r/4,4/super_hot_regions:104,0x5693fc67ac2d,2
503.bwaves_r/4,4/super_hot_regions:104,0x5693fc67ac30,0

503.bwaves_r/4,4/super_hot_regions:105,0x5693fc67ac47,2
503.bwaves_r/4,4/super_hot_regions:105,0x5693fc67ac4b,0

503.bwaves_r/4,4/super_hot_regions:119,0x5693fc67a137,2
503.bwaves_r/4,4/super_hot_regions:119,0x5693fc67a13b,0

503.bwaves_r/4,4/super_hot_regions:120,0x5693fc67a172,2
503.bwaves_r/4,4/super_hot_regions:120,0x5693fc67a175,0

503.bwaves_r/4,4/super_hot_regions:123,0x5693fc67a0d5,2
503.bwaves_r/4,4/super_hot_regions:123,0x5693fc67a2ed,0

503.bwaves_r/4,4/super_hot_regions:153,0x5693fc677dcc,1
503.bwaves_r/4,4/super_hot_regions:153,0x5693fc677dcf,0

503.bwaves_r/4,4/super_hot_regions:154,0x5693fc677de8,2
503.bwaves_r/4,4/super_hot_regions:154,0x5693fc677dff,0

503.bwaves_r/4,4/super_hot_regions:159,0x5693fc8392a6,1
503.bwaves_r/4,4/super_hot_regions:159,0x5693fc8392a9,0

503.bwaves_r/4,4/super_hot_regions:172,0x5693fc67c084,1
503.bwaves_r/4,4/super_hot_regions:172,0x5693fc67c090,0

503.bwaves_r/4,4/super_hot_regions:184,0x5693fc839723,1
503.bwaves_r/4,4/super_hot_regions:184,0x5693fc839726,0

503.bwaves_r/4,4/super_hot_regions:197,0x5693fc674cf3,1
503.bwaves_r/4,4/super_hot_regions:197,0x5693fc674cfd,0

503.bwaves_r/4,4/super_hot_regions:47,0x73a5fce4d8b4,1
503.bwaves_r/4,4/super_hot_regions:47,0x73a5fce4d8c3,0

503.bwaves_r/4,4/super_hot_regions:48,0x73a5fce4d8b9,1
503.bwaves_r/4,4/super_hot_regions:48,0x73a5fce4d8cc,0

503.bwaves_r/4,4/super_hot_regions:51,0x73a5fce4d94e,1
503.bwaves_r/4,4/super_hot_regions:51,0x73a5fce4da13,0

503.bwaves_r/4,4/super_hot_regions:59,0x73a5fce4dac1,2
503.bwaves_r/4,4/super_hot_regions:59,0x73a5fce4dac6,0
503.bwaves_r/4,4/super_hot_regions:59,0x73a5fce4dacb,0
503.bwaves_r/4,4/super_hot_regions:59,0x73a5fce4dacf,0

503.bwaves_r/4,4/super_hot_regions:8,0x73a5fcba0f84,1
503.bwaves_r/4,4/super_hot_regions:8,0x73a5fcba0f8b,0

505.mcf_r/1,1/super_hot_regions:117,0x61d4948f0a23,1
505.mcf_r/1,1/super_hot_regions:117,0x61d4948f0a29,0

505.mcf_r/1,1/super_hot_regions:122,0x61d4948f067f,1
505.mcf_r/1,1/super_hot_regions:122,0x61d4948f0688,0

505.mcf_r/1,1/super_hot_regions:137,0x61d4948f0aba,1
505.mcf_r/1,1/super_hot_regions:137,0x61d4948f0abd,0

505.mcf_r/1,1/super_hot_regions:154,0x61d4948f1040,1
505.mcf_r/1,1/super_hot_regions:154,0x61d4948f1043,0

505.mcf_r/1,1/super_hot_regions:38,0x61d4948ec990,2
505.mcf_r/1,1/super_hot_regions:38,0x61d4948ec994,0

505.mcf_r/1,1/super_hot_regions:55,0x61d4948f1c83,1
505.mcf_r/1,1/super_hot_regions:55,0x61d4948f1c91,0

505.mcf_r/1,1/super_hot_regions:56,0x61d4948f1c8e,1
505.mcf_r/1,1/super_hot_regions:56,0x61d4948f1c94,0

505.mcf_r/1,1/super_hot_regions:58,0x61d4948ee5f8,2
505.mcf_r/1,1/super_hot_regions:58,0x61d4948ee5fb,0
505.mcf_r/1,1/super_hot_regions:58,0x61d4948ee5ff,0
505.mcf_r/1,1/super_hot_regions:58,0x61d4948ee602,0

505.mcf_r/1,1/super_hot_regions:6,0x61d4948ee097,1
505.mcf_r/1,1/super_hot_regions:6,0x61d4948ee0ad,0

505.mcf_r/1,1/super_hot_regions:83,0x61d4948f106d,1
505.mcf_r/1,1/super_hot_regions:83,0x61d4948f107b,0

505.mcf_r/1,1/super_hot_regions:84,0x61d4948f1078,1
505.mcf_r/1,1/super_hot_regions:84,0x61d4948f107e,0

505.mcf_r/1,1/super_hot_regions:86,0x61d4948f1c54,1
505.mcf_r/1,1/super_hot_regions:86,0x61d4948f1c5a,0

505.mcf_r/1,1/super_hot_regions:87,0x61d4948f1c51,1
505.mcf_r/1,1/super_hot_regions:87,0x61d4948f1c5d,0

505.mcf_r/1,1/super_hot_regions:88,0x61d4948f1c4d,2
505.mcf_r/1,1/super_hot_regions:88,0x61d4948f1c57,0
505.mcf_r/1,1/super_hot_regions:88,0x61d4948f1c60,0

505.mcf_r/1,1/super_hot_regions:96,0x61d4948ec973,5
505.mcf_r/1,1/super_hot_regions:96,0x61d4948ec976,0
505.mcf_r/1,1/super_hot_regions:96,0x61d4948ec97a,0
505.mcf_r/1,1/super_hot_regions:96,0x61d4948ec97e,0
505.mcf_r/1,1/super_hot_regions:96,0x61d4948ec982,0
505.mcf_r/1,1/super_hot_regions:96,0x61d4948ec985,0

507.cactuBSSN_r/1,1/super_hot_regions:114,0x75705f2f18b4,1
507.cactuBSSN_r/1,1/super_hot_regions:114,0x75705f2f18c3,0

507.cactuBSSN_r/1,1/super_hot_regions:115,0x75705f2f18b9,1
507.cactuBSSN_r/1,1/super_hot_regions:115,0x75705f2f18cc,0

507.cactuBSSN_r/1,1/super_hot_regions:118,0x75705f2f194e,1
507.cactuBSSN_r/1,1/super_hot_regions:118,0x75705f2f1a13,0

507.cactuBSSN_r/1,1/super_hot_regions:126,0x75705f2f1ac1,2
507.cactuBSSN_r/1,1/super_hot_regions:126,0x75705f2f1ac6,0
507.cactuBSSN_r/1,1/super_hot_regions:126,0x75705f2f1acb,0
507.cactuBSSN_r/1,1/super_hot_regions:126,0x75705f2f1acf,0

507.cactuBSSN_r/1,1/super_hot_regions:140,0x75705f2f1669,1
507.cactuBSSN_r/1,1/super_hot_regions:140,0x75705f2f1685,0

507.cactuBSSN_r/1,1/super_hot_regions:152,0x61ec7a495340,1
507.cactuBSSN_r/1,1/super_hot_regions:152,0x61ec7a495359,0

507.cactuBSSN_r/1,1/super_hot_regions:155,0x61ec7a49525d,1
507.cactuBSSN_r/1,1/super_hot_regions:155,0x61ec7a49529e,0

507.cactuBSSN_r/1,1/super_hot_regions:42,0x75705f2f1474,1
507.cactuBSSN_r/1,1/super_hot_regions:42,0x75705f2f147e,0

507.cactuBSSN_r/1,1/super_hot_regions:46,0x75705f2f1521,1
507.cactuBSSN_r/1,1/super_hot_regions:46,0x75705f2f1526,0

508.namd_r/1,1/super_hot_regions:108,0x5826d152f718,3
508.namd_r/1,1/super_hot_regions:108,0x5826d152f71c,0
508.namd_r/1,1/super_hot_regions:108,0x5826d152f724,0
508.namd_r/1,1/super_hot_regions:108,0x5826d152f728,0
508.namd_r/1,1/super_hot_regions:108,0x5826d152f737,0
508.namd_r/1,1/super_hot_regions:108,0x5826d152f74c,0
508.namd_r/1,1/super_hot_regions:108,0x5826d152f779,0

508.namd_r/1,1/super_hot_regions:138,0x5826d153fbab,2
508.namd_r/1,1/super_hot_regions:138,0x5826d153fbd4,0
508.namd_r/1,1/super_hot_regions:138,0x5826d153fbfe,0
508.namd_r/1,1/super_hot_regions:138,0x5826d153fc3a,0
508.namd_r/1,1/super_hot_regions:138,0x5826d153fc61,0
508.namd_r/1,1/super_hot_regions:138,0x5826d153fc81,0

508.namd_r/1,1/super_hot_regions:153,0x5826d15327bd,3
508.namd_r/1,1/super_hot_regions:153,0x5826d15327c1,0
508.namd_r/1,1/super_hot_regions:153,0x5826d15327ca,0
508.namd_r/1,1/super_hot_regions:153,0x5826d15327ce,0
508.namd_r/1,1/super_hot_regions:153,0x5826d15327df,0
508.namd_r/1,1/super_hot_regions:153,0x5826d15327f3,0
508.namd_r/1,1/super_hot_regions:153,0x5826d153280b,0

508.namd_r/1,1/super_hot_regions:154,0x5826d15327c5,2
508.namd_r/1,1/super_hot_regions:154,0x5826d15327d2,0
508.namd_r/1,1/super_hot_regions:154,0x5826d15327d7,0
508.namd_r/1,1/super_hot_regions:154,0x5826d15327e8,0
508.namd_r/1,1/super_hot_regions:154,0x5826d1532806,0
508.namd_r/1,1/super_hot_regions:154,0x5826d1532813,0

508.namd_r/1,1/super_hot_regions:165,0x5826d156b609,3
508.namd_r/1,1/super_hot_regions:165,0x5826d156b60d,0
508.namd_r/1,1/super_hot_regions:165,0x5826d156b617,0
508.namd_r/1,1/super_hot_regions:165,0x5826d156b624,0
508.namd_r/1,1/super_hot_regions:165,0x5826d156b62c,0
508.namd_r/1,1/super_hot_regions:165,0x5826d156b640,0
508.namd_r/1,1/super_hot_regions:165,0x5826d156b65b,0

508.namd_r/1,1/super_hot_regions:166,0x5826d156b612,3
508.namd_r/1,1/super_hot_regions:166,0x5826d156b61b,0
508.namd_r/1,1/super_hot_regions:166,0x5826d156b61f,0
508.namd_r/1,1/super_hot_regions:166,0x5826d156b628,0
508.namd_r/1,1/super_hot_regions:166,0x5826d156b634,0
508.namd_r/1,1/super_hot_regions:166,0x5826d156b648,0
508.namd_r/1,1/super_hot_regions:166,0x5826d156b668,0

508.namd_r/1,1/super_hot_regions:177,0x5826d155ae7b,3
508.namd_r/1,1/super_hot_regions:177,0x5826d155ae7f,0
508.namd_r/1,1/super_hot_regions:177,0x5826d155ae88,0
508.namd_r/1,1/super_hot_regions:177,0x5826d155ae8c,0
508.namd_r/1,1/super_hot_regions:177,0x5826d155ae9d,0
508.namd_r/1,1/super_hot_regions:177,0x5826d155aeb2,0
508.namd_r/1,1/super_hot_regions:177,0x5826d155aec9,0

508.namd_r/1,1/super_hot_regions:178,0x5826d155ae84,2
508.namd_r/1,1/super_hot_regions:178,0x5826d155ae90,0
508.namd_r/1,1/super_hot_regions:178,0x5826d155ae94,0
508.namd_r/1,1/super_hot_regions:178,0x5826d155aea7,0
508.namd_r/1,1/super_hot_regions:178,0x5826d155aec5,0
508.namd_r/1,1/super_hot_regions:178,0x5826d155aed1,0

508.namd_r/1,1/super_hot_regions:181,0x5826d1554707,3
508.namd_r/1,1/super_hot_regions:181,0x5826d155470b,0
508.namd_r/1,1/super_hot_regions:181,0x5826d1554714,0
508.namd_r/1,1/super_hot_regions:181,0x5826d1554718,0
508.namd_r/1,1/super_hot_regions:181,0x5826d1554729,0
508.namd_r/1,1/super_hot_regions:181,0x5826d155473e,0
508.namd_r/1,1/super_hot_regions:181,0x5826d1554755,0

508.namd_r/1,1/super_hot_regions:182,0x5826d1554710,2
508.namd_r/1,1/super_hot_regions:182,0x5826d155471c,0
508.namd_r/1,1/super_hot_regions:182,0x5826d1554720,0
508.namd_r/1,1/super_hot_regions:182,0x5826d1554733,0
508.namd_r/1,1/super_hot_regions:182,0x5826d1554751,0
508.namd_r/1,1/super_hot_regions:182,0x5826d155475d,0

508.namd_r/1,1/super_hot_regions:216,0x5826d1557dcb,3
508.namd_r/1,1/super_hot_regions:216,0x5826d1557dcf,0
508.namd_r/1,1/super_hot_regions:216,0x5826d1557dd7,0
508.namd_r/1,1/super_hot_regions:216,0x5826d1557ddb,0
508.namd_r/1,1/super_hot_regions:216,0x5826d1557dea,0
508.namd_r/1,1/super_hot_regions:216,0x5826d1557dfe,0
508.namd_r/1,1/super_hot_regions:216,0x5826d1557e16,0

508.namd_r/1,1/super_hot_regions:217,0x5826d1557dd3,2
508.namd_r/1,1/super_hot_regions:217,0x5826d1557ddf,0
508.namd_r/1,1/super_hot_regions:217,0x5826d1557de3,0
508.namd_r/1,1/super_hot_regions:217,0x5826d1557df3,0
508.namd_r/1,1/super_hot_regions:217,0x5826d1557e11,0
508.namd_r/1,1/super_hot_regions:217,0x5826d1557e1e,0

508.namd_r/1,1/super_hot_regions:224,0x5826d152f4fa,3
508.namd_r/1,1/super_hot_regions:224,0x5826d152f4fe,0
508.namd_r/1,1/super_hot_regions:224,0x5826d152f506,0
508.namd_r/1,1/super_hot_regions:224,0x5826d152f50a,0
508.namd_r/1,1/super_hot_regions:224,0x5826d152f51a,0
508.namd_r/1,1/super_hot_regions:224,0x5826d152f52f,0
508.namd_r/1,1/super_hot_regions:224,0x5826d152f546,0

508.namd_r/1,1/super_hot_regions:225,0x5826d152f502,2
508.namd_r/1,1/super_hot_regions:225,0x5826d152f50e,0
508.namd_r/1,1/super_hot_regions:225,0x5826d152f512,0
508.namd_r/1,1/super_hot_regions:225,0x5826d152f524,0
508.namd_r/1,1/super_hot_regions:225,0x5826d152f542,0
508.namd_r/1,1/super_hot_regions:225,0x5826d152f54e,0

508.namd_r/1,1/super_hot_regions:236,0x5826d1558b5a,2
508.namd_r/1,1/super_hot_regions:236,0x5826d1558b7b,0
508.namd_r/1,1/super_hot_regions:236,0x5826d1558b96,0
508.namd_r/1,1/super_hot_regions:236,0x5826d1558bce,0
508.namd_r/1,1/super_hot_regions:236,0x5826d1558bec,0
508.namd_r/1,1/super_hot_regions:236,0x5826d1558c34,0

508.namd_r/1,1/super_hot_regions:251,0x5826d1552215,2
508.namd_r/1,1/super_hot_regions:251,0x5826d1552245,0
508.namd_r/1,1/super_hot_regions:251,0x5826d155226f,0
508.namd_r/1,1/super_hot_regions:251,0x5826d15522ac,0
508.namd_r/1,1/super_hot_regions:251,0x5826d15522d1,0
508.namd_r/1,1/super_hot_regions:251,0x5826d15522fd,0

508.namd_r/1,1/super_hot_regions:279,0x5826d1563138,2
508.namd_r/1,1/super_hot_regions:279,0x5826d156316a,0
508.namd_r/1,1/super_hot_regions:279,0x5826d1563194,0
508.namd_r/1,1/super_hot_regions:279,0x5826d15631d1,0
508.namd_r/1,1/super_hot_regions:279,0x5826d15631fd,0
508.namd_r/1,1/super_hot_regions:279,0x5826d156321d,0

508.namd_r/1,1/super_hot_regions:291,0x715def1921da,1
508.namd_r/1,1/super_hot_regions:291,0x715def1921e9,0

508.namd_r/1,1/super_hot_regions:292,0x715def1921d8,1
508.namd_r/1,1/super_hot_regions:292,0x715def1921ed,0

508.namd_r/1,1/super_hot_regions:30,0x5826d152c501,3
508.namd_r/1,1/super_hot_regions:30,0x5826d152c505,0
508.namd_r/1,1/super_hot_regions:30,0x5826d152c50e,0
508.namd_r/1,1/super_hot_regions:30,0x5826d152c512,0
508.namd_r/1,1/super_hot_regions:30,0x5826d152c523,0
508.namd_r/1,1/super_hot_regions:30,0x5826d152c538,0
508.namd_r/1,1/super_hot_regions:30,0x5826d152c54f,0

508.namd_r/1,1/super_hot_regions:31,0x5826d152c50a,2
508.namd_r/1,1/super_hot_regions:31,0x5826d152c516,0
508.namd_r/1,1/super_hot_regions:31,0x5826d152c51a,0
508.namd_r/1,1/super_hot_regions:31,0x5826d152c52d,0
508.namd_r/1,1/super_hot_regions:31,0x5826d152c54b,0
508.namd_r/1,1/super_hot_regions:31,0x5826d152c557,0

508.namd_r/1,1/super_hot_regions:46,0x5826d15329e0,3
508.namd_r/1,1/super_hot_regions:46,0x5826d15329e4,0
508.namd_r/1,1/super_hot_regions:46,0x5826d15329ed,0
508.namd_r/1,1/super_hot_regions:46,0x5826d15329f1,0
508.namd_r/1,1/super_hot_regions:46,0x5826d1532a01,0
508.namd_r/1,1/super_hot_regions:46,0x5826d1532a16,0
508.namd_r/1,1/super_hot_regions:46,0x5826d1532a44,0

508.namd_r/1,1/super_hot_regions:52,0x5826d1554938,3
508.namd_r/1,1/super_hot_regions:52,0x5826d155493c,0
508.namd_r/1,1/super_hot_regions:52,0x5826d1554945,0
508.namd_r/1,1/super_hot_regions:52,0x5826d1554949,0
508.namd_r/1,1/super_hot_regions:52,0x5826d1554959,0
508.namd_r/1,1/super_hot_regions:52,0x5826d155496e,0
508.namd_r/1,1/super_hot_regions:52,0x5826d155499b,0

508.namd_r/1,1/super_hot_regions:58,0x5826d155b080,3
508.namd_r/1,1/super_hot_regions:58,0x5826d155b084,0
508.namd_r/1,1/super_hot_regions:58,0x5826d155b08d,0
508.namd_r/1,1/super_hot_regions:58,0x5826d155b091,0
508.namd_r/1,1/super_hot_regions:58,0x5826d155b0a1,0
508.namd_r/1,1/super_hot_regions:58,0x5826d155b0b6,0
508.namd_r/1,1/super_hot_regions:58,0x5826d155b0e4,0

508.namd_r/1,1/super_hot_regions:75,0x5826d1558010,3
508.namd_r/1,1/super_hot_regions:75,0x5826d1558014,0
508.namd_r/1,1/super_hot_regions:75,0x5826d155801c,0
508.namd_r/1,1/super_hot_regions:75,0x5826d1558020,0
508.namd_r/1,1/super_hot_regions:75,0x5826d1558030,0
508.namd_r/1,1/super_hot_regions:75,0x5826d1558045,0
508.namd_r/1,1/super_hot_regions:75,0x5826d1558073,0

508.namd_r/1,1/super_hot_regions:8,0x5826d152c720,3
508.namd_r/1,1/super_hot_regions:8,0x5826d152c724,0
508.namd_r/1,1/super_hot_regions:8,0x5826d152c72d,0
508.namd_r/1,1/super_hot_regions:8,0x5826d152c731,0
508.namd_r/1,1/super_hot_regions:8,0x5826d152c741,0
508.namd_r/1,1/super_hot_regions:8,0x5826d152c756,0
508.namd_r/1,1/super_hot_regions:8,0x5826d152c784,0

508.namd_r/1,1/super_hot_regions:82,0x5826d15427e9,3
508.namd_r/1,1/super_hot_regions:82,0x5826d15427f1,0
508.namd_r/1,1/super_hot_regions:82,0x5826d15427f5,0
508.namd_r/1,1/super_hot_regions:82,0x5826d1542801,0
508.namd_r/1,1/super_hot_regions:82,0x5826d154280a,0
508.namd_r/1,1/super_hot_regions:82,0x5826d154281e,0
508.namd_r/1,1/super_hot_regions:82,0x5826d1542839,0

508.namd_r/1,1/super_hot_regions:83,0x5826d15427ed,3
508.namd_r/1,1/super_hot_regions:83,0x5826d15427f9,0
508.namd_r/1,1/super_hot_regions:83,0x5826d15427fd,0
508.namd_r/1,1/super_hot_regions:83,0x5826d1542806,0
508.namd_r/1,1/super_hot_regions:83,0x5826d154280f,0
508.namd_r/1,1/super_hot_regions:83,0x5826d1542823,0
508.namd_r/1,1/super_hot_regions:83,0x5826d1542845,0

508.namd_r/1,1/super_hot_regions:90,0x5826d153f130,3
508.namd_r/1,1/super_hot_regions:90,0x5826d153f138,0
508.namd_r/1,1/super_hot_regions:90,0x5826d153f13c,0
508.namd_r/1,1/super_hot_regions:90,0x5826d153f148,0
508.namd_r/1,1/super_hot_regions:90,0x5826d153f151,0
508.namd_r/1,1/super_hot_regions:90,0x5826d153f167,0
508.namd_r/1,1/super_hot_regions:90,0x5826d153f182,0

508.namd_r/1,1/super_hot_regions:91,0x5826d153f134,3
508.namd_r/1,1/super_hot_regions:91,0x5826d153f140,0
508.namd_r/1,1/super_hot_regions:91,0x5826d153f144,0
508.namd_r/1,1/super_hot_regions:91,0x5826d153f14d,0
508.namd_r/1,1/super_hot_regions:91,0x5826d153f156,0
508.namd_r/1,1/super_hot_regions:91,0x5826d153f16c,0
508.namd_r/1,1/super_hot_regions:91,0x5826d153f18f,0

508.namd_r/1,1/super_hot_regions:97,0x5826d153c410,3
508.namd_r/1,1/super_hot_regions:97,0x5826d153c41e,0
508.namd_r/1,1/super_hot_regions:97,0x5826d153c423,0
508.namd_r/1,1/super_hot_regions:97,0x5826d153c448,0
508.namd_r/1,1/super_hot_regions:97,0x5826d153c44d,0
508.namd_r/1,1/super_hot_regions:97,0x5826d153c465,0
508.namd_r/1,1/super_hot_regions:97,0x5826d153c4c8,0

510.parest_r/1,1/super_hot_regions:150,0x7a48662a18a2,1
510.parest_r/1,1/super_hot_regions:150,0x7a48662a18a4,0
510.parest_r/1,1/super_hot_regions:150,0x7a48662a18a7,0

510.parest_r/1,1/super_hot_regions:152,0x7a48662a18b8,1
510.parest_r/1,1/super_hot_regions:152,0x7a48662a18c3,0

510.parest_r/1,1/super_hot_regions:25,0x61e49ab8a4de,2
510.parest_r/1,1/super_hot_regions:25,0x61e49ab8a4e4,0
510.parest_r/1,1/super_hot_regions:25,0x61e49ab8a4e7,0

510.parest_r/1,1/super_hot_regions:26,0x61e49ab8a4d7,2
510.parest_r/1,1/super_hot_regions:26,0x61e49ab8a4da,0
510.parest_r/1,1/super_hot_regions:26,0x61e49ab8a4e1,0
510.parest_r/1,1/super_hot_regions:26,0x61e49ab8a4e9,0

510.parest_r/1,1/super_hot_regions:34,0x61e49ab37bd0,1
510.parest_r/1,1/super_hot_regions:34,0x61e49ab37bd6,0

510.parest_r/1,1/super_hot_regions:45,0x61e49ab37c95,1
510.parest_r/1,1/super_hot_regions:45,0x61e49ab37c98,0

510.parest_r/1,1/super_hot_regions:61,0x61e49ab37b91,1
510.parest_r/1,1/super_hot_regions:61,0x61e49ab37b94,0

510.parest_r/1,1/super_hot_regions:62,0x61e49ab37b98,1
510.parest_r/1,1/super_hot_regions:62,0x61e49ab37b9b,0

510.parest_r/1,1/super_hot_regions:69,0x61e49ab37b01,3
510.parest_r/1,1/super_hot_regions:69,0x61e49ab37b06,0
510.parest_r/1,1/super_hot_regions:69,0x61e49ab37b0a,0
510.parest_r/1,1/super_hot_regions:69,0x61e49ab37b0d,0
510.parest_r/1,1/super_hot_regions:69,0x61e49ab37b10,0

510.parest_r/1,1/super_hot_regions:7,0x61e49ab37ba0,1
510.parest_r/1,1/super_hot_regions:7,0x61e49ab37ba2,0
510.parest_r/1,1/super_hot_regions:7,0x61e49ab37ba4,0

510.parest_r/1,1/super_hot_regions:83,0x61e49aaf7961,2
510.parest_r/1,1/super_hot_regions:83,0x61e49aaf7964,0
510.parest_r/1,1/super_hot_regions:83,0x61e49aaf7967,0
510.parest_r/1,1/super_hot_regions:83,0x61e49aaf796a,0

511.povray_r/1,1/super_hot_regions:103,0x622355aa69ea,1
511.povray_r/1,1/super_hot_regions:103,0x622355aa69ee,0

511.povray_r/1,1/super_hot_regions:91,0x622355aa69a2,1
511.povray_r/1,1/super_hot_regions:91,0x622355aa69a5,0
511.povray_r/1,1/super_hot_regions:91,0x622355aa69af,0

511.povray_r/1,1/super_hot_regions:93,0x622355b01751,1
511.povray_r/1,1/super_hot_regions:93,0x622355b0175e,0

511.povray_r/1,1/super_hot_regions:95,0x622355aa69c0,1
511.povray_r/1,1/super_hot_regions:95,0x622355aa69c3,0

519.lbm_r/1,1/super_hot_regions:104,0x7eb2b245a5c4,1
519.lbm_r/1,1/super_hot_regions:104,0x7eb2b245a5cc,0

519.lbm_r/1,1/super_hot_regions:106,0x7eb2b25a0784,1
519.lbm_r/1,1/super_hot_regions:106,0x7eb2b25a0787,0

519.lbm_r/1,1/super_hot_regions:112,0x583214c35056,1
519.lbm_r/1,1/super_hot_regions:112,0x583214c3505b,0

519.lbm_r/1,1/super_hot_regions:113,0x7eb2b245a2d0,2
519.lbm_r/1,1/super_hot_regions:113,0x7eb2b245a2da,0

519.lbm_r/1,1/super_hot_regions:115,0x7eb2b245a2dd,1
519.lbm_r/1,1/super_hot_regions:115,0x7eb2b245a2f5,0

519.lbm_r/1,1/super_hot_regions:128,0x7eb2b259d404,1
519.lbm_r/1,1/super_hot_regions:128,0x7eb2b259d40f,0

519.lbm_r/1,1/super_hot_regions:135,0x583214c350ad,1
519.lbm_r/1,1/super_hot_regions:135,0x583214c350ed,0

519.lbm_r/1,1/super_hot_regions:137,0x583214c350ba,1
519.lbm_r/1,1/super_hot_regions:137,0x583214c350f0,0
519.lbm_r/1,1/super_hot_regions:137,0x583214c350fa,0

519.lbm_r/1,1/super_hot_regions:140,0x583214c35025,1
519.lbm_r/1,1/super_hot_regions:140,0x583214c3502c,0

519.lbm_r/1,1/super_hot_regions:144,0x583214d063fe,2
519.lbm_r/1,1/super_hot_regions:144,0x583214d06421,0

519.lbm_r/1,1/super_hot_regions:158,0x583214d05083,2
519.lbm_r/1,1/super_hot_regions:158,0x583214d050a0,0

519.lbm_r/1,1/super_hot_regions:159,0x583214d05087,2
519.lbm_r/1,1/super_hot_regions:159,0x583214d050a3,0

519.lbm_r/1,1/super_hot_regions:160,0x583214d050c5,1
519.lbm_r/1,1/super_hot_regions:160,0x583214d050c9,0

519.lbm_r/1,1/super_hot_regions:162,0x583214d05103,1
519.lbm_r/1,1/super_hot_regions:162,0x583214d05107,0

519.lbm_r/1,1/super_hot_regions:163,0x583214d05127,1
519.lbm_r/1,1/super_hot_regions:163,0x583214d0512b,0

519.lbm_r/1,1/super_hot_regions:165,0x583214d051a9,2
519.lbm_r/1,1/super_hot_regions:165,0x583214d051c6,0

519.lbm_r/1,1/super_hot_regions:166,0x583214d051ad,2
519.lbm_r/1,1/super_hot_regions:166,0x583214d051c9,0

519.lbm_r/1,1/super_hot_regions:167,0x583214d051db,1
519.lbm_r/1,1/super_hot_regions:167,0x583214d051df,0

519.lbm_r/1,1/super_hot_regions:172,0x583214c35025,1
519.lbm_r/1,1/super_hot_regions:172,0x583214c3502c,0

519.lbm_r/1,1/super_hot_regions:3,0x583214c3075a,15
519.lbm_r/1,1/super_hot_regions:3,0x583214c3075f,0
519.lbm_r/1,1/super_hot_regions:3,0x583214c30763,0
519.lbm_r/1,1/super_hot_regions:3,0x583214c30768,0
519.lbm_r/1,1/super_hot_regions:3,0x583214c3076c,0
519.lbm_r/1,1/super_hot_regions:3,0x583214c30776,0
519.lbm_r/1,1/super_hot_regions:3,0x583214c3077b,0
519.lbm_r/1,1/super_hot_regions:3,0x583214c30780,0
519.lbm_r/1,1/super_hot_regions:3,0x583214c30784,0
519.lbm_r/1,1/super_hot_regions:3,0x583214c30789,0
519.lbm_r/1,1/super_hot_regions:3,0x583214c30794,0
519.lbm_r/1,1/super_hot_regions:3,0x583214c30799,0
519.lbm_r/1,1/super_hot_regions:3,0x583214c3079e,0
519.lbm_r/1,1/super_hot_regions:3,0x583214c307a3,0
519.lbm_r/1,1/super_hot_regions:3,0x583214c307a8,0
519.lbm_r/1,1/super_hot_regions:3,0x583214c307ac,0
519.lbm_r/1,1/super_hot_regions:3,0x583214c307b0,0
519.lbm_r/1,1/super_hot_regions:3,0x583214c307b5,0
519.lbm_r/1,1/super_hot_regions:3,0x583214c307ba,0
519.lbm_r/1,1/super_hot_regions:3,0x583214c307be,0
519.lbm_r/1,1/super_hot_regions:3,0x583214c307c3,0
519.lbm_r/1,1/super_hot_regions:3,0x583214c307c8,0
519.lbm_r/1,1/super_hot_regions:3,0x583214c307cc,0
519.lbm_r/1,1/super_hot_regions:3,0x583214c307d1,0
519.lbm_r/1,1/super_hot_regions:3,0x583214c307d6,0
519.lbm_r/1,1/super_hot_regions:3,0x583214c307da,0
519.lbm_r/1,1/super_hot_regions:3,0x583214c307df,0
519.lbm_r/1,1/super_hot_regions:3,0x583214c307e4,0
519.lbm_r/1,1/super_hot_regions:3,0x583214c307e8,0
519.lbm_r/1,1/super_hot_regions:3,0x583214c307ec,0
519.lbm_r/1,1/super_hot_regions:3,0x583214c307f0,0
519.lbm_r/1,1/super_hot_regions:3,0x583214c307f4,0
519.lbm_r/1,1/super_hot_regions:3,0x583214c307f8,0
519.lbm_r/1,1/super_hot_regions:3,0x583214c307fd,0
519.lbm_r/1,1/super_hot_regions:3,0x583214c30801,0
519.lbm_r/1,1/super_hot_regions:3,0x583214c30805,0
519.lbm_r/1,1/super_hot_regions:3,0x583214c3080a,0
519.lbm_r/1,1/super_hot_regions:3,0x583214c3080e,0
519.lbm_r/1,1/super_hot_regions:3,0x583214c30812,0
519.lbm_r/1,1/super_hot_regions:3,0x583214c30816,0
519.lbm_r/1,1/super_hot_regions:3,0x583214c3081a,0
519.lbm_r/1,1/super_hot_regions:3,0x583214c3081e,0
519.lbm_r/1,1/super_hot_regions:3,0x583214c30823,0

519.lbm_r/1,1/super_hot_regions:51,0x583214d062a6,1
519.lbm_r/1,1/super_hot_regions:51,0x583214d062a9,0

519.lbm_r/1,1/super_hot_regions:8,0x583214c2f28d,1
519.lbm_r/1,1/super_hot_regions:8,0x583214c2f292,0

519.lbm_r/1,1/super_hot_regions:80,0x7eb2b245c7ce,2
519.lbm_r/1,1/super_hot_regions:80,0x7eb2b245c7d6,0

519.lbm_r/1,1/super_hot_regions:85,0x7eb2b245542b,1
519.lbm_r/1,1/super_hot_regions:85,0x7eb2b2455431,0

520.omnetpp_r/1,1/super_hot_regions:0,0x6502013c62a4,1
520.omnetpp_r/1,1/super_hot_regions:0,0x6502013c62a7,0

520.omnetpp_r/1,1/super_hot_regions:124,0x6502013c6068,1
520.omnetpp_r/1,1/super_hot_regions:124,0x6502013c606a,0
520.omnetpp_r/1,1/super_hot_regions:124,0x6502013c606c,0

520.omnetpp_r/1,1/super_hot_regions:24,0x7640dc0a18a2,1
520.omnetpp_r/1,1/super_hot_regions:24,0x7640dc0a18a4,0
520.omnetpp_r/1,1/super_hot_regions:24,0x7640dc0a18a7,0

520.omnetpp_r/1,1/super_hot_regions:26,0x7640dc0a18b8,1
520.omnetpp_r/1,1/super_hot_regions:26,0x7640dc0a18c3,0

520.omnetpp_r/1,1/super_hot_regions:32,0x6502013c6068,1
520.omnetpp_r/1,1/super_hot_regions:32,0x6502013c606a,0
520.omnetpp_r/1,1/super_hot_regions:32,0x6502013c606c,0

520.omnetpp_r/1,1/super_hot_regions:71,0x7640dc4accd4,1
520.omnetpp_r/1,1/super_hot_regions:71,0x7640dc4acce1,0

520.omnetpp_r/1,1/super_hot_regions:72,0x7640dc4accd7,1
520.omnetpp_r/1,1/super_hot_regions:72,0x7640dc4acced,0

520.omnetpp_r/1,1/super_hot_regions:95,0x7640dc0a51b4,2
520.omnetpp_r/1,1/super_hot_regions:95,0x7640dc0a51b8,0

521.wrf_r/1,1/super_hot_regions:114,0x7bb9aaaa51b4,2
521.wrf_r/1,1/super_hot_regions:114,0x7bb9aaaa51b8,0

521.wrf_r/1,1/super_hot_regions:121,0x61a3f659e19a,1
521.wrf_r/1,1/super_hot_regions:121,0x61a3f659e1a0,0

521.wrf_r/1,1/super_hot_regions:21,0x7bb9aaf571c2,1
521.wrf_r/1,1/super_hot_regions:21,0x7bb9aaf571c6,0
521.wrf_r/1,1/super_hot_regions:21,0x7bb9aaf571ca,0

521.wrf_r/1,1/super_hot_regions:38,0x7bb9aaba0f84,1
521.wrf_r/1,1/super_hot_regions:38,0x7bb9aaba0f8b,0

523.xalancbmk_r/1,1/super_hot_regions:107,0x57a6e2b8bb88,1
523.xalancbmk_r/1,1/super_hot_regions:107,0x57a6e2b8bb8b,0

523.xalancbmk_r/1,1/super_hot_regions:33,0x57a6e2b7df2a,1
523.xalancbmk_r/1,1/super_hot_regions:33,0x57a6e2b7df2d,0

523.xalancbmk_r/1,1/super_hot_regions:64,0x57a6e2b7deaa,1
523.xalancbmk_r/1,1/super_hot_regions:64,0x57a6e2b7dead,0

523.xalancbmk_r/1,1/super_hot_regions:90,0x57a6e2c7a5b8,1
523.xalancbmk_r/1,1/super_hot_regions:90,0x57a6e2c7a5be,0

523.xalancbmk_r/1,1/super_hot_regions:95,0x57a6e2bbe50c,1
523.xalancbmk_r/1,1/super_hot_regions:95,0x57a6e2bbe50f,0

525.x264_r/1,1/super_hot_regions:0,0x560e96481cf1,2
525.x264_r/1,1/super_hot_regions:0,0x560e96481cf6,0

525.x264_r/1,1/super_hot_regions:128,0x560e9647bf96,2
525.x264_r/1,1/super_hot_regions:128,0x560e9647bf9f,0

525.x264_r/1,1/super_hot_regions:129,0x560e9647bfa2,2
525.x264_r/1,1/super_hot_regions:129,0x560e9647bfa7,0

525.x264_r/1,1/super_hot_regions:130,0x560e9647bfa9,2
525.x264_r/1,1/super_hot_regions:130,0x560e9647bfae,0

525.x264_r/1,1/super_hot_regions:131,0x560e9647bfc8,2
525.x264_r/1,1/super_hot_regions:131,0x560e9647bfd0,0

525.x264_r/1,1/super_hot_regions:132,0x560e9647bfd3,2
525.x264_r/1,1/super_hot_regions:132,0x560e9647bfd8,0

525.x264_r/1,1/super_hot_regions:133,0x560e9647bfda,2
525.x264_r/1,1/super_hot_regions:133,0x560e9647bfdf,0

525.x264_r/1,1/super_hot_regions:134,0x560e9647bff3,2
525.x264_r/1,1/super_hot_regions:134,0x560e9647bffd,0

525.x264_r/1,1/super_hot_regions:135,0x560e9647c000,2
525.x264_r/1,1/super_hot_regions:135,0x560e9647c005,0

525.x264_r/1,1/super_hot_regions:136,0x560e9647c007,2
525.x264_r/1,1/super_hot_regions:136,0x560e9647c00c,0

525.x264_r/1,1/super_hot_regions:138,0x560e9647c020,2
525.x264_r/1,1/super_hot_regions:138,0x560e9647c02a,0

525.x264_r/1,1/super_hot_regions:139,0x560e9647c02d,2
525.x264_r/1,1/super_hot_regions:139,0x560e9647c032,0

525.x264_r/1,1/super_hot_regions:140,0x560e9647c034,2
525.x264_r/1,1/super_hot_regions:140,0x560e9647c039,0

525.x264_r/1,1/super_hot_regions:149,0x560e96483b21,2
525.x264_r/1,1/super_hot_regions:149,0x560e96483b26,0

525.x264_r/1,1/super_hot_regions:15,0x560e9648bdb6,2
525.x264_r/1,1/super_hot_regions:15,0x560e9648bdb9,0

525.x264_r/1,1/super_hot_regions:170,0x560e964d4d21,2
525.x264_r/1,1/super_hot_regions:170,0x560e964d4d29,0

525.x264_r/1,1/super_hot_regions:179,0x560e964ac3c7,1
525.x264_r/1,1/super_hot_regions:179,0x560e964ac3ca,0

525.x264_r/1,1/super_hot_regions:184,0x560e96483aeb,1
525.x264_r/1,1/super_hot_regions:184,0x560e96483af4,0

525.x264_r/1,1/super_hot_regions:195,0x560e964abbab,1
525.x264_r/1,1/super_hot_regions:195,0x560e964abbae,0

525.x264_r/1,1/super_hot_regions:22,0x560e9648c180,2
525.x264_r/1,1/super_hot_regions:22,0x560e9648c188,0

525.x264_r/1,1/super_hot_regions:23,0x560e9648c18f,2
525.x264_r/1,1/super_hot_regions:23,0x560e9648c197,0

525.x264_r/1,1/super_hot_regions:48,0x560e9647e1d8,2
525.x264_r/1,1/super_hot_regions:48,0x560e9647e1dd,0

525.x264_r/1,1/super_hot_regions:49,0x560e9647e1ec,2
525.x264_r/1,1/super_hot_regions:49,0x560e9647e1f1,0

525.x264_r/1,1/super_hot_regions:50,0x560e9647e201,2
525.x264_r/1,1/super_hot_regions:50,0x560e9647e206,0

525.x264_r/1,1/super_hot_regions:51,0x560e9647e216,2
525.x264_r/1,1/super_hot_regions:51,0x560e9647e21b,0

525.x264_r/1,1/super_hot_regions:52,0x560e9647e22b,2
525.x264_r/1,1/super_hot_regions:52,0x560e9647e230,0

525.x264_r/1,1/super_hot_regions:53,0x560e9647e240,2
525.x264_r/1,1/super_hot_regions:53,0x560e9647e245,0

525.x264_r/1,1/super_hot_regions:54,0x560e9647e255,2
525.x264_r/1,1/super_hot_regions:54,0x560e9647e25a,0

525.x264_r/1,1/super_hot_regions:55,0x560e9647e26c,2
525.x264_r/1,1/super_hot_regions:55,0x560e9647e271,0

525.x264_r/1,1/super_hot_regions:63,0x560e964811de,1
525.x264_r/1,1/super_hot_regions:63,0x560e964811e0,0

525.x264_r/1,1/super_hot_regions:65,0x560e964811f1,1
525.x264_r/1,1/super_hot_regions:65,0x560e96481200,0

525.x264_r/1,1/super_hot_regions:66,0x560e964811f4,1
525.x264_r/1,1/super_hot_regions:66,0x560e96481204,0

525.x264_r/1,1/super_hot_regions:72,0x560e964a0e5c,1
525.x264_r/1,1/super_hot_regions:72,0x560e964a0e5e,0
525.x264_r/1,1/super_hot_regions:72,0x560e964a0e61,0

525.x264_r/1,1/super_hot_regions:9,0x560e9647b78b,2
525.x264_r/1,1/super_hot_regions:9,0x560e9647b790,0

525.x264_r/2,2/super_hot_regions:0,0x56c92ffeacf1,2
525.x264_r/2,2/super_hot_regions:0,0x56c92ffeacf6,0

525.x264_r/2,2/super_hot_regions:104,0x56c92fff5180,2
525.x264_r/2,2/super_hot_regions:104,0x56c92fff5188,0

525.x264_r/2,2/super_hot_regions:105,0x56c92fff518f,2
525.x264_r/2,2/super_hot_regions:105,0x56c92fff5197,0

525.x264_r/2,2/super_hot_regions:122,0x56c92fff4fa7,2
525.x264_r/2,2/super_hot_regions:122,0x56c92fff4faf,0

525.x264_r/2,2/super_hot_regions:123,0x56c92fff4fb6,2
525.x264_r/2,2/super_hot_regions:123,0x56c92fff4fbe,0

525.x264_r/2,2/super_hot_regions:124,0x56c92fff4fd0,2
525.x264_r/2,2/super_hot_regions:124,0x56c92fff4fd4,0
525.x264_r/2,2/super_hot_regions:124,0x56c92fff4fd7,0

525.x264_r/2,2/super_hot_regions:125,0x56c92fff4fde,2
525.x264_r/2,2/super_hot_regions:125,0x56c92fff4fe2,0
525.x264_r/2,2/super_hot_regions:125,0x56c92fff4fe5,0

525.x264_r/2,2/super_hot_regions:127,0x56c92fff4f61,2
525.x264_r/2,2/super_hot_regions:127,0x56c92fff4f6c,0

525.x264_r/2,2/super_hot_regions:128,0x56c92fff4f5d,2
525.x264_r/2,2/super_hot_regions:128,0x56c92fff4f72,0

525.x264_r/2,2/super_hot_regions:13,0x56c92fff4db6,2
525.x264_r/2,2/super_hot_regions:13,0x56c92fff4db9,0

525.x264_r/2,2/super_hot_regions:131,0x56c92ffe71d8,2
525.x264_r/2,2/super_hot_regions:131,0x56c92ffe71dd,0

525.x264_r/2,2/super_hot_regions:132,0x56c92ffe71ec,2
525.x264_r/2,2/super_hot_regions:132,0x56c92ffe71f1,0

525.x264_r/2,2/super_hot_regions:133,0x56c92ffe7201,2
525.x264_r/2,2/super_hot_regions:133,0x56c92ffe7206,0

525.x264_r/2,2/super_hot_regions:134,0x56c92ffe7216,2
525.x264_r/2,2/super_hot_regions:134,0x56c92ffe721b,0

525.x264_r/2,2/super_hot_regions:135,0x56c92ffe722b,2
525.x264_r/2,2/super_hot_regions:135,0x56c92ffe7230,0

525.x264_r/2,2/super_hot_regions:136,0x56c92ffe7240,2
525.x264_r/2,2/super_hot_regions:136,0x56c92ffe7245,0

525.x264_r/2,2/super_hot_regions:137,0x56c92ffe7255,2
525.x264_r/2,2/super_hot_regions:137,0x56c92ffe725a,0

525.x264_r/2,2/super_hot_regions:138,0x56c92ffe726c,2
525.x264_r/2,2/super_hot_regions:138,0x56c92ffe7271,0

525.x264_r/2,2/super_hot_regions:162,0x56c92fff5e18,2
525.x264_r/2,2/super_hot_regions:162,0x56c92fff5e1b,0
525.x264_r/2,2/super_hot_regions:162,0x56c92fff5e1f,0
525.x264_r/2,2/super_hot_regions:162,0x56c92fff5e22,0

525.x264_r/2,2/super_hot_regions:178,0x56c930009e5c,1
525.x264_r/2,2/super_hot_regions:178,0x56c930009e5e,0
525.x264_r/2,2/super_hot_regions:178,0x56c930009e61,0

525.x264_r/2,2/super_hot_regions:36,0x56c93001cc6f,2
525.x264_r/2,2/super_hot_regions:36,0x56c93001cc80,0

525.x264_r/2,2/super_hot_regions:4,0x56c92ffe478b,2
525.x264_r/2,2/super_hot_regions:4,0x56c92ffe4790,0

525.x264_r/2,2/super_hot_regions:58,0x56c92ffea1de,1
525.x264_r/2,2/super_hot_regions:58,0x56c92ffea1e0,0

525.x264_r/2,2/super_hot_regions:60,0x56c92ffea1f1,1
525.x264_r/2,2/super_hot_regions:60,0x56c92ffea200,0

525.x264_r/2,2/super_hot_regions:61,0x56c92ffea1f4,1
525.x264_r/2,2/super_hot_regions:61,0x56c92ffea204,0

525.x264_r/2,2/super_hot_regions:75,0x56c92ffe43b3,7
525.x264_r/2,2/super_hot_regions:75,0x56c92ffe43b8,0
525.x264_r/2,2/super_hot_regions:75,0x56c92ffe43be,0
525.x264_r/2,2/super_hot_regions:75,0x56c92ffe43c4,0
525.x264_r/2,2/super_hot_regions:75,0x56c92ffe43c7,0
525.x264_r/2,2/super_hot_regions:75,0x56c92ffe43d8,0
525.x264_r/2,2/super_hot_regions:75,0x56c92ffe43dd,0
525.x264_r/2,2/super_hot_regions:75,0x56c92ffe43e6,0
525.x264_r/2,2/super_hot_regions:75,0x56c92ffe43ec,0
525.x264_r/2,2/super_hot_regions:75,0x56c92ffe43f3,0
525.x264_r/2,2/super_hot_regions:75,0x56c92ffe43fc,0
525.x264_r/2,2/super_hot_regions:75,0x56c92ffe4400,0
525.x264_r/2,2/super_hot_regions:75,0x56c92ffe4404,0

525.x264_r/2,2/super_hot_regions:80,0x56c92ffe4431,1
525.x264_r/2,2/super_hot_regions:80,0x56c92ffe4433,0

525.x264_r/2,2/super_hot_regions:84,0x56c92ffe4464,1
525.x264_r/2,2/super_hot_regions:84,0x56c92ffe44a0,0

525.x264_r/2,2/super_hot_regions:85,0x56c92ffe4469,1
525.x264_r/2,2/super_hot_regions:85,0x56c92ffe44a5,0

525.x264_r/2,2/super_hot_regions:86,0x56c92ffe446e,1
525.x264_r/2,2/super_hot_regions:86,0x56c92ffe44aa,0

525.x264_r/2,2/super_hot_regions:87,0x56c92ffe4473,1
525.x264_r/2,2/super_hot_regions:87,0x56c92ffe44af,0

525.x264_r/2,2/super_hot_regions:88,0x56c92ffe4478,1
525.x264_r/2,2/super_hot_regions:88,0x56c92ffe44b4,0

525.x264_r/2,2/super_hot_regions:89,0x56c92ffe447b,1
525.x264_r/2,2/super_hot_regions:89,0x56c92ffe44b8,0

525.x264_r/2,2/super_hot_regions:90,0x56c92ffe4480,1
525.x264_r/2,2/super_hot_regions:90,0x56c92ffe44bd,0

525.x264_r/2,2/super_hot_regions:91,0x56c92ffe4485,1
525.x264_r/2,2/super_hot_regions:91,0x56c92ffe44c2,0

525.x264_r/2,2/super_hot_regions:95,0x56c92ffecb21,2
525.x264_r/2,2/super_hot_regions:95,0x56c92ffecb26,0

525.x264_r/2,2/super_hot_regions:99,0x56c92ffecaeb,1
525.x264_r/2,2/super_hot_regions:99,0x56c92ffecaf4,0

525.x264_r/3,3/super_hot_regions:0,0x56c83e9b1cf1,2
525.x264_r/3,3/super_hot_regions:0,0x56c83e9b1cf6,0

525.x264_r/3,3/super_hot_regions:10,0x56c83e9bbdb6,2
525.x264_r/3,3/super_hot_regions:10,0x56c83e9bbdb9,0

525.x264_r/3,3/super_hot_regions:104,0x56c83e9b3aeb,1
525.x264_r/3,3/super_hot_regions:104,0x56c83e9b3af4,0

525.x264_r/3,3/super_hot_regions:106,0x56c83e9ae1d8,2
525.x264_r/3,3/super_hot_regions:106,0x56c83e9ae1dd,0

525.x264_r/3,3/super_hot_regions:107,0x56c83e9ae1ec,2
525.x264_r/3,3/super_hot_regions:107,0x56c83e9ae1f1,0

525.x264_r/3,3/super_hot_regions:108,0x56c83e9ae201,2
525.x264_r/3,3/super_hot_regions:108,0x56c83e9ae206,0

525.x264_r/3,3/super_hot_regions:109,0x56c83e9ae216,2
525.x264_r/3,3/super_hot_regions:109,0x56c83e9ae21b,0

525.x264_r/3,3/super_hot_regions:110,0x56c83e9ae22b,2
525.x264_r/3,3/super_hot_regions:110,0x56c83e9ae230,0

525.x264_r/3,3/super_hot_regions:111,0x56c83e9ae240,2
525.x264_r/3,3/super_hot_regions:111,0x56c83e9ae245,0

525.x264_r/3,3/super_hot_regions:112,0x56c83e9ae255,2
525.x264_r/3,3/super_hot_regions:112,0x56c83e9ae25a,0

525.x264_r/3,3/super_hot_regions:113,0x56c83e9ae26c,2
525.x264_r/3,3/super_hot_regions:113,0x56c83e9ae271,0

525.x264_r/3,3/super_hot_regions:157,0x56c83e9bbfd0,2
525.x264_r/3,3/super_hot_regions:157,0x56c83e9bbfd4,0
525.x264_r/3,3/super_hot_regions:157,0x56c83e9bbfd7,0

525.x264_r/3,3/super_hot_regions:158,0x56c83e9bbfde,2
525.x264_r/3,3/super_hot_regions:158,0x56c83e9bbfe2,0
525.x264_r/3,3/super_hot_regions:158,0x56c83e9bbfe5,0

525.x264_r/3,3/super_hot_regions:162,0x56c83e9bbf61,2
525.x264_r/3,3/super_hot_regions:162,0x56c83e9bbf6c,0

525.x264_r/3,3/super_hot_regions:163,0x56c83e9bbf5d,2
525.x264_r/3,3/super_hot_regions:163,0x56c83e9bbf72,0

525.x264_r/3,3/super_hot_regions:165,0x56c83e9bbfa7,2
525.x264_r/3,3/super_hot_regions:165,0x56c83e9bbfaf,0

525.x264_r/3,3/super_hot_regions:166,0x56c83e9bbfb6,2
525.x264_r/3,3/super_hot_regions:166,0x56c83e9bbfbe,0

525.x264_r/3,3/super_hot_regions:192,0x56c83e9bce18,2
525.x264_r/3,3/super_hot_regions:192,0x56c83e9bce1b,0
525.x264_r/3,3/super_hot_regions:192,0x56c83e9bce1f,0
525.x264_r/3,3/super_hot_regions:192,0x56c83e9bce22,0

525.x264_r/3,3/super_hot_regions:216,0x56c83ea01275,2
525.x264_r/3,3/super_hot_regions:216,0x56c83ea012a4,0

525.x264_r/3,3/super_hot_regions:36,0x56c83e9bc180,2
525.x264_r/3,3/super_hot_regions:36,0x56c83e9bc188,0

525.x264_r/3,3/super_hot_regions:37,0x56c83e9bc18f,2
525.x264_r/3,3/super_hot_regions:37,0x56c83e9bc197,0

525.x264_r/3,3/super_hot_regions:4,0x56c83e9ab78b,2
525.x264_r/3,3/super_hot_regions:4,0x56c83e9ab790,0

525.x264_r/3,3/super_hot_regions:48,0x56c83e9b11de,1
525.x264_r/3,3/super_hot_regions:48,0x56c83e9b11e0,0

525.x264_r/3,3/super_hot_regions:50,0x56c83e9b11f1,1
525.x264_r/3,3/super_hot_regions:50,0x56c83e9b1200,0

525.x264_r/3,3/super_hot_regions:51,0x56c83e9b11f4,1
525.x264_r/3,3/super_hot_regions:51,0x56c83e9b1204,0

525.x264_r/3,3/super_hot_regions:58,0x56c83e9e3c6f,2
525.x264_r/3,3/super_hot_regions:58,0x56c83e9e3c80,0

525.x264_r/3,3/super_hot_regions:62,0x56c83e9b3b21,2
525.x264_r/3,3/super_hot_regions:62,0x56c83e9b3b26,0

525.x264_r/3,3/super_hot_regions:78,0x56c83e9ab3b3,7
525.x264_r/3,3/super_hot_regions:78,0x56c83e9ab3b8,0
525.x264_r/3,3/super_hot_regions:78,0x56c83e9ab3be,0
525.x264_r/3,3/super_hot_regions:78,0x56c83e9ab3c4,0
525.x264_r/3,3/super_hot_regions:78,0x56c83e9ab3c7,0
525.x264_r/3,3/super_hot_regions:78,0x56c83e9ab3d8,0
525.x264_r/3,3/super_hot_regions:78,0x56c83e9ab3dd,0
525.x264_r/3,3/super_hot_regions:78,0x56c83e9ab3e6,0
525.x264_r/3,3/super_hot_regions:78,0x56c83e9ab3ec,0
525.x264_r/3,3/super_hot_regions:78,0x56c83e9ab3f3,0
525.x264_r/3,3/super_hot_regions:78,0x56c83e9ab3fc,0
525.x264_r/3,3/super_hot_regions:78,0x56c83e9ab400,0
525.x264_r/3,3/super_hot_regions:78,0x56c83e9ab404,0

525.x264_r/3,3/super_hot_regions:83,0x56c83e9ab431,1
525.x264_r/3,3/super_hot_regions:83,0x56c83e9ab433,0

525.x264_r/3,3/super_hot_regions:87,0x56c83e9ab464,1
525.x264_r/3,3/super_hot_regions:87,0x56c83e9ab4a0,0

525.x264_r/3,3/super_hot_regions:88,0x56c83e9ab469,1
525.x264_r/3,3/super_hot_regions:88,0x56c83e9ab4a5,0

525.x264_r/3,3/super_hot_regions:89,0x56c83e9ab46e,1
525.x264_r/3,3/super_hot_regions:89,0x56c83e9ab4aa,0

525.x264_r/3,3/super_hot_regions:90,0x56c83e9ab473,1
525.x264_r/3,3/super_hot_regions:90,0x56c83e9ab4af,0

525.x264_r/3,3/super_hot_regions:91,0x56c83e9ab478,1
525.x264_r/3,3/super_hot_regions:91,0x56c83e9ab4b4,0

525.x264_r/3,3/super_hot_regions:92,0x56c83e9ab47b,1
525.x264_r/3,3/super_hot_regions:92,0x56c83e9ab4b8,0

525.x264_r/3,3/super_hot_regions:93,0x56c83e9ab480,1
525.x264_r/3,3/super_hot_regions:93,0x56c83e9ab4bd,0

525.x264_r/3,3/super_hot_regions:94,0x56c83e9ab485,1
525.x264_r/3,3/super_hot_regions:94,0x56c83e9ab4c2,0

526.blender_r/1,1/super_hot_regions:103,0x56d60d473fb2,1
526.blender_r/1,1/super_hot_regions:103,0x56d60d473fc5,0

526.blender_r/1,1/super_hot_regions:104,0x56d60d473fb6,1
526.blender_r/1,1/super_hot_regions:104,0x56d60d473fcf,0

526.blender_r/1,1/super_hot_regions:25,0x56d60d402968,2
526.blender_r/1,1/super_hot_regions:25,0x56d60d402979,0

526.blender_r/1,1/super_hot_regions:26,0x56d60d40296c,1
526.blender_r/1,1/super_hot_regions:26,0x56d60d402977,0
526.blender_r/1,1/super_hot_regions:26,0x56d60d40297d,0

526.blender_r/1,1/super_hot_regions:67,0x56d60d484d93,1
526.blender_r/1,1/super_hot_regions:67,0x56d60d484d9c,0

526.blender_r/1,1/super_hot_regions:73,0x56d60d4896bc,1
526.blender_r/1,1/super_hot_regions:73,0x56d60d4896bf,0

526.blender_r/1,1/super_hot_regions:82,0x56d60d489904,1
526.blender_r/1,1/super_hot_regions:82,0x56d60d489907,0

527.cam4_r/1,1/super_hot_regions:11,0x5f9346aa0b3c,1
527.cam4_r/1,1/super_hot_regions:11,0x5f9346aa0b59,0

527.cam4_r/1,1/super_hot_regions:140,0x748d4e0fb8b4,1
527.cam4_r/1,1/super_hot_regions:140,0x748d4e0fb8c3,0

527.cam4_r/1,1/super_hot_regions:141,0x748d4e0fb8b9,1
527.cam4_r/1,1/super_hot_regions:141,0x748d4e0fb8cc,0

527.cam4_r/1,1/super_hot_regions:18,0x748d4e0fb669,1
527.cam4_r/1,1/super_hot_regions:18,0x748d4e0fb685,0

527.cam4_r/1,1/super_hot_regions:21,0x748d4dda0f84,1
527.cam4_r/1,1/super_hot_regions:21,0x748d4dda0f8b,0

527.cam4_r/1,1/super_hot_regions:52,0x748d4e0fb474,1
527.cam4_r/1,1/super_hot_regions:52,0x748d4e0fb47e,0

527.cam4_r/1,1/super_hot_regions:56,0x748d4e0fb521,1
527.cam4_r/1,1/super_hot_regions:56,0x748d4e0fb526,0

527.cam4_r/1,1/super_hot_regions:9,0x5f9346aa0b20,2
527.cam4_r/1,1/super_hot_regions:9,0x5f9346aa0b24,0

531.deepsjeng_r/1,1/super_hot_regions:102,0x6224487c2689,1
531.deepsjeng_r/1,1/super_hot_regions:102,0x6224487c2700,0

531.deepsjeng_r/1,1/super_hot_regions:103,0x6224487b1bce,1
531.deepsjeng_r/1,1/super_hot_regions:103,0x6224487b1bd1,0
531.deepsjeng_r/1,1/super_hot_regions:103,0x6224487b1bd8,0

531.deepsjeng_r/1,1/super_hot_regions:105,0x6224487b1bd5,1
531.deepsjeng_r/1,1/super_hot_regions:105,0x6224487b1c77,0

531.deepsjeng_r/1,1/super_hot_regions:130,0x6224487c2792,1
531.deepsjeng_r/1,1/super_hot_regions:130,0x6224487c279b,0

531.deepsjeng_r/1,1/super_hot_regions:152,0x6224487ba16b,1
531.deepsjeng_r/1,1/super_hot_regions:152,0x6224487ba16e,0

531.deepsjeng_r/1,1/super_hot_regions:153,0x6224487ba175,1
531.deepsjeng_r/1,1/super_hot_regions:153,0x6224487ba178,0

531.deepsjeng_r/1,1/super_hot_regions:155,0x6224487ba106,1
531.deepsjeng_r/1,1/super_hot_regions:155,0x6224487ba110,0

531.deepsjeng_r/1,1/super_hot_regions:171,0x6224487b4774,1
531.deepsjeng_r/1,1/super_hot_regions:171,0x6224487b4776,0

531.deepsjeng_r/1,1/super_hot_regions:172,0x6224487b4779,4
531.deepsjeng_r/1,1/super_hot_regions:172,0x6224487b4783,0
531.deepsjeng_r/1,1/super_hot_regions:172,0x6224487b4788,0
531.deepsjeng_r/1,1/super_hot_regions:172,0x6224487b478b,0
531.deepsjeng_r/1,1/super_hot_regions:172,0x6224487b4795,0
531.deepsjeng_r/1,1/super_hot_regions:172,0x6224487b47a3,0

531.deepsjeng_r/1,1/super_hot_regions:174,0x6224487b4744,1
531.deepsjeng_r/1,1/super_hot_regions:174,0x6224487b4746,0

531.deepsjeng_r/1,1/super_hot_regions:26,0x6224487bd48a,2
531.deepsjeng_r/1,1/super_hot_regions:26,0x6224487bd48d,0

531.deepsjeng_r/1,1/super_hot_regions:3,0x6224487c3294,2
531.deepsjeng_r/1,1/super_hot_regions:3,0x6224487c3298,0
531.deepsjeng_r/1,1/super_hot_regions:3,0x6224487c329b,0
531.deepsjeng_r/1,1/super_hot_regions:3,0x6224487c32a0,0
531.deepsjeng_r/1,1/super_hot_regions:3,0x6224487c32a9,0

531.deepsjeng_r/1,1/super_hot_regions:34,0x6224487bdc73,1
531.deepsjeng_r/1,1/super_hot_regions:34,0x6224487bdc78,0
531.deepsjeng_r/1,1/super_hot_regions:34,0x6224487bdc7e,0

531.deepsjeng_r/1,1/super_hot_regions:37,0x6224487b9410,1
531.deepsjeng_r/1,1/super_hot_regions:37,0x6224487b9415,0

531.deepsjeng_r/1,1/super_hot_regions:38,0x6224487b9409,2
531.deepsjeng_r/1,1/super_hot_regions:38,0x6224487b940d,0
531.deepsjeng_r/1,1/super_hot_regions:38,0x6224487b9419,0
531.deepsjeng_r/1,1/super_hot_regions:38,0x6224487b941e,0
531.deepsjeng_r/1,1/super_hot_regions:38,0x6224487b94a1,0

531.deepsjeng_r/1,1/super_hot_regions:41,0x6224487b9464,1
531.deepsjeng_r/1,1/super_hot_regions:41,0x6224487b94ca,0

531.deepsjeng_r/1,1/super_hot_regions:43,0x6224487b9451,1
531.deepsjeng_r/1,1/super_hot_regions:43,0x6224487b9473,0
531.deepsjeng_r/1,1/super_hot_regions:43,0x6224487b94d3,0

531.deepsjeng_r/1,1/super_hot_regions:44,0x6224487b945a,1
531.deepsjeng_r/1,1/super_hot_regions:44,0x6224487b9485,0
531.deepsjeng_r/1,1/super_hot_regions:44,0x6224487b94d6,0

531.deepsjeng_r/1,1/super_hot_regions:48,0x6224487b8b36,2
531.deepsjeng_r/1,1/super_hot_regions:48,0x6224487b8b38,0
531.deepsjeng_r/1,1/super_hot_regions:48,0x6224487b8b40,0
531.deepsjeng_r/1,1/super_hot_regions:48,0x6224487b8b53,0

531.deepsjeng_r/1,1/super_hot_regions:52,0x6224487b8b4c,1
531.deepsjeng_r/1,1/super_hot_regions:52,0x6224487b8b93,0

531.deepsjeng_r/1,1/super_hot_regions:53,0x6224487b8b51,1
531.deepsjeng_r/1,1/super_hot_regions:53,0x6224487b8b80,0
531.deepsjeng_r/1,1/super_hot_regions:53,0x6224487b8b97,0

531.deepsjeng_r/1,1/super_hot_regions:55,0x6224487b8bbb,2
531.deepsjeng_r/1,1/super_hot_regions:55,0x6224487b8bc5,0

531.deepsjeng_r/1,1/super_hot_regions:7,0x6224487b48bb,1
531.deepsjeng_r/1,1/super_hot_regions:7,0x6224487b48bd,0

531.deepsjeng_r/1,1/super_hot_regions:74,0x6224487b94e9,1
531.deepsjeng_r/1,1/super_hot_regions:74,0x6224487b94ec,0

531.deepsjeng_r/1,1/super_hot_regions:8,0x6224487b48e0,1
531.deepsjeng_r/1,1/super_hot_regions:8,0x6224487b48e9,0

538.imagick_r/1,1/super_hot_regions:108,0x633a6b365791,3
538.imagick_r/1,1/super_hot_regions:108,0x633a6b365794,0
538.imagick_r/1,1/super_hot_regions:108,0x633a6b36579b,0

538.imagick_r/1,1/super_hot_regions:109,0x633a6b365798,1
538.imagick_r/1,1/super_hot_regions:109,0x633a6b3657a1,0

538.imagick_r/1,1/super_hot_regions:123,0x633a6b6772a6,1
538.imagick_r/1,1/super_hot_regions:123,0x633a6b6772a9,0

538.imagick_r/1,1/super_hot_regions:33,0x633a6b2e0b36,1
538.imagick_r/1,1/super_hot_regions:33,0x633a6b2e0b42,0

538.imagick_r/1,1/super_hot_regions:34,0x633a6b2e0b3b,1
538.imagick_r/1,1/super_hot_regions:34,0x633a6b2e0b48,0

538.imagick_r/1,1/super_hot_regions:45,0x633a6b2e0c1c,2
538.imagick_r/1,1/super_hot_regions:45,0x633a6b2e0c1f,0

538.imagick_r/1,1/super_hot_regions:57,0x633a6b2f50e5,1
538.imagick_r/1,1/super_hot_regions:57,0x633a6b2f5112,0

541.leela_r/1,1/super_hot_regions:37,0x5f7fdf5c3e7b,2
541.leela_r/1,1/super_hot_regions:37,0x5f7fdf5c3e7e,0

541.leela_r/1,1/super_hot_regions:38,0x5f7fdf5c3e82,1
541.leela_r/1,1/super_hot_regions:38,0x5f7fdf5c3e85,0

541.leela_r/1,1/super_hot_regions:51,0x5f7fdf5f0eb1,3
541.leela_r/1,1/super_hot_regions:51,0x5f7fdf5f0eb4,0
541.leela_r/1,1/super_hot_regions:51,0x5f7fdf5f0ec0,0

541.leela_r/1,1/super_hot_regions:52,0x5f7fdf5f0ebe,1
541.leela_r/1,1/super_hot_regions:52,0x5f7fdf5f0ecb,0

541.leela_r/1,1/super_hot_regions:93,0x5f7fdf5c3d01,1
541.leela_r/1,1/super_hot_regions:93,0x5f7fdf5c3d0a,0

544.nab_r/1,1/super_hot_regions:130,0x62424f81ada8,1
544.nab_r/1,1/super_hot_regions:130,0x62424f81adaa,0

544.nab_r/1,1/super_hot_regions:136,0x62424f81bcb6,1
544.nab_r/1,1/super_hot_regions:136,0x62424f81bcb8,0

544.nab_r/1,1/super_hot_regions:29,0x62424f815744,1
544.nab_r/1,1/super_hot_regions:29,0x62424f815746,0

544.nab_r/1,1/super_hot_regions:42,0x62424f81bd22,1
544.nab_r/1,1/super_hot_regions:42,0x62424f81bd24,0

544.nab_r/1,1/super_hot_regions:44,0x7eb905fbe474,1
544.nab_r/1,1/super_hot_regions:44,0x7eb905fbe47e,0

544.nab_r/1,1/super_hot_regions:48,0x7eb905fbe669,1
544.nab_r/1,1/super_hot_regions:48,0x7eb905fbe685,0

544.nab_r/1,1/super_hot_regions:72,0x7eb905fbe521,1
544.nab_r/1,1/super_hot_regions:72,0x7eb905fbe526,0

544.nab_r/1,1/super_hot_regions:80,0x62424f817cbc,1
544.nab_r/1,1/super_hot_regions:80,0x62424f817cc0,0

544.nab_r/1,1/super_hot_regions:81,0x62424f817cc4,1
544.nab_r/1,1/super_hot_regions:81,0x62424f817cc8,0

544.nab_r/1,1/super_hot_regions:90,0x62424f81b9c4,1
544.nab_r/1,1/super_hot_regions:90,0x62424f81b9c9,0

548.exchange2_r/1,1/super_hot_regions:110,0x60cba88e9600,1
548.exchange2_r/1,1/super_hot_regions:110,0x60cba88e960b,0

548.exchange2_r/1,1/super_hot_regions:113,0x60cba88ea5b0,1
548.exchange2_r/1,1/super_hot_regions:113,0x60cba88ea5bc,0

548.exchange2_r/1,1/super_hot_regions:128,0x60cba88e5002,2
548.exchange2_r/1,1/super_hot_regions:128,0x60cba88e5004,0
548.exchange2_r/1,1/super_hot_regions:128,0x60cba88e5007,0

548.exchange2_r/1,1/super_hot_regions:136,0x60cba88e5678,2
548.exchange2_r/1,1/super_hot_regions:136,0x60cba88e567b,0
548.exchange2_r/1,1/super_hot_regions:136,0x60cba88e567e,0

548.exchange2_r/1,1/super_hot_regions:141,0x60cba88e56d2,2
548.exchange2_r/1,1/super_hot_regions:141,0x60cba88e56d5,0

548.exchange2_r/1,1/super_hot_regions:33,0x78f0e2262175,2
548.exchange2_r/1,1/super_hot_regions:33,0x78f0e2262187,0

548.exchange2_r/1,1/super_hot_regions:80,0x60cba88e5194,2
548.exchange2_r/1,1/super_hot_regions:80,0x60cba88e5196,0
548.exchange2_r/1,1/super_hot_regions:80,0x60cba88e5199,0

549.fotonik3d_r/1,1/super_hot_regions:103,0x5dbd09c13c8b,2
549.fotonik3d_r/1,1/super_hot_regions:103,0x5dbd09c13c92,0

549.fotonik3d_r/1,1/super_hot_regions:218,0x5dbd09bee322,1
549.fotonik3d_r/1,1/super_hot_regions:218,0x5dbd09bee331,0
549.fotonik3d_r/1,1/super_hot_regions:218,0x5dbd09bee5d6,0

549.fotonik3d_r/1,1/super_hot_regions:298,0x5dbd09e462a6,1
549.fotonik3d_r/1,1/super_hot_regions:298,0x5dbd09e462a9,0

549.fotonik3d_r/1,1/super_hot_regions:330,0x5dbd09bcdb38,2
549.fotonik3d_r/1,1/super_hot_regions:330,0x5dbd09bcdb3c,0
549.fotonik3d_r/1,1/super_hot_regions:330,0x5dbd09bcdb4c,0

549.fotonik3d_r/1,1/super_hot_regions:331,0x5dbd09bcdb40,1
549.fotonik3d_r/1,1/super_hot_regions:331,0x5dbd09bcdb52,0

549.fotonik3d_r/1,1/super_hot_regions:332,0x5dbd09bcdb4f,1
549.fotonik3d_r/1,1/super_hot_regions:332,0x5dbd09bcdb6c,0

549.fotonik3d_r/1,1/super_hot_regions:333,0x5dbd09bcdb5c,1
549.fotonik3d_r/1,1/super_hot_regions:333,0x5dbd09bcdb70,0

549.fotonik3d_r/1,1/super_hot_regions:334,0x5dbd09bcdb30,2
549.fotonik3d_r/1,1/super_hot_regions:334,0x5dbd09bcdb35,0
549.fotonik3d_r/1,1/super_hot_regions:334,0x5dbd09bcdb60,0
549.fotonik3d_r/1,1/super_hot_regions:334,0x5dbd09bcdb76,0

549.fotonik3d_r/1,1/super_hot_regions:335,0x5dbd09bcdb64,2
549.fotonik3d_r/1,1/super_hot_regions:335,0x5dbd09bcdb68,0
549.fotonik3d_r/1,1/super_hot_regions:335,0x5dbd09bcdb79,0

549.fotonik3d_r/1,1/super_hot_regions:338,0x5dbd09bcbb9d,1
549.fotonik3d_r/1,1/super_hot_regions:338,0x5dbd09bcbc01,0

549.fotonik3d_r/1,1/super_hot_regions:356,0x5dbd09bcd9e2,2
549.fotonik3d_r/1,1/super_hot_regions:356,0x5dbd09bcd9eb,0
549.fotonik3d_r/1,1/super_hot_regions:356,0x5dbd09bcd9fe,0

549.fotonik3d_r/1,1/super_hot_regions:357,0x5dbd09bcd9ef,1
549.fotonik3d_r/1,1/super_hot_regions:357,0x5dbd09bcda08,0

549.fotonik3d_r/1,1/super_hot_regions:358,0x5dbd09bcda05,1
549.fotonik3d_r/1,1/super_hot_regions:358,0x5dbd09bcda22,0

549.fotonik3d_r/1,1/super_hot_regions:359,0x5dbd09bcd9f3,2
549.fotonik3d_r/1,1/super_hot_regions:359,0x5dbd09bcda12,0
549.fotonik3d_r/1,1/super_hot_regions:359,0x5dbd09bcda1a,0
549.fotonik3d_r/1,1/super_hot_regions:359,0x5dbd09bcda2a,0

549.fotonik3d_r/1,1/super_hot_regions:360,0x5dbd09bcd9e6,2
549.fotonik3d_r/1,1/super_hot_regions:360,0x5dbd09bcd9f7,0
549.fotonik3d_r/1,1/super_hot_regions:360,0x5dbd09bcda0e,0
549.fotonik3d_r/1,1/super_hot_regions:360,0x5dbd09bcda30,0

549.fotonik3d_r/1,1/super_hot_regions:361,0x5dbd09bcda16,2
549.fotonik3d_r/1,1/super_hot_regions:361,0x5dbd09bcda1e,0
549.fotonik3d_r/1,1/super_hot_regions:361,0x5dbd09bcda33,0

549.fotonik3d_r/1,1/super_hot_regions:88,0x5dbd09c13851,2
549.fotonik3d_r/1,1/super_hot_regions:88,0x5dbd09c13987,0

554.roms_r/1,1/super_hot_regions:10,0x7e3586c93474,1
554.roms_r/1,1/super_hot_regions:10,0x7e3586c9347e,0

554.roms_r/1,1/super_hot_regions:127,0x7e3586c938b4,1
554.roms_r/1,1/super_hot_regions:127,0x7e3586c938c3,0

554.roms_r/1,1/super_hot_regions:128,0x7e3586c938b9,1
554.roms_r/1,1/super_hot_regions:128,0x7e3586c938cc,0

554.roms_r/1,1/super_hot_regions:131,0x7e3586c9394e,1
554.roms_r/1,1/super_hot_regions:131,0x7e3586c93a13,0

554.roms_r/1,1/super_hot_regions:138,0x7e3586c93ac1,2
554.roms_r/1,1/super_hot_regions:138,0x7e3586c93ac6,0
554.roms_r/1,1/super_hot_regions:138,0x7e3586c93acb,0
554.roms_r/1,1/super_hot_regions:138,0x7e3586c93acf,0

557.xz_r/1,1/super_hot_regions:113,0x5c92f1c94e5a,1
557.xz_r/1,1/super_hot_regions:113,0x5c92f1c94e67,0

557.xz_r/1,1/super_hot_regions:134,0x5c92f1c8cfb4,1
557.xz_r/1,1/super_hot_regions:134,0x5c92f1c8cfb7,0

557.xz_r/1,1/super_hot_regions:146,0x5c92f1c94d74,1
557.xz_r/1,1/super_hot_regions:146,0x5c92f1c94d77,0

557.xz_r/1,1/super_hot_regions:157,0x5c92f1c97060,2
557.xz_r/1,1/super_hot_regions:157,0x5c92f1c97065,0
557.xz_r/1,1/super_hot_regions:157,0x5c92f1c97068,0
557.xz_r/1,1/super_hot_regions:157,0x5c92f1c9706b,0

557.xz_r/1,1/super_hot_regions:160,0x5c92f1c970b4,2
557.xz_r/1,1/super_hot_regions:160,0x5c92f1c970b8,0

557.xz_r/1,1/super_hot_regions:172,0x5c92f1c95886,1
557.xz_r/1,1/super_hot_regions:172,0x5c92f1c95890,0

557.xz_r/1,1/super_hot_regions:18,0x5c92f1c950db,1
557.xz_r/1,1/super_hot_regions:18,0x5c92f1c950de,0

557.xz_r/1,1/super_hot_regions:183,0x5c92f1c91a4e,1
557.xz_r/1,1/super_hot_regions:183,0x5c92f1c91a51,0

557.xz_r/1,1/super_hot_regions:184,0x5c92f1c91a5a,2
557.xz_r/1,1/super_hot_regions:184,0x5c92f1c91a66,0

557.xz_r/1,1/super_hot_regions:48,0x5c92f1c9514d,1
557.xz_r/1,1/super_hot_regions:48,0x5c92f1c95150,0

557.xz_r/1,1/super_hot_regions:60,0x5c92f1c98625,3
557.xz_r/1,1/super_hot_regions:60,0x5c92f1c98628,0
557.xz_r/1,1/super_hot_regions:60,0x5c92f1c9862b,0
557.xz_r/1,1/super_hot_regions:60,0x5c92f1c9862e,0
557.xz_r/1,1/super_hot_regions:60,0x5c92f1c98631,0
557.xz_r/1,1/super_hot_regions:60,0x5c92f1c98634,0
557.xz_r/1,1/super_hot_regions:60,0x5c92f1c98636,0

557.xz_r/1,1/super_hot_regions:63,0x5c92f1c94537,2
557.xz_r/1,1/super_hot_regions:63,0x5c92f1c9453b,0

557.xz_r/1,1/super_hot_regions:85,0x5c92f1c90b5a,1
557.xz_r/1,1/super_hot_regions:85,0x5c92f1c90b5f,0

557.xz_r/2,2/super_hot_regions:100,0x5c02260f40b4,2
557.xz_r/2,2/super_hot_regions:100,0x5c02260f40b8,0

557.xz_r/2,2/super_hot_regions:133,0x5c02260f1e5a,1
557.xz_r/2,2/super_hot_regions:133,0x5c02260f1e67,0

557.xz_r/2,2/super_hot_regions:141,0x5c02260f2420,1
557.xz_r/2,2/super_hot_regions:141,0x5c02260f2423,0

557.xz_r/2,2/super_hot_regions:149,0x5c02260f2886,1
557.xz_r/2,2/super_hot_regions:149,0x5c02260f2890,0

557.xz_r/2,2/super_hot_regions:170,0x5c02260f27d4,1
557.xz_r/2,2/super_hot_regions:170,0x5c02260f27e0,0

557.xz_r/2,2/super_hot_regions:25,0x5c02260f20db,1
557.xz_r/2,2/super_hot_regions:25,0x5c02260f20de,0

557.xz_r/2,2/super_hot_regions:67,0x5c02260f214d,1
557.xz_r/2,2/super_hot_regions:67,0x5c02260f2150,0

557.xz_r/2,2/super_hot_regions:82,0x5c02260edb5a,1
557.xz_r/2,2/super_hot_regions:82,0x5c02260edb5f,0

557.xz_r/2,2/super_hot_regions:87,0x5c02260f1537,2
557.xz_r/2,2/super_hot_regions:87,0x5c02260f153b,0

557.xz_r/2,2/super_hot_regions:97,0x5c02260f4060,2
557.xz_r/2,2/super_hot_regions:97,0x5c02260f4065,0
557.xz_r/2,2/super_hot_regions:97,0x5c02260f4068,0
557.xz_r/2,2/super_hot_regions:97,0x5c02260f406b,0

557.xz_r/3,3/super_hot_regions:126,0x5b74f5e78886,1
557.xz_r/3,3/super_hot_regions:126,0x5b74f5e78890,0

557.xz_r/3,3/super_hot_regions:138,0x5b74f5e77e5a,1
557.xz_r/3,3/super_hot_regions:138,0x5b74f5e77e67,0

557.xz_r/3,3/super_hot_regions:141,0x5b74f5e78420,1
557.xz_r/3,3/super_hot_regions:141,0x5b74f5e78423,0

557.xz_r/3,3/super_hot_regions:165,0x5b74f5e787d4,1
557.xz_r/3,3/super_hot_regions:165,0x5b74f5e787e0,0

557.xz_r/3,3/super_hot_regions:27,0x5b74f5e780db,1
557.xz_r/3,3/super_hot_regions:27,0x5b74f5e780de,0

557.xz_r/3,3/super_hot_regions:56,0x5b74f5e7814d,1
557.xz_r/3,3/super_hot_regions:56,0x5b74f5e78150,0

557.xz_r/3,3/super_hot_regions:71,0x5b74f5e77537,2
557.xz_r/3,3/super_hot_regions:71,0x5b74f5e7753b,0

557.xz_r/3,3/super_hot_regions:75,0x5b74f5e7b625,3
557.xz_r/3,3/super_hot_regions:75,0x5b74f5e7b628,0
557.xz_r/3,3/super_hot_regions:75,0x5b74f5e7b62b,0
557.xz_r/3,3/super_hot_regions:75,0x5b74f5e7b62e,0
557.xz_r/3,3/super_hot_regions:75,0x5b74f5e7b631,0
557.xz_r/3,3/super_hot_regions:75,0x5b74f5e7b634,0
557.xz_r/3,3/super_hot_regions:75,0x5b74f5e7b636,0

557.xz_r/3,3/super_hot_regions:83,0x5b74f5e6ffb4,1
557.xz_r/3,3/super_hot_regions:83,0x5b74f5e6ffb7,0

557.xz_r/3,3/super_hot_regions:96,0x5b74f5e73b5a,1
557.xz_r/3,3/super_hot_regions:96,0x5b74f5e73b5f,0

600.perlbench_s/1,1/super_hot_regions:12,0x65462c6a0e7e,1
600.perlbench_s/1,1/super_hot_regions:12,0x65462c6a0e80,0

600.perlbench_s/1,1/super_hot_regions:14,0x65462c6a0e8a,1
600.perlbench_s/1,1/super_hot_regions:14,0x65462c6a0e8c,0

600.perlbench_s/1,1/super_hot_regions:54,0x65462c690e38,1
600.perlbench_s/1,1/super_hot_regions:54,0x65462c690e4c,0

600.perlbench_s/1,1/super_hot_regions:94,0x65462c68ceaf,1
600.perlbench_s/1,1/super_hot_regions:94,0x65462c68ceb4,0

600.perlbench_s/1,1/super_hot_regions:96,0x65462c68d023,1
600.perlbench_s/1,1/super_hot_regions:96,0x65462c68d026,0
600.perlbench_s/1,1/super_hot_regions:96,0x65462c68d028,0

600.perlbench_s/2,2/super_hot_regions:110,0x574b6ac2ca70,2
600.perlbench_s/2,2/super_hot_regions:110,0x574b6ac2ca74,0
600.perlbench_s/2,2/super_hot_regions:110,0x574b6ac2ca78,0
600.perlbench_s/2,2/super_hot_regions:110,0x574b6ac2ca7b,0

600.perlbench_s/2,2/super_hot_regions:3,0x574b6ac8c8d3,6
600.perlbench_s/2,2/super_hot_regions:3,0x574b6ac8c8d9,0
600.perlbench_s/2,2/super_hot_regions:3,0x574b6ac8c8df,0
600.perlbench_s/2,2/super_hot_regions:3,0x574b6ac8c8fe,0
600.perlbench_s/2,2/super_hot_regions:3,0x574b6ac8c91a,0
600.perlbench_s/2,2/super_hot_regions:3,0x574b6ac8c920,0
600.perlbench_s/2,2/super_hot_regions:3,0x574b6ac8c923,0
600.perlbench_s/2,2/super_hot_regions:3,0x574b6ac8c929,0
600.perlbench_s/2,2/super_hot_regions:3,0x574b6ac8c92c,0
600.perlbench_s/2,2/super_hot_regions:3,0x574b6ac8c932,0
600.perlbench_s/2,2/super_hot_regions:3,0x574b6ac8c935,0
600.perlbench_s/2,2/super_hot_regions:3,0x574b6ac8c938,0
600.perlbench_s/2,2/super_hot_regions:3,0x574b6ac8c93b,0
600.perlbench_s/2,2/super_hot_regions:3,0x574b6ac8c93e,0
600.perlbench_s/2,2/super_hot_regions:3,0x574b6ac8c941,0
600.perlbench_s/2,2/super_hot_regions:3,0x574b6ac8c952,0

600.perlbench_s/2,2/super_hot_regions:43,0x574b6ac23e20,1
600.perlbench_s/2,2/super_hot_regions:43,0x574b6ac23e28,0

600.perlbench_s/2,2/super_hot_regions:85,0x574b6ac2b181,1
600.perlbench_s/2,2/super_hot_regions:85,0x574b6ac2b186,0

600.perlbench_s/2,2/super_hot_regions:88,0x574b6ac20e7e,1
600.perlbench_s/2,2/super_hot_regions:88,0x574b6ac20e80,0

600.perlbench_s/2,2/super_hot_regions:90,0x574b6ac20e8a,1
600.perlbench_s/2,2/super_hot_regions:90,0x574b6ac20e8c,0

600.perlbench_s/3,3/super_hot_regions:10,0x5ad3367dde7e,1
600.perlbench_s/3,3/super_hot_regions:10,0x5ad3367dde80,0

600.perlbench_s/3,3/super_hot_regions:12,0x5ad3367dde8a,1
600.perlbench_s/3,3/super_hot_regions:12,0x5ad3367dde8c,0

600.perlbench_s/3,3/super_hot_regions:144,0x5ad3367d9c96,1
600.perlbench_s/3,3/super_hot_regions:144,0x5ad3367d9c9b,0

600.perlbench_s/3,3/super_hot_regions:49,0x5ad3367cde38,1
600.perlbench_s/3,3/super_hot_regions:49,0x5ad3367cde4c,0

600.perlbench_s/3,3/super_hot_regions:8,0x5ad3368498d3,6
600.perlbench_s/3,3/super_hot_regions:8,0x5ad3368498d9,0
600.perlbench_s/3,3/super_hot_regions:8,0x5ad3368498df,0
600.perlbench_s/3,3/super_hot_regions:8,0x5ad3368498fe,0
600.perlbench_s/3,3/super_hot_regions:8,0x5ad33684991a,0
600.perlbench_s/3,3/super_hot_regions:8,0x5ad336849920,0
600.perlbench_s/3,3/super_hot_regions:8,0x5ad336849923,0
600.perlbench_s/3,3/super_hot_regions:8,0x5ad336849929,0
600.perlbench_s/3,3/super_hot_regions:8,0x5ad33684992c,0
600.perlbench_s/3,3/super_hot_regions:8,0x5ad336849932,0
600.perlbench_s/3,3/super_hot_regions:8,0x5ad336849935,0
600.perlbench_s/3,3/super_hot_regions:8,0x5ad336849938,0
600.perlbench_s/3,3/super_hot_regions:8,0x5ad33684993b,0
600.perlbench_s/3,3/super_hot_regions:8,0x5ad33684993e,0
600.perlbench_s/3,3/super_hot_regions:8,0x5ad336849941,0
600.perlbench_s/3,3/super_hot_regions:8,0x5ad336849952,0

602.gcc_s/1,1/super_hot_regions:20,0x5a9857bd673e,1
602.gcc_s/1,1/super_hot_regions:20,0x5a9857bd6740,0

602.gcc_s/1,1/super_hot_regions:39,0x5a98574d5c78,1
602.gcc_s/1,1/super_hot_regions:39,0x5a98574d5c7b,0

602.gcc_s/1,1/super_hot_regions:49,0x5a98574d5966,2
602.gcc_s/1,1/super_hot_regions:49,0x5a98574d5968,0
602.gcc_s/1,1/super_hot_regions:49,0x5a98574d596d,0
602.gcc_s/1,1/super_hot_regions:49,0x5a98574d5970,0

602.gcc_s/1,1/super_hot_regions:50,0x5a98574d5985,1
602.gcc_s/1,1/super_hot_regions:50,0x5a98574d5987,0

602.gcc_s/1,1/super_hot_regions:66,0x5a98574d5ccf,2
602.gcc_s/1,1/super_hot_regions:66,0x5a98574d5cd1,0
602.gcc_s/1,1/super_hot_regions:66,0x5a98574d5cd4,0
602.gcc_s/1,1/super_hot_regions:66,0x5a98574d5ce1,0

602.gcc_s/2,2/super_hot_regions:19,0x633164475c78,1
602.gcc_s/2,2/super_hot_regions:19,0x633164475c7b,0

602.gcc_s/2,2/super_hot_regions:24,0x633164475966,2
602.gcc_s/2,2/super_hot_regions:24,0x633164475968,0
602.gcc_s/2,2/super_hot_regions:24,0x63316447596d,0
602.gcc_s/2,2/super_hot_regions:24,0x633164475970,0

602.gcc_s/2,2/super_hot_regions:25,0x633164475985,1
602.gcc_s/2,2/super_hot_regions:25,0x633164475987,0

602.gcc_s/2,2/super_hot_regions:31,0x633164475ccf,2
602.gcc_s/2,2/super_hot_regions:31,0x633164475cd1,0
602.gcc_s/2,2/super_hot_regions:31,0x633164475cd4,0
602.gcc_s/2,2/super_hot_regions:31,0x633164475ce1,0

602.gcc_s/2,2/super_hot_regions:50,0x633164704d87,1
602.gcc_s/2,2/super_hot_regions:50,0x633164704d8d,0

602.gcc_s/2,2/super_hot_regions:58,0x63316446cef6,1
602.gcc_s/2,2/super_hot_regions:58,0x63316446cf21,0

602.gcc_s/2,2/super_hot_regions:69,0x6331644757c8,1
602.gcc_s/2,2/super_hot_regions:69,0x6331644757ca,0

602.gcc_s/2,2/super_hot_regions:80,0x633164475822,1
602.gcc_s/2,2/super_hot_regions:80,0x633164475824,0
602.gcc_s/2,2/super_hot_regions:80,0x633164475827,0

602.gcc_s/2,2/super_hot_regions:95,0x633164bed1cc,2
602.gcc_s/2,2/super_hot_regions:95,0x633164bed1d4,0

602.gcc_s/3,3/super_hot_regions:11,0x5692ecfc7966,2
602.gcc_s/3,3/super_hot_regions:11,0x5692ecfc7968,0
602.gcc_s/3,3/super_hot_regions:11,0x5692ecfc796d,0
602.gcc_s/3,3/super_hot_regions:11,0x5692ecfc7970,0

602.gcc_s/3,3/super_hot_regions:12,0x5692ecfc7985,1
602.gcc_s/3,3/super_hot_regions:12,0x5692ecfc7987,0

602.gcc_s/3,3/super_hot_regions:25,0x5692ecfc77c8,1
602.gcc_s/3,3/super_hot_regions:25,0x5692ecfc77ca,0

602.gcc_s/3,3/super_hot_regions:29,0x5692ecfc7822,1
602.gcc_s/3,3/super_hot_regions:29,0x5692ecfc7824,0
602.gcc_s/3,3/super_hot_regions:29,0x5692ecfc7827,0

602.gcc_s/3,3/super_hot_regions:4,0x5692ecfc7c78,1
602.gcc_s/3,3/super_hot_regions:4,0x5692ecfc7c7b,0

602.gcc_s/3,3/super_hot_regions:47,0x5692ed256d87,1
602.gcc_s/3,3/super_hot_regions:47,0x5692ed256d8d,0

602.gcc_s/3,3/super_hot_regions:55,0x5692ecfbeef6,1
602.gcc_s/3,3/super_hot_regions:55,0x5692ecfbef21,0

602.gcc_s/3,3/super_hot_regions:8,0x5692ecfc7ccf,2
602.gcc_s/3,3/super_hot_regions:8,0x5692ecfc7cd1,0
602.gcc_s/3,3/super_hot_regions:8,0x5692ecfc7cd4,0
602.gcc_s/3,3/super_hot_regions:8,0x5692ecfc7ce1,0

603.bwaves_s/1,1/super_hot_regions:101,0x71cc307a0f84,1
603.bwaves_s/1,1/super_hot_regions:101,0x71cc307a0f8b,0

603.bwaves_s/1,1/super_hot_regions:132,0x5a7ed4f23dcc,1
603.bwaves_s/1,1/super_hot_regions:132,0x5a7ed4f23dcf,0

603.bwaves_s/1,1/super_hot_regions:133,0x5a7ed4f23de8,2
603.bwaves_s/1,1/super_hot_regions:133,0x5a7ed4f23dff,0

603.bwaves_s/1,1/super_hot_regions:138,0x71cc30a6cac1,2
603.bwaves_s/1,1/super_hot_regions:138,0x71cc30a6cac6,0
603.bwaves_s/1,1/super_hot_regions:138,0x71cc30a6cacb,0
603.bwaves_s/1,1/super_hot_regions:138,0x71cc30a6cacf,0

603.bwaves_s/1,1/super_hot_regions:141,0x5a7ed69922a6,1
603.bwaves_s/1,1/super_hot_regions:141,0x5a7ed69922a9,0

603.bwaves_s/1,1/super_hot_regions:152,0x5a7ed4f26137,2
603.bwaves_s/1,1/super_hot_regions:152,0x5a7ed4f2613b,0

603.bwaves_s/1,1/super_hot_regions:153,0x5a7ed4f26172,2
603.bwaves_s/1,1/super_hot_regions:153,0x5a7ed4f26175,0

603.bwaves_s/1,1/super_hot_regions:156,0x5a7ed4f260d5,2
603.bwaves_s/1,1/super_hot_regions:156,0x5a7ed4f262ed,0

603.bwaves_s/1,1/super_hot_regions:162,0x5a7ed4f21225,1
603.bwaves_s/1,1/super_hot_regions:162,0x5a7ed4f21240,0

603.bwaves_s/1,1/super_hot_regions:176,0x5a7ed4f273e6,2
603.bwaves_s/1,1/super_hot_regions:176,0x5a7ed4f2744f,0

603.bwaves_s/1,1/super_hot_regions:190,0x5a7ed4f207e0,1
603.bwaves_s/1,1/super_hot_regions:190,0x5a7ed4f207ea,0

603.bwaves_s/1,1/super_hot_regions:198,0x5a7ed4f202a3,1
603.bwaves_s/1,1/super_hot_regions:198,0x5a7ed4f202ad,0

603.bwaves_s/1,1/super_hot_regions:79,0x5a7ed4f26c08,2
603.bwaves_s/1,1/super_hot_regions:79,0x5a7ed4f26c0b,0

603.bwaves_s/1,1/super_hot_regions:80,0x5a7ed4f26c11,2
603.bwaves_s/1,1/super_hot_regions:80,0x5a7ed4f26c15,0

603.bwaves_s/1,1/super_hot_regions:81,0x5a7ed4f26c2d,2
603.bwaves_s/1,1/super_hot_regions:81,0x5a7ed4f26c30,0

603.bwaves_s/1,1/super_hot_regions:82,0x5a7ed4f26c47,2
603.bwaves_s/1,1/super_hot_regions:82,0x5a7ed4f26c4b,0

603.bwaves_s/1,1/super_hot_regions:92,0x71cc30a6c8b4,1
603.bwaves_s/1,1/super_hot_regions:92,0x71cc30a6c8c3,0

603.bwaves_s/1,1/super_hot_regions:93,0x71cc30a6c8b9,1
603.bwaves_s/1,1/super_hot_regions:93,0x71cc30a6c8cc,0

603.bwaves_s/1,1/super_hot_regions:96,0x71cc30a6c94e,1
603.bwaves_s/1,1/super_hot_regions:96,0x71cc30a6ca13,0

603.bwaves_s/2,2/super_hot_regions:101,0x7c1a1df8fac1,2
603.bwaves_s/2,2/super_hot_regions:101,0x7c1a1df8fac6,0
603.bwaves_s/2,2/super_hot_regions:101,0x7c1a1df8facb,0
603.bwaves_s/2,2/super_hot_regions:101,0x7c1a1df8facf,0

603.bwaves_s/2,2/super_hot_regions:107,0x55c2daab3c08,2
603.bwaves_s/2,2/super_hot_regions:107,0x55c2daab3c0b,0

603.bwaves_s/2,2/super_hot_regions:108,0x55c2daab3c11,2
603.bwaves_s/2,2/super_hot_regions:108,0x55c2daab3c15,0

603.bwaves_s/2,2/super_hot_regions:109,0x55c2daab3c2d,2
603.bwaves_s/2,2/super_hot_regions:109,0x55c2daab3c30,0

603.bwaves_s/2,2/super_hot_regions:110,0x55c2daab3c47,2
603.bwaves_s/2,2/super_hot_regions:110,0x55c2daab3c4b,0

603.bwaves_s/2,2/super_hot_regions:128,0x55c2daab3137,2
603.bwaves_s/2,2/super_hot_regions:128,0x55c2daab313b,0

603.bwaves_s/2,2/super_hot_regions:129,0x55c2daab3172,2
603.bwaves_s/2,2/super_hot_regions:129,0x55c2daab3175,0

603.bwaves_s/2,2/super_hot_regions:132,0x55c2daab30d5,2
603.bwaves_s/2,2/super_hot_regions:132,0x55c2daab32ed,0

603.bwaves_s/2,2/super_hot_regions:142,0x55c2daab0dcc,1
603.bwaves_s/2,2/super_hot_regions:142,0x55c2daab0dcf,0

603.bwaves_s/2,2/super_hot_regions:143,0x55c2daab0de8,2
603.bwaves_s/2,2/super_hot_regions:143,0x55c2daab0dff,0

603.bwaves_s/2,2/super_hot_regions:148,0x55c2dc3aa2a6,1
603.bwaves_s/2,2/super_hot_regions:148,0x55c2dc3aa2a9,0

603.bwaves_s/2,2/super_hot_regions:167,0x55c2daaad2a3,1
603.bwaves_s/2,2/super_hot_regions:167,0x55c2daaad2ad,0

603.bwaves_s/2,2/super_hot_regions:175,0x55c2daaad7e0,1
603.bwaves_s/2,2/super_hot_regions:175,0x55c2daaad7ea,0

603.bwaves_s/2,2/super_hot_regions:192,0x55c2daaae225,1
603.bwaves_s/2,2/super_hot_regions:192,0x55c2daaae240,0

603.bwaves_s/2,2/super_hot_regions:199,0x55c2daaadcf3,1
603.bwaves_s/2,2/super_hot_regions:199,0x55c2daaadcfd,0

603.bwaves_s/2,2/super_hot_regions:20,0x7c1a1dda0f84,1
603.bwaves_s/2,2/super_hot_regions:20,0x7c1a1dda0f8b,0

603.bwaves_s/2,2/super_hot_regions:81,0x7c1a1df8f8b4,1
603.bwaves_s/2,2/super_hot_regions:81,0x7c1a1df8f8c3,0

603.bwaves_s/2,2/super_hot_regions:82,0x7c1a1df8f8b9,1
603.bwaves_s/2,2/super_hot_regions:82,0x7c1a1df8f8cc,0

603.bwaves_s/2,2/super_hot_regions:85,0x7c1a1df8f94e,1
603.bwaves_s/2,2/super_hot_regions:85,0x7c1a1df8fa13,0

605.mcf_s/1,1/super_hot_regions:100,0x5a81905e8c4d,2
605.mcf_s/1,1/super_hot_regions:100,0x5a81905e8c57,0
605.mcf_s/1,1/super_hot_regions:100,0x5a81905e8c60,0

605.mcf_s/1,1/super_hot_regions:116,0x5a81905e767f,1
605.mcf_s/1,1/super_hot_regions:116,0x5a81905e7688,0

605.mcf_s/1,1/super_hot_regions:120,0x5a81905e7a23,1
605.mcf_s/1,1/super_hot_regions:120,0x5a81905e7a29,0

605.mcf_s/1,1/super_hot_regions:123,0x5a81905e8040,1
605.mcf_s/1,1/super_hot_regions:123,0x5a81905e8043,0

605.mcf_s/1,1/super_hot_regions:138,0x5a81905e7aba,1
605.mcf_s/1,1/super_hot_regions:138,0x5a81905e7abd,0

605.mcf_s/1,1/super_hot_regions:51,0x5a81905e55f8,2
605.mcf_s/1,1/super_hot_regions:51,0x5a81905e55fb,0
605.mcf_s/1,1/super_hot_regions:51,0x5a81905e55ff,0
605.mcf_s/1,1/super_hot_regions:51,0x5a81905e5602,0

605.mcf_s/1,1/super_hot_regions:61,0x5a81905e8c83,1
605.mcf_s/1,1/super_hot_regions:61,0x5a81905e8c91,0

605.mcf_s/1,1/super_hot_regions:62,0x5a81905e8c8e,1
605.mcf_s/1,1/super_hot_regions:62,0x5a81905e8c94,0

605.mcf_s/1,1/super_hot_regions:64,0x5a81905e3973,5
605.mcf_s/1,1/super_hot_regions:64,0x5a81905e3976,0
605.mcf_s/1,1/super_hot_regions:64,0x5a81905e397a,0
605.mcf_s/1,1/super_hot_regions:64,0x5a81905e397e,0
605.mcf_s/1,1/super_hot_regions:64,0x5a81905e3982,0
605.mcf_s/1,1/super_hot_regions:64,0x5a81905e3985,0

605.mcf_s/1,1/super_hot_regions:77,0x5a81905e3990,2
605.mcf_s/1,1/super_hot_regions:77,0x5a81905e3994,0

605.mcf_s/1,1/super_hot_regions:8,0x5a81905e5097,1
605.mcf_s/1,1/super_hot_regions:8,0x5a81905e50ad,0

605.mcf_s/1,1/super_hot_regions:82,0x5a81905e806d,1
605.mcf_s/1,1/super_hot_regions:82,0x5a81905e807b,0

605.mcf_s/1,1/super_hot_regions:83,0x5a81905e8078,1
605.mcf_s/1,1/super_hot_regions:83,0x5a81905e807e,0

605.mcf_s/1,1/super_hot_regions:98,0x5a81905e8c54,1
605.mcf_s/1,1/super_hot_regions:98,0x5a81905e8c5a,0

605.mcf_s/1,1/super_hot_regions:99,0x5a81905e8c51,1
605.mcf_s/1,1/super_hot_regions:99,0x5a81905e8c5d,0

607.cactuBSSN_s/1,1/super_hot_regions:113,0x72c8dcb2f669,1
607.cactuBSSN_s/1,1/super_hot_regions:113,0x72c8dcb2f685,0

607.cactuBSSN_s/1,1/super_hot_regions:131,0x72c8dcb2f8b4,1
607.cactuBSSN_s/1,1/super_hot_regions:131,0x72c8dcb2f8c3,0

607.cactuBSSN_s/1,1/super_hot_regions:132,0x72c8dcb2f8b9,1
607.cactuBSSN_s/1,1/super_hot_regions:132,0x72c8dcb2f8cc,0

607.cactuBSSN_s/1,1/super_hot_regions:135,0x72c8dcb2f94e,1
607.cactuBSSN_s/1,1/super_hot_regions:135,0x72c8dcb2fa13,0

607.cactuBSSN_s/1,1/super_hot_regions:142,0x72c8dcb2fac1,2
607.cactuBSSN_s/1,1/super_hot_regions:142,0x72c8dcb2fac6,0
607.cactuBSSN_s/1,1/super_hot_regions:142,0x72c8dcb2facb,0
607.cactuBSSN_s/1,1/super_hot_regions:142,0x72c8dcb2facf,0

607.cactuBSSN_s/1,1/super_hot_regions:207,0x626fc53732a6,1
607.cactuBSSN_s/1,1/super_hot_regions:207,0x626fc53732a9,0

607.cactuBSSN_s/1,1/super_hot_regions:59,0x72c8dcb2f474,1
607.cactuBSSN_s/1,1/super_hot_regions:59,0x72c8dcb2f47e,0

607.cactuBSSN_s/1,1/super_hot_regions:64,0x72c8dcb2f521,1
607.cactuBSSN_s/1,1/super_hot_regions:64,0x72c8dcb2f526,0

619.lbm_s/1,1/super_hot_regions:182,0x5ad2e9b21056,1
619.lbm_s/1,1/super_hot_regions:182,0x5ad2e9b2105b,0

619.lbm_s/1,1/super_hot_regions:24,0x5ad2e9b1b2dd,1
619.lbm_s/1,1/super_hot_regions:24,0x5ad2e9b1b2e2,0

619.lbm_s/1,1/super_hot_regions:55,0x5ad2e9b1c7aa,15
619.lbm_s/1,1/super_hot_regions:55,0x5ad2e9b1c7af,0
619.lbm_s/1,1/super_hot_regions:55,0x5ad2e9b1c7b3,0
619.lbm_s/1,1/super_hot_regions:55,0x5ad2e9b1c7b8,0
619.lbm_s/1,1/super_hot_regions:55,0x5ad2e9b1c7bc,0
619.lbm_s/1,1/super_hot_regions:55,0x5ad2e9b1c7c6,0
619.lbm_s/1,1/super_hot_regions:55,0x5ad2e9b1c7cb,0
619.lbm_s/1,1/super_hot_regions:55,0x5ad2e9b1c7d0,0
619.lbm_s/1,1/super_hot_regions:55,0x5ad2e9b1c7d4,0
619.lbm_s/1,1/super_hot_regions:55,0x5ad2e9b1c7d9,0
619.lbm_s/1,1/super_hot_regions:55,0x5ad2e9b1c7e4,0
619.lbm_s/1,1/super_hot_regions:55,0x5ad2e9b1c7e9,0
619.lbm_s/1,1/super_hot_regions:55,0x5ad2e9b1c7ee,0
619.lbm_s/1,1/super_hot_regions:55,0x5ad2e9b1c7f3,0
619.lbm_s/1,1/super_hot_regions:55,0x5ad2e9b1c7f8,0
619.lbm_s/1,1/super_hot_regions:55,0x5ad2e9b1c7fc,0
619.lbm_s/1,1/super_hot_regions:55,0x5ad2e9b1c800,0
619.lbm_s/1,1/super_hot_regions:55,0x5ad2e9b1c805,0
619.lbm_s/1,1/super_hot_regions:55,0x5ad2e9b1c80a,0
619.lbm_s/1,1/super_hot_regions:55,0x5ad2e9b1c80e,0
619.lbm_s/1,1/super_hot_regions:55,0x5ad2e9b1c813,0
619.lbm_s/1,1/super_hot_regions:55,0x5ad2e9b1c818,0
619.lbm_s/1,1/super_hot_regions:55,0x5ad2e9b1c81c,0
619.lbm_s/1,1/super_hot_regions:55,0x5ad2e9b1c821,0
619.lbm_s/1,1/super_hot_regions:55,0x5ad2e9b1c826,0
619.lbm_s/1,1/super_hot_regions:55,0x5ad2e9b1c82a,0
619.lbm_s/1,1/super_hot_regions:55,0x5ad2e9b1c82f,0
619.lbm_s/1,1/super_hot_regions:55,0x5ad2e9b1c834,0
619.lbm_s/1,1/super_hot_regions:55,0x5ad2e9b1c838,0
619.lbm_s/1,1/super_hot_regions:55,0x5ad2e9b1c83c,0
619.lbm_s/1,1/super_hot_regions:55,0x5ad2e9b1c840,0
619.lbm_s/1,1/super_hot_regions:55,0x5ad2e9b1c844,0
619.lbm_s/1,1/super_hot_regions:55,0x5ad2e9b1c848,0
619.lbm_s/1,1/super_hot_regions:55,0x5ad2e9b1c84d,0
619.lbm_s/1,1/super_hot_regions:55,0x5ad2e9b1c851,0
619.lbm_s/1,1/super_hot_regions:55,0x5ad2e9b1c855,0
619.lbm_s/1,1/super_hot_regions:55,0x5ad2e9b1c85a,0
619.lbm_s/1,1/super_hot_regions:55,0x5ad2e9b1c85e,0
619.lbm_s/1,1/super_hot_regions:55,0x5ad2e9b1c862,0
619.lbm_s/1,1/super_hot_regions:55,0x5ad2e9b1c866,0
619.lbm_s/1,1/super_hot_regions:55,0x5ad2e9b1c86a,0
619.lbm_s/1,1/super_hot_regions:55,0x5ad2e9b1c86e,0
619.lbm_s/1,1/super_hot_regions:55,0x5ad2e9b1c873,0

619.lbm_s/1,1/super_hot_regions:74,0x5ad2ea1712a6,1
619.lbm_s/1,1/super_hot_regions:74,0x5ad2ea1712a9,0

619.lbm_s/1,1/super_hot_regions:85,0x5ad2ea171364,1
619.lbm_s/1,1/super_hot_regions:85,0x5ad2ea171367,0

619.lbm_s/1,1/super_hot_regions:91,0x5ad2ea17174f,1
619.lbm_s/1,1/super_hot_regions:91,0x5ad2ea171752,0

620.omnetpp_s/1,1/super_hot_regions:0,0x5821d46372a4,1
620.omnetpp_s/1,1/super_hot_regions:0,0x5821d46372a7,0

620.omnetpp_s/1,1/super_hot_regions:108,0x5821d4637068,1
620.omnetpp_s/1,1/super_hot_regions:108,0x5821d463706a,0
620.omnetpp_s/1,1/super_hot_regions:108,0x5821d463706c,0

620.omnetpp_s/1,1/super_hot_regions:133,0x5821d45f7944,1
620.omnetpp_s/1,1/super_hot_regions:133,0x5821d45f7969,0

620.omnetpp_s/1,1/super_hot_regions:19,0x5821d4637068,1
620.omnetpp_s/1,1/super_hot_regions:19,0x5821d463706a,0
620.omnetpp_s/1,1/super_hot_regions:19,0x5821d463706c,0

620.omnetpp_s/1,1/super_hot_regions:41,0x75babbeaccd4,1
620.omnetpp_s/1,1/super_hot_regions:41,0x75babbeacce1,0

620.omnetpp_s/1,1/super_hot_regions:42,0x75babbeaccd7,1
620.omnetpp_s/1,1/super_hot_regions:42,0x75babbeacced,0

620.omnetpp_s/1,1/super_hot_regions:61,0x75babbaa51b4,2
620.omnetpp_s/1,1/super_hot_regions:61,0x75babbaa51b8,0

621.wrf_s/1,1/super_hot_regions:101,0x57d804dec19a,1
621.wrf_s/1,1/super_hot_regions:101,0x57d804dec1a0,0

621.wrf_s/1,1/super_hot_regions:16,0x7d84495571c2,1
621.wrf_s/1,1/super_hot_regions:16,0x7d84495571c6,0
621.wrf_s/1,1/super_hot_regions:16,0x7d84495571ca,0

621.wrf_s/1,1/super_hot_regions:36,0x7d84491a0f84,1
621.wrf_s/1,1/super_hot_regions:36,0x7d84491a0f8b,0

623.xalancbmk_s/1,1/super_hot_regions:104,0x57e5849aab88,1
623.xalancbmk_s/1,1/super_hot_regions:104,0x57e5849aab8b,0

623.xalancbmk_s/1,1/super_hot_regions:44,0x57e58499cf2a,1
623.xalancbmk_s/1,1/super_hot_regions:44,0x57e58499cf2d,0

623.xalancbmk_s/1,1/super_hot_regions:48,0x57e58499ceaa,1
623.xalancbmk_s/1,1/super_hot_regions:48,0x57e58499cead,0

623.xalancbmk_s/1,1/super_hot_regions:93,0x57e584a995b8,1
623.xalancbmk_s/1,1/super_hot_regions:93,0x57e584a995be,0

625.x264_s/1,1/super_hot_regions:0,0x5b5b15ecdcf1,2
625.x264_s/1,1/super_hot_regions:0,0x5b5b15ecdcf6,0

625.x264_s/1,1/super_hot_regions:122,0x5b5b15ecfb21,2
625.x264_s/1,1/super_hot_regions:122,0x5b5b15ecfb26,0

625.x264_s/1,1/super_hot_regions:133,0x5b5b15ecfaeb,1
625.x264_s/1,1/super_hot_regions:133,0x5b5b15ecfaf4,0

625.x264_s/1,1/super_hot_regions:15,0x5b5b15ed7db6,2
625.x264_s/1,1/super_hot_regions:15,0x5b5b15ed7db9,0

625.x264_s/1,1/super_hot_regions:159,0x5b5b15f20d21,2
625.x264_s/1,1/super_hot_regions:159,0x5b5b15f20d29,0

625.x264_s/1,1/super_hot_regions:190,0x5b5b15eca195,1
625.x264_s/1,1/super_hot_regions:190,0x5b5b15eca1a8,0

625.x264_s/1,1/super_hot_regions:30,0x5b5b15ed8180,2
625.x264_s/1,1/super_hot_regions:30,0x5b5b15ed8188,0

625.x264_s/1,1/super_hot_regions:31,0x5b5b15ed818f,2
625.x264_s/1,1/super_hot_regions:31,0x5b5b15ed8197,0

625.x264_s/1,1/super_hot_regions:36,0x5b5b15eca1d8,2
625.x264_s/1,1/super_hot_regions:36,0x5b5b15eca1dd,0

625.x264_s/1,1/super_hot_regions:37,0x5b5b15eca1ec,2
625.x264_s/1,1/super_hot_regions:37,0x5b5b15eca1f1,0

625.x264_s/1,1/super_hot_regions:38,0x5b5b15eca201,2
625.x264_s/1,1/super_hot_regions:38,0x5b5b15eca206,0

625.x264_s/1,1/super_hot_regions:39,0x5b5b15eca216,2
625.x264_s/1,1/super_hot_regions:39,0x5b5b15eca21b,0

625.x264_s/1,1/super_hot_regions:4,0x5b5b15ec778b,2
625.x264_s/1,1/super_hot_regions:4,0x5b5b15ec7790,0

625.x264_s/1,1/super_hot_regions:40,0x5b5b15eca22b,2
625.x264_s/1,1/super_hot_regions:40,0x5b5b15eca230,0

625.x264_s/1,1/super_hot_regions:41,0x5b5b15eca240,2
625.x264_s/1,1/super_hot_regions:41,0x5b5b15eca245,0

625.x264_s/1,1/super_hot_regions:42,0x5b5b15eca255,2
625.x264_s/1,1/super_hot_regions:42,0x5b5b15eca25a,0

625.x264_s/1,1/super_hot_regions:43,0x5b5b15eca26c,2
625.x264_s/1,1/super_hot_regions:43,0x5b5b15eca271,0

625.x264_s/1,1/super_hot_regions:61,0x5b5b15ecd1de,1
625.x264_s/1,1/super_hot_regions:61,0x5b5b15ecd1e0,0

625.x264_s/1,1/super_hot_regions:63,0x5b5b15ecd1f1,1
625.x264_s/1,1/super_hot_regions:63,0x5b5b15ecd200,0

625.x264_s/1,1/super_hot_regions:64,0x5b5b15ecd1f4,1
625.x264_s/1,1/super_hot_regions:64,0x5b5b15ecd204,0

625.x264_s/1,1/super_hot_regions:83,0x5b5b15eece5c,1
625.x264_s/1,1/super_hot_regions:83,0x5b5b15eece5e,0
625.x264_s/1,1/super_hot_regions:83,0x5b5b15eece61,0

625.x264_s/2,2/super_hot_regions:0,0x577f79d8ecf1,2
625.x264_s/2,2/super_hot_regions:0,0x577f79d8ecf6,0

625.x264_s/2,2/super_hot_regions:104,0x577f79d99180,2
625.x264_s/2,2/super_hot_regions:104,0x577f79d99188,0

625.x264_s/2,2/super_hot_regions:105,0x577f79d9918f,2
625.x264_s/2,2/super_hot_regions:105,0x577f79d99197,0

625.x264_s/2,2/super_hot_regions:122,0x577f79d98fa7,2
625.x264_s/2,2/super_hot_regions:122,0x577f79d98faf,0

625.x264_s/2,2/super_hot_regions:123,0x577f79d98fb6,2
625.x264_s/2,2/super_hot_regions:123,0x577f79d98fbe,0

625.x264_s/2,2/super_hot_regions:124,0x577f79d98fd0,2
625.x264_s/2,2/super_hot_regions:124,0x577f79d98fd4,0
625.x264_s/2,2/super_hot_regions:124,0x577f79d98fd7,0

625.x264_s/2,2/super_hot_regions:125,0x577f79d98fde,2
625.x264_s/2,2/super_hot_regions:125,0x577f79d98fe2,0
625.x264_s/2,2/super_hot_regions:125,0x577f79d98fe5,0

625.x264_s/2,2/super_hot_regions:127,0x577f79d98f61,2
625.x264_s/2,2/super_hot_regions:127,0x577f79d98f6c,0

625.x264_s/2,2/super_hot_regions:128,0x577f79d98f5d,2
625.x264_s/2,2/super_hot_regions:128,0x577f79d98f72,0

625.x264_s/2,2/super_hot_regions:13,0x577f79d98db6,2
625.x264_s/2,2/super_hot_regions:13,0x577f79d98db9,0

625.x264_s/2,2/super_hot_regions:131,0x577f79d8b1d8,2
625.x264_s/2,2/super_hot_regions:131,0x577f79d8b1dd,0

625.x264_s/2,2/super_hot_regions:132,0x577f79d8b1ec,2
625.x264_s/2,2/super_hot_regions:132,0x577f79d8b1f1,0

625.x264_s/2,2/super_hot_regions:133,0x577f79d8b201,2
625.x264_s/2,2/super_hot_regions:133,0x577f79d8b206,0

625.x264_s/2,2/super_hot_regions:134,0x577f79d8b216,2
625.x264_s/2,2/super_hot_regions:134,0x577f79d8b21b,0

625.x264_s/2,2/super_hot_regions:135,0x577f79d8b22b,2
625.x264_s/2,2/super_hot_regions:135,0x577f79d8b230,0

625.x264_s/2,2/super_hot_regions:136,0x577f79d8b240,2
625.x264_s/2,2/super_hot_regions:136,0x577f79d8b245,0

625.x264_s/2,2/super_hot_regions:137,0x577f79d8b255,2
625.x264_s/2,2/super_hot_regions:137,0x577f79d8b25a,0

625.x264_s/2,2/super_hot_regions:138,0x577f79d8b26c,2
625.x264_s/2,2/super_hot_regions:138,0x577f79d8b271,0

625.x264_s/2,2/super_hot_regions:162,0x577f79d99e18,2
625.x264_s/2,2/super_hot_regions:162,0x577f79d99e1b,0
625.x264_s/2,2/super_hot_regions:162,0x577f79d99e1f,0
625.x264_s/2,2/super_hot_regions:162,0x577f79d99e22,0

625.x264_s/2,2/super_hot_regions:178,0x577f79dade5c,1
625.x264_s/2,2/super_hot_regions:178,0x577f79dade5e,0
625.x264_s/2,2/super_hot_regions:178,0x577f79dade61,0

625.x264_s/2,2/super_hot_regions:36,0x577f79dc0c6f,2
625.x264_s/2,2/super_hot_regions:36,0x577f79dc0c80,0

625.x264_s/2,2/super_hot_regions:4,0x577f79d8878b,2
625.x264_s/2,2/super_hot_regions:4,0x577f79d88790,0

625.x264_s/2,2/super_hot_regions:58,0x577f79d8e1de,1
625.x264_s/2,2/super_hot_regions:58,0x577f79d8e1e0,0

625.x264_s/2,2/super_hot_regions:60,0x577f79d8e1f1,1
625.x264_s/2,2/super_hot_regions:60,0x577f79d8e200,0

625.x264_s/2,2/super_hot_regions:61,0x577f79d8e1f4,1
625.x264_s/2,2/super_hot_regions:61,0x577f79d8e204,0

625.x264_s/2,2/super_hot_regions:75,0x577f79d883b3,7
625.x264_s/2,2/super_hot_regions:75,0x577f79d883b8,0
625.x264_s/2,2/super_hot_regions:75,0x577f79d883be,0
625.x264_s/2,2/super_hot_regions:75,0x577f79d883c4,0
625.x264_s/2,2/super_hot_regions:75,0x577f79d883c7,0
625.x264_s/2,2/super_hot_regions:75,0x577f79d883d8,0
625.x264_s/2,2/super_hot_regions:75,0x577f79d883dd,0
625.x264_s/2,2/super_hot_regions:75,0x577f79d883e6,0
625.x264_s/2,2/super_hot_regions:75,0x577f79d883ec,0
625.x264_s/2,2/super_hot_regions:75,0x577f79d883f3,0
625.x264_s/2,2/super_hot_regions:75,0x577f79d883fc,0
625.x264_s/2,2/super_hot_regions:75,0x577f79d88400,0
625.x264_s/2,2/super_hot_regions:75,0x577f79d88404,0

625.x264_s/2,2/super_hot_regions:80,0x577f79d88431,1
625.x264_s/2,2/super_hot_regions:80,0x577f79d88433,0

625.x264_s/2,2/super_hot_regions:84,0x577f79d88464,1
625.x264_s/2,2/super_hot_regions:84,0x577f79d884a0,0

625.x264_s/2,2/super_hot_regions:85,0x577f79d88469,1
625.x264_s/2,2/super_hot_regions:85,0x577f79d884a5,0

625.x264_s/2,2/super_hot_regions:86,0x577f79d8846e,1
625.x264_s/2,2/super_hot_regions:86,0x577f79d884aa,0

625.x264_s/2,2/super_hot_regions:87,0x577f79d88473,1
625.x264_s/2,2/super_hot_regions:87,0x577f79d884af,0

625.x264_s/2,2/super_hot_regions:88,0x577f79d88478,1
625.x264_s/2,2/super_hot_regions:88,0x577f79d884b4,0

625.x264_s/2,2/super_hot_regions:89,0x577f79d8847b,1
625.x264_s/2,2/super_hot_regions:89,0x577f79d884b8,0

625.x264_s/2,2/super_hot_regions:90,0x577f79d88480,1
625.x264_s/2,2/super_hot_regions:90,0x577f79d884bd,0

625.x264_s/2,2/super_hot_regions:91,0x577f79d88485,1
625.x264_s/2,2/super_hot_regions:91,0x577f79d884c2,0

625.x264_s/2,2/super_hot_regions:95,0x577f79d90b21,2
625.x264_s/2,2/super_hot_regions:95,0x577f79d90b26,0

625.x264_s/2,2/super_hot_regions:99,0x577f79d90aeb,1
625.x264_s/2,2/super_hot_regions:99,0x577f79d90af4,0

625.x264_s/3,3/super_hot_regions:0,0x63b8bf9facf1,2
625.x264_s/3,3/super_hot_regions:0,0x63b8bf9facf6,0

625.x264_s/3,3/super_hot_regions:10,0x63b8bfa04db6,2
625.x264_s/3,3/super_hot_regions:10,0x63b8bfa04db9,0

625.x264_s/3,3/super_hot_regions:104,0x63b8bf9fcaeb,1
625.x264_s/3,3/super_hot_regions:104,0x63b8bf9fcaf4,0

625.x264_s/3,3/super_hot_regions:106,0x63b8bf9f71d8,2
625.x264_s/3,3/super_hot_regions:106,0x63b8bf9f71dd,0

625.x264_s/3,3/super_hot_regions:107,0x63b8bf9f71ec,2
625.x264_s/3,3/super_hot_regions:107,0x63b8bf9f71f1,0

625.x264_s/3,3/super_hot_regions:108,0x63b8bf9f7201,2
625.x264_s/3,3/super_hot_regions:108,0x63b8bf9f7206,0

625.x264_s/3,3/super_hot_regions:109,0x63b8bf9f7216,2
625.x264_s/3,3/super_hot_regions:109,0x63b8bf9f721b,0

625.x264_s/3,3/super_hot_regions:110,0x63b8bf9f722b,2
625.x264_s/3,3/super_hot_regions:110,0x63b8bf9f7230,0

625.x264_s/3,3/super_hot_regions:111,0x63b8bf9f7240,2
625.x264_s/3,3/super_hot_regions:111,0x63b8bf9f7245,0

625.x264_s/3,3/super_hot_regions:112,0x63b8bf9f7255,2
625.x264_s/3,3/super_hot_regions:112,0x63b8bf9f725a,0

625.x264_s/3,3/super_hot_regions:113,0x63b8bf9f726c,2
625.x264_s/3,3/super_hot_regions:113,0x63b8bf9f7271,0

625.x264_s/3,3/super_hot_regions:157,0x63b8bfa04fd0,2
625.x264_s/3,3/super_hot_regions:157,0x63b8bfa04fd4,0
625.x264_s/3,3/super_hot_regions:157,0x63b8bfa04fd7,0

625.x264_s/3,3/super_hot_regions:158,0x63b8bfa04fde,2
625.x264_s/3,3/super_hot_regions:158,0x63b8bfa04fe2,0
625.x264_s/3,3/super_hot_regions:158,0x63b8bfa04fe5,0

625.x264_s/3,3/super_hot_regions:162,0x63b8bfa04f61,2
625.x264_s/3,3/super_hot_regions:162,0x63b8bfa04f6c,0

625.x264_s/3,3/super_hot_regions:163,0x63b8bfa04f5d,2
625.x264_s/3,3/super_hot_regions:163,0x63b8bfa04f72,0

625.x264_s/3,3/super_hot_regions:165,0x63b8bfa04fa7,2
625.x264_s/3,3/super_hot_regions:165,0x63b8bfa04faf,0

625.x264_s/3,3/super_hot_regions:166,0x63b8bfa04fb6,2
625.x264_s/3,3/super_hot_regions:166,0x63b8bfa04fbe,0

625.x264_s/3,3/super_hot_regions:192,0x63b8bfa05e18,2
625.x264_s/3,3/super_hot_regions:192,0x63b8bfa05e1b,0
625.x264_s/3,3/super_hot_regions:192,0x63b8bfa05e1f,0
625.x264_s/3,3/super_hot_regions:192,0x63b8bfa05e22,0

625.x264_s/3,3/super_hot_regions:216,0x63b8bfa4a275,2
625.x264_s/3,3/super_hot_regions:216,0x63b8bfa4a2a4,0

625.x264_s/3,3/super_hot_regions:36,0x63b8bfa05180,2
625.x264_s/3,3/super_hot_regions:36,0x63b8bfa05188,0

625.x264_s/3,3/super_hot_regions:37,0x63b8bfa0518f,2
625.x264_s/3,3/super_hot_regions:37,0x63b8bfa05197,0

625.x264_s/3,3/super_hot_regions:4,0x63b8bf9f478b,2
625.x264_s/3,3/super_hot_regions:4,0x63b8bf9f4790,0

625.x264_s/3,3/super_hot_regions:48,0x63b8bf9fa1de,1
625.x264_s/3,3/super_hot_regions:48,0x63b8bf9fa1e0,0

625.x264_s/3,3/super_hot_regions:50,0x63b8bf9fa1f1,1
625.x264_s/3,3/super_hot_regions:50,0x63b8bf9fa200,0

625.x264_s/3,3/super_hot_regions:51,0x63b8bf9fa1f4,1
625.x264_s/3,3/super_hot_regions:51,0x63b8bf9fa204,0

625.x264_s/3,3/super_hot_regions:58,0x63b8bfa2cc6f,2
625.x264_s/3,3/super_hot_regions:58,0x63b8bfa2cc80,0

625.x264_s/3,3/super_hot_regions:62,0x63b8bf9fcb21,2
625.x264_s/3,3/super_hot_regions:62,0x63b8bf9fcb26,0

625.x264_s/3,3/super_hot_regions:78,0x63b8bf9f43b3,7
625.x264_s/3,3/super_hot_regions:78,0x63b8bf9f43b8,0
625.x264_s/3,3/super_hot_regions:78,0x63b8bf9f43be,0
625.x264_s/3,3/super_hot_regions:78,0x63b8bf9f43c4,0
625.x264_s/3,3/super_hot_regions:78,0x63b8bf9f43c7,0
625.x264_s/3,3/super_hot_regions:78,0x63b8bf9f43d8,0
625.x264_s/3,3/super_hot_regions:78,0x63b8bf9f43dd,0
625.x264_s/3,3/super_hot_regions:78,0x63b8bf9f43e6,0
625.x264_s/3,3/super_hot_regions:78,0x63b8bf9f43ec,0
625.x264_s/3,3/super_hot_regions:78,0x63b8bf9f43f3,0
625.x264_s/3,3/super_hot_regions:78,0x63b8bf9f43fc,0
625.x264_s/3,3/super_hot_regions:78,0x63b8bf9f4400,0
625.x264_s/3,3/super_hot_regions:78,0x63b8bf9f4404,0

625.x264_s/3,3/super_hot_regions:83,0x63b8bf9f4431,1
625.x264_s/3,3/super_hot_regions:83,0x63b8bf9f4433,0

625.x264_s/3,3/super_hot_regions:87,0x63b8bf9f4464,1
625.x264_s/3,3/super_hot_regions:87,0x63b8bf9f44a0,0

625.x264_s/3,3/super_hot_regions:88,0x63b8bf9f4469,1
625.x264_s/3,3/super_hot_regions:88,0x63b8bf9f44a5,0

625.x264_s/3,3/super_hot_regions:89,0x63b8bf9f446e,1
625.x264_s/3,3/super_hot_regions:89,0x63b8bf9f44aa,0

625.x264_s/3,3/super_hot_regions:90,0x63b8bf9f4473,1
625.x264_s/3,3/super_hot_regions:90,0x63b8bf9f44af,0

625.x264_s/3,3/super_hot_regions:91,0x63b8bf9f4478,1
625.x264_s/3,3/super_hot_regions:91,0x63b8bf9f44b4,0

625.x264_s/3,3/super_hot_regions:92,0x63b8bf9f447b,1
625.x264_s/3,3/super_hot_regions:92,0x63b8bf9f44b8,0

625.x264_s/3,3/super_hot_regions:93,0x63b8bf9f4480,1
625.x264_s/3,3/super_hot_regions:93,0x63b8bf9f44bd,0

625.x264_s/3,3/super_hot_regions:94,0x63b8bf9f4485,1
625.x264_s/3,3/super_hot_regions:94,0x63b8bf9f44c2,0

627.cam4_s/1,1/super_hot_regions:101,0x7935f40a51b4,2
627.cam4_s/1,1/super_hot_regions:101,0x7935f40a51b8,0

627.cam4_s/1,1/super_hot_regions:13,0x60348ed86b60,3
627.cam4_s/1,1/super_hot_regions:13,0x60348ed86b64,0
627.cam4_s/1,1/super_hot_regions:13,0x60348ed86b68,0
627.cam4_s/1,1/super_hot_regions:13,0x60348ed86b6d,0
627.cam4_s/1,1/super_hot_regions:13,0x60348ed86b72,0
627.cam4_s/1,1/super_hot_regions:13,0x60348ed86b76,0
627.cam4_s/1,1/super_hot_regions:13,0x60348ed86b7b,0
627.cam4_s/1,1/super_hot_regions:13,0x60348ed86b80,0

627.cam4_s/1,1/super_hot_regions:142,0x7935f4524669,1
627.cam4_s/1,1/super_hot_regions:142,0x7935f4524685,0

627.cam4_s/1,1/super_hot_regions:17,0x7935f41a0f84,1
627.cam4_s/1,1/super_hot_regions:17,0x7935f41a0f8b,0

627.cam4_s/1,1/super_hot_regions:32,0x60348edd3fd0,2
627.cam4_s/1,1/super_hot_regions:32,0x60348edd3fd4,0

627.cam4_s/1,1/super_hot_regions:34,0x60348edd3fec,1
627.cam4_s/1,1/super_hot_regions:34,0x60348edd4009,0

627.cam4_s/1,1/super_hot_regions:43,0x7935f45248b4,1
627.cam4_s/1,1/super_hot_regions:43,0x7935f45248c3,0

627.cam4_s/1,1/super_hot_regions:44,0x7935f45248b9,1
627.cam4_s/1,1/super_hot_regions:44,0x7935f45248cc,0

627.cam4_s/1,1/super_hot_regions:49,0x7935f4524ac1,2
627.cam4_s/1,1/super_hot_regions:49,0x7935f4524ac6,0
627.cam4_s/1,1/super_hot_regions:49,0x7935f4524acb,0
627.cam4_s/1,1/super_hot_regions:49,0x7935f4524acf,0

627.cam4_s/1,1/super_hot_regions:53,0x7935f452494e,1
627.cam4_s/1,1/super_hot_regions:53,0x7935f4524a13,0

627.cam4_s/1,1/super_hot_regions:58,0x7935f4524474,1
627.cam4_s/1,1/super_hot_regions:58,0x7935f452447e,0

627.cam4_s/1,1/super_hot_regions:62,0x7935f4524521,1
627.cam4_s/1,1/super_hot_regions:62,0x7935f4524526,0

627.cam4_s/1,1/super_hot_regions:7,0x60348ed86b25,1
627.cam4_s/1,1/super_hot_regions:7,0x60348ed86b29,0

627.cam4_s/1,1/super_hot_regions:9,0x60348ed86b33,3
627.cam4_s/1,1/super_hot_regions:9,0x60348ed86b37,0
627.cam4_s/1,1/super_hot_regions:9,0x60348ed86b3b,0
627.cam4_s/1,1/super_hot_regions:9,0x60348ed86b3f,0
627.cam4_s/1,1/super_hot_regions:9,0x60348ed86b44,0
627.cam4_s/1,1/super_hot_regions:9,0x60348ed86b49,0
627.cam4_s/1,1/super_hot_regions:9,0x60348ed86b4e,0
627.cam4_s/1,1/super_hot_regions:9,0x60348ed86b52,0

628.pop2_s/1,1/super_hot_regions:49,0x7a6759fa0f84,1
628.pop2_s/1,1/super_hot_regions:49,0x7a6759fa0f8b,0

631.deepsjeng_s/1,1/super_hot_regions:108,0x57ee1502e4e9,1
631.deepsjeng_s/1,1/super_hot_regions:108,0x57ee1502e4ec,0

631.deepsjeng_s/1,1/super_hot_regions:130,0x57ee15037792,1
631.deepsjeng_s/1,1/super_hot_regions:130,0x57ee1503779b,0

631.deepsjeng_s/1,1/super_hot_regions:132,0x57ee15029774,1
631.deepsjeng_s/1,1/super_hot_regions:132,0x57ee15029776,0

631.deepsjeng_s/1,1/super_hot_regions:133,0x57ee15029779,4
631.deepsjeng_s/1,1/super_hot_regions:133,0x57ee15029783,0
631.deepsjeng_s/1,1/super_hot_regions:133,0x57ee15029788,0
631.deepsjeng_s/1,1/super_hot_regions:133,0x57ee1502978b,0
631.deepsjeng_s/1,1/super_hot_regions:133,0x57ee15029795,0
631.deepsjeng_s/1,1/super_hot_regions:133,0x57ee150297a3,0

631.deepsjeng_s/1,1/super_hot_regions:26,0x57ee1503248a,2
631.deepsjeng_s/1,1/super_hot_regions:26,0x57ee1503248d,0

631.deepsjeng_s/1,1/super_hot_regions:34,0x57ee15032c73,1
631.deepsjeng_s/1,1/super_hot_regions:34,0x57ee15032c78,0
631.deepsjeng_s/1,1/super_hot_regions:34,0x57ee15032c7e,0

631.deepsjeng_s/1,1/super_hot_regions:45,0x57ee15037689,1
631.deepsjeng_s/1,1/super_hot_regions:45,0x57ee15037700,0

631.deepsjeng_s/1,1/super_hot_regions:46,0x57ee15026bce,1
631.deepsjeng_s/1,1/super_hot_regions:46,0x57ee15026bd1,0
631.deepsjeng_s/1,1/super_hot_regions:46,0x57ee15026bd8,0

631.deepsjeng_s/1,1/super_hot_regions:48,0x57ee15026bd5,1
631.deepsjeng_s/1,1/super_hot_regions:48,0x57ee15026c77,0

631.deepsjeng_s/1,1/super_hot_regions:5,0x57ee15038294,2
631.deepsjeng_s/1,1/super_hot_regions:5,0x57ee15038298,0
631.deepsjeng_s/1,1/super_hot_regions:5,0x57ee1503829b,0
631.deepsjeng_s/1,1/super_hot_regions:5,0x57ee150382a0,0
631.deepsjeng_s/1,1/super_hot_regions:5,0x57ee150382a9,0

631.deepsjeng_s/1,1/super_hot_regions:64,0x57ee1502db36,2
631.deepsjeng_s/1,1/super_hot_regions:64,0x57ee1502db38,0
631.deepsjeng_s/1,1/super_hot_regions:64,0x57ee1502db40,0
631.deepsjeng_s/1,1/super_hot_regions:64,0x57ee1502db53,0

631.deepsjeng_s/1,1/super_hot_regions:68,0x57ee1502db4c,1
631.deepsjeng_s/1,1/super_hot_regions:68,0x57ee1502db93,0

631.deepsjeng_s/1,1/super_hot_regions:69,0x57ee1502db51,1
631.deepsjeng_s/1,1/super_hot_regions:69,0x57ee1502db80,0
631.deepsjeng_s/1,1/super_hot_regions:69,0x57ee1502db97,0

631.deepsjeng_s/1,1/super_hot_regions:7,0x57ee150298bb,1
631.deepsjeng_s/1,1/super_hot_regions:7,0x57ee150298bd,0

631.deepsjeng_s/1,1/super_hot_regions:71,0x57ee1502dbbb,2
631.deepsjeng_s/1,1/super_hot_regions:71,0x57ee1502dbc5,0

631.deepsjeng_s/1,1/super_hot_regions:8,0x57ee150298e0,1
631.deepsjeng_s/1,1/super_hot_regions:8,0x57ee150298e9,0

631.deepsjeng_s/1,1/super_hot_regions:82,0x57ee1502e410,1
631.deepsjeng_s/1,1/super_hot_regions:82,0x57ee1502e415,0

631.deepsjeng_s/1,1/super_hot_regions:83,0x57ee1502e409,2
631.deepsjeng_s/1,1/super_hot_regions:83,0x57ee1502e40d,0
631.deepsjeng_s/1,1/super_hot_regions:83,0x57ee1502e419,0
631.deepsjeng_s/1,1/super_hot_regions:83,0x57ee1502e41e,0
631.deepsjeng_s/1,1/super_hot_regions:83,0x57ee1502e4a1,0

631.deepsjeng_s/1,1/super_hot_regions:86,0x57ee1502e464,1
631.deepsjeng_s/1,1/super_hot_regions:86,0x57ee1502e4ca,0

631.deepsjeng_s/1,1/super_hot_regions:88,0x57ee1502e451,1
631.deepsjeng_s/1,1/super_hot_regions:88,0x57ee1502e473,0
631.deepsjeng_s/1,1/super_hot_regions:88,0x57ee1502e4d3,0

631.deepsjeng_s/1,1/super_hot_regions:89,0x57ee1502e45a,1
631.deepsjeng_s/1,1/super_hot_regions:89,0x57ee1502e485,0
631.deepsjeng_s/1,1/super_hot_regions:89,0x57ee1502e4d6,0

641.leela_s/1,1/super_hot_regions:38,0x61244ae5ce7b,2
641.leela_s/1,1/super_hot_regions:38,0x61244ae5ce7e,0

641.leela_s/1,1/super_hot_regions:39,0x61244ae5ce82,1
641.leela_s/1,1/super_hot_regions:39,0x61244ae5ce85,0

641.leela_s/1,1/super_hot_regions:51,0x61244ae89eb1,3
641.leela_s/1,1/super_hot_regions:51,0x61244ae89eb4,0
641.leela_s/1,1/super_hot_regions:51,0x61244ae89ec0,0

641.leela_s/1,1/super_hot_regions:52,0x61244ae89ebe,1
641.leela_s/1,1/super_hot_regions:52,0x61244ae89ecb,0

641.leela_s/1,1/super_hot_regions:94,0x61244ae5cd01,1
641.leela_s/1,1/super_hot_regions:94,0x61244ae5cd0a,0

644.nab_s/1,1/super_hot_regions:138,0x5fac5e13ccbc,1
644.nab_s/1,1/super_hot_regions:138,0x5fac5e13ccc0,0

644.nab_s/1,1/super_hot_regions:139,0x5fac5e13ccc4,1
644.nab_s/1,1/super_hot_regions:139,0x5fac5e13ccc8,0

644.nab_s/1,1/super_hot_regions:147,0x5fac5e140cb6,1
644.nab_s/1,1/super_hot_regions:147,0x5fac5e140cb8,0

644.nab_s/1,1/super_hot_regions:160,0x77c3ab813521,1
644.nab_s/1,1/super_hot_regions:160,0x77c3ab813526,0

644.nab_s/1,1/super_hot_regions:34,0x5fac5e13a744,1
644.nab_s/1,1/super_hot_regions:34,0x5fac5e13a746,0

644.nab_s/1,1/super_hot_regions:5,0x5fac5e140d22,1
644.nab_s/1,1/super_hot_regions:5,0x5fac5e140d24,0

644.nab_s/1,1/super_hot_regions:52,0x5fac5e1409c4,1
644.nab_s/1,1/super_hot_regions:52,0x5fac5e1409c9,0

644.nab_s/1,1/super_hot_regions:78,0x5fac5e13fda8,1
644.nab_s/1,1/super_hot_regions:78,0x5fac5e13fdaa,0

644.nab_s/1,1/super_hot_regions:83,0x77c3ab813474,1
644.nab_s/1,1/super_hot_regions:83,0x77c3ab81347e,0

644.nab_s/1,1/super_hot_regions:88,0x77c3ab813669,1
644.nab_s/1,1/super_hot_regions:88,0x77c3ab813685,0

648.exchange2_s/1,1/super_hot_regions:113,0x63beba662600,1
648.exchange2_s/1,1/super_hot_regions:113,0x63beba66260b,0

648.exchange2_s/1,1/super_hot_regions:116,0x63beba6635b0,1
648.exchange2_s/1,1/super_hot_regions:116,0x63beba6635bc,0

648.exchange2_s/1,1/super_hot_regions:37,0x7bd1ede62175,2
648.exchange2_s/1,1/super_hot_regions:37,0x7bd1ede62187,0

648.exchange2_s/1,1/super_hot_regions:86,0x63beba65e194,2
648.exchange2_s/1,1/super_hot_regions:86,0x63beba65e196,0
648.exchange2_s/1,1/super_hot_regions:86,0x63beba65e199,0

649.fotonik3d_s/1,1/super_hot_regions:102,0x566cf36b3c8b,2
649.fotonik3d_s/1,1/super_hot_regions:102,0x566cf36b3c92,0

649.fotonik3d_s/1,1/super_hot_regions:121,0x566cf36b3851,2
649.fotonik3d_s/1,1/super_hot_regions:121,0x566cf36b3987,0

649.fotonik3d_s/1,1/super_hot_regions:187,0x566cf36eea3a,1
649.fotonik3d_s/1,1/super_hot_regions:187,0x566cf36eea40,0

649.fotonik3d_s/1,1/super_hot_regions:189,0x566cf36eeb3a,1
649.fotonik3d_s/1,1/super_hot_regions:189,0x566cf36eeb40,0

649.fotonik3d_s/1,1/super_hot_regions:191,0x566cf36eec3a,1
649.fotonik3d_s/1,1/super_hot_regions:191,0x566cf36eec40,0

649.fotonik3d_s/1,1/super_hot_regions:248,0x566cf49fe2a6,1
649.fotonik3d_s/1,1/super_hot_regions:248,0x566cf49fe2a9,0

649.fotonik3d_s/1,1/super_hot_regions:283,0x566cf368e322,1
649.fotonik3d_s/1,1/super_hot_regions:283,0x566cf368e331,0
649.fotonik3d_s/1,1/super_hot_regions:283,0x566cf368e5d6,0

649.fotonik3d_s/1,1/super_hot_regions:327,0x566cf3685bb5,1
649.fotonik3d_s/1,1/super_hot_regions:327,0x566cf3685bbb,0

649.fotonik3d_s/1,1/super_hot_regions:329,0x566cf3685d85,1
649.fotonik3d_s/1,1/super_hot_regions:329,0x566cf3685d8b,0

649.fotonik3d_s/1,1/super_hot_regions:337,0x566cf36eed3a,1
649.fotonik3d_s/1,1/super_hot_regions:337,0x566cf36eed40,0

649.fotonik3d_s/1,1/super_hot_regions:404,0x566cf3690c25,3
649.fotonik3d_s/1,1/super_hot_regions:404,0x566cf3690c2b,0
649.fotonik3d_s/1,1/super_hot_regions:404,0x566cf3690c30,0
649.fotonik3d_s/1,1/super_hot_regions:404,0x566cf3690c35,0
649.fotonik3d_s/1,1/super_hot_regions:404,0x566cf3690c3a,0
649.fotonik3d_s/1,1/super_hot_regions:404,0x566cf3690c3f,0
649.fotonik3d_s/1,1/super_hot_regions:404,0x566cf3690c4b,0
649.fotonik3d_s/1,1/super_hot_regions:404,0x566cf3690c4f,0

649.fotonik3d_s/1,1/super_hot_regions:408,0x566cf3690c10,1
649.fotonik3d_s/1,1/super_hot_regions:408,0x566cf3690c13,0

649.fotonik3d_s/1,1/super_hot_regions:61,0x566cf3690c10,1
649.fotonik3d_s/1,1/super_hot_regions:61,0x566cf3690c13,0

649.fotonik3d_s/1,1/super_hot_regions:8,0x74c2dcda0f84,1
649.fotonik3d_s/1,1/super_hot_regions:8,0x74c2dcda0f8b,0

654.roms_s/1,1/super_hot_regions:45,0x77ba1252d474,1
654.roms_s/1,1/super_hot_regions:45,0x77ba1252d47e,0

654.roms_s/1,1/super_hot_regions:73,0x77ba1252dac1,2
654.roms_s/1,1/super_hot_regions:73,0x77ba1252dac6,0
654.roms_s/1,1/super_hot_regions:73,0x77ba1252dacb,0
654.roms_s/1,1/super_hot_regions:73,0x77ba1252dacf,0

654.roms_s/1,1/super_hot_regions:76,0x77ba1252d94e,1
654.roms_s/1,1/super_hot_regions:76,0x77ba1252da13,0

654.roms_s/1,1/super_hot_regions:81,0x77ba1252d8b4,1
654.roms_s/1,1/super_hot_regions:81,0x77ba1252d8c3,0

654.roms_s/1,1/super_hot_regions:82,0x77ba1252d8b9,1
654.roms_s/1,1/super_hot_regions:82,0x77ba1252d8cc,0

657.xz_s/1,1/super_hot_regions:100,0x609e9ee3014d,1
657.xz_s/1,1/super_hot_regions:100,0x609e9ee30150,0

657.xz_s/1,1/super_hot_regions:112,0x609ea20752a6,1
657.xz_s/1,1/super_hot_regions:112,0x609ea20752a9,0

657.xz_s/1,1/super_hot_regions:131,0x609e9ee32060,2
657.xz_s/1,1/super_hot_regions:131,0x609e9ee32065,0
657.xz_s/1,1/super_hot_regions:131,0x609e9ee32068,0
657.xz_s/1,1/super_hot_regions:131,0x609e9ee3206b,0

657.xz_s/1,1/super_hot_regions:134,0x609e9ee320b4,2
657.xz_s/1,1/super_hot_regions:134,0x609e9ee320b8,0

657.xz_s/1,1/super_hot_regions:139,0x609e9ee2bb5a,1
657.xz_s/1,1/super_hot_regions:139,0x609e9ee2bb5f,0

657.xz_s/1,1/super_hot_regions:162,0x609e9ee2ccf8,1
657.xz_s/1,1/super_hot_regions:162,0x609e9ee2ccfb,0

657.xz_s/1,1/super_hot_regions:166,0x609e9ee2f537,2
657.xz_s/1,1/super_hot_regions:166,0x609e9ee2f53b,0

657.xz_s/1,1/super_hot_regions:61,0x609e9ee27fb4,1
657.xz_s/1,1/super_hot_regions:61,0x609e9ee27fb7,0

657.xz_s/1,1/super_hot_regions:71,0x609e9ee300db,1
657.xz_s/1,1/super_hot_regions:71,0x609e9ee300de,0

657.xz_s/1,1/super_hot_regions:82,0x609e9ee33625,3
657.xz_s/1,1/super_hot_regions:82,0x609e9ee33628,0
657.xz_s/1,1/super_hot_regions:82,0x609e9ee3362b,0
657.xz_s/1,1/super_hot_regions:82,0x609e9ee3362e,0
657.xz_s/1,1/super_hot_regions:82,0x609e9ee33631,0
657.xz_s/1,1/super_hot_regions:82,0x609e9ee33634,0
657.xz_s/1,1/super_hot_regions:82,0x609e9ee33636,0

657.xz_s/2,2/super_hot_regions:126,0x58fa710b1127,2
657.xz_s/2,2/super_hot_regions:126,0x58fa710b112c,0
657.xz_s/2,2/super_hot_regions:126,0x58fa710b112f,0
657.xz_s/2,2/super_hot_regions:126,0x58fa710b1132,0

657.xz_s/2,2/super_hot_regions:128,0x58fa710b3899,1
657.xz_s/2,2/super_hot_regions:128,0x58fa710b389f,0

657.xz_s/2,2/super_hot_regions:145,0x58fa710aee5a,1
657.xz_s/2,2/super_hot_regions:145,0x58fa710aee67,0

657.xz_s/2,2/super_hot_regions:153,0x58fa710b129e,2
657.xz_s/2,2/super_hot_regions:153,0x58fa710b12a3,0
657.xz_s/2,2/super_hot_regions:153,0x58fa710b12a5,0
657.xz_s/2,2/super_hot_regions:153,0x58fa710b12a8,0

657.xz_s/2,2/super_hot_regions:167,0x58fa710b1187,2
657.xz_s/2,2/super_hot_regions:167,0x58fa710b118c,0
657.xz_s/2,2/super_hot_regions:167,0x58fa710b118f,0
657.xz_s/2,2/super_hot_regions:167,0x58fa710b1192,0

657.xz_s/2,2/super_hot_regions:169,0x58fa710b378c,1
657.xz_s/2,2/super_hot_regions:169,0x58fa710b3792,0

657.xz_s/2,2/super_hot_regions:17,0x58fa710af0db,1
657.xz_s/2,2/super_hot_regions:17,0x58fa710af0de,0

657.xz_s/2,2/super_hot_regions:41,0x58fa710b2625,3
657.xz_s/2,2/super_hot_regions:41,0x58fa710b2628,0
657.xz_s/2,2/super_hot_regions:41,0x58fa710b262b,0
657.xz_s/2,2/super_hot_regions:41,0x58fa710b262e,0
657.xz_s/2,2/super_hot_regions:41,0x58fa710b2631,0
657.xz_s/2,2/super_hot_regions:41,0x58fa710b2634,0
657.xz_s/2,2/super_hot_regions:41,0x58fa710b2636,0

657.xz_s/2,2/super_hot_regions:45,0x58fa710af14d,1
657.xz_s/2,2/super_hot_regions:45,0x58fa710af150,0

657.xz_s/2,2/super_hot_regions:68,0x58fa710a6fb4,1
657.xz_s/2,2/super_hot_regions:68,0x58fa710a6fb7,0

657.xz_s/2,2/super_hot_regions:74,0x58fa710ae537,2
657.xz_s/2,2/super_hot_regions:74,0x58fa710ae53b,0

657.xz_s/2,2/super_hot_regions:79,0x58fa710b1060,2
657.xz_s/2,2/super_hot_regions:79,0x58fa710b1065,0
657.xz_s/2,2/super_hot_regions:79,0x58fa710b1068,0
657.xz_s/2,2/super_hot_regions:79,0x58fa710b106b,0

657.xz_s/2,2/super_hot_regions:82,0x58fa710b10b4,2
657.xz_s/2,2/super_hot_regions:82,0x58fa710b10b8,0

657.xz_s/2,2/super_hot_regions:98,0x58fa710aab5a,1
657.xz_s/2,2/super_hot_regions:98,0x58fa710aab5f,0

