Copyright 1986-2020 Xilinx, Inc. All Rights Reserved.
---------------------------------------------------------------------------------------------------------------------------------------------------------------------
| Tool Version : Vivado v.2020.1 (lin64) Build 2902540 Wed May 27 19:54:35 MDT 2020
| Date         : Fri Oct  3 02:27:37 2025
| Host         : orthanc running 64-bit Ubuntu 22.04.4 LTS
| Command      : report_utilization -hierarchical -file /home/jyoo/custom_v_2/custom-core-tool/reports/memory_wo_simd/benches/648_exchange2_s/pre_impl_util_hier.rpt
| Design       : top_multi_len
| Device       : xcu200fsgd2104-2
| Design State : Synthesized
---------------------------------------------------------------------------------------------------------------------------------------------------------------------

Utilization Design Information

Table of Contents
-----------------
1. Utilization by Hierarchy

1. Utilization by Hierarchy
---------------------------

+---------------------------------------------------------------------------------+-------------------------------------------------------+------------+------------+---------+------+-------+--------+--------+------+------------+
|                                     Instance                                    |                         Module                        | Total LUTs | Logic LUTs | LUTRAMs | SRLs |  FFs  | RAMB36 | RAMB18 | URAM | DSP Blocks |
+---------------------------------------------------------------------------------+-------------------------------------------------------+------------+------------+---------+------+-------+--------+--------+------+------------+
| top_multi_len                                                                   |                                                 (top) |      10023 |       8490 |       0 | 1533 | 19547 |      8 |      0 |    0 |        112 |
|   (top_multi_len)                                                               |                                                 (top) |        947 |        947 |       0 |    0 |  2209 |      0 |      0 |    0 |          0 |
|   g_has_mem.glen_mem[0].blk_i                                                   |                             uop_block_wrap__xdcDup__1 |        230 |         11 |       0 |  219 |   653 |      0 |      0 |    0 |         16 |
|     (g_has_mem.glen_mem[0].blk_i)                                               |                             uop_block_wrap__xdcDup__1 |          8 |          8 |       0 |    0 |    75 |      0 |      0 |    0 |          0 |
|     core                                                                        |                                  uop_block__xdcDup__1 |        222 |          3 |       0 |  219 |   578 |      0 |      0 |    0 |         16 |
|       (core)                                                                    |                                  uop_block__xdcDup__1 |          3 |          3 |       0 |    0 |     1 |      0 |      0 |    0 |          0 |
|       g[0].g_normal.alu_i                                                       |                                          microop_unit |          0 |          0 |       0 |    0 |    32 |      0 |      0 |    0 |          0 |
|       g[1].g_normal.alu_i                                                       |               microop_unit__parameterized0__xdcDup__1 |        219 |          0 |       0 |  219 |   545 |      0 |      0 |    0 |         16 |
|         (g[1].g_normal.alu_i)                                                   |               microop_unit__parameterized0__xdcDup__1 |          0 |          0 |       0 |    0 |    64 |      0 |      0 |    0 |          0 |
|         g_imul.mul64_ip.mul_i                                                   |                                           integer_mul |        219 |          0 |       0 |  219 |   481 |      0 |      0 |    0 |         16 |
|           (g_imul.mul64_ip.mul_i)                                               |                                           integer_mul |          0 |          0 |       0 |    0 |     0 |      0 |      0 |    0 |          0 |
|           U0                                                                    |                          integer_mulmult_gen_v12_0_16 |        219 |          0 |       0 |  219 |   481 |      0 |      0 |    0 |         16 |
|             (U0)                                                                |                          integer_mulmult_gen_v12_0_16 |          0 |          0 |       0 |    0 |     0 |      0 |      0 |    0 |          0 |
|             i_mult                                                              |                      integer_mulmult_gen_v12_0_16_viv |        219 |          0 |       0 |  219 |   481 |      0 |      0 |    0 |         16 |
|               (i_mult)                                                          |                      integer_mulmult_gen_v12_0_16_viv |          0 |          0 |       0 |    0 |     0 |      0 |      0 |    0 |          0 |
|               gDSP.gDSP_only.iDSP                                               |                                        integer_muldsp |        219 |          0 |       0 |  219 |   481 |      0 |      0 |    0 |         16 |
|                 (gDSP.gDSP_only.iDSP)                                           |                                        integer_muldsp |          0 |          0 |       0 |    0 |     0 |      0 |      0 |    0 |         16 |
|                 use_prim.appDSP48[0].bppDSP48[0].need_output_delay.output_delay |                integer_muldelay_line__parameterized16 |          9 |          0 |       0 |    9 |    17 |      0 |      0 |    0 |          0 |
|                 use_prim.appDSP48[0].bppDSP48[2].need_output_delay.output_delay |                integer_muldelay_line__parameterized18 |          9 |          0 |       0 |    9 |    17 |      0 |      0 |    0 |          0 |
|                 use_prim.appDSP48[1].bppDSP48[0].need_output_delay.output_delay |                integer_muldelay_line__parameterized19 |          9 |          0 |       0 |    9 |    17 |      0 |      0 |    0 |          0 |
|                 use_prim.appDSP48[1].bppDSP48[3].need_output_delay.output_delay |                integer_muldelay_line__parameterized20 |          9 |          0 |       0 |    9 |    17 |      0 |      0 |    0 |          0 |
|                 use_prim.appDSP48[3].bppDSP48[0].need_output_delay.output_delay |                integer_muldelay_line__parameterized21 |          9 |          0 |       0 |    9 |    17 |      0 |      0 |    0 |          0 |
|                 use_prim.appDSP48[3].bppDSP48[2].need_output_delay.output_delay |                integer_muldelay_line__parameterized22 |          0 |          0 |       0 |    0 |    17 |      0 |      0 |    0 |          0 |
|                 use_prim.iAdelx[0].iAdely[2].use_delay_line.Adelay              |                 integer_muldelay_line__parameterized0 |          9 |          0 |       0 |    9 |    18 |      0 |      0 |    0 |          0 |
|                 use_prim.iAdelx[1].iAdely[1].use_delay_line.Adelay              |                 integer_muldelay_line__parameterized1 |          9 |          0 |       0 |    9 |    18 |      0 |      0 |    0 |          0 |
|                 use_prim.iAdelx[1].iAdely[2].use_delay_line.Adelay              |                 integer_muldelay_line__parameterized2 |          9 |          0 |       0 |    9 |    18 |      0 |      0 |    0 |          0 |
|                 use_prim.iAdelx[1].iAdely[3].use_delay_line.Adelay              |                 integer_muldelay_line__parameterized3 |          9 |          0 |       0 |    9 |    18 |      0 |      0 |    0 |          0 |
|                 use_prim.iAdelx[2].iAdely[0].use_delay_line.Adelay              |                 integer_muldelay_line__parameterized4 |          0 |          0 |       0 |    0 |    17 |      0 |      0 |    0 |          0 |
|                 use_prim.iAdelx[2].iAdely[1].use_delay_line.Adelay              |                 integer_muldelay_line__parameterized5 |          9 |          0 |       0 |    9 |    18 |      0 |      0 |    0 |          0 |
|                 use_prim.iAdelx[2].iAdely[2].use_delay_line.Adelay              |                 integer_muldelay_line__parameterized6 |          9 |          0 |       0 |    9 |    18 |      0 |      0 |    0 |          0 |
|                 use_prim.iAdelx[2].iAdely[3].use_delay_line.Adelay              |                 integer_muldelay_line__parameterized7 |          9 |          0 |       0 |    9 |    18 |      0 |      0 |    0 |          0 |
|                 use_prim.iAdelx[3].iAdely[0].use_delay_line.Adelay              |                 integer_muldelay_line__parameterized8 |          7 |          0 |       0 |    7 |    13 |      0 |      0 |    0 |          0 |
|                 use_prim.iAdelx[3].iAdely[2].use_delay_line.Adelay              |                 integer_muldelay_line__parameterized9 |          7 |          0 |       0 |    7 |    13 |      0 |      0 |    0 |          0 |
|                 use_prim.iBdelx[0].iBdely[2].need_delay_line.Bdelay             |               integer_muldelay_line__parameterized0_0 |          9 |          0 |       0 |    9 |    18 |      0 |      0 |    0 |          0 |
|                 use_prim.iBdelx[0].iBdely[3].need_delay_line.Bdelay             |                integer_muldelay_line__parameterized10 |          9 |          0 |       0 |    9 |    18 |      0 |      0 |    0 |          0 |
|                 use_prim.iBdelx[1].iBdely[0].need_delay_line.Bdelay             |               integer_muldelay_line__parameterized4_1 |          0 |          0 |       0 |    0 |    17 |      0 |      0 |    0 |          0 |
|                 use_prim.iBdelx[1].iBdely[1].need_delay_line.Bdelay             |               integer_muldelay_line__parameterized1_2 |          9 |          0 |       0 |    9 |    18 |      0 |      0 |    0 |          0 |
|                 use_prim.iBdelx[1].iBdely[2].need_delay_line.Bdelay             |               integer_muldelay_line__parameterized2_3 |          9 |          0 |       0 |    9 |    18 |      0 |      0 |    0 |          0 |
|                 use_prim.iBdelx[1].iBdely[3].need_delay_line.Bdelay             |               integer_muldelay_line__parameterized3_4 |          9 |          0 |       0 |    9 |    18 |      0 |      0 |    0 |          0 |
|                 use_prim.iBdelx[2].iBdely[1].need_delay_line.Bdelay             |               integer_muldelay_line__parameterized5_5 |          9 |          0 |       0 |    9 |    18 |      0 |      0 |    0 |          0 |
|                 use_prim.iBdelx[2].iBdely[2].need_delay_line.Bdelay             |               integer_muldelay_line__parameterized6_6 |          9 |          0 |       0 |    9 |    18 |      0 |      0 |    0 |          0 |
|                 use_prim.iBdelx[3].iBdely[0].need_delay_line.Bdelay             |                integer_muldelay_line__parameterized11 |          9 |          0 |       0 |    9 |    18 |      0 |      0 |    0 |          0 |
|                 use_prim.iBdelx[3].iBdely[1].need_delay_line.Bdelay             |                integer_muldelay_line__parameterized12 |          9 |          0 |       0 |    9 |    18 |      0 |      0 |    0 |          0 |
|                 use_prim.iBdelx[3].iBdely[2].need_delay_line.Bdelay             |                integer_muldelay_line__parameterized13 |          9 |          0 |       0 |    9 |    18 |      0 |      0 |    0 |          0 |
|                 use_prim.iBdelx[3].iBdely[3].need_delay_line.Bdelay             |                integer_muldelay_line__parameterized14 |          7 |          0 |       0 |    7 |    13 |      0 |      0 |    0 |          0 |
|   g_has_mem.glen_mem[10].blk_i                                                  |                        uop_block_wrap__parameterized8 |         70 |         70 |       0 |    0 |   113 |      0 |      0 |    0 |          0 |
|     (g_has_mem.glen_mem[10].blk_i)                                              |                        uop_block_wrap__parameterized8 |          2 |          2 |       0 |    0 |    48 |      0 |      0 |    0 |          0 |
|     core                                                                        |                             uop_block__parameterized8 |         68 |         68 |       0 |    0 |    65 |      0 |      0 |    0 |          0 |
|       (core)                                                                    |                             uop_block__parameterized8 |          3 |          3 |       0 |    0 |     1 |      0 |      0 |    0 |          0 |
|       g[0].g_normal.alu_i                                                       |                          microop_unit__parameterized5 |         32 |         32 |       0 |    0 |    32 |      0 |      0 |    0 |          0 |
|       g[1].g_normal.alu_i                                                       |                          microop_unit__parameterized8 |         33 |         33 |       0 |    0 |    32 |      0 |      0 |    0 |          0 |
|   g_has_mem.glen_mem[11].blk_i                                                  |                        uop_block_wrap__parameterized3 |          6 |          6 |       0 |    0 |   207 |      0 |      0 |    0 |          0 |
|     (g_has_mem.glen_mem[11].blk_i)                                              |                        uop_block_wrap__parameterized3 |          3 |          3 |       0 |    0 |    78 |      0 |      0 |    0 |          0 |
|     core                                                                        |                          uop_block__parameterized3_39 |          3 |          3 |       0 |    0 |   129 |      0 |      0 |    0 |          0 |
|       (core)                                                                    |                          uop_block__parameterized3_39 |          3 |          3 |       0 |    0 |     1 |      0 |      0 |    0 |          0 |
|       g[0].g_normal.alu_i                                                       |                      microop_unit__parameterized2__26 |          0 |          0 |       0 |    0 |    64 |      0 |      0 |    0 |          0 |
|       g[1].g_normal.alu_i                                                       |                      microop_unit__parameterized2__27 |          0 |          0 |       0 |    0 |    64 |      0 |      0 |    0 |          0 |
|   g_has_mem.glen_mem[12].blk_i                                                  |                        uop_block_wrap__parameterized9 |        229 |         10 |       0 |  219 |   753 |      0 |      0 |    0 |         16 |
|     (g_has_mem.glen_mem[12].blk_i)                                              |                        uop_block_wrap__parameterized9 |          2 |          2 |       0 |    0 |    78 |      0 |      0 |    0 |          0 |
|     core                                                                        |                             uop_block__parameterized9 |        227 |          8 |       0 |  219 |   675 |      0 |      0 |    0 |         16 |
|       (core)                                                                    |                             uop_block__parameterized9 |          8 |          8 |       0 |    0 |     2 |      0 |      0 |    0 |          0 |
|       g[0].g_normal.alu_i                                                       |                      microop_unit__parameterized2__28 |          0 |          0 |       0 |    0 |    64 |      0 |      0 |    0 |          0 |
|       g[1].g_normal.alu_i                                                       |               microop_unit__parameterized0__xdcDup__2 |        219 |          0 |       0 |  219 |   545 |      0 |      0 |    0 |         16 |
|         (g[1].g_normal.alu_i)                                                   |               microop_unit__parameterized0__xdcDup__2 |          0 |          0 |       0 |    0 |    64 |      0 |      0 |    0 |          0 |
|         g_imul.mul64_ip.mul_i                                                   |                                   integer_mul_HD29546 |        219 |          0 |       0 |  219 |   481 |      0 |      0 |    0 |         16 |
|           (g_imul.mul64_ip.mul_i)                                               |                                   integer_mul_HD29546 |          0 |          0 |       0 |    0 |     0 |      0 |      0 |    0 |          0 |
|           U0                                                                    |                  integer_mulmult_gen_v12_0_16_HD29547 |        219 |          0 |       0 |  219 |   481 |      0 |      0 |    0 |         16 |
|             (U0)                                                                |                  integer_mulmult_gen_v12_0_16_HD29547 |          0 |          0 |       0 |    0 |     0 |      0 |      0 |    0 |          0 |
|             i_mult                                                              |              integer_mulmult_gen_v12_0_16_viv_HD29548 |        219 |          0 |       0 |  219 |   481 |      0 |      0 |    0 |         16 |
|               (i_mult)                                                          |              integer_mulmult_gen_v12_0_16_viv_HD29548 |          0 |          0 |       0 |    0 |     0 |      0 |      0 |    0 |          0 |
|               gDSP.gDSP_only.iDSP                                               |                                integer_muldsp_HD29549 |        219 |          0 |       0 |  219 |   481 |      0 |      0 |    0 |         16 |
|                 (gDSP.gDSP_only.iDSP)                                           |                                integer_muldsp_HD29549 |          0 |          0 |       0 |    0 |     0 |      0 |      0 |    0 |         16 |
|                 use_prim.appDSP48[0].bppDSP48[0].need_output_delay.output_delay |        integer_muldelay_line__parameterized16_HD29550 |          9 |          0 |       0 |    9 |    17 |      0 |      0 |    0 |          0 |
|                 use_prim.appDSP48[0].bppDSP48[2].need_output_delay.output_delay |        integer_muldelay_line__parameterized18_HD29551 |          9 |          0 |       0 |    9 |    17 |      0 |      0 |    0 |          0 |
|                 use_prim.appDSP48[1].bppDSP48[0].need_output_delay.output_delay |        integer_muldelay_line__parameterized19_HD29552 |          9 |          0 |       0 |    9 |    17 |      0 |      0 |    0 |          0 |
|                 use_prim.appDSP48[1].bppDSP48[3].need_output_delay.output_delay |        integer_muldelay_line__parameterized20_HD29553 |          9 |          0 |       0 |    9 |    17 |      0 |      0 |    0 |          0 |
|                 use_prim.appDSP48[3].bppDSP48[0].need_output_delay.output_delay |        integer_muldelay_line__parameterized21_HD29554 |          9 |          0 |       0 |    9 |    17 |      0 |      0 |    0 |          0 |
|                 use_prim.appDSP48[3].bppDSP48[2].need_output_delay.output_delay |        integer_muldelay_line__parameterized22_HD29555 |          0 |          0 |       0 |    0 |    17 |      0 |      0 |    0 |          0 |
|                 use_prim.iAdelx[0].iAdely[2].use_delay_line.Adelay              |         integer_muldelay_line__parameterized0_HD29556 |          9 |          0 |       0 |    9 |    18 |      0 |      0 |    0 |          0 |
|                 use_prim.iAdelx[1].iAdely[1].use_delay_line.Adelay              |         integer_muldelay_line__parameterized1_HD29557 |          9 |          0 |       0 |    9 |    18 |      0 |      0 |    0 |          0 |
|                 use_prim.iAdelx[1].iAdely[2].use_delay_line.Adelay              |         integer_muldelay_line__parameterized2_HD29558 |          9 |          0 |       0 |    9 |    18 |      0 |      0 |    0 |          0 |
|                 use_prim.iAdelx[1].iAdely[3].use_delay_line.Adelay              |         integer_muldelay_line__parameterized3_HD29559 |          9 |          0 |       0 |    9 |    18 |      0 |      0 |    0 |          0 |
|                 use_prim.iAdelx[2].iAdely[0].use_delay_line.Adelay              |         integer_muldelay_line__parameterized4_HD29560 |          0 |          0 |       0 |    0 |    17 |      0 |      0 |    0 |          0 |
|                 use_prim.iAdelx[2].iAdely[1].use_delay_line.Adelay              |         integer_muldelay_line__parameterized5_HD29561 |          9 |          0 |       0 |    9 |    18 |      0 |      0 |    0 |          0 |
|                 use_prim.iAdelx[2].iAdely[2].use_delay_line.Adelay              |         integer_muldelay_line__parameterized6_HD29562 |          9 |          0 |       0 |    9 |    18 |      0 |      0 |    0 |          0 |
|                 use_prim.iAdelx[2].iAdely[3].use_delay_line.Adelay              |         integer_muldelay_line__parameterized7_HD29563 |          9 |          0 |       0 |    9 |    18 |      0 |      0 |    0 |          0 |
|                 use_prim.iAdelx[3].iAdely[0].use_delay_line.Adelay              |         integer_muldelay_line__parameterized8_HD29564 |          7 |          0 |       0 |    7 |    13 |      0 |      0 |    0 |          0 |
|                 use_prim.iAdelx[3].iAdely[2].use_delay_line.Adelay              |         integer_muldelay_line__parameterized9_HD29565 |          7 |          0 |       0 |    7 |    13 |      0 |      0 |    0 |          0 |
|                 use_prim.iBdelx[0].iBdely[2].need_delay_line.Bdelay             |       integer_muldelay_line__parameterized0_0_HD29566 |          9 |          0 |       0 |    9 |    18 |      0 |      0 |    0 |          0 |
|                 use_prim.iBdelx[0].iBdely[3].need_delay_line.Bdelay             |        integer_muldelay_line__parameterized10_HD29567 |          9 |          0 |       0 |    9 |    18 |      0 |      0 |    0 |          0 |
|                 use_prim.iBdelx[1].iBdely[0].need_delay_line.Bdelay             |       integer_muldelay_line__parameterized4_1_HD29568 |          0 |          0 |       0 |    0 |    17 |      0 |      0 |    0 |          0 |
|                 use_prim.iBdelx[1].iBdely[1].need_delay_line.Bdelay             |       integer_muldelay_line__parameterized1_2_HD29569 |          9 |          0 |       0 |    9 |    18 |      0 |      0 |    0 |          0 |
|                 use_prim.iBdelx[1].iBdely[2].need_delay_line.Bdelay             |       integer_muldelay_line__parameterized2_3_HD29570 |          9 |          0 |       0 |    9 |    18 |      0 |      0 |    0 |          0 |
|                 use_prim.iBdelx[1].iBdely[3].need_delay_line.Bdelay             |       integer_muldelay_line__parameterized3_4_HD29571 |          9 |          0 |       0 |    9 |    18 |      0 |      0 |    0 |          0 |
|                 use_prim.iBdelx[2].iBdely[1].need_delay_line.Bdelay             |       integer_muldelay_line__parameterized5_5_HD29572 |          9 |          0 |       0 |    9 |    18 |      0 |      0 |    0 |          0 |
|                 use_prim.iBdelx[2].iBdely[2].need_delay_line.Bdelay             |       integer_muldelay_line__parameterized6_6_HD29573 |          9 |          0 |       0 |    9 |    18 |      0 |      0 |    0 |          0 |
|                 use_prim.iBdelx[3].iBdely[0].need_delay_line.Bdelay             |        integer_muldelay_line__parameterized11_HD29574 |          9 |          0 |       0 |    9 |    18 |      0 |      0 |    0 |          0 |
|                 use_prim.iBdelx[3].iBdely[1].need_delay_line.Bdelay             |        integer_muldelay_line__parameterized12_HD29575 |          9 |          0 |       0 |    9 |    18 |      0 |      0 |    0 |          0 |
|                 use_prim.iBdelx[3].iBdely[2].need_delay_line.Bdelay             |        integer_muldelay_line__parameterized13_HD29576 |          9 |          0 |       0 |    9 |    18 |      0 |      0 |    0 |          0 |
|                 use_prim.iBdelx[3].iBdely[3].need_delay_line.Bdelay             |        integer_muldelay_line__parameterized14_HD29577 |          7 |          0 |       0 |    7 |    13 |      0 |      0 |    0 |          0 |
|       g[2].g_normal.alu_i                                                       |                      microop_unit__parameterized2__29 |          0 |          0 |       0 |    0 |    64 |      0 |      0 |    0 |          0 |
|   g_has_mem.glen_mem[13].blk_i                                                  |                       uop_block_wrap__parameterized10 |         41 |         41 |       0 |    0 |   148 |      0 |      0 |    0 |          0 |
|     (g_has_mem.glen_mem[13].blk_i)                                              |                       uop_block_wrap__parameterized10 |          2 |          2 |       0 |    0 |    50 |      0 |      0 |    0 |          0 |
|     core                                                                        |                            uop_block__parameterized10 |         39 |         39 |       0 |    0 |    98 |      0 |      0 |    0 |          0 |
|       (core)                                                                    |                            uop_block__parameterized10 |          7 |          7 |       0 |    0 |     2 |      0 |      0 |    0 |          0 |
|       g[0].g_normal.alu_i                                                       |                      microop_unit__parameterized4__24 |          0 |          0 |       0 |    0 |    32 |      0 |      0 |    0 |          0 |
|       g[1].g_normal.alu_i                                                       |                          microop_unit__parameterized9 |         32 |         32 |       0 |    0 |    32 |      0 |      0 |    0 |          0 |
|       g[2].g_normal.alu_i                                                       |                      microop_unit__parameterized4__25 |          0 |          0 |       0 |    0 |    32 |      0 |      0 |    0 |          0 |
|   g_has_mem.glen_mem[14].blk_i                                                  |                       uop_block_wrap__parameterized11 |          5 |          5 |       0 |    0 |   115 |      0 |      0 |    0 |          0 |
|     (g_has_mem.glen_mem[14].blk_i)                                              |                       uop_block_wrap__parameterized11 |          2 |          2 |       0 |    0 |    50 |      0 |      0 |    0 |          0 |
|     core                                                                        |                         uop_block__parameterized11_38 |          3 |          3 |       0 |    0 |    65 |      0 |      0 |    0 |          0 |
|       (core)                                                                    |                         uop_block__parameterized11_38 |          3 |          3 |       0 |    0 |     1 |      0 |      0 |    0 |          0 |
|       g[0].g_normal.alu_i                                                       |                      microop_unit__parameterized4__26 |          0 |          0 |       0 |    0 |    32 |      0 |      0 |    0 |          0 |
|       g[1].g_normal.alu_i                                                       |                      microop_unit__parameterized4__27 |          0 |          0 |       0 |    0 |    32 |      0 |      0 |    0 |          0 |
|   g_has_mem.glen_mem[15].blk_i                                                  |                     uop_block_wrap__parameterized11_0 |          4 |          4 |       0 |    0 |   115 |      0 |      0 |    0 |          0 |
|     (g_has_mem.glen_mem[15].blk_i)                                              |                     uop_block_wrap__parameterized11_0 |          1 |          1 |       0 |    0 |    50 |      0 |      0 |    0 |          0 |
|     core                                                                        |                         uop_block__parameterized11_37 |          3 |          3 |       0 |    0 |    65 |      0 |      0 |    0 |          0 |
|       (core)                                                                    |                         uop_block__parameterized11_37 |          3 |          3 |       0 |    0 |     1 |      0 |      0 |    0 |          0 |
|       g[0].g_normal.alu_i                                                       |                      microop_unit__parameterized4__32 |          0 |          0 |       0 |    0 |    32 |      0 |      0 |    0 |          0 |
|       g[1].g_normal.alu_i                                                       |                      microop_unit__parameterized4__31 |          0 |          0 |       0 |    0 |    32 |      0 |      0 |    0 |          0 |
|   g_has_mem.glen_mem[16].blk_i                                                  |                      uop_block_wrap__parameterized3_1 |          6 |          6 |       0 |    0 |   206 |      0 |      0 |    0 |          0 |
|     (g_has_mem.glen_mem[16].blk_i)                                              |                      uop_block_wrap__parameterized3_1 |          3 |          3 |       0 |    0 |    77 |      0 |      0 |    0 |          0 |
|     core                                                                        |                          uop_block__parameterized3_36 |          3 |          3 |       0 |    0 |   129 |      0 |      0 |    0 |          0 |
|       (core)                                                                    |                          uop_block__parameterized3_36 |          3 |          3 |       0 |    0 |     1 |      0 |      0 |    0 |          0 |
|       g[0].g_normal.alu_i                                                       |                      microop_unit__parameterized2__37 |          0 |          0 |       0 |    0 |    64 |      0 |      0 |    0 |          0 |
|       g[1].g_normal.alu_i                                                       |                      microop_unit__parameterized2__36 |          0 |          0 |       0 |    0 |    64 |      0 |      0 |    0 |          0 |
|   g_has_mem.glen_mem[17].blk_i                                                  |                       uop_block_wrap__parameterized12 |         39 |         39 |       0 |    0 |   148 |      0 |      0 |    0 |          0 |
|     (g_has_mem.glen_mem[17].blk_i)                                              |                       uop_block_wrap__parameterized12 |          0 |          0 |       0 |    0 |    50 |      0 |      0 |    0 |          0 |
|     core                                                                        |                            uop_block__parameterized12 |         39 |         39 |       0 |    0 |    98 |      0 |      0 |    0 |          0 |
|       (core)                                                                    |                            uop_block__parameterized12 |          7 |          7 |       0 |    0 |     2 |      0 |      0 |    0 |          0 |
|       g[0].g_normal.alu_i                                                       |                      microop_unit__parameterized4__28 |          0 |          0 |       0 |    0 |    32 |      0 |      0 |    0 |          0 |
|       g[1].g_normal.alu_i                                                       |                     microop_unit__parameterized3__100 |         32 |         32 |       0 |    0 |    32 |      0 |      0 |    0 |          0 |
|       g[2].g_normal.alu_i                                                       |                          microop_unit__parameterized4 |          0 |          0 |       0 |    0 |    32 |      0 |      0 |    0 |          0 |
|   g_has_mem.glen_mem[18].blk_i                                                  |                       uop_block_wrap__parameterized13 |        301 |        301 |       0 |    0 |   436 |      0 |      0 |    0 |          0 |
|     (g_has_mem.glen_mem[18].blk_i)                                              |                       uop_block_wrap__parameterized13 |          2 |          2 |       0 |    0 |    80 |      0 |      0 |    0 |          0 |
|     core                                                                        |                            uop_block__parameterized13 |        299 |        299 |       0 |    0 |   356 |      0 |      0 |    0 |          0 |
|       (core)                                                                    |                            uop_block__parameterized13 |         11 |         11 |       0 |    0 |     4 |      0 |      0 |    0 |          0 |
|       g[0].g_normal.alu_i                                                       |                      microop_unit__parameterized2__30 |          0 |          0 |       0 |    0 |    64 |      0 |      0 |    0 |          0 |
|       g[1].g_normal.alu_i                                                       |                     microop_unit__parameterized3__101 |         32 |         32 |       0 |    0 |    32 |      0 |      0 |    0 |          0 |
|       g[2].g_normal.alu_i                                                       |                     microop_unit__parameterized3__102 |         32 |         32 |       0 |    0 |    32 |      0 |      0 |    0 |          0 |
|       g[3].g_normal.alu_i                                                       |                     microop_unit__parameterized3__103 |         32 |         32 |       0 |    0 |    32 |      0 |      0 |    0 |          0 |
|       g[4].g_normal.alu_i                                                       |                     microop_unit__parameterized3__104 |         32 |         32 |       0 |    0 |    32 |      0 |      0 |    0 |          0 |
|       g[5].g_normal.alu_i                                                       |                     microop_unit__parameterized3__105 |         32 |         32 |       0 |    0 |    32 |      0 |      0 |    0 |          0 |
|       g[6].g_normal.alu_i                                                       |                     microop_unit__parameterized3__106 |         32 |         32 |       0 |    0 |    32 |      0 |      0 |    0 |          0 |
|       g[7].g_normal.alu_i                                                       |                     microop_unit__parameterized3__107 |         32 |         32 |       0 |    0 |    32 |      0 |      0 |    0 |          0 |
|       g[8].g_normal.alu_i                                                       |                     microop_unit__parameterized3__108 |         32 |         32 |       0 |    0 |    32 |      0 |      0 |    0 |          0 |
|       g[9].g_normal.alu_i                                                       |                     microop_unit__parameterized3__109 |         32 |         32 |       0 |    0 |    32 |      0 |      0 |    0 |          0 |
|   g_has_mem.glen_mem[19].blk_i                                                  |                       uop_block_wrap__parameterized14 |        331 |        331 |       0 |    0 |   463 |      0 |      0 |    0 |          0 |
|     (g_has_mem.glen_mem[19].blk_i)                                              |                       uop_block_wrap__parameterized14 |          0 |          0 |       0 |    0 |    75 |      0 |      0 |    0 |          0 |
|     core                                                                        |                            uop_block__parameterized14 |        331 |        331 |       0 |    0 |   388 |      0 |      0 |    0 |          0 |
|       (core)                                                                    |                            uop_block__parameterized14 |         11 |         11 |       0 |    0 |     4 |      0 |      0 |    0 |          0 |
|       g[0].g_normal.alu_i                                                       |                      microop_unit__parameterized2__31 |          0 |          0 |       0 |    0 |    64 |      0 |      0 |    0 |          0 |
|       g[10].g_normal.alu_i                                                      |                          microop_unit__parameterized3 |         32 |         32 |       0 |    0 |    32 |      0 |      0 |    0 |          0 |
|       g[1].g_normal.alu_i                                                       |                     microop_unit__parameterized3__110 |         32 |         32 |       0 |    0 |    32 |      0 |      0 |    0 |          0 |
|       g[2].g_normal.alu_i                                                       |                     microop_unit__parameterized3__111 |         32 |         32 |       0 |    0 |    32 |      0 |      0 |    0 |          0 |
|       g[3].g_normal.alu_i                                                       |                     microop_unit__parameterized3__112 |         32 |         32 |       0 |    0 |    32 |      0 |      0 |    0 |          0 |
|       g[4].g_normal.alu_i                                                       |                     microop_unit__parameterized3__113 |         32 |         32 |       0 |    0 |    32 |      0 |      0 |    0 |          0 |
|       g[5].g_normal.alu_i                                                       |                     microop_unit__parameterized3__114 |         32 |         32 |       0 |    0 |    32 |      0 |      0 |    0 |          0 |
|       g[6].g_normal.alu_i                                                       |                     microop_unit__parameterized3__115 |         32 |         32 |       0 |    0 |    32 |      0 |      0 |    0 |          0 |
|       g[7].g_normal.alu_i                                                       |                     microop_unit__parameterized3__116 |         32 |         32 |       0 |    0 |    32 |      0 |      0 |    0 |          0 |
|       g[8].g_normal.alu_i                                                       |                     microop_unit__parameterized3__117 |         32 |         32 |       0 |    0 |    32 |      0 |      0 |    0 |          0 |
|       g[9].g_normal.alu_i                                                       |                     microop_unit__parameterized3__118 |         32 |         32 |       0 |    0 |    32 |      0 |      0 |    0 |          0 |
|   g_has_mem.glen_mem[1].blk_i                                                   |                        uop_block_wrap__parameterized0 |         69 |         69 |       0 |    0 |   206 |      0 |      0 |    0 |          0 |
|     (g_has_mem.glen_mem[1].blk_i)                                               |                        uop_block_wrap__parameterized0 |          2 |          2 |       0 |    0 |    77 |      0 |      0 |    0 |          0 |
|     core                                                                        |                          uop_block__parameterized0_35 |         67 |         67 |       0 |    0 |   129 |      0 |      0 |    0 |          0 |
|       (core)                                                                    |                          uop_block__parameterized0_35 |          3 |          3 |       0 |    0 |     1 |      0 |      0 |    0 |          0 |
|       g[0].g_normal.alu_i                                                       |                          microop_unit__parameterized1 |         64 |         64 |       0 |    0 |    64 |      0 |      0 |    0 |          0 |
|       g[1].g_normal.alu_i                                                       |                       microop_unit__parameterized2__7 |          0 |          0 |       0 |    0 |    64 |      0 |      0 |    0 |          0 |
|   g_has_mem.glen_mem[20].blk_i                                                  |                       uop_block_wrap__parameterized15 |        219 |          0 |       0 |  219 |   679 |      0 |      0 |    0 |         16 |
|     (g_has_mem.glen_mem[20].blk_i)                                              |                       uop_block_wrap__parameterized15 |          0 |          0 |       0 |    0 |    70 |      0 |      0 |    0 |          0 |
|     core                                                                        |                            uop_block__parameterized15 |        219 |          0 |       0 |  219 |   609 |      0 |      0 |    0 |         16 |
|       (core)                                                                    |                            uop_block__parameterized15 |          0 |          0 |       0 |    0 |     0 |      0 |      0 |    0 |          0 |
|       g[0].g_normal.alu_i                                                       |                      microop_unit__parameterized2__32 |          0 |          0 |       0 |    0 |    64 |      0 |      0 |    0 |          0 |
|       g[1].g_normal.alu_i                                                       |               microop_unit__parameterized0__xdcDup__3 |        219 |          0 |       0 |  219 |   545 |      0 |      0 |    0 |         16 |
|         (g[1].g_normal.alu_i)                                                   |               microop_unit__parameterized0__xdcDup__3 |          0 |          0 |       0 |    0 |    64 |      0 |      0 |    0 |          0 |
|         g_imul.mul64_ip.mul_i                                                   |                                   integer_mul_HD29578 |        219 |          0 |       0 |  219 |   481 |      0 |      0 |    0 |         16 |
|           (g_imul.mul64_ip.mul_i)                                               |                                   integer_mul_HD29578 |          0 |          0 |       0 |    0 |     0 |      0 |      0 |    0 |          0 |
|           U0                                                                    |                  integer_mulmult_gen_v12_0_16_HD29579 |        219 |          0 |       0 |  219 |   481 |      0 |      0 |    0 |         16 |
|             (U0)                                                                |                  integer_mulmult_gen_v12_0_16_HD29579 |          0 |          0 |       0 |    0 |     0 |      0 |      0 |    0 |          0 |
|             i_mult                                                              |              integer_mulmult_gen_v12_0_16_viv_HD29580 |        219 |          0 |       0 |  219 |   481 |      0 |      0 |    0 |         16 |
|               (i_mult)                                                          |              integer_mulmult_gen_v12_0_16_viv_HD29580 |          0 |          0 |       0 |    0 |     0 |      0 |      0 |    0 |          0 |
|               gDSP.gDSP_only.iDSP                                               |                                integer_muldsp_HD29581 |        219 |          0 |       0 |  219 |   481 |      0 |      0 |    0 |         16 |
|                 (gDSP.gDSP_only.iDSP)                                           |                                integer_muldsp_HD29581 |          0 |          0 |       0 |    0 |     0 |      0 |      0 |    0 |         16 |
|                 use_prim.appDSP48[0].bppDSP48[0].need_output_delay.output_delay |        integer_muldelay_line__parameterized16_HD29582 |          9 |          0 |       0 |    9 |    17 |      0 |      0 |    0 |          0 |
|                 use_prim.appDSP48[0].bppDSP48[2].need_output_delay.output_delay |        integer_muldelay_line__parameterized18_HD29583 |          9 |          0 |       0 |    9 |    17 |      0 |      0 |    0 |          0 |
|                 use_prim.appDSP48[1].bppDSP48[0].need_output_delay.output_delay |        integer_muldelay_line__parameterized19_HD29584 |          9 |          0 |       0 |    9 |    17 |      0 |      0 |    0 |          0 |
|                 use_prim.appDSP48[1].bppDSP48[3].need_output_delay.output_delay |        integer_muldelay_line__parameterized20_HD29585 |          9 |          0 |       0 |    9 |    17 |      0 |      0 |    0 |          0 |
|                 use_prim.appDSP48[3].bppDSP48[0].need_output_delay.output_delay |        integer_muldelay_line__parameterized21_HD29586 |          9 |          0 |       0 |    9 |    17 |      0 |      0 |    0 |          0 |
|                 use_prim.appDSP48[3].bppDSP48[2].need_output_delay.output_delay |        integer_muldelay_line__parameterized22_HD29587 |          0 |          0 |       0 |    0 |    17 |      0 |      0 |    0 |          0 |
|                 use_prim.iAdelx[0].iAdely[2].use_delay_line.Adelay              |         integer_muldelay_line__parameterized0_HD29588 |          9 |          0 |       0 |    9 |    18 |      0 |      0 |    0 |          0 |
|                 use_prim.iAdelx[1].iAdely[1].use_delay_line.Adelay              |         integer_muldelay_line__parameterized1_HD29589 |          9 |          0 |       0 |    9 |    18 |      0 |      0 |    0 |          0 |
|                 use_prim.iAdelx[1].iAdely[2].use_delay_line.Adelay              |         integer_muldelay_line__parameterized2_HD29590 |          9 |          0 |       0 |    9 |    18 |      0 |      0 |    0 |          0 |
|                 use_prim.iAdelx[1].iAdely[3].use_delay_line.Adelay              |         integer_muldelay_line__parameterized3_HD29591 |          9 |          0 |       0 |    9 |    18 |      0 |      0 |    0 |          0 |
|                 use_prim.iAdelx[2].iAdely[0].use_delay_line.Adelay              |         integer_muldelay_line__parameterized4_HD29592 |          0 |          0 |       0 |    0 |    17 |      0 |      0 |    0 |          0 |
|                 use_prim.iAdelx[2].iAdely[1].use_delay_line.Adelay              |         integer_muldelay_line__parameterized5_HD29593 |          9 |          0 |       0 |    9 |    18 |      0 |      0 |    0 |          0 |
|                 use_prim.iAdelx[2].iAdely[2].use_delay_line.Adelay              |         integer_muldelay_line__parameterized6_HD29594 |          9 |          0 |       0 |    9 |    18 |      0 |      0 |    0 |          0 |
|                 use_prim.iAdelx[2].iAdely[3].use_delay_line.Adelay              |         integer_muldelay_line__parameterized7_HD29595 |          9 |          0 |       0 |    9 |    18 |      0 |      0 |    0 |          0 |
|                 use_prim.iAdelx[3].iAdely[0].use_delay_line.Adelay              |         integer_muldelay_line__parameterized8_HD29596 |          7 |          0 |       0 |    7 |    13 |      0 |      0 |    0 |          0 |
|                 use_prim.iAdelx[3].iAdely[2].use_delay_line.Adelay              |         integer_muldelay_line__parameterized9_HD29597 |          7 |          0 |       0 |    7 |    13 |      0 |      0 |    0 |          0 |
|                 use_prim.iBdelx[0].iBdely[2].need_delay_line.Bdelay             |       integer_muldelay_line__parameterized0_0_HD29598 |          9 |          0 |       0 |    9 |    18 |      0 |      0 |    0 |          0 |
|                 use_prim.iBdelx[0].iBdely[3].need_delay_line.Bdelay             |        integer_muldelay_line__parameterized10_HD29599 |          9 |          0 |       0 |    9 |    18 |      0 |      0 |    0 |          0 |
|                 use_prim.iBdelx[1].iBdely[0].need_delay_line.Bdelay             |       integer_muldelay_line__parameterized4_1_HD29600 |          0 |          0 |       0 |    0 |    17 |      0 |      0 |    0 |          0 |
|                 use_prim.iBdelx[1].iBdely[1].need_delay_line.Bdelay             |       integer_muldelay_line__parameterized1_2_HD29601 |          9 |          0 |       0 |    9 |    18 |      0 |      0 |    0 |          0 |
|                 use_prim.iBdelx[1].iBdely[2].need_delay_line.Bdelay             |       integer_muldelay_line__parameterized2_3_HD29602 |          9 |          0 |       0 |    9 |    18 |      0 |      0 |    0 |          0 |
|                 use_prim.iBdelx[1].iBdely[3].need_delay_line.Bdelay             |       integer_muldelay_line__parameterized3_4_HD29603 |          9 |          0 |       0 |    9 |    18 |      0 |      0 |    0 |          0 |
|                 use_prim.iBdelx[2].iBdely[1].need_delay_line.Bdelay             |       integer_muldelay_line__parameterized5_5_HD29604 |          9 |          0 |       0 |    9 |    18 |      0 |      0 |    0 |          0 |
|                 use_prim.iBdelx[2].iBdely[2].need_delay_line.Bdelay             |       integer_muldelay_line__parameterized6_6_HD29605 |          9 |          0 |       0 |    9 |    18 |      0 |      0 |    0 |          0 |
|                 use_prim.iBdelx[3].iBdely[0].need_delay_line.Bdelay             |        integer_muldelay_line__parameterized11_HD29606 |          9 |          0 |       0 |    9 |    18 |      0 |      0 |    0 |          0 |
|                 use_prim.iBdelx[3].iBdely[1].need_delay_line.Bdelay             |        integer_muldelay_line__parameterized12_HD29607 |          9 |          0 |       0 |    9 |    18 |      0 |      0 |    0 |          0 |
|                 use_prim.iBdelx[3].iBdely[2].need_delay_line.Bdelay             |        integer_muldelay_line__parameterized13_HD29608 |          9 |          0 |       0 |    9 |    18 |      0 |      0 |    0 |          0 |
|                 use_prim.iBdelx[3].iBdely[3].need_delay_line.Bdelay             |        integer_muldelay_line__parameterized14_HD29609 |          7 |          0 |       0 |    7 |    13 |      0 |      0 |    0 |          0 |
|   g_has_mem.glen_mem[21].blk_i                                                  |                       uop_block_wrap__parameterized16 |         69 |         69 |       0 |    0 |   333 |      0 |      0 |    0 |          0 |
|     (g_has_mem.glen_mem[21].blk_i)                                              |                       uop_block_wrap__parameterized16 |          0 |          0 |       0 |    0 |    75 |      0 |      0 |    0 |          0 |
|     core                                                                        |                            uop_block__parameterized16 |         69 |         69 |       0 |    0 |   258 |      0 |      0 |    0 |          0 |
|       (core)                                                                    |                            uop_block__parameterized16 |          5 |          5 |       0 |    0 |     2 |      0 |      0 |    0 |          0 |
|       g[0].g_normal.alu_i                                                       |                      microop_unit__parameterized2__33 |          0 |          0 |       0 |    0 |    64 |      0 |      0 |    0 |          0 |
|       g[1].g_normal.alu_i                                                       |                      microop_unit__parameterized2__34 |          0 |          0 |       0 |    0 |    64 |      0 |      0 |    0 |          0 |
|       g[2].g_normal.alu_i                                                       |              microop_unit__parameterized10__xdcDup__1 |         64 |         64 |       0 |    0 |   128 |      0 |      0 |    0 |          0 |
|         (g[2].g_normal.alu_i)                                                   |              microop_unit__parameterized10__xdcDup__1 |          0 |          0 |       0 |    0 |    64 |      0 |      0 |    0 |          0 |
|         g_iadd.use_ip.u_addsub                                                  |                                        integer_addsub |         64 |         64 |       0 |    0 |    64 |      0 |      0 |    0 |          0 |
|           (g_iadd.use_ip.u_addsub)                                              |                                        integer_addsub |          0 |          0 |       0 |    0 |     0 |      0 |      0 |    0 |          0 |
|           U0                                                                    |                       integer_addsubc_addsub_v12_0_14 |         64 |         64 |       0 |    0 |    64 |      0 |      0 |    0 |          0 |
|             (U0)                                                                |                       integer_addsubc_addsub_v12_0_14 |          0 |          0 |       0 |    0 |     0 |      0 |      0 |    0 |          0 |
|             xst_addsub                                                          |                   integer_addsubc_addsub_v12_0_14_viv |         64 |         64 |       0 |    0 |    64 |      0 |      0 |    0 |          0 |
|               (xst_addsub)                                                      |                   integer_addsubc_addsub_v12_0_14_viv |          0 |          0 |       0 |    0 |     0 |      0 |      0 |    0 |          0 |
|               i_baseblox.i_baseblox_addsub                                      |                integer_addsubc_addsub_v12_0_14_legacy |         64 |         64 |       0 |    0 |    64 |      0 |      0 |    0 |          0 |
|                 no_pipelining.the_addsub                                        |         integer_addsubc_addsub_v12_0_14_fabric_legacy |         64 |         64 |       0 |    0 |    64 |      0 |      0 |    0 |          0 |
|                   i_lut6.i_lut6_addsub                                          |           integer_addsubc_addsub_v12_0_14_lut6_legacy |         64 |         64 |       0 |    0 |    64 |      0 |      0 |    0 |          0 |
|                     (i_lut6.i_lut6_addsub)                                      |           integer_addsubc_addsub_v12_0_14_lut6_legacy |         64 |         64 |       0 |    0 |     0 |      0 |      0 |    0 |          0 |
|                     i_q.i_simple.qreg                                           |                    integer_addsubc_reg_fd_v12_0_6_viv |          0 |          0 |       0 |    0 |    64 |      0 |      0 |    0 |          0 |
|   g_has_mem.glen_mem[22].blk_i                                                  |                       uop_block_wrap__parameterized17 |        133 |        133 |       0 |    0 |   464 |      0 |      0 |    0 |          0 |
|     (g_has_mem.glen_mem[22].blk_i)                                              |                       uop_block_wrap__parameterized17 |          0 |          0 |       0 |    0 |    78 |      0 |      0 |    0 |          0 |
|     core                                                                        |                            uop_block__parameterized17 |        133 |        133 |       0 |    0 |   386 |      0 |      0 |    0 |          0 |
|       (core)                                                                    |                            uop_block__parameterized17 |          5 |          5 |       0 |    0 |     2 |      0 |      0 |    0 |          0 |
|       g[0].g_normal.alu_i                                                       |                      microop_unit__parameterized2__35 |          0 |          0 |       0 |    0 |    64 |      0 |      0 |    0 |          0 |
|       g[1].g_normal.alu_i                                                       |                          microop_unit__parameterized2 |          0 |          0 |       0 |    0 |    64 |      0 |      0 |    0 |          0 |
|       g[2].g_normal.alu_i                                                       |              microop_unit__parameterized10__xdcDup__2 |         64 |         64 |       0 |    0 |   128 |      0 |      0 |    0 |          0 |
|         (g[2].g_normal.alu_i)                                                   |              microop_unit__parameterized10__xdcDup__2 |          0 |          0 |       0 |    0 |    64 |      0 |      0 |    0 |          0 |
|         g_iadd.use_ip.u_addsub                                                  |                                integer_addsub_HD29743 |         64 |         64 |       0 |    0 |    64 |      0 |      0 |    0 |          0 |
|           (g_iadd.use_ip.u_addsub)                                              |                                integer_addsub_HD29743 |          0 |          0 |       0 |    0 |     0 |      0 |      0 |    0 |          0 |
|           U0                                                                    |               integer_addsubc_addsub_v12_0_14_HD29744 |         64 |         64 |       0 |    0 |    64 |      0 |      0 |    0 |          0 |
|             (U0)                                                                |               integer_addsubc_addsub_v12_0_14_HD29744 |          0 |          0 |       0 |    0 |     0 |      0 |      0 |    0 |          0 |
|             xst_addsub                                                          |           integer_addsubc_addsub_v12_0_14_viv_HD29745 |         64 |         64 |       0 |    0 |    64 |      0 |      0 |    0 |          0 |
|               (xst_addsub)                                                      |           integer_addsubc_addsub_v12_0_14_viv_HD29745 |          0 |          0 |       0 |    0 |     0 |      0 |      0 |    0 |          0 |
|               i_baseblox.i_baseblox_addsub                                      |        integer_addsubc_addsub_v12_0_14_legacy_HD29746 |         64 |         64 |       0 |    0 |    64 |      0 |      0 |    0 |          0 |
|                 no_pipelining.the_addsub                                        | integer_addsubc_addsub_v12_0_14_fabric_legacy_HD29747 |         64 |         64 |       0 |    0 |    64 |      0 |      0 |    0 |          0 |
|                   i_lut6.i_lut6_addsub                                          |   integer_addsubc_addsub_v12_0_14_lut6_legacy_HD29748 |         64 |         64 |       0 |    0 |    64 |      0 |      0 |    0 |          0 |
|                     (i_lut6.i_lut6_addsub)                                      |   integer_addsubc_addsub_v12_0_14_lut6_legacy_HD29748 |         64 |         64 |       0 |    0 |     0 |      0 |      0 |    0 |          0 |
|                     i_q.i_simple.qreg                                           |            integer_addsubc_reg_fd_v12_0_6_viv_HD29749 |          0 |          0 |       0 |    0 |    64 |      0 |      0 |    0 |          0 |
|       g[3].g_normal.alu_i                                                       |              microop_unit__parameterized11__xdcDup__1 |         64 |         64 |       0 |    0 |   128 |      0 |      0 |    0 |          0 |
|         (g[3].g_normal.alu_i)                                                   |              microop_unit__parameterized11__xdcDup__1 |          0 |          0 |       0 |    0 |    64 |      0 |      0 |    0 |          0 |
|         g_iadd.use_ip.u_addsub                                                  |                                integer_addsub_HD29750 |         64 |         64 |       0 |    0 |    64 |      0 |      0 |    0 |          0 |
|           (g_iadd.use_ip.u_addsub)                                              |                                integer_addsub_HD29750 |          0 |          0 |       0 |    0 |     0 |      0 |      0 |    0 |          0 |
|           U0                                                                    |               integer_addsubc_addsub_v12_0_14_HD29751 |         64 |         64 |       0 |    0 |    64 |      0 |      0 |    0 |          0 |
|             (U0)                                                                |               integer_addsubc_addsub_v12_0_14_HD29751 |          0 |          0 |       0 |    0 |     0 |      0 |      0 |    0 |          0 |
|             xst_addsub                                                          |           integer_addsubc_addsub_v12_0_14_viv_HD29752 |         64 |         64 |       0 |    0 |    64 |      0 |      0 |    0 |          0 |
|               (xst_addsub)                                                      |           integer_addsubc_addsub_v12_0_14_viv_HD29752 |          0 |          0 |       0 |    0 |     0 |      0 |      0 |    0 |          0 |
|               i_baseblox.i_baseblox_addsub                                      |        integer_addsubc_addsub_v12_0_14_legacy_HD29753 |         64 |         64 |       0 |    0 |    64 |      0 |      0 |    0 |          0 |
|                 no_pipelining.the_addsub                                        | integer_addsubc_addsub_v12_0_14_fabric_legacy_HD29754 |         64 |         64 |       0 |    0 |    64 |      0 |      0 |    0 |          0 |
|                   i_lut6.i_lut6_addsub                                          |   integer_addsubc_addsub_v12_0_14_lut6_legacy_HD29755 |         64 |         64 |       0 |    0 |    64 |      0 |      0 |    0 |          0 |
|                     (i_lut6.i_lut6_addsub)                                      |   integer_addsubc_addsub_v12_0_14_lut6_legacy_HD29755 |         64 |         64 |       0 |    0 |     0 |      0 |      0 |    0 |          0 |
|                     i_q.i_simple.qreg                                           |            integer_addsubc_reg_fd_v12_0_6_viv_HD29756 |          0 |          0 |       0 |    0 |    64 |      0 |      0 |    0 |          0 |
|   g_has_mem.glen_mem[23].blk_i                                                  |                     uop_block_wrap__parameterized11_2 |          4 |          4 |       0 |    0 |   115 |      0 |      0 |    0 |          0 |
|     (g_has_mem.glen_mem[23].blk_i)                                              |                     uop_block_wrap__parameterized11_2 |          1 |          1 |       0 |    0 |    50 |      0 |      0 |    0 |          0 |
|     core                                                                        |                         uop_block__parameterized11_34 |          3 |          3 |       0 |    0 |    65 |      0 |      0 |    0 |          0 |
|       (core)                                                                    |                         uop_block__parameterized11_34 |          3 |          3 |       0 |    0 |     1 |      0 |      0 |    0 |          0 |
|       g[0].g_normal.alu_i                                                       |                      microop_unit__parameterized4__30 |          0 |          0 |       0 |    0 |    32 |      0 |      0 |    0 |          0 |
|       g[1].g_normal.alu_i                                                       |                      microop_unit__parameterized4__29 |          0 |          0 |       0 |    0 |    32 |      0 |      0 |    0 |          0 |
|   g_has_mem.glen_mem[24].blk_i                                                  |                       uop_block_wrap__parameterized18 |        270 |        270 |       0 |    0 |   401 |      0 |      0 |    0 |          0 |
|     (g_has_mem.glen_mem[24].blk_i)                                              |                       uop_block_wrap__parameterized18 |          3 |          3 |       0 |    0 |    77 |      0 |      0 |    0 |          0 |
|     core                                                                        |                            uop_block__parameterized18 |        267 |        267 |       0 |    0 |   324 |      0 |      0 |    0 |          0 |
|       (core)                                                                    |                            uop_block__parameterized18 |         11 |         11 |       0 |    0 |     4 |      0 |      0 |    0 |          0 |
|       g[0].g_normal.alu_i                                                       |                       microop_unit__parameterized2__9 |          0 |          0 |       0 |    0 |    64 |      0 |      0 |    0 |          0 |
|       g[1].g_normal.alu_i                                                       |                      microop_unit__parameterized3__18 |         32 |         32 |       0 |    0 |    32 |      0 |      0 |    0 |          0 |
|       g[2].g_normal.alu_i                                                       |                      microop_unit__parameterized3__19 |         32 |         32 |       0 |    0 |    32 |      0 |      0 |    0 |          0 |
|       g[3].g_normal.alu_i                                                       |                      microop_unit__parameterized3__20 |         32 |         32 |       0 |    0 |    32 |      0 |      0 |    0 |          0 |
|       g[4].g_normal.alu_i                                                       |                      microop_unit__parameterized3__21 |         32 |         32 |       0 |    0 |    32 |      0 |      0 |    0 |          0 |
|       g[5].g_normal.alu_i                                                       |                      microop_unit__parameterized3__22 |         32 |         32 |       0 |    0 |    32 |      0 |      0 |    0 |          0 |
|       g[6].g_normal.alu_i                                                       |                      microop_unit__parameterized3__23 |         32 |         32 |       0 |    0 |    32 |      0 |      0 |    0 |          0 |
|       g[7].g_normal.alu_i                                                       |                      microop_unit__parameterized3__24 |         32 |         32 |       0 |    0 |    32 |      0 |      0 |    0 |          0 |
|       g[8].g_normal.alu_i                                                       |                      microop_unit__parameterized3__25 |         32 |         32 |       0 |    0 |    32 |      0 |      0 |    0 |          0 |
|   g_has_mem.glen_mem[25].blk_i                                                  |                       uop_block_wrap__parameterized19 |          3 |          3 |       0 |    0 |   203 |      0 |      0 |    0 |          0 |
|     (g_has_mem.glen_mem[25].blk_i)                                              |                       uop_block_wrap__parameterized19 |          0 |          0 |       0 |    0 |    74 |      0 |      0 |    0 |          0 |
|     core                                                                        |                            uop_block__parameterized19 |          3 |          3 |       0 |    0 |   129 |      0 |      0 |    0 |          0 |
|       (core)                                                                    |                            uop_block__parameterized19 |          3 |          3 |       0 |    0 |     1 |      0 |      0 |    0 |          0 |
|       g[0].g_normal.alu_i                                                       |                      microop_unit__parameterized2__10 |          0 |          0 |       0 |    0 |    64 |      0 |      0 |    0 |          0 |
|       g[1].g_normal.alu_i                                                       |                      microop_unit__parameterized2__11 |          0 |          0 |       0 |    0 |    64 |      0 |      0 |    0 |          0 |
|   g_has_mem.glen_mem[26].blk_i                                                  |                     uop_block_wrap__parameterized11_3 |          8 |          8 |       0 |    0 |   115 |      0 |      0 |    0 |          0 |
|     (g_has_mem.glen_mem[26].blk_i)                                              |                     uop_block_wrap__parameterized11_3 |          5 |          5 |       0 |    0 |    50 |      0 |      0 |    0 |          0 |
|     core                                                                        |                         uop_block__parameterized11_33 |          3 |          3 |       0 |    0 |    65 |      0 |      0 |    0 |          0 |
|       (core)                                                                    |                         uop_block__parameterized11_33 |          3 |          3 |       0 |    0 |     1 |      0 |      0 |    0 |          0 |
|       g[0].g_normal.alu_i                                                       |                      microop_unit__parameterized4__18 |          0 |          0 |       0 |    0 |    32 |      0 |      0 |    0 |          0 |
|       g[1].g_normal.alu_i                                                       |                      microop_unit__parameterized4__23 |          0 |          0 |       0 |    0 |    32 |      0 |      0 |    0 |          0 |
|   g_has_mem.glen_mem[27].blk_i                                                  |                      uop_block_wrap__parameterized3_4 |          9 |          9 |       0 |    0 |   207 |      0 |      0 |    0 |          0 |
|     (g_has_mem.glen_mem[27].blk_i)                                              |                      uop_block_wrap__parameterized3_4 |          6 |          6 |       0 |    0 |    78 |      0 |      0 |    0 |          0 |
|     core                                                                        |                          uop_block__parameterized3_32 |          3 |          3 |       0 |    0 |   129 |      0 |      0 |    0 |          0 |
|       (core)                                                                    |                          uop_block__parameterized3_32 |          3 |          3 |       0 |    0 |     1 |      0 |      0 |    0 |          0 |
|       g[0].g_normal.alu_i                                                       |                      microop_unit__parameterized2__12 |          0 |          0 |       0 |    0 |    64 |      0 |      0 |    0 |          0 |
|       g[1].g_normal.alu_i                                                       |                      microop_unit__parameterized2__13 |          0 |          0 |       0 |    0 |    64 |      0 |      0 |    0 |          0 |
|   g_has_mem.glen_mem[28].blk_i                                                  |                       uop_block_wrap__parameterized20 |        364 |        364 |       0 |    0 |   495 |      0 |      0 |    0 |          0 |
|     (g_has_mem.glen_mem[28].blk_i)                                              |                       uop_block_wrap__parameterized20 |          1 |          1 |       0 |    0 |    75 |      0 |      0 |    0 |          0 |
|     core                                                                        |                         uop_block__parameterized20_31 |        363 |        363 |       0 |    0 |   420 |      0 |      0 |    0 |          0 |
|       (core)                                                                    |                         uop_block__parameterized20_31 |         11 |         11 |       0 |    0 |     4 |      0 |      0 |    0 |          0 |
|       g[0].g_normal.alu_i                                                       |                      microop_unit__parameterized2__16 |          0 |          0 |       0 |    0 |    64 |      0 |      0 |    0 |          0 |
|       g[10].g_normal.alu_i                                                      |                      microop_unit__parameterized3__35 |         32 |         32 |       0 |    0 |    32 |      0 |      0 |    0 |          0 |
|       g[11].g_normal.alu_i                                                      |                      microop_unit__parameterized3__36 |         32 |         32 |       0 |    0 |    32 |      0 |      0 |    0 |          0 |
|       g[1].g_normal.alu_i                                                       |                      microop_unit__parameterized3__26 |         32 |         32 |       0 |    0 |    32 |      0 |      0 |    0 |          0 |
|       g[2].g_normal.alu_i                                                       |                      microop_unit__parameterized3__27 |         32 |         32 |       0 |    0 |    32 |      0 |      0 |    0 |          0 |
|       g[3].g_normal.alu_i                                                       |                      microop_unit__parameterized3__28 |         32 |         32 |       0 |    0 |    32 |      0 |      0 |    0 |          0 |
|       g[4].g_normal.alu_i                                                       |                      microop_unit__parameterized3__29 |         32 |         32 |       0 |    0 |    32 |      0 |      0 |    0 |          0 |
|       g[5].g_normal.alu_i                                                       |                      microop_unit__parameterized3__30 |         32 |         32 |       0 |    0 |    32 |      0 |      0 |    0 |          0 |
|       g[6].g_normal.alu_i                                                       |                      microop_unit__parameterized3__31 |         32 |         32 |       0 |    0 |    32 |      0 |      0 |    0 |          0 |
|       g[7].g_normal.alu_i                                                       |                      microop_unit__parameterized3__32 |         32 |         32 |       0 |    0 |    32 |      0 |      0 |    0 |          0 |
|       g[8].g_normal.alu_i                                                       |                      microop_unit__parameterized3__33 |         32 |         32 |       0 |    0 |    32 |      0 |      0 |    0 |          0 |
|       g[9].g_normal.alu_i                                                       |                      microop_unit__parameterized3__34 |         32 |         32 |       0 |    0 |    32 |      0 |      0 |    0 |          0 |
|   g_has_mem.glen_mem[29].blk_i                                                  |                     uop_block_wrap__parameterized11_5 |          6 |          6 |       0 |    0 |   115 |      0 |      0 |    0 |          0 |
|     (g_has_mem.glen_mem[29].blk_i)                                              |                     uop_block_wrap__parameterized11_5 |          2 |          2 |       0 |    0 |    50 |      0 |      0 |    0 |          0 |
|     core                                                                        |                         uop_block__parameterized11_30 |          4 |          4 |       0 |    0 |    65 |      0 |      0 |    0 |          0 |
|       (core)                                                                    |                         uop_block__parameterized11_30 |          4 |          4 |       0 |    0 |     1 |      0 |      0 |    0 |          0 |
|       g[0].g_normal.alu_i                                                       |                      microop_unit__parameterized4__22 |          0 |          0 |       0 |    0 |    32 |      0 |      0 |    0 |          0 |
|       g[1].g_normal.alu_i                                                       |                      microop_unit__parameterized4__21 |          0 |          0 |       0 |    0 |    32 |      0 |      0 |    0 |          0 |
|   g_has_mem.glen_mem[2].blk_i                                                   |                        uop_block_wrap__parameterized1 |        431 |        431 |       0 |    0 |   564 |      0 |      0 |    0 |          0 |
|     (g_has_mem.glen_mem[2].blk_i)                                               |                        uop_block_wrap__parameterized1 |          4 |          4 |       0 |    0 |    80 |      0 |      0 |    0 |          0 |
|     core                                                                        |                          uop_block__parameterized1_29 |        427 |        427 |       0 |    0 |   484 |      0 |      0 |    0 |          0 |
|       (core)                                                                    |                          uop_block__parameterized1_29 |         11 |         11 |       0 |    0 |     4 |      0 |      0 |    0 |          0 |
|       g[0].g_normal.alu_i                                                       |                       microop_unit__parameterized2__8 |          0 |          0 |       0 |    0 |    64 |      0 |      0 |    0 |          0 |
|       g[10].g_normal.alu_i                                                      |                      microop_unit__parameterized3__12 |         32 |         32 |       0 |    0 |    32 |      0 |      0 |    0 |          0 |
|       g[11].g_normal.alu_i                                                      |                      microop_unit__parameterized3__13 |         32 |         32 |       0 |    0 |    32 |      0 |      0 |    0 |          0 |
|       g[12].g_normal.alu_i                                                      |                      microop_unit__parameterized3__14 |         32 |         32 |       0 |    0 |    32 |      0 |      0 |    0 |          0 |
|       g[13].g_normal.alu_i                                                      |                      microop_unit__parameterized3__15 |         32 |         32 |       0 |    0 |    32 |      0 |      0 |    0 |          0 |
|       g[1].g_normal.alu_i                                                       |                       microop_unit__parameterized3__3 |         32 |         32 |       0 |    0 |    32 |      0 |      0 |    0 |          0 |
|       g[2].g_normal.alu_i                                                       |                       microop_unit__parameterized3__4 |         32 |         32 |       0 |    0 |    32 |      0 |      0 |    0 |          0 |
|       g[3].g_normal.alu_i                                                       |                       microop_unit__parameterized3__5 |         32 |         32 |       0 |    0 |    32 |      0 |      0 |    0 |          0 |
|       g[4].g_normal.alu_i                                                       |                       microop_unit__parameterized3__6 |         32 |         32 |       0 |    0 |    32 |      0 |      0 |    0 |          0 |
|       g[5].g_normal.alu_i                                                       |                       microop_unit__parameterized3__7 |         32 |         32 |       0 |    0 |    32 |      0 |      0 |    0 |          0 |
|       g[6].g_normal.alu_i                                                       |                       microop_unit__parameterized3__8 |         32 |         32 |       0 |    0 |    32 |      0 |      0 |    0 |          0 |
|       g[7].g_normal.alu_i                                                       |                       microop_unit__parameterized3__9 |         32 |         32 |       0 |    0 |    32 |      0 |      0 |    0 |          0 |
|       g[8].g_normal.alu_i                                                       |                      microop_unit__parameterized3__10 |         32 |         32 |       0 |    0 |    32 |      0 |      0 |    0 |          0 |
|       g[9].g_normal.alu_i                                                       |                      microop_unit__parameterized3__11 |         32 |         32 |       0 |    0 |    32 |      0 |      0 |    0 |          0 |
|   g_has_mem.glen_mem[30].blk_i                                                  |                     uop_block_wrap__parameterized11_6 |          5 |          5 |       0 |    0 |   115 |      0 |      0 |    0 |          0 |
|     (g_has_mem.glen_mem[30].blk_i)                                              |                     uop_block_wrap__parameterized11_6 |          2 |          2 |       0 |    0 |    50 |      0 |      0 |    0 |          0 |
|     core                                                                        |                         uop_block__parameterized11_28 |          3 |          3 |       0 |    0 |    65 |      0 |      0 |    0 |          0 |
|       (core)                                                                    |                         uop_block__parameterized11_28 |          3 |          3 |       0 |    0 |     1 |      0 |      0 |    0 |          0 |
|       g[0].g_normal.alu_i                                                       |                      microop_unit__parameterized4__20 |          0 |          0 |       0 |    0 |    32 |      0 |      0 |    0 |          0 |
|       g[1].g_normal.alu_i                                                       |                      microop_unit__parameterized4__19 |          0 |          0 |       0 |    0 |    32 |      0 |      0 |    0 |          0 |
|   g_has_mem.glen_mem[31].blk_i                                                  |                      uop_block_wrap__parameterized3_7 |          6 |          6 |       0 |    0 |   206 |      0 |      0 |    0 |          0 |
|     (g_has_mem.glen_mem[31].blk_i)                                              |                      uop_block_wrap__parameterized3_7 |          3 |          3 |       0 |    0 |    77 |      0 |      0 |    0 |          0 |
|     core                                                                        |                          uop_block__parameterized3_27 |          3 |          3 |       0 |    0 |   129 |      0 |      0 |    0 |          0 |
|       (core)                                                                    |                          uop_block__parameterized3_27 |          3 |          3 |       0 |    0 |     1 |      0 |      0 |    0 |          0 |
|       g[0].g_normal.alu_i                                                       |                      microop_unit__parameterized2__15 |          0 |          0 |       0 |    0 |    64 |      0 |      0 |    0 |          0 |
|       g[1].g_normal.alu_i                                                       |                      microop_unit__parameterized2__14 |          0 |          0 |       0 |    0 |    64 |      0 |      0 |    0 |          0 |
|   g_has_mem.glen_mem[32].blk_i                                                  |                     uop_block_wrap__parameterized11_8 |          5 |          5 |       0 |    0 |   115 |      0 |      0 |    0 |          0 |
|     (g_has_mem.glen_mem[32].blk_i)                                              |                     uop_block_wrap__parameterized11_8 |          2 |          2 |       0 |    0 |    50 |      0 |      0 |    0 |          0 |
|     core                                                                        |                         uop_block__parameterized11_26 |          3 |          3 |       0 |    0 |    65 |      0 |      0 |    0 |          0 |
|       (core)                                                                    |                         uop_block__parameterized11_26 |          3 |          3 |       0 |    0 |     1 |      0 |      0 |    0 |          0 |
|       g[0].g_normal.alu_i                                                       |                       microop_unit__parameterized4__5 |          0 |          0 |       0 |    0 |    32 |      0 |      0 |    0 |          0 |
|       g[1].g_normal.alu_i                                                       |                       microop_unit__parameterized4__4 |          0 |          0 |       0 |    0 |    32 |      0 |      0 |    0 |          0 |
|   g_has_mem.glen_mem[33].blk_i                                                  |                      uop_block_wrap__parameterized3_9 |          4 |          4 |       0 |    0 |   204 |      0 |      0 |    0 |          0 |
|     (g_has_mem.glen_mem[33].blk_i)                                              |                      uop_block_wrap__parameterized3_9 |          1 |          1 |       0 |    0 |    75 |      0 |      0 |    0 |          0 |
|     core                                                                        |                          uop_block__parameterized3_25 |          3 |          3 |       0 |    0 |   129 |      0 |      0 |    0 |          0 |
|       (core)                                                                    |                          uop_block__parameterized3_25 |          3 |          3 |       0 |    0 |     1 |      0 |      0 |    0 |          0 |
|       g[0].g_normal.alu_i                                                       |                       microop_unit__parameterized2__4 |          0 |          0 |       0 |    0 |    64 |      0 |      0 |    0 |          0 |
|       g[1].g_normal.alu_i                                                       |                       microop_unit__parameterized2__5 |          0 |          0 |       0 |    0 |    64 |      0 |      0 |    0 |          0 |
|   g_has_mem.glen_mem[34].blk_i                                                  |                       uop_block_wrap__parameterized21 |        400 |        400 |       0 |    0 |   533 |      0 |      0 |    0 |          0 |
|     (g_has_mem.glen_mem[34].blk_i)                                              |                       uop_block_wrap__parameterized21 |          4 |          4 |       0 |    0 |    81 |      0 |      0 |    0 |          0 |
|     core                                                                        |                         uop_block__parameterized21_24 |        396 |        396 |       0 |    0 |   452 |      0 |      0 |    0 |          0 |
|       (core)                                                                    |                         uop_block__parameterized21_24 |         12 |         12 |       0 |    0 |     4 |      0 |      0 |    0 |          0 |
|       g[0].g_normal.alu_i                                                       |                      microop_unit__parameterized2__17 |          0 |          0 |       0 |    0 |    64 |      0 |      0 |    0 |          0 |
|       g[10].g_normal.alu_i                                                      |                      microop_unit__parameterized3__46 |         32 |         32 |       0 |    0 |    32 |      0 |      0 |    0 |          0 |
|       g[11].g_normal.alu_i                                                      |                      microop_unit__parameterized3__47 |         32 |         32 |       0 |    0 |    32 |      0 |      0 |    0 |          0 |
|       g[12].g_normal.alu_i                                                      |                      microop_unit__parameterized3__48 |         32 |         32 |       0 |    0 |    32 |      0 |      0 |    0 |          0 |
|       g[1].g_normal.alu_i                                                       |                      microop_unit__parameterized3__37 |         32 |         32 |       0 |    0 |    32 |      0 |      0 |    0 |          0 |
|       g[2].g_normal.alu_i                                                       |                      microop_unit__parameterized3__38 |         32 |         32 |       0 |    0 |    32 |      0 |      0 |    0 |          0 |
|       g[3].g_normal.alu_i                                                       |                      microop_unit__parameterized3__39 |         32 |         32 |       0 |    0 |    32 |      0 |      0 |    0 |          0 |
|       g[4].g_normal.alu_i                                                       |                      microop_unit__parameterized3__40 |         32 |         32 |       0 |    0 |    32 |      0 |      0 |    0 |          0 |
|       g[5].g_normal.alu_i                                                       |                      microop_unit__parameterized3__41 |         32 |         32 |       0 |    0 |    32 |      0 |      0 |    0 |          0 |
|       g[6].g_normal.alu_i                                                       |                      microop_unit__parameterized3__42 |         32 |         32 |       0 |    0 |    32 |      0 |      0 |    0 |          0 |
|       g[7].g_normal.alu_i                                                       |                      microop_unit__parameterized3__43 |         32 |         32 |       0 |    0 |    32 |      0 |      0 |    0 |          0 |
|       g[8].g_normal.alu_i                                                       |                      microop_unit__parameterized3__44 |         32 |         32 |       0 |    0 |    32 |      0 |      0 |    0 |          0 |
|       g[9].g_normal.alu_i                                                       |                      microop_unit__parameterized3__45 |         32 |         32 |       0 |    0 |    32 |      0 |      0 |    0 |          0 |
|   g_has_mem.glen_mem[35].blk_i                                                  |                     uop_block_wrap__parameterized1_10 |        426 |        426 |       0 |    0 |   560 |      0 |      0 |    0 |          0 |
|     (g_has_mem.glen_mem[35].blk_i)                                              |                     uop_block_wrap__parameterized1_10 |          0 |          0 |       0 |    0 |    76 |      0 |      0 |    0 |          0 |
|     core                                                                        |                             uop_block__parameterized1 |        426 |        426 |       0 |    0 |   484 |      0 |      0 |    0 |          0 |
|       (core)                                                                    |                             uop_block__parameterized1 |         10 |         10 |       0 |    0 |     4 |      0 |      0 |    0 |          0 |
|       g[0].g_normal.alu_i                                                       |                      microop_unit__parameterized2__18 |          0 |          0 |       0 |    0 |    64 |      0 |      0 |    0 |          0 |
|       g[10].g_normal.alu_i                                                      |                      microop_unit__parameterized3__58 |         32 |         32 |       0 |    0 |    32 |      0 |      0 |    0 |          0 |
|       g[11].g_normal.alu_i                                                      |                      microop_unit__parameterized3__59 |         32 |         32 |       0 |    0 |    32 |      0 |      0 |    0 |          0 |
|       g[12].g_normal.alu_i                                                      |                      microop_unit__parameterized3__60 |         32 |         32 |       0 |    0 |    32 |      0 |      0 |    0 |          0 |
|       g[13].g_normal.alu_i                                                      |                      microop_unit__parameterized3__61 |         32 |         32 |       0 |    0 |    32 |      0 |      0 |    0 |          0 |
|       g[1].g_normal.alu_i                                                       |                      microop_unit__parameterized3__49 |         32 |         32 |       0 |    0 |    32 |      0 |      0 |    0 |          0 |
|       g[2].g_normal.alu_i                                                       |                      microop_unit__parameterized3__50 |         32 |         32 |       0 |    0 |    32 |      0 |      0 |    0 |          0 |
|       g[3].g_normal.alu_i                                                       |                      microop_unit__parameterized3__51 |         32 |         32 |       0 |    0 |    32 |      0 |      0 |    0 |          0 |
|       g[4].g_normal.alu_i                                                       |                      microop_unit__parameterized3__52 |         32 |         32 |       0 |    0 |    32 |      0 |      0 |    0 |          0 |
|       g[5].g_normal.alu_i                                                       |                      microop_unit__parameterized3__53 |         32 |         32 |       0 |    0 |    32 |      0 |      0 |    0 |          0 |
|       g[6].g_normal.alu_i                                                       |                      microop_unit__parameterized3__54 |         32 |         32 |       0 |    0 |    32 |      0 |      0 |    0 |          0 |
|       g[7].g_normal.alu_i                                                       |                      microop_unit__parameterized3__55 |         32 |         32 |       0 |    0 |    32 |      0 |      0 |    0 |          0 |
|       g[8].g_normal.alu_i                                                       |                      microop_unit__parameterized3__56 |         32 |         32 |       0 |    0 |    32 |      0 |      0 |    0 |          0 |
|       g[9].g_normal.alu_i                                                       |                      microop_unit__parameterized3__57 |         32 |         32 |       0 |    0 |    32 |      0 |      0 |    0 |          0 |
|   g_has_mem.glen_mem[36].blk_i                                                  |                       uop_block_wrap__parameterized22 |         39 |         39 |       0 |    0 |    81 |      0 |      0 |    0 |          0 |
|     (g_has_mem.glen_mem[36].blk_i)                                              |                       uop_block_wrap__parameterized22 |          3 |          3 |       0 |    0 |    47 |      0 |      0 |    0 |          0 |
|     core                                                                        |                         uop_block__parameterized22_23 |         36 |         36 |       0 |    0 |    34 |      0 |      0 |    0 |          0 |
|       (core)                                                                    |                         uop_block__parameterized22_23 |          4 |          4 |       0 |    0 |     1 |      0 |      0 |    0 |          0 |
|       g[0].g_normal.alu_i                                                       |                       microop_unit__parameterized5__3 |         32 |         32 |       0 |    0 |    32 |      0 |      0 |    0 |          0 |
|       g[1].g_normal.alu_i                                                       |                       microop_unit__parameterized6__3 |          0 |          0 |       0 |    0 |     1 |      0 |      0 |    0 |          0 |
|   g_has_mem.glen_mem[37].blk_i                                                  |                    uop_block_wrap__parameterized22_11 |         37 |         37 |       0 |    0 |    80 |      0 |      0 |    0 |          0 |
|     (g_has_mem.glen_mem[37].blk_i)                                              |                    uop_block_wrap__parameterized22_11 |          2 |          2 |       0 |    0 |    46 |      0 |      0 |    0 |          0 |
|     core                                                                        |                            uop_block__parameterized22 |         35 |         35 |       0 |    0 |    34 |      0 |      0 |    0 |          0 |
|       (core)                                                                    |                            uop_block__parameterized22 |          3 |          3 |       0 |    0 |     1 |      0 |      0 |    0 |          0 |
|       g[0].g_normal.alu_i                                                       |                       microop_unit__parameterized5__2 |         32 |         32 |       0 |    0 |    32 |      0 |      0 |    0 |          0 |
|       g[1].g_normal.alu_i                                                       |                       microop_unit__parameterized6__2 |          0 |          0 |       0 |    0 |     1 |      0 |      0 |    0 |          0 |
|   g_has_mem.glen_mem[38].blk_i                                                  |                       uop_block_wrap__parameterized23 |        642 |        204 |       0 |  438 |  1812 |      0 |      0 |    0 |         32 |
|     (g_has_mem.glen_mem[38].blk_i)                                              |                       uop_block_wrap__parameterized23 |          3 |          3 |       0 |    0 |    78 |      0 |      0 |    0 |          0 |
|     core                                                                        |                            uop_block__parameterized23 |        639 |        201 |       0 |  438 |  1734 |      0 |      0 |    0 |         32 |
|       (core)                                                                    |                            uop_block__parameterized23 |          9 |          9 |       0 |    0 |     4 |      0 |      0 |    0 |          0 |
|       g[0].g_normal.alu_i                                                       |                      microop_unit__parameterized2__19 |          0 |          0 |       0 |    0 |    64 |      0 |      0 |    0 |          0 |
|       g[1].g_normal.alu_i                                                       |                      microop_unit__parameterized2__20 |          0 |          0 |       0 |    0 |    64 |      0 |      0 |    0 |          0 |
|       g[2].g_normal.alu_i                                                       |                      microop_unit__parameterized2__21 |          0 |          0 |       0 |    0 |    64 |      0 |      0 |    0 |          0 |
|       g[3].g_normal.alu_i                                                       |                         microop_unit__parameterized10 |         64 |         64 |       0 |    0 |   128 |      0 |      0 |    0 |          0 |
|         (g[3].g_normal.alu_i)                                                   |                         microop_unit__parameterized10 |          0 |          0 |       0 |    0 |    64 |      0 |      0 |    0 |          0 |
|         g_iadd.use_ip.u_addsub                                                  |                                integer_addsub_HD29757 |         64 |         64 |       0 |    0 |    64 |      0 |      0 |    0 |          0 |
|           (g_iadd.use_ip.u_addsub)                                              |                                integer_addsub_HD29757 |          0 |          0 |       0 |    0 |     0 |      0 |      0 |    0 |          0 |
|           U0                                                                    |               integer_addsubc_addsub_v12_0_14_HD29758 |         64 |         64 |       0 |    0 |    64 |      0 |      0 |    0 |          0 |
|             (U0)                                                                |               integer_addsubc_addsub_v12_0_14_HD29758 |          0 |          0 |       0 |    0 |     0 |      0 |      0 |    0 |          0 |
|             xst_addsub                                                          |           integer_addsubc_addsub_v12_0_14_viv_HD29759 |         64 |         64 |       0 |    0 |    64 |      0 |      0 |    0 |          0 |
|               (xst_addsub)                                                      |           integer_addsubc_addsub_v12_0_14_viv_HD29759 |          0 |          0 |       0 |    0 |     0 |      0 |      0 |    0 |          0 |
|               i_baseblox.i_baseblox_addsub                                      |        integer_addsubc_addsub_v12_0_14_legacy_HD29760 |         64 |         64 |       0 |    0 |    64 |      0 |      0 |    0 |          0 |
|                 no_pipelining.the_addsub                                        | integer_addsubc_addsub_v12_0_14_fabric_legacy_HD29761 |         64 |         64 |       0 |    0 |    64 |      0 |      0 |    0 |          0 |
|                   i_lut6.i_lut6_addsub                                          |   integer_addsubc_addsub_v12_0_14_lut6_legacy_HD29762 |         64 |         64 |       0 |    0 |    64 |      0 |      0 |    0 |          0 |
|                     (i_lut6.i_lut6_addsub)                                      |   integer_addsubc_addsub_v12_0_14_lut6_legacy_HD29762 |         64 |         64 |       0 |    0 |     0 |      0 |      0 |    0 |          0 |
|                     i_q.i_simple.qreg                                           |            integer_addsubc_reg_fd_v12_0_6_viv_HD29763 |          0 |          0 |       0 |    0 |    64 |      0 |      0 |    0 |          0 |
|       g[4].g_normal.alu_i                                                       |                      microop_unit__parameterized2__22 |          0 |          0 |       0 |    0 |    64 |      0 |      0 |    0 |          0 |
|       g[5].g_normal.alu_i                                                       |               microop_unit__parameterized0__xdcDup__4 |        219 |          0 |       0 |  219 |   545 |      0 |      0 |    0 |         16 |
|         (g[5].g_normal.alu_i)                                                   |               microop_unit__parameterized0__xdcDup__4 |          0 |          0 |       0 |    0 |    64 |      0 |      0 |    0 |          0 |
|         g_imul.mul64_ip.mul_i                                                   |                                   integer_mul_HD29610 |        219 |          0 |       0 |  219 |   481 |      0 |      0 |    0 |         16 |
|           (g_imul.mul64_ip.mul_i)                                               |                                   integer_mul_HD29610 |          0 |          0 |       0 |    0 |     0 |      0 |      0 |    0 |          0 |
|           U0                                                                    |                  integer_mulmult_gen_v12_0_16_HD29611 |        219 |          0 |       0 |  219 |   481 |      0 |      0 |    0 |         16 |
|             (U0)                                                                |                  integer_mulmult_gen_v12_0_16_HD29611 |          0 |          0 |       0 |    0 |     0 |      0 |      0 |    0 |          0 |
|             i_mult                                                              |              integer_mulmult_gen_v12_0_16_viv_HD29612 |        219 |          0 |       0 |  219 |   481 |      0 |      0 |    0 |         16 |
|               (i_mult)                                                          |              integer_mulmult_gen_v12_0_16_viv_HD29612 |          0 |          0 |       0 |    0 |     0 |      0 |      0 |    0 |          0 |
|               gDSP.gDSP_only.iDSP                                               |                                integer_muldsp_HD29613 |        219 |          0 |       0 |  219 |   481 |      0 |      0 |    0 |         16 |
|                 (gDSP.gDSP_only.iDSP)                                           |                                integer_muldsp_HD29613 |          0 |          0 |       0 |    0 |     0 |      0 |      0 |    0 |         16 |
|                 use_prim.appDSP48[0].bppDSP48[0].need_output_delay.output_delay |        integer_muldelay_line__parameterized16_HD29614 |          9 |          0 |       0 |    9 |    17 |      0 |      0 |    0 |          0 |
|                 use_prim.appDSP48[0].bppDSP48[2].need_output_delay.output_delay |        integer_muldelay_line__parameterized18_HD29615 |          9 |          0 |       0 |    9 |    17 |      0 |      0 |    0 |          0 |
|                 use_prim.appDSP48[1].bppDSP48[0].need_output_delay.output_delay |        integer_muldelay_line__parameterized19_HD29616 |          9 |          0 |       0 |    9 |    17 |      0 |      0 |    0 |          0 |
|                 use_prim.appDSP48[1].bppDSP48[3].need_output_delay.output_delay |        integer_muldelay_line__parameterized20_HD29617 |          9 |          0 |       0 |    9 |    17 |      0 |      0 |    0 |          0 |
|                 use_prim.appDSP48[3].bppDSP48[0].need_output_delay.output_delay |        integer_muldelay_line__parameterized21_HD29618 |          9 |          0 |       0 |    9 |    17 |      0 |      0 |    0 |          0 |
|                 use_prim.appDSP48[3].bppDSP48[2].need_output_delay.output_delay |        integer_muldelay_line__parameterized22_HD29619 |          0 |          0 |       0 |    0 |    17 |      0 |      0 |    0 |          0 |
|                 use_prim.iAdelx[0].iAdely[2].use_delay_line.Adelay              |         integer_muldelay_line__parameterized0_HD29620 |          9 |          0 |       0 |    9 |    18 |      0 |      0 |    0 |          0 |
|                 use_prim.iAdelx[1].iAdely[1].use_delay_line.Adelay              |         integer_muldelay_line__parameterized1_HD29621 |          9 |          0 |       0 |    9 |    18 |      0 |      0 |    0 |          0 |
|                 use_prim.iAdelx[1].iAdely[2].use_delay_line.Adelay              |         integer_muldelay_line__parameterized2_HD29622 |          9 |          0 |       0 |    9 |    18 |      0 |      0 |    0 |          0 |
|                 use_prim.iAdelx[1].iAdely[3].use_delay_line.Adelay              |         integer_muldelay_line__parameterized3_HD29623 |          9 |          0 |       0 |    9 |    18 |      0 |      0 |    0 |          0 |
|                 use_prim.iAdelx[2].iAdely[0].use_delay_line.Adelay              |         integer_muldelay_line__parameterized4_HD29624 |          0 |          0 |       0 |    0 |    17 |      0 |      0 |    0 |          0 |
|                 use_prim.iAdelx[2].iAdely[1].use_delay_line.Adelay              |         integer_muldelay_line__parameterized5_HD29625 |          9 |          0 |       0 |    9 |    18 |      0 |      0 |    0 |          0 |
|                 use_prim.iAdelx[2].iAdely[2].use_delay_line.Adelay              |         integer_muldelay_line__parameterized6_HD29626 |          9 |          0 |       0 |    9 |    18 |      0 |      0 |    0 |          0 |
|                 use_prim.iAdelx[2].iAdely[3].use_delay_line.Adelay              |         integer_muldelay_line__parameterized7_HD29627 |          9 |          0 |       0 |    9 |    18 |      0 |      0 |    0 |          0 |
|                 use_prim.iAdelx[3].iAdely[0].use_delay_line.Adelay              |         integer_muldelay_line__parameterized8_HD29628 |          7 |          0 |       0 |    7 |    13 |      0 |      0 |    0 |          0 |
|                 use_prim.iAdelx[3].iAdely[2].use_delay_line.Adelay              |         integer_muldelay_line__parameterized9_HD29629 |          7 |          0 |       0 |    7 |    13 |      0 |      0 |    0 |          0 |
|                 use_prim.iBdelx[0].iBdely[2].need_delay_line.Bdelay             |       integer_muldelay_line__parameterized0_0_HD29630 |          9 |          0 |       0 |    9 |    18 |      0 |      0 |    0 |          0 |
|                 use_prim.iBdelx[0].iBdely[3].need_delay_line.Bdelay             |        integer_muldelay_line__parameterized10_HD29631 |          9 |          0 |       0 |    9 |    18 |      0 |      0 |    0 |          0 |
|                 use_prim.iBdelx[1].iBdely[0].need_delay_line.Bdelay             |       integer_muldelay_line__parameterized4_1_HD29632 |          0 |          0 |       0 |    0 |    17 |      0 |      0 |    0 |          0 |
|                 use_prim.iBdelx[1].iBdely[1].need_delay_line.Bdelay             |       integer_muldelay_line__parameterized1_2_HD29633 |          9 |          0 |       0 |    9 |    18 |      0 |      0 |    0 |          0 |
|                 use_prim.iBdelx[1].iBdely[2].need_delay_line.Bdelay             |       integer_muldelay_line__parameterized2_3_HD29634 |          9 |          0 |       0 |    9 |    18 |      0 |      0 |    0 |          0 |
|                 use_prim.iBdelx[1].iBdely[3].need_delay_line.Bdelay             |       integer_muldelay_line__parameterized3_4_HD29635 |          9 |          0 |       0 |    9 |    18 |      0 |      0 |    0 |          0 |
|                 use_prim.iBdelx[2].iBdely[1].need_delay_line.Bdelay             |       integer_muldelay_line__parameterized5_5_HD29636 |          9 |          0 |       0 |    9 |    18 |      0 |      0 |    0 |          0 |
|                 use_prim.iBdelx[2].iBdely[2].need_delay_line.Bdelay             |       integer_muldelay_line__parameterized6_6_HD29637 |          9 |          0 |       0 |    9 |    18 |      0 |      0 |    0 |          0 |
|                 use_prim.iBdelx[3].iBdely[0].need_delay_line.Bdelay             |        integer_muldelay_line__parameterized11_HD29638 |          9 |          0 |       0 |    9 |    18 |      0 |      0 |    0 |          0 |
|                 use_prim.iBdelx[3].iBdely[1].need_delay_line.Bdelay             |        integer_muldelay_line__parameterized12_HD29639 |          9 |          0 |       0 |    9 |    18 |      0 |      0 |    0 |          0 |
|                 use_prim.iBdelx[3].iBdely[2].need_delay_line.Bdelay             |        integer_muldelay_line__parameterized13_HD29640 |          9 |          0 |       0 |    9 |    18 |      0 |      0 |    0 |          0 |
|                 use_prim.iBdelx[3].iBdely[3].need_delay_line.Bdelay             |        integer_muldelay_line__parameterized14_HD29641 |          7 |          0 |       0 |    7 |    13 |      0 |      0 |    0 |          0 |
|       g[6].g_normal.alu_i                                                       |              microop_unit__parameterized11__xdcDup__2 |         64 |         64 |       0 |    0 |   128 |      0 |      0 |    0 |          0 |
|         (g[6].g_normal.alu_i)                                                   |              microop_unit__parameterized11__xdcDup__2 |          0 |          0 |       0 |    0 |    64 |      0 |      0 |    0 |          0 |
|         g_iadd.use_ip.u_addsub                                                  |                                integer_addsub_HD29764 |         64 |         64 |       0 |    0 |    64 |      0 |      0 |    0 |          0 |
|           (g_iadd.use_ip.u_addsub)                                              |                                integer_addsub_HD29764 |          0 |          0 |       0 |    0 |     0 |      0 |      0 |    0 |          0 |
|           U0                                                                    |               integer_addsubc_addsub_v12_0_14_HD29765 |         64 |         64 |       0 |    0 |    64 |      0 |      0 |    0 |          0 |
|             (U0)                                                                |               integer_addsubc_addsub_v12_0_14_HD29765 |          0 |          0 |       0 |    0 |     0 |      0 |      0 |    0 |          0 |
|             xst_addsub                                                          |           integer_addsubc_addsub_v12_0_14_viv_HD29766 |         64 |         64 |       0 |    0 |    64 |      0 |      0 |    0 |          0 |
|               (xst_addsub)                                                      |           integer_addsubc_addsub_v12_0_14_viv_HD29766 |          0 |          0 |       0 |    0 |     0 |      0 |      0 |    0 |          0 |
|               i_baseblox.i_baseblox_addsub                                      |        integer_addsubc_addsub_v12_0_14_legacy_HD29767 |         64 |         64 |       0 |    0 |    64 |      0 |      0 |    0 |          0 |
|                 no_pipelining.the_addsub                                        | integer_addsubc_addsub_v12_0_14_fabric_legacy_HD29768 |         64 |         64 |       0 |    0 |    64 |      0 |      0 |    0 |          0 |
|                   i_lut6.i_lut6_addsub                                          |   integer_addsubc_addsub_v12_0_14_lut6_legacy_HD29769 |         64 |         64 |       0 |    0 |    64 |      0 |      0 |    0 |          0 |
|                     (i_lut6.i_lut6_addsub)                                      |   integer_addsubc_addsub_v12_0_14_lut6_legacy_HD29769 |         64 |         64 |       0 |    0 |     0 |      0 |      0 |    0 |          0 |
|                     i_q.i_simple.qreg                                           |            integer_addsubc_reg_fd_v12_0_6_viv_HD29770 |          0 |          0 |       0 |    0 |    64 |      0 |      0 |    0 |          0 |
|       g[7].g_normal.alu_i                                                       |               microop_unit__parameterized0__xdcDup__5 |        219 |          0 |       0 |  219 |   545 |      0 |      0 |    0 |         16 |
|         (g[7].g_normal.alu_i)                                                   |               microop_unit__parameterized0__xdcDup__5 |          0 |          0 |       0 |    0 |    64 |      0 |      0 |    0 |          0 |
|         g_imul.mul64_ip.mul_i                                                   |                                   integer_mul_HD29642 |        219 |          0 |       0 |  219 |   481 |      0 |      0 |    0 |         16 |
|           (g_imul.mul64_ip.mul_i)                                               |                                   integer_mul_HD29642 |          0 |          0 |       0 |    0 |     0 |      0 |      0 |    0 |          0 |
|           U0                                                                    |                  integer_mulmult_gen_v12_0_16_HD29643 |        219 |          0 |       0 |  219 |   481 |      0 |      0 |    0 |         16 |
|             (U0)                                                                |                  integer_mulmult_gen_v12_0_16_HD29643 |          0 |          0 |       0 |    0 |     0 |      0 |      0 |    0 |          0 |
|             i_mult                                                              |              integer_mulmult_gen_v12_0_16_viv_HD29644 |        219 |          0 |       0 |  219 |   481 |      0 |      0 |    0 |         16 |
|               (i_mult)                                                          |              integer_mulmult_gen_v12_0_16_viv_HD29644 |          0 |          0 |       0 |    0 |     0 |      0 |      0 |    0 |          0 |
|               gDSP.gDSP_only.iDSP                                               |                                integer_muldsp_HD29645 |        219 |          0 |       0 |  219 |   481 |      0 |      0 |    0 |         16 |
|                 (gDSP.gDSP_only.iDSP)                                           |                                integer_muldsp_HD29645 |          0 |          0 |       0 |    0 |     0 |      0 |      0 |    0 |         16 |
|                 use_prim.appDSP48[0].bppDSP48[0].need_output_delay.output_delay |        integer_muldelay_line__parameterized16_HD29646 |          9 |          0 |       0 |    9 |    17 |      0 |      0 |    0 |          0 |
|                 use_prim.appDSP48[0].bppDSP48[2].need_output_delay.output_delay |        integer_muldelay_line__parameterized18_HD29647 |          9 |          0 |       0 |    9 |    17 |      0 |      0 |    0 |          0 |
|                 use_prim.appDSP48[1].bppDSP48[0].need_output_delay.output_delay |        integer_muldelay_line__parameterized19_HD29648 |          9 |          0 |       0 |    9 |    17 |      0 |      0 |    0 |          0 |
|                 use_prim.appDSP48[1].bppDSP48[3].need_output_delay.output_delay |        integer_muldelay_line__parameterized20_HD29649 |          9 |          0 |       0 |    9 |    17 |      0 |      0 |    0 |          0 |
|                 use_prim.appDSP48[3].bppDSP48[0].need_output_delay.output_delay |        integer_muldelay_line__parameterized21_HD29650 |          9 |          0 |       0 |    9 |    17 |      0 |      0 |    0 |          0 |
|                 use_prim.appDSP48[3].bppDSP48[2].need_output_delay.output_delay |        integer_muldelay_line__parameterized22_HD29651 |          0 |          0 |       0 |    0 |    17 |      0 |      0 |    0 |          0 |
|                 use_prim.iAdelx[0].iAdely[2].use_delay_line.Adelay              |         integer_muldelay_line__parameterized0_HD29652 |          9 |          0 |       0 |    9 |    18 |      0 |      0 |    0 |          0 |
|                 use_prim.iAdelx[1].iAdely[1].use_delay_line.Adelay              |         integer_muldelay_line__parameterized1_HD29653 |          9 |          0 |       0 |    9 |    18 |      0 |      0 |    0 |          0 |
|                 use_prim.iAdelx[1].iAdely[2].use_delay_line.Adelay              |         integer_muldelay_line__parameterized2_HD29654 |          9 |          0 |       0 |    9 |    18 |      0 |      0 |    0 |          0 |
|                 use_prim.iAdelx[1].iAdely[3].use_delay_line.Adelay              |         integer_muldelay_line__parameterized3_HD29655 |          9 |          0 |       0 |    9 |    18 |      0 |      0 |    0 |          0 |
|                 use_prim.iAdelx[2].iAdely[0].use_delay_line.Adelay              |         integer_muldelay_line__parameterized4_HD29656 |          0 |          0 |       0 |    0 |    17 |      0 |      0 |    0 |          0 |
|                 use_prim.iAdelx[2].iAdely[1].use_delay_line.Adelay              |         integer_muldelay_line__parameterized5_HD29657 |          9 |          0 |       0 |    9 |    18 |      0 |      0 |    0 |          0 |
|                 use_prim.iAdelx[2].iAdely[2].use_delay_line.Adelay              |         integer_muldelay_line__parameterized6_HD29658 |          9 |          0 |       0 |    9 |    18 |      0 |      0 |    0 |          0 |
|                 use_prim.iAdelx[2].iAdely[3].use_delay_line.Adelay              |         integer_muldelay_line__parameterized7_HD29659 |          9 |          0 |       0 |    9 |    18 |      0 |      0 |    0 |          0 |
|                 use_prim.iAdelx[3].iAdely[0].use_delay_line.Adelay              |         integer_muldelay_line__parameterized8_HD29660 |          7 |          0 |       0 |    7 |    13 |      0 |      0 |    0 |          0 |
|                 use_prim.iAdelx[3].iAdely[2].use_delay_line.Adelay              |         integer_muldelay_line__parameterized9_HD29661 |          7 |          0 |       0 |    7 |    13 |      0 |      0 |    0 |          0 |
|                 use_prim.iBdelx[0].iBdely[2].need_delay_line.Bdelay             |       integer_muldelay_line__parameterized0_0_HD29662 |          9 |          0 |       0 |    9 |    18 |      0 |      0 |    0 |          0 |
|                 use_prim.iBdelx[0].iBdely[3].need_delay_line.Bdelay             |        integer_muldelay_line__parameterized10_HD29663 |          9 |          0 |       0 |    9 |    18 |      0 |      0 |    0 |          0 |
|                 use_prim.iBdelx[1].iBdely[0].need_delay_line.Bdelay             |       integer_muldelay_line__parameterized4_1_HD29664 |          0 |          0 |       0 |    0 |    17 |      0 |      0 |    0 |          0 |
|                 use_prim.iBdelx[1].iBdely[1].need_delay_line.Bdelay             |       integer_muldelay_line__parameterized1_2_HD29665 |          9 |          0 |       0 |    9 |    18 |      0 |      0 |    0 |          0 |
|                 use_prim.iBdelx[1].iBdely[2].need_delay_line.Bdelay             |       integer_muldelay_line__parameterized2_3_HD29666 |          9 |          0 |       0 |    9 |    18 |      0 |      0 |    0 |          0 |
|                 use_prim.iBdelx[1].iBdely[3].need_delay_line.Bdelay             |       integer_muldelay_line__parameterized3_4_HD29667 |          9 |          0 |       0 |    9 |    18 |      0 |      0 |    0 |          0 |
|                 use_prim.iBdelx[2].iBdely[1].need_delay_line.Bdelay             |       integer_muldelay_line__parameterized5_5_HD29668 |          9 |          0 |       0 |    9 |    18 |      0 |      0 |    0 |          0 |
|                 use_prim.iBdelx[2].iBdely[2].need_delay_line.Bdelay             |       integer_muldelay_line__parameterized6_6_HD29669 |          9 |          0 |       0 |    9 |    18 |      0 |      0 |    0 |          0 |
|                 use_prim.iBdelx[3].iBdely[0].need_delay_line.Bdelay             |        integer_muldelay_line__parameterized11_HD29670 |          9 |          0 |       0 |    9 |    18 |      0 |      0 |    0 |          0 |
|                 use_prim.iBdelx[3].iBdely[1].need_delay_line.Bdelay             |        integer_muldelay_line__parameterized12_HD29671 |          9 |          0 |       0 |    9 |    18 |      0 |      0 |    0 |          0 |
|                 use_prim.iBdelx[3].iBdely[2].need_delay_line.Bdelay             |        integer_muldelay_line__parameterized13_HD29672 |          9 |          0 |       0 |    9 |    18 |      0 |      0 |    0 |          0 |
|                 use_prim.iBdelx[3].iBdely[3].need_delay_line.Bdelay             |        integer_muldelay_line__parameterized14_HD29673 |          7 |          0 |       0 |    7 |    13 |      0 |      0 |    0 |          0 |
|       g[8].g_normal.alu_i                                                       |                         microop_unit__parameterized11 |         64 |         64 |       0 |    0 |   128 |      0 |      0 |    0 |          0 |
|         (g[8].g_normal.alu_i)                                                   |                         microop_unit__parameterized11 |          0 |          0 |       0 |    0 |    64 |      0 |      0 |    0 |          0 |
|         g_iadd.use_ip.u_addsub                                                  |                                integer_addsub_HD29771 |         64 |         64 |       0 |    0 |    64 |      0 |      0 |    0 |          0 |
|           (g_iadd.use_ip.u_addsub)                                              |                                integer_addsub_HD29771 |          0 |          0 |       0 |    0 |     0 |      0 |      0 |    0 |          0 |
|           U0                                                                    |               integer_addsubc_addsub_v12_0_14_HD29772 |         64 |         64 |       0 |    0 |    64 |      0 |      0 |    0 |          0 |
|             (U0)                                                                |               integer_addsubc_addsub_v12_0_14_HD29772 |          0 |          0 |       0 |    0 |     0 |      0 |      0 |    0 |          0 |
|             xst_addsub                                                          |           integer_addsubc_addsub_v12_0_14_viv_HD29773 |         64 |         64 |       0 |    0 |    64 |      0 |      0 |    0 |          0 |
|               (xst_addsub)                                                      |           integer_addsubc_addsub_v12_0_14_viv_HD29773 |          0 |          0 |       0 |    0 |     0 |      0 |      0 |    0 |          0 |
|               i_baseblox.i_baseblox_addsub                                      |        integer_addsubc_addsub_v12_0_14_legacy_HD29774 |         64 |         64 |       0 |    0 |    64 |      0 |      0 |    0 |          0 |
|                 no_pipelining.the_addsub                                        | integer_addsubc_addsub_v12_0_14_fabric_legacy_HD29775 |         64 |         64 |       0 |    0 |    64 |      0 |      0 |    0 |          0 |
|                   i_lut6.i_lut6_addsub                                          |   integer_addsubc_addsub_v12_0_14_lut6_legacy_HD29776 |         64 |         64 |       0 |    0 |    64 |      0 |      0 |    0 |          0 |
|                     (i_lut6.i_lut6_addsub)                                      |   integer_addsubc_addsub_v12_0_14_lut6_legacy_HD29776 |         64 |         64 |       0 |    0 |     0 |      0 |      0 |    0 |          0 |
|                     i_q.i_simple.qreg                                           |            integer_addsubc_reg_fd_v12_0_6_viv_HD29777 |          0 |          0 |       0 |    0 |    64 |      0 |      0 |    0 |          0 |
|   g_has_mem.glen_mem[39].blk_i                                                  |                       uop_block_wrap__parameterized24 |         75 |         75 |       0 |    0 |   243 |      0 |      0 |    0 |          0 |
|     (g_has_mem.glen_mem[39].blk_i)                                              |                       uop_block_wrap__parameterized24 |          2 |          2 |       0 |    0 |    48 |      0 |      0 |    0 |          0 |
|     core                                                                        |                            uop_block__parameterized24 |         73 |         73 |       0 |    0 |   195 |      0 |      0 |    0 |          0 |
|       (core)                                                                    |                            uop_block__parameterized24 |          9 |          9 |       0 |    0 |     3 |      0 |      0 |    0 |          0 |
|       g[0].g_normal.alu_i                                                       |                      microop_unit__parameterized4__11 |          0 |          0 |       0 |    0 |    32 |      0 |      0 |    0 |          0 |
|       g[1].g_normal.alu_i                                                       |                      microop_unit__parameterized4__12 |          0 |          0 |       0 |    0 |    32 |      0 |      0 |    0 |          0 |
|       g[2].g_normal.alu_i                                                       |                      microop_unit__parameterized4__13 |          0 |          0 |       0 |    0 |    32 |      0 |      0 |    0 |          0 |
|       g[3].g_normal.alu_i                                                       |                       microop_unit__parameterized9__1 |         32 |         32 |       0 |    0 |    32 |      0 |      0 |    0 |          0 |
|       g[4].g_normal.alu_i                                                       |                       microop_unit__parameterized9__2 |         32 |         32 |       0 |    0 |    32 |      0 |      0 |    0 |          0 |
|       g[5].g_normal.alu_i                                                       |                                       microop_unit__3 |          0 |          0 |       0 |    0 |    32 |      0 |      0 |    0 |          0 |
|   g_has_mem.glen_mem[3].blk_i                                                   |                        uop_block_wrap__parameterized2 |         42 |         42 |       0 |    0 |   211 |      0 |      0 |    0 |          0 |
|     (g_has_mem.glen_mem[3].blk_i)                                               |                        uop_block_wrap__parameterized2 |          2 |          2 |       0 |    0 |    48 |      0 |      0 |    0 |          0 |
|     core                                                                        |                             uop_block__parameterized2 |         40 |         40 |       0 |    0 |   163 |      0 |      0 |    0 |          0 |
|       (core)                                                                    |                             uop_block__parameterized2 |          8 |          8 |       0 |    0 |     3 |      0 |      0 |    0 |          0 |
|       g[0].g_normal.alu_i                                                       |                      microop_unit__parameterized4__14 |          0 |          0 |       0 |    0 |    32 |      0 |      0 |    0 |          0 |
|       g[1].g_normal.alu_i                                                       |                      microop_unit__parameterized4__15 |          0 |          0 |       0 |    0 |    32 |      0 |      0 |    0 |          0 |
|       g[2].g_normal.alu_i                                                       |                      microop_unit__parameterized3__16 |         32 |         32 |       0 |    0 |    32 |      0 |      0 |    0 |          0 |
|       g[3].g_normal.alu_i                                                       |                      microop_unit__parameterized4__16 |          0 |          0 |       0 |    0 |    32 |      0 |      0 |    0 |          0 |
|       g[4].g_normal.alu_i                                                       |                      microop_unit__parameterized4__17 |          0 |          0 |       0 |    0 |    32 |      0 |      0 |    0 |          0 |
|   g_has_mem.glen_mem[40].blk_i                                                  |                       uop_block_wrap__parameterized25 |        219 |          0 |       0 |  219 |   711 |      0 |      0 |    0 |         16 |
|     (g_has_mem.glen_mem[40].blk_i)                                              |                       uop_block_wrap__parameterized25 |          0 |          0 |       0 |    0 |    70 |      0 |      0 |    0 |          0 |
|     core                                                                        |                            uop_block__parameterized25 |        219 |          0 |       0 |  219 |   641 |      0 |      0 |    0 |         16 |
|       (core)                                                                    |                            uop_block__parameterized25 |          0 |          0 |       0 |    0 |     0 |      0 |      0 |    0 |          0 |
|       g[0].g_normal.alu_i                                                       |                         microop_unit__parameterized12 |          0 |          0 |       0 |    0 |    32 |      0 |      0 |    0 |          0 |
|       g[1].g_normal.alu_i                                                       |                       microop_unit__parameterized2__6 |          0 |          0 |       0 |    0 |    64 |      0 |      0 |    0 |          0 |
|       g[2].g_normal.alu_i                                                       |               microop_unit__parameterized0__xdcDup__6 |        219 |          0 |       0 |  219 |   545 |      0 |      0 |    0 |         16 |
|         (g[2].g_normal.alu_i)                                                   |               microop_unit__parameterized0__xdcDup__6 |          0 |          0 |       0 |    0 |    64 |      0 |      0 |    0 |          0 |
|         g_imul.mul64_ip.mul_i                                                   |                                   integer_mul_HD29674 |        219 |          0 |       0 |  219 |   481 |      0 |      0 |    0 |         16 |
|           (g_imul.mul64_ip.mul_i)                                               |                                   integer_mul_HD29674 |          0 |          0 |       0 |    0 |     0 |      0 |      0 |    0 |          0 |
|           U0                                                                    |                  integer_mulmult_gen_v12_0_16_HD29675 |        219 |          0 |       0 |  219 |   481 |      0 |      0 |    0 |         16 |
|             (U0)                                                                |                  integer_mulmult_gen_v12_0_16_HD29675 |          0 |          0 |       0 |    0 |     0 |      0 |      0 |    0 |          0 |
|             i_mult                                                              |              integer_mulmult_gen_v12_0_16_viv_HD29676 |        219 |          0 |       0 |  219 |   481 |      0 |      0 |    0 |         16 |
|               (i_mult)                                                          |              integer_mulmult_gen_v12_0_16_viv_HD29676 |          0 |          0 |       0 |    0 |     0 |      0 |      0 |    0 |          0 |
|               gDSP.gDSP_only.iDSP                                               |                                integer_muldsp_HD29677 |        219 |          0 |       0 |  219 |   481 |      0 |      0 |    0 |         16 |
|                 (gDSP.gDSP_only.iDSP)                                           |                                integer_muldsp_HD29677 |          0 |          0 |       0 |    0 |     0 |      0 |      0 |    0 |         16 |
|                 use_prim.appDSP48[0].bppDSP48[0].need_output_delay.output_delay |        integer_muldelay_line__parameterized16_HD29678 |          9 |          0 |       0 |    9 |    17 |      0 |      0 |    0 |          0 |
|                 use_prim.appDSP48[0].bppDSP48[2].need_output_delay.output_delay |        integer_muldelay_line__parameterized18_HD29679 |          9 |          0 |       0 |    9 |    17 |      0 |      0 |    0 |          0 |
|                 use_prim.appDSP48[1].bppDSP48[0].need_output_delay.output_delay |        integer_muldelay_line__parameterized19_HD29680 |          9 |          0 |       0 |    9 |    17 |      0 |      0 |    0 |          0 |
|                 use_prim.appDSP48[1].bppDSP48[3].need_output_delay.output_delay |        integer_muldelay_line__parameterized20_HD29681 |          9 |          0 |       0 |    9 |    17 |      0 |      0 |    0 |          0 |
|                 use_prim.appDSP48[3].bppDSP48[0].need_output_delay.output_delay |        integer_muldelay_line__parameterized21_HD29682 |          9 |          0 |       0 |    9 |    17 |      0 |      0 |    0 |          0 |
|                 use_prim.appDSP48[3].bppDSP48[2].need_output_delay.output_delay |        integer_muldelay_line__parameterized22_HD29683 |          0 |          0 |       0 |    0 |    17 |      0 |      0 |    0 |          0 |
|                 use_prim.iAdelx[0].iAdely[2].use_delay_line.Adelay              |         integer_muldelay_line__parameterized0_HD29684 |          9 |          0 |       0 |    9 |    18 |      0 |      0 |    0 |          0 |
|                 use_prim.iAdelx[1].iAdely[1].use_delay_line.Adelay              |         integer_muldelay_line__parameterized1_HD29685 |          9 |          0 |       0 |    9 |    18 |      0 |      0 |    0 |          0 |
|                 use_prim.iAdelx[1].iAdely[2].use_delay_line.Adelay              |         integer_muldelay_line__parameterized2_HD29686 |          9 |          0 |       0 |    9 |    18 |      0 |      0 |    0 |          0 |
|                 use_prim.iAdelx[1].iAdely[3].use_delay_line.Adelay              |         integer_muldelay_line__parameterized3_HD29687 |          9 |          0 |       0 |    9 |    18 |      0 |      0 |    0 |          0 |
|                 use_prim.iAdelx[2].iAdely[0].use_delay_line.Adelay              |         integer_muldelay_line__parameterized4_HD29688 |          0 |          0 |       0 |    0 |    17 |      0 |      0 |    0 |          0 |
|                 use_prim.iAdelx[2].iAdely[1].use_delay_line.Adelay              |         integer_muldelay_line__parameterized5_HD29689 |          9 |          0 |       0 |    9 |    18 |      0 |      0 |    0 |          0 |
|                 use_prim.iAdelx[2].iAdely[2].use_delay_line.Adelay              |         integer_muldelay_line__parameterized6_HD29690 |          9 |          0 |       0 |    9 |    18 |      0 |      0 |    0 |          0 |
|                 use_prim.iAdelx[2].iAdely[3].use_delay_line.Adelay              |         integer_muldelay_line__parameterized7_HD29691 |          9 |          0 |       0 |    9 |    18 |      0 |      0 |    0 |          0 |
|                 use_prim.iAdelx[3].iAdely[0].use_delay_line.Adelay              |         integer_muldelay_line__parameterized8_HD29692 |          7 |          0 |       0 |    7 |    13 |      0 |      0 |    0 |          0 |
|                 use_prim.iAdelx[3].iAdely[2].use_delay_line.Adelay              |         integer_muldelay_line__parameterized9_HD29693 |          7 |          0 |       0 |    7 |    13 |      0 |      0 |    0 |          0 |
|                 use_prim.iBdelx[0].iBdely[2].need_delay_line.Bdelay             |       integer_muldelay_line__parameterized0_0_HD29694 |          9 |          0 |       0 |    9 |    18 |      0 |      0 |    0 |          0 |
|                 use_prim.iBdelx[0].iBdely[3].need_delay_line.Bdelay             |        integer_muldelay_line__parameterized10_HD29695 |          9 |          0 |       0 |    9 |    18 |      0 |      0 |    0 |          0 |
|                 use_prim.iBdelx[1].iBdely[0].need_delay_line.Bdelay             |       integer_muldelay_line__parameterized4_1_HD29696 |          0 |          0 |       0 |    0 |    17 |      0 |      0 |    0 |          0 |
|                 use_prim.iBdelx[1].iBdely[1].need_delay_line.Bdelay             |       integer_muldelay_line__parameterized1_2_HD29697 |          9 |          0 |       0 |    9 |    18 |      0 |      0 |    0 |          0 |
|                 use_prim.iBdelx[1].iBdely[2].need_delay_line.Bdelay             |       integer_muldelay_line__parameterized2_3_HD29698 |          9 |          0 |       0 |    9 |    18 |      0 |      0 |    0 |          0 |
|                 use_prim.iBdelx[1].iBdely[3].need_delay_line.Bdelay             |       integer_muldelay_line__parameterized3_4_HD29699 |          9 |          0 |       0 |    9 |    18 |      0 |      0 |    0 |          0 |
|                 use_prim.iBdelx[2].iBdely[1].need_delay_line.Bdelay             |       integer_muldelay_line__parameterized5_5_HD29700 |          9 |          0 |       0 |    9 |    18 |      0 |      0 |    0 |          0 |
|                 use_prim.iBdelx[2].iBdely[2].need_delay_line.Bdelay             |       integer_muldelay_line__parameterized6_6_HD29701 |          9 |          0 |       0 |    9 |    18 |      0 |      0 |    0 |          0 |
|                 use_prim.iBdelx[3].iBdely[0].need_delay_line.Bdelay             |        integer_muldelay_line__parameterized11_HD29702 |          9 |          0 |       0 |    9 |    18 |      0 |      0 |    0 |          0 |
|                 use_prim.iBdelx[3].iBdely[1].need_delay_line.Bdelay             |        integer_muldelay_line__parameterized12_HD29703 |          9 |          0 |       0 |    9 |    18 |      0 |      0 |    0 |          0 |
|                 use_prim.iBdelx[3].iBdely[2].need_delay_line.Bdelay             |        integer_muldelay_line__parameterized13_HD29704 |          9 |          0 |       0 |    9 |    18 |      0 |      0 |    0 |          0 |
|                 use_prim.iBdelx[3].iBdely[3].need_delay_line.Bdelay             |        integer_muldelay_line__parameterized14_HD29705 |          7 |          0 |       0 |    7 |    13 |      0 |      0 |    0 |          0 |
|   g_has_mem.glen_mem[41].blk_i                                                  |                     uop_block_wrap__parameterized0_12 |         67 |         67 |       0 |    0 |   201 |      0 |      0 |    0 |          0 |
|     (g_has_mem.glen_mem[41].blk_i)                                              |                     uop_block_wrap__parameterized0_12 |          0 |          0 |       0 |    0 |    72 |      0 |      0 |    0 |          0 |
|     core                                                                        |                             uop_block__parameterized0 |         67 |         67 |       0 |    0 |   129 |      0 |      0 |    0 |          0 |
|       (core)                                                                    |                             uop_block__parameterized0 |          3 |          3 |       0 |    0 |     1 |      0 |      0 |    0 |          0 |
|       g[0].g_normal.alu_i                                                       |                       microop_unit__parameterized1__1 |         64 |         64 |       0 |    0 |    64 |      0 |      0 |    0 |          0 |
|       g[1].g_normal.alu_i                                                       |                       microop_unit__parameterized2__1 |          0 |          0 |       0 |    0 |    64 |      0 |      0 |    0 |          0 |
|   g_has_mem.glen_mem[42].blk_i                                                  |                       uop_block_wrap__parameterized26 |         73 |         73 |       0 |    0 |   176 |      0 |      0 |    0 |          0 |
|     (g_has_mem.glen_mem[42].blk_i)                                              |                       uop_block_wrap__parameterized26 |          1 |          1 |       0 |    0 |    46 |      0 |      0 |    0 |          0 |
|     core                                                                        |                            uop_block__parameterized26 |         72 |         72 |       0 |    0 |   130 |      0 |      0 |    0 |          0 |
|       (core)                                                                    |                            uop_block__parameterized26 |          8 |          8 |       0 |    0 |     2 |      0 |      0 |    0 |          0 |
|       g[0].g_normal.alu_i                                                       |                       microop_unit__parameterized4__3 |          0 |          0 |       0 |    0 |    32 |      0 |      0 |    0 |          0 |
|       g[1].g_normal.alu_i                                                       |                       microop_unit__parameterized3__1 |         32 |         32 |       0 |    0 |    32 |      0 |      0 |    0 |          0 |
|       g[2].g_normal.alu_i                                                       |                       microop_unit__parameterized3__2 |         32 |         32 |       0 |    0 |    32 |      0 |      0 |    0 |          0 |
|       g[3].g_normal.alu_i                                                       |                       microop_unit__parameterized4__8 |          0 |          0 |       0 |    0 |    32 |      0 |      0 |    0 |          0 |
|   g_has_mem.glen_mem[43].blk_i                                                  |                    uop_block_wrap__parameterized11_13 |          6 |          6 |       0 |    0 |   111 |      0 |      0 |    0 |          0 |
|     (g_has_mem.glen_mem[43].blk_i)                                              |                    uop_block_wrap__parameterized11_13 |          3 |          3 |       0 |    0 |    46 |      0 |      0 |    0 |          0 |
|     core                                                                        |                         uop_block__parameterized11_22 |          3 |          3 |       0 |    0 |    65 |      0 |      0 |    0 |          0 |
|       (core)                                                                    |                         uop_block__parameterized11_22 |          3 |          3 |       0 |    0 |     1 |      0 |      0 |    0 |          0 |
|       g[0].g_normal.alu_i                                                       |                       microop_unit__parameterized4__1 |          0 |          0 |       0 |    0 |    32 |      0 |      0 |    0 |          0 |
|       g[1].g_normal.alu_i                                                       |                       microop_unit__parameterized4__2 |          0 |          0 |       0 |    0 |    32 |      0 |      0 |    0 |          0 |
|   g_has_mem.glen_mem[44].blk_i                                                  |                    uop_block_wrap__parameterized21_14 |        397 |        397 |       0 |    0 |   528 |      0 |      0 |    0 |          0 |
|     (g_has_mem.glen_mem[44].blk_i)                                              |                    uop_block_wrap__parameterized21_14 |          2 |          2 |       0 |    0 |    76 |      0 |      0 |    0 |          0 |
|     core                                                                        |                            uop_block__parameterized21 |        395 |        395 |       0 |    0 |   452 |      0 |      0 |    0 |          0 |
|       (core)                                                                    |                            uop_block__parameterized21 |         11 |         11 |       0 |    0 |     4 |      0 |      0 |    0 |          0 |
|       g[0].g_normal.alu_i                                                       |                      microop_unit__parameterized2__24 |          0 |          0 |       0 |    0 |    64 |      0 |      0 |    0 |          0 |
|       g[10].g_normal.alu_i                                                      |                      microop_unit__parameterized3__85 |         32 |         32 |       0 |    0 |    32 |      0 |      0 |    0 |          0 |
|       g[11].g_normal.alu_i                                                      |                      microop_unit__parameterized3__86 |         32 |         32 |       0 |    0 |    32 |      0 |      0 |    0 |          0 |
|       g[12].g_normal.alu_i                                                      |                      microop_unit__parameterized3__87 |         32 |         32 |       0 |    0 |    32 |      0 |      0 |    0 |          0 |
|       g[1].g_normal.alu_i                                                       |                      microop_unit__parameterized3__76 |         32 |         32 |       0 |    0 |    32 |      0 |      0 |    0 |          0 |
|       g[2].g_normal.alu_i                                                       |                      microop_unit__parameterized3__77 |         32 |         32 |       0 |    0 |    32 |      0 |      0 |    0 |          0 |
|       g[3].g_normal.alu_i                                                       |                      microop_unit__parameterized3__78 |         32 |         32 |       0 |    0 |    32 |      0 |      0 |    0 |          0 |
|       g[4].g_normal.alu_i                                                       |                      microop_unit__parameterized3__79 |         32 |         32 |       0 |    0 |    32 |      0 |      0 |    0 |          0 |
|       g[5].g_normal.alu_i                                                       |                      microop_unit__parameterized3__80 |         32 |         32 |       0 |    0 |    32 |      0 |      0 |    0 |          0 |
|       g[6].g_normal.alu_i                                                       |                      microop_unit__parameterized3__81 |         32 |         32 |       0 |    0 |    32 |      0 |      0 |    0 |          0 |
|       g[7].g_normal.alu_i                                                       |                      microop_unit__parameterized3__82 |         32 |         32 |       0 |    0 |    32 |      0 |      0 |    0 |          0 |
|       g[8].g_normal.alu_i                                                       |                      microop_unit__parameterized3__83 |         32 |         32 |       0 |    0 |    32 |      0 |      0 |    0 |          0 |
|       g[9].g_normal.alu_i                                                       |                      microop_unit__parameterized3__84 |         32 |         32 |       0 |    0 |    32 |      0 |      0 |    0 |          0 |
|   g_has_mem.glen_mem[45].blk_i                                                  |                    uop_block_wrap__parameterized11_15 |          7 |          7 |       0 |    0 |   111 |      0 |      0 |    0 |          0 |
|     (g_has_mem.glen_mem[45].blk_i)                                              |                    uop_block_wrap__parameterized11_15 |          4 |          4 |       0 |    0 |    46 |      0 |      0 |    0 |          0 |
|     core                                                                        |                         uop_block__parameterized11_21 |          3 |          3 |       0 |    0 |    65 |      0 |      0 |    0 |          0 |
|       (core)                                                                    |                         uop_block__parameterized11_21 |          3 |          3 |       0 |    0 |     1 |      0 |      0 |    0 |          0 |
|       g[0].g_normal.alu_i                                                       |                       microop_unit__parameterized4__7 |          0 |          0 |       0 |    0 |    32 |      0 |      0 |    0 |          0 |
|       g[1].g_normal.alu_i                                                       |                       microop_unit__parameterized4__6 |          0 |          0 |       0 |    0 |    32 |      0 |      0 |    0 |          0 |
|   g_has_mem.glen_mem[46].blk_i                                                  |                                        uop_block_wrap |        223 |          4 |       0 |  219 |   653 |      0 |      0 |    0 |         16 |
|     (g_has_mem.glen_mem[46].blk_i)                                              |                                        uop_block_wrap |          1 |          1 |       0 |    0 |    75 |      0 |      0 |    0 |          0 |
|     core                                                                        |                                             uop_block |        222 |          3 |       0 |  219 |   578 |      0 |      0 |    0 |         16 |
|       (core)                                                                    |                                             uop_block |          3 |          3 |       0 |    0 |     1 |      0 |      0 |    0 |          0 |
|       g[0].g_normal.alu_i                                                       |                                       microop_unit__2 |          0 |          0 |       0 |    0 |    32 |      0 |      0 |    0 |          0 |
|       g[1].g_normal.alu_i                                                       |                          microop_unit__parameterized0 |        219 |          0 |       0 |  219 |   545 |      0 |      0 |    0 |         16 |
|         (g[1].g_normal.alu_i)                                                   |                          microop_unit__parameterized0 |          0 |          0 |       0 |    0 |    64 |      0 |      0 |    0 |          0 |
|         g_imul.mul64_ip.mul_i                                                   |                                   integer_mul_HD29706 |        219 |          0 |       0 |  219 |   481 |      0 |      0 |    0 |         16 |
|           (g_imul.mul64_ip.mul_i)                                               |                                   integer_mul_HD29706 |          0 |          0 |       0 |    0 |     0 |      0 |      0 |    0 |          0 |
|           U0                                                                    |                  integer_mulmult_gen_v12_0_16_HD29707 |        219 |          0 |       0 |  219 |   481 |      0 |      0 |    0 |         16 |
|             (U0)                                                                |                  integer_mulmult_gen_v12_0_16_HD29707 |          0 |          0 |       0 |    0 |     0 |      0 |      0 |    0 |          0 |
|             i_mult                                                              |              integer_mulmult_gen_v12_0_16_viv_HD29708 |        219 |          0 |       0 |  219 |   481 |      0 |      0 |    0 |         16 |
|               (i_mult)                                                          |              integer_mulmult_gen_v12_0_16_viv_HD29708 |          0 |          0 |       0 |    0 |     0 |      0 |      0 |    0 |          0 |
|               gDSP.gDSP_only.iDSP                                               |                                integer_muldsp_HD29709 |        219 |          0 |       0 |  219 |   481 |      0 |      0 |    0 |         16 |
|                 (gDSP.gDSP_only.iDSP)                                           |                                integer_muldsp_HD29709 |          0 |          0 |       0 |    0 |     0 |      0 |      0 |    0 |         16 |
|                 use_prim.appDSP48[0].bppDSP48[0].need_output_delay.output_delay |        integer_muldelay_line__parameterized16_HD29710 |          9 |          0 |       0 |    9 |    17 |      0 |      0 |    0 |          0 |
|                 use_prim.appDSP48[0].bppDSP48[2].need_output_delay.output_delay |        integer_muldelay_line__parameterized18_HD29711 |          9 |          0 |       0 |    9 |    17 |      0 |      0 |    0 |          0 |
|                 use_prim.appDSP48[1].bppDSP48[0].need_output_delay.output_delay |        integer_muldelay_line__parameterized19_HD29712 |          9 |          0 |       0 |    9 |    17 |      0 |      0 |    0 |          0 |
|                 use_prim.appDSP48[1].bppDSP48[3].need_output_delay.output_delay |        integer_muldelay_line__parameterized20_HD29713 |          9 |          0 |       0 |    9 |    17 |      0 |      0 |    0 |          0 |
|                 use_prim.appDSP48[3].bppDSP48[0].need_output_delay.output_delay |        integer_muldelay_line__parameterized21_HD29714 |          9 |          0 |       0 |    9 |    17 |      0 |      0 |    0 |          0 |
|                 use_prim.appDSP48[3].bppDSP48[2].need_output_delay.output_delay |        integer_muldelay_line__parameterized22_HD29715 |          0 |          0 |       0 |    0 |    17 |      0 |      0 |    0 |          0 |
|                 use_prim.iAdelx[0].iAdely[2].use_delay_line.Adelay              |         integer_muldelay_line__parameterized0_HD29716 |          9 |          0 |       0 |    9 |    18 |      0 |      0 |    0 |          0 |
|                 use_prim.iAdelx[1].iAdely[1].use_delay_line.Adelay              |         integer_muldelay_line__parameterized1_HD29717 |          9 |          0 |       0 |    9 |    18 |      0 |      0 |    0 |          0 |
|                 use_prim.iAdelx[1].iAdely[2].use_delay_line.Adelay              |         integer_muldelay_line__parameterized2_HD29718 |          9 |          0 |       0 |    9 |    18 |      0 |      0 |    0 |          0 |
|                 use_prim.iAdelx[1].iAdely[3].use_delay_line.Adelay              |         integer_muldelay_line__parameterized3_HD29719 |          9 |          0 |       0 |    9 |    18 |      0 |      0 |    0 |          0 |
|                 use_prim.iAdelx[2].iAdely[0].use_delay_line.Adelay              |         integer_muldelay_line__parameterized4_HD29720 |          0 |          0 |       0 |    0 |    17 |      0 |      0 |    0 |          0 |
|                 use_prim.iAdelx[2].iAdely[1].use_delay_line.Adelay              |         integer_muldelay_line__parameterized5_HD29721 |          9 |          0 |       0 |    9 |    18 |      0 |      0 |    0 |          0 |
|                 use_prim.iAdelx[2].iAdely[2].use_delay_line.Adelay              |         integer_muldelay_line__parameterized6_HD29722 |          9 |          0 |       0 |    9 |    18 |      0 |      0 |    0 |          0 |
|                 use_prim.iAdelx[2].iAdely[3].use_delay_line.Adelay              |         integer_muldelay_line__parameterized7_HD29723 |          9 |          0 |       0 |    9 |    18 |      0 |      0 |    0 |          0 |
|                 use_prim.iAdelx[3].iAdely[0].use_delay_line.Adelay              |         integer_muldelay_line__parameterized8_HD29724 |          7 |          0 |       0 |    7 |    13 |      0 |      0 |    0 |          0 |
|                 use_prim.iAdelx[3].iAdely[2].use_delay_line.Adelay              |         integer_muldelay_line__parameterized9_HD29725 |          7 |          0 |       0 |    7 |    13 |      0 |      0 |    0 |          0 |
|                 use_prim.iBdelx[0].iBdely[2].need_delay_line.Bdelay             |       integer_muldelay_line__parameterized0_0_HD29726 |          9 |          0 |       0 |    9 |    18 |      0 |      0 |    0 |          0 |
|                 use_prim.iBdelx[0].iBdely[3].need_delay_line.Bdelay             |        integer_muldelay_line__parameterized10_HD29727 |          9 |          0 |       0 |    9 |    18 |      0 |      0 |    0 |          0 |
|                 use_prim.iBdelx[1].iBdely[0].need_delay_line.Bdelay             |       integer_muldelay_line__parameterized4_1_HD29728 |          0 |          0 |       0 |    0 |    17 |      0 |      0 |    0 |          0 |
|                 use_prim.iBdelx[1].iBdely[1].need_delay_line.Bdelay             |       integer_muldelay_line__parameterized1_2_HD29729 |          9 |          0 |       0 |    9 |    18 |      0 |      0 |    0 |          0 |
|                 use_prim.iBdelx[1].iBdely[2].need_delay_line.Bdelay             |       integer_muldelay_line__parameterized2_3_HD29730 |          9 |          0 |       0 |    9 |    18 |      0 |      0 |    0 |          0 |
|                 use_prim.iBdelx[1].iBdely[3].need_delay_line.Bdelay             |       integer_muldelay_line__parameterized3_4_HD29731 |          9 |          0 |       0 |    9 |    18 |      0 |      0 |    0 |          0 |
|                 use_prim.iBdelx[2].iBdely[1].need_delay_line.Bdelay             |       integer_muldelay_line__parameterized5_5_HD29732 |          9 |          0 |       0 |    9 |    18 |      0 |      0 |    0 |          0 |
|                 use_prim.iBdelx[2].iBdely[2].need_delay_line.Bdelay             |       integer_muldelay_line__parameterized6_6_HD29733 |          9 |          0 |       0 |    9 |    18 |      0 |      0 |    0 |          0 |
|                 use_prim.iBdelx[3].iBdely[0].need_delay_line.Bdelay             |        integer_muldelay_line__parameterized11_HD29734 |          9 |          0 |       0 |    9 |    18 |      0 |      0 |    0 |          0 |
|                 use_prim.iBdelx[3].iBdely[1].need_delay_line.Bdelay             |        integer_muldelay_line__parameterized12_HD29735 |          9 |          0 |       0 |    9 |    18 |      0 |      0 |    0 |          0 |
|                 use_prim.iBdelx[3].iBdely[2].need_delay_line.Bdelay             |        integer_muldelay_line__parameterized13_HD29736 |          9 |          0 |       0 |    9 |    18 |      0 |      0 |    0 |          0 |
|                 use_prim.iBdelx[3].iBdely[3].need_delay_line.Bdelay             |        integer_muldelay_line__parameterized14_HD29737 |          7 |          0 |       0 |    7 |    13 |      0 |      0 |    0 |          0 |
|   g_has_mem.glen_mem[47].blk_i                                                  |                    uop_block_wrap__parameterized20_16 |        366 |        366 |       0 |    0 |   500 |      0 |      0 |    0 |          0 |
|     (g_has_mem.glen_mem[47].blk_i)                                              |                    uop_block_wrap__parameterized20_16 |          2 |          2 |       0 |    0 |    80 |      0 |      0 |    0 |          0 |
|     core                                                                        |                            uop_block__parameterized20 |        364 |        364 |       0 |    0 |   420 |      0 |      0 |    0 |          0 |
|       (core)                                                                    |                            uop_block__parameterized20 |         12 |         12 |       0 |    0 |     4 |      0 |      0 |    0 |          0 |
|       g[0].g_normal.alu_i                                                       |                      microop_unit__parameterized2__25 |          0 |          0 |       0 |    0 |    64 |      0 |      0 |    0 |          0 |
|       g[10].g_normal.alu_i                                                      |                      microop_unit__parameterized3__97 |         32 |         32 |       0 |    0 |    32 |      0 |      0 |    0 |          0 |
|       g[11].g_normal.alu_i                                                      |                      microop_unit__parameterized3__98 |         32 |         32 |       0 |    0 |    32 |      0 |      0 |    0 |          0 |
|       g[1].g_normal.alu_i                                                       |                      microop_unit__parameterized3__88 |         32 |         32 |       0 |    0 |    32 |      0 |      0 |    0 |          0 |
|       g[2].g_normal.alu_i                                                       |                      microop_unit__parameterized3__89 |         32 |         32 |       0 |    0 |    32 |      0 |      0 |    0 |          0 |
|       g[3].g_normal.alu_i                                                       |                      microop_unit__parameterized3__90 |         32 |         32 |       0 |    0 |    32 |      0 |      0 |    0 |          0 |
|       g[4].g_normal.alu_i                                                       |                      microop_unit__parameterized3__91 |         32 |         32 |       0 |    0 |    32 |      0 |      0 |    0 |          0 |
|       g[5].g_normal.alu_i                                                       |                      microop_unit__parameterized3__92 |         32 |         32 |       0 |    0 |    32 |      0 |      0 |    0 |          0 |
|       g[6].g_normal.alu_i                                                       |                      microop_unit__parameterized3__93 |         32 |         32 |       0 |    0 |    32 |      0 |      0 |    0 |          0 |
|       g[7].g_normal.alu_i                                                       |                      microop_unit__parameterized3__94 |         32 |         32 |       0 |    0 |    32 |      0 |      0 |    0 |          0 |
|       g[8].g_normal.alu_i                                                       |                      microop_unit__parameterized3__95 |         32 |         32 |       0 |    0 |    32 |      0 |      0 |    0 |          0 |
|       g[9].g_normal.alu_i                                                       |                      microop_unit__parameterized3__96 |         32 |         32 |       0 |    0 |    32 |      0 |      0 |    0 |          0 |
|   g_has_mem.glen_mem[48].blk_i                                                  |                    uop_block_wrap__parameterized11_17 |          9 |          9 |       0 |    0 |   109 |      0 |      0 |    0 |          0 |
|     (g_has_mem.glen_mem[48].blk_i)                                              |                    uop_block_wrap__parameterized11_17 |          6 |          6 |       0 |    0 |    44 |      0 |      0 |    0 |          0 |
|     core                                                                        |                            uop_block__parameterized11 |          3 |          3 |       0 |    0 |    65 |      0 |      0 |    0 |          0 |
|       (core)                                                                    |                            uop_block__parameterized11 |          3 |          3 |       0 |    0 |     1 |      0 |      0 |    0 |          0 |
|       g[0].g_normal.alu_i                                                       |                       microop_unit__parameterized4__9 |          0 |          0 |       0 |    0 |    32 |      0 |      0 |    0 |          0 |
|       g[1].g_normal.alu_i                                                       |                      microop_unit__parameterized4__10 |          0 |          0 |       0 |    0 |    32 |      0 |      0 |    0 |          0 |
|   g_has_mem.glen_mem[4].blk_i                                                   |                     uop_block_wrap__parameterized3_18 |          5 |          5 |       0 |    0 |   204 |      0 |      0 |    0 |          0 |
|     (g_has_mem.glen_mem[4].blk_i)                                               |                     uop_block_wrap__parameterized3_18 |          2 |          2 |       0 |    0 |    75 |      0 |      0 |    0 |          0 |
|     core                                                                        |                             uop_block__parameterized3 |          3 |          3 |       0 |    0 |   129 |      0 |      0 |    0 |          0 |
|       (core)                                                                    |                             uop_block__parameterized3 |          3 |          3 |       0 |    0 |     1 |      0 |      0 |    0 |          0 |
|       g[0].g_normal.alu_i                                                       |                       microop_unit__parameterized2__2 |          0 |          0 |       0 |    0 |    64 |      0 |      0 |    0 |          0 |
|       g[1].g_normal.alu_i                                                       |                       microop_unit__parameterized2__3 |          0 |          0 |       0 |    0 |    64 |      0 |      0 |    0 |          0 |
|   g_has_mem.glen_mem[5].blk_i                                                   |                        uop_block_wrap__parameterized4 |        465 |        465 |       0 |    0 |   592 |      0 |      0 |    0 |          0 |
|     (g_has_mem.glen_mem[5].blk_i)                                               |                        uop_block_wrap__parameterized4 |          6 |          6 |       0 |    0 |    76 |      0 |      0 |    0 |          0 |
|     core                                                                        |                             uop_block__parameterized4 |        459 |        459 |       0 |    0 |   516 |      0 |      0 |    0 |          0 |
|       (core)                                                                    |                             uop_block__parameterized4 |         11 |         11 |       0 |    0 |     4 |      0 |      0 |    0 |          0 |
|       g[0].g_normal.alu_i                                                       |                      microop_unit__parameterized2__23 |          0 |          0 |       0 |    0 |    64 |      0 |      0 |    0 |          0 |
|       g[10].g_normal.alu_i                                                      |                      microop_unit__parameterized3__71 |         32 |         32 |       0 |    0 |    32 |      0 |      0 |    0 |          0 |
|       g[11].g_normal.alu_i                                                      |                      microop_unit__parameterized3__72 |         32 |         32 |       0 |    0 |    32 |      0 |      0 |    0 |          0 |
|       g[12].g_normal.alu_i                                                      |                      microop_unit__parameterized3__73 |         32 |         32 |       0 |    0 |    32 |      0 |      0 |    0 |          0 |
|       g[13].g_normal.alu_i                                                      |                      microop_unit__parameterized3__74 |         32 |         32 |       0 |    0 |    32 |      0 |      0 |    0 |          0 |
|       g[14].g_normal.alu_i                                                      |                      microop_unit__parameterized3__75 |         32 |         32 |       0 |    0 |    32 |      0 |      0 |    0 |          0 |
|       g[1].g_normal.alu_i                                                       |                      microop_unit__parameterized3__62 |         32 |         32 |       0 |    0 |    32 |      0 |      0 |    0 |          0 |
|       g[2].g_normal.alu_i                                                       |                      microop_unit__parameterized3__63 |         32 |         32 |       0 |    0 |    32 |      0 |      0 |    0 |          0 |
|       g[3].g_normal.alu_i                                                       |                      microop_unit__parameterized3__64 |         32 |         32 |       0 |    0 |    32 |      0 |      0 |    0 |          0 |
|       g[4].g_normal.alu_i                                                       |                      microop_unit__parameterized3__65 |         32 |         32 |       0 |    0 |    32 |      0 |      0 |    0 |          0 |
|       g[5].g_normal.alu_i                                                       |                      microop_unit__parameterized3__66 |         32 |         32 |       0 |    0 |    32 |      0 |      0 |    0 |          0 |
|       g[6].g_normal.alu_i                                                       |                      microop_unit__parameterized3__67 |         32 |         32 |       0 |    0 |    32 |      0 |      0 |    0 |          0 |
|       g[7].g_normal.alu_i                                                       |                      microop_unit__parameterized3__68 |         32 |         32 |       0 |    0 |    32 |      0 |      0 |    0 |          0 |
|       g[8].g_normal.alu_i                                                       |                      microop_unit__parameterized3__69 |         32 |         32 |       0 |    0 |    32 |      0 |      0 |    0 |          0 |
|       g[9].g_normal.alu_i                                                       |                      microop_unit__parameterized3__70 |         32 |         32 |       0 |    0 |    32 |      0 |      0 |    0 |          0 |
|   g_has_mem.glen_mem[6].blk_i                                                   |                        uop_block_wrap__parameterized5 |         35 |         35 |       0 |    0 |    80 |      0 |      0 |    0 |          0 |
|     (g_has_mem.glen_mem[6].blk_i)                                               |                        uop_block_wrap__parameterized5 |          0 |          0 |       0 |    0 |    46 |      0 |      0 |    0 |          0 |
|     core                                                                        |                             uop_block__parameterized5 |         35 |         35 |       0 |    0 |    34 |      0 |      0 |    0 |          0 |
|       (core)                                                                    |                             uop_block__parameterized5 |          3 |          3 |       0 |    0 |     1 |      0 |      0 |    0 |          0 |
|       g[0].g_normal.alu_i                                                       |                       microop_unit__parameterized5__1 |         32 |         32 |       0 |    0 |    32 |      0 |      0 |    0 |          0 |
|       g[1].g_normal.alu_i                                                       |                       microop_unit__parameterized6__1 |          0 |          0 |       0 |    0 |     1 |      0 |      0 |    0 |          0 |
|   g_has_mem.glen_mem[7].blk_i                                                   |                        uop_block_wrap__parameterized6 |         64 |         64 |       0 |    0 |   101 |      0 |      0 |    0 |          0 |
|     (g_has_mem.glen_mem[7].blk_i)                                               |                        uop_block_wrap__parameterized6 |          0 |          0 |       0 |    0 |    37 |      0 |      0 |    0 |          0 |
|     core                                                                        |                          uop_block__parameterized6_20 |         64 |         64 |       0 |    0 |    64 |      0 |      0 |    0 |          0 |
|       (core)                                                                    |                          uop_block__parameterized6_20 |          0 |          0 |       0 |    0 |     0 |      0 |      0 |    0 |          0 |
|       g[0].g_normal.alu_i                                                       |                       microop_unit__parameterized7__1 |         32 |         32 |       0 |    0 |    32 |      0 |      0 |    0 |          0 |
|       g[1].g_normal.alu_i                                                       |                      microop_unit__parameterized3__17 |         32 |         32 |       0 |    0 |    32 |      0 |      0 |    0 |          0 |
|   g_has_mem.glen_mem[8].blk_i                                                   |                        uop_block_wrap__parameterized7 |         37 |         37 |       0 |    0 |    82 |      0 |      0 |    0 |          0 |
|     (g_has_mem.glen_mem[8].blk_i)                                               |                        uop_block_wrap__parameterized7 |          2 |          2 |       0 |    0 |    48 |      0 |      0 |    0 |          0 |
|     core                                                                        |                             uop_block__parameterized7 |         35 |         35 |       0 |    0 |    34 |      0 |      0 |    0 |          0 |
|       (core)                                                                    |                             uop_block__parameterized7 |          3 |          3 |       0 |    0 |     1 |      0 |      0 |    0 |          0 |
|       g[0].g_normal.alu_i                                                       |                       microop_unit__parameterized5__4 |         32 |         32 |       0 |    0 |    32 |      0 |      0 |    0 |          0 |
|       g[1].g_normal.alu_i                                                       |                          microop_unit__parameterized6 |          0 |          0 |       0 |    0 |     1 |      0 |      0 |    0 |          0 |
|   g_has_mem.glen_mem[9].blk_i                                                   |                     uop_block_wrap__parameterized6_19 |         64 |         64 |       0 |    0 |   101 |      0 |      0 |    0 |          0 |
|     (g_has_mem.glen_mem[9].blk_i)                                               |                     uop_block_wrap__parameterized6_19 |          0 |          0 |       0 |    0 |    37 |      0 |      0 |    0 |          0 |
|     core                                                                        |                             uop_block__parameterized6 |         64 |         64 |       0 |    0 |    64 |      0 |      0 |    0 |          0 |
|       (core)                                                                    |                             uop_block__parameterized6 |          0 |          0 |       0 |    0 |     0 |      0 |      0 |    0 |          0 |
|       g[0].g_normal.alu_i                                                       |                          microop_unit__parameterized7 |         32 |         32 |       0 |    0 |    32 |      0 |      0 |    0 |          0 |
|       g[1].g_normal.alu_i                                                       |                      microop_unit__parameterized3__99 |         32 |         32 |       0 |    0 |    32 |      0 |      0 |    0 |          0 |
|   g_has_mem.u_pool                                                              |                                              spm_pool |       2511 |       2511 |       0 |    0 |  1664 |      8 |      0 |    0 |          0 |
|     (g_has_mem.u_pool)                                                          |                                              spm_pool |       2319 |       2319 |       0 |    0 |  1600 |      0 |      0 |    0 |          0 |
|     g_banks.gb[0].u_bank64                                                      |                                           spm_bank__1 |          5 |          5 |       0 |    0 |     2 |      1 |      0 |    0 |          0 |
|       (g_banks.gb[0].u_bank64)                                                  |                                           spm_bank__1 |          1 |          1 |       0 |    0 |     2 |      0 |      0 |    0 |          0 |
|       u_mem                                                                     |                                  xpm_memory_sdpram_46 |          4 |          4 |       0 |    0 |     0 |      1 |      0 |    0 |          0 |
|         (u_mem)                                                                 |                                  xpm_memory_sdpram_46 |          4 |          4 |       0 |    0 |     0 |      0 |      0 |    0 |          0 |
|         xpm_memory_base_inst                                                    |                                    xpm_memory_base__1 |          0 |          0 |       0 |    0 |     0 |      1 |      0 |    0 |          0 |
|     g_banks.gb[1].u_bank64                                                      |                                           spm_bank__2 |          5 |          5 |       0 |    0 |     2 |      1 |      0 |    0 |          0 |
|       (g_banks.gb[1].u_bank64)                                                  |                                           spm_bank__2 |          1 |          1 |       0 |    0 |     2 |      0 |      0 |    0 |          0 |
|       u_mem                                                                     |                                  xpm_memory_sdpram_45 |          4 |          4 |       0 |    0 |     0 |      1 |      0 |    0 |          0 |
|         (u_mem)                                                                 |                                  xpm_memory_sdpram_45 |          4 |          4 |       0 |    0 |     0 |      0 |      0 |    0 |          0 |
|         xpm_memory_base_inst                                                    |                                    xpm_memory_base__2 |          0 |          0 |       0 |    0 |     0 |      1 |      0 |    0 |          0 |
|     g_banks.gb[2].u_bank64                                                      |                                           spm_bank__3 |          5 |          5 |       0 |    0 |     2 |      1 |      0 |    0 |          0 |
|       (g_banks.gb[2].u_bank64)                                                  |                                           spm_bank__3 |          1 |          1 |       0 |    0 |     2 |      0 |      0 |    0 |          0 |
|       u_mem                                                                     |                                  xpm_memory_sdpram_44 |          4 |          4 |       0 |    0 |     0 |      1 |      0 |    0 |          0 |
|         (u_mem)                                                                 |                                  xpm_memory_sdpram_44 |          4 |          4 |       0 |    0 |     0 |      0 |      0 |    0 |          0 |
|         xpm_memory_base_inst                                                    |                                    xpm_memory_base__3 |          0 |          0 |       0 |    0 |     0 |      1 |      0 |    0 |          0 |
|     g_banks.gb[3].u_bank64                                                      |                                           spm_bank__4 |          5 |          5 |       0 |    0 |     2 |      1 |      0 |    0 |          0 |
|       (g_banks.gb[3].u_bank64)                                                  |                                           spm_bank__4 |          1 |          1 |       0 |    0 |     2 |      0 |      0 |    0 |          0 |
|       u_mem                                                                     |                                  xpm_memory_sdpram_43 |          4 |          4 |       0 |    0 |     0 |      1 |      0 |    0 |          0 |
|         (u_mem)                                                                 |                                  xpm_memory_sdpram_43 |          4 |          4 |       0 |    0 |     0 |      0 |      0 |    0 |          0 |
|         xpm_memory_base_inst                                                    |                                    xpm_memory_base__4 |          0 |          0 |       0 |    0 |     0 |      1 |      0 |    0 |          0 |
|     g_banks.gb[4].u_bank64                                                      |                                           spm_bank__5 |          5 |          5 |       0 |    0 |     2 |      1 |      0 |    0 |          0 |
|       (g_banks.gb[4].u_bank64)                                                  |                                           spm_bank__5 |          1 |          1 |       0 |    0 |     2 |      0 |      0 |    0 |          0 |
|       u_mem                                                                     |                                  xpm_memory_sdpram_42 |          4 |          4 |       0 |    0 |     0 |      1 |      0 |    0 |          0 |
|         (u_mem)                                                                 |                                  xpm_memory_sdpram_42 |          4 |          4 |       0 |    0 |     0 |      0 |      0 |    0 |          0 |
|         xpm_memory_base_inst                                                    |                                    xpm_memory_base__5 |          0 |          0 |       0 |    0 |     0 |      1 |      0 |    0 |          0 |
|     g_banks.gb[5].u_bank64                                                      |                                           spm_bank__6 |          5 |          5 |       0 |    0 |     2 |      1 |      0 |    0 |          0 |
|       (g_banks.gb[5].u_bank64)                                                  |                                           spm_bank__6 |          1 |          1 |       0 |    0 |     2 |      0 |      0 |    0 |          0 |
|       u_mem                                                                     |                                  xpm_memory_sdpram_41 |          4 |          4 |       0 |    0 |     0 |      1 |      0 |    0 |          0 |
|         (u_mem)                                                                 |                                  xpm_memory_sdpram_41 |          4 |          4 |       0 |    0 |     0 |      0 |      0 |    0 |          0 |
|         xpm_memory_base_inst                                                    |                                    xpm_memory_base__6 |          0 |          0 |       0 |    0 |     0 |      1 |      0 |    0 |          0 |
|     g_banks.gb[6].u_bank64                                                      |                                           spm_bank__7 |          5 |          5 |       0 |    0 |     2 |      1 |      0 |    0 |          0 |
|       (g_banks.gb[6].u_bank64)                                                  |                                           spm_bank__7 |          1 |          1 |       0 |    0 |     2 |      0 |      0 |    0 |          0 |
|       u_mem                                                                     |                                  xpm_memory_sdpram_40 |          4 |          4 |       0 |    0 |     0 |      1 |      0 |    0 |          0 |
|         (u_mem)                                                                 |                                  xpm_memory_sdpram_40 |          4 |          4 |       0 |    0 |     0 |      0 |      0 |    0 |          0 |
|         xpm_memory_base_inst                                                    |                                    xpm_memory_base__7 |          0 |          0 |       0 |    0 |     0 |      1 |      0 |    0 |          0 |
|     g_banks.gb[7].u_bank64                                                      |                                              spm_bank |          5 |          5 |       0 |    0 |     2 |      1 |      0 |    0 |          0 |
|       (g_banks.gb[7].u_bank64)                                                  |                                              spm_bank |          1 |          1 |       0 |    0 |     2 |      0 |      0 |    0 |          0 |
|       u_mem                                                                     |                                     xpm_memory_sdpram |          4 |          4 |       0 |    0 |     0 |      1 |      0 |    0 |          0 |
|         (u_mem)                                                                 |                                     xpm_memory_sdpram |          4 |          4 |       0 |    0 |     0 |      0 |      0 |    0 |          0 |
|         xpm_memory_base_inst                                                    |                                       xpm_memory_base |          0 |          0 |       0 |    0 |     0 |      1 |      0 |    0 |          0 |
|     u_rrA                                                                       |                                         rr_arbiter__1 |         76 |         76 |       0 |    0 |    24 |      0 |      0 |    0 |          0 |
|     u_rrB                                                                       |                                            rr_arbiter |         76 |         76 |       0 |    0 |    24 |      0 |      0 |    0 |          0 |
+---------------------------------------------------------------------------------+-------------------------------------------------------+------------+------------+---------+------+-------+--------+--------+------+------------+


