Copyright 1986-2020 Xilinx, Inc. All Rights Reserved.
------------------------------------------------------------------------------------------------------------------------------------------------------------
| Tool Version : Vivado v.2020.1 (lin64) Build 2902540 Wed May 27 19:54:35 MDT 2020
| Date         : Mon Oct 27 23:20:52 2025
| Host         : orthanc running 64-bit Ubuntu 22.04.4 LTS
| Command      : report_utilization -hierarchical -file /home/jyoo/custom_v_2/custom-core-tool/reports/synth_3p0pct/benches/657_xz_s/pre_impl_util_hier.rpt
| Design       : top_multi_len
| Device       : xcu200fsgd2104-2
| Design State : Synthesized
------------------------------------------------------------------------------------------------------------------------------------------------------------

Utilization Design Information

Table of Contents
-----------------
1. Utilization by Hierarchy

1. Utilization by Hierarchy
---------------------------

+---------------------------------------------------------------------------------+-------------------------------------------------------+------------+------------+---------+------+-------+--------+--------+------+------------+
|                                     Instance                                    |                         Module                        | Total LUTs | Logic LUTs | LUTRAMs | SRLs |  FFs  | RAMB36 | RAMB18 | URAM | DSP Blocks |
+---------------------------------------------------------------------------------+-------------------------------------------------------+------------+------------+---------+------+-------+--------+--------+------+------------+
| top_multi_len                                                                   |                                                 (top) |      18508 |      17413 |       0 | 1095 | 38299 |      8 |      0 |    0 |         92 |
|   (top_multi_len)                                                               |                                                 (top) |       1782 |       1782 |       0 |    0 |  4406 |      0 |      0 |    0 |          0 |
|   g_has_mem.glen_mem[0].blk_i                                                   |                             uop_block_wrap__xdcDup__1 |        128 |        128 |       0 |    0 |   262 |      0 |      0 |    0 |          0 |
|     (g_has_mem.glen_mem[0].blk_i)                                               |                             uop_block_wrap__xdcDup__1 |          0 |          0 |       0 |    0 |    70 |      0 |      0 |    0 |          0 |
|     core                                                                        |                                  uop_block__xdcDup__1 |        128 |        128 |       0 |    0 |   192 |      0 |      0 |    0 |          0 |
|       (core)                                                                    |                                  uop_block__xdcDup__1 |          0 |          0 |       0 |    0 |     0 |      0 |      0 |    0 |          0 |
|       g[0].g_normal.alu_i                                                       |                                       microop_unit__5 |         64 |         64 |       0 |    0 |    64 |      0 |      0 |    0 |          0 |
|       g[1].g_normal.alu_i                                                       |               microop_unit__parameterized0__xdcDup__1 |         64 |         64 |       0 |    0 |   128 |      0 |      0 |    0 |          0 |
|         (g[1].g_normal.alu_i)                                                   |               microop_unit__parameterized0__xdcDup__1 |          0 |          0 |       0 |    0 |    64 |      0 |      0 |    0 |          0 |
|         g_iadd.use_ip.u_addsub                                                  |                                        integer_addsub |         64 |         64 |       0 |    0 |    64 |      0 |      0 |    0 |          0 |
|           (g_iadd.use_ip.u_addsub)                                              |                                        integer_addsub |          0 |          0 |       0 |    0 |     0 |      0 |      0 |    0 |          0 |
|           U0                                                                    |                       integer_addsubc_addsub_v12_0_14 |         64 |         64 |       0 |    0 |    64 |      0 |      0 |    0 |          0 |
|             (U0)                                                                |                       integer_addsubc_addsub_v12_0_14 |          0 |          0 |       0 |    0 |     0 |      0 |      0 |    0 |          0 |
|             xst_addsub                                                          |                   integer_addsubc_addsub_v12_0_14_viv |         64 |         64 |       0 |    0 |    64 |      0 |      0 |    0 |          0 |
|               (xst_addsub)                                                      |                   integer_addsubc_addsub_v12_0_14_viv |          0 |          0 |       0 |    0 |     0 |      0 |      0 |    0 |          0 |
|               i_baseblox.i_baseblox_addsub                                      |                integer_addsubc_addsub_v12_0_14_legacy |         64 |         64 |       0 |    0 |    64 |      0 |      0 |    0 |          0 |
|                 no_pipelining.the_addsub                                        |         integer_addsubc_addsub_v12_0_14_fabric_legacy |         64 |         64 |       0 |    0 |    64 |      0 |      0 |    0 |          0 |
|                   i_lut6.i_lut6_addsub                                          |           integer_addsubc_addsub_v12_0_14_lut6_legacy |         64 |         64 |       0 |    0 |    64 |      0 |      0 |    0 |          0 |
|                     (i_lut6.i_lut6_addsub)                                      |           integer_addsubc_addsub_v12_0_14_lut6_legacy |         64 |         64 |       0 |    0 |     0 |      0 |      0 |    0 |          0 |
|                     i_q.i_simple.qreg                                           |                    integer_addsubc_reg_fd_v12_0_6_viv |          0 |          0 |       0 |    0 |    64 |      0 |      0 |    0 |          0 |
|   g_has_mem.glen_mem[100].blk_i                                                 |                       uop_block_wrap__parameterized52 |        137 |        137 |       0 |    0 |   374 |      0 |      0 |    0 |          0 |
|     (g_has_mem.glen_mem[100].blk_i)                                             |                       uop_block_wrap__parameterized52 |          1 |          1 |       0 |    0 |    75 |      0 |      0 |    0 |          0 |
|     core                                                                        |                            uop_block__parameterized52 |        136 |        136 |       0 |    0 |   299 |      0 |      0 |    0 |          0 |
|       (core)                                                                    |                            uop_block__parameterized52 |          8 |          8 |       0 |    0 |     3 |      0 |      0 |    0 |          0 |
|       g[0].g_normal.alu_i                                                       |                     microop_unit__parameterized10__45 |          0 |          0 |       0 |    0 |    64 |      0 |      0 |    0 |          0 |
|       g[1].g_normal.alu_i                                                       |                     microop_unit__parameterized2__134 |          0 |          0 |       0 |    0 |    32 |      0 |      0 |    0 |          0 |
|       g[2].g_normal.alu_i                                                       |                                          microop_unit |         64 |         64 |       0 |    0 |    64 |      0 |      0 |    0 |          0 |
|       g[3].g_normal.alu_i                                                       |              microop_unit__parameterized0__xdcDup__11 |         64 |         64 |       0 |    0 |   128 |      0 |      0 |    0 |          0 |
|         (g[3].g_normal.alu_i)                                                   |              microop_unit__parameterized0__xdcDup__11 |          0 |          0 |       0 |    0 |    64 |      0 |      0 |    0 |          0 |
|         g_iadd.use_ip.u_addsub                                                  |                                integer_addsub_HD24146 |         64 |         64 |       0 |    0 |    64 |      0 |      0 |    0 |          0 |
|           (g_iadd.use_ip.u_addsub)                                              |                                integer_addsub_HD24146 |          0 |          0 |       0 |    0 |     0 |      0 |      0 |    0 |          0 |
|           U0                                                                    |               integer_addsubc_addsub_v12_0_14_HD24147 |         64 |         64 |       0 |    0 |    64 |      0 |      0 |    0 |          0 |
|             (U0)                                                                |               integer_addsubc_addsub_v12_0_14_HD24147 |          0 |          0 |       0 |    0 |     0 |      0 |      0 |    0 |          0 |
|             xst_addsub                                                          |           integer_addsubc_addsub_v12_0_14_viv_HD24148 |         64 |         64 |       0 |    0 |    64 |      0 |      0 |    0 |          0 |
|               (xst_addsub)                                                      |           integer_addsubc_addsub_v12_0_14_viv_HD24148 |          0 |          0 |       0 |    0 |     0 |      0 |      0 |    0 |          0 |
|               i_baseblox.i_baseblox_addsub                                      |        integer_addsubc_addsub_v12_0_14_legacy_HD24149 |         64 |         64 |       0 |    0 |    64 |      0 |      0 |    0 |          0 |
|                 no_pipelining.the_addsub                                        | integer_addsubc_addsub_v12_0_14_fabric_legacy_HD24150 |         64 |         64 |       0 |    0 |    64 |      0 |      0 |    0 |          0 |
|                   i_lut6.i_lut6_addsub                                          |   integer_addsubc_addsub_v12_0_14_lut6_legacy_HD24151 |         64 |         64 |       0 |    0 |    64 |      0 |      0 |    0 |          0 |
|                     (i_lut6.i_lut6_addsub)                                      |   integer_addsubc_addsub_v12_0_14_lut6_legacy_HD24151 |         64 |         64 |       0 |    0 |     0 |      0 |      0 |    0 |          0 |
|                     i_q.i_simple.qreg                                           |            integer_addsubc_reg_fd_v12_0_6_viv_HD24152 |          0 |          0 |       0 |    0 |    64 |      0 |      0 |    0 |          0 |
|       g[4].g_normal.alu_i                                                       |                      microop_unit__parameterized4__47 |          0 |          0 |       0 |    0 |     8 |      0 |      0 |    0 |          0 |
|   g_has_mem.glen_mem[101].blk_i                                                 |                        uop_block_wrap__parameterized9 |         64 |         64 |       0 |    0 |   133 |      0 |      0 |    0 |          0 |
|     (g_has_mem.glen_mem[101].blk_i)                                             |                        uop_block_wrap__parameterized9 |          0 |          0 |       0 |    0 |    37 |      0 |      0 |    0 |          0 |
|     core                                                                        |                         uop_block__parameterized9_121 |         64 |         64 |       0 |    0 |    96 |      0 |      0 |    0 |          0 |
|       (core)                                                                    |                         uop_block__parameterized9_121 |          0 |          0 |       0 |    0 |     0 |      0 |      0 |    0 |          0 |
|       g[0].g_normal.alu_i                                                       |                     microop_unit__parameterized2__135 |          0 |          0 |       0 |    0 |    32 |      0 |      0 |    0 |          0 |
|       g[1].g_normal.alu_i                                                       |                      microop_unit__parameterized1__28 |         32 |         32 |       0 |    0 |    32 |      0 |      0 |    0 |          0 |
|       g[3].g_normal.alu_i                                                       |                      microop_unit__parameterized7__36 |         32 |         32 |       0 |    0 |    32 |      0 |      0 |    0 |          0 |
|   g_has_mem.glen_mem[102].blk_i                                                 |                       uop_block_wrap__parameterized66 |        142 |        142 |       0 |    0 |   210 |      0 |      0 |    0 |          0 |
|     (g_has_mem.glen_mem[102].blk_i)                                             |                       uop_block_wrap__parameterized66 |          6 |          6 |       0 |    0 |    47 |      0 |      0 |    0 |          0 |
|     core                                                                        |                            uop_block__parameterized66 |        136 |        136 |       0 |    0 |   163 |      0 |      0 |    0 |          0 |
|       (core)                                                                    |                            uop_block__parameterized66 |          7 |          7 |       0 |    0 |     3 |      0 |      0 |    0 |          0 |
|       g[0].g_normal.alu_i                                                       |                      microop_unit__parameterized23__9 |         32 |         32 |       0 |    0 |    32 |      0 |      0 |    0 |          0 |
|       g[1].g_normal.alu_i                                                       |                      microop_unit__parameterized34__1 |         33 |         33 |       0 |    0 |    32 |      0 |      0 |    0 |          0 |
|       g[2].g_normal.alu_i                                                       |                       microop_unit__parameterized9__9 |         32 |         32 |       0 |    0 |    32 |      0 |      0 |    0 |          0 |
|       g[3].g_normal.alu_i                                                       |                      microop_unit__parameterized7__16 |         32 |         32 |       0 |    0 |    32 |      0 |      0 |    0 |          0 |
|       g[4].g_normal.alu_i                                                       |                      microop_unit__parameterized2__67 |          0 |          0 |       0 |    0 |    32 |      0 |      0 |    0 |          0 |
|   g_has_mem.glen_mem[103].blk_i                                                 |                       uop_block_wrap__parameterized67 |        223 |          4 |       0 |  219 |   688 |      0 |      0 |    0 |         16 |
|     (g_has_mem.glen_mem[103].blk_i)                                             |                       uop_block_wrap__parameterized67 |          1 |          1 |       0 |    0 |    78 |      0 |      0 |    0 |          0 |
|     core                                                                        |                            uop_block__parameterized67 |        222 |          3 |       0 |  219 |   610 |      0 |      0 |    0 |         16 |
|       (core)                                                                    |                            uop_block__parameterized67 |          3 |          3 |       0 |    0 |     1 |      0 |      0 |    0 |          0 |
|       g[0].g_normal.alu_i                                                       |                         microop_unit__parameterized27 |        219 |          0 |       0 |  219 |   545 |      0 |      0 |    0 |         16 |
|         (g[0].g_normal.alu_i)                                                   |                         microop_unit__parameterized27 |          0 |          0 |       0 |    0 |    64 |      0 |      0 |    0 |          0 |
|         g_imul.mul64_ip.mul_i                                                   |                                           integer_mul |        219 |          0 |       0 |  219 |   481 |      0 |      0 |    0 |         16 |
|           (g_imul.mul64_ip.mul_i)                                               |                                           integer_mul |          0 |          0 |       0 |    0 |     0 |      0 |      0 |    0 |          0 |
|           U0                                                                    |                          integer_mulmult_gen_v12_0_16 |        219 |          0 |       0 |  219 |   481 |      0 |      0 |    0 |         16 |
|             (U0)                                                                |                          integer_mulmult_gen_v12_0_16 |          0 |          0 |       0 |    0 |     0 |      0 |      0 |    0 |          0 |
|             i_mult                                                              |                      integer_mulmult_gen_v12_0_16_viv |        219 |          0 |       0 |  219 |   481 |      0 |      0 |    0 |         16 |
|               (i_mult)                                                          |                      integer_mulmult_gen_v12_0_16_viv |          0 |          0 |       0 |    0 |     0 |      0 |      0 |    0 |          0 |
|               gDSP.gDSP_only.iDSP                                               |                                        integer_muldsp |        219 |          0 |       0 |  219 |   481 |      0 |      0 |    0 |         16 |
|                 (gDSP.gDSP_only.iDSP)                                           |                                        integer_muldsp |          0 |          0 |       0 |    0 |     0 |      0 |      0 |    0 |         16 |
|                 use_prim.appDSP48[0].bppDSP48[0].need_output_delay.output_delay |                integer_muldelay_line__parameterized16 |          9 |          0 |       0 |    9 |    17 |      0 |      0 |    0 |          0 |
|                 use_prim.appDSP48[0].bppDSP48[2].need_output_delay.output_delay |                integer_muldelay_line__parameterized18 |          9 |          0 |       0 |    9 |    17 |      0 |      0 |    0 |          0 |
|                 use_prim.appDSP48[1].bppDSP48[0].need_output_delay.output_delay |                integer_muldelay_line__parameterized19 |          9 |          0 |       0 |    9 |    17 |      0 |      0 |    0 |          0 |
|                 use_prim.appDSP48[1].bppDSP48[3].need_output_delay.output_delay |                integer_muldelay_line__parameterized20 |          9 |          0 |       0 |    9 |    17 |      0 |      0 |    0 |          0 |
|                 use_prim.appDSP48[3].bppDSP48[0].need_output_delay.output_delay |                integer_muldelay_line__parameterized21 |          9 |          0 |       0 |    9 |    17 |      0 |      0 |    0 |          0 |
|                 use_prim.appDSP48[3].bppDSP48[2].need_output_delay.output_delay |                integer_muldelay_line__parameterized22 |          0 |          0 |       0 |    0 |    17 |      0 |      0 |    0 |          0 |
|                 use_prim.iAdelx[0].iAdely[2].use_delay_line.Adelay              |                 integer_muldelay_line__parameterized0 |          9 |          0 |       0 |    9 |    18 |      0 |      0 |    0 |          0 |
|                 use_prim.iAdelx[1].iAdely[1].use_delay_line.Adelay              |                 integer_muldelay_line__parameterized1 |          9 |          0 |       0 |    9 |    18 |      0 |      0 |    0 |          0 |
|                 use_prim.iAdelx[1].iAdely[2].use_delay_line.Adelay              |                 integer_muldelay_line__parameterized2 |          9 |          0 |       0 |    9 |    18 |      0 |      0 |    0 |          0 |
|                 use_prim.iAdelx[1].iAdely[3].use_delay_line.Adelay              |                 integer_muldelay_line__parameterized3 |          9 |          0 |       0 |    9 |    18 |      0 |      0 |    0 |          0 |
|                 use_prim.iAdelx[2].iAdely[0].use_delay_line.Adelay              |                 integer_muldelay_line__parameterized4 |          0 |          0 |       0 |    0 |    17 |      0 |      0 |    0 |          0 |
|                 use_prim.iAdelx[2].iAdely[1].use_delay_line.Adelay              |                 integer_muldelay_line__parameterized5 |          9 |          0 |       0 |    9 |    18 |      0 |      0 |    0 |          0 |
|                 use_prim.iAdelx[2].iAdely[2].use_delay_line.Adelay              |                 integer_muldelay_line__parameterized6 |          9 |          0 |       0 |    9 |    18 |      0 |      0 |    0 |          0 |
|                 use_prim.iAdelx[2].iAdely[3].use_delay_line.Adelay              |                 integer_muldelay_line__parameterized7 |          9 |          0 |       0 |    9 |    18 |      0 |      0 |    0 |          0 |
|                 use_prim.iAdelx[3].iAdely[0].use_delay_line.Adelay              |                 integer_muldelay_line__parameterized8 |          7 |          0 |       0 |    7 |    13 |      0 |      0 |    0 |          0 |
|                 use_prim.iAdelx[3].iAdely[2].use_delay_line.Adelay              |                 integer_muldelay_line__parameterized9 |          7 |          0 |       0 |    7 |    13 |      0 |      0 |    0 |          0 |
|                 use_prim.iBdelx[0].iBdely[2].need_delay_line.Bdelay             |               integer_muldelay_line__parameterized0_0 |          9 |          0 |       0 |    9 |    18 |      0 |      0 |    0 |          0 |
|                 use_prim.iBdelx[0].iBdely[3].need_delay_line.Bdelay             |                integer_muldelay_line__parameterized10 |          9 |          0 |       0 |    9 |    18 |      0 |      0 |    0 |          0 |
|                 use_prim.iBdelx[1].iBdely[0].need_delay_line.Bdelay             |               integer_muldelay_line__parameterized4_1 |          0 |          0 |       0 |    0 |    17 |      0 |      0 |    0 |          0 |
|                 use_prim.iBdelx[1].iBdely[1].need_delay_line.Bdelay             |               integer_muldelay_line__parameterized1_2 |          9 |          0 |       0 |    9 |    18 |      0 |      0 |    0 |          0 |
|                 use_prim.iBdelx[1].iBdely[2].need_delay_line.Bdelay             |               integer_muldelay_line__parameterized2_3 |          9 |          0 |       0 |    9 |    18 |      0 |      0 |    0 |          0 |
|                 use_prim.iBdelx[1].iBdely[3].need_delay_line.Bdelay             |               integer_muldelay_line__parameterized3_4 |          9 |          0 |       0 |    9 |    18 |      0 |      0 |    0 |          0 |
|                 use_prim.iBdelx[2].iBdely[1].need_delay_line.Bdelay             |               integer_muldelay_line__parameterized5_5 |          9 |          0 |       0 |    9 |    18 |      0 |      0 |    0 |          0 |
|                 use_prim.iBdelx[2].iBdely[2].need_delay_line.Bdelay             |               integer_muldelay_line__parameterized6_6 |          9 |          0 |       0 |    9 |    18 |      0 |      0 |    0 |          0 |
|                 use_prim.iBdelx[3].iBdely[0].need_delay_line.Bdelay             |                integer_muldelay_line__parameterized11 |          9 |          0 |       0 |    9 |    18 |      0 |      0 |    0 |          0 |
|                 use_prim.iBdelx[3].iBdely[1].need_delay_line.Bdelay             |                integer_muldelay_line__parameterized12 |          9 |          0 |       0 |    9 |    18 |      0 |      0 |    0 |          0 |
|                 use_prim.iBdelx[3].iBdely[2].need_delay_line.Bdelay             |                integer_muldelay_line__parameterized13 |          9 |          0 |       0 |    9 |    18 |      0 |      0 |    0 |          0 |
|                 use_prim.iBdelx[3].iBdely[3].need_delay_line.Bdelay             |                integer_muldelay_line__parameterized14 |          7 |          0 |       0 |    7 |    13 |      0 |      0 |    0 |          0 |
|       g[1].g_normal.alu_i                                                       |                     microop_unit__parameterized10__46 |          0 |          0 |       0 |    0 |    64 |      0 |      0 |    0 |          0 |
|   g_has_mem.glen_mem[104].blk_i                                                 |                       uop_block_wrap__parameterized68 |         43 |         43 |       0 |    0 |   144 |      0 |      0 |    0 |          0 |
|     (g_has_mem.glen_mem[104].blk_i)                                             |                       uop_block_wrap__parameterized68 |          5 |          5 |       0 |    0 |    46 |      0 |      0 |    0 |          0 |
|     core                                                                        |                            uop_block__parameterized68 |         38 |         38 |       0 |    0 |    98 |      0 |      0 |    0 |          0 |
|       (core)                                                                    |                            uop_block__parameterized68 |          6 |          6 |       0 |    0 |     2 |      0 |      0 |    0 |          0 |
|       g[0].g_normal.alu_i                                                       |                      microop_unit__parameterized2__68 |          0 |          0 |       0 |    0 |    32 |      0 |      0 |    0 |          0 |
|       g[1].g_normal.alu_i                                                       |                         microop_unit__parameterized35 |         32 |         32 |       0 |    0 |    32 |      0 |      0 |    0 |          0 |
|       g[2].g_normal.alu_i                                                       |                      microop_unit__parameterized2__69 |          0 |          0 |       0 |    0 |    32 |      0 |      0 |    0 |          0 |
|   g_has_mem.glen_mem[105].blk_i                                                 |                       uop_block_wrap__parameterized15 |         36 |         36 |       0 |    0 |   107 |      0 |      0 |    0 |          0 |
|     (g_has_mem.glen_mem[105].blk_i)                                             |                       uop_block_wrap__parameterized15 |          1 |          1 |       0 |    0 |    42 |      0 |      0 |    0 |          0 |
|     core                                                                        |                        uop_block__parameterized15_120 |         35 |         35 |       0 |    0 |    65 |      0 |      0 |    0 |          0 |
|       (core)                                                                    |                        uop_block__parameterized15_120 |          3 |          3 |       0 |    0 |     1 |      0 |      0 |    0 |          0 |
|       g[0].g_normal.alu_i                                                       |                      microop_unit__parameterized19__6 |         32 |         32 |       0 |    0 |    32 |      0 |      0 |    0 |          0 |
|       g[1].g_normal.alu_i                                                       |                     microop_unit__parameterized2__109 |          0 |          0 |       0 |    0 |    32 |      0 |      0 |    0 |          0 |
|   g_has_mem.glen_mem[106].blk_i                                                 |                     uop_block_wrap__parameterized15_0 |         38 |         38 |       0 |    0 |   111 |      0 |      0 |    0 |          0 |
|     (g_has_mem.glen_mem[106].blk_i)                                             |                     uop_block_wrap__parameterized15_0 |          3 |          3 |       0 |    0 |    46 |      0 |      0 |    0 |          0 |
|     core                                                                        |                        uop_block__parameterized15_119 |         35 |         35 |       0 |    0 |    65 |      0 |      0 |    0 |          0 |
|       (core)                                                                    |                        uop_block__parameterized15_119 |          3 |          3 |       0 |    0 |     1 |      0 |      0 |    0 |          0 |
|       g[0].g_normal.alu_i                                                       |                      microop_unit__parameterized19__3 |         32 |         32 |       0 |    0 |    32 |      0 |      0 |    0 |          0 |
|       g[1].g_normal.alu_i                                                       |                      microop_unit__parameterized2__70 |          0 |          0 |       0 |    0 |    32 |      0 |      0 |    0 |          0 |
|   g_has_mem.glen_mem[107].blk_i                                                 |                       uop_block_wrap__parameterized69 |         71 |         71 |       0 |    0 |   209 |      0 |      0 |    0 |          0 |
|     (g_has_mem.glen_mem[107].blk_i)                                             |                       uop_block_wrap__parameterized69 |          1 |          1 |       0 |    0 |    79 |      0 |      0 |    0 |          0 |
|     core                                                                        |                            uop_block__parameterized69 |         70 |         70 |       0 |    0 |   130 |      0 |      0 |    0 |          0 |
|       (core)                                                                    |                            uop_block__parameterized69 |          6 |          6 |       0 |    0 |     2 |      0 |      0 |    0 |          0 |
|       g[0].g_normal.alu_i                                                       |                      microop_unit__parameterized3__17 |         64 |         64 |       0 |    0 |    64 |      0 |      0 |    0 |          0 |
|       g[1].g_normal.alu_i                                                       |                     microop_unit__parameterized2__110 |          0 |          0 |       0 |    0 |    32 |      0 |      0 |    0 |          0 |
|       g[2].g_normal.alu_i                                                       |                     microop_unit__parameterized2__111 |          0 |          0 |       0 |    0 |    32 |      0 |      0 |    0 |          0 |
|   g_has_mem.glen_mem[108].blk_i                                                 |                      uop_block_wrap__parameterized9_1 |         64 |         64 |       0 |    0 |   133 |      0 |      0 |    0 |          0 |
|     (g_has_mem.glen_mem[108].blk_i)                                             |                      uop_block_wrap__parameterized9_1 |          0 |          0 |       0 |    0 |    37 |      0 |      0 |    0 |          0 |
|     core                                                                        |                         uop_block__parameterized9_118 |         64 |         64 |       0 |    0 |    96 |      0 |      0 |    0 |          0 |
|       (core)                                                                    |                         uop_block__parameterized9_118 |          0 |          0 |       0 |    0 |     0 |      0 |      0 |    0 |          0 |
|       g[0].g_normal.alu_i                                                       |                     microop_unit__parameterized2__112 |          0 |          0 |       0 |    0 |    32 |      0 |      0 |    0 |          0 |
|       g[1].g_normal.alu_i                                                       |                      microop_unit__parameterized1__23 |         32 |         32 |       0 |    0 |    32 |      0 |      0 |    0 |          0 |
|       g[3].g_normal.alu_i                                                       |                      microop_unit__parameterized7__28 |         32 |         32 |       0 |    0 |    32 |      0 |      0 |    0 |          0 |
|   g_has_mem.glen_mem[109].blk_i                                                 |                       uop_block_wrap__parameterized56 |         32 |         32 |       0 |    0 |   101 |      0 |      0 |    0 |          0 |
|     (g_has_mem.glen_mem[109].blk_i)                                             |                       uop_block_wrap__parameterized56 |          0 |          0 |       0 |    0 |    37 |      0 |      0 |    0 |          0 |
|     core                                                                        |                        uop_block__parameterized56_117 |         32 |         32 |       0 |    0 |    64 |      0 |      0 |    0 |          0 |
|       (core)                                                                    |                        uop_block__parameterized56_117 |          0 |          0 |       0 |    0 |     0 |      0 |      0 |    0 |          0 |
|       g[0].g_normal.alu_i                                                       |                     microop_unit__parameterized2__113 |          0 |          0 |       0 |    0 |    32 |      0 |      0 |    0 |          0 |
|       g[1].g_normal.alu_i                                                       |                      microop_unit__parameterized1__24 |         32 |         32 |       0 |    0 |    32 |      0 |      0 |    0 |          0 |
|   g_has_mem.glen_mem[10].blk_i                                                  |                        uop_block_wrap__parameterized8 |         36 |         36 |       0 |    0 |   113 |      0 |      0 |    0 |          0 |
|     (g_has_mem.glen_mem[10].blk_i)                                              |                        uop_block_wrap__parameterized8 |          1 |          1 |       0 |    0 |    48 |      0 |      0 |    0 |          0 |
|     core                                                                        |                         uop_block__parameterized8_116 |         35 |         35 |       0 |    0 |    65 |      0 |      0 |    0 |          0 |
|       (core)                                                                    |                         uop_block__parameterized8_116 |          3 |          3 |       0 |    0 |     1 |      0 |      0 |    0 |          0 |
|       g[0].g_normal.alu_i                                                       |                      microop_unit__parameterized2__76 |          0 |          0 |       0 |    0 |    32 |      0 |      0 |    0 |          0 |
|       g[1].g_normal.alu_i                                                       |                      microop_unit__parameterized9__12 |         32 |         32 |       0 |    0 |    32 |      0 |      0 |    0 |          0 |
|   g_has_mem.glen_mem[110].blk_i                                                 |                       uop_block_wrap__parameterized44 |         32 |         32 |       0 |    0 |   101 |      0 |      0 |    0 |          0 |
|     (g_has_mem.glen_mem[110].blk_i)                                             |                       uop_block_wrap__parameterized44 |          0 |          0 |       0 |    0 |    37 |      0 |      0 |    0 |          0 |
|     core                                                                        |                        uop_block__parameterized44_115 |         32 |         32 |       0 |    0 |    64 |      0 |      0 |    0 |          0 |
|       (core)                                                                    |                        uop_block__parameterized44_115 |          0 |          0 |       0 |    0 |     0 |      0 |      0 |    0 |          0 |
|       g[0].g_normal.alu_i                                                       |                     microop_unit__parameterized2__122 |          0 |          0 |       0 |    0 |    32 |      0 |      0 |    0 |          0 |
|       g[1].g_normal.alu_i                                                       |                      microop_unit__parameterized9__20 |         32 |         32 |       0 |    0 |    32 |      0 |      0 |    0 |          0 |
|   g_has_mem.glen_mem[111].blk_i                                                 |                       uop_block_wrap__parameterized45 |        102 |        102 |       0 |    0 |   207 |      0 |      0 |    0 |          0 |
|     (g_has_mem.glen_mem[111].blk_i)                                             |                       uop_block_wrap__parameterized45 |          0 |          0 |       0 |    0 |    77 |      0 |      0 |    0 |          0 |
|     core                                                                        |                        uop_block__parameterized45_114 |        102 |        102 |       0 |    0 |   130 |      0 |      0 |    0 |          0 |
|       (core)                                                                    |                        uop_block__parameterized45_114 |          6 |          6 |       0 |    0 |     2 |      0 |      0 |    0 |          0 |
|       g[0].g_normal.alu_i                                                       |                      microop_unit__parameterized3__21 |         64 |         64 |       0 |    0 |    64 |      0 |      0 |    0 |          0 |
|       g[1].g_normal.alu_i                                                       |                     microop_unit__parameterized2__123 |          0 |          0 |       0 |    0 |    32 |      0 |      0 |    0 |          0 |
|       g[2].g_normal.alu_i                                                       |                      microop_unit__parameterized7__32 |         32 |         32 |       0 |    0 |    32 |      0 |      0 |    0 |          0 |
|   g_has_mem.glen_mem[112].blk_i                                                 |                       uop_block_wrap__parameterized47 |         96 |         96 |       0 |    0 |   197 |      0 |      0 |    0 |          0 |
|     (g_has_mem.glen_mem[112].blk_i)                                             |                       uop_block_wrap__parameterized47 |          0 |          0 |       0 |    0 |    37 |      0 |      0 |    0 |          0 |
|     core                                                                        |                        uop_block__parameterized47_113 |         96 |         96 |       0 |    0 |   160 |      0 |      0 |    0 |          0 |
|       (core)                                                                    |                        uop_block__parameterized47_113 |          0 |          0 |       0 |    0 |     0 |      0 |      0 |    0 |          0 |
|       g[0].g_normal.alu_i                                                       |                     microop_unit__parameterized2__178 |          0 |          0 |       0 |    0 |    32 |      0 |      0 |    0 |          0 |
|       g[1].g_normal.alu_i                                                       |                          microop_unit__parameterized2 |          0 |          0 |       0 |    0 |    32 |      0 |      0 |    0 |          0 |
|       g[2].g_normal.alu_i                                                       |                         microop_unit__parameterized23 |         32 |         32 |       0 |    0 |    32 |      0 |      0 |    0 |          0 |
|       g[3].g_normal.alu_i                                                       |                         microop_unit__parameterized25 |         32 |         32 |       0 |    0 |    32 |      0 |      0 |    0 |          0 |
|       g[4].g_normal.alu_i                                                       |                          microop_unit__parameterized1 |         32 |         32 |       0 |    0 |    32 |      0 |      0 |    0 |          0 |
|   g_has_mem.glen_mem[113].blk_i                                                 |                       uop_block_wrap__parameterized31 |        133 |        133 |       0 |    0 |   301 |      0 |      0 |    0 |          0 |
|     (g_has_mem.glen_mem[113].blk_i)                                             |                       uop_block_wrap__parameterized31 |          0 |          0 |       0 |    0 |    75 |      0 |      0 |    0 |          0 |
|     core                                                                        |                            uop_block__parameterized31 |        133 |        133 |       0 |    0 |   226 |      0 |      0 |    0 |          0 |
|       (core)                                                                    |                            uop_block__parameterized31 |          5 |          5 |       0 |    0 |     2 |      0 |      0 |    0 |          0 |
|       g[0].g_normal.alu_i                                                       |                       microop_unit__parameterized3__5 |         64 |         64 |       0 |    0 |    64 |      0 |      0 |    0 |          0 |
|       g[1].g_normal.alu_i                                                       |                      microop_unit__parameterized17__3 |          0 |          0 |       0 |    0 |    32 |      0 |      0 |    0 |          0 |
|       g[2].g_normal.alu_i                                                       |              microop_unit__parameterized0__xdcDup__12 |         64 |         64 |       0 |    0 |   128 |      0 |      0 |    0 |          0 |
|         (g[2].g_normal.alu_i)                                                   |              microop_unit__parameterized0__xdcDup__12 |          0 |          0 |       0 |    0 |    64 |      0 |      0 |    0 |          0 |
|         g_iadd.use_ip.u_addsub                                                  |                                integer_addsub_HD24153 |         64 |         64 |       0 |    0 |    64 |      0 |      0 |    0 |          0 |
|           (g_iadd.use_ip.u_addsub)                                              |                                integer_addsub_HD24153 |          0 |          0 |       0 |    0 |     0 |      0 |      0 |    0 |          0 |
|           U0                                                                    |               integer_addsubc_addsub_v12_0_14_HD24154 |         64 |         64 |       0 |    0 |    64 |      0 |      0 |    0 |          0 |
|             (U0)                                                                |               integer_addsubc_addsub_v12_0_14_HD24154 |          0 |          0 |       0 |    0 |     0 |      0 |      0 |    0 |          0 |
|             xst_addsub                                                          |           integer_addsubc_addsub_v12_0_14_viv_HD24155 |         64 |         64 |       0 |    0 |    64 |      0 |      0 |    0 |          0 |
|               (xst_addsub)                                                      |           integer_addsubc_addsub_v12_0_14_viv_HD24155 |          0 |          0 |       0 |    0 |     0 |      0 |      0 |    0 |          0 |
|               i_baseblox.i_baseblox_addsub                                      |        integer_addsubc_addsub_v12_0_14_legacy_HD24156 |         64 |         64 |       0 |    0 |    64 |      0 |      0 |    0 |          0 |
|                 no_pipelining.the_addsub                                        | integer_addsubc_addsub_v12_0_14_fabric_legacy_HD24157 |         64 |         64 |       0 |    0 |    64 |      0 |      0 |    0 |          0 |
|                   i_lut6.i_lut6_addsub                                          |   integer_addsubc_addsub_v12_0_14_lut6_legacy_HD24158 |         64 |         64 |       0 |    0 |    64 |      0 |      0 |    0 |          0 |
|                     (i_lut6.i_lut6_addsub)                                      |   integer_addsubc_addsub_v12_0_14_lut6_legacy_HD24158 |         64 |         64 |       0 |    0 |     0 |      0 |      0 |    0 |          0 |
|                     i_q.i_simple.qreg                                           |            integer_addsubc_reg_fd_v12_0_6_viv_HD24159 |          0 |          0 |       0 |    0 |    64 |      0 |      0 |    0 |          0 |
|   g_has_mem.glen_mem[114].blk_i                                                 |                       uop_block_wrap__parameterized51 |         74 |         74 |       0 |    0 |   177 |      0 |      0 |    0 |          0 |
|     (g_has_mem.glen_mem[114].blk_i)                                             |                       uop_block_wrap__parameterized51 |          2 |          2 |       0 |    0 |    45 |      0 |      0 |    0 |          0 |
|     core                                                                        |                        uop_block__parameterized51_112 |         72 |         72 |       0 |    0 |   132 |      0 |      0 |    0 |          0 |
|       (core)                                                                    |                        uop_block__parameterized51_112 |          7 |          7 |       0 |    0 |     3 |      0 |      0 |    0 |          0 |
|       g[0].g_normal.alu_i                                                       |                      microop_unit__parameterized2__14 |          0 |          0 |       0 |    0 |    32 |      0 |      0 |    0 |          0 |
|       g[1].g_normal.alu_i                                                       |                      microop_unit__parameterized2__15 |          0 |          0 |       0 |    0 |    32 |      0 |      0 |    0 |          0 |
|       g[2].g_normal.alu_i                                                       |                       microop_unit__parameterized1__6 |         32 |         32 |       0 |    0 |    32 |      0 |      0 |    0 |          0 |
|       g[3].g_normal.alu_i                                                       |                      microop_unit__parameterized23__2 |         32 |         32 |       0 |    0 |    32 |      0 |      0 |    0 |          0 |
|       g[4].g_normal.alu_i                                                       |                         microop_unit__parameterized33 |          1 |          1 |       0 |    0 |     1 |      0 |      0 |    0 |          0 |
|   g_has_mem.glen_mem[115].blk_i                                                 |                       uop_block_wrap__parameterized30 |         32 |         32 |       0 |    0 |    70 |      0 |      0 |    0 |          0 |
|     (g_has_mem.glen_mem[115].blk_i)                                             |                       uop_block_wrap__parameterized30 |          0 |          0 |       0 |    0 |    37 |      0 |      0 |    0 |          0 |
|     core                                                                        |                        uop_block__parameterized30_111 |         32 |         32 |       0 |    0 |    33 |      0 |      0 |    0 |          0 |
|       (core)                                                                    |                        uop_block__parameterized30_111 |          0 |          0 |       0 |    0 |     0 |      0 |      0 |    0 |          0 |
|       g[0].g_normal.alu_i                                                       |                      microop_unit__parameterized28__3 |         32 |         32 |       0 |    0 |    32 |      0 |      0 |    0 |          0 |
|       g[1].g_normal.alu_i                                                       |                      microop_unit__parameterized29__3 |          0 |          0 |       0 |    0 |     1 |      0 |      0 |    0 |          0 |
|   g_has_mem.glen_mem[116].blk_i                                                 |                        uop_block_wrap__parameterized1 |         67 |         67 |       0 |    0 |   145 |      0 |      0 |    0 |          0 |
|     (g_has_mem.glen_mem[116].blk_i)                                             |                        uop_block_wrap__parameterized1 |          0 |          0 |       0 |    0 |    72 |      0 |      0 |    0 |          0 |
|     core                                                                        |                         uop_block__parameterized1_110 |         67 |         67 |       0 |    0 |    73 |      0 |      0 |    0 |          0 |
|       (core)                                                                    |                         uop_block__parameterized1_110 |          3 |          3 |       0 |    0 |     1 |      0 |      0 |    0 |          0 |
|       g[0].g_normal.alu_i                                                       |                       microop_unit__parameterized3__4 |         64 |         64 |       0 |    0 |    64 |      0 |      0 |    0 |          0 |
|       g[1].g_normal.alu_i                                                       |                      microop_unit__parameterized4__13 |          0 |          0 |       0 |    0 |     8 |      0 |      0 |    0 |          0 |
|   g_has_mem.glen_mem[117].blk_i                                                 |                       uop_block_wrap__parameterized48 |        101 |        101 |       0 |    0 |   182 |      0 |      0 |    0 |          0 |
|     (g_has_mem.glen_mem[117].blk_i)                                             |                       uop_block_wrap__parameterized48 |          0 |          0 |       0 |    0 |    76 |      0 |      0 |    0 |          0 |
|     core                                                                        |                        uop_block__parameterized48_109 |        101 |        101 |       0 |    0 |   106 |      0 |      0 |    0 |          0 |
|       (core)                                                                    |                        uop_block__parameterized48_109 |          5 |          5 |       0 |    0 |     2 |      0 |      0 |    0 |          0 |
|       g[0].g_normal.alu_i                                                       |                       microop_unit__parameterized3__3 |         64 |         64 |       0 |    0 |    64 |      0 |      0 |    0 |          0 |
|       g[1].g_normal.alu_i                                                       |                      microop_unit__parameterized4__12 |          0 |          0 |       0 |    0 |     8 |      0 |      0 |    0 |          0 |
|       g[2].g_normal.alu_i                                                       |                       microop_unit__parameterized7__3 |         32 |         32 |       0 |    0 |    32 |      0 |      0 |    0 |          0 |
|   g_has_mem.glen_mem[118].blk_i                                                 |                       uop_block_wrap__parameterized17 |         37 |         37 |       0 |    0 |    87 |      0 |      0 |    0 |          0 |
|     (g_has_mem.glen_mem[118].blk_i)                                             |                       uop_block_wrap__parameterized17 |          2 |          2 |       0 |    0 |    46 |      0 |      0 |    0 |          0 |
|     core                                                                        |                        uop_block__parameterized17_108 |         35 |         35 |       0 |    0 |    41 |      0 |      0 |    0 |          0 |
|       (core)                                                                    |                        uop_block__parameterized17_108 |          3 |          3 |       0 |    0 |     1 |      0 |      0 |    0 |          0 |
|       g[0].g_normal.alu_i                                                       |                      microop_unit__parameterized4__21 |          0 |          0 |       0 |    0 |     8 |      0 |      0 |    0 |          0 |
|       g[1].g_normal.alu_i                                                       |                       microop_unit__parameterized7__8 |         32 |         32 |       0 |    0 |    32 |      0 |      0 |    0 |          0 |
|   g_has_mem.glen_mem[119].blk_i                                                 |                       uop_block_wrap__parameterized16 |        134 |        134 |       0 |    0 |   218 |      0 |      0 |    0 |          0 |
|     (g_has_mem.glen_mem[119].blk_i)                                             |                       uop_block_wrap__parameterized16 |          0 |          0 |       0 |    0 |    47 |      0 |      0 |    0 |          0 |
|     core                                                                        |                        uop_block__parameterized16_107 |        134 |        134 |       0 |    0 |   171 |      0 |      0 |    0 |          0 |
|       (core)                                                                    |                        uop_block__parameterized16_107 |          7 |          7 |       0 |    0 |     3 |      0 |      0 |    0 |          0 |
|       g[0].g_normal.alu_i                                                       |                      microop_unit__parameterized2__13 |          0 |          0 |       0 |    0 |    32 |      0 |      0 |    0 |          0 |
|       g[1].g_normal.alu_i                                                       |                      microop_unit__parameterized4__11 |          0 |          0 |       0 |    0 |     8 |      0 |      0 |    0 |          0 |
|       g[2].g_normal.alu_i                                                       |                       microop_unit__parameterized9__1 |         32 |         32 |       0 |    0 |    32 |      0 |      0 |    0 |          0 |
|       g[3].g_normal.alu_i                                                       |                      microop_unit__parameterized20__2 |         31 |         31 |       0 |    0 |    32 |      0 |      0 |    0 |          0 |
|       g[4].g_normal.alu_i                                                       |                       microop_unit__parameterized9__2 |         32 |         32 |       0 |    0 |    32 |      0 |      0 |    0 |          0 |
|       g[5].g_normal.alu_i                                                       |                       microop_unit__parameterized8__2 |         32 |         32 |       0 |    0 |    32 |      0 |      0 |    0 |          0 |
|   g_has_mem.glen_mem[11].blk_i                                                  |                      uop_block_wrap__parameterized9_2 |         64 |         64 |       0 |    0 |   133 |      0 |      0 |    0 |          0 |
|     (g_has_mem.glen_mem[11].blk_i)                                              |                      uop_block_wrap__parameterized9_2 |          0 |          0 |       0 |    0 |    37 |      0 |      0 |    0 |          0 |
|     core                                                                        |                         uop_block__parameterized9_106 |         64 |         64 |       0 |    0 |    96 |      0 |      0 |    0 |          0 |
|       (core)                                                                    |                         uop_block__parameterized9_106 |          0 |          0 |       0 |    0 |     0 |      0 |      0 |    0 |          0 |
|       g[0].g_normal.alu_i                                                       |                      microop_unit__parameterized2__80 |          0 |          0 |       0 |    0 |    32 |      0 |      0 |    0 |          0 |
|       g[1].g_normal.alu_i                                                       |                      microop_unit__parameterized1__16 |         32 |         32 |       0 |    0 |    32 |      0 |      0 |    0 |          0 |
|       g[3].g_normal.alu_i                                                       |                      microop_unit__parameterized7__18 |         32 |         32 |       0 |    0 |    32 |      0 |      0 |    0 |          0 |
|   g_has_mem.glen_mem[120].blk_i                                                 |                     uop_block_wrap__parameterized17_3 |         35 |         35 |       0 |    0 |    85 |      0 |      0 |    0 |          0 |
|     (g_has_mem.glen_mem[120].blk_i)                                             |                     uop_block_wrap__parameterized17_3 |          0 |          0 |       0 |    0 |    44 |      0 |      0 |    0 |          0 |
|     core                                                                        |                        uop_block__parameterized17_105 |         35 |         35 |       0 |    0 |    41 |      0 |      0 |    0 |          0 |
|       (core)                                                                    |                        uop_block__parameterized17_105 |          3 |          3 |       0 |    0 |     1 |      0 |      0 |    0 |          0 |
|       g[0].g_normal.alu_i                                                       |                      microop_unit__parameterized4__10 |          0 |          0 |       0 |    0 |     8 |      0 |      0 |    0 |          0 |
|       g[1].g_normal.alu_i                                                       |                       microop_unit__parameterized7__2 |         32 |         32 |       0 |    0 |    32 |      0 |      0 |    0 |          0 |
|   g_has_mem.glen_mem[121].blk_i                                                 |                        uop_block_wrap__parameterized5 |         66 |         66 |       0 |    0 |   209 |      0 |      0 |    0 |          0 |
|     (g_has_mem.glen_mem[121].blk_i)                                             |                        uop_block_wrap__parameterized5 |          0 |          0 |       0 |    0 |    72 |      0 |      0 |    0 |          0 |
|     core                                                                        |                             uop_block__parameterized5 |         66 |         66 |       0 |    0 |   137 |      0 |      0 |    0 |          0 |
|       (core)                                                                    |                             uop_block__parameterized5 |          2 |          2 |       0 |    0 |     1 |      0 |      0 |    0 |          0 |
|       g[0].g_normal.alu_i                                                       |              microop_unit__parameterized0__xdcDup__13 |         64 |         64 |       0 |    0 |   128 |      0 |      0 |    0 |          0 |
|         (g[0].g_normal.alu_i)                                                   |              microop_unit__parameterized0__xdcDup__13 |          0 |          0 |       0 |    0 |    64 |      0 |      0 |    0 |          0 |
|         g_iadd.use_ip.u_addsub                                                  |                                integer_addsub_HD24160 |         64 |         64 |       0 |    0 |    64 |      0 |      0 |    0 |          0 |
|           (g_iadd.use_ip.u_addsub)                                              |                                integer_addsub_HD24160 |          0 |          0 |       0 |    0 |     0 |      0 |      0 |    0 |          0 |
|           U0                                                                    |               integer_addsubc_addsub_v12_0_14_HD24161 |         64 |         64 |       0 |    0 |    64 |      0 |      0 |    0 |          0 |
|             (U0)                                                                |               integer_addsubc_addsub_v12_0_14_HD24161 |          0 |          0 |       0 |    0 |     0 |      0 |      0 |    0 |          0 |
|             xst_addsub                                                          |           integer_addsubc_addsub_v12_0_14_viv_HD24162 |         64 |         64 |       0 |    0 |    64 |      0 |      0 |    0 |          0 |
|               (xst_addsub)                                                      |           integer_addsubc_addsub_v12_0_14_viv_HD24162 |          0 |          0 |       0 |    0 |     0 |      0 |      0 |    0 |          0 |
|               i_baseblox.i_baseblox_addsub                                      |        integer_addsubc_addsub_v12_0_14_legacy_HD24163 |         64 |         64 |       0 |    0 |    64 |      0 |      0 |    0 |          0 |
|                 no_pipelining.the_addsub                                        | integer_addsubc_addsub_v12_0_14_fabric_legacy_HD24164 |         64 |         64 |       0 |    0 |    64 |      0 |      0 |    0 |          0 |
|                   i_lut6.i_lut6_addsub                                          |   integer_addsubc_addsub_v12_0_14_lut6_legacy_HD24165 |         64 |         64 |       0 |    0 |    64 |      0 |      0 |    0 |          0 |
|                     (i_lut6.i_lut6_addsub)                                      |   integer_addsubc_addsub_v12_0_14_lut6_legacy_HD24165 |         64 |         64 |       0 |    0 |     0 |      0 |      0 |    0 |          0 |
|                     i_q.i_simple.qreg                                           |            integer_addsubc_reg_fd_v12_0_6_viv_HD24166 |          0 |          0 |       0 |    0 |    64 |      0 |      0 |    0 |          0 |
|       g[1].g_normal.alu_i                                                       |                       microop_unit__parameterized4__9 |          0 |          0 |       0 |    0 |     8 |      0 |      0 |    0 |          0 |
|   g_has_mem.glen_mem[122].blk_i                                                 |                       uop_block_wrap__parameterized49 |         96 |         96 |       0 |    0 |   165 |      0 |      0 |    0 |          0 |
|     (g_has_mem.glen_mem[122].blk_i)                                             |                       uop_block_wrap__parameterized49 |          0 |          0 |       0 |    0 |     5 |      0 |      0 |    0 |          0 |
|     core                                                                        |                        uop_block__parameterized49_104 |         96 |         96 |       0 |    0 |   160 |      0 |      0 |    0 |          0 |
|       (core)                                                                    |                        uop_block__parameterized49_104 |          0 |          0 |       0 |    0 |     0 |      0 |      0 |    0 |          0 |
|       g[1].g_normal.alu_i                                                       |                       microop_unit__parameterized1__9 |         32 |         32 |       0 |    0 |    32 |      0 |      0 |    0 |          0 |
|       g[2].g_normal.alu_i                                                       |                      microop_unit__parameterized2__29 |          0 |          0 |       0 |    0 |    32 |      0 |      0 |    0 |          0 |
|       g[3].g_normal.alu_i                                                       |                      microop_unit__parameterized2__30 |          0 |          0 |       0 |    0 |    32 |      0 |      0 |    0 |          0 |
|       g[5].g_normal.alu_i                                                       |                       microop_unit__parameterized9__6 |         32 |         32 |       0 |    0 |    32 |      0 |      0 |    0 |          0 |
|       g[6].g_normal.alu_i                                                       |                       microop_unit__parameterized7__9 |         32 |         32 |       0 |    0 |    32 |      0 |      0 |    0 |          0 |
|   g_has_mem.glen_mem[123].blk_i                                                 |                                        uop_block_wrap |        128 |        128 |       0 |    0 |   262 |      0 |      0 |    0 |          0 |
|     (g_has_mem.glen_mem[123].blk_i)                                             |                                        uop_block_wrap |          0 |          0 |       0 |    0 |    70 |      0 |      0 |    0 |          0 |
|     core                                                                        |                                             uop_block |        128 |        128 |       0 |    0 |   192 |      0 |      0 |    0 |          0 |
|       (core)                                                                    |                                             uop_block |          0 |          0 |       0 |    0 |     0 |      0 |      0 |    0 |          0 |
|       g[0].g_normal.alu_i                                                       |                                       microop_unit__4 |         64 |         64 |       0 |    0 |    64 |      0 |      0 |    0 |          0 |
|       g[1].g_normal.alu_i                                                       |              microop_unit__parameterized0__xdcDup__14 |         64 |         64 |       0 |    0 |   128 |      0 |      0 |    0 |          0 |
|         (g[1].g_normal.alu_i)                                                   |              microop_unit__parameterized0__xdcDup__14 |          0 |          0 |       0 |    0 |    64 |      0 |      0 |    0 |          0 |
|         g_iadd.use_ip.u_addsub                                                  |                                integer_addsub_HD24167 |         64 |         64 |       0 |    0 |    64 |      0 |      0 |    0 |          0 |
|           (g_iadd.use_ip.u_addsub)                                              |                                integer_addsub_HD24167 |          0 |          0 |       0 |    0 |     0 |      0 |      0 |    0 |          0 |
|           U0                                                                    |               integer_addsubc_addsub_v12_0_14_HD24168 |         64 |         64 |       0 |    0 |    64 |      0 |      0 |    0 |          0 |
|             (U0)                                                                |               integer_addsubc_addsub_v12_0_14_HD24168 |          0 |          0 |       0 |    0 |     0 |      0 |      0 |    0 |          0 |
|             xst_addsub                                                          |           integer_addsubc_addsub_v12_0_14_viv_HD24169 |         64 |         64 |       0 |    0 |    64 |      0 |      0 |    0 |          0 |
|               (xst_addsub)                                                      |           integer_addsubc_addsub_v12_0_14_viv_HD24169 |          0 |          0 |       0 |    0 |     0 |      0 |      0 |    0 |          0 |
|               i_baseblox.i_baseblox_addsub                                      |        integer_addsubc_addsub_v12_0_14_legacy_HD24170 |         64 |         64 |       0 |    0 |    64 |      0 |      0 |    0 |          0 |
|                 no_pipelining.the_addsub                                        | integer_addsubc_addsub_v12_0_14_fabric_legacy_HD24171 |         64 |         64 |       0 |    0 |    64 |      0 |      0 |    0 |          0 |
|                   i_lut6.i_lut6_addsub                                          |   integer_addsubc_addsub_v12_0_14_lut6_legacy_HD24172 |         64 |         64 |       0 |    0 |    64 |      0 |      0 |    0 |          0 |
|                     (i_lut6.i_lut6_addsub)                                      |   integer_addsubc_addsub_v12_0_14_lut6_legacy_HD24172 |         64 |         64 |       0 |    0 |     0 |      0 |      0 |    0 |          0 |
|                     i_q.i_simple.qreg                                           |            integer_addsubc_reg_fd_v12_0_6_viv_HD24173 |          0 |          0 |       0 |    0 |    64 |      0 |      0 |    0 |          0 |
|   g_has_mem.glen_mem[124].blk_i                                                 |                        uop_block_wrap__parameterized0 |         36 |         36 |       0 |    0 |   108 |      0 |      0 |    0 |          0 |
|     (g_has_mem.glen_mem[124].blk_i)                                             |                        uop_block_wrap__parameterized0 |          1 |          1 |       0 |    0 |    43 |      0 |      0 |    0 |          0 |
|     core                                                                        |                         uop_block__parameterized0_103 |         35 |         35 |       0 |    0 |    65 |      0 |      0 |    0 |          0 |
|       (core)                                                                    |                         uop_block__parameterized0_103 |          3 |          3 |       0 |    0 |     1 |      0 |      0 |    0 |          0 |
|       g[0].g_normal.alu_i                                                       |                       microop_unit__parameterized1__5 |         32 |         32 |       0 |    0 |    32 |      0 |      0 |    0 |          0 |
|       g[1].g_normal.alu_i                                                       |                      microop_unit__parameterized2__12 |          0 |          0 |       0 |    0 |    32 |      0 |      0 |    0 |          0 |
|   g_has_mem.glen_mem[125].blk_i                                                 |                       uop_block_wrap__parameterized43 |         91 |         91 |       0 |    0 |   330 |      0 |      0 |    0 |          3 |
|     (g_has_mem.glen_mem[125].blk_i)                                             |                       uop_block_wrap__parameterized43 |          1 |          1 |       0 |    0 |    77 |      0 |      0 |    0 |          0 |
|     core                                                                        |                        uop_block__parameterized43_102 |         90 |         90 |       0 |    0 |   253 |      0 |      0 |    0 |          3 |
|       (core)                                                                    |                        uop_block__parameterized43_102 |         11 |         11 |       0 |    0 |     4 |      0 |      0 |    0 |          0 |
|       g[0].g_normal.alu_i                                                       |                     microop_unit__parameterized10__10 |          0 |          0 |       0 |    0 |    64 |      0 |      0 |    0 |          0 |
|       g[2].g_normal.alu_i                                                       |                       microop_unit__parameterized2__9 |          0 |          0 |       0 |    0 |    32 |      0 |      0 |    0 |          0 |
|       g[3].g_normal.alu_i                                                       |                       microop_unit__parameterized4__8 |          0 |          0 |       0 |    0 |     8 |      0 |      0 |    0 |          0 |
|       g[4].g_normal.alu_i                                                       |                      microop_unit__parameterized31__2 |         15 |         15 |       0 |    0 |    17 |      0 |      0 |    0 |          3 |
|       g[5].g_normal.alu_i                                                       |                      microop_unit__parameterized2__10 |          0 |          0 |       0 |    0 |    32 |      0 |      0 |    0 |          0 |
|       g[6].g_normal.alu_i                                                       |                       microop_unit__parameterized1__4 |         32 |         32 |       0 |    0 |    32 |      0 |      0 |    0 |          0 |
|       g[7].g_normal.alu_i                                                       |                      microop_unit__parameterized2__11 |          0 |          0 |       0 |    0 |    32 |      0 |      0 |    0 |          0 |
|       g[9].g_normal.alu_i                                                       |                       microop_unit__parameterized7__1 |         32 |         32 |       0 |    0 |    32 |      0 |      0 |    0 |          0 |
|   g_has_mem.glen_mem[126].blk_i                                                 |                       uop_block_wrap__parameterized14 |         73 |         73 |       0 |    0 |   335 |      0 |      0 |    0 |          0 |
|     (g_has_mem.glen_mem[126].blk_i)                                             |                       uop_block_wrap__parameterized14 |          2 |          2 |       0 |    0 |    77 |      0 |      0 |    0 |          0 |
|     core                                                                        |                            uop_block__parameterized14 |         71 |         71 |       0 |    0 |   258 |      0 |      0 |    0 |          0 |
|       (core)                                                                    |                            uop_block__parameterized14 |          7 |          7 |       0 |    0 |     2 |      0 |      0 |    0 |          0 |
|       g[0].g_normal.alu_i                                                       |                      microop_unit__parameterized10__8 |          0 |          0 |       0 |    0 |    64 |      0 |      0 |    0 |          0 |
|       g[1].g_normal.alu_i                                                       |              microop_unit__parameterized0__xdcDup__15 |         64 |         64 |       0 |    0 |   128 |      0 |      0 |    0 |          0 |
|         (g[1].g_normal.alu_i)                                                   |              microop_unit__parameterized0__xdcDup__15 |          0 |          0 |       0 |    0 |    64 |      0 |      0 |    0 |          0 |
|         g_iadd.use_ip.u_addsub                                                  |                                integer_addsub_HD24174 |         64 |         64 |       0 |    0 |    64 |      0 |      0 |    0 |          0 |
|           (g_iadd.use_ip.u_addsub)                                              |                                integer_addsub_HD24174 |          0 |          0 |       0 |    0 |     0 |      0 |      0 |    0 |          0 |
|           U0                                                                    |               integer_addsubc_addsub_v12_0_14_HD24175 |         64 |         64 |       0 |    0 |    64 |      0 |      0 |    0 |          0 |
|             (U0)                                                                |               integer_addsubc_addsub_v12_0_14_HD24175 |          0 |          0 |       0 |    0 |     0 |      0 |      0 |    0 |          0 |
|             xst_addsub                                                          |           integer_addsubc_addsub_v12_0_14_viv_HD24176 |         64 |         64 |       0 |    0 |    64 |      0 |      0 |    0 |          0 |
|               (xst_addsub)                                                      |           integer_addsubc_addsub_v12_0_14_viv_HD24176 |          0 |          0 |       0 |    0 |     0 |      0 |      0 |    0 |          0 |
|               i_baseblox.i_baseblox_addsub                                      |        integer_addsubc_addsub_v12_0_14_legacy_HD24177 |         64 |         64 |       0 |    0 |    64 |      0 |      0 |    0 |          0 |
|                 no_pipelining.the_addsub                                        | integer_addsubc_addsub_v12_0_14_fabric_legacy_HD24178 |         64 |         64 |       0 |    0 |    64 |      0 |      0 |    0 |          0 |
|                   i_lut6.i_lut6_addsub                                          |   integer_addsubc_addsub_v12_0_14_lut6_legacy_HD24179 |         64 |         64 |       0 |    0 |    64 |      0 |      0 |    0 |          0 |
|                     (i_lut6.i_lut6_addsub)                                      |   integer_addsubc_addsub_v12_0_14_lut6_legacy_HD24179 |         64 |         64 |       0 |    0 |     0 |      0 |      0 |    0 |          0 |
|                     i_q.i_simple.qreg                                           |            integer_addsubc_reg_fd_v12_0_6_viv_HD24180 |          0 |          0 |       0 |    0 |    64 |      0 |      0 |    0 |          0 |
|       g[2].g_normal.alu_i                                                       |                      microop_unit__parameterized10__9 |          0 |          0 |       0 |    0 |    64 |      0 |      0 |    0 |          0 |
|   g_has_mem.glen_mem[127].blk_i                                                 |                       uop_block_wrap__parameterized46 |         91 |         91 |       0 |    0 |   395 |      0 |      0 |    0 |          3 |
|     (g_has_mem.glen_mem[127].blk_i)                                             |                       uop_block_wrap__parameterized46 |          1 |          1 |       0 |    0 |    78 |      0 |      0 |    0 |          0 |
|     core                                                                        |                        uop_block__parameterized46_101 |         90 |         90 |       0 |    0 |   317 |      0 |      0 |    0 |          3 |
|       (core)                                                                    |                        uop_block__parameterized46_101 |         11 |         11 |       0 |    0 |     4 |      0 |      0 |    0 |          0 |
|       g[0].g_normal.alu_i                                                       |                      microop_unit__parameterized10__7 |          0 |          0 |       0 |    0 |    64 |      0 |      0 |    0 |          0 |
|       g[10].g_normal.alu_i                                                      |                       microop_unit__parameterized1__3 |         32 |         32 |       0 |    0 |    32 |      0 |      0 |    0 |          0 |
|       g[1].g_normal.alu_i                                                       |                       microop_unit__parameterized2__4 |          0 |          0 |       0 |    0 |    32 |      0 |      0 |    0 |          0 |
|       g[3].g_normal.alu_i                                                       |                       microop_unit__parameterized4__7 |          0 |          0 |       0 |    0 |     8 |      0 |      0 |    0 |          0 |
|       g[4].g_normal.alu_i                                                       |                       microop_unit__parameterized2__5 |          0 |          0 |       0 |    0 |    32 |      0 |      0 |    0 |          0 |
|       g[5].g_normal.alu_i                                                       |                      microop_unit__parameterized31__1 |         15 |         15 |       0 |    0 |    17 |      0 |      0 |    0 |          3 |
|       g[6].g_normal.alu_i                                                       |                       microop_unit__parameterized1__2 |         32 |         32 |       0 |    0 |    32 |      0 |      0 |    0 |          0 |
|       g[7].g_normal.alu_i                                                       |                       microop_unit__parameterized2__6 |          0 |          0 |       0 |    0 |    32 |      0 |      0 |    0 |          0 |
|       g[8].g_normal.alu_i                                                       |                       microop_unit__parameterized2__7 |          0 |          0 |       0 |    0 |    32 |      0 |      0 |    0 |          0 |
|       g[9].g_normal.alu_i                                                       |                       microop_unit__parameterized2__8 |          0 |          0 |       0 |    0 |    32 |      0 |      0 |    0 |          0 |
|   g_has_mem.glen_mem[128].blk_i                                                 |                     uop_block_wrap__parameterized15_4 |         37 |         37 |       0 |    0 |   107 |      0 |      0 |    0 |          0 |
|     (g_has_mem.glen_mem[128].blk_i)                                             |                     uop_block_wrap__parameterized15_4 |          2 |          2 |       0 |    0 |    42 |      0 |      0 |    0 |          0 |
|     core                                                                        |                        uop_block__parameterized15_100 |         35 |         35 |       0 |    0 |    65 |      0 |      0 |    0 |          0 |
|       (core)                                                                    |                        uop_block__parameterized15_100 |          3 |          3 |       0 |    0 |     1 |      0 |      0 |    0 |          0 |
|       g[0].g_normal.alu_i                                                       |                      microop_unit__parameterized19__7 |         32 |         32 |       0 |    0 |    32 |      0 |      0 |    0 |          0 |
|       g[1].g_normal.alu_i                                                       |                     microop_unit__parameterized2__124 |          0 |          0 |       0 |    0 |    32 |      0 |      0 |    0 |          0 |
|   g_has_mem.glen_mem[129].blk_i                                                 |                       uop_block_wrap__parameterized70 |        101 |        101 |       0 |    0 |   181 |      0 |      0 |    0 |          0 |
|     (g_has_mem.glen_mem[129].blk_i)                                             |                       uop_block_wrap__parameterized70 |          0 |          0 |       0 |    0 |    75 |      0 |      0 |    0 |          0 |
|     core                                                                        |                            uop_block__parameterized70 |        101 |        101 |       0 |    0 |   106 |      0 |      0 |    0 |          0 |
|       (core)                                                                    |                            uop_block__parameterized70 |          5 |          5 |       0 |    0 |     2 |      0 |      0 |    0 |          0 |
|       g[0].g_normal.alu_i                                                       |                      microop_unit__parameterized3__18 |         64 |         64 |       0 |    0 |    64 |      0 |      0 |    0 |          0 |
|       g[1].g_normal.alu_i                                                       |                      microop_unit__parameterized4__45 |          0 |          0 |       0 |    0 |     8 |      0 |      0 |    0 |          0 |
|       g[2].g_normal.alu_i                                                       |                      microop_unit__parameterized7__29 |         32 |         32 |       0 |    0 |    32 |      0 |      0 |    0 |          0 |
|   g_has_mem.glen_mem[12].blk_i                                                  |                      uop_block_wrap__parameterized8_5 |         36 |         36 |       0 |    0 |   114 |      0 |      0 |    0 |          0 |
|     (g_has_mem.glen_mem[12].blk_i)                                              |                      uop_block_wrap__parameterized8_5 |          0 |          0 |       0 |    0 |    49 |      0 |      0 |    0 |          0 |
|     core                                                                        |                          uop_block__parameterized8_99 |         36 |         36 |       0 |    0 |    65 |      0 |      0 |    0 |          0 |
|       (core)                                                                    |                          uop_block__parameterized8_99 |          4 |          4 |       0 |    0 |     1 |      0 |      0 |    0 |          0 |
|       g[0].g_normal.alu_i                                                       |                      microop_unit__parameterized2__77 |          0 |          0 |       0 |    0 |    32 |      0 |      0 |    0 |          0 |
|       g[1].g_normal.alu_i                                                       |                      microop_unit__parameterized9__13 |         32 |         32 |       0 |    0 |    32 |      0 |      0 |    0 |          0 |
|   g_has_mem.glen_mem[130].blk_i                                                 |                       uop_block_wrap__parameterized40 |          0 |          0 |       0 |    0 |    77 |      0 |      0 |    0 |          0 |
|     (g_has_mem.glen_mem[130].blk_i)                                             |                       uop_block_wrap__parameterized40 |          0 |          0 |       0 |    0 |    37 |      0 |      0 |    0 |          0 |
|     core                                                                        |                         uop_block__parameterized40_98 |          0 |          0 |       0 |    0 |    40 |      0 |      0 |    0 |          0 |
|       (core)                                                                    |                         uop_block__parameterized40_98 |          0 |          0 |       0 |    0 |     0 |      0 |      0 |    0 |          0 |
|       g[0].g_normal.alu_i                                                       |                      microop_unit__parameterized4__48 |          0 |          0 |       0 |    0 |     8 |      0 |      0 |    0 |          0 |
|       g[1].g_normal.alu_i                                                       |                     microop_unit__parameterized2__136 |          0 |          0 |       0 |    0 |    32 |      0 |      0 |    0 |          0 |
|   g_has_mem.glen_mem[131].blk_i                                                 |                       uop_block_wrap__parameterized41 |         39 |         39 |       0 |    0 |   145 |      0 |      0 |    0 |          0 |
|     (g_has_mem.glen_mem[131].blk_i)                                             |                       uop_block_wrap__parameterized41 |          0 |          0 |       0 |    0 |    46 |      0 |      0 |    0 |          0 |
|     core                                                                        |                         uop_block__parameterized41_97 |         39 |         39 |       0 |    0 |    99 |      0 |      0 |    0 |          0 |
|       (core)                                                                    |                         uop_block__parameterized41_97 |          7 |          7 |       0 |    0 |     3 |      0 |      0 |    0 |          0 |
|       g[0].g_normal.alu_i                                                       |                     microop_unit__parameterized2__114 |          0 |          0 |       0 |    0 |    32 |      0 |      0 |    0 |          0 |
|       g[1].g_normal.alu_i                                                       |                      microop_unit__parameterized8__13 |         32 |         32 |       0 |    0 |    32 |      0 |      0 |    0 |          0 |
|       g[2].g_normal.alu_i                                                       |                     microop_unit__parameterized2__115 |          0 |          0 |       0 |    0 |    32 |      0 |      0 |    0 |          0 |
|   g_has_mem.glen_mem[132].blk_i                                                 |                       uop_block_wrap__parameterized37 |         35 |         35 |       0 |    0 |   108 |      0 |      0 |    0 |          0 |
|     (g_has_mem.glen_mem[132].blk_i)                                             |                       uop_block_wrap__parameterized37 |          0 |          0 |       0 |    0 |    43 |      0 |      0 |    0 |          0 |
|     core                                                                        |                         uop_block__parameterized37_96 |         35 |         35 |       0 |    0 |    65 |      0 |      0 |    0 |          0 |
|       (core)                                                                    |                         uop_block__parameterized37_96 |          3 |          3 |       0 |    0 |     1 |      0 |      0 |    0 |          0 |
|       g[0].g_normal.alu_i                                                       |                     microop_unit__parameterized2__116 |          0 |          0 |       0 |    0 |    32 |      0 |      0 |    0 |          0 |
|       g[1].g_normal.alu_i                                                       |                      microop_unit__parameterized7__30 |         32 |         32 |       0 |    0 |    32 |      0 |      0 |    0 |          0 |
|   g_has_mem.glen_mem[133].blk_i                                                 |                       uop_block_wrap__parameterized42 |        264 |        264 |       0 |    0 |   399 |      0 |      0 |    0 |          0 |
|     (g_has_mem.glen_mem[133].blk_i)                                             |                       uop_block_wrap__parameterized42 |          0 |          0 |       0 |    0 |    76 |      0 |      0 |    0 |          0 |
|     core                                                                        |                         uop_block__parameterized42_95 |        264 |        264 |       0 |    0 |   323 |      0 |      0 |    0 |          0 |
|       (core)                                                                    |                         uop_block__parameterized42_95 |          8 |          8 |       0 |    0 |     3 |      0 |      0 |    0 |          0 |
|       g[0].g_normal.alu_i                                                       |                     microop_unit__parameterized10__38 |          0 |          0 |       0 |    0 |    64 |      0 |      0 |    0 |          0 |
|       g[2].g_normal.alu_i                                                       |                      microop_unit__parameterized30__5 |         64 |         64 |       0 |    0 |    64 |      0 |      0 |    0 |          0 |
|       g[3].g_normal.alu_i                                                       |                      microop_unit__parameterized30__6 |         64 |         64 |       0 |    0 |    64 |      0 |      0 |    0 |          0 |
|       g[4].g_normal.alu_i                                                       |                      microop_unit__parameterized30__7 |         64 |         64 |       0 |    0 |    64 |      0 |      0 |    0 |          0 |
|       g[5].g_normal.alu_i                                                       |                         microop_unit__parameterized30 |         64 |         64 |       0 |    0 |    64 |      0 |      0 |    0 |          0 |
|   g_has_mem.glen_mem[134].blk_i                                                 |                       uop_block_wrap__parameterized21 |        247 |        247 |       0 |    0 |   400 |      0 |      0 |    0 |          0 |
|     (g_has_mem.glen_mem[134].blk_i)                                             |                       uop_block_wrap__parameterized21 |          0 |          0 |       0 |    0 |    76 |      0 |      0 |    0 |          0 |
|     core                                                                        |                         uop_block__parameterized21_94 |        247 |        247 |       0 |    0 |   324 |      0 |      0 |    0 |          0 |
|       (core)                                                                    |                         uop_block__parameterized21_94 |          9 |          9 |       0 |    0 |     4 |      0 |      0 |    0 |          0 |
|       g[0].g_normal.alu_i                                                       |                     microop_unit__parameterized10__39 |          0 |          0 |       0 |    0 |    64 |      0 |      0 |    0 |          0 |
|       g[1].g_normal.alu_i                                                       |                     microop_unit__parameterized2__117 |          0 |          0 |       0 |    0 |    32 |      0 |      0 |    0 |          0 |
|       g[2].g_normal.alu_i                                                       |                     microop_unit__parameterized2__118 |          0 |          0 |       0 |    0 |    32 |      0 |      0 |    0 |          0 |
|       g[3].g_normal.alu_i                                                       |                      microop_unit__parameterized9__21 |         32 |         32 |       0 |    0 |    32 |      0 |      0 |    0 |          0 |
|       g[4].g_normal.alu_i                                                       |                      microop_unit__parameterized1__25 |         32 |         32 |       0 |    0 |    32 |      0 |      0 |    0 |          0 |
|       g[5].g_normal.alu_i                                                       |                         microop_unit__parameterized21 |         71 |         71 |       0 |    0 |    32 |      0 |      0 |    0 |          0 |
|       g[6].g_normal.alu_i                                                       |                         microop_unit__parameterized22 |         71 |         71 |       0 |    0 |    32 |      0 |      0 |    0 |          0 |
|       g[7].g_normal.alu_i                                                       |                      microop_unit__parameterized7__31 |         32 |         32 |       0 |    0 |    32 |      0 |      0 |    0 |          0 |
|       g[8].g_normal.alu_i                                                       |                     microop_unit__parameterized2__119 |          0 |          0 |       0 |    0 |    32 |      0 |      0 |    0 |          0 |
|   g_has_mem.glen_mem[135].blk_i                                                 |                       uop_block_wrap__parameterized11 |         64 |         64 |       0 |    0 |   134 |      0 |      0 |    0 |          0 |
|     (g_has_mem.glen_mem[135].blk_i)                                             |                       uop_block_wrap__parameterized11 |          0 |          0 |       0 |    0 |    70 |      0 |      0 |    0 |          0 |
|     core                                                                        |                         uop_block__parameterized11_93 |         64 |         64 |       0 |    0 |    64 |      0 |      0 |    0 |          0 |
|       (core)                                                                    |                         uop_block__parameterized11_93 |          0 |          0 |       0 |    0 |     0 |      0 |      0 |    0 |          0 |
|       g[0].g_normal.alu_i                                                       |                      microop_unit__parameterized3__24 |         64 |         64 |       0 |    0 |    64 |      0 |      0 |    0 |          0 |
|   g_has_mem.glen_mem[136].blk_i                                                 |                        uop_block_wrap__parameterized7 |        170 |        170 |       0 |    0 |   465 |      0 |      0 |    0 |          0 |
|     (g_has_mem.glen_mem[136].blk_i)                                             |                        uop_block_wrap__parameterized7 |          1 |          1 |       0 |    0 |    78 |      0 |      0 |    0 |          0 |
|     core                                                                        |                             uop_block__parameterized7 |        169 |        169 |       0 |    0 |   387 |      0 |      0 |    0 |          0 |
|       (core)                                                                    |                             uop_block__parameterized7 |          9 |          9 |       0 |    0 |     3 |      0 |      0 |    0 |          0 |
|       g[0].g_normal.alu_i                                                       |                      microop_unit__parameterized3__19 |         64 |         64 |       0 |    0 |    64 |      0 |      0 |    0 |          0 |
|       g[1].g_normal.alu_i                                                       |                     microop_unit__parameterized10__40 |          0 |          0 |       0 |    0 |    64 |      0 |      0 |    0 |          0 |
|       g[2].g_normal.alu_i                                                       |                         microop_unit__parameterized11 |         64 |         64 |       0 |    0 |   128 |      0 |      0 |    0 |          0 |
|         (g[2].g_normal.alu_i)                                                   |                         microop_unit__parameterized11 |          0 |          0 |       0 |    0 |    64 |      0 |      0 |    0 |          0 |
|         g_iadd.use_ip.u_addsub                                                  |                                integer_addsub_HD24181 |         64 |         64 |       0 |    0 |    64 |      0 |      0 |    0 |          0 |
|           (g_iadd.use_ip.u_addsub)                                              |                                integer_addsub_HD24181 |          0 |          0 |       0 |    0 |     0 |      0 |      0 |    0 |          0 |
|           U0                                                                    |               integer_addsubc_addsub_v12_0_14_HD24182 |         64 |         64 |       0 |    0 |    64 |      0 |      0 |    0 |          0 |
|             (U0)                                                                |               integer_addsubc_addsub_v12_0_14_HD24182 |          0 |          0 |       0 |    0 |     0 |      0 |      0 |    0 |          0 |
|             xst_addsub                                                          |           integer_addsubc_addsub_v12_0_14_viv_HD24183 |         64 |         64 |       0 |    0 |    64 |      0 |      0 |    0 |          0 |
|               (xst_addsub)                                                      |           integer_addsubc_addsub_v12_0_14_viv_HD24183 |          0 |          0 |       0 |    0 |     0 |      0 |      0 |    0 |          0 |
|               i_baseblox.i_baseblox_addsub                                      |        integer_addsubc_addsub_v12_0_14_legacy_HD24184 |         64 |         64 |       0 |    0 |    64 |      0 |      0 |    0 |          0 |
|                 no_pipelining.the_addsub                                        | integer_addsubc_addsub_v12_0_14_fabric_legacy_HD24185 |         64 |         64 |       0 |    0 |    64 |      0 |      0 |    0 |          0 |
|                   i_lut6.i_lut6_addsub                                          |   integer_addsubc_addsub_v12_0_14_lut6_legacy_HD24186 |         64 |         64 |       0 |    0 |    64 |      0 |      0 |    0 |          0 |
|                     (i_lut6.i_lut6_addsub)                                      |   integer_addsubc_addsub_v12_0_14_lut6_legacy_HD24186 |         64 |         64 |       0 |    0 |     0 |      0 |      0 |    0 |          0 |
|                     i_q.i_simple.qreg                                           |            integer_addsubc_reg_fd_v12_0_6_viv_HD24187 |          0 |          0 |       0 |    0 |    64 |      0 |      0 |    0 |          0 |
|       g[3].g_normal.alu_i                                                       |                         microop_unit__parameterized12 |         32 |         32 |       0 |    0 |    64 |      0 |      0 |    0 |          0 |
|       g[4].g_normal.alu_i                                                       |                     microop_unit__parameterized10__41 |          0 |          0 |       0 |    0 |    64 |      0 |      0 |    0 |          0 |
|   g_has_mem.glen_mem[137].blk_i                                                 |                      uop_block_wrap__parameterized8_6 |         38 |         38 |       0 |    0 |   112 |      0 |      0 |    0 |          0 |
|     (g_has_mem.glen_mem[137].blk_i)                                             |                      uop_block_wrap__parameterized8_6 |          2 |          2 |       0 |    0 |    47 |      0 |      0 |    0 |          0 |
|     core                                                                        |                          uop_block__parameterized8_92 |         36 |         36 |       0 |    0 |    65 |      0 |      0 |    0 |          0 |
|       (core)                                                                    |                          uop_block__parameterized8_92 |          4 |          4 |       0 |    0 |     1 |      0 |      0 |    0 |          0 |
|       g[0].g_normal.alu_i                                                       |                      microop_unit__parameterized2__71 |          0 |          0 |       0 |    0 |    32 |      0 |      0 |    0 |          0 |
|       g[1].g_normal.alu_i                                                       |                      microop_unit__parameterized9__10 |         32 |         32 |       0 |    0 |    32 |      0 |      0 |    0 |          0 |
|   g_has_mem.glen_mem[138].blk_i                                                 |                      uop_block_wrap__parameterized9_7 |         64 |         64 |       0 |    0 |   133 |      0 |      0 |    0 |          0 |
|     (g_has_mem.glen_mem[138].blk_i)                                             |                      uop_block_wrap__parameterized9_7 |          0 |          0 |       0 |    0 |    37 |      0 |      0 |    0 |          0 |
|     core                                                                        |                          uop_block__parameterized9_91 |         64 |         64 |       0 |    0 |    96 |      0 |      0 |    0 |          0 |
|       (core)                                                                    |                          uop_block__parameterized9_91 |          0 |          0 |       0 |    0 |     0 |      0 |      0 |    0 |          0 |
|       g[0].g_normal.alu_i                                                       |                     microop_unit__parameterized2__125 |          0 |          0 |       0 |    0 |    32 |      0 |      0 |    0 |          0 |
|       g[1].g_normal.alu_i                                                       |                      microop_unit__parameterized1__26 |         32 |         32 |       0 |    0 |    32 |      0 |      0 |    0 |          0 |
|       g[3].g_normal.alu_i                                                       |                      microop_unit__parameterized7__33 |         32 |         32 |       0 |    0 |    32 |      0 |      0 |    0 |          0 |
|   g_has_mem.glen_mem[139].blk_i                                                 |                       uop_block_wrap__parameterized32 |        118 |        118 |       0 |    0 |   179 |      0 |      0 |    0 |          0 |
|     (g_has_mem.glen_mem[139].blk_i)                                             |                       uop_block_wrap__parameterized32 |          0 |          0 |       0 |    0 |    49 |      0 |      0 |    0 |          0 |
|     core                                                                        |                         uop_block__parameterized32_90 |        118 |        118 |       0 |    0 |   130 |      0 |      0 |    0 |          0 |
|       (core)                                                                    |                         uop_block__parameterized32_90 |          6 |          6 |       0 |    0 |     2 |      0 |      0 |    0 |          0 |
|       g[0].g_normal.alu_i                                                       |                      microop_unit__parameterized19__8 |         32 |         32 |       0 |    0 |    32 |      0 |      0 |    0 |          0 |
|       g[1].g_normal.alu_i                                                       |                     microop_unit__parameterized23__14 |         32 |         32 |       0 |    0 |    32 |      0 |      0 |    0 |          0 |
|       g[2].g_normal.alu_i                                                       |                      microop_unit__parameterized24__5 |         16 |         16 |       0 |    0 |    32 |      0 |      0 |    0 |          0 |
|       g[3].g_normal.alu_i                                                       |                      microop_unit__parameterized7__34 |         32 |         32 |       0 |    0 |    32 |      0 |      0 |    0 |          0 |
|   g_has_mem.glen_mem[13].blk_i                                                  |            uop_block_wrap__parameterized10__xdcDup__1 |        514 |        514 |       0 |    0 |   702 |      0 |      0 |    0 |          0 |
|     (g_has_mem.glen_mem[13].blk_i)                                              |            uop_block_wrap__parameterized10__xdcDup__1 |          2 |          2 |       0 |    0 |    50 |      0 |      0 |    0 |          0 |
|     core                                                                        |                 uop_block__parameterized10__xdcDup__1 |        512 |        512 |       0 |    0 |   652 |      0 |      0 |    0 |          0 |
|       (core)                                                                    |                 uop_block__parameterized10__xdcDup__1 |          9 |          9 |       0 |    0 |     4 |      0 |      0 |    0 |          0 |
|       g[0].g_normal.alu_i                                                       |                      microop_unit__parameterized2__72 |          0 |          0 |       0 |    0 |    32 |      0 |      0 |    0 |          0 |
|       g[10].g_normal.alu_i                                                      |                      microop_unit__parameterized17__5 |          0 |          0 |       0 |    0 |    32 |      0 |      0 |    0 |          0 |
|       g[11].g_normal.alu_i                                                      |               microop_unit__parameterized0__xdcDup__5 |         64 |         64 |       0 |    0 |   128 |      0 |      0 |    0 |          0 |
|         (g[11].g_normal.alu_i)                                                  |               microop_unit__parameterized0__xdcDup__5 |          0 |          0 |       0 |    0 |    64 |      0 |      0 |    0 |          0 |
|         g_iadd.use_ip.u_addsub                                                  |                                integer_addsub_HD24195 |         64 |         64 |       0 |    0 |    64 |      0 |      0 |    0 |          0 |
|           (g_iadd.use_ip.u_addsub)                                              |                                integer_addsub_HD24195 |          0 |          0 |       0 |    0 |     0 |      0 |      0 |    0 |          0 |
|           U0                                                                    |               integer_addsubc_addsub_v12_0_14_HD24196 |         64 |         64 |       0 |    0 |    64 |      0 |      0 |    0 |          0 |
|             (U0)                                                                |               integer_addsubc_addsub_v12_0_14_HD24196 |          0 |          0 |       0 |    0 |     0 |      0 |      0 |    0 |          0 |
|             xst_addsub                                                          |           integer_addsubc_addsub_v12_0_14_viv_HD24197 |         64 |         64 |       0 |    0 |    64 |      0 |      0 |    0 |          0 |
|               (xst_addsub)                                                      |           integer_addsubc_addsub_v12_0_14_viv_HD24197 |          0 |          0 |       0 |    0 |     0 |      0 |      0 |    0 |          0 |
|               i_baseblox.i_baseblox_addsub                                      |        integer_addsubc_addsub_v12_0_14_legacy_HD24198 |         64 |         64 |       0 |    0 |    64 |      0 |      0 |    0 |          0 |
|                 no_pipelining.the_addsub                                        | integer_addsubc_addsub_v12_0_14_fabric_legacy_HD24199 |         64 |         64 |       0 |    0 |    64 |      0 |      0 |    0 |          0 |
|                   i_lut6.i_lut6_addsub                                          |   integer_addsubc_addsub_v12_0_14_lut6_legacy_HD24200 |         64 |         64 |       0 |    0 |    64 |      0 |      0 |    0 |          0 |
|                     (i_lut6.i_lut6_addsub)                                      |   integer_addsubc_addsub_v12_0_14_lut6_legacy_HD24200 |         64 |         64 |       0 |    0 |     0 |      0 |      0 |    0 |          0 |
|                     i_q.i_simple.qreg                                           |            integer_addsubc_reg_fd_v12_0_6_viv_HD24201 |          0 |          0 |       0 |    0 |    64 |      0 |      0 |    0 |          0 |
|       g[1].g_normal.alu_i                                                       |                      microop_unit__parameterized13__2 |         64 |         64 |       0 |    0 |    64 |      0 |      0 |    0 |          0 |
|       g[2].g_normal.alu_i                                                       |                      microop_unit__parameterized2__73 |          0 |          0 |       0 |    0 |    32 |      0 |      0 |    0 |          0 |
|       g[3].g_normal.alu_i                                                       |                      microop_unit__parameterized14__2 |        171 |        171 |       0 |    0 |    64 |      0 |      0 |    0 |          0 |
|       g[4].g_normal.alu_i                                                       |                      microop_unit__parameterized15__2 |         32 |         32 |       0 |    0 |    64 |      0 |      0 |    0 |          0 |
|       g[5].g_normal.alu_i                                                       |                      microop_unit__parameterized2__74 |          0 |          0 |       0 |    0 |    32 |      0 |      0 |    0 |          0 |
|       g[6].g_normal.alu_i                                                       |               microop_unit__parameterized0__xdcDup__4 |         64 |         64 |       0 |    0 |   128 |      0 |      0 |    0 |          0 |
|         (g[6].g_normal.alu_i)                                                   |               microop_unit__parameterized0__xdcDup__4 |          0 |          0 |       0 |    0 |    64 |      0 |      0 |    0 |          0 |
|         g_iadd.use_ip.u_addsub                                                  |                                integer_addsub_HD24188 |         64 |         64 |       0 |    0 |    64 |      0 |      0 |    0 |          0 |
|           (g_iadd.use_ip.u_addsub)                                              |                                integer_addsub_HD24188 |          0 |          0 |       0 |    0 |     0 |      0 |      0 |    0 |          0 |
|           U0                                                                    |               integer_addsubc_addsub_v12_0_14_HD24189 |         64 |         64 |       0 |    0 |    64 |      0 |      0 |    0 |          0 |
|             (U0)                                                                |               integer_addsubc_addsub_v12_0_14_HD24189 |          0 |          0 |       0 |    0 |     0 |      0 |      0 |    0 |          0 |
|             xst_addsub                                                          |           integer_addsubc_addsub_v12_0_14_viv_HD24190 |         64 |         64 |       0 |    0 |    64 |      0 |      0 |    0 |          0 |
|               (xst_addsub)                                                      |           integer_addsubc_addsub_v12_0_14_viv_HD24190 |          0 |          0 |       0 |    0 |     0 |      0 |      0 |    0 |          0 |
|               i_baseblox.i_baseblox_addsub                                      |        integer_addsubc_addsub_v12_0_14_legacy_HD24191 |         64 |         64 |       0 |    0 |    64 |      0 |      0 |    0 |          0 |
|                 no_pipelining.the_addsub                                        | integer_addsubc_addsub_v12_0_14_fabric_legacy_HD24192 |         64 |         64 |       0 |    0 |    64 |      0 |      0 |    0 |          0 |
|                   i_lut6.i_lut6_addsub                                          |   integer_addsubc_addsub_v12_0_14_lut6_legacy_HD24193 |         64 |         64 |       0 |    0 |    64 |      0 |      0 |    0 |          0 |
|                     (i_lut6.i_lut6_addsub)                                      |   integer_addsubc_addsub_v12_0_14_lut6_legacy_HD24193 |         64 |         64 |       0 |    0 |     0 |      0 |      0 |    0 |          0 |
|                     i_q.i_simple.qreg                                           |            integer_addsubc_reg_fd_v12_0_6_viv_HD24194 |          0 |          0 |       0 |    0 |    64 |      0 |      0 |    0 |          0 |
|       g[7].g_normal.alu_i                                                       |                      microop_unit__parameterized1__15 |         32 |         32 |       0 |    0 |    32 |      0 |      0 |    0 |          0 |
|       g[8].g_normal.alu_i                                                       |                      microop_unit__parameterized4__30 |          0 |          0 |       0 |    0 |     8 |      0 |      0 |    0 |          0 |
|       g[9].g_normal.alu_i                                                       |                      microop_unit__parameterized16__2 |         76 |         76 |       0 |    0 |    32 |      0 |      0 |    0 |          0 |
|   g_has_mem.glen_mem[140].blk_i                                                 |                      uop_block_wrap__parameterized8_8 |         35 |         35 |       0 |    0 |   114 |      0 |      0 |    0 |          0 |
|     (g_has_mem.glen_mem[140].blk_i)                                             |                      uop_block_wrap__parameterized8_8 |          0 |          0 |       0 |    0 |    49 |      0 |      0 |    0 |          0 |
|     core                                                                        |                             uop_block__parameterized8 |         35 |         35 |       0 |    0 |    65 |      0 |      0 |    0 |          0 |
|       (core)                                                                    |                             uop_block__parameterized8 |          3 |          3 |       0 |    0 |     1 |      0 |      0 |    0 |          0 |
|       g[0].g_normal.alu_i                                                       |                      microop_unit__parameterized2__78 |          0 |          0 |       0 |    0 |    32 |      0 |      0 |    0 |          0 |
|       g[1].g_normal.alu_i                                                       |                      microop_unit__parameterized9__14 |         32 |         32 |       0 |    0 |    32 |      0 |      0 |    0 |          0 |
|   g_has_mem.glen_mem[141].blk_i                                                 |                       uop_block_wrap__parameterized10 |        512 |        512 |       0 |    0 |   702 |      0 |      0 |    0 |          0 |
|     (g_has_mem.glen_mem[141].blk_i)                                             |                       uop_block_wrap__parameterized10 |          0 |          0 |       0 |    0 |    50 |      0 |      0 |    0 |          0 |
|     core                                                                        |                            uop_block__parameterized10 |        512 |        512 |       0 |    0 |   652 |      0 |      0 |    0 |          0 |
|       (core)                                                                    |                            uop_block__parameterized10 |          9 |          9 |       0 |    0 |     4 |      0 |      0 |    0 |          0 |
|       g[0].g_normal.alu_i                                                       |                     microop_unit__parameterized2__120 |          0 |          0 |       0 |    0 |    32 |      0 |      0 |    0 |          0 |
|       g[10].g_normal.alu_i                                                      |                         microop_unit__parameterized17 |          0 |          0 |       0 |    0 |    32 |      0 |      0 |    0 |          0 |
|       g[11].g_normal.alu_i                                                      |                          microop_unit__parameterized0 |         64 |         64 |       0 |    0 |   128 |      0 |      0 |    0 |          0 |
|         (g[11].g_normal.alu_i)                                                  |                          microop_unit__parameterized0 |          0 |          0 |       0 |    0 |    64 |      0 |      0 |    0 |          0 |
|         g_iadd.use_ip.u_addsub                                                  |                                integer_addsub_HD24209 |         64 |         64 |       0 |    0 |    64 |      0 |      0 |    0 |          0 |
|           (g_iadd.use_ip.u_addsub)                                              |                                integer_addsub_HD24209 |          0 |          0 |       0 |    0 |     0 |      0 |      0 |    0 |          0 |
|           U0                                                                    |               integer_addsubc_addsub_v12_0_14_HD24210 |         64 |         64 |       0 |    0 |    64 |      0 |      0 |    0 |          0 |
|             (U0)                                                                |               integer_addsubc_addsub_v12_0_14_HD24210 |          0 |          0 |       0 |    0 |     0 |      0 |      0 |    0 |          0 |
|             xst_addsub                                                          |           integer_addsubc_addsub_v12_0_14_viv_HD24211 |         64 |         64 |       0 |    0 |    64 |      0 |      0 |    0 |          0 |
|               (xst_addsub)                                                      |           integer_addsubc_addsub_v12_0_14_viv_HD24211 |          0 |          0 |       0 |    0 |     0 |      0 |      0 |    0 |          0 |
|               i_baseblox.i_baseblox_addsub                                      |        integer_addsubc_addsub_v12_0_14_legacy_HD24212 |         64 |         64 |       0 |    0 |    64 |      0 |      0 |    0 |          0 |
|                 no_pipelining.the_addsub                                        | integer_addsubc_addsub_v12_0_14_fabric_legacy_HD24213 |         64 |         64 |       0 |    0 |    64 |      0 |      0 |    0 |          0 |
|                   i_lut6.i_lut6_addsub                                          |   integer_addsubc_addsub_v12_0_14_lut6_legacy_HD24214 |         64 |         64 |       0 |    0 |    64 |      0 |      0 |    0 |          0 |
|                     (i_lut6.i_lut6_addsub)                                      |   integer_addsubc_addsub_v12_0_14_lut6_legacy_HD24214 |         64 |         64 |       0 |    0 |     0 |      0 |      0 |    0 |          0 |
|                     i_q.i_simple.qreg                                           |            integer_addsubc_reg_fd_v12_0_6_viv_HD24215 |          0 |          0 |       0 |    0 |    64 |      0 |      0 |    0 |          0 |
|       g[1].g_normal.alu_i                                                       |                         microop_unit__parameterized13 |         64 |         64 |       0 |    0 |    64 |      0 |      0 |    0 |          0 |
|       g[2].g_normal.alu_i                                                       |                     microop_unit__parameterized2__121 |          0 |          0 |       0 |    0 |    32 |      0 |      0 |    0 |          0 |
|       g[3].g_normal.alu_i                                                       |                         microop_unit__parameterized14 |        171 |        171 |       0 |    0 |    64 |      0 |      0 |    0 |          0 |
|       g[4].g_normal.alu_i                                                       |                         microop_unit__parameterized15 |         32 |         32 |       0 |    0 |    64 |      0 |      0 |    0 |          0 |
|       g[5].g_normal.alu_i                                                       |                     microop_unit__parameterized2__126 |          0 |          0 |       0 |    0 |    32 |      0 |      0 |    0 |          0 |
|       g[6].g_normal.alu_i                                                       |              microop_unit__parameterized0__xdcDup__16 |         64 |         64 |       0 |    0 |   128 |      0 |      0 |    0 |          0 |
|         (g[6].g_normal.alu_i)                                                   |              microop_unit__parameterized0__xdcDup__16 |          0 |          0 |       0 |    0 |    64 |      0 |      0 |    0 |          0 |
|         g_iadd.use_ip.u_addsub                                                  |                                integer_addsub_HD24202 |         64 |         64 |       0 |    0 |    64 |      0 |      0 |    0 |          0 |
|           (g_iadd.use_ip.u_addsub)                                              |                                integer_addsub_HD24202 |          0 |          0 |       0 |    0 |     0 |      0 |      0 |    0 |          0 |
|           U0                                                                    |               integer_addsubc_addsub_v12_0_14_HD24203 |         64 |         64 |       0 |    0 |    64 |      0 |      0 |    0 |          0 |
|             (U0)                                                                |               integer_addsubc_addsub_v12_0_14_HD24203 |          0 |          0 |       0 |    0 |     0 |      0 |      0 |    0 |          0 |
|             xst_addsub                                                          |           integer_addsubc_addsub_v12_0_14_viv_HD24204 |         64 |         64 |       0 |    0 |    64 |      0 |      0 |    0 |          0 |
|               (xst_addsub)                                                      |           integer_addsubc_addsub_v12_0_14_viv_HD24204 |          0 |          0 |       0 |    0 |     0 |      0 |      0 |    0 |          0 |
|               i_baseblox.i_baseblox_addsub                                      |        integer_addsubc_addsub_v12_0_14_legacy_HD24205 |         64 |         64 |       0 |    0 |    64 |      0 |      0 |    0 |          0 |
|                 no_pipelining.the_addsub                                        | integer_addsubc_addsub_v12_0_14_fabric_legacy_HD24206 |         64 |         64 |       0 |    0 |    64 |      0 |      0 |    0 |          0 |
|                   i_lut6.i_lut6_addsub                                          |   integer_addsubc_addsub_v12_0_14_lut6_legacy_HD24207 |         64 |         64 |       0 |    0 |    64 |      0 |      0 |    0 |          0 |
|                     (i_lut6.i_lut6_addsub)                                      |   integer_addsubc_addsub_v12_0_14_lut6_legacy_HD24207 |         64 |         64 |       0 |    0 |     0 |      0 |      0 |    0 |          0 |
|                     i_q.i_simple.qreg                                           |            integer_addsubc_reg_fd_v12_0_6_viv_HD24208 |          0 |          0 |       0 |    0 |    64 |      0 |      0 |    0 |          0 |
|       g[7].g_normal.alu_i                                                       |                      microop_unit__parameterized1__27 |         32 |         32 |       0 |    0 |    32 |      0 |      0 |    0 |          0 |
|       g[8].g_normal.alu_i                                                       |                      microop_unit__parameterized4__46 |          0 |          0 |       0 |    0 |     8 |      0 |      0 |    0 |          0 |
|       g[9].g_normal.alu_i                                                       |                         microop_unit__parameterized16 |         76 |         76 |       0 |    0 |    32 |      0 |      0 |    0 |          0 |
|   g_has_mem.glen_mem[142].blk_i                                                 |                     uop_block_wrap__parameterized11_9 |         64 |         64 |       0 |    0 |   134 |      0 |      0 |    0 |          0 |
|     (g_has_mem.glen_mem[142].blk_i)                                             |                     uop_block_wrap__parameterized11_9 |          0 |          0 |       0 |    0 |    70 |      0 |      0 |    0 |          0 |
|     core                                                                        |                         uop_block__parameterized11_89 |         64 |         64 |       0 |    0 |    64 |      0 |      0 |    0 |          0 |
|       (core)                                                                    |                         uop_block__parameterized11_89 |          0 |          0 |       0 |    0 |     0 |      0 |      0 |    0 |          0 |
|       g[0].g_normal.alu_i                                                       |                      microop_unit__parameterized3__20 |         64 |         64 |       0 |    0 |    64 |      0 |      0 |    0 |          0 |
|   g_has_mem.glen_mem[143].blk_i                                                 |                       uop_block_wrap__parameterized12 |         69 |         69 |       0 |    0 |   207 |      0 |      0 |    0 |          0 |
|     (g_has_mem.glen_mem[143].blk_i)                                             |                       uop_block_wrap__parameterized12 |          2 |          2 |       0 |    0 |    78 |      0 |      0 |    0 |          0 |
|     core                                                                        |                         uop_block__parameterized12_88 |         67 |         67 |       0 |    0 |   129 |      0 |      0 |    0 |          0 |
|       (core)                                                                    |                         uop_block__parameterized12_88 |          3 |          3 |       0 |    0 |     1 |      0 |      0 |    0 |          0 |
|       g[0].g_normal.alu_i                                                       |                      microop_unit__parameterized3__22 |         64 |         64 |       0 |    0 |    64 |      0 |      0 |    0 |          0 |
|       g[1].g_normal.alu_i                                                       |                     microop_unit__parameterized10__42 |          0 |          0 |       0 |    0 |    64 |      0 |      0 |    0 |          0 |
|   g_has_mem.glen_mem[14].blk_i                                                  |                    uop_block_wrap__parameterized11_10 |         64 |         64 |       0 |    0 |   134 |      0 |      0 |    0 |          0 |
|     (g_has_mem.glen_mem[14].blk_i)                                              |                    uop_block_wrap__parameterized11_10 |          0 |          0 |       0 |    0 |    70 |      0 |      0 |    0 |          0 |
|     core                                                                        |                         uop_block__parameterized11_87 |         64 |         64 |       0 |    0 |    64 |      0 |      0 |    0 |          0 |
|       (core)                                                                    |                         uop_block__parameterized11_87 |          0 |          0 |       0 |    0 |     0 |      0 |      0 |    0 |          0 |
|       g[0].g_normal.alu_i                                                       |                      microop_unit__parameterized3__12 |         64 |         64 |       0 |    0 |    64 |      0 |      0 |    0 |          0 |
|   g_has_mem.glen_mem[15].blk_i                                                  |                    uop_block_wrap__parameterized12_11 |         69 |         69 |       0 |    0 |   206 |      0 |      0 |    0 |          0 |
|     (g_has_mem.glen_mem[15].blk_i)                                              |                    uop_block_wrap__parameterized12_11 |          2 |          2 |       0 |    0 |    77 |      0 |      0 |    0 |          0 |
|     core                                                                        |                         uop_block__parameterized12_86 |         67 |         67 |       0 |    0 |   129 |      0 |      0 |    0 |          0 |
|       (core)                                                                    |                         uop_block__parameterized12_86 |          3 |          3 |       0 |    0 |     1 |      0 |      0 |    0 |          0 |
|       g[0].g_normal.alu_i                                                       |                       microop_unit__parameterized3__9 |         64 |         64 |       0 |    0 |    64 |      0 |      0 |    0 |          0 |
|       g[1].g_normal.alu_i                                                       |                     microop_unit__parameterized10__22 |          0 |          0 |       0 |    0 |    64 |      0 |      0 |    0 |          0 |
|   g_has_mem.glen_mem[16].blk_i                                                  |                    uop_block_wrap__parameterized12_12 |         68 |         68 |       0 |    0 |   206 |      0 |      0 |    0 |          0 |
|     (g_has_mem.glen_mem[16].blk_i)                                              |                    uop_block_wrap__parameterized12_12 |          1 |          1 |       0 |    0 |    77 |      0 |      0 |    0 |          0 |
|     core                                                                        |                         uop_block__parameterized12_85 |         67 |         67 |       0 |    0 |   129 |      0 |      0 |    0 |          0 |
|       (core)                                                                    |                         uop_block__parameterized12_85 |          3 |          3 |       0 |    0 |     1 |      0 |      0 |    0 |          0 |
|       g[0].g_normal.alu_i                                                       |                      microop_unit__parameterized3__13 |         64 |         64 |       0 |    0 |    64 |      0 |      0 |    0 |          0 |
|       g[1].g_normal.alu_i                                                       |                     microop_unit__parameterized10__25 |          0 |          0 |       0 |    0 |    64 |      0 |      0 |    0 |          0 |
|   g_has_mem.glen_mem[17].blk_i                                                  |                       uop_block_wrap__parameterized13 |         64 |         64 |       0 |    0 |   198 |      0 |      0 |    0 |          0 |
|     (g_has_mem.glen_mem[17].blk_i)                                              |                       uop_block_wrap__parameterized13 |          0 |          0 |       0 |    0 |    70 |      0 |      0 |    0 |          0 |
|     core                                                                        |                            uop_block__parameterized13 |         64 |         64 |       0 |    0 |   128 |      0 |      0 |    0 |          0 |
|       (core)                                                                    |                            uop_block__parameterized13 |          0 |          0 |       0 |    0 |     0 |      0 |      0 |    0 |          0 |
|       g[0].g_normal.alu_i                                                       |              microop_unit__parameterized18__xdcDup__1 |         64 |         64 |       0 |    0 |   128 |      0 |      0 |    0 |          0 |
|         (g[0].g_normal.alu_i)                                                   |              microop_unit__parameterized18__xdcDup__1 |          0 |          0 |       0 |    0 |    64 |      0 |      0 |    0 |          0 |
|         g_iadd.use_ip.u_addsub                                                  |                                integer_addsub_HD24216 |         64 |         64 |       0 |    0 |    64 |      0 |      0 |    0 |          0 |
|           (g_iadd.use_ip.u_addsub)                                              |                                integer_addsub_HD24216 |          0 |          0 |       0 |    0 |     0 |      0 |      0 |    0 |          0 |
|           U0                                                                    |               integer_addsubc_addsub_v12_0_14_HD24217 |         64 |         64 |       0 |    0 |    64 |      0 |      0 |    0 |          0 |
|             (U0)                                                                |               integer_addsubc_addsub_v12_0_14_HD24217 |          0 |          0 |       0 |    0 |     0 |      0 |      0 |    0 |          0 |
|             xst_addsub                                                          |           integer_addsubc_addsub_v12_0_14_viv_HD24218 |         64 |         64 |       0 |    0 |    64 |      0 |      0 |    0 |          0 |
|               (xst_addsub)                                                      |           integer_addsubc_addsub_v12_0_14_viv_HD24218 |          0 |          0 |       0 |    0 |     0 |      0 |      0 |    0 |          0 |
|               i_baseblox.i_baseblox_addsub                                      |        integer_addsubc_addsub_v12_0_14_legacy_HD24219 |         64 |         64 |       0 |    0 |    64 |      0 |      0 |    0 |          0 |
|                 no_pipelining.the_addsub                                        | integer_addsubc_addsub_v12_0_14_fabric_legacy_HD24220 |         64 |         64 |       0 |    0 |    64 |      0 |      0 |    0 |          0 |
|                   i_lut6.i_lut6_addsub                                          |   integer_addsubc_addsub_v12_0_14_lut6_legacy_HD24221 |         64 |         64 |       0 |    0 |    64 |      0 |      0 |    0 |          0 |
|                     (i_lut6.i_lut6_addsub)                                      |   integer_addsubc_addsub_v12_0_14_lut6_legacy_HD24221 |         64 |         64 |       0 |    0 |     0 |      0 |      0 |    0 |          0 |
|                     i_q.i_simple.qreg                                           |            integer_addsubc_reg_fd_v12_0_6_viv_HD24222 |          0 |          0 |       0 |    0 |    64 |      0 |      0 |    0 |          0 |
|   g_has_mem.glen_mem[18].blk_i                                                  |            uop_block_wrap__parameterized14__xdcDup__1 |         75 |         75 |       0 |    0 |   338 |      0 |      0 |    0 |          0 |
|     (g_has_mem.glen_mem[18].blk_i)                                              |            uop_block_wrap__parameterized14__xdcDup__1 |          5 |          5 |       0 |    0 |    80 |      0 |      0 |    0 |          0 |
|     core                                                                        |                 uop_block__parameterized14__xdcDup__1 |         70 |         70 |       0 |    0 |   258 |      0 |      0 |    0 |          0 |
|       (core)                                                                    |                 uop_block__parameterized14__xdcDup__1 |          6 |          6 |       0 |    0 |     2 |      0 |      0 |    0 |          0 |
|       g[0].g_normal.alu_i                                                       |                     microop_unit__parameterized10__20 |          0 |          0 |       0 |    0 |    64 |      0 |      0 |    0 |          0 |
|       g[1].g_normal.alu_i                                                       |               microop_unit__parameterized0__xdcDup__6 |         64 |         64 |       0 |    0 |   128 |      0 |      0 |    0 |          0 |
|         (g[1].g_normal.alu_i)                                                   |               microop_unit__parameterized0__xdcDup__6 |          0 |          0 |       0 |    0 |    64 |      0 |      0 |    0 |          0 |
|         g_iadd.use_ip.u_addsub                                                  |                                integer_addsub_HD24223 |         64 |         64 |       0 |    0 |    64 |      0 |      0 |    0 |          0 |
|           (g_iadd.use_ip.u_addsub)                                              |                                integer_addsub_HD24223 |          0 |          0 |       0 |    0 |     0 |      0 |      0 |    0 |          0 |
|           U0                                                                    |               integer_addsubc_addsub_v12_0_14_HD24224 |         64 |         64 |       0 |    0 |    64 |      0 |      0 |    0 |          0 |
|             (U0)                                                                |               integer_addsubc_addsub_v12_0_14_HD24224 |          0 |          0 |       0 |    0 |     0 |      0 |      0 |    0 |          0 |
|             xst_addsub                                                          |           integer_addsubc_addsub_v12_0_14_viv_HD24225 |         64 |         64 |       0 |    0 |    64 |      0 |      0 |    0 |          0 |
|               (xst_addsub)                                                      |           integer_addsubc_addsub_v12_0_14_viv_HD24225 |          0 |          0 |       0 |    0 |     0 |      0 |      0 |    0 |          0 |
|               i_baseblox.i_baseblox_addsub                                      |        integer_addsubc_addsub_v12_0_14_legacy_HD24226 |         64 |         64 |       0 |    0 |    64 |      0 |      0 |    0 |          0 |
|                 no_pipelining.the_addsub                                        | integer_addsubc_addsub_v12_0_14_fabric_legacy_HD24227 |         64 |         64 |       0 |    0 |    64 |      0 |      0 |    0 |          0 |
|                   i_lut6.i_lut6_addsub                                          |   integer_addsubc_addsub_v12_0_14_lut6_legacy_HD24228 |         64 |         64 |       0 |    0 |    64 |      0 |      0 |    0 |          0 |
|                     (i_lut6.i_lut6_addsub)                                      |   integer_addsubc_addsub_v12_0_14_lut6_legacy_HD24228 |         64 |         64 |       0 |    0 |     0 |      0 |      0 |    0 |          0 |
|                     i_q.i_simple.qreg                                           |            integer_addsubc_reg_fd_v12_0_6_viv_HD24229 |          0 |          0 |       0 |    0 |    64 |      0 |      0 |    0 |          0 |
|       g[2].g_normal.alu_i                                                       |                     microop_unit__parameterized10__21 |          0 |          0 |       0 |    0 |    64 |      0 |      0 |    0 |          0 |
|   g_has_mem.glen_mem[19].blk_i                                                  |                    uop_block_wrap__parameterized15_13 |         37 |         37 |       0 |    0 |   115 |      0 |      0 |    0 |          0 |
|     (g_has_mem.glen_mem[19].blk_i)                                              |                    uop_block_wrap__parameterized15_13 |          2 |          2 |       0 |    0 |    50 |      0 |      0 |    0 |          0 |
|     core                                                                        |                            uop_block__parameterized15 |         35 |         35 |       0 |    0 |    65 |      0 |      0 |    0 |          0 |
|       (core)                                                                    |                            uop_block__parameterized15 |          3 |          3 |       0 |    0 |     1 |      0 |      0 |    0 |          0 |
|       g[0].g_normal.alu_i                                                       |                      microop_unit__parameterized19__4 |         32 |         32 |       0 |    0 |    32 |      0 |      0 |    0 |          0 |
|       g[1].g_normal.alu_i                                                       |                      microop_unit__parameterized2__81 |          0 |          0 |       0 |    0 |    32 |      0 |      0 |    0 |          0 |
|   g_has_mem.glen_mem[1].blk_i                                                   |                     uop_block_wrap__parameterized0_14 |         36 |         36 |       0 |    0 |   111 |      0 |      0 |    0 |          0 |
|     (g_has_mem.glen_mem[1].blk_i)                                               |                     uop_block_wrap__parameterized0_14 |          1 |          1 |       0 |    0 |    46 |      0 |      0 |    0 |          0 |
|     core                                                                        |                             uop_block__parameterized0 |         35 |         35 |       0 |    0 |    65 |      0 |      0 |    0 |          0 |
|       (core)                                                                    |                             uop_block__parameterized0 |          3 |          3 |       0 |    0 |     1 |      0 |      0 |    0 |          0 |
|       g[0].g_normal.alu_i                                                       |                      microop_unit__parameterized1__11 |         32 |         32 |       0 |    0 |    32 |      0 |      0 |    0 |          0 |
|       g[1].g_normal.alu_i                                                       |                      microop_unit__parameterized2__44 |          0 |          0 |       0 |    0 |    32 |      0 |      0 |    0 |          0 |
|   g_has_mem.glen_mem[20].blk_i                                                  |                    uop_block_wrap__parameterized16_15 |        136 |        136 |       0 |    0 |   220 |      0 |      0 |    0 |          0 |
|     (g_has_mem.glen_mem[20].blk_i)                                              |                    uop_block_wrap__parameterized16_15 |          2 |          2 |       0 |    0 |    49 |      0 |      0 |    0 |          0 |
|     core                                                                        |                         uop_block__parameterized16_84 |        134 |        134 |       0 |    0 |   171 |      0 |      0 |    0 |          0 |
|       (core)                                                                    |                         uop_block__parameterized16_84 |          7 |          7 |       0 |    0 |     3 |      0 |      0 |    0 |          0 |
|       g[0].g_normal.alu_i                                                       |                      microop_unit__parameterized2__82 |          0 |          0 |       0 |    0 |    32 |      0 |      0 |    0 |          0 |
|       g[1].g_normal.alu_i                                                       |                      microop_unit__parameterized4__35 |          0 |          0 |       0 |    0 |     8 |      0 |      0 |    0 |          0 |
|       g[2].g_normal.alu_i                                                       |                      microop_unit__parameterized9__16 |         32 |         32 |       0 |    0 |    32 |      0 |      0 |    0 |          0 |
|       g[3].g_normal.alu_i                                                       |                         microop_unit__parameterized20 |         31 |         31 |       0 |    0 |    32 |      0 |      0 |    0 |          0 |
|       g[4].g_normal.alu_i                                                       |                      microop_unit__parameterized9__17 |         32 |         32 |       0 |    0 |    32 |      0 |      0 |    0 |          0 |
|       g[5].g_normal.alu_i                                                       |                      microop_unit__parameterized8__10 |         32 |         32 |       0 |    0 |    32 |      0 |      0 |    0 |          0 |
|   g_has_mem.glen_mem[21].blk_i                                                  |                    uop_block_wrap__parameterized17_16 |         35 |         35 |       0 |    0 |    90 |      0 |      0 |    0 |          0 |
|     (g_has_mem.glen_mem[21].blk_i)                                              |                    uop_block_wrap__parameterized17_16 |          0 |          0 |       0 |    0 |    49 |      0 |      0 |    0 |          0 |
|     core                                                                        |                         uop_block__parameterized17_83 |         35 |         35 |       0 |    0 |    41 |      0 |      0 |    0 |          0 |
|       (core)                                                                    |                         uop_block__parameterized17_83 |          3 |          3 |       0 |    0 |     1 |      0 |      0 |    0 |          0 |
|       g[0].g_normal.alu_i                                                       |                      microop_unit__parameterized4__37 |          0 |          0 |       0 |    0 |     8 |      0 |      0 |    0 |          0 |
|       g[1].g_normal.alu_i                                                       |                      microop_unit__parameterized7__20 |         32 |         32 |       0 |    0 |    32 |      0 |      0 |    0 |          0 |
|   g_has_mem.glen_mem[22].blk_i                                                  |                       uop_block_wrap__parameterized18 |          6 |          6 |       0 |    0 |   208 |      0 |      0 |    0 |          0 |
|     (g_has_mem.glen_mem[22].blk_i)                                              |                       uop_block_wrap__parameterized18 |          1 |          1 |       0 |    0 |    78 |      0 |      0 |    0 |          0 |
|     core                                                                        |                            uop_block__parameterized18 |          5 |          5 |       0 |    0 |   130 |      0 |      0 |    0 |          0 |
|       (core)                                                                    |                            uop_block__parameterized18 |          5 |          5 |       0 |    0 |     2 |      0 |      0 |    0 |          0 |
|       g[0].g_normal.alu_i                                                       |                     microop_unit__parameterized10__26 |          0 |          0 |       0 |    0 |    64 |      0 |      0 |    0 |          0 |
|       g[1].g_normal.alu_i                                                       |                     microop_unit__parameterized10__27 |          0 |          0 |       0 |    0 |    64 |      0 |      0 |    0 |          0 |
|   g_has_mem.glen_mem[23].blk_i                                                  |                    uop_block_wrap__parameterized17_17 |         35 |         35 |       0 |    0 |    90 |      0 |      0 |    0 |          0 |
|     (g_has_mem.glen_mem[23].blk_i)                                              |                    uop_block_wrap__parameterized17_17 |          0 |          0 |       0 |    0 |    49 |      0 |      0 |    0 |          0 |
|     core                                                                        |                         uop_block__parameterized17_82 |         35 |         35 |       0 |    0 |    41 |      0 |      0 |    0 |          0 |
|       (core)                                                                    |                         uop_block__parameterized17_82 |          3 |          3 |       0 |    0 |     1 |      0 |      0 |    0 |          0 |
|       g[0].g_normal.alu_i                                                       |                      microop_unit__parameterized4__36 |          0 |          0 |       0 |    0 |     8 |      0 |      0 |    0 |          0 |
|       g[1].g_normal.alu_i                                                       |                      microop_unit__parameterized7__19 |         32 |         32 |       0 |    0 |    32 |      0 |      0 |    0 |          0 |
|   g_has_mem.glen_mem[24].blk_i                                                  |                       uop_block_wrap__parameterized19 |          0 |          0 |       0 |    0 |   134 |      0 |      0 |    0 |          0 |
|     (g_has_mem.glen_mem[24].blk_i)                                              |                       uop_block_wrap__parameterized19 |          0 |          0 |       0 |    0 |    70 |      0 |      0 |    0 |          0 |
|     core                                                                        |                            uop_block__parameterized19 |          0 |          0 |       0 |    0 |    64 |      0 |      0 |    0 |          0 |
|       (core)                                                                    |                            uop_block__parameterized19 |          0 |          0 |       0 |    0 |     0 |      0 |      0 |    0 |          0 |
|       g[0].g_normal.alu_i                                                       |                     microop_unit__parameterized10__28 |          0 |          0 |       0 |    0 |    64 |      0 |      0 |    0 |          0 |
|   g_has_mem.glen_mem[25].blk_i                                                  |                       uop_block_wrap__parameterized20 |          4 |          4 |       0 |    0 |    51 |      0 |      0 |    0 |          0 |
|     (g_has_mem.glen_mem[25].blk_i)                                              |                       uop_block_wrap__parameterized20 |          1 |          1 |       0 |    0 |    18 |      0 |      0 |    0 |          0 |
|     core                                                                        |                            uop_block__parameterized20 |          3 |          3 |       0 |    0 |    33 |      0 |      0 |    0 |          0 |
|       (core)                                                                    |                            uop_block__parameterized20 |          3 |          3 |       0 |    0 |     1 |      0 |      0 |    0 |          0 |
|       g[1].g_normal.alu_i                                                       |                      microop_unit__parameterized2__83 |          0 |          0 |       0 |    0 |    32 |      0 |      0 |    0 |          0 |
|   g_has_mem.glen_mem[26].blk_i                                                  |                    uop_block_wrap__parameterized21_18 |        247 |        247 |       0 |    0 |   401 |      0 |      0 |    0 |          0 |
|     (g_has_mem.glen_mem[26].blk_i)                                              |                    uop_block_wrap__parameterized21_18 |          0 |          0 |       0 |    0 |    77 |      0 |      0 |    0 |          0 |
|     core                                                                        |                            uop_block__parameterized21 |        247 |        247 |       0 |    0 |   324 |      0 |      0 |    0 |          0 |
|       (core)                                                                    |                            uop_block__parameterized21 |          9 |          9 |       0 |    0 |     4 |      0 |      0 |    0 |          0 |
|       g[0].g_normal.alu_i                                                       |                     microop_unit__parameterized10__29 |          0 |          0 |       0 |    0 |    64 |      0 |      0 |    0 |          0 |
|       g[1].g_normal.alu_i                                                       |                      microop_unit__parameterized2__84 |          0 |          0 |       0 |    0 |    32 |      0 |      0 |    0 |          0 |
|       g[2].g_normal.alu_i                                                       |                      microop_unit__parameterized2__85 |          0 |          0 |       0 |    0 |    32 |      0 |      0 |    0 |          0 |
|       g[3].g_normal.alu_i                                                       |                      microop_unit__parameterized9__18 |         32 |         32 |       0 |    0 |    32 |      0 |      0 |    0 |          0 |
|       g[4].g_normal.alu_i                                                       |                      microop_unit__parameterized1__17 |         32 |         32 |       0 |    0 |    32 |      0 |      0 |    0 |          0 |
|       g[5].g_normal.alu_i                                                       |                      microop_unit__parameterized21__1 |         71 |         71 |       0 |    0 |    32 |      0 |      0 |    0 |          0 |
|       g[6].g_normal.alu_i                                                       |                      microop_unit__parameterized22__1 |         71 |         71 |       0 |    0 |    32 |      0 |      0 |    0 |          0 |
|       g[7].g_normal.alu_i                                                       |                      microop_unit__parameterized7__21 |         32 |         32 |       0 |    0 |    32 |      0 |      0 |    0 |          0 |
|       g[8].g_normal.alu_i                                                       |                      microop_unit__parameterized2__86 |          0 |          0 |       0 |    0 |    32 |      0 |      0 |    0 |          0 |
|   g_has_mem.glen_mem[27].blk_i                                                  |                    uop_block_wrap__parameterized11_19 |         64 |         64 |       0 |    0 |   134 |      0 |      0 |    0 |          0 |
|     (g_has_mem.glen_mem[27].blk_i)                                              |                    uop_block_wrap__parameterized11_19 |          0 |          0 |       0 |    0 |    70 |      0 |      0 |    0 |          0 |
|     core                                                                        |                            uop_block__parameterized11 |         64 |         64 |       0 |    0 |    64 |      0 |      0 |    0 |          0 |
|       (core)                                                                    |                            uop_block__parameterized11 |          0 |          0 |       0 |    0 |     0 |      0 |      0 |    0 |          0 |
|       g[0].g_normal.alu_i                                                       |                      microop_unit__parameterized3__14 |         64 |         64 |       0 |    0 |    64 |      0 |      0 |    0 |          0 |
|   g_has_mem.glen_mem[28].blk_i                                                  |                       uop_block_wrap__parameterized22 |         75 |         75 |       0 |    0 |   245 |      0 |      0 |    0 |          0 |
|     (g_has_mem.glen_mem[28].blk_i)                                              |                       uop_block_wrap__parameterized22 |          2 |          2 |       0 |    0 |    50 |      0 |      0 |    0 |          0 |
|     core                                                                        |                         uop_block__parameterized22_81 |         73 |         73 |       0 |    0 |   195 |      0 |      0 |    0 |          0 |
|       (core)                                                                    |                         uop_block__parameterized22_81 |          9 |          9 |       0 |    0 |     3 |      0 |      0 |    0 |          0 |
|       g[0].g_normal.alu_i                                                       |                      microop_unit__parameterized2__87 |          0 |          0 |       0 |    0 |    32 |      0 |      0 |    0 |          0 |
|       g[1].g_normal.alu_i                                                       |                      microop_unit__parameterized2__88 |          0 |          0 |       0 |    0 |    32 |      0 |      0 |    0 |          0 |
|       g[2].g_normal.alu_i                                                       |                      microop_unit__parameterized1__18 |         32 |         32 |       0 |    0 |    32 |      0 |      0 |    0 |          0 |
|       g[3].g_normal.alu_i                                                       |                      microop_unit__parameterized2__89 |          0 |          0 |       0 |    0 |    32 |      0 |      0 |    0 |          0 |
|       g[4].g_normal.alu_i                                                       |                      microop_unit__parameterized2__90 |          0 |          0 |       0 |    0 |    32 |      0 |      0 |    0 |          0 |
|       g[5].g_normal.alu_i                                                       |                      microop_unit__parameterized7__22 |         32 |         32 |       0 |    0 |    32 |      0 |      0 |    0 |          0 |
|   g_has_mem.glen_mem[29].blk_i                                                  |                       uop_block_wrap__parameterized23 |        119 |        119 |       0 |    0 |   244 |      0 |      0 |    0 |          0 |
|     (g_has_mem.glen_mem[29].blk_i)                                              |                       uop_block_wrap__parameterized23 |          0 |          0 |       0 |    0 |    49 |      0 |      0 |    0 |          0 |
|     core                                                                        |                         uop_block__parameterized23_80 |        119 |        119 |       0 |    0 |   195 |      0 |      0 |    0 |          0 |
|       (core)                                                                    |                         uop_block__parameterized23_80 |          7 |          7 |       0 |    0 |     3 |      0 |      0 |    0 |          0 |
|       g[0].g_normal.alu_i                                                       |                      microop_unit__parameterized2__91 |          0 |          0 |       0 |    0 |    32 |      0 |      0 |    0 |          0 |
|       g[1].g_normal.alu_i                                                       |                      microop_unit__parameterized19__5 |         32 |         32 |       0 |    0 |    32 |      0 |      0 |    0 |          0 |
|       g[2].g_normal.alu_i                                                       |                     microop_unit__parameterized23__10 |         32 |         32 |       0 |    0 |    32 |      0 |      0 |    0 |          0 |
|       g[3].g_normal.alu_i                                                       |                      microop_unit__parameterized24__4 |         16 |         16 |       0 |    0 |    32 |      0 |      0 |    0 |          0 |
|       g[4].g_normal.alu_i                                                       |                      microop_unit__parameterized7__23 |         32 |         32 |       0 |    0 |    32 |      0 |      0 |    0 |          0 |
|       g[5].g_normal.alu_i                                                       |                      microop_unit__parameterized2__92 |          0 |          0 |       0 |    0 |    32 |      0 |      0 |    0 |          0 |
|   g_has_mem.glen_mem[2].blk_i                                                   |                     uop_block_wrap__parameterized1_20 |         66 |         66 |       0 |    0 |   152 |      0 |      0 |    0 |          0 |
|     (g_has_mem.glen_mem[2].blk_i)                                               |                     uop_block_wrap__parameterized1_20 |          0 |          0 |       0 |    0 |    79 |      0 |      0 |    0 |          0 |
|     core                                                                        |                          uop_block__parameterized1_79 |         66 |         66 |       0 |    0 |    73 |      0 |      0 |    0 |          0 |
|       (core)                                                                    |                          uop_block__parameterized1_79 |          2 |          2 |       0 |    0 |     1 |      0 |      0 |    0 |          0 |
|       g[0].g_normal.alu_i                                                       |                       microop_unit__parameterized3__6 |         64 |         64 |       0 |    0 |    64 |      0 |      0 |    0 |          0 |
|       g[1].g_normal.alu_i                                                       |                      microop_unit__parameterized4__27 |          0 |          0 |       0 |    0 |     8 |      0 |      0 |    0 |          0 |
|   g_has_mem.glen_mem[30].blk_i                                                  |                       uop_block_wrap__parameterized24 |        128 |        128 |       0 |    0 |   229 |      0 |      0 |    0 |          0 |
|     (g_has_mem.glen_mem[30].blk_i)                                              |                       uop_block_wrap__parameterized24 |          0 |          0 |       0 |    0 |    37 |      0 |      0 |    0 |          0 |
|     core                                                                        |                         uop_block__parameterized24_78 |        128 |        128 |       0 |    0 |   192 |      0 |      0 |    0 |          0 |
|       (core)                                                                    |                         uop_block__parameterized24_78 |          0 |          0 |       0 |    0 |     0 |      0 |      0 |    0 |          0 |
|       g[0].g_normal.alu_i                                                       |                      microop_unit__parameterized8__11 |         32 |         32 |       0 |    0 |    32 |      0 |      0 |    0 |          0 |
|       g[1].g_normal.alu_i                                                       |                      microop_unit__parameterized8__12 |         32 |         32 |       0 |    0 |    32 |      0 |      0 |    0 |          0 |
|       g[2].g_normal.alu_i                                                       |                      microop_unit__parameterized2__93 |          0 |          0 |       0 |    0 |    32 |      0 |      0 |    0 |          0 |
|       g[3].g_normal.alu_i                                                       |                     microop_unit__parameterized23__11 |         32 |         32 |       0 |    0 |    32 |      0 |      0 |    0 |          0 |
|       g[4].g_normal.alu_i                                                       |                      microop_unit__parameterized25__3 |         32 |         32 |       0 |    0 |    32 |      0 |      0 |    0 |          0 |
|       g[5].g_normal.alu_i                                                       |                      microop_unit__parameterized2__94 |          0 |          0 |       0 |    0 |    32 |      0 |      0 |    0 |          0 |
|   g_has_mem.glen_mem[31].blk_i                                                  |            uop_block_wrap__parameterized25__xdcDup__1 |         75 |         75 |       0 |    0 |   480 |      0 |      0 |    0 |          0 |
|     (g_has_mem.glen_mem[31].blk_i)                                              |            uop_block_wrap__parameterized25__xdcDup__1 |          2 |          2 |       0 |    0 |    77 |      0 |      0 |    0 |          0 |
|     core                                                                        |                 uop_block__parameterized25__xdcDup__1 |         73 |         73 |       0 |    0 |   403 |      0 |      0 |    0 |          0 |
|       (core)                                                                    |                 uop_block__parameterized25__xdcDup__1 |          9 |          9 |       0 |    0 |     3 |      0 |      0 |    0 |          0 |
|       g[0].g_normal.alu_i                                                       |                     microop_unit__parameterized10__30 |          0 |          0 |       0 |    0 |    64 |      0 |      0 |    0 |          0 |
|       g[1].g_normal.alu_i                                                       |                     microop_unit__parameterized10__31 |          0 |          0 |       0 |    0 |    64 |      0 |      0 |    0 |          0 |
|       g[2].g_normal.alu_i                                                       |                     microop_unit__parameterized10__32 |          0 |          0 |       0 |    0 |    64 |      0 |      0 |    0 |          0 |
|       g[3].g_normal.alu_i                                                       |                      microop_unit__parameterized4__38 |          0 |          0 |       0 |    0 |     8 |      0 |      0 |    0 |          0 |
|       g[4].g_normal.alu_i                                                       |                     microop_unit__parameterized10__33 |          0 |          0 |       0 |    0 |    64 |      0 |      0 |    0 |          0 |
|       g[5].g_normal.alu_i                                                       |              microop_unit__parameterized18__xdcDup__2 |         64 |         64 |       0 |    0 |   128 |      0 |      0 |    0 |          0 |
|         (g[5].g_normal.alu_i)                                                   |              microop_unit__parameterized18__xdcDup__2 |          0 |          0 |       0 |    0 |    64 |      0 |      0 |    0 |          0 |
|         g_iadd.use_ip.u_addsub                                                  |                                integer_addsub_HD24230 |         64 |         64 |       0 |    0 |    64 |      0 |      0 |    0 |          0 |
|           (g_iadd.use_ip.u_addsub)                                              |                                integer_addsub_HD24230 |          0 |          0 |       0 |    0 |     0 |      0 |      0 |    0 |          0 |
|           U0                                                                    |               integer_addsubc_addsub_v12_0_14_HD24231 |         64 |         64 |       0 |    0 |    64 |      0 |      0 |    0 |          0 |
|             (U0)                                                                |               integer_addsubc_addsub_v12_0_14_HD24231 |          0 |          0 |       0 |    0 |     0 |      0 |      0 |    0 |          0 |
|             xst_addsub                                                          |           integer_addsubc_addsub_v12_0_14_viv_HD24232 |         64 |         64 |       0 |    0 |    64 |      0 |      0 |    0 |          0 |
|               (xst_addsub)                                                      |           integer_addsubc_addsub_v12_0_14_viv_HD24232 |          0 |          0 |       0 |    0 |     0 |      0 |      0 |    0 |          0 |
|               i_baseblox.i_baseblox_addsub                                      |        integer_addsubc_addsub_v12_0_14_legacy_HD24233 |         64 |         64 |       0 |    0 |    64 |      0 |      0 |    0 |          0 |
|                 no_pipelining.the_addsub                                        | integer_addsubc_addsub_v12_0_14_fabric_legacy_HD24234 |         64 |         64 |       0 |    0 |    64 |      0 |      0 |    0 |          0 |
|                   i_lut6.i_lut6_addsub                                          |   integer_addsubc_addsub_v12_0_14_lut6_legacy_HD24235 |         64 |         64 |       0 |    0 |    64 |      0 |      0 |    0 |          0 |
|                     (i_lut6.i_lut6_addsub)                                      |   integer_addsubc_addsub_v12_0_14_lut6_legacy_HD24235 |         64 |         64 |       0 |    0 |     0 |      0 |      0 |    0 |          0 |
|                     i_q.i_simple.qreg                                           |            integer_addsubc_reg_fd_v12_0_6_viv_HD24236 |          0 |          0 |       0 |    0 |    64 |      0 |      0 |    0 |          0 |
|       g[6].g_normal.alu_i                                                       |                      microop_unit__parameterized4__39 |          0 |          0 |       0 |    0 |     8 |      0 |      0 |    0 |          0 |
|   g_has_mem.glen_mem[32].blk_i                                                  |                       uop_block_wrap__parameterized26 |         48 |         48 |       0 |    0 |   133 |      0 |      0 |    0 |          0 |
|     (g_has_mem.glen_mem[32].blk_i)                                              |                       uop_block_wrap__parameterized26 |          0 |          0 |       0 |    0 |    37 |      0 |      0 |    0 |          0 |
|     core                                                                        |                         uop_block__parameterized26_77 |         48 |         48 |       0 |    0 |    96 |      0 |      0 |    0 |          0 |
|       (core)                                                                    |                         uop_block__parameterized26_77 |          0 |          0 |       0 |    0 |     0 |      0 |      0 |    0 |          0 |
|       g[0].g_normal.alu_i                                                       |                      microop_unit__parameterized2__49 |          0 |          0 |       0 |    0 |    32 |      0 |      0 |    0 |          0 |
|       g[1].g_normal.alu_i                                                       |                      microop_unit__parameterized23__7 |         32 |         32 |       0 |    0 |    32 |      0 |      0 |    0 |          0 |
|       g[2].g_normal.alu_i                                                       |                      microop_unit__parameterized24__3 |         16 |         16 |       0 |    0 |    32 |      0 |      0 |    0 |          0 |
|   g_has_mem.glen_mem[33].blk_i                                                  |                       uop_block_wrap__parameterized27 |        172 |        172 |       0 |    0 |   564 |      0 |      0 |    0 |          0 |
|     (g_has_mem.glen_mem[33].blk_i)                                              |                       uop_block_wrap__parameterized27 |          1 |          1 |       0 |    0 |    48 |      0 |      0 |    0 |          0 |
|     core                                                                        |                         uop_block__parameterized27_76 |        171 |        171 |       0 |    0 |   516 |      0 |      0 |    0 |          0 |
|       (core)                                                                    |                         uop_block__parameterized27_76 |         10 |         10 |       0 |    0 |     4 |      0 |      0 |    0 |          0 |
|       g[0].g_normal.alu_i                                                       |                      microop_unit__parameterized2__50 |          0 |          0 |       0 |    0 |    32 |      0 |      0 |    0 |          0 |
|       g[10].g_normal.alu_i                                                      |                      microop_unit__parameterized23__8 |         32 |         32 |       0 |    0 |    32 |      0 |      0 |    0 |          0 |
|       g[11].g_normal.alu_i                                                      |                      microop_unit__parameterized25__2 |         32 |         32 |       0 |    0 |    32 |      0 |      0 |    0 |          0 |
|       g[12].g_normal.alu_i                                                      |                      microop_unit__parameterized7__14 |         32 |         32 |       0 |    0 |    32 |      0 |      0 |    0 |          0 |
|       g[13].g_normal.alu_i                                                      |                      microop_unit__parameterized2__57 |          0 |          0 |       0 |    0 |    32 |      0 |      0 |    0 |          0 |
|       g[14].g_normal.alu_i                                                      |                      microop_unit__parameterized2__58 |          0 |          0 |       0 |    0 |    32 |      0 |      0 |    0 |          0 |
|       g[15].g_normal.alu_i                                                      |                      microop_unit__parameterized2__59 |          0 |          0 |       0 |    0 |    32 |      0 |      0 |    0 |          0 |
|       g[1].g_normal.alu_i                                                       |                      microop_unit__parameterized2__51 |          0 |          0 |       0 |    0 |    32 |      0 |      0 |    0 |          0 |
|       g[2].g_normal.alu_i                                                       |                      microop_unit__parameterized2__52 |          0 |          0 |       0 |    0 |    32 |      0 |      0 |    0 |          0 |
|       g[3].g_normal.alu_i                                                       |                      microop_unit__parameterized2__53 |          0 |          0 |       0 |    0 |    32 |      0 |      0 |    0 |          0 |
|       g[4].g_normal.alu_i                                                       |                      microop_unit__parameterized2__54 |          0 |          0 |       0 |    0 |    32 |      0 |      0 |    0 |          0 |
|       g[5].g_normal.alu_i                                                       |                      microop_unit__parameterized1__12 |         32 |         32 |       0 |    0 |    32 |      0 |      0 |    0 |          0 |
|       g[6].g_normal.alu_i                                                       |                      microop_unit__parameterized2__55 |          0 |          0 |       0 |    0 |    32 |      0 |      0 |    0 |          0 |
|       g[7].g_normal.alu_i                                                       |                      microop_unit__parameterized2__56 |          0 |          0 |       0 |    0 |    32 |      0 |      0 |    0 |          0 |
|       g[8].g_normal.alu_i                                                       |                      microop_unit__parameterized26__1 |          1 |          1 |       0 |    0 |    32 |      0 |      0 |    0 |          0 |
|       g[9].g_normal.alu_i                                                       |                      microop_unit__parameterized1__13 |         32 |         32 |       0 |    0 |    32 |      0 |      0 |    0 |          0 |
|   g_has_mem.glen_mem[34].blk_i                                                  |                       uop_block_wrap__parameterized28 |          4 |          4 |       0 |    0 |   115 |      0 |      0 |    0 |          0 |
|     (g_has_mem.glen_mem[34].blk_i)                                              |                       uop_block_wrap__parameterized28 |          1 |          1 |       0 |    0 |    50 |      0 |      0 |    0 |          0 |
|     core                                                                        |                         uop_block__parameterized28_75 |          3 |          3 |       0 |    0 |    65 |      0 |      0 |    0 |          0 |
|       (core)                                                                    |                         uop_block__parameterized28_75 |          3 |          3 |       0 |    0 |     1 |      0 |      0 |    0 |          0 |
|       g[0].g_normal.alu_i                                                       |                      microop_unit__parameterized2__60 |          0 |          0 |       0 |    0 |    32 |      0 |      0 |    0 |          0 |
|       g[1].g_normal.alu_i                                                       |                      microop_unit__parameterized2__61 |          0 |          0 |       0 |    0 |    32 |      0 |      0 |    0 |          0 |
|   g_has_mem.glen_mem[35].blk_i                                                  |            uop_block_wrap__parameterized29__xdcDup__1 |        221 |          2 |       0 |  219 |   653 |      0 |      0 |    0 |         16 |
|     (g_has_mem.glen_mem[35].blk_i)                                              |            uop_block_wrap__parameterized29__xdcDup__1 |          0 |          0 |       0 |    0 |    75 |      0 |      0 |    0 |          0 |
|     core                                                                        |                 uop_block__parameterized29__xdcDup__1 |        221 |          2 |       0 |  219 |   578 |      0 |      0 |    0 |         16 |
|       (core)                                                                    |                 uop_block__parameterized29__xdcDup__1 |          2 |          2 |       0 |    0 |     1 |      0 |      0 |    0 |          0 |
|       g[0].g_normal.alu_i                                                       |              microop_unit__parameterized27__xdcDup__1 |        219 |          0 |       0 |  219 |   545 |      0 |      0 |    0 |         16 |
|         (g[0].g_normal.alu_i)                                                   |              microop_unit__parameterized27__xdcDup__1 |          0 |          0 |       0 |    0 |    64 |      0 |      0 |    0 |          0 |
|         g_imul.mul64_ip.mul_i                                                   |                                   integer_mul_HD24318 |        219 |          0 |       0 |  219 |   481 |      0 |      0 |    0 |         16 |
|           (g_imul.mul64_ip.mul_i)                                               |                                   integer_mul_HD24318 |          0 |          0 |       0 |    0 |     0 |      0 |      0 |    0 |          0 |
|           U0                                                                    |                  integer_mulmult_gen_v12_0_16_HD24319 |        219 |          0 |       0 |  219 |   481 |      0 |      0 |    0 |         16 |
|             (U0)                                                                |                  integer_mulmult_gen_v12_0_16_HD24319 |          0 |          0 |       0 |    0 |     0 |      0 |      0 |    0 |          0 |
|             i_mult                                                              |              integer_mulmult_gen_v12_0_16_viv_HD24320 |        219 |          0 |       0 |  219 |   481 |      0 |      0 |    0 |         16 |
|               (i_mult)                                                          |              integer_mulmult_gen_v12_0_16_viv_HD24320 |          0 |          0 |       0 |    0 |     0 |      0 |      0 |    0 |          0 |
|               gDSP.gDSP_only.iDSP                                               |                                integer_muldsp_HD24321 |        219 |          0 |       0 |  219 |   481 |      0 |      0 |    0 |         16 |
|                 (gDSP.gDSP_only.iDSP)                                           |                                integer_muldsp_HD24321 |          0 |          0 |       0 |    0 |     0 |      0 |      0 |    0 |         16 |
|                 use_prim.appDSP48[0].bppDSP48[0].need_output_delay.output_delay |        integer_muldelay_line__parameterized16_HD24322 |          9 |          0 |       0 |    9 |    17 |      0 |      0 |    0 |          0 |
|                 use_prim.appDSP48[0].bppDSP48[2].need_output_delay.output_delay |        integer_muldelay_line__parameterized18_HD24323 |          9 |          0 |       0 |    9 |    17 |      0 |      0 |    0 |          0 |
|                 use_prim.appDSP48[1].bppDSP48[0].need_output_delay.output_delay |        integer_muldelay_line__parameterized19_HD24324 |          9 |          0 |       0 |    9 |    17 |      0 |      0 |    0 |          0 |
|                 use_prim.appDSP48[1].bppDSP48[3].need_output_delay.output_delay |        integer_muldelay_line__parameterized20_HD24325 |          9 |          0 |       0 |    9 |    17 |      0 |      0 |    0 |          0 |
|                 use_prim.appDSP48[3].bppDSP48[0].need_output_delay.output_delay |        integer_muldelay_line__parameterized21_HD24326 |          9 |          0 |       0 |    9 |    17 |      0 |      0 |    0 |          0 |
|                 use_prim.appDSP48[3].bppDSP48[2].need_output_delay.output_delay |        integer_muldelay_line__parameterized22_HD24327 |          0 |          0 |       0 |    0 |    17 |      0 |      0 |    0 |          0 |
|                 use_prim.iAdelx[0].iAdely[2].use_delay_line.Adelay              |         integer_muldelay_line__parameterized0_HD24328 |          9 |          0 |       0 |    9 |    18 |      0 |      0 |    0 |          0 |
|                 use_prim.iAdelx[1].iAdely[1].use_delay_line.Adelay              |         integer_muldelay_line__parameterized1_HD24329 |          9 |          0 |       0 |    9 |    18 |      0 |      0 |    0 |          0 |
|                 use_prim.iAdelx[1].iAdely[2].use_delay_line.Adelay              |         integer_muldelay_line__parameterized2_HD24330 |          9 |          0 |       0 |    9 |    18 |      0 |      0 |    0 |          0 |
|                 use_prim.iAdelx[1].iAdely[3].use_delay_line.Adelay              |         integer_muldelay_line__parameterized3_HD24331 |          9 |          0 |       0 |    9 |    18 |      0 |      0 |    0 |          0 |
|                 use_prim.iAdelx[2].iAdely[0].use_delay_line.Adelay              |         integer_muldelay_line__parameterized4_HD24332 |          0 |          0 |       0 |    0 |    17 |      0 |      0 |    0 |          0 |
|                 use_prim.iAdelx[2].iAdely[1].use_delay_line.Adelay              |         integer_muldelay_line__parameterized5_HD24333 |          9 |          0 |       0 |    9 |    18 |      0 |      0 |    0 |          0 |
|                 use_prim.iAdelx[2].iAdely[2].use_delay_line.Adelay              |         integer_muldelay_line__parameterized6_HD24334 |          9 |          0 |       0 |    9 |    18 |      0 |      0 |    0 |          0 |
|                 use_prim.iAdelx[2].iAdely[3].use_delay_line.Adelay              |         integer_muldelay_line__parameterized7_HD24335 |          9 |          0 |       0 |    9 |    18 |      0 |      0 |    0 |          0 |
|                 use_prim.iAdelx[3].iAdely[0].use_delay_line.Adelay              |         integer_muldelay_line__parameterized8_HD24336 |          7 |          0 |       0 |    7 |    13 |      0 |      0 |    0 |          0 |
|                 use_prim.iAdelx[3].iAdely[2].use_delay_line.Adelay              |         integer_muldelay_line__parameterized9_HD24337 |          7 |          0 |       0 |    7 |    13 |      0 |      0 |    0 |          0 |
|                 use_prim.iBdelx[0].iBdely[2].need_delay_line.Bdelay             |       integer_muldelay_line__parameterized0_0_HD24338 |          9 |          0 |       0 |    9 |    18 |      0 |      0 |    0 |          0 |
|                 use_prim.iBdelx[0].iBdely[3].need_delay_line.Bdelay             |        integer_muldelay_line__parameterized10_HD24339 |          9 |          0 |       0 |    9 |    18 |      0 |      0 |    0 |          0 |
|                 use_prim.iBdelx[1].iBdely[0].need_delay_line.Bdelay             |       integer_muldelay_line__parameterized4_1_HD24340 |          0 |          0 |       0 |    0 |    17 |      0 |      0 |    0 |          0 |
|                 use_prim.iBdelx[1].iBdely[1].need_delay_line.Bdelay             |       integer_muldelay_line__parameterized1_2_HD24341 |          9 |          0 |       0 |    9 |    18 |      0 |      0 |    0 |          0 |
|                 use_prim.iBdelx[1].iBdely[2].need_delay_line.Bdelay             |       integer_muldelay_line__parameterized2_3_HD24342 |          9 |          0 |       0 |    9 |    18 |      0 |      0 |    0 |          0 |
|                 use_prim.iBdelx[1].iBdely[3].need_delay_line.Bdelay             |       integer_muldelay_line__parameterized3_4_HD24343 |          9 |          0 |       0 |    9 |    18 |      0 |      0 |    0 |          0 |
|                 use_prim.iBdelx[2].iBdely[1].need_delay_line.Bdelay             |       integer_muldelay_line__parameterized5_5_HD24344 |          9 |          0 |       0 |    9 |    18 |      0 |      0 |    0 |          0 |
|                 use_prim.iBdelx[2].iBdely[2].need_delay_line.Bdelay             |       integer_muldelay_line__parameterized6_6_HD24345 |          9 |          0 |       0 |    9 |    18 |      0 |      0 |    0 |          0 |
|                 use_prim.iBdelx[3].iBdely[0].need_delay_line.Bdelay             |        integer_muldelay_line__parameterized11_HD24346 |          9 |          0 |       0 |    9 |    18 |      0 |      0 |    0 |          0 |
|                 use_prim.iBdelx[3].iBdely[1].need_delay_line.Bdelay             |        integer_muldelay_line__parameterized12_HD24347 |          9 |          0 |       0 |    9 |    18 |      0 |      0 |    0 |          0 |
|                 use_prim.iBdelx[3].iBdely[2].need_delay_line.Bdelay             |        integer_muldelay_line__parameterized13_HD24348 |          9 |          0 |       0 |    9 |    18 |      0 |      0 |    0 |          0 |
|                 use_prim.iBdelx[3].iBdely[3].need_delay_line.Bdelay             |        integer_muldelay_line__parameterized14_HD24349 |          7 |          0 |       0 |    7 |    13 |      0 |      0 |    0 |          0 |
|       g[1].g_normal.alu_i                                                       |                      microop_unit__parameterized2__62 |          0 |          0 |       0 |    0 |    32 |      0 |      0 |    0 |          0 |
|   g_has_mem.glen_mem[36].blk_i                                                  |                    uop_block_wrap__parameterized30_21 |         32 |         32 |       0 |    0 |    70 |      0 |      0 |    0 |          0 |
|     (g_has_mem.glen_mem[36].blk_i)                                              |                    uop_block_wrap__parameterized30_21 |          0 |          0 |       0 |    0 |    37 |      0 |      0 |    0 |          0 |
|     core                                                                        |                         uop_block__parameterized30_74 |         32 |         32 |       0 |    0 |    33 |      0 |      0 |    0 |          0 |
|       (core)                                                                    |                         uop_block__parameterized30_74 |          0 |          0 |       0 |    0 |     0 |      0 |      0 |    0 |          0 |
|       g[0].g_normal.alu_i                                                       |                      microop_unit__parameterized28__5 |         32 |         32 |       0 |    0 |    32 |      0 |      0 |    0 |          0 |
|       g[1].g_normal.alu_i                                                       |                      microop_unit__parameterized29__5 |          0 |          0 |       0 |    0 |     1 |      0 |      0 |    0 |          0 |
|   g_has_mem.glen_mem[37].blk_i                                                  |            uop_block_wrap__parameterized31__xdcDup__1 |        134 |        134 |       0 |    0 |   301 |      0 |      0 |    0 |          0 |
|     (g_has_mem.glen_mem[37].blk_i)                                              |            uop_block_wrap__parameterized31__xdcDup__1 |          0 |          0 |       0 |    0 |    75 |      0 |      0 |    0 |          0 |
|     core                                                                        |                 uop_block__parameterized31__xdcDup__1 |        134 |        134 |       0 |    0 |   226 |      0 |      0 |    0 |          0 |
|       (core)                                                                    |                 uop_block__parameterized31__xdcDup__1 |          6 |          6 |       0 |    0 |     2 |      0 |      0 |    0 |          0 |
|       g[0].g_normal.alu_i                                                       |                       microop_unit__parameterized3__8 |         64 |         64 |       0 |    0 |    64 |      0 |      0 |    0 |          0 |
|       g[1].g_normal.alu_i                                                       |                      microop_unit__parameterized17__4 |          0 |          0 |       0 |    0 |    32 |      0 |      0 |    0 |          0 |
|       g[2].g_normal.alu_i                                                       |               microop_unit__parameterized0__xdcDup__7 |         64 |         64 |       0 |    0 |   128 |      0 |      0 |    0 |          0 |
|         (g[2].g_normal.alu_i)                                                   |               microop_unit__parameterized0__xdcDup__7 |          0 |          0 |       0 |    0 |    64 |      0 |      0 |    0 |          0 |
|         g_iadd.use_ip.u_addsub                                                  |                                integer_addsub_HD24237 |         64 |         64 |       0 |    0 |    64 |      0 |      0 |    0 |          0 |
|           (g_iadd.use_ip.u_addsub)                                              |                                integer_addsub_HD24237 |          0 |          0 |       0 |    0 |     0 |      0 |      0 |    0 |          0 |
|           U0                                                                    |               integer_addsubc_addsub_v12_0_14_HD24238 |         64 |         64 |       0 |    0 |    64 |      0 |      0 |    0 |          0 |
|             (U0)                                                                |               integer_addsubc_addsub_v12_0_14_HD24238 |          0 |          0 |       0 |    0 |     0 |      0 |      0 |    0 |          0 |
|             xst_addsub                                                          |           integer_addsubc_addsub_v12_0_14_viv_HD24239 |         64 |         64 |       0 |    0 |    64 |      0 |      0 |    0 |          0 |
|               (xst_addsub)                                                      |           integer_addsubc_addsub_v12_0_14_viv_HD24239 |          0 |          0 |       0 |    0 |     0 |      0 |      0 |    0 |          0 |
|               i_baseblox.i_baseblox_addsub                                      |        integer_addsubc_addsub_v12_0_14_legacy_HD24240 |         64 |         64 |       0 |    0 |    64 |      0 |      0 |    0 |          0 |
|                 no_pipelining.the_addsub                                        | integer_addsubc_addsub_v12_0_14_fabric_legacy_HD24241 |         64 |         64 |       0 |    0 |    64 |      0 |      0 |    0 |          0 |
|                   i_lut6.i_lut6_addsub                                          |   integer_addsubc_addsub_v12_0_14_lut6_legacy_HD24242 |         64 |         64 |       0 |    0 |    64 |      0 |      0 |    0 |          0 |
|                     (i_lut6.i_lut6_addsub)                                      |   integer_addsubc_addsub_v12_0_14_lut6_legacy_HD24242 |         64 |         64 |       0 |    0 |     0 |      0 |      0 |    0 |          0 |
|                     i_q.i_simple.qreg                                           |            integer_addsubc_reg_fd_v12_0_6_viv_HD24243 |          0 |          0 |       0 |    0 |    64 |      0 |      0 |    0 |          0 |
|   g_has_mem.glen_mem[38].blk_i                                                  |                    uop_block_wrap__parameterized30_22 |         32 |         32 |       0 |    0 |    70 |      0 |      0 |    0 |          0 |
|     (g_has_mem.glen_mem[38].blk_i)                                              |                    uop_block_wrap__parameterized30_22 |          0 |          0 |       0 |    0 |    37 |      0 |      0 |    0 |          0 |
|     core                                                                        |                         uop_block__parameterized30_73 |         32 |         32 |       0 |    0 |    33 |      0 |      0 |    0 |          0 |
|       (core)                                                                    |                         uop_block__parameterized30_73 |          0 |          0 |       0 |    0 |     0 |      0 |      0 |    0 |          0 |
|       g[0].g_normal.alu_i                                                       |                      microop_unit__parameterized28__4 |         32 |         32 |       0 |    0 |    32 |      0 |      0 |    0 |          0 |
|       g[1].g_normal.alu_i                                                       |                      microop_unit__parameterized29__4 |          0 |          0 |       0 |    0 |     1 |      0 |      0 |    0 |          0 |
|   g_has_mem.glen_mem[39].blk_i                                                  |                    uop_block_wrap__parameterized22_23 |         73 |         73 |       0 |    0 |   242 |      0 |      0 |    0 |          0 |
|     (g_has_mem.glen_mem[39].blk_i)                                              |                    uop_block_wrap__parameterized22_23 |          1 |          1 |       0 |    0 |    47 |      0 |      0 |    0 |          0 |
|     core                                                                        |                         uop_block__parameterized22_72 |         72 |         72 |       0 |    0 |   195 |      0 |      0 |    0 |          0 |
|       (core)                                                                    |                         uop_block__parameterized22_72 |          8 |          8 |       0 |    0 |     3 |      0 |      0 |    0 |          0 |
|       g[0].g_normal.alu_i                                                       |                      microop_unit__parameterized2__63 |          0 |          0 |       0 |    0 |    32 |      0 |      0 |    0 |          0 |
|       g[1].g_normal.alu_i                                                       |                      microop_unit__parameterized2__64 |          0 |          0 |       0 |    0 |    32 |      0 |      0 |    0 |          0 |
|       g[2].g_normal.alu_i                                                       |                      microop_unit__parameterized1__14 |         32 |         32 |       0 |    0 |    32 |      0 |      0 |    0 |          0 |
|       g[3].g_normal.alu_i                                                       |                      microop_unit__parameterized2__65 |          0 |          0 |       0 |    0 |    32 |      0 |      0 |    0 |          0 |
|       g[4].g_normal.alu_i                                                       |                      microop_unit__parameterized2__66 |          0 |          0 |       0 |    0 |    32 |      0 |      0 |    0 |          0 |
|       g[5].g_normal.alu_i                                                       |                      microop_unit__parameterized7__15 |         32 |         32 |       0 |    0 |    32 |      0 |      0 |    0 |          0 |
|   g_has_mem.glen_mem[3].blk_i                                                   |                        uop_block_wrap__parameterized2 |          3 |          3 |       0 |    0 |   113 |      0 |      0 |    0 |          0 |
|     (g_has_mem.glen_mem[3].blk_i)                                               |                        uop_block_wrap__parameterized2 |          0 |          0 |       0 |    0 |    48 |      0 |      0 |    0 |          0 |
|     core                                                                        |                             uop_block__parameterized2 |          3 |          3 |       0 |    0 |    65 |      0 |      0 |    0 |          0 |
|       (core)                                                                    |                             uop_block__parameterized2 |          3 |          3 |       0 |    0 |     1 |      0 |      0 |    0 |          0 |
|       g[0].g_normal.alu_i                                                       |                      microop_unit__parameterized2__45 |          0 |          0 |       0 |    0 |    32 |      0 |      0 |    0 |          0 |
|       g[1].g_normal.alu_i                                                       |                          microop_unit__parameterized5 |          0 |          0 |       0 |    0 |    32 |      0 |      0 |    0 |          0 |
|   g_has_mem.glen_mem[40].blk_i                                                  |                    uop_block_wrap__parameterized32_24 |        119 |        119 |       0 |    0 |   174 |      0 |      0 |    0 |          0 |
|     (g_has_mem.glen_mem[40].blk_i)                                              |                    uop_block_wrap__parameterized32_24 |          0 |          0 |       0 |    0 |    44 |      0 |      0 |    0 |          0 |
|     core                                                                        |                         uop_block__parameterized32_71 |        119 |        119 |       0 |    0 |   130 |      0 |      0 |    0 |          0 |
|       (core)                                                                    |                         uop_block__parameterized32_71 |          7 |          7 |       0 |    0 |     2 |      0 |      0 |    0 |          0 |
|       g[0].g_normal.alu_i                                                       |                      microop_unit__parameterized19__2 |         32 |         32 |       0 |    0 |    32 |      0 |      0 |    0 |          0 |
|       g[1].g_normal.alu_i                                                       |                      microop_unit__parameterized23__5 |         32 |         32 |       0 |    0 |    32 |      0 |      0 |    0 |          0 |
|       g[2].g_normal.alu_i                                                       |                      microop_unit__parameterized24__2 |         16 |         16 |       0 |    0 |    32 |      0 |      0 |    0 |          0 |
|       g[3].g_normal.alu_i                                                       |                      microop_unit__parameterized7__10 |         32 |         32 |       0 |    0 |    32 |      0 |      0 |    0 |          0 |
|   g_has_mem.glen_mem[41].blk_i                                                  |                       uop_block_wrap__parameterized33 |        128 |        128 |       0 |    0 |   229 |      0 |      0 |    0 |          0 |
|     (g_has_mem.glen_mem[41].blk_i)                                              |                       uop_block_wrap__parameterized33 |          0 |          0 |       0 |    0 |    37 |      0 |      0 |    0 |          0 |
|     core                                                                        |                            uop_block__parameterized33 |        128 |        128 |       0 |    0 |   192 |      0 |      0 |    0 |          0 |
|       (core)                                                                    |                            uop_block__parameterized33 |          0 |          0 |       0 |    0 |     0 |      0 |      0 |    0 |          0 |
|       g[0].g_normal.alu_i                                                       |                      microop_unit__parameterized8__15 |         32 |         32 |       0 |    0 |    32 |      0 |      0 |    0 |          0 |
|       g[1].g_normal.alu_i                                                       |                      microop_unit__parameterized8__16 |         32 |         32 |       0 |    0 |    32 |      0 |      0 |    0 |          0 |
|       g[2].g_normal.alu_i                                                       |                     microop_unit__parameterized23__19 |         32 |         32 |       0 |    0 |    32 |      0 |      0 |    0 |          0 |
|       g[3].g_normal.alu_i                                                       |                     microop_unit__parameterized2__165 |          0 |          0 |       0 |    0 |    32 |      0 |      0 |    0 |          0 |
|       g[4].g_normal.alu_i                                                       |                      microop_unit__parameterized25__8 |         32 |         32 |       0 |    0 |    32 |      0 |      0 |    0 |          0 |
|       g[5].g_normal.alu_i                                                       |                     microop_unit__parameterized2__168 |          0 |          0 |       0 |    0 |    32 |      0 |      0 |    0 |          0 |
|   g_has_mem.glen_mem[42].blk_i                                                  |            uop_block_wrap__parameterized34__xdcDup__1 |         70 |         70 |       0 |    0 |   279 |      0 |      0 |    0 |          0 |
|     (g_has_mem.glen_mem[42].blk_i)                                              |            uop_block_wrap__parameterized34__xdcDup__1 |          1 |          1 |       0 |    0 |    77 |      0 |      0 |    0 |          0 |
|     core                                                                        |                 uop_block__parameterized34__xdcDup__1 |         69 |         69 |       0 |    0 |   202 |      0 |      0 |    0 |          0 |
|       (core)                                                                    |                 uop_block__parameterized34__xdcDup__1 |          5 |          5 |       0 |    0 |     2 |      0 |      0 |    0 |          0 |
|       g[0].g_normal.alu_i                                                       |                     microop_unit__parameterized10__18 |          0 |          0 |       0 |    0 |    64 |      0 |      0 |    0 |          0 |
|       g[1].g_normal.alu_i                                                       |              microop_unit__parameterized18__xdcDup__3 |         64 |         64 |       0 |    0 |   128 |      0 |      0 |    0 |          0 |
|         (g[1].g_normal.alu_i)                                                   |              microop_unit__parameterized18__xdcDup__3 |          0 |          0 |       0 |    0 |    64 |      0 |      0 |    0 |          0 |
|         g_iadd.use_ip.u_addsub                                                  |                                integer_addsub_HD24244 |         64 |         64 |       0 |    0 |    64 |      0 |      0 |    0 |          0 |
|           (g_iadd.use_ip.u_addsub)                                              |                                integer_addsub_HD24244 |          0 |          0 |       0 |    0 |     0 |      0 |      0 |    0 |          0 |
|           U0                                                                    |               integer_addsubc_addsub_v12_0_14_HD24245 |         64 |         64 |       0 |    0 |    64 |      0 |      0 |    0 |          0 |
|             (U0)                                                                |               integer_addsubc_addsub_v12_0_14_HD24245 |          0 |          0 |       0 |    0 |     0 |      0 |      0 |    0 |          0 |
|             xst_addsub                                                          |           integer_addsubc_addsub_v12_0_14_viv_HD24246 |         64 |         64 |       0 |    0 |    64 |      0 |      0 |    0 |          0 |
|               (xst_addsub)                                                      |           integer_addsubc_addsub_v12_0_14_viv_HD24246 |          0 |          0 |       0 |    0 |     0 |      0 |      0 |    0 |          0 |
|               i_baseblox.i_baseblox_addsub                                      |        integer_addsubc_addsub_v12_0_14_legacy_HD24247 |         64 |         64 |       0 |    0 |    64 |      0 |      0 |    0 |          0 |
|                 no_pipelining.the_addsub                                        | integer_addsubc_addsub_v12_0_14_fabric_legacy_HD24248 |         64 |         64 |       0 |    0 |    64 |      0 |      0 |    0 |          0 |
|                   i_lut6.i_lut6_addsub                                          |   integer_addsubc_addsub_v12_0_14_lut6_legacy_HD24249 |         64 |         64 |       0 |    0 |    64 |      0 |      0 |    0 |          0 |
|                     (i_lut6.i_lut6_addsub)                                      |   integer_addsubc_addsub_v12_0_14_lut6_legacy_HD24249 |         64 |         64 |       0 |    0 |     0 |      0 |      0 |    0 |          0 |
|                     i_q.i_simple.qreg                                           |            integer_addsubc_reg_fd_v12_0_6_viv_HD24250 |          0 |          0 |       0 |    0 |    64 |      0 |      0 |    0 |          0 |
|       g[2].g_normal.alu_i                                                       |                      microop_unit__parameterized4__22 |          0 |          0 |       0 |    0 |     8 |      0 |      0 |    0 |          0 |
|   g_has_mem.glen_mem[43].blk_i                                                  |                       uop_block_wrap__parameterized35 |        236 |        236 |       0 |    0 |   498 |      0 |      0 |    0 |          0 |
|     (g_has_mem.glen_mem[43].blk_i)                                              |                       uop_block_wrap__parameterized35 |          0 |          0 |       0 |    0 |    78 |      0 |      0 |    0 |          0 |
|     core                                                                        |                            uop_block__parameterized35 |        236 |        236 |       0 |    0 |   420 |      0 |      0 |    0 |          0 |
|       (core)                                                                    |                            uop_block__parameterized35 |         12 |         12 |       0 |    0 |     4 |      0 |      0 |    0 |          0 |
|       g[0].g_normal.alu_i                                                       |               microop_unit__parameterized0__xdcDup__8 |         64 |         64 |       0 |    0 |   128 |      0 |      0 |    0 |          0 |
|         (g[0].g_normal.alu_i)                                                   |               microop_unit__parameterized0__xdcDup__8 |          0 |          0 |       0 |    0 |    64 |      0 |      0 |    0 |          0 |
|         g_iadd.use_ip.u_addsub                                                  |                                integer_addsub_HD24251 |         64 |         64 |       0 |    0 |    64 |      0 |      0 |    0 |          0 |
|           (g_iadd.use_ip.u_addsub)                                              |                                integer_addsub_HD24251 |          0 |          0 |       0 |    0 |     0 |      0 |      0 |    0 |          0 |
|           U0                                                                    |               integer_addsubc_addsub_v12_0_14_HD24252 |         64 |         64 |       0 |    0 |    64 |      0 |      0 |    0 |          0 |
|             (U0)                                                                |               integer_addsubc_addsub_v12_0_14_HD24252 |          0 |          0 |       0 |    0 |     0 |      0 |      0 |    0 |          0 |
|             xst_addsub                                                          |           integer_addsubc_addsub_v12_0_14_viv_HD24253 |         64 |         64 |       0 |    0 |    64 |      0 |      0 |    0 |          0 |
|               (xst_addsub)                                                      |           integer_addsubc_addsub_v12_0_14_viv_HD24253 |          0 |          0 |       0 |    0 |     0 |      0 |      0 |    0 |          0 |
|               i_baseblox.i_baseblox_addsub                                      |        integer_addsubc_addsub_v12_0_14_legacy_HD24254 |         64 |         64 |       0 |    0 |    64 |      0 |      0 |    0 |          0 |
|                 no_pipelining.the_addsub                                        | integer_addsubc_addsub_v12_0_14_fabric_legacy_HD24255 |         64 |         64 |       0 |    0 |    64 |      0 |      0 |    0 |          0 |
|                   i_lut6.i_lut6_addsub                                          |   integer_addsubc_addsub_v12_0_14_lut6_legacy_HD24256 |         64 |         64 |       0 |    0 |    64 |      0 |      0 |    0 |          0 |
|                     (i_lut6.i_lut6_addsub)                                      |   integer_addsubc_addsub_v12_0_14_lut6_legacy_HD24256 |         64 |         64 |       0 |    0 |     0 |      0 |      0 |    0 |          0 |
|                     i_q.i_simple.qreg                                           |            integer_addsubc_reg_fd_v12_0_6_viv_HD24257 |          0 |          0 |       0 |    0 |    64 |      0 |      0 |    0 |          0 |
|       g[11].g_normal.alu_i                                                      |                       microop_unit__parameterized8__6 |         32 |         32 |       0 |    0 |    32 |      0 |      0 |    0 |          0 |
|       g[12].g_normal.alu_i                                                      |                       microop_unit__parameterized9__7 |         32 |         32 |       0 |    0 |    32 |      0 |      0 |    0 |          0 |
|       g[13].g_normal.alu_i                                                      |                      microop_unit__parameterized2__33 |          0 |          0 |       0 |    0 |    32 |      0 |      0 |    0 |          0 |
|       g[14].g_normal.alu_i                                                      |                       microop_unit__parameterized9__8 |         32 |         32 |       0 |    0 |    32 |      0 |      0 |    0 |          0 |
|       g[1].g_normal.alu_i                                                       |                      microop_unit__parameterized4__23 |          0 |          0 |       0 |    0 |     8 |      0 |      0 |    0 |          0 |
|       g[2].g_normal.alu_i                                                       |                      microop_unit__parameterized4__24 |          0 |          0 |       0 |    0 |     8 |      0 |      0 |    0 |          0 |
|       g[3].g_normal.alu_i                                                       |                       microop_unit__parameterized8__4 |         32 |         32 |       0 |    0 |    32 |      0 |      0 |    0 |          0 |
|       g[4].g_normal.alu_i                                                       |                      microop_unit__parameterized4__25 |          0 |          0 |       0 |    0 |     8 |      0 |      0 |    0 |          0 |
|       g[5].g_normal.alu_i                                                       |                      microop_unit__parameterized2__31 |          0 |          0 |       0 |    0 |    32 |      0 |      0 |    0 |          0 |
|       g[7].g_normal.alu_i                                                       |                       microop_unit__parameterized8__5 |         32 |         32 |       0 |    0 |    32 |      0 |      0 |    0 |          0 |
|       g[8].g_normal.alu_i                                                       |                      microop_unit__parameterized4__26 |          0 |          0 |       0 |    0 |     8 |      0 |      0 |    0 |          0 |
|       g[9].g_normal.alu_i                                                       |                      microop_unit__parameterized2__32 |          0 |          0 |       0 |    0 |    32 |      0 |      0 |    0 |          0 |
|   g_has_mem.glen_mem[44].blk_i                                                  |                       uop_block_wrap__parameterized36 |          7 |          7 |       0 |    0 |   205 |      0 |      0 |    0 |          0 |
|     (g_has_mem.glen_mem[44].blk_i)                                              |                       uop_block_wrap__parameterized36 |          1 |          1 |       0 |    0 |    75 |      0 |      0 |    0 |          0 |
|     core                                                                        |                            uop_block__parameterized36 |          6 |          6 |       0 |    0 |   130 |      0 |      0 |    0 |          0 |
|       (core)                                                                    |                            uop_block__parameterized36 |          6 |          6 |       0 |    0 |     2 |      0 |      0 |    0 |          0 |
|       g[0].g_normal.alu_i                                                       |                     microop_unit__parameterized10__19 |          0 |          0 |       0 |    0 |    64 |      0 |      0 |    0 |          0 |
|       g[1].g_normal.alu_i                                                       |                      microop_unit__parameterized2__34 |          0 |          0 |       0 |    0 |    32 |      0 |      0 |    0 |          0 |
|       g[2].g_normal.alu_i                                                       |                      microop_unit__parameterized2__35 |          0 |          0 |       0 |    0 |    32 |      0 |      0 |    0 |          0 |
|   g_has_mem.glen_mem[45].blk_i                                                  |                    uop_block_wrap__parameterized37_25 |         35 |         35 |       0 |    0 |   110 |      0 |      0 |    0 |          0 |
|     (g_has_mem.glen_mem[45].blk_i)                                              |                    uop_block_wrap__parameterized37_25 |          0 |          0 |       0 |    0 |    45 |      0 |      0 |    0 |          0 |
|     core                                                                        |                         uop_block__parameterized37_70 |         35 |         35 |       0 |    0 |    65 |      0 |      0 |    0 |          0 |
|       (core)                                                                    |                         uop_block__parameterized37_70 |          3 |          3 |       0 |    0 |     1 |      0 |      0 |    0 |          0 |
|       g[0].g_normal.alu_i                                                       |                      microop_unit__parameterized2__36 |          0 |          0 |       0 |    0 |    32 |      0 |      0 |    0 |          0 |
|       g[1].g_normal.alu_i                                                       |                      microop_unit__parameterized7__11 |         32 |         32 |       0 |    0 |    32 |      0 |      0 |    0 |          0 |
|   g_has_mem.glen_mem[46].blk_i                                                  |                       uop_block_wrap__parameterized38 |         39 |         39 |       0 |    0 |   173 |      0 |      0 |    0 |          0 |
|     (g_has_mem.glen_mem[46].blk_i)                                              |                       uop_block_wrap__parameterized38 |          2 |          2 |       0 |    0 |    43 |      0 |      0 |    0 |          0 |
|     core                                                                        |                            uop_block__parameterized38 |         37 |         37 |       0 |    0 |   130 |      0 |      0 |    0 |          0 |
|       (core)                                                                    |                            uop_block__parameterized38 |          5 |          5 |       0 |    0 |     2 |      0 |      0 |    0 |          0 |
|       g[0].g_normal.alu_i                                                       |                      microop_unit__parameterized7__12 |         32 |         32 |       0 |    0 |    32 |      0 |      0 |    0 |          0 |
|       g[1].g_normal.alu_i                                                       |                      microop_unit__parameterized2__37 |          0 |          0 |       0 |    0 |    32 |      0 |      0 |    0 |          0 |
|       g[2].g_normal.alu_i                                                       |                      microop_unit__parameterized2__38 |          0 |          0 |       0 |    0 |    32 |      0 |      0 |    0 |          0 |
|       g[3].g_normal.alu_i                                                       |                      microop_unit__parameterized2__39 |          0 |          0 |       0 |    0 |    32 |      0 |      0 |    0 |          0 |
|   g_has_mem.glen_mem[47].blk_i                                                  |                    uop_block_wrap__parameterized28_26 |          5 |          5 |       0 |    0 |   112 |      0 |      0 |    0 |          0 |
|     (g_has_mem.glen_mem[47].blk_i)                                              |                    uop_block_wrap__parameterized28_26 |          3 |          3 |       0 |    0 |    47 |      0 |      0 |    0 |          0 |
|     core                                                                        |                         uop_block__parameterized28_69 |          2 |          2 |       0 |    0 |    65 |      0 |      0 |    0 |          0 |
|       (core)                                                                    |                         uop_block__parameterized28_69 |          2 |          2 |       0 |    0 |     1 |      0 |      0 |    0 |          0 |
|       g[0].g_normal.alu_i                                                       |                      microop_unit__parameterized2__40 |          0 |          0 |       0 |    0 |    32 |      0 |      0 |    0 |          0 |
|       g[1].g_normal.alu_i                                                       |                      microop_unit__parameterized2__41 |          0 |          0 |       0 |    0 |    32 |      0 |      0 |    0 |          0 |
|   g_has_mem.glen_mem[48].blk_i                                                  |                    uop_block_wrap__parameterized28_27 |          4 |          4 |       0 |    0 |   109 |      0 |      0 |    0 |          0 |
|     (g_has_mem.glen_mem[48].blk_i)                                              |                    uop_block_wrap__parameterized28_27 |          1 |          1 |       0 |    0 |    44 |      0 |      0 |    0 |          0 |
|     core                                                                        |                         uop_block__parameterized28_68 |          3 |          3 |       0 |    0 |    65 |      0 |      0 |    0 |          0 |
|       (core)                                                                    |                         uop_block__parameterized28_68 |          3 |          3 |       0 |    0 |     1 |      0 |      0 |    0 |          0 |
|       g[0].g_normal.alu_i                                                       |                      microop_unit__parameterized2__22 |          0 |          0 |       0 |    0 |    32 |      0 |      0 |    0 |          0 |
|       g[1].g_normal.alu_i                                                       |                      microop_unit__parameterized2__23 |          0 |          0 |       0 |    0 |    32 |      0 |      0 |    0 |          0 |
|   g_has_mem.glen_mem[49].blk_i                                                  |                    uop_block_wrap__parameterized37_28 |         35 |         35 |       0 |    0 |   106 |      0 |      0 |    0 |          0 |
|     (g_has_mem.glen_mem[49].blk_i)                                              |                    uop_block_wrap__parameterized37_28 |          0 |          0 |       0 |    0 |    41 |      0 |      0 |    0 |          0 |
|     core                                                                        |                            uop_block__parameterized37 |         35 |         35 |       0 |    0 |    65 |      0 |      0 |    0 |          0 |
|       (core)                                                                    |                            uop_block__parameterized37 |          3 |          3 |       0 |    0 |     1 |      0 |      0 |    0 |          0 |
|       g[0].g_normal.alu_i                                                       |                      microop_unit__parameterized2__24 |          0 |          0 |       0 |    0 |    32 |      0 |      0 |    0 |          0 |
|       g[1].g_normal.alu_i                                                       |                       microop_unit__parameterized7__6 |         32 |         32 |       0 |    0 |    32 |      0 |      0 |    0 |          0 |
|   g_has_mem.glen_mem[4].blk_i                                                   |                     uop_block_wrap__parameterized1_29 |         66 |         66 |       0 |    0 |   147 |      0 |      0 |    0 |          0 |
|     (g_has_mem.glen_mem[4].blk_i)                                               |                     uop_block_wrap__parameterized1_29 |          0 |          0 |       0 |    0 |    74 |      0 |      0 |    0 |          0 |
|     core                                                                        |                          uop_block__parameterized1_67 |         66 |         66 |       0 |    0 |    73 |      0 |      0 |    0 |          0 |
|       (core)                                                                    |                          uop_block__parameterized1_67 |          2 |          2 |       0 |    0 |     1 |      0 |      0 |    0 |          0 |
|       g[0].g_normal.alu_i                                                       |                       microop_unit__parameterized3__7 |         64 |         64 |       0 |    0 |    64 |      0 |      0 |    0 |          0 |
|       g[1].g_normal.alu_i                                                       |                      microop_unit__parameterized4__28 |          0 |          0 |       0 |    0 |     8 |      0 |      0 |    0 |          0 |
|   g_has_mem.glen_mem[50].blk_i                                                  |                    uop_block_wrap__parameterized32_30 |        120 |        120 |       0 |    0 |   174 |      0 |      0 |    0 |          0 |
|     (g_has_mem.glen_mem[50].blk_i)                                              |                    uop_block_wrap__parameterized32_30 |          2 |          2 |       0 |    0 |    44 |      0 |      0 |    0 |          0 |
|     core                                                                        |                            uop_block__parameterized32 |        118 |        118 |       0 |    0 |   130 |      0 |      0 |    0 |          0 |
|       (core)                                                                    |                            uop_block__parameterized32 |          6 |          6 |       0 |    0 |     2 |      0 |      0 |    0 |          0 |
|       g[0].g_normal.alu_i                                                       |                      microop_unit__parameterized19__1 |         32 |         32 |       0 |    0 |    32 |      0 |      0 |    0 |          0 |
|       g[1].g_normal.alu_i                                                       |                      microop_unit__parameterized23__3 |         32 |         32 |       0 |    0 |    32 |      0 |      0 |    0 |          0 |
|       g[2].g_normal.alu_i                                                       |                      microop_unit__parameterized24__1 |         16 |         16 |       0 |    0 |    32 |      0 |      0 |    0 |          0 |
|       g[3].g_normal.alu_i                                                       |                       microop_unit__parameterized7__7 |         32 |         32 |       0 |    0 |    32 |      0 |      0 |    0 |          0 |
|   g_has_mem.glen_mem[51].blk_i                                                  |                       uop_block_wrap__parameterized39 |         64 |         64 |       0 |    0 |   133 |      0 |      0 |    0 |          0 |
|     (g_has_mem.glen_mem[51].blk_i)                                              |                       uop_block_wrap__parameterized39 |          0 |          0 |       0 |    0 |    37 |      0 |      0 |    0 |          0 |
|     core                                                                        |                         uop_block__parameterized39_66 |         64 |         64 |       0 |    0 |    96 |      0 |      0 |    0 |          0 |
|       (core)                                                                    |                         uop_block__parameterized39_66 |          0 |          0 |       0 |    0 |     0 |      0 |      0 |    0 |          0 |
|       g[0].g_normal.alu_i                                                       |                      microop_unit__parameterized23__4 |         32 |         32 |       0 |    0 |    32 |      0 |      0 |    0 |          0 |
|       g[1].g_normal.alu_i                                                       |                      microop_unit__parameterized25__1 |         32 |         32 |       0 |    0 |    32 |      0 |      0 |    0 |          0 |
|       g[2].g_normal.alu_i                                                       |                      microop_unit__parameterized2__25 |          0 |          0 |       0 |    0 |    32 |      0 |      0 |    0 |          0 |
|   g_has_mem.glen_mem[52].blk_i                                                  |            uop_block_wrap__parameterized34__xdcDup__2 |         70 |         70 |       0 |    0 |   274 |      0 |      0 |    0 |          0 |
|     (g_has_mem.glen_mem[52].blk_i)                                              |            uop_block_wrap__parameterized34__xdcDup__2 |          1 |          1 |       0 |    0 |    72 |      0 |      0 |    0 |          0 |
|     core                                                                        |                 uop_block__parameterized34__xdcDup__2 |         69 |         69 |       0 |    0 |   202 |      0 |      0 |    0 |          0 |
|       (core)                                                                    |                 uop_block__parameterized34__xdcDup__2 |          5 |          5 |       0 |    0 |     2 |      0 |      0 |    0 |          0 |
|       g[0].g_normal.alu_i                                                       |                     microop_unit__parameterized10__17 |          0 |          0 |       0 |    0 |    64 |      0 |      0 |    0 |          0 |
|       g[1].g_normal.alu_i                                                       |              microop_unit__parameterized18__xdcDup__4 |         64 |         64 |       0 |    0 |   128 |      0 |      0 |    0 |          0 |
|         (g[1].g_normal.alu_i)                                                   |              microop_unit__parameterized18__xdcDup__4 |          0 |          0 |       0 |    0 |    64 |      0 |      0 |    0 |          0 |
|         g_iadd.use_ip.u_addsub                                                  |                                integer_addsub_HD24258 |         64 |         64 |       0 |    0 |    64 |      0 |      0 |    0 |          0 |
|           (g_iadd.use_ip.u_addsub)                                              |                                integer_addsub_HD24258 |          0 |          0 |       0 |    0 |     0 |      0 |      0 |    0 |          0 |
|           U0                                                                    |               integer_addsubc_addsub_v12_0_14_HD24259 |         64 |         64 |       0 |    0 |    64 |      0 |      0 |    0 |          0 |
|             (U0)                                                                |               integer_addsubc_addsub_v12_0_14_HD24259 |          0 |          0 |       0 |    0 |     0 |      0 |      0 |    0 |          0 |
|             xst_addsub                                                          |           integer_addsubc_addsub_v12_0_14_viv_HD24260 |         64 |         64 |       0 |    0 |    64 |      0 |      0 |    0 |          0 |
|               (xst_addsub)                                                      |           integer_addsubc_addsub_v12_0_14_viv_HD24260 |          0 |          0 |       0 |    0 |     0 |      0 |      0 |    0 |          0 |
|               i_baseblox.i_baseblox_addsub                                      |        integer_addsubc_addsub_v12_0_14_legacy_HD24261 |         64 |         64 |       0 |    0 |    64 |      0 |      0 |    0 |          0 |
|                 no_pipelining.the_addsub                                        | integer_addsubc_addsub_v12_0_14_fabric_legacy_HD24262 |         64 |         64 |       0 |    0 |    64 |      0 |      0 |    0 |          0 |
|                   i_lut6.i_lut6_addsub                                          |   integer_addsubc_addsub_v12_0_14_lut6_legacy_HD24263 |         64 |         64 |       0 |    0 |    64 |      0 |      0 |    0 |          0 |
|                     (i_lut6.i_lut6_addsub)                                      |   integer_addsubc_addsub_v12_0_14_lut6_legacy_HD24263 |         64 |         64 |       0 |    0 |     0 |      0 |      0 |    0 |          0 |
|                     i_q.i_simple.qreg                                           |            integer_addsubc_reg_fd_v12_0_6_viv_HD24264 |          0 |          0 |       0 |    0 |    64 |      0 |      0 |    0 |          0 |
|       g[2].g_normal.alu_i                                                       |                      microop_unit__parameterized4__19 |          0 |          0 |       0 |    0 |     8 |      0 |      0 |    0 |          0 |
|   g_has_mem.glen_mem[53].blk_i                                                  |                    uop_block_wrap__parameterized40_31 |          0 |          0 |       0 |    0 |    77 |      0 |      0 |    0 |          0 |
|     (g_has_mem.glen_mem[53].blk_i)                                              |                    uop_block_wrap__parameterized40_31 |          0 |          0 |       0 |    0 |    37 |      0 |      0 |    0 |          0 |
|     core                                                                        |                            uop_block__parameterized40 |          0 |          0 |       0 |    0 |    40 |      0 |      0 |    0 |          0 |
|       (core)                                                                    |                            uop_block__parameterized40 |          0 |          0 |       0 |    0 |     0 |      0 |      0 |    0 |          0 |
|       g[0].g_normal.alu_i                                                       |                      microop_unit__parameterized4__20 |          0 |          0 |       0 |    0 |     8 |      0 |      0 |    0 |          0 |
|       g[1].g_normal.alu_i                                                       |                      microop_unit__parameterized2__26 |          0 |          0 |       0 |    0 |    32 |      0 |      0 |    0 |          0 |
|   g_has_mem.glen_mem[54].blk_i                                                  |                    uop_block_wrap__parameterized41_32 |         40 |         40 |       0 |    0 |   144 |      0 |      0 |    0 |          0 |
|     (g_has_mem.glen_mem[54].blk_i)                                              |                    uop_block_wrap__parameterized41_32 |          1 |          1 |       0 |    0 |    45 |      0 |      0 |    0 |          0 |
|     core                                                                        |                            uop_block__parameterized41 |         39 |         39 |       0 |    0 |    99 |      0 |      0 |    0 |          0 |
|       (core)                                                                    |                            uop_block__parameterized41 |          7 |          7 |       0 |    0 |     3 |      0 |      0 |    0 |          0 |
|       g[0].g_normal.alu_i                                                       |                      microop_unit__parameterized2__27 |          0 |          0 |       0 |    0 |    32 |      0 |      0 |    0 |          0 |
|       g[1].g_normal.alu_i                                                       |                       microop_unit__parameterized8__3 |         32 |         32 |       0 |    0 |    32 |      0 |      0 |    0 |          0 |
|       g[2].g_normal.alu_i                                                       |                      microop_unit__parameterized2__28 |          0 |          0 |       0 |    0 |    32 |      0 |      0 |    0 |          0 |
|   g_has_mem.glen_mem[55].blk_i                                                  |                    uop_block_wrap__parameterized42_33 |        269 |        269 |       0 |    0 |   402 |      0 |      0 |    0 |          0 |
|     (g_has_mem.glen_mem[55].blk_i)                                              |                    uop_block_wrap__parameterized42_33 |          5 |          5 |       0 |    0 |    79 |      0 |      0 |    0 |          0 |
|     core                                                                        |                            uop_block__parameterized42 |        264 |        264 |       0 |    0 |   323 |      0 |      0 |    0 |          0 |
|       (core)                                                                    |                            uop_block__parameterized42 |          8 |          8 |       0 |    0 |     3 |      0 |      0 |    0 |          0 |
|       g[0].g_normal.alu_i                                                       |                     microop_unit__parameterized10__16 |          0 |          0 |       0 |    0 |    64 |      0 |      0 |    0 |          0 |
|       g[2].g_normal.alu_i                                                       |                      microop_unit__parameterized30__1 |         64 |         64 |       0 |    0 |    64 |      0 |      0 |    0 |          0 |
|       g[3].g_normal.alu_i                                                       |                      microop_unit__parameterized30__2 |         64 |         64 |       0 |    0 |    64 |      0 |      0 |    0 |          0 |
|       g[4].g_normal.alu_i                                                       |                      microop_unit__parameterized30__3 |         64 |         64 |       0 |    0 |    64 |      0 |      0 |    0 |          0 |
|       g[5].g_normal.alu_i                                                       |                      microop_unit__parameterized30__4 |         64 |         64 |       0 |    0 |    64 |      0 |      0 |    0 |          0 |
|   g_has_mem.glen_mem[56].blk_i                                                  |                    uop_block_wrap__parameterized17_34 |         37 |         37 |       0 |    0 |    87 |      0 |      0 |    0 |          0 |
|     (g_has_mem.glen_mem[56].blk_i)                                              |                    uop_block_wrap__parameterized17_34 |          2 |          2 |       0 |    0 |    46 |      0 |      0 |    0 |          0 |
|     core                                                                        |                         uop_block__parameterized17_65 |         35 |         35 |       0 |    0 |    41 |      0 |      0 |    0 |          0 |
|       (core)                                                                    |                         uop_block__parameterized17_65 |          3 |          3 |       0 |    0 |     1 |      0 |      0 |    0 |          0 |
|       g[0].g_normal.alu_i                                                       |                      microop_unit__parameterized4__40 |          0 |          0 |       0 |    0 |     8 |      0 |      0 |    0 |          0 |
|       g[1].g_normal.alu_i                                                       |                      microop_unit__parameterized7__24 |         32 |         32 |       0 |    0 |    32 |      0 |      0 |    0 |          0 |
|   g_has_mem.glen_mem[57].blk_i                                                  |                    uop_block_wrap__parameterized43_35 |         91 |         91 |       0 |    0 |   328 |      0 |      0 |    0 |          3 |
|     (g_has_mem.glen_mem[57].blk_i)                                              |                    uop_block_wrap__parameterized43_35 |          1 |          1 |       0 |    0 |    75 |      0 |      0 |    0 |          0 |
|     core                                                                        |                            uop_block__parameterized43 |         90 |         90 |       0 |    0 |   253 |      0 |      0 |    0 |          3 |
|       (core)                                                                    |                            uop_block__parameterized43 |         11 |         11 |       0 |    0 |     4 |      0 |      0 |    0 |          0 |
|       g[0].g_normal.alu_i                                                       |                     microop_unit__parameterized10__37 |          0 |          0 |       0 |    0 |    64 |      0 |      0 |    0 |          0 |
|       g[2].g_normal.alu_i                                                       |                     microop_unit__parameterized2__101 |          0 |          0 |       0 |    0 |    32 |      0 |      0 |    0 |          0 |
|       g[3].g_normal.alu_i                                                       |                      microop_unit__parameterized4__43 |          0 |          0 |       0 |    0 |     8 |      0 |      0 |    0 |          0 |
|       g[4].g_normal.alu_i                                                       |                         microop_unit__parameterized31 |         15 |         15 |       0 |    0 |    17 |      0 |      0 |    0 |          3 |
|       g[5].g_normal.alu_i                                                       |                     microop_unit__parameterized2__102 |          0 |          0 |       0 |    0 |    32 |      0 |      0 |    0 |          0 |
|       g[6].g_normal.alu_i                                                       |                      microop_unit__parameterized1__21 |         32 |         32 |       0 |    0 |    32 |      0 |      0 |    0 |          0 |
|       g[7].g_normal.alu_i                                                       |                     microop_unit__parameterized2__103 |          0 |          0 |       0 |    0 |    32 |      0 |      0 |    0 |          0 |
|       g[9].g_normal.alu_i                                                       |                      microop_unit__parameterized7__25 |         32 |         32 |       0 |    0 |    32 |      0 |      0 |    0 |          0 |
|   g_has_mem.glen_mem[58].blk_i                                                  |                    uop_block_wrap__parameterized39_36 |         64 |         64 |       0 |    0 |   133 |      0 |      0 |    0 |          0 |
|     (g_has_mem.glen_mem[58].blk_i)                                              |                    uop_block_wrap__parameterized39_36 |          0 |          0 |       0 |    0 |    37 |      0 |      0 |    0 |          0 |
|     core                                                                        |                            uop_block__parameterized39 |         64 |         64 |       0 |    0 |    96 |      0 |      0 |    0 |          0 |
|       (core)                                                                    |                            uop_block__parameterized39 |          0 |          0 |       0 |    0 |     0 |      0 |      0 |    0 |          0 |
|       g[0].g_normal.alu_i                                                       |                     microop_unit__parameterized23__12 |         32 |         32 |       0 |    0 |    32 |      0 |      0 |    0 |          0 |
|       g[1].g_normal.alu_i                                                       |                      microop_unit__parameterized25__4 |         32 |         32 |       0 |    0 |    32 |      0 |      0 |    0 |          0 |
|       g[2].g_normal.alu_i                                                       |                     microop_unit__parameterized2__104 |          0 |          0 |       0 |    0 |    32 |      0 |      0 |    0 |          0 |
|   g_has_mem.glen_mem[59].blk_i                                                  |                    uop_block_wrap__parameterized44_37 |         32 |         32 |       0 |    0 |   101 |      0 |      0 |    0 |          0 |
|     (g_has_mem.glen_mem[59].blk_i)                                              |                    uop_block_wrap__parameterized44_37 |          0 |          0 |       0 |    0 |    37 |      0 |      0 |    0 |          0 |
|     core                                                                        |                            uop_block__parameterized44 |         32 |         32 |       0 |    0 |    64 |      0 |      0 |    0 |          0 |
|       (core)                                                                    |                            uop_block__parameterized44 |          0 |          0 |       0 |    0 |     0 |      0 |      0 |    0 |          0 |
|       g[0].g_normal.alu_i                                                       |                     microop_unit__parameterized2__105 |          0 |          0 |       0 |    0 |    32 |      0 |      0 |    0 |          0 |
|       g[1].g_normal.alu_i                                                       |                      microop_unit__parameterized9__19 |         32 |         32 |       0 |    0 |    32 |      0 |      0 |    0 |          0 |
|   g_has_mem.glen_mem[5].blk_i                                                   |                        uop_block_wrap__parameterized3 |          0 |          0 |       0 |    0 |    77 |      0 |      0 |    0 |          0 |
|     (g_has_mem.glen_mem[5].blk_i)                                               |                        uop_block_wrap__parameterized3 |          0 |          0 |       0 |    0 |    37 |      0 |      0 |    0 |          0 |
|     core                                                                        |                             uop_block__parameterized3 |          0 |          0 |       0 |    0 |    40 |      0 |      0 |    0 |          0 |
|       (core)                                                                    |                             uop_block__parameterized3 |          0 |          0 |       0 |    0 |     0 |      0 |      0 |    0 |          0 |
|       g[0].g_normal.alu_i                                                       |                          microop_unit__parameterized6 |          0 |          0 |       0 |    0 |     8 |      0 |      0 |    0 |          0 |
|       g[1].g_normal.alu_i                                                       |                      microop_unit__parameterized2__46 |          0 |          0 |       0 |    0 |    32 |      0 |      0 |    0 |          0 |
|   g_has_mem.glen_mem[60].blk_i                                                  |                    uop_block_wrap__parameterized45_38 |        102 |        102 |       0 |    0 |   205 |      0 |      0 |    0 |          0 |
|     (g_has_mem.glen_mem[60].blk_i)                                              |                    uop_block_wrap__parameterized45_38 |          0 |          0 |       0 |    0 |    75 |      0 |      0 |    0 |          0 |
|     core                                                                        |                            uop_block__parameterized45 |        102 |        102 |       0 |    0 |   130 |      0 |      0 |    0 |          0 |
|       (core)                                                                    |                            uop_block__parameterized45 |          6 |          6 |       0 |    0 |     2 |      0 |      0 |    0 |          0 |
|       g[0].g_normal.alu_i                                                       |                      microop_unit__parameterized3__15 |         64 |         64 |       0 |    0 |    64 |      0 |      0 |    0 |          0 |
|       g[1].g_normal.alu_i                                                       |                     microop_unit__parameterized2__106 |          0 |          0 |       0 |    0 |    32 |      0 |      0 |    0 |          0 |
|       g[2].g_normal.alu_i                                                       |                      microop_unit__parameterized7__26 |         32 |         32 |       0 |    0 |    32 |      0 |      0 |    0 |          0 |
|   g_has_mem.glen_mem[61].blk_i                                                  |                    uop_block_wrap__parameterized46_39 |         90 |         90 |       0 |    0 |   394 |      0 |      0 |    0 |          3 |
|     (g_has_mem.glen_mem[61].blk_i)                                              |                    uop_block_wrap__parameterized46_39 |          1 |          1 |       0 |    0 |    77 |      0 |      0 |    0 |          0 |
|     core                                                                        |                            uop_block__parameterized46 |         89 |         89 |       0 |    0 |   317 |      0 |      0 |    0 |          3 |
|       (core)                                                                    |                            uop_block__parameterized46 |         10 |         10 |       0 |    0 |     4 |      0 |      0 |    0 |          0 |
|       g[0].g_normal.alu_i                                                       |                     microop_unit__parameterized10__34 |          0 |          0 |       0 |    0 |    64 |      0 |      0 |    0 |          0 |
|       g[10].g_normal.alu_i                                                      |                      microop_unit__parameterized1__20 |         32 |         32 |       0 |    0 |    32 |      0 |      0 |    0 |          0 |
|       g[1].g_normal.alu_i                                                       |                      microop_unit__parameterized2__95 |          0 |          0 |       0 |    0 |    32 |      0 |      0 |    0 |          0 |
|       g[3].g_normal.alu_i                                                       |                      microop_unit__parameterized4__41 |          0 |          0 |       0 |    0 |     8 |      0 |      0 |    0 |          0 |
|       g[4].g_normal.alu_i                                                       |                      microop_unit__parameterized2__96 |          0 |          0 |       0 |    0 |    32 |      0 |      0 |    0 |          0 |
|       g[5].g_normal.alu_i                                                       |                      microop_unit__parameterized31__3 |         15 |         15 |       0 |    0 |    17 |      0 |      0 |    0 |          3 |
|       g[6].g_normal.alu_i                                                       |                      microop_unit__parameterized1__19 |         32 |         32 |       0 |    0 |    32 |      0 |      0 |    0 |          0 |
|       g[7].g_normal.alu_i                                                       |                      microop_unit__parameterized2__97 |          0 |          0 |       0 |    0 |    32 |      0 |      0 |    0 |          0 |
|       g[8].g_normal.alu_i                                                       |                      microop_unit__parameterized2__98 |          0 |          0 |       0 |    0 |    32 |      0 |      0 |    0 |          0 |
|       g[9].g_normal.alu_i                                                       |                      microop_unit__parameterized2__99 |          0 |          0 |       0 |    0 |    32 |      0 |      0 |    0 |          0 |
|   g_has_mem.glen_mem[62].blk_i                                                  |                    uop_block_wrap__parameterized47_40 |         96 |         96 |       0 |    0 |   197 |      0 |      0 |    0 |          0 |
|     (g_has_mem.glen_mem[62].blk_i)                                              |                    uop_block_wrap__parameterized47_40 |          0 |          0 |       0 |    0 |    37 |      0 |      0 |    0 |          0 |
|     core                                                                        |                            uop_block__parameterized47 |         96 |         96 |       0 |    0 |   160 |      0 |      0 |    0 |          0 |
|       (core)                                                                    |                            uop_block__parameterized47 |          0 |          0 |       0 |    0 |     0 |      0 |      0 |    0 |          0 |
|       g[0].g_normal.alu_i                                                       |                     microop_unit__parameterized2__107 |          0 |          0 |       0 |    0 |    32 |      0 |      0 |    0 |          0 |
|       g[1].g_normal.alu_i                                                       |                     microop_unit__parameterized2__108 |          0 |          0 |       0 |    0 |    32 |      0 |      0 |    0 |          0 |
|       g[2].g_normal.alu_i                                                       |                     microop_unit__parameterized23__13 |         32 |         32 |       0 |    0 |    32 |      0 |      0 |    0 |          0 |
|       g[3].g_normal.alu_i                                                       |                      microop_unit__parameterized25__5 |         32 |         32 |       0 |    0 |    32 |      0 |      0 |    0 |          0 |
|       g[4].g_normal.alu_i                                                       |                      microop_unit__parameterized1__22 |         32 |         32 |       0 |    0 |    32 |      0 |      0 |    0 |          0 |
|   g_has_mem.glen_mem[63].blk_i                                                  |                    uop_block_wrap__parameterized48_41 |        101 |        101 |       0 |    0 |   182 |      0 |      0 |    0 |          0 |
|     (g_has_mem.glen_mem[63].blk_i)                                              |                    uop_block_wrap__parameterized48_41 |          0 |          0 |       0 |    0 |    76 |      0 |      0 |    0 |          0 |
|     core                                                                        |                            uop_block__parameterized48 |        101 |        101 |       0 |    0 |   106 |      0 |      0 |    0 |          0 |
|       (core)                                                                    |                            uop_block__parameterized48 |          5 |          5 |       0 |    0 |     2 |      0 |      0 |    0 |          0 |
|       g[0].g_normal.alu_i                                                       |                      microop_unit__parameterized3__16 |         64 |         64 |       0 |    0 |    64 |      0 |      0 |    0 |          0 |
|       g[1].g_normal.alu_i                                                       |                      microop_unit__parameterized4__44 |          0 |          0 |       0 |    0 |     8 |      0 |      0 |    0 |          0 |
|       g[2].g_normal.alu_i                                                       |                      microop_unit__parameterized7__27 |         32 |         32 |       0 |    0 |    32 |      0 |      0 |    0 |          0 |
|   g_has_mem.glen_mem[64].blk_i                                                  |                    uop_block_wrap__parameterized49_42 |         96 |         96 |       0 |    0 |   165 |      0 |      0 |    0 |          0 |
|     (g_has_mem.glen_mem[64].blk_i)                                              |                    uop_block_wrap__parameterized49_42 |          0 |          0 |       0 |    0 |     5 |      0 |      0 |    0 |          0 |
|     core                                                                        |                            uop_block__parameterized49 |         96 |         96 |       0 |    0 |   160 |      0 |      0 |    0 |          0 |
|       (core)                                                                    |                            uop_block__parameterized49 |          0 |          0 |       0 |    0 |     0 |      0 |      0 |    0 |          0 |
|       g[1].g_normal.alu_i                                                       |                       microop_unit__parameterized1__8 |         32 |         32 |       0 |    0 |    32 |      0 |      0 |    0 |          0 |
|       g[2].g_normal.alu_i                                                       |                      microop_unit__parameterized2__17 |          0 |          0 |       0 |    0 |    32 |      0 |      0 |    0 |          0 |
|       g[3].g_normal.alu_i                                                       |                      microop_unit__parameterized2__21 |          0 |          0 |       0 |    0 |    32 |      0 |      0 |    0 |          0 |
|       g[5].g_normal.alu_i                                                       |                       microop_unit__parameterized9__5 |         32 |         32 |       0 |    0 |    32 |      0 |      0 |    0 |          0 |
|       g[6].g_normal.alu_i                                                       |                       microop_unit__parameterized7__5 |         32 |         32 |       0 |    0 |    32 |      0 |      0 |    0 |          0 |
|   g_has_mem.glen_mem[65].blk_i                                                  |                       uop_block_wrap__parameterized50 |         76 |         76 |       0 |    0 |   178 |      0 |      0 |    0 |          0 |
|     (g_has_mem.glen_mem[65].blk_i)                                              |                       uop_block_wrap__parameterized50 |          4 |          4 |       0 |    0 |    46 |      0 |      0 |    0 |          0 |
|     core                                                                        |                         uop_block__parameterized50_64 |         72 |         72 |       0 |    0 |   132 |      0 |      0 |    0 |          0 |
|       (core)                                                                    |                         uop_block__parameterized50_64 |          7 |          7 |       0 |    0 |     3 |      0 |      0 |    0 |          0 |
|       g[0].g_normal.alu_i                                                       |                      microop_unit__parameterized2__42 |          0 |          0 |       0 |    0 |    32 |      0 |      0 |    0 |          0 |
|       g[1].g_normal.alu_i                                                       |                      microop_unit__parameterized2__43 |          0 |          0 |       0 |    0 |    32 |      0 |      0 |    0 |          0 |
|       g[2].g_normal.alu_i                                                       |                      microop_unit__parameterized1__10 |         32 |         32 |       0 |    0 |    32 |      0 |      0 |    0 |          0 |
|       g[3].g_normal.alu_i                                                       |                      microop_unit__parameterized23__6 |         32 |         32 |       0 |    0 |    32 |      0 |      0 |    0 |          0 |
|       g[4].g_normal.alu_i                                                       |                      microop_unit__parameterized32__1 |          1 |          1 |       0 |    0 |     1 |      0 |      0 |    0 |          0 |
|   g_has_mem.glen_mem[66].blk_i                                                  |                    uop_block_wrap__parameterized30_43 |         32 |         32 |       0 |    0 |    70 |      0 |      0 |    0 |          0 |
|     (g_has_mem.glen_mem[66].blk_i)                                              |                    uop_block_wrap__parameterized30_43 |          0 |          0 |       0 |    0 |    37 |      0 |      0 |    0 |          0 |
|     core                                                                        |                         uop_block__parameterized30_63 |         32 |         32 |       0 |    0 |    33 |      0 |      0 |    0 |          0 |
|       (core)                                                                    |                         uop_block__parameterized30_63 |          0 |          0 |       0 |    0 |     0 |      0 |      0 |    0 |          0 |
|       g[0].g_normal.alu_i                                                       |                      microop_unit__parameterized28__1 |         32 |         32 |       0 |    0 |    32 |      0 |      0 |    0 |          0 |
|       g[1].g_normal.alu_i                                                       |                      microop_unit__parameterized29__1 |          0 |          0 |       0 |    0 |     1 |      0 |      0 |    0 |          0 |
|   g_has_mem.glen_mem[67].blk_i                                                  |                    uop_block_wrap__parameterized51_44 |         73 |         73 |       0 |    0 |   177 |      0 |      0 |    0 |          0 |
|     (g_has_mem.glen_mem[67].blk_i)                                              |                    uop_block_wrap__parameterized51_44 |          1 |          1 |       0 |    0 |    45 |      0 |      0 |    0 |          0 |
|     core                                                                        |                            uop_block__parameterized51 |         72 |         72 |       0 |    0 |   132 |      0 |      0 |    0 |          0 |
|       (core)                                                                    |                            uop_block__parameterized51 |          7 |          7 |       0 |    0 |     3 |      0 |      0 |    0 |          0 |
|       g[0].g_normal.alu_i                                                       |                      microop_unit__parameterized2__20 |          0 |          0 |       0 |    0 |    32 |      0 |      0 |    0 |          0 |
|       g[1].g_normal.alu_i                                                       |                      microop_unit__parameterized2__19 |          0 |          0 |       0 |    0 |    32 |      0 |      0 |    0 |          0 |
|       g[2].g_normal.alu_i                                                       |                       microop_unit__parameterized1__7 |         32 |         32 |       0 |    0 |    32 |      0 |      0 |    0 |          0 |
|       g[3].g_normal.alu_i                                                       |                      microop_unit__parameterized23__1 |         32 |         32 |       0 |    0 |    32 |      0 |      0 |    0 |          0 |
|       g[4].g_normal.alu_i                                                       |                      microop_unit__parameterized33__1 |          1 |          1 |       0 |    0 |     1 |      0 |      0 |    0 |          0 |
|   g_has_mem.glen_mem[68].blk_i                                                  |                    uop_block_wrap__parameterized30_45 |         32 |         32 |       0 |    0 |    70 |      0 |      0 |    0 |          0 |
|     (g_has_mem.glen_mem[68].blk_i)                                              |                    uop_block_wrap__parameterized30_45 |          0 |          0 |       0 |    0 |    37 |      0 |      0 |    0 |          0 |
|     core                                                                        |                         uop_block__parameterized30_62 |         32 |         32 |       0 |    0 |    33 |      0 |      0 |    0 |          0 |
|       (core)                                                                    |                         uop_block__parameterized30_62 |          0 |          0 |       0 |    0 |     0 |      0 |      0 |    0 |          0 |
|       g[0].g_normal.alu_i                                                       |                      microop_unit__parameterized28__2 |         32 |         32 |       0 |    0 |    32 |      0 |      0 |    0 |          0 |
|       g[1].g_normal.alu_i                                                       |                      microop_unit__parameterized29__2 |          0 |          0 |       0 |    0 |     1 |      0 |      0 |    0 |          0 |
|   g_has_mem.glen_mem[69].blk_i                                                  |            uop_block_wrap__parameterized52__xdcDup__1 |        136 |        136 |       0 |    0 |   375 |      0 |      0 |    0 |          0 |
|     (g_has_mem.glen_mem[69].blk_i)                                              |            uop_block_wrap__parameterized52__xdcDup__1 |          0 |          0 |       0 |    0 |    76 |      0 |      0 |    0 |          0 |
|     core                                                                        |                 uop_block__parameterized52__xdcDup__1 |        136 |        136 |       0 |    0 |   299 |      0 |      0 |    0 |          0 |
|       (core)                                                                    |                 uop_block__parameterized52__xdcDup__1 |          8 |          8 |       0 |    0 |     3 |      0 |      0 |    0 |          0 |
|       g[0].g_normal.alu_i                                                       |                     microop_unit__parameterized10__15 |          0 |          0 |       0 |    0 |    64 |      0 |      0 |    0 |          0 |
|       g[1].g_normal.alu_i                                                       |                      microop_unit__parameterized2__16 |          0 |          0 |       0 |    0 |    32 |      0 |      0 |    0 |          0 |
|       g[2].g_normal.alu_i                                                       |                                       microop_unit__3 |         64 |         64 |       0 |    0 |    64 |      0 |      0 |    0 |          0 |
|       g[3].g_normal.alu_i                                                       |               microop_unit__parameterized0__xdcDup__9 |         64 |         64 |       0 |    0 |   128 |      0 |      0 |    0 |          0 |
|         (g[3].g_normal.alu_i)                                                   |               microop_unit__parameterized0__xdcDup__9 |          0 |          0 |       0 |    0 |    64 |      0 |      0 |    0 |          0 |
|         g_iadd.use_ip.u_addsub                                                  |                                integer_addsub_HD24265 |         64 |         64 |       0 |    0 |    64 |      0 |      0 |    0 |          0 |
|           (g_iadd.use_ip.u_addsub)                                              |                                integer_addsub_HD24265 |          0 |          0 |       0 |    0 |     0 |      0 |      0 |    0 |          0 |
|           U0                                                                    |               integer_addsubc_addsub_v12_0_14_HD24266 |         64 |         64 |       0 |    0 |    64 |      0 |      0 |    0 |          0 |
|             (U0)                                                                |               integer_addsubc_addsub_v12_0_14_HD24266 |          0 |          0 |       0 |    0 |     0 |      0 |      0 |    0 |          0 |
|             xst_addsub                                                          |           integer_addsubc_addsub_v12_0_14_viv_HD24267 |         64 |         64 |       0 |    0 |    64 |      0 |      0 |    0 |          0 |
|               (xst_addsub)                                                      |           integer_addsubc_addsub_v12_0_14_viv_HD24267 |          0 |          0 |       0 |    0 |     0 |      0 |      0 |    0 |          0 |
|               i_baseblox.i_baseblox_addsub                                      |        integer_addsubc_addsub_v12_0_14_legacy_HD24268 |         64 |         64 |       0 |    0 |    64 |      0 |      0 |    0 |          0 |
|                 no_pipelining.the_addsub                                        | integer_addsubc_addsub_v12_0_14_fabric_legacy_HD24269 |         64 |         64 |       0 |    0 |    64 |      0 |      0 |    0 |          0 |
|                   i_lut6.i_lut6_addsub                                          |   integer_addsubc_addsub_v12_0_14_lut6_legacy_HD24270 |         64 |         64 |       0 |    0 |    64 |      0 |      0 |    0 |          0 |
|                     (i_lut6.i_lut6_addsub)                                      |   integer_addsubc_addsub_v12_0_14_lut6_legacy_HD24270 |         64 |         64 |       0 |    0 |     0 |      0 |      0 |    0 |          0 |
|                     i_q.i_simple.qreg                                           |            integer_addsubc_reg_fd_v12_0_6_viv_HD24271 |          0 |          0 |       0 |    0 |    64 |      0 |      0 |    0 |          0 |
|       g[4].g_normal.alu_i                                                       |                      microop_unit__parameterized4__18 |          0 |          0 |       0 |    0 |     8 |      0 |      0 |    0 |          0 |
|   g_has_mem.glen_mem[6].blk_i                                                   |                        uop_block_wrap__parameterized4 |         40 |         40 |       0 |    0 |   145 |      0 |      0 |    0 |          0 |
|     (g_has_mem.glen_mem[6].blk_i)                                               |                        uop_block_wrap__parameterized4 |          2 |          2 |       0 |    0 |    47 |      0 |      0 |    0 |          0 |
|     core                                                                        |                             uop_block__parameterized4 |         38 |         38 |       0 |    0 |    98 |      0 |      0 |    0 |          0 |
|       (core)                                                                    |                             uop_block__parameterized4 |          6 |          6 |       0 |    0 |     2 |      0 |      0 |    0 |          0 |
|       g[0].g_normal.alu_i                                                       |                      microop_unit__parameterized2__47 |          0 |          0 |       0 |    0 |    32 |      0 |      0 |    0 |          0 |
|       g[1].g_normal.alu_i                                                       |                      microop_unit__parameterized7__13 |         32 |         32 |       0 |    0 |    32 |      0 |      0 |    0 |          0 |
|       g[2].g_normal.alu_i                                                       |                      microop_unit__parameterized2__48 |          0 |          0 |       0 |    0 |    32 |      0 |      0 |    0 |          0 |
|   g_has_mem.glen_mem[70].blk_i                                                  |                    uop_block_wrap__parameterized16_46 |        134 |        134 |       0 |    0 |   217 |      0 |      0 |    0 |          0 |
|     (g_has_mem.glen_mem[70].blk_i)                                              |                    uop_block_wrap__parameterized16_46 |          0 |          0 |       0 |    0 |    46 |      0 |      0 |    0 |          0 |
|     core                                                                        |                            uop_block__parameterized16 |        134 |        134 |       0 |    0 |   171 |      0 |      0 |    0 |          0 |
|       (core)                                                                    |                            uop_block__parameterized16 |          7 |          7 |       0 |    0 |     3 |      0 |      0 |    0 |          0 |
|       g[0].g_normal.alu_i                                                       |                      microop_unit__parameterized2__18 |          0 |          0 |       0 |    0 |    32 |      0 |      0 |    0 |          0 |
|       g[1].g_normal.alu_i                                                       |                      microop_unit__parameterized4__17 |          0 |          0 |       0 |    0 |     8 |      0 |      0 |    0 |          0 |
|       g[2].g_normal.alu_i                                                       |                       microop_unit__parameterized9__4 |         32 |         32 |       0 |    0 |    32 |      0 |      0 |    0 |          0 |
|       g[3].g_normal.alu_i                                                       |                      microop_unit__parameterized20__1 |         31 |         31 |       0 |    0 |    32 |      0 |      0 |    0 |          0 |
|       g[4].g_normal.alu_i                                                       |                       microop_unit__parameterized9__3 |         32 |         32 |       0 |    0 |    32 |      0 |      0 |    0 |          0 |
|       g[5].g_normal.alu_i                                                       |                       microop_unit__parameterized8__1 |         32 |         32 |       0 |    0 |    32 |      0 |      0 |    0 |          0 |
|   g_has_mem.glen_mem[71].blk_i                                                  |                    uop_block_wrap__parameterized17_47 |         35 |         35 |       0 |    0 |    90 |      0 |      0 |    0 |          0 |
|     (g_has_mem.glen_mem[71].blk_i)                                              |                    uop_block_wrap__parameterized17_47 |          0 |          0 |       0 |    0 |    49 |      0 |      0 |    0 |          0 |
|     core                                                                        |                            uop_block__parameterized17 |         35 |         35 |       0 |    0 |    41 |      0 |      0 |    0 |          0 |
|       (core)                                                                    |                            uop_block__parameterized17 |          3 |          3 |       0 |    0 |     1 |      0 |      0 |    0 |          0 |
|       g[0].g_normal.alu_i                                                       |                      microop_unit__parameterized4__16 |          0 |          0 |       0 |    0 |     8 |      0 |      0 |    0 |          0 |
|       g[1].g_normal.alu_i                                                       |                       microop_unit__parameterized7__4 |         32 |         32 |       0 |    0 |    32 |      0 |      0 |    0 |          0 |
|   g_has_mem.glen_mem[72].blk_i                                                  |                       uop_block_wrap__parameterized34 |         69 |         69 |       0 |    0 |   278 |      0 |      0 |    0 |          0 |
|     (g_has_mem.glen_mem[72].blk_i)                                              |                       uop_block_wrap__parameterized34 |          0 |          0 |       0 |    0 |    76 |      0 |      0 |    0 |          0 |
|     core                                                                        |                            uop_block__parameterized34 |         69 |         69 |       0 |    0 |   202 |      0 |      0 |    0 |          0 |
|       (core)                                                                    |                            uop_block__parameterized34 |          5 |          5 |       0 |    0 |     2 |      0 |      0 |    0 |          0 |
|       g[0].g_normal.alu_i                                                       |                     microop_unit__parameterized10__49 |          0 |          0 |       0 |    0 |    64 |      0 |      0 |    0 |          0 |
|       g[1].g_normal.alu_i                                                       |              microop_unit__parameterized18__xdcDup__5 |         64 |         64 |       0 |    0 |   128 |      0 |      0 |    0 |          0 |
|         (g[1].g_normal.alu_i)                                                   |              microop_unit__parameterized18__xdcDup__5 |          0 |          0 |       0 |    0 |    64 |      0 |      0 |    0 |          0 |
|         g_iadd.use_ip.u_addsub                                                  |                                integer_addsub_HD24272 |         64 |         64 |       0 |    0 |    64 |      0 |      0 |    0 |          0 |
|           (g_iadd.use_ip.u_addsub)                                              |                                integer_addsub_HD24272 |          0 |          0 |       0 |    0 |     0 |      0 |      0 |    0 |          0 |
|           U0                                                                    |               integer_addsubc_addsub_v12_0_14_HD24273 |         64 |         64 |       0 |    0 |    64 |      0 |      0 |    0 |          0 |
|             (U0)                                                                |               integer_addsubc_addsub_v12_0_14_HD24273 |          0 |          0 |       0 |    0 |     0 |      0 |      0 |    0 |          0 |
|             xst_addsub                                                          |           integer_addsubc_addsub_v12_0_14_viv_HD24274 |         64 |         64 |       0 |    0 |    64 |      0 |      0 |    0 |          0 |
|               (xst_addsub)                                                      |           integer_addsubc_addsub_v12_0_14_viv_HD24274 |          0 |          0 |       0 |    0 |     0 |      0 |      0 |    0 |          0 |
|               i_baseblox.i_baseblox_addsub                                      |        integer_addsubc_addsub_v12_0_14_legacy_HD24275 |         64 |         64 |       0 |    0 |    64 |      0 |      0 |    0 |          0 |
|                 no_pipelining.the_addsub                                        | integer_addsubc_addsub_v12_0_14_fabric_legacy_HD24276 |         64 |         64 |       0 |    0 |    64 |      0 |      0 |    0 |          0 |
|                   i_lut6.i_lut6_addsub                                          |   integer_addsubc_addsub_v12_0_14_lut6_legacy_HD24277 |         64 |         64 |       0 |    0 |    64 |      0 |      0 |    0 |          0 |
|                     (i_lut6.i_lut6_addsub)                                      |   integer_addsubc_addsub_v12_0_14_lut6_legacy_HD24277 |         64 |         64 |       0 |    0 |     0 |      0 |      0 |    0 |          0 |
|                     i_q.i_simple.qreg                                           |            integer_addsubc_reg_fd_v12_0_6_viv_HD24278 |          0 |          0 |       0 |    0 |    64 |      0 |      0 |    0 |          0 |
|       g[2].g_normal.alu_i                                                       |                      microop_unit__parameterized4__50 |          0 |          0 |       0 |    0 |     8 |      0 |      0 |    0 |          0 |
|   g_has_mem.glen_mem[73].blk_i                                                  |                    uop_block_wrap__parameterized22_48 |         73 |         73 |       0 |    0 |   243 |      0 |      0 |    0 |          0 |
|     (g_has_mem.glen_mem[73].blk_i)                                              |                    uop_block_wrap__parameterized22_48 |          1 |          1 |       0 |    0 |    48 |      0 |      0 |    0 |          0 |
|     core                                                                        |                            uop_block__parameterized22 |         72 |         72 |       0 |    0 |   195 |      0 |      0 |    0 |          0 |
|       (core)                                                                    |                            uop_block__parameterized22 |          8 |          8 |       0 |    0 |     3 |      0 |      0 |    0 |          0 |
|       g[0].g_normal.alu_i                                                       |                     microop_unit__parameterized2__161 |          0 |          0 |       0 |    0 |    32 |      0 |      0 |    0 |          0 |
|       g[1].g_normal.alu_i                                                       |                     microop_unit__parameterized2__162 |          0 |          0 |       0 |    0 |    32 |      0 |      0 |    0 |          0 |
|       g[2].g_normal.alu_i                                                       |                      microop_unit__parameterized1__31 |         32 |         32 |       0 |    0 |    32 |      0 |      0 |    0 |          0 |
|       g[3].g_normal.alu_i                                                       |                     microop_unit__parameterized2__163 |          0 |          0 |       0 |    0 |    32 |      0 |      0 |    0 |          0 |
|       g[4].g_normal.alu_i                                                       |                     microop_unit__parameterized2__164 |          0 |          0 |       0 |    0 |    32 |      0 |      0 |    0 |          0 |
|       g[5].g_normal.alu_i                                                       |                      microop_unit__parameterized7__39 |         32 |         32 |       0 |    0 |    32 |      0 |      0 |    0 |          0 |
|   g_has_mem.glen_mem[74].blk_i                                                  |                    uop_block_wrap__parameterized23_49 |        119 |        119 |       0 |    0 |   243 |      0 |      0 |    0 |          0 |
|     (g_has_mem.glen_mem[74].blk_i)                                              |                    uop_block_wrap__parameterized23_49 |          0 |          0 |       0 |    0 |    48 |      0 |      0 |    0 |          0 |
|     core                                                                        |                            uop_block__parameterized23 |        119 |        119 |       0 |    0 |   195 |      0 |      0 |    0 |          0 |
|       (core)                                                                    |                            uop_block__parameterized23 |          7 |          7 |       0 |    0 |     3 |      0 |      0 |    0 |          0 |
|       g[0].g_normal.alu_i                                                       |                     microop_unit__parameterized2__159 |          0 |          0 |       0 |    0 |    32 |      0 |      0 |    0 |          0 |
|       g[1].g_normal.alu_i                                                       |                         microop_unit__parameterized19 |         32 |         32 |       0 |    0 |    32 |      0 |      0 |    0 |          0 |
|       g[2].g_normal.alu_i                                                       |                     microop_unit__parameterized23__18 |         32 |         32 |       0 |    0 |    32 |      0 |      0 |    0 |          0 |
|       g[3].g_normal.alu_i                                                       |                      microop_unit__parameterized24__6 |         16 |         16 |       0 |    0 |    32 |      0 |      0 |    0 |          0 |
|       g[4].g_normal.alu_i                                                       |                      microop_unit__parameterized7__38 |         32 |         32 |       0 |    0 |    32 |      0 |      0 |    0 |          0 |
|       g[5].g_normal.alu_i                                                       |                     microop_unit__parameterized2__160 |          0 |          0 |       0 |    0 |    32 |      0 |      0 |    0 |          0 |
|   g_has_mem.glen_mem[75].blk_i                                                  |                    uop_block_wrap__parameterized24_50 |        128 |        128 |       0 |    0 |   229 |      0 |      0 |    0 |          0 |
|     (g_has_mem.glen_mem[75].blk_i)                                              |                    uop_block_wrap__parameterized24_50 |          0 |          0 |       0 |    0 |    37 |      0 |      0 |    0 |          0 |
|     core                                                                        |                            uop_block__parameterized24 |        128 |        128 |       0 |    0 |   192 |      0 |      0 |    0 |          0 |
|       (core)                                                                    |                            uop_block__parameterized24 |          0 |          0 |       0 |    0 |     0 |      0 |      0 |    0 |          0 |
|       g[0].g_normal.alu_i                                                       |                      microop_unit__parameterized8__17 |         32 |         32 |       0 |    0 |    32 |      0 |      0 |    0 |          0 |
|       g[1].g_normal.alu_i                                                       |                          microop_unit__parameterized8 |         32 |         32 |       0 |    0 |    32 |      0 |      0 |    0 |          0 |
|       g[2].g_normal.alu_i                                                       |                     microop_unit__parameterized2__169 |          0 |          0 |       0 |    0 |    32 |      0 |      0 |    0 |          0 |
|       g[3].g_normal.alu_i                                                       |                     microop_unit__parameterized23__20 |         32 |         32 |       0 |    0 |    32 |      0 |      0 |    0 |          0 |
|       g[4].g_normal.alu_i                                                       |                      microop_unit__parameterized25__9 |         32 |         32 |       0 |    0 |    32 |      0 |      0 |    0 |          0 |
|       g[5].g_normal.alu_i                                                       |                     microop_unit__parameterized2__170 |          0 |          0 |       0 |    0 |    32 |      0 |      0 |    0 |          0 |
|   g_has_mem.glen_mem[76].blk_i                                                  |                       uop_block_wrap__parameterized25 |         75 |         75 |       0 |    0 |   479 |      0 |      0 |    0 |          0 |
|     (g_has_mem.glen_mem[76].blk_i)                                              |                       uop_block_wrap__parameterized25 |          2 |          2 |       0 |    0 |    76 |      0 |      0 |    0 |          0 |
|     core                                                                        |                            uop_block__parameterized25 |         73 |         73 |       0 |    0 |   403 |      0 |      0 |    0 |          0 |
|       (core)                                                                    |                            uop_block__parameterized25 |          9 |          9 |       0 |    0 |     3 |      0 |      0 |    0 |          0 |
|       g[0].g_normal.alu_i                                                       |                     microop_unit__parameterized10__11 |          0 |          0 |       0 |    0 |    64 |      0 |      0 |    0 |          0 |
|       g[1].g_normal.alu_i                                                       |                     microop_unit__parameterized10__12 |          0 |          0 |       0 |    0 |    64 |      0 |      0 |    0 |          0 |
|       g[2].g_normal.alu_i                                                       |                     microop_unit__parameterized10__13 |          0 |          0 |       0 |    0 |    64 |      0 |      0 |    0 |          0 |
|       g[3].g_normal.alu_i                                                       |                      microop_unit__parameterized4__14 |          0 |          0 |       0 |    0 |     8 |      0 |      0 |    0 |          0 |
|       g[4].g_normal.alu_i                                                       |                     microop_unit__parameterized10__14 |          0 |          0 |       0 |    0 |    64 |      0 |      0 |    0 |          0 |
|       g[5].g_normal.alu_i                                                       |                         microop_unit__parameterized18 |         64 |         64 |       0 |    0 |   128 |      0 |      0 |    0 |          0 |
|         (g[5].g_normal.alu_i)                                                   |                         microop_unit__parameterized18 |          0 |          0 |       0 |    0 |    64 |      0 |      0 |    0 |          0 |
|         g_iadd.use_ip.u_addsub                                                  |                                integer_addsub_HD24279 |         64 |         64 |       0 |    0 |    64 |      0 |      0 |    0 |          0 |
|           (g_iadd.use_ip.u_addsub)                                              |                                integer_addsub_HD24279 |          0 |          0 |       0 |    0 |     0 |      0 |      0 |    0 |          0 |
|           U0                                                                    |               integer_addsubc_addsub_v12_0_14_HD24280 |         64 |         64 |       0 |    0 |    64 |      0 |      0 |    0 |          0 |
|             (U0)                                                                |               integer_addsubc_addsub_v12_0_14_HD24280 |          0 |          0 |       0 |    0 |     0 |      0 |      0 |    0 |          0 |
|             xst_addsub                                                          |           integer_addsubc_addsub_v12_0_14_viv_HD24281 |         64 |         64 |       0 |    0 |    64 |      0 |      0 |    0 |          0 |
|               (xst_addsub)                                                      |           integer_addsubc_addsub_v12_0_14_viv_HD24281 |          0 |          0 |       0 |    0 |     0 |      0 |      0 |    0 |          0 |
|               i_baseblox.i_baseblox_addsub                                      |        integer_addsubc_addsub_v12_0_14_legacy_HD24282 |         64 |         64 |       0 |    0 |    64 |      0 |      0 |    0 |          0 |
|                 no_pipelining.the_addsub                                        | integer_addsubc_addsub_v12_0_14_fabric_legacy_HD24283 |         64 |         64 |       0 |    0 |    64 |      0 |      0 |    0 |          0 |
|                   i_lut6.i_lut6_addsub                                          |   integer_addsubc_addsub_v12_0_14_lut6_legacy_HD24284 |         64 |         64 |       0 |    0 |    64 |      0 |      0 |    0 |          0 |
|                     (i_lut6.i_lut6_addsub)                                      |   integer_addsubc_addsub_v12_0_14_lut6_legacy_HD24284 |         64 |         64 |       0 |    0 |     0 |      0 |      0 |    0 |          0 |
|                     i_q.i_simple.qreg                                           |            integer_addsubc_reg_fd_v12_0_6_viv_HD24285 |          0 |          0 |       0 |    0 |    64 |      0 |      0 |    0 |          0 |
|       g[6].g_normal.alu_i                                                       |                      microop_unit__parameterized4__15 |          0 |          0 |       0 |    0 |     8 |      0 |      0 |    0 |          0 |
|   g_has_mem.glen_mem[77].blk_i                                                  |                    uop_block_wrap__parameterized27_51 |        173 |        173 |       0 |    0 |   566 |      0 |      0 |    0 |          0 |
|     (g_has_mem.glen_mem[77].blk_i)                                              |                    uop_block_wrap__parameterized27_51 |          2 |          2 |       0 |    0 |    50 |      0 |      0 |    0 |          0 |
|     core                                                                        |                            uop_block__parameterized27 |        171 |        171 |       0 |    0 |   516 |      0 |      0 |    0 |          0 |
|       (core)                                                                    |                            uop_block__parameterized27 |         10 |         10 |       0 |    0 |     4 |      0 |      0 |    0 |          0 |
|       g[0].g_normal.alu_i                                                       |                     microop_unit__parameterized2__149 |          0 |          0 |       0 |    0 |    32 |      0 |      0 |    0 |          0 |
|       g[10].g_normal.alu_i                                                      |                     microop_unit__parameterized23__17 |         32 |         32 |       0 |    0 |    32 |      0 |      0 |    0 |          0 |
|       g[11].g_normal.alu_i                                                      |                      microop_unit__parameterized25__7 |         32 |         32 |       0 |    0 |    32 |      0 |      0 |    0 |          0 |
|       g[12].g_normal.alu_i                                                      |                      microop_unit__parameterized7__37 |         32 |         32 |       0 |    0 |    32 |      0 |      0 |    0 |          0 |
|       g[13].g_normal.alu_i                                                      |                     microop_unit__parameterized2__156 |          0 |          0 |       0 |    0 |    32 |      0 |      0 |    0 |          0 |
|       g[14].g_normal.alu_i                                                      |                     microop_unit__parameterized2__157 |          0 |          0 |       0 |    0 |    32 |      0 |      0 |    0 |          0 |
|       g[15].g_normal.alu_i                                                      |                     microop_unit__parameterized2__158 |          0 |          0 |       0 |    0 |    32 |      0 |      0 |    0 |          0 |
|       g[1].g_normal.alu_i                                                       |                     microop_unit__parameterized2__150 |          0 |          0 |       0 |    0 |    32 |      0 |      0 |    0 |          0 |
|       g[2].g_normal.alu_i                                                       |                     microop_unit__parameterized2__151 |          0 |          0 |       0 |    0 |    32 |      0 |      0 |    0 |          0 |
|       g[3].g_normal.alu_i                                                       |                     microop_unit__parameterized2__152 |          0 |          0 |       0 |    0 |    32 |      0 |      0 |    0 |          0 |
|       g[4].g_normal.alu_i                                                       |                     microop_unit__parameterized2__153 |          0 |          0 |       0 |    0 |    32 |      0 |      0 |    0 |          0 |
|       g[5].g_normal.alu_i                                                       |                      microop_unit__parameterized1__29 |         32 |         32 |       0 |    0 |    32 |      0 |      0 |    0 |          0 |
|       g[6].g_normal.alu_i                                                       |                     microop_unit__parameterized2__154 |          0 |          0 |       0 |    0 |    32 |      0 |      0 |    0 |          0 |
|       g[7].g_normal.alu_i                                                       |                     microop_unit__parameterized2__155 |          0 |          0 |       0 |    0 |    32 |      0 |      0 |    0 |          0 |
|       g[8].g_normal.alu_i                                                       |                         microop_unit__parameterized26 |          1 |          1 |       0 |    0 |    32 |      0 |      0 |    0 |          0 |
|       g[9].g_normal.alu_i                                                       |                      microop_unit__parameterized1__30 |         32 |         32 |       0 |    0 |    32 |      0 |      0 |    0 |          0 |
|   g_has_mem.glen_mem[78].blk_i                                                  |                    uop_block_wrap__parameterized28_52 |          4 |          4 |       0 |    0 |   115 |      0 |      0 |    0 |          0 |
|     (g_has_mem.glen_mem[78].blk_i)                                              |                    uop_block_wrap__parameterized28_52 |          1 |          1 |       0 |    0 |    50 |      0 |      0 |    0 |          0 |
|     core                                                                        |                         uop_block__parameterized28_61 |          3 |          3 |       0 |    0 |    65 |      0 |      0 |    0 |          0 |
|       (core)                                                                    |                         uop_block__parameterized28_61 |          3 |          3 |       0 |    0 |     1 |      0 |      0 |    0 |          0 |
|       g[0].g_normal.alu_i                                                       |                     microop_unit__parameterized2__167 |          0 |          0 |       0 |    0 |    32 |      0 |      0 |    0 |          0 |
|       g[1].g_normal.alu_i                                                       |                     microop_unit__parameterized2__166 |          0 |          0 |       0 |    0 |    32 |      0 |      0 |    0 |          0 |
|   g_has_mem.glen_mem[79].blk_i                                                  |                    uop_block_wrap__parameterized28_53 |          4 |          4 |       0 |    0 |   115 |      0 |      0 |    0 |          0 |
|     (g_has_mem.glen_mem[79].blk_i)                                              |                    uop_block_wrap__parameterized28_53 |          1 |          1 |       0 |    0 |    50 |      0 |      0 |    0 |          0 |
|     core                                                                        |                            uop_block__parameterized28 |          3 |          3 |       0 |    0 |    65 |      0 |      0 |    0 |          0 |
|       (core)                                                                    |                            uop_block__parameterized28 |          3 |          3 |       0 |    0 |     1 |      0 |      0 |    0 |          0 |
|       g[0].g_normal.alu_i                                                       |                     microop_unit__parameterized2__147 |          0 |          0 |       0 |    0 |    32 |      0 |      0 |    0 |          0 |
|       g[1].g_normal.alu_i                                                       |                     microop_unit__parameterized2__148 |          0 |          0 |       0 |    0 |    32 |      0 |      0 |    0 |          0 |
|   g_has_mem.glen_mem[7].blk_i                                                   |             uop_block_wrap__parameterized5__xdcDup__1 |         66 |         66 |       0 |    0 |   216 |      0 |      0 |    0 |          0 |
|     (g_has_mem.glen_mem[7].blk_i)                                               |             uop_block_wrap__parameterized5__xdcDup__1 |          0 |          0 |       0 |    0 |    79 |      0 |      0 |    0 |          0 |
|     core                                                                        |                  uop_block__parameterized5__xdcDup__1 |         66 |         66 |       0 |    0 |   137 |      0 |      0 |    0 |          0 |
|       (core)                                                                    |                  uop_block__parameterized5__xdcDup__1 |          2 |          2 |       0 |    0 |     1 |      0 |      0 |    0 |          0 |
|       g[0].g_normal.alu_i                                                       |               microop_unit__parameterized0__xdcDup__2 |         64 |         64 |       0 |    0 |   128 |      0 |      0 |    0 |          0 |
|         (g[0].g_normal.alu_i)                                                   |               microop_unit__parameterized0__xdcDup__2 |          0 |          0 |       0 |    0 |    64 |      0 |      0 |    0 |          0 |
|         g_iadd.use_ip.u_addsub                                                  |                                integer_addsub_HD24286 |         64 |         64 |       0 |    0 |    64 |      0 |      0 |    0 |          0 |
|           (g_iadd.use_ip.u_addsub)                                              |                                integer_addsub_HD24286 |          0 |          0 |       0 |    0 |     0 |      0 |      0 |    0 |          0 |
|           U0                                                                    |               integer_addsubc_addsub_v12_0_14_HD24287 |         64 |         64 |       0 |    0 |    64 |      0 |      0 |    0 |          0 |
|             (U0)                                                                |               integer_addsubc_addsub_v12_0_14_HD24287 |          0 |          0 |       0 |    0 |     0 |      0 |      0 |    0 |          0 |
|             xst_addsub                                                          |           integer_addsubc_addsub_v12_0_14_viv_HD24288 |         64 |         64 |       0 |    0 |    64 |      0 |      0 |    0 |          0 |
|               (xst_addsub)                                                      |           integer_addsubc_addsub_v12_0_14_viv_HD24288 |          0 |          0 |       0 |    0 |     0 |      0 |      0 |    0 |          0 |
|               i_baseblox.i_baseblox_addsub                                      |        integer_addsubc_addsub_v12_0_14_legacy_HD24289 |         64 |         64 |       0 |    0 |    64 |      0 |      0 |    0 |          0 |
|                 no_pipelining.the_addsub                                        | integer_addsubc_addsub_v12_0_14_fabric_legacy_HD24290 |         64 |         64 |       0 |    0 |    64 |      0 |      0 |    0 |          0 |
|                   i_lut6.i_lut6_addsub                                          |   integer_addsubc_addsub_v12_0_14_lut6_legacy_HD24291 |         64 |         64 |       0 |    0 |    64 |      0 |      0 |    0 |          0 |
|                     (i_lut6.i_lut6_addsub)                                      |   integer_addsubc_addsub_v12_0_14_lut6_legacy_HD24291 |         64 |         64 |       0 |    0 |     0 |      0 |      0 |    0 |          0 |
|                     i_q.i_simple.qreg                                           |            integer_addsubc_reg_fd_v12_0_6_viv_HD24292 |          0 |          0 |       0 |    0 |    64 |      0 |      0 |    0 |          0 |
|       g[1].g_normal.alu_i                                                       |                      microop_unit__parameterized4__29 |          0 |          0 |       0 |    0 |     8 |      0 |      0 |    0 |          0 |
|   g_has_mem.glen_mem[80].blk_i                                                  |                       uop_block_wrap__parameterized53 |          6 |          6 |       0 |    0 |   205 |      0 |      0 |    0 |          0 |
|     (g_has_mem.glen_mem[80].blk_i)                                              |                       uop_block_wrap__parameterized53 |          3 |          3 |       0 |    0 |    76 |      0 |      0 |    0 |          0 |
|     core                                                                        |                            uop_block__parameterized53 |          3 |          3 |       0 |    0 |   129 |      0 |      0 |    0 |          0 |
|       (core)                                                                    |                            uop_block__parameterized53 |          3 |          3 |       0 |    0 |     1 |      0 |      0 |    0 |          0 |
|       g[0].g_normal.alu_i                                                       |                     microop_unit__parameterized10__50 |          0 |          0 |       0 |    0 |    64 |      0 |      0 |    0 |          0 |
|       g[1].g_normal.alu_i                                                       |                     microop_unit__parameterized10__51 |          0 |          0 |       0 |    0 |    64 |      0 |      0 |    0 |          0 |
|   g_has_mem.glen_mem[81].blk_i                                                  |                    uop_block_wrap__parameterized26_54 |         48 |         48 |       0 |    0 |   133 |      0 |      0 |    0 |          0 |
|     (g_has_mem.glen_mem[81].blk_i)                                              |                    uop_block_wrap__parameterized26_54 |          0 |          0 |       0 |    0 |    37 |      0 |      0 |    0 |          0 |
|     core                                                                        |                            uop_block__parameterized26 |         48 |         48 |       0 |    0 |    96 |      0 |      0 |    0 |          0 |
|       (core)                                                                    |                            uop_block__parameterized26 |          0 |          0 |       0 |    0 |     0 |      0 |      0 |    0 |          0 |
|       g[0].g_normal.alu_i                                                       |                     microop_unit__parameterized2__171 |          0 |          0 |       0 |    0 |    32 |      0 |      0 |    0 |          0 |
|       g[1].g_normal.alu_i                                                       |                     microop_unit__parameterized23__21 |         32 |         32 |       0 |    0 |    32 |      0 |      0 |    0 |          0 |
|       g[2].g_normal.alu_i                                                       |                         microop_unit__parameterized24 |         16 |         16 |       0 |    0 |    32 |      0 |      0 |    0 |          0 |
|   g_has_mem.glen_mem[82].blk_i                                                  |                       uop_block_wrap__parameterized29 |        222 |          3 |       0 |  219 |   658 |      0 |      0 |    0 |         16 |
|     (g_has_mem.glen_mem[82].blk_i)                                              |                       uop_block_wrap__parameterized29 |          0 |          0 |       0 |    0 |    80 |      0 |      0 |    0 |          0 |
|     core                                                                        |                            uop_block__parameterized29 |        222 |          3 |       0 |  219 |   578 |      0 |      0 |    0 |         16 |
|       (core)                                                                    |                            uop_block__parameterized29 |          3 |          3 |       0 |    0 |     1 |      0 |      0 |    0 |          0 |
|       g[0].g_normal.alu_i                                                       |              microop_unit__parameterized27__xdcDup__2 |        219 |          0 |       0 |  219 |   545 |      0 |      0 |    0 |         16 |
|         (g[0].g_normal.alu_i)                                                   |              microop_unit__parameterized27__xdcDup__2 |          0 |          0 |       0 |    0 |    64 |      0 |      0 |    0 |          0 |
|         g_imul.mul64_ip.mul_i                                                   |                                   integer_mul_HD24350 |        219 |          0 |       0 |  219 |   481 |      0 |      0 |    0 |         16 |
|           (g_imul.mul64_ip.mul_i)                                               |                                   integer_mul_HD24350 |          0 |          0 |       0 |    0 |     0 |      0 |      0 |    0 |          0 |
|           U0                                                                    |                  integer_mulmult_gen_v12_0_16_HD24351 |        219 |          0 |       0 |  219 |   481 |      0 |      0 |    0 |         16 |
|             (U0)                                                                |                  integer_mulmult_gen_v12_0_16_HD24351 |          0 |          0 |       0 |    0 |     0 |      0 |      0 |    0 |          0 |
|             i_mult                                                              |              integer_mulmult_gen_v12_0_16_viv_HD24352 |        219 |          0 |       0 |  219 |   481 |      0 |      0 |    0 |         16 |
|               (i_mult)                                                          |              integer_mulmult_gen_v12_0_16_viv_HD24352 |          0 |          0 |       0 |    0 |     0 |      0 |      0 |    0 |          0 |
|               gDSP.gDSP_only.iDSP                                               |                                integer_muldsp_HD24353 |        219 |          0 |       0 |  219 |   481 |      0 |      0 |    0 |         16 |
|                 (gDSP.gDSP_only.iDSP)                                           |                                integer_muldsp_HD24353 |          0 |          0 |       0 |    0 |     0 |      0 |      0 |    0 |         16 |
|                 use_prim.appDSP48[0].bppDSP48[0].need_output_delay.output_delay |        integer_muldelay_line__parameterized16_HD24354 |          9 |          0 |       0 |    9 |    17 |      0 |      0 |    0 |          0 |
|                 use_prim.appDSP48[0].bppDSP48[2].need_output_delay.output_delay |        integer_muldelay_line__parameterized18_HD24355 |          9 |          0 |       0 |    9 |    17 |      0 |      0 |    0 |          0 |
|                 use_prim.appDSP48[1].bppDSP48[0].need_output_delay.output_delay |        integer_muldelay_line__parameterized19_HD24356 |          9 |          0 |       0 |    9 |    17 |      0 |      0 |    0 |          0 |
|                 use_prim.appDSP48[1].bppDSP48[3].need_output_delay.output_delay |        integer_muldelay_line__parameterized20_HD24357 |          9 |          0 |       0 |    9 |    17 |      0 |      0 |    0 |          0 |
|                 use_prim.appDSP48[3].bppDSP48[0].need_output_delay.output_delay |        integer_muldelay_line__parameterized21_HD24358 |          9 |          0 |       0 |    9 |    17 |      0 |      0 |    0 |          0 |
|                 use_prim.appDSP48[3].bppDSP48[2].need_output_delay.output_delay |        integer_muldelay_line__parameterized22_HD24359 |          0 |          0 |       0 |    0 |    17 |      0 |      0 |    0 |          0 |
|                 use_prim.iAdelx[0].iAdely[2].use_delay_line.Adelay              |         integer_muldelay_line__parameterized0_HD24360 |          9 |          0 |       0 |    9 |    18 |      0 |      0 |    0 |          0 |
|                 use_prim.iAdelx[1].iAdely[1].use_delay_line.Adelay              |         integer_muldelay_line__parameterized1_HD24361 |          9 |          0 |       0 |    9 |    18 |      0 |      0 |    0 |          0 |
|                 use_prim.iAdelx[1].iAdely[2].use_delay_line.Adelay              |         integer_muldelay_line__parameterized2_HD24362 |          9 |          0 |       0 |    9 |    18 |      0 |      0 |    0 |          0 |
|                 use_prim.iAdelx[1].iAdely[3].use_delay_line.Adelay              |         integer_muldelay_line__parameterized3_HD24363 |          9 |          0 |       0 |    9 |    18 |      0 |      0 |    0 |          0 |
|                 use_prim.iAdelx[2].iAdely[0].use_delay_line.Adelay              |         integer_muldelay_line__parameterized4_HD24364 |          0 |          0 |       0 |    0 |    17 |      0 |      0 |    0 |          0 |
|                 use_prim.iAdelx[2].iAdely[1].use_delay_line.Adelay              |         integer_muldelay_line__parameterized5_HD24365 |          9 |          0 |       0 |    9 |    18 |      0 |      0 |    0 |          0 |
|                 use_prim.iAdelx[2].iAdely[2].use_delay_line.Adelay              |         integer_muldelay_line__parameterized6_HD24366 |          9 |          0 |       0 |    9 |    18 |      0 |      0 |    0 |          0 |
|                 use_prim.iAdelx[2].iAdely[3].use_delay_line.Adelay              |         integer_muldelay_line__parameterized7_HD24367 |          9 |          0 |       0 |    9 |    18 |      0 |      0 |    0 |          0 |
|                 use_prim.iAdelx[3].iAdely[0].use_delay_line.Adelay              |         integer_muldelay_line__parameterized8_HD24368 |          7 |          0 |       0 |    7 |    13 |      0 |      0 |    0 |          0 |
|                 use_prim.iAdelx[3].iAdely[2].use_delay_line.Adelay              |         integer_muldelay_line__parameterized9_HD24369 |          7 |          0 |       0 |    7 |    13 |      0 |      0 |    0 |          0 |
|                 use_prim.iBdelx[0].iBdely[2].need_delay_line.Bdelay             |       integer_muldelay_line__parameterized0_0_HD24370 |          9 |          0 |       0 |    9 |    18 |      0 |      0 |    0 |          0 |
|                 use_prim.iBdelx[0].iBdely[3].need_delay_line.Bdelay             |        integer_muldelay_line__parameterized10_HD24371 |          9 |          0 |       0 |    9 |    18 |      0 |      0 |    0 |          0 |
|                 use_prim.iBdelx[1].iBdely[0].need_delay_line.Bdelay             |       integer_muldelay_line__parameterized4_1_HD24372 |          0 |          0 |       0 |    0 |    17 |      0 |      0 |    0 |          0 |
|                 use_prim.iBdelx[1].iBdely[1].need_delay_line.Bdelay             |       integer_muldelay_line__parameterized1_2_HD24373 |          9 |          0 |       0 |    9 |    18 |      0 |      0 |    0 |          0 |
|                 use_prim.iBdelx[1].iBdely[2].need_delay_line.Bdelay             |       integer_muldelay_line__parameterized2_3_HD24374 |          9 |          0 |       0 |    9 |    18 |      0 |      0 |    0 |          0 |
|                 use_prim.iBdelx[1].iBdely[3].need_delay_line.Bdelay             |       integer_muldelay_line__parameterized3_4_HD24375 |          9 |          0 |       0 |    9 |    18 |      0 |      0 |    0 |          0 |
|                 use_prim.iBdelx[2].iBdely[1].need_delay_line.Bdelay             |       integer_muldelay_line__parameterized5_5_HD24376 |          9 |          0 |       0 |    9 |    18 |      0 |      0 |    0 |          0 |
|                 use_prim.iBdelx[2].iBdely[2].need_delay_line.Bdelay             |       integer_muldelay_line__parameterized6_6_HD24377 |          9 |          0 |       0 |    9 |    18 |      0 |      0 |    0 |          0 |
|                 use_prim.iBdelx[3].iBdely[0].need_delay_line.Bdelay             |        integer_muldelay_line__parameterized11_HD24378 |          9 |          0 |       0 |    9 |    18 |      0 |      0 |    0 |          0 |
|                 use_prim.iBdelx[3].iBdely[1].need_delay_line.Bdelay             |        integer_muldelay_line__parameterized12_HD24379 |          9 |          0 |       0 |    9 |    18 |      0 |      0 |    0 |          0 |
|                 use_prim.iBdelx[3].iBdely[2].need_delay_line.Bdelay             |        integer_muldelay_line__parameterized13_HD24380 |          9 |          0 |       0 |    9 |    18 |      0 |      0 |    0 |          0 |
|                 use_prim.iBdelx[3].iBdely[3].need_delay_line.Bdelay             |        integer_muldelay_line__parameterized14_HD24381 |          7 |          0 |       0 |    7 |    13 |      0 |      0 |    0 |          0 |
|       g[1].g_normal.alu_i                                                       |                     microop_unit__parameterized2__146 |          0 |          0 |       0 |    0 |    32 |      0 |      0 |    0 |          0 |
|   g_has_mem.glen_mem[83].blk_i                                                  |                    uop_block_wrap__parameterized50_55 |         76 |         76 |       0 |    0 |   181 |      0 |      0 |    0 |          0 |
|     (g_has_mem.glen_mem[83].blk_i)                                              |                    uop_block_wrap__parameterized50_55 |          4 |          4 |       0 |    0 |    49 |      0 |      0 |    0 |          0 |
|     core                                                                        |                            uop_block__parameterized50 |         72 |         72 |       0 |    0 |   132 |      0 |      0 |    0 |          0 |
|       (core)                                                                    |                            uop_block__parameterized50 |          7 |          7 |       0 |    0 |     3 |      0 |      0 |    0 |          0 |
|       g[0].g_normal.alu_i                                                       |                     microop_unit__parameterized2__172 |          0 |          0 |       0 |    0 |    32 |      0 |      0 |    0 |          0 |
|       g[1].g_normal.alu_i                                                       |                     microop_unit__parameterized2__173 |          0 |          0 |       0 |    0 |    32 |      0 |      0 |    0 |          0 |
|       g[2].g_normal.alu_i                                                       |                      microop_unit__parameterized1__32 |         32 |         32 |       0 |    0 |    32 |      0 |      0 |    0 |          0 |
|       g[3].g_normal.alu_i                                                       |                     microop_unit__parameterized23__22 |         32 |         32 |       0 |    0 |    32 |      0 |      0 |    0 |          0 |
|       g[4].g_normal.alu_i                                                       |                         microop_unit__parameterized32 |          1 |          1 |       0 |    0 |     1 |      0 |      0 |    0 |          0 |
|   g_has_mem.glen_mem[84].blk_i                                                  |                       uop_block_wrap__parameterized54 |         40 |         40 |       0 |    0 |   211 |      0 |      0 |    0 |          0 |
|     (g_has_mem.glen_mem[84].blk_i)                                              |                       uop_block_wrap__parameterized54 |          3 |          3 |       0 |    0 |    73 |      0 |      0 |    0 |          0 |
|     core                                                                        |                            uop_block__parameterized54 |         37 |         37 |       0 |    0 |   138 |      0 |      0 |    0 |          0 |
|       (core)                                                                    |                            uop_block__parameterized54 |          5 |          5 |       0 |    0 |     2 |      0 |      0 |    0 |          0 |
|       g[0].g_normal.alu_i                                                       |                         microop_unit__parameterized10 |          0 |          0 |       0 |    0 |    64 |      0 |      0 |    0 |          0 |
|       g[1].g_normal.alu_i                                                       |                          microop_unit__parameterized4 |          0 |          0 |       0 |    0 |     8 |      0 |      0 |    0 |          0 |
|       g[2].g_normal.alu_i                                                       |                      microop_unit__parameterized7__40 |         32 |         32 |       0 |    0 |    32 |      0 |      0 |    0 |          0 |
|       g[3].g_normal.alu_i                                                       |                     microop_unit__parameterized2__174 |          0 |          0 |       0 |    0 |    32 |      0 |      0 |    0 |          0 |
|   g_has_mem.glen_mem[85].blk_i                                                  |                       uop_block_wrap__parameterized55 |         96 |         96 |       0 |    0 |   165 |      0 |      0 |    0 |          0 |
|     (g_has_mem.glen_mem[85].blk_i)                                              |                       uop_block_wrap__parameterized55 |          0 |          0 |       0 |    0 |    37 |      0 |      0 |    0 |          0 |
|     core                                                                        |                            uop_block__parameterized55 |         96 |         96 |       0 |    0 |   128 |      0 |      0 |    0 |          0 |
|       (core)                                                                    |                            uop_block__parameterized55 |          0 |          0 |       0 |    0 |     0 |      0 |      0 |    0 |          0 |
|       g[0].g_normal.alu_i                                                       |                     microop_unit__parameterized2__175 |          0 |          0 |       0 |    0 |    32 |      0 |      0 |    0 |          0 |
|       g[1].g_normal.alu_i                                                       |                     microop_unit__parameterized23__23 |         32 |         32 |       0 |    0 |    32 |      0 |      0 |    0 |          0 |
|       g[2].g_normal.alu_i                                                       |                     microop_unit__parameterized25__10 |         32 |         32 |       0 |    0 |    32 |      0 |      0 |    0 |          0 |
|       g[3].g_normal.alu_i                                                       |                      microop_unit__parameterized1__33 |         32 |         32 |       0 |    0 |    32 |      0 |      0 |    0 |          0 |
|   g_has_mem.glen_mem[86].blk_i                                                  |                     uop_block_wrap__parameterized9_56 |         64 |         64 |       0 |    0 |   133 |      0 |      0 |    0 |          0 |
|     (g_has_mem.glen_mem[86].blk_i)                                              |                     uop_block_wrap__parameterized9_56 |          0 |          0 |       0 |    0 |    37 |      0 |      0 |    0 |          0 |
|     core                                                                        |                             uop_block__parameterized9 |         64 |         64 |       0 |    0 |    96 |      0 |      0 |    0 |          0 |
|       (core)                                                                    |                             uop_block__parameterized9 |          0 |          0 |       0 |    0 |     0 |      0 |      0 |    0 |          0 |
|       g[0].g_normal.alu_i                                                       |                     microop_unit__parameterized2__176 |          0 |          0 |       0 |    0 |    32 |      0 |      0 |    0 |          0 |
|       g[1].g_normal.alu_i                                                       |                      microop_unit__parameterized1__34 |         32 |         32 |       0 |    0 |    32 |      0 |      0 |    0 |          0 |
|       g[3].g_normal.alu_i                                                       |                          microop_unit__parameterized7 |         32 |         32 |       0 |    0 |    32 |      0 |      0 |    0 |          0 |
|   g_has_mem.glen_mem[87].blk_i                                                  |                    uop_block_wrap__parameterized56_57 |         32 |         32 |       0 |    0 |   101 |      0 |      0 |    0 |          0 |
|     (g_has_mem.glen_mem[87].blk_i)                                              |                    uop_block_wrap__parameterized56_57 |          0 |          0 |       0 |    0 |    37 |      0 |      0 |    0 |          0 |
|     core                                                                        |                            uop_block__parameterized56 |         32 |         32 |       0 |    0 |    64 |      0 |      0 |    0 |          0 |
|       (core)                                                                    |                            uop_block__parameterized56 |          0 |          0 |       0 |    0 |     0 |      0 |      0 |    0 |          0 |
|       g[0].g_normal.alu_i                                                       |                     microop_unit__parameterized2__177 |          0 |          0 |       0 |    0 |    32 |      0 |      0 |    0 |          0 |
|       g[1].g_normal.alu_i                                                       |                      microop_unit__parameterized1__35 |         32 |         32 |       0 |    0 |    32 |      0 |      0 |    0 |          0 |
|   g_has_mem.glen_mem[88].blk_i                                                  |                    uop_block_wrap__parameterized30_58 |         32 |         32 |       0 |    0 |    70 |      0 |      0 |    0 |          0 |
|     (g_has_mem.glen_mem[88].blk_i)                                              |                    uop_block_wrap__parameterized30_58 |          0 |          0 |       0 |    0 |    37 |      0 |      0 |    0 |          0 |
|     core                                                                        |                            uop_block__parameterized30 |         32 |         32 |       0 |    0 |    33 |      0 |      0 |    0 |          0 |
|       (core)                                                                    |                            uop_block__parameterized30 |          0 |          0 |       0 |    0 |     0 |      0 |      0 |    0 |          0 |
|       g[0].g_normal.alu_i                                                       |                         microop_unit__parameterized28 |         32 |         32 |       0 |    0 |    32 |      0 |      0 |    0 |          0 |
|       g[1].g_normal.alu_i                                                       |                         microop_unit__parameterized29 |          0 |          0 |       0 |    0 |     1 |      0 |      0 |    0 |          0 |
|   g_has_mem.glen_mem[89].blk_i                                                  |                       uop_block_wrap__parameterized57 |          7 |          7 |       0 |    0 |   148 |      0 |      0 |    0 |          0 |
|     (g_has_mem.glen_mem[89].blk_i)                                              |                       uop_block_wrap__parameterized57 |          1 |          1 |       0 |    0 |    50 |      0 |      0 |    0 |          0 |
|     core                                                                        |                            uop_block__parameterized57 |          6 |          6 |       0 |    0 |    98 |      0 |      0 |    0 |          0 |
|       (core)                                                                    |                            uop_block__parameterized57 |          6 |          6 |       0 |    0 |     2 |      0 |      0 |    0 |          0 |
|       g[0].g_normal.alu_i                                                       |                     microop_unit__parameterized2__143 |          0 |          0 |       0 |    0 |    32 |      0 |      0 |    0 |          0 |
|       g[1].g_normal.alu_i                                                       |                     microop_unit__parameterized2__144 |          0 |          0 |       0 |    0 |    32 |      0 |      0 |    0 |          0 |
|       g[2].g_normal.alu_i                                                       |                     microop_unit__parameterized2__145 |          0 |          0 |       0 |    0 |    32 |      0 |      0 |    0 |          0 |
|   g_has_mem.glen_mem[8].blk_i                                                   |                        uop_block_wrap__parameterized6 |        330 |        330 |       0 |    0 |   560 |      0 |      0 |    0 |          0 |
|     (g_has_mem.glen_mem[8].blk_i)                                               |                        uop_block_wrap__parameterized6 |          2 |          2 |       0 |    0 |    76 |      0 |      0 |    0 |          0 |
|     core                                                                        |                             uop_block__parameterized6 |        328 |        328 |       0 |    0 |   484 |      0 |      0 |    0 |          0 |
|       (core)                                                                    |                             uop_block__parameterized6 |          8 |          8 |       0 |    0 |     4 |      0 |      0 |    0 |          0 |
|       g[0].g_normal.alu_i                                                       |               microop_unit__parameterized0__xdcDup__3 |         64 |         64 |       0 |    0 |   128 |      0 |      0 |    0 |          0 |
|         (g[0].g_normal.alu_i)                                                   |               microop_unit__parameterized0__xdcDup__3 |          0 |          0 |       0 |    0 |    64 |      0 |      0 |    0 |          0 |
|         g_iadd.use_ip.u_addsub                                                  |                                integer_addsub_HD24293 |         64 |         64 |       0 |    0 |    64 |      0 |      0 |    0 |          0 |
|           (g_iadd.use_ip.u_addsub)                                              |                                integer_addsub_HD24293 |          0 |          0 |       0 |    0 |     0 |      0 |      0 |    0 |          0 |
|           U0                                                                    |               integer_addsubc_addsub_v12_0_14_HD24294 |         64 |         64 |       0 |    0 |    64 |      0 |      0 |    0 |          0 |
|             (U0)                                                                |               integer_addsubc_addsub_v12_0_14_HD24294 |          0 |          0 |       0 |    0 |     0 |      0 |      0 |    0 |          0 |
|             xst_addsub                                                          |           integer_addsubc_addsub_v12_0_14_viv_HD24295 |         64 |         64 |       0 |    0 |    64 |      0 |      0 |    0 |          0 |
|               (xst_addsub)                                                      |           integer_addsubc_addsub_v12_0_14_viv_HD24295 |          0 |          0 |       0 |    0 |     0 |      0 |      0 |    0 |          0 |
|               i_baseblox.i_baseblox_addsub                                      |        integer_addsubc_addsub_v12_0_14_legacy_HD24296 |         64 |         64 |       0 |    0 |    64 |      0 |      0 |    0 |          0 |
|                 no_pipelining.the_addsub                                        | integer_addsubc_addsub_v12_0_14_fabric_legacy_HD24297 |         64 |         64 |       0 |    0 |    64 |      0 |      0 |    0 |          0 |
|                   i_lut6.i_lut6_addsub                                          |   integer_addsubc_addsub_v12_0_14_lut6_legacy_HD24298 |         64 |         64 |       0 |    0 |    64 |      0 |      0 |    0 |          0 |
|                     (i_lut6.i_lut6_addsub)                                      |   integer_addsubc_addsub_v12_0_14_lut6_legacy_HD24298 |         64 |         64 |       0 |    0 |     0 |      0 |      0 |    0 |          0 |
|                     i_q.i_simple.qreg                                           |            integer_addsubc_reg_fd_v12_0_6_viv_HD24299 |          0 |          0 |       0 |    0 |    64 |      0 |      0 |    0 |          0 |
|       g[10].g_normal.alu_i                                                      |                       microop_unit__parameterized8__8 |         32 |         32 |       0 |    0 |    32 |      0 |      0 |    0 |          0 |
|       g[11].g_normal.alu_i                                                      |                      microop_unit__parameterized9__11 |         32 |         32 |       0 |    0 |    32 |      0 |      0 |    0 |          0 |
|       g[12].g_normal.alu_i                                                      |                       microop_unit__parameterized8__9 |         32 |         32 |       0 |    0 |    32 |      0 |      0 |    0 |          0 |
|       g[13].g_normal.alu_i                                                      |                      microop_unit__parameterized9__15 |         32 |         32 |       0 |    0 |    32 |      0 |      0 |    0 |          0 |
|       g[14].g_normal.alu_i                                                      |                      microop_unit__parameterized2__79 |          0 |          0 |       0 |    0 |    32 |      0 |      0 |    0 |          0 |
|       g[15].g_normal.alu_i                                                      |                      microop_unit__parameterized7__17 |         32 |         32 |       0 |    0 |    32 |      0 |      0 |    0 |          0 |
|       g[1].g_normal.alu_i                                                       |                      microop_unit__parameterized3__11 |         64 |         64 |       0 |    0 |    64 |      0 |      0 |    0 |          0 |
|       g[2].g_normal.alu_i                                                       |                      microop_unit__parameterized2__75 |          0 |          0 |       0 |    0 |    32 |      0 |      0 |    0 |          0 |
|       g[3].g_normal.alu_i                                                       |                      microop_unit__parameterized4__31 |          0 |          0 |       0 |    0 |     8 |      0 |      0 |    0 |          0 |
|       g[4].g_normal.alu_i                                                       |                      microop_unit__parameterized4__32 |          0 |          0 |       0 |    0 |     8 |      0 |      0 |    0 |          0 |
|       g[6].g_normal.alu_i                                                       |                      microop_unit__parameterized4__33 |          0 |          0 |       0 |    0 |     8 |      0 |      0 |    0 |          0 |
|       g[7].g_normal.alu_i                                                       |                       microop_unit__parameterized8__7 |         32 |         32 |       0 |    0 |    32 |      0 |      0 |    0 |          0 |
|       g[8].g_normal.alu_i                                                       |                      microop_unit__parameterized4__34 |          0 |          0 |       0 |    0 |     8 |      0 |      0 |    0 |          0 |
|   g_has_mem.glen_mem[90].blk_i                                                  |                       uop_block_wrap__parameterized58 |         42 |         42 |       0 |    0 |   213 |      0 |      0 |    0 |          0 |
|     (g_has_mem.glen_mem[90].blk_i)                                              |                       uop_block_wrap__parameterized58 |          2 |          2 |       0 |    0 |    50 |      0 |      0 |    0 |          0 |
|     core                                                                        |                            uop_block__parameterized58 |         40 |         40 |       0 |    0 |   163 |      0 |      0 |    0 |          0 |
|       (core)                                                                    |                            uop_block__parameterized58 |          8 |          8 |       0 |    0 |     3 |      0 |      0 |    0 |          0 |
|       g[0].g_normal.alu_i                                                       |                     microop_unit__parameterized2__139 |          0 |          0 |       0 |    0 |    32 |      0 |      0 |    0 |          0 |
|       g[1].g_normal.alu_i                                                       |                     microop_unit__parameterized2__140 |          0 |          0 |       0 |    0 |    32 |      0 |      0 |    0 |          0 |
|       g[2].g_normal.alu_i                                                       |                     microop_unit__parameterized2__141 |          0 |          0 |       0 |    0 |    32 |      0 |      0 |    0 |          0 |
|       g[3].g_normal.alu_i                                                       |                     microop_unit__parameterized2__142 |          0 |          0 |       0 |    0 |    32 |      0 |      0 |    0 |          0 |
|       g[4].g_normal.alu_i                                                       |                          microop_unit__parameterized9 |         32 |         32 |       0 |    0 |    32 |      0 |      0 |    0 |          0 |
|   g_has_mem.glen_mem[91].blk_i                                                  |                     uop_block_wrap__parameterized1_59 |         66 |         66 |       0 |    0 |   151 |      0 |      0 |    0 |          0 |
|     (g_has_mem.glen_mem[91].blk_i)                                              |                     uop_block_wrap__parameterized1_59 |          0 |          0 |       0 |    0 |    78 |      0 |      0 |    0 |          0 |
|     core                                                                        |                             uop_block__parameterized1 |         66 |         66 |       0 |    0 |    73 |      0 |      0 |    0 |          0 |
|       (core)                                                                    |                             uop_block__parameterized1 |          2 |          2 |       0 |    0 |     1 |      0 |      0 |    0 |          0 |
|       g[0].g_normal.alu_i                                                       |                          microop_unit__parameterized3 |         64 |         64 |       0 |    0 |    64 |      0 |      0 |    0 |          0 |
|       g[1].g_normal.alu_i                                                       |                      microop_unit__parameterized4__49 |          0 |          0 |       0 |    0 |     8 |      0 |      0 |    0 |          0 |
|   g_has_mem.glen_mem[92].blk_i                                                  |                       uop_block_wrap__parameterized59 |        293 |         74 |       0 |  219 |   815 |      0 |      0 |    0 |         16 |
|     (g_has_mem.glen_mem[92].blk_i)                                              |                       uop_block_wrap__parameterized59 |          3 |          3 |       0 |    0 |    76 |      0 |      0 |    0 |          0 |
|     core                                                                        |                            uop_block__parameterized59 |        290 |         71 |       0 |  219 |   739 |      0 |      0 |    0 |         16 |
|       (core)                                                                    |                            uop_block__parameterized59 |          7 |          7 |       0 |    0 |     2 |      0 |      0 |    0 |          0 |
|       g[0].g_normal.alu_i                                                       |              microop_unit__parameterized27__xdcDup__3 |        219 |          0 |       0 |  219 |   545 |      0 |      0 |    0 |         16 |
|         (g[0].g_normal.alu_i)                                                   |              microop_unit__parameterized27__xdcDup__3 |          0 |          0 |       0 |    0 |    64 |      0 |      0 |    0 |          0 |
|         g_imul.mul64_ip.mul_i                                                   |                                   integer_mul_HD24382 |        219 |          0 |       0 |  219 |   481 |      0 |      0 |    0 |         16 |
|           (g_imul.mul64_ip.mul_i)                                               |                                   integer_mul_HD24382 |          0 |          0 |       0 |    0 |     0 |      0 |      0 |    0 |          0 |
|           U0                                                                    |                  integer_mulmult_gen_v12_0_16_HD24383 |        219 |          0 |       0 |  219 |   481 |      0 |      0 |    0 |         16 |
|             (U0)                                                                |                  integer_mulmult_gen_v12_0_16_HD24383 |          0 |          0 |       0 |    0 |     0 |      0 |      0 |    0 |          0 |
|             i_mult                                                              |              integer_mulmult_gen_v12_0_16_viv_HD24384 |        219 |          0 |       0 |  219 |   481 |      0 |      0 |    0 |         16 |
|               (i_mult)                                                          |              integer_mulmult_gen_v12_0_16_viv_HD24384 |          0 |          0 |       0 |    0 |     0 |      0 |      0 |    0 |          0 |
|               gDSP.gDSP_only.iDSP                                               |                                integer_muldsp_HD24385 |        219 |          0 |       0 |  219 |   481 |      0 |      0 |    0 |         16 |
|                 (gDSP.gDSP_only.iDSP)                                           |                                integer_muldsp_HD24385 |          0 |          0 |       0 |    0 |     0 |      0 |      0 |    0 |         16 |
|                 use_prim.appDSP48[0].bppDSP48[0].need_output_delay.output_delay |        integer_muldelay_line__parameterized16_HD24386 |          9 |          0 |       0 |    9 |    17 |      0 |      0 |    0 |          0 |
|                 use_prim.appDSP48[0].bppDSP48[2].need_output_delay.output_delay |        integer_muldelay_line__parameterized18_HD24387 |          9 |          0 |       0 |    9 |    17 |      0 |      0 |    0 |          0 |
|                 use_prim.appDSP48[1].bppDSP48[0].need_output_delay.output_delay |        integer_muldelay_line__parameterized19_HD24388 |          9 |          0 |       0 |    9 |    17 |      0 |      0 |    0 |          0 |
|                 use_prim.appDSP48[1].bppDSP48[3].need_output_delay.output_delay |        integer_muldelay_line__parameterized20_HD24389 |          9 |          0 |       0 |    9 |    17 |      0 |      0 |    0 |          0 |
|                 use_prim.appDSP48[3].bppDSP48[0].need_output_delay.output_delay |        integer_muldelay_line__parameterized21_HD24390 |          9 |          0 |       0 |    9 |    17 |      0 |      0 |    0 |          0 |
|                 use_prim.appDSP48[3].bppDSP48[2].need_output_delay.output_delay |        integer_muldelay_line__parameterized22_HD24391 |          0 |          0 |       0 |    0 |    17 |      0 |      0 |    0 |          0 |
|                 use_prim.iAdelx[0].iAdely[2].use_delay_line.Adelay              |         integer_muldelay_line__parameterized0_HD24392 |          9 |          0 |       0 |    9 |    18 |      0 |      0 |    0 |          0 |
|                 use_prim.iAdelx[1].iAdely[1].use_delay_line.Adelay              |         integer_muldelay_line__parameterized1_HD24393 |          9 |          0 |       0 |    9 |    18 |      0 |      0 |    0 |          0 |
|                 use_prim.iAdelx[1].iAdely[2].use_delay_line.Adelay              |         integer_muldelay_line__parameterized2_HD24394 |          9 |          0 |       0 |    9 |    18 |      0 |      0 |    0 |          0 |
|                 use_prim.iAdelx[1].iAdely[3].use_delay_line.Adelay              |         integer_muldelay_line__parameterized3_HD24395 |          9 |          0 |       0 |    9 |    18 |      0 |      0 |    0 |          0 |
|                 use_prim.iAdelx[2].iAdely[0].use_delay_line.Adelay              |         integer_muldelay_line__parameterized4_HD24396 |          0 |          0 |       0 |    0 |    17 |      0 |      0 |    0 |          0 |
|                 use_prim.iAdelx[2].iAdely[1].use_delay_line.Adelay              |         integer_muldelay_line__parameterized5_HD24397 |          9 |          0 |       0 |    9 |    18 |      0 |      0 |    0 |          0 |
|                 use_prim.iAdelx[2].iAdely[2].use_delay_line.Adelay              |         integer_muldelay_line__parameterized6_HD24398 |          9 |          0 |       0 |    9 |    18 |      0 |      0 |    0 |          0 |
|                 use_prim.iAdelx[2].iAdely[3].use_delay_line.Adelay              |         integer_muldelay_line__parameterized7_HD24399 |          9 |          0 |       0 |    9 |    18 |      0 |      0 |    0 |          0 |
|                 use_prim.iAdelx[3].iAdely[0].use_delay_line.Adelay              |         integer_muldelay_line__parameterized8_HD24400 |          7 |          0 |       0 |    7 |    13 |      0 |      0 |    0 |          0 |
|                 use_prim.iAdelx[3].iAdely[2].use_delay_line.Adelay              |         integer_muldelay_line__parameterized9_HD24401 |          7 |          0 |       0 |    7 |    13 |      0 |      0 |    0 |          0 |
|                 use_prim.iBdelx[0].iBdely[2].need_delay_line.Bdelay             |       integer_muldelay_line__parameterized0_0_HD24402 |          9 |          0 |       0 |    9 |    18 |      0 |      0 |    0 |          0 |
|                 use_prim.iBdelx[0].iBdely[3].need_delay_line.Bdelay             |        integer_muldelay_line__parameterized10_HD24403 |          9 |          0 |       0 |    9 |    18 |      0 |      0 |    0 |          0 |
|                 use_prim.iBdelx[1].iBdely[0].need_delay_line.Bdelay             |       integer_muldelay_line__parameterized4_1_HD24404 |          0 |          0 |       0 |    0 |    17 |      0 |      0 |    0 |          0 |
|                 use_prim.iBdelx[1].iBdely[1].need_delay_line.Bdelay             |       integer_muldelay_line__parameterized1_2_HD24405 |          9 |          0 |       0 |    9 |    18 |      0 |      0 |    0 |          0 |
|                 use_prim.iBdelx[1].iBdely[2].need_delay_line.Bdelay             |       integer_muldelay_line__parameterized2_3_HD24406 |          9 |          0 |       0 |    9 |    18 |      0 |      0 |    0 |          0 |
|                 use_prim.iBdelx[1].iBdely[3].need_delay_line.Bdelay             |       integer_muldelay_line__parameterized3_4_HD24407 |          9 |          0 |       0 |    9 |    18 |      0 |      0 |    0 |          0 |
|                 use_prim.iBdelx[2].iBdely[1].need_delay_line.Bdelay             |       integer_muldelay_line__parameterized5_5_HD24408 |          9 |          0 |       0 |    9 |    18 |      0 |      0 |    0 |          0 |
|                 use_prim.iBdelx[2].iBdely[2].need_delay_line.Bdelay             |       integer_muldelay_line__parameterized6_6_HD24409 |          9 |          0 |       0 |    9 |    18 |      0 |      0 |    0 |          0 |
|                 use_prim.iBdelx[3].iBdely[0].need_delay_line.Bdelay             |        integer_muldelay_line__parameterized11_HD24410 |          9 |          0 |       0 |    9 |    18 |      0 |      0 |    0 |          0 |
|                 use_prim.iBdelx[3].iBdely[1].need_delay_line.Bdelay             |        integer_muldelay_line__parameterized12_HD24411 |          9 |          0 |       0 |    9 |    18 |      0 |      0 |    0 |          0 |
|                 use_prim.iBdelx[3].iBdely[2].need_delay_line.Bdelay             |        integer_muldelay_line__parameterized13_HD24412 |          9 |          0 |       0 |    9 |    18 |      0 |      0 |    0 |          0 |
|                 use_prim.iBdelx[3].iBdely[3].need_delay_line.Bdelay             |        integer_muldelay_line__parameterized14_HD24413 |          7 |          0 |       0 |    7 |    13 |      0 |      0 |    0 |          0 |
|       g[1].g_normal.alu_i                                                       |              microop_unit__parameterized0__xdcDup__10 |         64 |         64 |       0 |    0 |   128 |      0 |      0 |    0 |          0 |
|         (g[1].g_normal.alu_i)                                                   |              microop_unit__parameterized0__xdcDup__10 |          0 |          0 |       0 |    0 |    64 |      0 |      0 |    0 |          0 |
|         g_iadd.use_ip.u_addsub                                                  |                                integer_addsub_HD24300 |         64 |         64 |       0 |    0 |    64 |      0 |      0 |    0 |          0 |
|           (g_iadd.use_ip.u_addsub)                                              |                                integer_addsub_HD24300 |          0 |          0 |       0 |    0 |     0 |      0 |      0 |    0 |          0 |
|           U0                                                                    |               integer_addsubc_addsub_v12_0_14_HD24301 |         64 |         64 |       0 |    0 |    64 |      0 |      0 |    0 |          0 |
|             (U0)                                                                |               integer_addsubc_addsub_v12_0_14_HD24301 |          0 |          0 |       0 |    0 |     0 |      0 |      0 |    0 |          0 |
|             xst_addsub                                                          |           integer_addsubc_addsub_v12_0_14_viv_HD24302 |         64 |         64 |       0 |    0 |    64 |      0 |      0 |    0 |          0 |
|               (xst_addsub)                                                      |           integer_addsubc_addsub_v12_0_14_viv_HD24302 |          0 |          0 |       0 |    0 |     0 |      0 |      0 |    0 |          0 |
|               i_baseblox.i_baseblox_addsub                                      |        integer_addsubc_addsub_v12_0_14_legacy_HD24303 |         64 |         64 |       0 |    0 |    64 |      0 |      0 |    0 |          0 |
|                 no_pipelining.the_addsub                                        | integer_addsubc_addsub_v12_0_14_fabric_legacy_HD24304 |         64 |         64 |       0 |    0 |    64 |      0 |      0 |    0 |          0 |
|                   i_lut6.i_lut6_addsub                                          |   integer_addsubc_addsub_v12_0_14_lut6_legacy_HD24305 |         64 |         64 |       0 |    0 |    64 |      0 |      0 |    0 |          0 |
|                     (i_lut6.i_lut6_addsub)                                      |   integer_addsubc_addsub_v12_0_14_lut6_legacy_HD24305 |         64 |         64 |       0 |    0 |     0 |      0 |      0 |    0 |          0 |
|                     i_q.i_simple.qreg                                           |            integer_addsubc_reg_fd_v12_0_6_viv_HD24306 |          0 |          0 |       0 |    0 |    64 |      0 |      0 |    0 |          0 |
|       g[2].g_normal.alu_i                                                       |                     microop_unit__parameterized2__137 |          0 |          0 |       0 |    0 |    32 |      0 |      0 |    0 |          0 |
|       g[3].g_normal.alu_i                                                       |                     microop_unit__parameterized2__138 |          0 |          0 |       0 |    0 |    32 |      0 |      0 |    0 |          0 |
|   g_has_mem.glen_mem[93].blk_i                                                  |                       uop_block_wrap__parameterized60 |         76 |         76 |       0 |    0 |   312 |      0 |      0 |    0 |          0 |
|     (g_has_mem.glen_mem[93].blk_i)                                              |                       uop_block_wrap__parameterized60 |          3 |          3 |       0 |    0 |    77 |      0 |      0 |    0 |          0 |
|     core                                                                        |                            uop_block__parameterized60 |         73 |         73 |       0 |    0 |   235 |      0 |      0 |    0 |          0 |
|       (core)                                                                    |                            uop_block__parameterized60 |          9 |          9 |       0 |    0 |     3 |      0 |      0 |    0 |          0 |
|       g[0].g_normal.alu_i                                                       |                     microop_unit__parameterized10__35 |          0 |          0 |       0 |    0 |    64 |      0 |      0 |    0 |          0 |
|       g[1].g_normal.alu_i                                                       |                                       microop_unit__6 |         64 |         64 |       0 |    0 |    64 |      0 |      0 |    0 |          0 |
|       g[2].g_normal.alu_i                                                       |                      microop_unit__parameterized4__42 |          0 |          0 |       0 |    0 |     8 |      0 |      0 |    0 |          0 |
|       g[3].g_normal.alu_i                                                       |                     microop_unit__parameterized10__36 |          0 |          0 |       0 |    0 |    64 |      0 |      0 |    0 |          0 |
|       g[4].g_normal.alu_i                                                       |                     microop_unit__parameterized2__100 |          0 |          0 |       0 |    0 |    32 |      0 |      0 |    0 |          0 |
|   g_has_mem.glen_mem[94].blk_i                                                  |                       uop_block_wrap__parameterized61 |          4 |          4 |       0 |    0 |   138 |      0 |      0 |    0 |          0 |
|     (g_has_mem.glen_mem[94].blk_i)                                              |                       uop_block_wrap__parameterized61 |          1 |          1 |       0 |    0 |    73 |      0 |      0 |    0 |          0 |
|     core                                                                        |                            uop_block__parameterized61 |          3 |          3 |       0 |    0 |    65 |      0 |      0 |    0 |          0 |
|       (core)                                                                    |                            uop_block__parameterized61 |          3 |          3 |       0 |    0 |     1 |      0 |      0 |    0 |          0 |
|       g[0].g_normal.alu_i                                                       |                     microop_unit__parameterized10__48 |          0 |          0 |       0 |    0 |    64 |      0 |      0 |    0 |          0 |
|   g_has_mem.glen_mem[95].blk_i                                                  |                    uop_block_wrap__parameterized12_60 |         73 |         73 |       0 |    0 |   207 |      0 |      0 |    0 |          0 |
|     (g_has_mem.glen_mem[95].blk_i)                                              |                    uop_block_wrap__parameterized12_60 |          6 |          6 |       0 |    0 |    78 |      0 |      0 |    0 |          0 |
|     core                                                                        |                            uop_block__parameterized12 |         67 |         67 |       0 |    0 |   129 |      0 |      0 |    0 |          0 |
|       (core)                                                                    |                            uop_block__parameterized12 |          3 |          3 |       0 |    0 |     1 |      0 |      0 |    0 |          0 |
|       g[0].g_normal.alu_i                                                       |                      microop_unit__parameterized3__23 |         64 |         64 |       0 |    0 |    64 |      0 |      0 |    0 |          0 |
|       g[1].g_normal.alu_i                                                       |                     microop_unit__parameterized10__47 |          0 |          0 |       0 |    0 |    64 |      0 |      0 |    0 |          0 |
|   g_has_mem.glen_mem[96].blk_i                                                  |                       uop_block_wrap__parameterized62 |        204 |        204 |       0 |    0 |   374 |      0 |      0 |    0 |          0 |
|     (g_has_mem.glen_mem[96].blk_i)                                              |                       uop_block_wrap__parameterized62 |          1 |          1 |       0 |    0 |    50 |      0 |      0 |    0 |          0 |
|     core                                                                        |                            uop_block__parameterized62 |        203 |        203 |       0 |    0 |   324 |      0 |      0 |    0 |          0 |
|       (core)                                                                    |                            uop_block__parameterized62 |         10 |         10 |       0 |    0 |     4 |      0 |      0 |    0 |          0 |
|       g[0].g_normal.alu_i                                                       |                     microop_unit__parameterized2__127 |          0 |          0 |       0 |    0 |    32 |      0 |      0 |    0 |          0 |
|       g[1].g_normal.alu_i                                                       |                     microop_unit__parameterized2__128 |          0 |          0 |       0 |    0 |    32 |      0 |      0 |    0 |          0 |
|       g[2].g_normal.alu_i                                                       |                     microop_unit__parameterized23__15 |         32 |         32 |       0 |    0 |    32 |      0 |      0 |    0 |          0 |
|       g[3].g_normal.alu_i                                                       |                     microop_unit__parameterized23__16 |         32 |         32 |       0 |    0 |    32 |      0 |      0 |    0 |          0 |
|       g[4].g_normal.alu_i                                                       |                      microop_unit__parameterized25__6 |         32 |         32 |       0 |    0 |    32 |      0 |      0 |    0 |          0 |
|       g[5].g_normal.alu_i                                                       |                     microop_unit__parameterized2__129 |          0 |          0 |       0 |    0 |    32 |      0 |      0 |    0 |          0 |
|       g[6].g_normal.alu_i                                                       |                         microop_unit__parameterized34 |         33 |         33 |       0 |    0 |    32 |      0 |      0 |    0 |          0 |
|       g[7].g_normal.alu_i                                                       |                      microop_unit__parameterized9__22 |         32 |         32 |       0 |    0 |    32 |      0 |      0 |    0 |          0 |
|       g[8].g_normal.alu_i                                                       |                      microop_unit__parameterized7__35 |         32 |         32 |       0 |    0 |    32 |      0 |      0 |    0 |          0 |
|       g[9].g_normal.alu_i                                                       |                     microop_unit__parameterized2__130 |          0 |          0 |       0 |    0 |    32 |      0 |      0 |    0 |          0 |
|   g_has_mem.glen_mem[97].blk_i                                                  |                       uop_block_wrap__parameterized63 |          5 |          5 |       0 |    0 |   113 |      0 |      0 |    0 |          0 |
|     (g_has_mem.glen_mem[97].blk_i)                                              |                       uop_block_wrap__parameterized63 |          2 |          2 |       0 |    0 |    48 |      0 |      0 |    0 |          0 |
|     core                                                                        |                            uop_block__parameterized63 |          3 |          3 |       0 |    0 |    65 |      0 |      0 |    0 |          0 |
|       (core)                                                                    |                            uop_block__parameterized63 |          3 |          3 |       0 |    0 |     1 |      0 |      0 |    0 |          0 |
|       g[0].g_normal.alu_i                                                       |                     microop_unit__parameterized2__131 |          0 |          0 |       0 |    0 |    32 |      0 |      0 |    0 |          0 |
|       g[1].g_normal.alu_i                                                       |                     microop_unit__parameterized2__132 |          0 |          0 |       0 |    0 |    32 |      0 |      0 |    0 |          0 |
|   g_has_mem.glen_mem[98].blk_i                                                  |                       uop_block_wrap__parameterized64 |        227 |          8 |       0 |  219 |   755 |      0 |      0 |    0 |         16 |
|     (g_has_mem.glen_mem[98].blk_i)                                              |                       uop_block_wrap__parameterized64 |          2 |          2 |       0 |    0 |    80 |      0 |      0 |    0 |          0 |
|     core                                                                        |                            uop_block__parameterized64 |        225 |          6 |       0 |  219 |   675 |      0 |      0 |    0 |         16 |
|       (core)                                                                    |                            uop_block__parameterized64 |          6 |          6 |       0 |    0 |     2 |      0 |      0 |    0 |          0 |
|       g[0].g_normal.alu_i                                                       |                     microop_unit__parameterized10__43 |          0 |          0 |       0 |    0 |    64 |      0 |      0 |    0 |          0 |
|       g[1].g_normal.alu_i                                                       |              microop_unit__parameterized27__xdcDup__4 |        219 |          0 |       0 |  219 |   545 |      0 |      0 |    0 |         16 |
|         (g[1].g_normal.alu_i)                                                   |              microop_unit__parameterized27__xdcDup__4 |          0 |          0 |       0 |    0 |    64 |      0 |      0 |    0 |          0 |
|         g_imul.mul64_ip.mul_i                                                   |                                   integer_mul_HD24414 |        219 |          0 |       0 |  219 |   481 |      0 |      0 |    0 |         16 |
|           (g_imul.mul64_ip.mul_i)                                               |                                   integer_mul_HD24414 |          0 |          0 |       0 |    0 |     0 |      0 |      0 |    0 |          0 |
|           U0                                                                    |                  integer_mulmult_gen_v12_0_16_HD24415 |        219 |          0 |       0 |  219 |   481 |      0 |      0 |    0 |         16 |
|             (U0)                                                                |                  integer_mulmult_gen_v12_0_16_HD24415 |          0 |          0 |       0 |    0 |     0 |      0 |      0 |    0 |          0 |
|             i_mult                                                              |              integer_mulmult_gen_v12_0_16_viv_HD24416 |        219 |          0 |       0 |  219 |   481 |      0 |      0 |    0 |         16 |
|               (i_mult)                                                          |              integer_mulmult_gen_v12_0_16_viv_HD24416 |          0 |          0 |       0 |    0 |     0 |      0 |      0 |    0 |          0 |
|               gDSP.gDSP_only.iDSP                                               |                                integer_muldsp_HD24417 |        219 |          0 |       0 |  219 |   481 |      0 |      0 |    0 |         16 |
|                 (gDSP.gDSP_only.iDSP)                                           |                                integer_muldsp_HD24417 |          0 |          0 |       0 |    0 |     0 |      0 |      0 |    0 |         16 |
|                 use_prim.appDSP48[0].bppDSP48[0].need_output_delay.output_delay |        integer_muldelay_line__parameterized16_HD24418 |          9 |          0 |       0 |    9 |    17 |      0 |      0 |    0 |          0 |
|                 use_prim.appDSP48[0].bppDSP48[2].need_output_delay.output_delay |        integer_muldelay_line__parameterized18_HD24419 |          9 |          0 |       0 |    9 |    17 |      0 |      0 |    0 |          0 |
|                 use_prim.appDSP48[1].bppDSP48[0].need_output_delay.output_delay |        integer_muldelay_line__parameterized19_HD24420 |          9 |          0 |       0 |    9 |    17 |      0 |      0 |    0 |          0 |
|                 use_prim.appDSP48[1].bppDSP48[3].need_output_delay.output_delay |        integer_muldelay_line__parameterized20_HD24421 |          9 |          0 |       0 |    9 |    17 |      0 |      0 |    0 |          0 |
|                 use_prim.appDSP48[3].bppDSP48[0].need_output_delay.output_delay |        integer_muldelay_line__parameterized21_HD24422 |          9 |          0 |       0 |    9 |    17 |      0 |      0 |    0 |          0 |
|                 use_prim.appDSP48[3].bppDSP48[2].need_output_delay.output_delay |        integer_muldelay_line__parameterized22_HD24423 |          0 |          0 |       0 |    0 |    17 |      0 |      0 |    0 |          0 |
|                 use_prim.iAdelx[0].iAdely[2].use_delay_line.Adelay              |         integer_muldelay_line__parameterized0_HD24424 |          9 |          0 |       0 |    9 |    18 |      0 |      0 |    0 |          0 |
|                 use_prim.iAdelx[1].iAdely[1].use_delay_line.Adelay              |         integer_muldelay_line__parameterized1_HD24425 |          9 |          0 |       0 |    9 |    18 |      0 |      0 |    0 |          0 |
|                 use_prim.iAdelx[1].iAdely[2].use_delay_line.Adelay              |         integer_muldelay_line__parameterized2_HD24426 |          9 |          0 |       0 |    9 |    18 |      0 |      0 |    0 |          0 |
|                 use_prim.iAdelx[1].iAdely[3].use_delay_line.Adelay              |         integer_muldelay_line__parameterized3_HD24427 |          9 |          0 |       0 |    9 |    18 |      0 |      0 |    0 |          0 |
|                 use_prim.iAdelx[2].iAdely[0].use_delay_line.Adelay              |         integer_muldelay_line__parameterized4_HD24428 |          0 |          0 |       0 |    0 |    17 |      0 |      0 |    0 |          0 |
|                 use_prim.iAdelx[2].iAdely[1].use_delay_line.Adelay              |         integer_muldelay_line__parameterized5_HD24429 |          9 |          0 |       0 |    9 |    18 |      0 |      0 |    0 |          0 |
|                 use_prim.iAdelx[2].iAdely[2].use_delay_line.Adelay              |         integer_muldelay_line__parameterized6_HD24430 |          9 |          0 |       0 |    9 |    18 |      0 |      0 |    0 |          0 |
|                 use_prim.iAdelx[2].iAdely[3].use_delay_line.Adelay              |         integer_muldelay_line__parameterized7_HD24431 |          9 |          0 |       0 |    9 |    18 |      0 |      0 |    0 |          0 |
|                 use_prim.iAdelx[3].iAdely[0].use_delay_line.Adelay              |         integer_muldelay_line__parameterized8_HD24432 |          7 |          0 |       0 |    7 |    13 |      0 |      0 |    0 |          0 |
|                 use_prim.iAdelx[3].iAdely[2].use_delay_line.Adelay              |         integer_muldelay_line__parameterized9_HD24433 |          7 |          0 |       0 |    7 |    13 |      0 |      0 |    0 |          0 |
|                 use_prim.iBdelx[0].iBdely[2].need_delay_line.Bdelay             |       integer_muldelay_line__parameterized0_0_HD24434 |          9 |          0 |       0 |    9 |    18 |      0 |      0 |    0 |          0 |
|                 use_prim.iBdelx[0].iBdely[3].need_delay_line.Bdelay             |        integer_muldelay_line__parameterized10_HD24435 |          9 |          0 |       0 |    9 |    18 |      0 |      0 |    0 |          0 |
|                 use_prim.iBdelx[1].iBdely[0].need_delay_line.Bdelay             |       integer_muldelay_line__parameterized4_1_HD24436 |          0 |          0 |       0 |    0 |    17 |      0 |      0 |    0 |          0 |
|                 use_prim.iBdelx[1].iBdely[1].need_delay_line.Bdelay             |       integer_muldelay_line__parameterized1_2_HD24437 |          9 |          0 |       0 |    9 |    18 |      0 |      0 |    0 |          0 |
|                 use_prim.iBdelx[1].iBdely[2].need_delay_line.Bdelay             |       integer_muldelay_line__parameterized2_3_HD24438 |          9 |          0 |       0 |    9 |    18 |      0 |      0 |    0 |          0 |
|                 use_prim.iBdelx[1].iBdely[3].need_delay_line.Bdelay             |       integer_muldelay_line__parameterized3_4_HD24439 |          9 |          0 |       0 |    9 |    18 |      0 |      0 |    0 |          0 |
|                 use_prim.iBdelx[2].iBdely[1].need_delay_line.Bdelay             |       integer_muldelay_line__parameterized5_5_HD24440 |          9 |          0 |       0 |    9 |    18 |      0 |      0 |    0 |          0 |
|                 use_prim.iBdelx[2].iBdely[2].need_delay_line.Bdelay             |       integer_muldelay_line__parameterized6_6_HD24441 |          9 |          0 |       0 |    9 |    18 |      0 |      0 |    0 |          0 |
|                 use_prim.iBdelx[3].iBdely[0].need_delay_line.Bdelay             |        integer_muldelay_line__parameterized11_HD24442 |          9 |          0 |       0 |    9 |    18 |      0 |      0 |    0 |          0 |
|                 use_prim.iBdelx[3].iBdely[1].need_delay_line.Bdelay             |        integer_muldelay_line__parameterized12_HD24443 |          9 |          0 |       0 |    9 |    18 |      0 |      0 |    0 |          0 |
|                 use_prim.iBdelx[3].iBdely[2].need_delay_line.Bdelay             |        integer_muldelay_line__parameterized13_HD24444 |          9 |          0 |       0 |    9 |    18 |      0 |      0 |    0 |          0 |
|                 use_prim.iBdelx[3].iBdely[3].need_delay_line.Bdelay             |        integer_muldelay_line__parameterized14_HD24445 |          7 |          0 |       0 |    7 |    13 |      0 |      0 |    0 |          0 |
|       g[2].g_normal.alu_i                                                       |                     microop_unit__parameterized10__44 |          0 |          0 |       0 |    0 |    64 |      0 |      0 |    0 |          0 |
|   g_has_mem.glen_mem[99].blk_i                                                  |                       uop_block_wrap__parameterized65 |         32 |         32 |       0 |    0 |   101 |      0 |      0 |    0 |          0 |
|     (g_has_mem.glen_mem[99].blk_i)                                              |                       uop_block_wrap__parameterized65 |          0 |          0 |       0 |    0 |    37 |      0 |      0 |    0 |          0 |
|     core                                                                        |                            uop_block__parameterized65 |         32 |         32 |       0 |    0 |    64 |      0 |      0 |    0 |          0 |
|       (core)                                                                    |                            uop_block__parameterized65 |          0 |          0 |       0 |    0 |     0 |      0 |      0 |    0 |          0 |
|       g[0].g_normal.alu_i                                                       |                      microop_unit__parameterized8__14 |         32 |         32 |       0 |    0 |    32 |      0 |      0 |    0 |          0 |
|       g[1].g_normal.alu_i                                                       |                     microop_unit__parameterized2__133 |          0 |          0 |       0 |    0 |    32 |      0 |      0 |    0 |          0 |
|   g_has_mem.glen_mem[9].blk_i                                                   |             uop_block_wrap__parameterized7__xdcDup__1 |        169 |        169 |       0 |    0 |   461 |      0 |      0 |    0 |          0 |
|     (g_has_mem.glen_mem[9].blk_i)                                               |             uop_block_wrap__parameterized7__xdcDup__1 |          1 |          1 |       0 |    0 |    74 |      0 |      0 |    0 |          0 |
|     core                                                                        |                  uop_block__parameterized7__xdcDup__1 |        168 |        168 |       0 |    0 |   387 |      0 |      0 |    0 |          0 |
|       (core)                                                                    |                  uop_block__parameterized7__xdcDup__1 |          8 |          8 |       0 |    0 |     3 |      0 |      0 |    0 |          0 |
|       g[0].g_normal.alu_i                                                       |                      microop_unit__parameterized3__10 |         64 |         64 |       0 |    0 |    64 |      0 |      0 |    0 |          0 |
|       g[1].g_normal.alu_i                                                       |                     microop_unit__parameterized10__23 |          0 |          0 |       0 |    0 |    64 |      0 |      0 |    0 |          0 |
|       g[2].g_normal.alu_i                                                       |              microop_unit__parameterized11__xdcDup__1 |         64 |         64 |       0 |    0 |   128 |      0 |      0 |    0 |          0 |
|         (g[2].g_normal.alu_i)                                                   |              microop_unit__parameterized11__xdcDup__1 |          0 |          0 |       0 |    0 |    64 |      0 |      0 |    0 |          0 |
|         g_iadd.use_ip.u_addsub                                                  |                                integer_addsub_HD24307 |         64 |         64 |       0 |    0 |    64 |      0 |      0 |    0 |          0 |
|           (g_iadd.use_ip.u_addsub)                                              |                                integer_addsub_HD24307 |          0 |          0 |       0 |    0 |     0 |      0 |      0 |    0 |          0 |
|           U0                                                                    |               integer_addsubc_addsub_v12_0_14_HD24308 |         64 |         64 |       0 |    0 |    64 |      0 |      0 |    0 |          0 |
|             (U0)                                                                |               integer_addsubc_addsub_v12_0_14_HD24308 |          0 |          0 |       0 |    0 |     0 |      0 |      0 |    0 |          0 |
|             xst_addsub                                                          |           integer_addsubc_addsub_v12_0_14_viv_HD24309 |         64 |         64 |       0 |    0 |    64 |      0 |      0 |    0 |          0 |
|               (xst_addsub)                                                      |           integer_addsubc_addsub_v12_0_14_viv_HD24309 |          0 |          0 |       0 |    0 |     0 |      0 |      0 |    0 |          0 |
|               i_baseblox.i_baseblox_addsub                                      |        integer_addsubc_addsub_v12_0_14_legacy_HD24310 |         64 |         64 |       0 |    0 |    64 |      0 |      0 |    0 |          0 |
|                 no_pipelining.the_addsub                                        | integer_addsubc_addsub_v12_0_14_fabric_legacy_HD24311 |         64 |         64 |       0 |    0 |    64 |      0 |      0 |    0 |          0 |
|                   i_lut6.i_lut6_addsub                                          |   integer_addsubc_addsub_v12_0_14_lut6_legacy_HD24312 |         64 |         64 |       0 |    0 |    64 |      0 |      0 |    0 |          0 |
|                     (i_lut6.i_lut6_addsub)                                      |   integer_addsubc_addsub_v12_0_14_lut6_legacy_HD24312 |         64 |         64 |       0 |    0 |     0 |      0 |      0 |    0 |          0 |
|                     i_q.i_simple.qreg                                           |            integer_addsubc_reg_fd_v12_0_6_viv_HD24313 |          0 |          0 |       0 |    0 |    64 |      0 |      0 |    0 |          0 |
|       g[3].g_normal.alu_i                                                       |                      microop_unit__parameterized12__2 |         32 |         32 |       0 |    0 |    64 |      0 |      0 |    0 |          0 |
|       g[4].g_normal.alu_i                                                       |                     microop_unit__parameterized10__24 |          0 |          0 |       0 |    0 |    64 |      0 |      0 |    0 |          0 |
|   g_has_mem.u_pool                                                              |                                              spm_pool |       4266 |       4266 |       0 |    0 |  1715 |      8 |      0 |    0 |          0 |
|     (g_has_mem.u_pool)                                                          |                                              spm_pool |       4074 |       4074 |       0 |    0 |  1651 |      0 |      0 |    0 |          0 |
|     g_banks.gb[0].u_bank64                                                      |                                           spm_bank__1 |          5 |          5 |       0 |    0 |     2 |      1 |      0 |    0 |          0 |
|       (g_banks.gb[0].u_bank64)                                                  |                                           spm_bank__1 |          1 |          1 |       0 |    0 |     2 |      0 |      0 |    0 |          0 |
|       u_mem                                                                     |                                 xpm_memory_sdpram_128 |          4 |          4 |       0 |    0 |     0 |      1 |      0 |    0 |          0 |
|         (u_mem)                                                                 |                                 xpm_memory_sdpram_128 |          4 |          4 |       0 |    0 |     0 |      0 |      0 |    0 |          0 |
|         xpm_memory_base_inst                                                    |                                    xpm_memory_base__1 |          0 |          0 |       0 |    0 |     0 |      1 |      0 |    0 |          0 |
|     g_banks.gb[1].u_bank64                                                      |                                           spm_bank__2 |          5 |          5 |       0 |    0 |     2 |      1 |      0 |    0 |          0 |
|       (g_banks.gb[1].u_bank64)                                                  |                                           spm_bank__2 |          1 |          1 |       0 |    0 |     2 |      0 |      0 |    0 |          0 |
|       u_mem                                                                     |                                 xpm_memory_sdpram_127 |          4 |          4 |       0 |    0 |     0 |      1 |      0 |    0 |          0 |
|         (u_mem)                                                                 |                                 xpm_memory_sdpram_127 |          4 |          4 |       0 |    0 |     0 |      0 |      0 |    0 |          0 |
|         xpm_memory_base_inst                                                    |                                    xpm_memory_base__2 |          0 |          0 |       0 |    0 |     0 |      1 |      0 |    0 |          0 |
|     g_banks.gb[2].u_bank64                                                      |                                           spm_bank__3 |          5 |          5 |       0 |    0 |     2 |      1 |      0 |    0 |          0 |
|       (g_banks.gb[2].u_bank64)                                                  |                                           spm_bank__3 |          1 |          1 |       0 |    0 |     2 |      0 |      0 |    0 |          0 |
|       u_mem                                                                     |                                 xpm_memory_sdpram_126 |          4 |          4 |       0 |    0 |     0 |      1 |      0 |    0 |          0 |
|         (u_mem)                                                                 |                                 xpm_memory_sdpram_126 |          4 |          4 |       0 |    0 |     0 |      0 |      0 |    0 |          0 |
|         xpm_memory_base_inst                                                    |                                    xpm_memory_base__3 |          0 |          0 |       0 |    0 |     0 |      1 |      0 |    0 |          0 |
|     g_banks.gb[3].u_bank64                                                      |                                           spm_bank__4 |          5 |          5 |       0 |    0 |     2 |      1 |      0 |    0 |          0 |
|       (g_banks.gb[3].u_bank64)                                                  |                                           spm_bank__4 |          1 |          1 |       0 |    0 |     2 |      0 |      0 |    0 |          0 |
|       u_mem                                                                     |                                 xpm_memory_sdpram_125 |          4 |          4 |       0 |    0 |     0 |      1 |      0 |    0 |          0 |
|         (u_mem)                                                                 |                                 xpm_memory_sdpram_125 |          4 |          4 |       0 |    0 |     0 |      0 |      0 |    0 |          0 |
|         xpm_memory_base_inst                                                    |                                    xpm_memory_base__4 |          0 |          0 |       0 |    0 |     0 |      1 |      0 |    0 |          0 |
|     g_banks.gb[4].u_bank64                                                      |                                           spm_bank__5 |          5 |          5 |       0 |    0 |     2 |      1 |      0 |    0 |          0 |
|       (g_banks.gb[4].u_bank64)                                                  |                                           spm_bank__5 |          1 |          1 |       0 |    0 |     2 |      0 |      0 |    0 |          0 |
|       u_mem                                                                     |                                 xpm_memory_sdpram_124 |          4 |          4 |       0 |    0 |     0 |      1 |      0 |    0 |          0 |
|         (u_mem)                                                                 |                                 xpm_memory_sdpram_124 |          4 |          4 |       0 |    0 |     0 |      0 |      0 |    0 |          0 |
|         xpm_memory_base_inst                                                    |                                    xpm_memory_base__5 |          0 |          0 |       0 |    0 |     0 |      1 |      0 |    0 |          0 |
|     g_banks.gb[5].u_bank64                                                      |                                           spm_bank__6 |          5 |          5 |       0 |    0 |     2 |      1 |      0 |    0 |          0 |
|       (g_banks.gb[5].u_bank64)                                                  |                                           spm_bank__6 |          1 |          1 |       0 |    0 |     2 |      0 |      0 |    0 |          0 |
|       u_mem                                                                     |                                 xpm_memory_sdpram_123 |          4 |          4 |       0 |    0 |     0 |      1 |      0 |    0 |          0 |
|         (u_mem)                                                                 |                                 xpm_memory_sdpram_123 |          4 |          4 |       0 |    0 |     0 |      0 |      0 |    0 |          0 |
|         xpm_memory_base_inst                                                    |                                    xpm_memory_base__6 |          0 |          0 |       0 |    0 |     0 |      1 |      0 |    0 |          0 |
|     g_banks.gb[6].u_bank64                                                      |                                           spm_bank__7 |          5 |          5 |       0 |    0 |     2 |      1 |      0 |    0 |          0 |
|       (g_banks.gb[6].u_bank64)                                                  |                                           spm_bank__7 |          1 |          1 |       0 |    0 |     2 |      0 |      0 |    0 |          0 |
|       u_mem                                                                     |                                 xpm_memory_sdpram_122 |          4 |          4 |       0 |    0 |     0 |      1 |      0 |    0 |          0 |
|         (u_mem)                                                                 |                                 xpm_memory_sdpram_122 |          4 |          4 |       0 |    0 |     0 |      0 |      0 |    0 |          0 |
|         xpm_memory_base_inst                                                    |                                    xpm_memory_base__7 |          0 |          0 |       0 |    0 |     0 |      1 |      0 |    0 |          0 |
|     g_banks.gb[7].u_bank64                                                      |                                              spm_bank |          5 |          5 |       0 |    0 |     2 |      1 |      0 |    0 |          0 |
|       (g_banks.gb[7].u_bank64)                                                  |                                              spm_bank |          1 |          1 |       0 |    0 |     2 |      0 |      0 |    0 |          0 |
|       u_mem                                                                     |                                     xpm_memory_sdpram |          4 |          4 |       0 |    0 |     0 |      1 |      0 |    0 |          0 |
|         (u_mem)                                                                 |                                     xpm_memory_sdpram |          4 |          4 |       0 |    0 |     0 |      0 |      0 |    0 |          0 |
|         xpm_memory_base_inst                                                    |                                       xpm_memory_base |          0 |          0 |       0 |    0 |     0 |      1 |      0 |    0 |          0 |
|     u_rrA                                                                       |                                         rr_arbiter__1 |         76 |         76 |       0 |    0 |    24 |      0 |      0 |    0 |          0 |
|     u_rrB                                                                       |                                            rr_arbiter |         76 |         76 |       0 |    0 |    24 |      0 |      0 |    0 |          0 |
+---------------------------------------------------------------------------------+-------------------------------------------------------+------------+------------+---------+------+-------+--------+--------+------+------------+


